0
SECTION
2
HEADER
9
$ACADVER
1
AC1006
0
ENDSEC
0
SECTION
2
TABLES
0
TABLE
2
LAYER
70
2
0
LAYER
70
0
62
1
6
CONTINUOUS
2
L0D0
0
LAYER
70
0
62
2
6
CONTINUOUS
2
L1D0
0
ENDTAB
0
ENDSEC
0
SECTION
2
BLOCKS
0
ENDSEC
0
SECTION
2
ENTITIES
0
POLYLINE
8
L0D0
70
1
40
0
41
0
66
1
0
VERTEX
8
L0D0
10
-2500
20
-2500
0
VERTEX
8
L0D0
10
-2500
20
-2250
0
VERTEX
8
L0D0
10
-2250
20
-2250
0
VERTEX
8
L0D0
10
2250
20
-2250
0
VERTEX
8
L0D0
10
2250
20
2250
0
VERTEX
8
L0D0
10
-2250
20
2250
0
VERTEX
8
L0D0
10
-2250
20
-2250
0
VERTEX
8
L0D0
10
-2500
20
-2250
0
VERTEX
8
L0D0
10
-2500
20
2500
0
VERTEX
8
L0D0
10
2500
20
2500
0
VERTEX
8
L0D0
10
2500
20
-2500
0
SEQEND
0
POLYLINE
8
L0D0
70
1
40
0
41
0
66
1
0
VERTEX
8
L0D0
10
94
20
94
0
VERTEX
8
L0D0
10
94
20
99
0
VERTEX
8
L0D0
10
95
20
99
0
VERTEX
8
L0D0
10
99
20
99
0
VERTEX
8
L0D0
10
99
20
95
0
VERTEX
8
L0D0
10
101
20
95
0
VERTEX
8
L0D0
10
101
20
99
0
VERTEX
8
L0D0
10
105
20
99
0
VERTEX
8
L0D0
10
105
20
101
0
VERTEX
8
L0D0
10
101
20
101
0
VERTEX
8
L0D0
10
101
20
105
0
VERTEX
8
L0D0
10
99
20
105
0
VERTEX
8
L0D0
10
99
20
101
0
VERTEX
8
L0D0
10
95
20
101
0
VERTEX
8
L0D0
10
95
20
99
0
VERTEX
8
L0D0
10
94
20
99
0
VERTEX
8
L0D0
10
94
20
106
0
VERTEX
8
L0D0
10
106
20
106
0
VERTEX
8
L0D0
10
106
20
94
0
SEQEND
0
POLYLINE
8
L0D0
70
1
40
0
41
0
66
1
0
VERTEX
8
L0D0
10
-106
20
94
0
VERTEX
8
L0D0
10
-106
20
99
0
VERTEX
8
L0D0
10
-105
20
99
0
VERTEX
8
L0D0
10
-101
20
99
0
VERTEX
8
L0D0
10
-101
20
95
0
VERTEX
8
L0D0
10
-99
20
95
0
VERTEX
8
L0D0
10
-99
20
99
0
VERTEX
8
L0D0
10
-95
20
99
0
VERTEX
8
L0D0
10
-95
20
101
0
VERTEX
8
L0D0
10
-99
20
101
0
VERTEX
8
L0D0
10
-99
20
105
0
VERTEX
8
L0D0
10
-101
20
105
0
VERTEX
8
L0D0
10
-101
20
101
0
VERTEX
8
L0D0
10
-105
20
101
0
VERTEX
8
L0D0
10
-105
20
99
0
VERTEX
8
L0D0
10
-106
20
99
0
VERTEX
8
L0D0
10
-106
20
106
0
VERTEX
8
L0D0
10
-94
20
106
0
VERTEX
8
L0D0
10
-94
20
94
0
SEQEND
0
POLYLINE
8
L0D0
70
1
40
0
41
0
66
1
0
VERTEX
8
L0D0
10
-79.2
20
70.8
0
VERTEX
8
L0D0
10
-79.2
20
74.3
0
VERTEX
8
L0D0
10
-78.5
20
74.3
0
VERTEX
8
L0D0
10
-75.7
20
74.3
0
VERTEX
8
L0D0
10
-75.7
20
71.5
0
VERTEX
8
L0D0
10
-74.3
20
71.5
0
VERTEX
8
L0D0
10
-74.3
20
74.3
0
VERTEX
8
L0D0
10
-71.5
20
74.3
0
VERTEX
8
L0D0
10
-71.5
20
75.7
0
VERTEX
8
L0D0
10
-74.3
20
75.7
0
VERTEX
8
L0D0
10
-74.3
20
78.5
0
VERTEX
8
L0D0
10
-75.7
20
78.5
0
VERTEX
8
L0D0
10
-75.7
20
75.7
0
VERTEX
8
L0D0
10
-78.5
20
75.7
0
VERTEX
8
L0D0
10
-78.5
20
74.3
0
VERTEX
8
L0D0
10
-79.2
20
74.3
0
VERTEX
8
L0D0
10
-79.2
20
79.2
0
VERTEX
8
L0D0
10
-70.8
20
79.2
0
VERTEX
8
L0D0
10
-70.8
20
70.8
0
SEQEND
0
POLYLINE
8
L0D0
70
1
40
0
41
0
66
1
0
VERTEX
8
L0D0
10
70.8
20
70.8
0
VERTEX
8
L0D0
10
70.8
20
74.3
0
VERTEX
8
L0D0
10
71.5
20
74.3
0
VERTEX
8
L0D0
10
74.3
20
74.3
0
VERTEX
8
L0D0
10
74.3
20
71.5
0
VERTEX
8
L0D0
10
75.7
20
71.5
0
VERTEX
8
L0D0
10
75.7
20
74.3
0
VERTEX
8
L0D0
10
78.5
20
74.3
0
VERTEX
8
L0D0
10
78.5
20
75.7
0
VERTEX
8
L0D0
10
75.7
20
75.7
0
VERTEX
8
L0D0
10
75.7
20
78.5
0
VERTEX
8
L0D0
10
74.3
20
78.5
0
VERTEX
8
L0D0
10
74.3
20
75.7
0
VERTEX
8
L0D0
10
71.5
20
75.7
0
VERTEX
8
L0D0
10
71.5
20
74.3
0
VERTEX
8
L0D0
10
70.8
20
74.3
0
VERTEX
8
L0D0
10
70.8
20
79.2
0
VERTEX
8
L0D0
10
79.2
20
79.2
0
VERTEX
8
L0D0
10
79.2
20
70.8
0
SEQEND
0
POLYLINE
8
L0D0
70
1
40
0
41
0
66
1
0
VERTEX
8
L0D0
10
32
20
32
0
VERTEX
8
L0D0
10
32
20
34.5
0
VERTEX
8
L0D0
10
32.5
20
34.5
0
VERTEX
8
L0D0
10
34.5
20
34.5
0
VERTEX
8
L0D0
10
34.5
20
32.5
0
VERTEX
8
L0D0
10
35.5
20
32.5
0
VERTEX
8
L0D0
10
35.5
20
34.5
0
VERTEX
8
L0D0
10
37.5
20
34.5
0
VERTEX
8
L0D0
10
37.5
20
35.5
0
VERTEX
8
L0D0
10
35.5
20
35.5
0
VERTEX
8
L0D0
10
35.5
20
37.5
0
VERTEX
8
L0D0
10
34.5
20
37.5
0
VERTEX
8
L0D0
10
34.5
20
35.5
0
VERTEX
8
L0D0
10
32.5
20
35.5
0
VERTEX
8
L0D0
10
32.5
20
34.5
0
VERTEX
8
L0D0
10
32
20
34.5
0
VERTEX
8
L0D0
10
32
20
38
0
VERTEX
8
L0D0
10
38
20
38
0
VERTEX
8
L0D0
10
38
20
32
0
SEQEND
0
POLYLINE
8
L0D0
70
1
40
0
41
0
66
1
0
VERTEX
8
L0D0
10
-38
20
32
0
VERTEX
8
L0D0
10
-38
20
34.5
0
VERTEX
8
L0D0
10
-37.5
20
34.5
0
VERTEX
8
L0D0
10
-35.5
20
34.5
0
VERTEX
8
L0D0
10
-35.5
20
32.5
0
VERTEX
8
L0D0
10
-34.5
20
32.5
0
VERTEX
8
L0D0
10
-34.5
20
34.5
0
VERTEX
8
L0D0
10
-32.5
20
34.5
0
VERTEX
8
L0D0
10
-32.5
20
35.5
0
VERTEX
8
L0D0
10
-34.5
20
35.5
0
VERTEX
8
L0D0
10
-34.5
20
37.5
0
VERTEX
8
L0D0
10
-35.5
20
37.5
0
VERTEX
8
L0D0
10
-35.5
20
35.5
0
VERTEX
8
L0D0
10
-37.5
20
35.5
0
VERTEX
8
L0D0
10
-37.5
20
34.5
0
VERTEX
8
L0D0
10
-38
20
34.5
0
VERTEX
8
L0D0
10
-38
20
38
0
VERTEX
8
L0D0
10
-32
20
38
0
VERTEX
8
L0D0
10
-32
20
32
0
SEQEND
0
POLYLINE
8
L0D0
70
1
40
0
41
0
66
1
0
VERTEX
8
L0D0
10
1405
20
-1211.444
0
VERTEX
8
L0D0
10
1405
20
-1155.889
0
VERTEX
8
L0D0
10
1321.667
20
-1155.889
0
VERTEX
8
L0D0
10
1321.667
20
-1100.333
0
VERTEX
8
L0D0
10
1349.444
20
-1100.333
0
VERTEX
8
L0D0
10
1349.444
20
-1128.111
0
VERTEX
8
L0D0
10
1405
20
-1128.111
0
VERTEX
8
L0D0
10
1405
20
-1044.778
0
VERTEX
8
L0D0
10
1377.222
20
-1044.778
0
VERTEX
8
L0D0
10
1377.222
20
-1017
0
VERTEX
8
L0D0
10
1432.778
20
-1017
0
VERTEX
8
L0D0
10
1432.778
20
-1128.111
0
VERTEX
8
L0D0
10
1460.556
20
-1128.111
0
VERTEX
8
L0D0
10
1460.556
20
-1155.889
0
VERTEX
8
L0D0
10
1432.778
20
-1155.889
0
VERTEX
8
L0D0
10
1432.778
20
-1211.444
0
SEQEND
0
POLYLINE
8
L0D0
70
1
40
0
41
0
66
1
0
VERTEX
8
L0D0
10
655
20
-1211.444
0
VERTEX
8
L0D0
10
655
20
-1017
0
VERTEX
8
L0D0
10
766.111
20
-1017
0
VERTEX
8
L0D0
10
766.111
20
-1044.778
0
VERTEX
8
L0D0
10
682.778
20
-1044.778
0
VERTEX
8
L0D0
10
682.778
20
-1100.333
0
VERTEX
8
L0D0
10
766.111
20
-1100.333
0
VERTEX
8
L0D0
10
766.111
20
-1155.889
0
VERTEX
8
L0D0
10
738.333
20
-1155.889
0
VERTEX
8
L0D0
10
738.333
20
-1128.111
0
VERTEX
8
L0D0
10
682.778
20
-1128.111
0
VERTEX
8
L0D0
10
682.778
20
-1211.444
0
SEQEND
0
POLYLINE
8
L0D0
70
1
40
0
41
0
66
1
0
VERTEX
8
L0D0
10
1766.111
20
-1183.667
0
VERTEX
8
L0D0
10
1766.111
20
-1044.778
0
VERTEX
8
L0D0
10
1793.889
20
-1044.778
0
VERTEX
8
L0D0
10
1793.889
20
-1100.333
0
VERTEX
8
L0D0
10
1877.222
20
-1100.333
0
VERTEX
8
L0D0
10
1877.222
20
-1128.111
0
VERTEX
8
L0D0
10
1793.889
20
-1128.111
0
VERTEX
8
L0D0
10
1793.889
20
-1183.667
0
SEQEND
0
POLYLINE
8
L0D0
70
1
40
0
41
0
66
1
0
VERTEX
8
L0D0
10
1940
20
1940
0
VERTEX
8
L0D0
10
1940
20
1990
0
VERTEX
8
L0D0
10
1950
20
1990
0
VERTEX
8
L0D0
10
1990
20
1990
0
VERTEX
8
L0D0
10
1990
20
1950
0
VERTEX
8
L0D0
10
2010
20
1950
0
VERTEX
8
L0D0
10
2010
20
1990
0
VERTEX
8
L0D0
10
2050
20
1990
0
VERTEX
8
L0D0
10
2050
20
2010
0
VERTEX
8
L0D0
10
2010
20
2010
0
VERTEX
8
L0D0
10
2010
20
2050
0
VERTEX
8
L0D0
10
1990
20
2050
0
VERTEX
8
L0D0
10
1990
20
2010
0
VERTEX
8
L0D0
10
1950
20
2010
0
VERTEX
8
L0D0
10
1950
20
1990
0
VERTEX
8
L0D0
10
1940
20
1990
0
VERTEX
8
L0D0
10
1940
20
2060
0
VERTEX
8
L0D0
10
2060
20
2060
0
VERTEX
8
L0D0
10
2060
20
1940
0
SEQEND
0
POLYLINE
8
L0D0
70
1
40
0
41
0
66
1
0
VERTEX
8
L0D0
10
-2060
20
1940
0
VERTEX
8
L0D0
10
-2060
20
1990
0
VERTEX
8
L0D0
10
-2050
20
1990
0
VERTEX
8
L0D0
10
-2010
20
1990
0
VERTEX
8
L0D0
10
-2010
20
1950
0
VERTEX
8
L0D0
10
-1990
20
1950
0
VERTEX
8
L0D0
10
-1990
20
1990
0
VERTEX
8
L0D0
10
-1950
20
1990
0
VERTEX
8
L0D0
10
-1950
20
2010
0
VERTEX
8
L0D0
10
-1990
20
2010
0
VERTEX
8
L0D0
10
-1990
20
2050
0
VERTEX
8
L0D0
10
-2010
20
2050
0
VERTEX
8
L0D0
10
-2010
20
2010
0
VERTEX
8
L0D0
10
-2050
20
2010
0
VERTEX
8
L0D0
10
-2050
20
1990
0
VERTEX
8
L0D0
10
-2060
20
1990
0
VERTEX
8
L0D0
10
-2060
20
2060
0
VERTEX
8
L0D0
10
-1940
20
2060
0
VERTEX
8
L0D0
10
-1940
20
1940
0
SEQEND
0
POLYLINE
8
L0D0
70
1
40
0
41
0
66
1
0
VERTEX
8
L0D0
10
-12.5
20
-1674
0
VERTEX
8
L0D0
10
-12.5
20
-1209
0
VERTEX
8
L0D0
10
-10
20
-1209
0
VERTEX
8
L0D0
10
-10
20
-1206
0
VERTEX
8
L0D0
10
217.75
20
-1206
0
VERTEX
8
L0D0
10
217.75
20
-1204.5
0
VERTEX
8
L0D0
10
-10
20
-1204.5
0
VERTEX
8
L0D0
10
-10
20
-1200
0
VERTEX
8
L0D0
10
217.75
20
-1200
0
VERTEX
8
L0D0
10
217.75
20
-1198.5
0
VERTEX
8
L0D0
10
-10
20
-1198.5
0
VERTEX
8
L0D0
10
-10
20
-1194
0
VERTEX
8
L0D0
10
217.75
20
-1194
0
VERTEX
8
L0D0
10
217.75
20
-1192.5
0
VERTEX
8
L0D0
10
-10
20
-1192.5
0
VERTEX
8
L0D0
10
-10
20
-1188
0
VERTEX
8
L0D0
10
217.75
20
-1188
0
VERTEX
8
L0D0
10
217.75
20
-1186.5
0
VERTEX
8
L0D0
10
-10
20
-1186.5
0
VERTEX
8
L0D0
10
-10
20
-1182
0
VERTEX
8
L0D0
10
217.75
20
-1182
0
VERTEX
8
L0D0
10
217.75
20
-1180.5
0
VERTEX
8
L0D0
10
-10
20
-1180.5
0
VERTEX
8
L0D0
10
-10
20
-1176
0
VERTEX
8
L0D0
10
217.75
20
-1176
0
VERTEX
8
L0D0
10
217.75
20
-1174.5
0
VERTEX
8
L0D0
10
-10
20
-1174.5
0
VERTEX
8
L0D0
10
-10
20
-1170
0
VERTEX
8
L0D0
10
217.75
20
-1170
0
VERTEX
8
L0D0
10
217.75
20
-1168.5
0
VERTEX
8
L0D0
10
-10
20
-1168.5
0
VERTEX
8
L0D0
10
-10
20
-1164
0
VERTEX
8
L0D0
10
217.75
20
-1164
0
VERTEX
8
L0D0
10
217.75
20
-1162.5
0
VERTEX
8
L0D0
10
-10
20
-1162.5
0
VERTEX
8
L0D0
10
-10
20
-1158
0
VERTEX
8
L0D0
10
217.75
20
-1158
0
VERTEX
8
L0D0
10
217.75
20
-1156.5
0
VERTEX
8
L0D0
10
-10
20
-1156.5
0
VERTEX
8
L0D0
10
-10
20
-1152
0
VERTEX
8
L0D0
10
217.75
20
-1152
0
VERTEX
8
L0D0
10
217.75
20
-1150.5
0
VERTEX
8
L0D0
10
-10
20
-1150.5
0
VERTEX
8
L0D0
10
-10
20
-1146
0
VERTEX
8
L0D0
10
217.75
20
-1146
0
VERTEX
8
L0D0
10
217.75
20
-1144.5
0
VERTEX
8
L0D0
10
-10
20
-1144.5
0
VERTEX
8
L0D0
10
-10
20
-1140
0
VERTEX
8
L0D0
10
217.75
20
-1140
0
VERTEX
8
L0D0
10
217.75
20
-1138.5
0
VERTEX
8
L0D0
10
-10
20
-1138.5
0
VERTEX
8
L0D0
10
-10
20
-1134
0
VERTEX
8
L0D0
10
217.75
20
-1134
0
VERTEX
8
L0D0
10
217.75
20
-1132.5
0
VERTEX
8
L0D0
10
-10
20
-1132.5
0
VERTEX
8
L0D0
10
-10
20
-1128
0
VERTEX
8
L0D0
10
217.75
20
-1128
0
VERTEX
8
L0D0
10
217.75
20
-1126.5
0
VERTEX
8
L0D0
10
-10
20
-1126.5
0
VERTEX
8
L0D0
10
-10
20
-1122
0
VERTEX
8
L0D0
10
217.75
20
-1122
0
VERTEX
8
L0D0
10
217.75
20
-1120.5
0
VERTEX
8
L0D0
10
-10
20
-1120.5
0
VERTEX
8
L0D0
10
-10
20
-1116
0
VERTEX
8
L0D0
10
217.75
20
-1116
0
VERTEX
8
L0D0
10
217.75
20
-1114.5
0
VERTEX
8
L0D0
10
-10
20
-1114.5
0
VERTEX
8
L0D0
10
-10
20
-1110
0
VERTEX
8
L0D0
10
217.75
20
-1110
0
VERTEX
8
L0D0
10
217.75
20
-1108.5
0
VERTEX
8
L0D0
10
-10
20
-1108.5
0
VERTEX
8
L0D0
10
-10
20
-1104
0
VERTEX
8
L0D0
10
217.75
20
-1104
0
VERTEX
8
L0D0
10
217.75
20
-1102.5
0
VERTEX
8
L0D0
10
-10
20
-1102.5
0
VERTEX
8
L0D0
10
-10
20
-1098
0
VERTEX
8
L0D0
10
217.75
20
-1098
0
VERTEX
8
L0D0
10
217.75
20
-1096.5
0
VERTEX
8
L0D0
10
-10
20
-1096.5
0
VERTEX
8
L0D0
10
-10
20
-1092
0
VERTEX
8
L0D0
10
217.75
20
-1092
0
VERTEX
8
L0D0
10
217.75
20
-1090.5
0
VERTEX
8
L0D0
10
-10
20
-1090.5
0
VERTEX
8
L0D0
10
-10
20
-1086
0
VERTEX
8
L0D0
10
217.75
20
-1086
0
VERTEX
8
L0D0
10
217.75
20
-1084.5
0
VERTEX
8
L0D0
10
-10
20
-1084.5
0
VERTEX
8
L0D0
10
-10
20
-1080
0
VERTEX
8
L0D0
10
217.75
20
-1080
0
VERTEX
8
L0D0
10
217.75
20
-1078.5
0
VERTEX
8
L0D0
10
-10
20
-1078.5
0
VERTEX
8
L0D0
10
-10
20
-1074
0
VERTEX
8
L0D0
10
217.75
20
-1074
0
VERTEX
8
L0D0
10
217.75
20
-1072.5
0
VERTEX
8
L0D0
10
-10
20
-1072.5
0
VERTEX
8
L0D0
10
-10
20
-1068
0
VERTEX
8
L0D0
10
217.75
20
-1068
0
VERTEX
8
L0D0
10
217.75
20
-1066.5
0
VERTEX
8
L0D0
10
-10
20
-1066.5
0
VERTEX
8
L0D0
10
-10
20
-1062
0
VERTEX
8
L0D0
10
217.75
20
-1062
0
VERTEX
8
L0D0
10
217.75
20
-1060.5
0
VERTEX
8
L0D0
10
-10
20
-1060.5
0
VERTEX
8
L0D0
10
-10
20
-1056
0
VERTEX
8
L0D0
10
217.75
20
-1056
0
VERTEX
8
L0D0
10
217.75
20
-1054.5
0
VERTEX
8
L0D0
10
-10
20
-1054.5
0
VERTEX
8
L0D0
10
-10
20
-1050
0
VERTEX
8
L0D0
10
217.75
20
-1050
0
VERTEX
8
L0D0
10
217.75
20
-1048.5
0
VERTEX
8
L0D0
10
-10
20
-1048.5
0
VERTEX
8
L0D0
10
-10
20
-1044
0
VERTEX
8
L0D0
10
217.75
20
-1044
0
VERTEX
8
L0D0
10
217.75
20
-1042.5
0
VERTEX
8
L0D0
10
-10
20
-1042.5
0
VERTEX
8
L0D0
10
-10
20
-1038
0
VERTEX
8
L0D0
10
217.75
20
-1038
0
VERTEX
8
L0D0
10
217.75
20
-1036.5
0
VERTEX
8
L0D0
10
-10
20
-1036.5
0
VERTEX
8
L0D0
10
-10
20
-1032
0
VERTEX
8
L0D0
10
217.75
20
-1032
0
VERTEX
8
L0D0
10
217.75
20
-1030.5
0
VERTEX
8
L0D0
10
-10
20
-1030.5
0
VERTEX
8
L0D0
10
-10
20
-1026
0
VERTEX
8
L0D0
10
217.75
20
-1026
0
VERTEX
8
L0D0
10
217.75
20
-1024.5
0
VERTEX
8
L0D0
10
-10
20
-1024.5
0
VERTEX
8
L0D0
10
-10
20
-1020
0
VERTEX
8
L0D0
10
217.75
20
-1020
0
VERTEX
8
L0D0
10
217.75
20
-1018.5
0
VERTEX
8
L0D0
10
-10
20
-1018.5
0
VERTEX
8
L0D0
10
-10
20
-1014
0
VERTEX
8
L0D0
10
217.75
20
-1014
0
VERTEX
8
L0D0
10
217.75
20
-1012.5
0
VERTEX
8
L0D0
10
-10
20
-1012.5
0
VERTEX
8
L0D0
10
-10
20
-1008
0
VERTEX
8
L0D0
10
217.75
20
-1008
0
VERTEX
8
L0D0
10
217.75
20
-1006.5
0
VERTEX
8
L0D0
10
-10
20
-1006.5
0
VERTEX
8
L0D0
10
-10
20
-1002
0
VERTEX
8
L0D0
10
217.75
20
-1002
0
VERTEX
8
L0D0
10
217.75
20
-1000.5
0
VERTEX
8
L0D0
10
-10
20
-1000.5
0
VERTEX
8
L0D0
10
-10
20
-996
0
VERTEX
8
L0D0
10
217.75
20
-996
0
VERTEX
8
L0D0
10
217.75
20
-994.5
0
VERTEX
8
L0D0
10
-10
20
-994.5
0
VERTEX
8
L0D0
10
-10
20
-990
0
VERTEX
8
L0D0
10
217.75
20
-990
0
VERTEX
8
L0D0
10
217.75
20
-988.5
0
VERTEX
8
L0D0
10
-10
20
-988.5
0
VERTEX
8
L0D0
10
-10
20
-984
0
VERTEX
8
L0D0
10
217.75
20
-984
0
VERTEX
8
L0D0
10
217.75
20
-982.5
0
VERTEX
8
L0D0
10
-10
20
-982.5
0
VERTEX
8
L0D0
10
-10
20
-978
0
VERTEX
8
L0D0
10
217.75
20
-978
0
VERTEX
8
L0D0
10
217.75
20
-976.5
0
VERTEX
8
L0D0
10
-10
20
-976.5
0
VERTEX
8
L0D0
10
-10
20
-972
0
VERTEX
8
L0D0
10
217.75
20
-972
0
VERTEX
8
L0D0
10
217.75
20
-970.5
0
VERTEX
8
L0D0
10
-10
20
-970.5
0
VERTEX
8
L0D0
10
-10
20
-966
0
VERTEX
8
L0D0
10
217.75
20
-966
0
VERTEX
8
L0D0
10
217.75
20
-964.5
0
VERTEX
8
L0D0
10
-10
20
-964.5
0
VERTEX
8
L0D0
10
-10
20
-960
0
VERTEX
8
L0D0
10
-11.5
20
-960
0
VERTEX
8
L0D0
10
-11.5
20
-711
0
VERTEX
8
L0D0
10
-10
20
-711
0
VERTEX
8
L0D0
10
-10
20
-708
0
VERTEX
8
L0D0
10
217.75
20
-708
0
VERTEX
8
L0D0
10
217.75
20
-706.5
0
VERTEX
8
L0D0
10
-10
20
-706.5
0
VERTEX
8
L0D0
10
-10
20
-702
0
VERTEX
8
L0D0
10
217.75
20
-702
0
VERTEX
8
L0D0
10
217.75
20
-700.5
0
VERTEX
8
L0D0
10
-10
20
-700.5
0
VERTEX
8
L0D0
10
-10
20
-696
0
VERTEX
8
L0D0
10
217.75
20
-696
0
VERTEX
8
L0D0
10
217.75
20
-694.5
0
VERTEX
8
L0D0
10
-10
20
-694.5
0
VERTEX
8
L0D0
10
-10
20
-690
0
VERTEX
8
L0D0
10
217.75
20
-690
0
VERTEX
8
L0D0
10
217.75
20
-688.5
0
VERTEX
8
L0D0
10
-10
20
-688.5
0
VERTEX
8
L0D0
10
-10
20
-684
0
VERTEX
8
L0D0
10
217.75
20
-684
0
VERTEX
8
L0D0
10
217.75
20
-682.5
0
VERTEX
8
L0D0
10
-10
20
-682.5
0
VERTEX
8
L0D0
10
-10
20
-678
0
VERTEX
8
L0D0
10
217.75
20
-678
0
VERTEX
8
L0D0
10
217.75
20
-676.5
0
VERTEX
8
L0D0
10
-10
20
-676.5
0
VERTEX
8
L0D0
10
-10
20
-672
0
VERTEX
8
L0D0
10
217.75
20
-672
0
VERTEX
8
L0D0
10
217.75
20
-670.5
0
VERTEX
8
L0D0
10
-10
20
-670.5
0
VERTEX
8
L0D0
10
-10
20
-666
0
VERTEX
8
L0D0
10
217.75
20
-666
0
VERTEX
8
L0D0
10
217.75
20
-664.5
0
VERTEX
8
L0D0
10
-10
20
-664.5
0
VERTEX
8
L0D0
10
-10
20
-660
0
VERTEX
8
L0D0
10
217.75
20
-660
0
VERTEX
8
L0D0
10
217.75
20
-658.5
0
VERTEX
8
L0D0
10
-10
20
-658.5
0
VERTEX
8
L0D0
10
-10
20
-654
0
VERTEX
8
L0D0
10
217.75
20
-654
0
VERTEX
8
L0D0
10
217.75
20
-652.5
0
VERTEX
8
L0D0
10
-10
20
-652.5
0
VERTEX
8
L0D0
10
-10
20
-648
0
VERTEX
8
L0D0
10
217.75
20
-648
0
VERTEX
8
L0D0
10
217.75
20
-646.5
0
VERTEX
8
L0D0
10
-10
20
-646.5
0
VERTEX
8
L0D0
10
-10
20
-642
0
VERTEX
8
L0D0
10
217.75
20
-642
0
VERTEX
8
L0D0
10
217.75
20
-640.5
0
VERTEX
8
L0D0
10
-10
20
-640.5
0
VERTEX
8
L0D0
10
-10
20
-636
0
VERTEX
8
L0D0
10
217.75
20
-636
0
VERTEX
8
L0D0
10
217.75
20
-634.5
0
VERTEX
8
L0D0
10
-10
20
-634.5
0
VERTEX
8
L0D0
10
-10
20
-630
0
VERTEX
8
L0D0
10
217.75
20
-630
0
VERTEX
8
L0D0
10
217.75
20
-628.5
0
VERTEX
8
L0D0
10
-10
20
-628.5
0
VERTEX
8
L0D0
10
-10
20
-624
0
VERTEX
8
L0D0
10
217.75
20
-624
0
VERTEX
8
L0D0
10
217.75
20
-622.5
0
VERTEX
8
L0D0
10
-10
20
-622.5
0
VERTEX
8
L0D0
10
-10
20
-618
0
VERTEX
8
L0D0
10
217.75
20
-618
0
VERTEX
8
L0D0
10
217.75
20
-616.5
0
VERTEX
8
L0D0
10
-10
20
-616.5
0
VERTEX
8
L0D0
10
-10
20
-612
0
VERTEX
8
L0D0
10
217.75
20
-612
0
VERTEX
8
L0D0
10
217.75
20
-610.5
0
VERTEX
8
L0D0
10
-10
20
-610.5
0
VERTEX
8
L0D0
10
-10
20
-606
0
VERTEX
8
L0D0
10
217.75
20
-606
0
VERTEX
8
L0D0
10
217.75
20
-604.5
0
VERTEX
8
L0D0
10
-10
20
-604.5
0
VERTEX
8
L0D0
10
-10
20
-600
0
VERTEX
8
L0D0
10
217.75
20
-600
0
VERTEX
8
L0D0
10
217.75
20
-598.5
0
VERTEX
8
L0D0
10
-10
20
-598.5
0
VERTEX
8
L0D0
10
-10
20
-594
0
VERTEX
8
L0D0
10
217.75
20
-594
0
VERTEX
8
L0D0
10
217.75
20
-592.5
0
VERTEX
8
L0D0
10
-10
20
-592.5
0
VERTEX
8
L0D0
10
-10
20
-588
0
VERTEX
8
L0D0
10
217.75
20
-588
0
VERTEX
8
L0D0
10
217.75
20
-586.5
0
VERTEX
8
L0D0
10
-10
20
-586.5
0
VERTEX
8
L0D0
10
-10
20
-582
0
VERTEX
8
L0D0
10
217.75
20
-582
0
VERTEX
8
L0D0
10
217.75
20
-580.5
0
VERTEX
8
L0D0
10
-10
20
-580.5
0
VERTEX
8
L0D0
10
-10
20
-576
0
VERTEX
8
L0D0
10
217.75
20
-576
0
VERTEX
8
L0D0
10
217.75
20
-574.5
0
VERTEX
8
L0D0
10
-10
20
-574.5
0
VERTEX
8
L0D0
10
-10
20
-570
0
VERTEX
8
L0D0
10
217.75
20
-570
0
VERTEX
8
L0D0
10
217.75
20
-568.5
0
VERTEX
8
L0D0
10
-10
20
-568.5
0
VERTEX
8
L0D0
10
-10
20
-564
0
VERTEX
8
L0D0
10
217.75
20
-564
0
VERTEX
8
L0D0
10
217.75
20
-562.5
0
VERTEX
8
L0D0
10
-10
20
-562.5
0
VERTEX
8
L0D0
10
-10
20
-558
0
VERTEX
8
L0D0
10
217.75
20
-558
0
VERTEX
8
L0D0
10
217.75
20
-556.5
0
VERTEX
8
L0D0
10
-10
20
-556.5
0
VERTEX
8
L0D0
10
-10
20
-552
0
VERTEX
8
L0D0
10
217.75
20
-552
0
VERTEX
8
L0D0
10
217.75
20
-550.5
0
VERTEX
8
L0D0
10
-10
20
-550.5
0
VERTEX
8
L0D0
10
-10
20
-546
0
VERTEX
8
L0D0
10
217.75
20
-546
0
VERTEX
8
L0D0
10
217.75
20
-544.5
0
VERTEX
8
L0D0
10
-10
20
-544.5
0
VERTEX
8
L0D0
10
-10
20
-540
0
VERTEX
8
L0D0
10
217.75
20
-540
0
VERTEX
8
L0D0
10
217.75
20
-538.5
0
VERTEX
8
L0D0
10
-10
20
-538.5
0
VERTEX
8
L0D0
10
-10
20
-534
0
VERTEX
8
L0D0
10
217.75
20
-534
0
VERTEX
8
L0D0
10
217.75
20
-532.5
0
VERTEX
8
L0D0
10
-10
20
-532.5
0
VERTEX
8
L0D0
10
-10
20
-528
0
VERTEX
8
L0D0
10
217.75
20
-528
0
VERTEX
8
L0D0
10
217.75
20
-526.5
0
VERTEX
8
L0D0
10
-10
20
-526.5
0
VERTEX
8
L0D0
10
-10
20
-522
0
VERTEX
8
L0D0
10
217.75
20
-522
0
VERTEX
8
L0D0
10
217.75
20
-520.5
0
VERTEX
8
L0D0
10
-10
20
-520.5
0
VERTEX
8
L0D0
10
-10
20
-516
0
VERTEX
8
L0D0
10
217.75
20
-516
0
VERTEX
8
L0D0
10
217.75
20
-514.5
0
VERTEX
8
L0D0
10
-10
20
-514.5
0
VERTEX
8
L0D0
10
-10
20
-510
0
VERTEX
8
L0D0
10
217.75
20
-510
0
VERTEX
8
L0D0
10
217.75
20
-508.5
0
VERTEX
8
L0D0
10
-10
20
-508.5
0
VERTEX
8
L0D0
10
-10
20
-504
0
VERTEX
8
L0D0
10
217.75
20
-504
0
VERTEX
8
L0D0
10
217.75
20
-502.5
0
VERTEX
8
L0D0
10
-10
20
-502.5
0
VERTEX
8
L0D0
10
-10
20
-498
0
VERTEX
8
L0D0
10
217.75
20
-498
0
VERTEX
8
L0D0
10
217.75
20
-496.5
0
VERTEX
8
L0D0
10
-10
20
-496.5
0
VERTEX
8
L0D0
10
-10
20
-492
0
VERTEX
8
L0D0
10
217.75
20
-492
0
VERTEX
8
L0D0
10
217.75
20
-490.5
0
VERTEX
8
L0D0
10
-10
20
-490.5
0
VERTEX
8
L0D0
10
-10
20
-486
0
VERTEX
8
L0D0
10
217.75
20
-486
0
VERTEX
8
L0D0
10
217.75
20
-484.5
0
VERTEX
8
L0D0
10
-10
20
-484.5
0
VERTEX
8
L0D0
10
-10
20
-480
0
VERTEX
8
L0D0
10
217.75
20
-480
0
VERTEX
8
L0D0
10
217.75
20
-478.5
0
VERTEX
8
L0D0
10
-10
20
-478.5
0
VERTEX
8
L0D0
10
-10
20
-474
0
VERTEX
8
L0D0
10
217.75
20
-474
0
VERTEX
8
L0D0
10
217.75
20
-472.5
0
VERTEX
8
L0D0
10
-10
20
-472.5
0
VERTEX
8
L0D0
10
-10
20
-468
0
VERTEX
8
L0D0
10
217.75
20
-468
0
VERTEX
8
L0D0
10
217.75
20
-466.5
0
VERTEX
8
L0D0
10
-10
20
-466.5
0
VERTEX
8
L0D0
10
-10
20
-462
0
VERTEX
8
L0D0
10
217.75
20
-462
0
VERTEX
8
L0D0
10
217.75
20
-460.5
0
VERTEX
8
L0D0
10
-10
20
-460.5
0
VERTEX
8
L0D0
10
-10
20
-456
0
VERTEX
8
L0D0
10
217.75
20
-456
0
VERTEX
8
L0D0
10
217.75
20
-454.5
0
VERTEX
8
L0D0
10
-10
20
-454.5
0
VERTEX
8
L0D0
10
-10
20
-450
0
VERTEX
8
L0D0
10
217.75
20
-450
0
VERTEX
8
L0D0
10
217.75
20
-448.5
0
VERTEX
8
L0D0
10
-10
20
-448.5
0
VERTEX
8
L0D0
10
-10
20
-444
0
VERTEX
8
L0D0
10
217.75
20
-444
0
VERTEX
8
L0D0
10
217.75
20
-442.5
0
VERTEX
8
L0D0
10
-10
20
-442.5
0
VERTEX
8
L0D0
10
-10
20
-438
0
VERTEX
8
L0D0
10
217.75
20
-438
0
VERTEX
8
L0D0
10
217.75
20
-436.5
0
VERTEX
8
L0D0
10
-10
20
-436.5
0
VERTEX
8
L0D0
10
-10
20
-432
0
VERTEX
8
L0D0
10
217.75
20
-432
0
VERTEX
8
L0D0
10
217.75
20
-430.5
0
VERTEX
8
L0D0
10
-10
20
-430.5
0
VERTEX
8
L0D0
10
-10
20
-426
0
VERTEX
8
L0D0
10
217.75
20
-426
0
VERTEX
8
L0D0
10
217.75
20
-424.5
0
VERTEX
8
L0D0
10
-10
20
-424.5
0
VERTEX
8
L0D0
10
-10
20
-420
0
VERTEX
8
L0D0
10
217.75
20
-420
0
VERTEX
8
L0D0
10
217.75
20
-418.5
0
VERTEX
8
L0D0
10
-10
20
-418.5
0
VERTEX
8
L0D0
10
-10
20
-414
0
VERTEX
8
L0D0
10
217.75
20
-414
0
VERTEX
8
L0D0
10
217.75
20
-412.5
0
VERTEX
8
L0D0
10
-10
20
-412.5
0
VERTEX
8
L0D0
10
-10
20
-408
0
VERTEX
8
L0D0
10
217.75
20
-408
0
VERTEX
8
L0D0
10
217.75
20
-406.5
0
VERTEX
8
L0D0
10
-10
20
-406.5
0
VERTEX
8
L0D0
10
-10
20
-402
0
VERTEX
8
L0D0
10
218.6
20
-402
0
VERTEX
8
L0D0
10
218.6
20
-52
0
VERTEX
8
L0D0
10
218.561
20
-50.043
0
VERTEX
8
L0D0
10
218.442
20
-48.089
0
VERTEX
8
L0D0
10
218.246
20
-46.142
0
VERTEX
8
L0D0
10
217.971
20
-44.204
0
VERTEX
8
L0D0
10
217.618
20
-42.279
0
VERTEX
8
L0D0
10
217.188
20
-40.369
0
VERTEX
8
L0D0
10
216.681
20
-38.479
0
VERTEX
8
L0D0
10
216.099
20
-36.61
0
VERTEX
8
L0D0
10
215.442
20
-34.766
0
VERTEX
8
L0D0
10
214.711
20
-32.95
0
VERTEX
8
L0D0
10
213.908
20
-31.166
0
VERTEX
8
L0D0
10
213.033
20
-29.414
0
VERTEX
8
L0D0
10
212.089
20
-27.7
0
VERTEX
8
L0D0
10
211.076
20
-26.025
0
VERTEX
8
L0D0
10
209.997
20
-24.392
0
VERTEX
8
L0D0
10
208.853
20
-22.804
0
VERTEX
8
L0D0
10
207.646
20
-21.263
0
VERTEX
8
L0D0
10
206.378
20
-19.772
0
VERTEX
8
L0D0
10
205.05
20
-18.334
0
VERTEX
8
L0D0
10
203.666
20
-16.95
0
VERTEX
8
L0D0
10
202.228
20
-15.622
0
VERTEX
8
L0D0
10
200.737
20
-14.354
0
VERTEX
8
L0D0
10
199.196
20
-13.147
0
VERTEX
8
L0D0
10
197.608
20
-12.003
0
VERTEX
8
L0D0
10
195.975
20
-10.924
0
VERTEX
8
L0D0
10
194.3
20
-9.911
0
VERTEX
8
L0D0
10
192.586
20
-8.967
0
VERTEX
8
L0D0
10
190.834
20
-8.092
0
VERTEX
8
L0D0
10
189.05
20
-7.289
0
VERTEX
8
L0D0
10
187.234
20
-6.558
0
VERTEX
8
L0D0
10
185.39
20
-5.901
0
VERTEX
8
L0D0
10
183.521
20
-5.319
0
VERTEX
8
L0D0
10
181.631
20
-4.812
0
VERTEX
8
L0D0
10
179.721
20
-4.382
0
VERTEX
8
L0D0
10
177.796
20
-4.029
0
VERTEX
8
L0D0
10
175.858
20
-3.754
0
VERTEX
8
L0D0
10
173.911
20
-3.558
0
VERTEX
8
L0D0
10
171.957
20
-3.439
0
VERTEX
8
L0D0
10
170
20
-3.4
0
VERTEX
8
L0D0
10
20
20
-3.4
0
VERTEX
8
L0D0
10
20
20
-6.6
0
VERTEX
8
L0D0
10
5
20
-6.6
0
VERTEX
8
L0D0
10
5
20
-21
0
VERTEX
8
L0D0
10
-12.5
20
-21
0
VERTEX
8
L0D0
10
-12.5
20
-9
0
VERTEX
8
L0D0
10
-3
20
-9
0
VERTEX
8
L0D0
10
-3
20
9
0
VERTEX
8
L0D0
10
-12.5
20
9
0
VERTEX
8
L0D0
10
-12.5
20
21
0
VERTEX
8
L0D0
10
5
20
21
0
VERTEX
8
L0D0
10
5
20
6.6
0
VERTEX
8
L0D0
10
20
20
6.6
0
VERTEX
8
L0D0
10
20
20
3.4
0
VERTEX
8
L0D0
10
120
20
3.4
0
VERTEX
8
L0D0
10
122.816
20
3.44
0
VERTEX
8
L0D0
10
125.629
20
3.561
0
VERTEX
8
L0D0
10
128.438
20
3.762
0
VERTEX
8
L0D0
10
131.24
20
4.043
0
VERTEX
8
L0D0
10
134.032
20
4.404
0
VERTEX
8
L0D0
10
136.813
20
4.844
0
VERTEX
8
L0D0
10
139.581
20
5.364
0
VERTEX
8
L0D0
10
142.333
20
5.962
0
VERTEX
8
L0D0
10
145.066
20
6.639
0
VERTEX
8
L0D0
10
147.779
20
7.394
0
VERTEX
8
L0D0
10
150.469
20
8.226
0
VERTEX
8
L0D0
10
153.134
20
9.134
0
VERTEX
8
L0D0
10
155.773
20
10.118
0
VERTEX
8
L0D0
10
158.382
20
11.177
0
VERTEX
8
L0D0
10
160.96
20
12.31
0
VERTEX
8
L0D0
10
163.504
20
13.517
0
VERTEX
8
L0D0
10
166.013
20
14.795
0
VERTEX
8
L0D0
10
168.485
20
16.144
0
VERTEX
8
L0D0
10
170.917
20
17.564
0
VERTEX
8
L0D0
10
173.307
20
19.052
0
VERTEX
8
L0D0
10
175.654
20
20.608
0
VERTEX
8
L0D0
10
177.956
20
22.231
0
VERTEX
8
L0D0
10
180.21
20
23.918
0
VERTEX
8
L0D0
10
182.415
20
25.67
0
VERTEX
8
L0D0
10
184.569
20
27.483
0
VERTEX
8
L0D0
10
186.671
20
29.357
0
VERTEX
8
L0D0
10
188.718
20
31.291
0
VERTEX
8
L0D0
10
190.709
20
33.282
0
VERTEX
8
L0D0
10
192.643
20
35.329
0
VERTEX
8
L0D0
10
194.517
20
37.431
0
VERTEX
8
L0D0
10
196.33
20
39.585
0
VERTEX
8
L0D0
10
198.082
20
41.79
0
VERTEX
8
L0D0
10
199.769
20
44.044
0
VERTEX
8
L0D0
10
201.392
20
46.346
0
VERTEX
8
L0D0
10
202.948
20
48.693
0
VERTEX
8
L0D0
10
204.436
20
51.083
0
VERTEX
8
L0D0
10
205.856
20
53.515
0
VERTEX
8
L0D0
10
207.205
20
55.987
0
VERTEX
8
L0D0
10
208.483
20
58.496
0
VERTEX
8
L0D0
10
209.69
20
61.04
0
VERTEX
8
L0D0
10
210.823
20
63.618
0
VERTEX
8
L0D0
10
211.882
20
66.227
0
VERTEX
8
L0D0
10
212.866
20
68.866
0
VERTEX
8
L0D0
10
213.774
20
71.531
0
VERTEX
8
L0D0
10
214.606
20
74.221
0
VERTEX
8
L0D0
10
215.361
20
76.934
0
VERTEX
8
L0D0
10
216.038
20
79.667
0
VERTEX
8
L0D0
10
216.636
20
82.419
0
VERTEX
8
L0D0
10
217.156
20
85.187
0
VERTEX
8
L0D0
10
217.596
20
87.968
0
VERTEX
8
L0D0
10
217.957
20
90.76
0
VERTEX
8
L0D0
10
218.238
20
93.562
0
VERTEX
8
L0D0
10
218.439
20
96.371
0
VERTEX
8
L0D0
10
218.56
20
99.184
0
VERTEX
8
L0D0
10
218.6
20
102
0
VERTEX
8
L0D0
10
218.6
20
402
0
VERTEX
8
L0D0
10
-10
20
402
0
VERTEX
8
L0D0
10
-10
20
406.5
0
VERTEX
8
L0D0
10
217.75
20
406.5
0
VERTEX
8
L0D0
10
217.75
20
408
0
VERTEX
8
L0D0
10
-10
20
408
0
VERTEX
8
L0D0
10
-10
20
412.5
0
VERTEX
8
L0D0
10
217.75
20
412.5
0
VERTEX
8
L0D0
10
217.75
20
414
0
VERTEX
8
L0D0
10
-10
20
414
0
VERTEX
8
L0D0
10
-10
20
418.5
0
VERTEX
8
L0D0
10
217.75
20
418.5
0
VERTEX
8
L0D0
10
217.75
20
420
0
VERTEX
8
L0D0
10
-10
20
420
0
VERTEX
8
L0D0
10
-10
20
424.5
0
VERTEX
8
L0D0
10
217.75
20
424.5
0
VERTEX
8
L0D0
10
217.75
20
426
0
VERTEX
8
L0D0
10
-10
20
426
0
VERTEX
8
L0D0
10
-10
20
430.5
0
VERTEX
8
L0D0
10
217.75
20
430.5
0
VERTEX
8
L0D0
10
217.75
20
432
0
VERTEX
8
L0D0
10
-10
20
432
0
VERTEX
8
L0D0
10
-10
20
436.5
0
VERTEX
8
L0D0
10
217.75
20
436.5
0
VERTEX
8
L0D0
10
217.75
20
438
0
VERTEX
8
L0D0
10
-10
20
438
0
VERTEX
8
L0D0
10
-10
20
442.5
0
VERTEX
8
L0D0
10
217.75
20
442.5
0
VERTEX
8
L0D0
10
217.75
20
444
0
VERTEX
8
L0D0
10
-10
20
444
0
VERTEX
8
L0D0
10
-10
20
448.5
0
VERTEX
8
L0D0
10
217.75
20
448.5
0
VERTEX
8
L0D0
10
217.75
20
450
0
VERTEX
8
L0D0
10
-10
20
450
0
VERTEX
8
L0D0
10
-10
20
454.5
0
VERTEX
8
L0D0
10
217.75
20
454.5
0
VERTEX
8
L0D0
10
217.75
20
456
0
VERTEX
8
L0D0
10
-10
20
456
0
VERTEX
8
L0D0
10
-10
20
460.5
0
VERTEX
8
L0D0
10
217.75
20
460.5
0
VERTEX
8
L0D0
10
217.75
20
462
0
VERTEX
8
L0D0
10
-10
20
462
0
VERTEX
8
L0D0
10
-10
20
466.5
0
VERTEX
8
L0D0
10
217.75
20
466.5
0
VERTEX
8
L0D0
10
217.75
20
468
0
VERTEX
8
L0D0
10
-10
20
468
0
VERTEX
8
L0D0
10
-10
20
472.5
0
VERTEX
8
L0D0
10
217.75
20
472.5
0
VERTEX
8
L0D0
10
217.75
20
474
0
VERTEX
8
L0D0
10
-10
20
474
0
VERTEX
8
L0D0
10
-10
20
478.5
0
VERTEX
8
L0D0
10
217.75
20
478.5
0
VERTEX
8
L0D0
10
217.75
20
480
0
VERTEX
8
L0D0
10
-10
20
480
0
VERTEX
8
L0D0
10
-10
20
484.5
0
VERTEX
8
L0D0
10
217.75
20
484.5
0
VERTEX
8
L0D0
10
217.75
20
486
0
VERTEX
8
L0D0
10
-10
20
486
0
VERTEX
8
L0D0
10
-10
20
490.5
0
VERTEX
8
L0D0
10
217.75
20
490.5
0
VERTEX
8
L0D0
10
217.75
20
492
0
VERTEX
8
L0D0
10
-10
20
492
0
VERTEX
8
L0D0
10
-10
20
496.5
0
VERTEX
8
L0D0
10
217.75
20
496.5
0
VERTEX
8
L0D0
10
217.75
20
498
0
VERTEX
8
L0D0
10
-10
20
498
0
VERTEX
8
L0D0
10
-10
20
502.5
0
VERTEX
8
L0D0
10
217.75
20
502.5
0
VERTEX
8
L0D0
10
217.75
20
504
0
VERTEX
8
L0D0
10
-10
20
504
0
VERTEX
8
L0D0
10
-10
20
508.5
0
VERTEX
8
L0D0
10
217.75
20
508.5
0
VERTEX
8
L0D0
10
217.75
20
510
0
VERTEX
8
L0D0
10
-10
20
510
0
VERTEX
8
L0D0
10
-10
20
514.5
0
VERTEX
8
L0D0
10
217.75
20
514.5
0
VERTEX
8
L0D0
10
217.75
20
516
0
VERTEX
8
L0D0
10
-10
20
516
0
VERTEX
8
L0D0
10
-10
20
520.5
0
VERTEX
8
L0D0
10
217.75
20
520.5
0
VERTEX
8
L0D0
10
217.75
20
522
0
VERTEX
8
L0D0
10
-10
20
522
0
VERTEX
8
L0D0
10
-10
20
526.5
0
VERTEX
8
L0D0
10
217.75
20
526.5
0
VERTEX
8
L0D0
10
217.75
20
528
0
VERTEX
8
L0D0
10
-10
20
528
0
VERTEX
8
L0D0
10
-10
20
532.5
0
VERTEX
8
L0D0
10
217.75
20
532.5
0
VERTEX
8
L0D0
10
217.75
20
534
0
VERTEX
8
L0D0
10
-10
20
534
0
VERTEX
8
L0D0
10
-10
20
538.5
0
VERTEX
8
L0D0
10
217.75
20
538.5
0
VERTEX
8
L0D0
10
217.75
20
540
0
VERTEX
8
L0D0
10
-10
20
540
0
VERTEX
8
L0D0
10
-10
20
544.5
0
VERTEX
8
L0D0
10
217.75
20
544.5
0
VERTEX
8
L0D0
10
217.75
20
546
0
VERTEX
8
L0D0
10
-10
20
546
0
VERTEX
8
L0D0
10
-10
20
550.5
0
VERTEX
8
L0D0
10
217.75
20
550.5
0
VERTEX
8
L0D0
10
217.75
20
552
0
VERTEX
8
L0D0
10
-10
20
552
0
VERTEX
8
L0D0
10
-10
20
556.5
0
VERTEX
8
L0D0
10
217.75
20
556.5
0
VERTEX
8
L0D0
10
217.75
20
558
0
VERTEX
8
L0D0
10
-10
20
558
0
VERTEX
8
L0D0
10
-10
20
562.5
0
VERTEX
8
L0D0
10
217.75
20
562.5
0
VERTEX
8
L0D0
10
217.75
20
564
0
VERTEX
8
L0D0
10
-10
20
564
0
VERTEX
8
L0D0
10
-10
20
568.5
0
VERTEX
8
L0D0
10
217.75
20
568.5
0
VERTEX
8
L0D0
10
217.75
20
570
0
VERTEX
8
L0D0
10
-10
20
570
0
VERTEX
8
L0D0
10
-10
20
574.5
0
VERTEX
8
L0D0
10
217.75
20
574.5
0
VERTEX
8
L0D0
10
217.75
20
576
0
VERTEX
8
L0D0
10
-10
20
576
0
VERTEX
8
L0D0
10
-10
20
580.5
0
VERTEX
8
L0D0
10
217.75
20
580.5
0
VERTEX
8
L0D0
10
217.75
20
582
0
VERTEX
8
L0D0
10
-10
20
582
0
VERTEX
8
L0D0
10
-10
20
586.5
0
VERTEX
8
L0D0
10
217.75
20
586.5
0
VERTEX
8
L0D0
10
217.75
20
588
0
VERTEX
8
L0D0
10
-10
20
588
0
VERTEX
8
L0D0
10
-10
20
592.5
0
VERTEX
8
L0D0
10
217.75
20
592.5
0
VERTEX
8
L0D0
10
217.75
20
594
0
VERTEX
8
L0D0
10
-10
20
594
0
VERTEX
8
L0D0
10
-10
20
598.5
0
VERTEX
8
L0D0
10
217.75
20
598.5
0
VERTEX
8
L0D0
10
217.75
20
600
0
VERTEX
8
L0D0
10
-10
20
600
0
VERTEX
8
L0D0
10
-10
20
604.5
0
VERTEX
8
L0D0
10
217.75
20
604.5
0
VERTEX
8
L0D0
10
217.75
20
606
0
VERTEX
8
L0D0
10
-10
20
606
0
VERTEX
8
L0D0
10
-10
20
610.5
0
VERTEX
8
L0D0
10
217.75
20
610.5
0
VERTEX
8
L0D0
10
217.75
20
612
0
VERTEX
8
L0D0
10
-10
20
612
0
VERTEX
8
L0D0
10
-10
20
616.5
0
VERTEX
8
L0D0
10
217.75
20
616.5
0
VERTEX
8
L0D0
10
217.75
20
618
0
VERTEX
8
L0D0
10
-10
20
618
0
VERTEX
8
L0D0
10
-10
20
622.5
0
VERTEX
8
L0D0
10
217.75
20
622.5
0
VERTEX
8
L0D0
10
217.75
20
624
0
VERTEX
8
L0D0
10
-10
20
624
0
VERTEX
8
L0D0
10
-10
20
628.5
0
VERTEX
8
L0D0
10
217.75
20
628.5
0
VERTEX
8
L0D0
10
217.75
20
630
0
VERTEX
8
L0D0
10
-10
20
630
0
VERTEX
8
L0D0
10
-10
20
634.5
0
VERTEX
8
L0D0
10
217.75
20
634.5
0
VERTEX
8
L0D0
10
217.75
20
636
0
VERTEX
8
L0D0
10
-10
20
636
0
VERTEX
8
L0D0
10
-10
20
640.5
0
VERTEX
8
L0D0
10
217.75
20
640.5
0
VERTEX
8
L0D0
10
217.75
20
642
0
VERTEX
8
L0D0
10
-10
20
642
0
VERTEX
8
L0D0
10
-10
20
646.5
0
VERTEX
8
L0D0
10
217.75
20
646.5
0
VERTEX
8
L0D0
10
217.75
20
648
0
VERTEX
8
L0D0
10
-10
20
648
0
VERTEX
8
L0D0
10
-10
20
652.5
0
VERTEX
8
L0D0
10
217.75
20
652.5
0
VERTEX
8
L0D0
10
217.75
20
654
0
VERTEX
8
L0D0
10
-10
20
654
0
VERTEX
8
L0D0
10
-10
20
658.5
0
VERTEX
8
L0D0
10
217.75
20
658.5
0
VERTEX
8
L0D0
10
217.75
20
660
0
VERTEX
8
L0D0
10
-10
20
660
0
VERTEX
8
L0D0
10
-10
20
664.5
0
VERTEX
8
L0D0
10
217.75
20
664.5
0
VERTEX
8
L0D0
10
217.75
20
666
0
VERTEX
8
L0D0
10
-10
20
666
0
VERTEX
8
L0D0
10
-10
20
670.5
0
VERTEX
8
L0D0
10
217.75
20
670.5
0
VERTEX
8
L0D0
10
217.75
20
672
0
VERTEX
8
L0D0
10
-10
20
672
0
VERTEX
8
L0D0
10
-10
20
676.5
0
VERTEX
8
L0D0
10
217.75
20
676.5
0
VERTEX
8
L0D0
10
217.75
20
678
0
VERTEX
8
L0D0
10
-10
20
678
0
VERTEX
8
L0D0
10
-10
20
682.5
0
VERTEX
8
L0D0
10
217.75
20
682.5
0
VERTEX
8
L0D0
10
217.75
20
684
0
VERTEX
8
L0D0
10
-10
20
684
0
VERTEX
8
L0D0
10
-10
20
688.5
0
VERTEX
8
L0D0
10
217.75
20
688.5
0
VERTEX
8
L0D0
10
217.75
20
690
0
VERTEX
8
L0D0
10
-10
20
690
0
VERTEX
8
L0D0
10
-10
20
694.5
0
VERTEX
8
L0D0
10
217.75
20
694.5
0
VERTEX
8
L0D0
10
217.75
20
696
0
VERTEX
8
L0D0
10
-10
20
696
0
VERTEX
8
L0D0
10
-10
20
700.5
0
VERTEX
8
L0D0
10
217.75
20
700.5
0
VERTEX
8
L0D0
10
217.75
20
702
0
VERTEX
8
L0D0
10
-10
20
702
0
VERTEX
8
L0D0
10
-10
20
706.5
0
VERTEX
8
L0D0
10
217.75
20
706.5
0
VERTEX
8
L0D0
10
217.75
20
708
0
VERTEX
8
L0D0
10
-10
20
708
0
VERTEX
8
L0D0
10
-10
20
711
0
VERTEX
8
L0D0
10
-11.5
20
711
0
VERTEX
8
L0D0
10
-11.5
20
960
0
VERTEX
8
L0D0
10
-10
20
960
0
VERTEX
8
L0D0
10
-10
20
964.5
0
VERTEX
8
L0D0
10
217.75
20
964.5
0
VERTEX
8
L0D0
10
217.75
20
966
0
VERTEX
8
L0D0
10
-10
20
966
0
VERTEX
8
L0D0
10
-10
20
970.5
0
VERTEX
8
L0D0
10
217.75
20
970.5
0
VERTEX
8
L0D0
10
217.75
20
972
0
VERTEX
8
L0D0
10
-10
20
972
0
VERTEX
8
L0D0
10
-10
20
976.5
0
VERTEX
8
L0D0
10
217.75
20
976.5
0
VERTEX
8
L0D0
10
217.75
20
978
0
VERTEX
8
L0D0
10
-10
20
978
0
VERTEX
8
L0D0
10
-10
20
982.5
0
VERTEX
8
L0D0
10
217.75
20
982.5
0
VERTEX
8
L0D0
10
217.75
20
984
0
VERTEX
8
L0D0
10
-10
20
984
0
VERTEX
8
L0D0
10
-10
20
988.5
0
VERTEX
8
L0D0
10
217.75
20
988.5
0
VERTEX
8
L0D0
10
217.75
20
990
0
VERTEX
8
L0D0
10
-10
20
990
0
VERTEX
8
L0D0
10
-10
20
994.5
0
VERTEX
8
L0D0
10
217.75
20
994.5
0
VERTEX
8
L0D0
10
217.75
20
996
0
VERTEX
8
L0D0
10
-10
20
996
0
VERTEX
8
L0D0
10
-10
20
1000.5
0
VERTEX
8
L0D0
10
217.75
20
1000.5
0
VERTEX
8
L0D0
10
217.75
20
1002
0
VERTEX
8
L0D0
10
-10
20
1002
0
VERTEX
8
L0D0
10
-10
20
1006.5
0
VERTEX
8
L0D0
10
217.75
20
1006.5
0
VERTEX
8
L0D0
10
217.75
20
1008
0
VERTEX
8
L0D0
10
-10
20
1008
0
VERTEX
8
L0D0
10
-10
20
1012.5
0
VERTEX
8
L0D0
10
217.75
20
1012.5
0
VERTEX
8
L0D0
10
217.75
20
1014
0
VERTEX
8
L0D0
10
-10
20
1014
0
VERTEX
8
L0D0
10
-10
20
1018.5
0
VERTEX
8
L0D0
10
217.75
20
1018.5
0
VERTEX
8
L0D0
10
217.75
20
1020
0
VERTEX
8
L0D0
10
-10
20
1020
0
VERTEX
8
L0D0
10
-10
20
1024.5
0
VERTEX
8
L0D0
10
217.75
20
1024.5
0
VERTEX
8
L0D0
10
217.75
20
1026
0
VERTEX
8
L0D0
10
-10
20
1026
0
VERTEX
8
L0D0
10
-10
20
1030.5
0
VERTEX
8
L0D0
10
217.75
20
1030.5
0
VERTEX
8
L0D0
10
217.75
20
1032
0
VERTEX
8
L0D0
10
-10
20
1032
0
VERTEX
8
L0D0
10
-10
20
1036.5
0
VERTEX
8
L0D0
10
217.75
20
1036.5
0
VERTEX
8
L0D0
10
217.75
20
1038
0
VERTEX
8
L0D0
10
-10
20
1038
0
VERTEX
8
L0D0
10
-10
20
1042.5
0
VERTEX
8
L0D0
10
217.75
20
1042.5
0
VERTEX
8
L0D0
10
217.75
20
1044
0
VERTEX
8
L0D0
10
-10
20
1044
0
VERTEX
8
L0D0
10
-10
20
1048.5
0
VERTEX
8
L0D0
10
217.75
20
1048.5
0
VERTEX
8
L0D0
10
217.75
20
1050
0
VERTEX
8
L0D0
10
-10
20
1050
0
VERTEX
8
L0D0
10
-10
20
1054.5
0
VERTEX
8
L0D0
10
217.75
20
1054.5
0
VERTEX
8
L0D0
10
217.75
20
1056
0
VERTEX
8
L0D0
10
-10
20
1056
0
VERTEX
8
L0D0
10
-10
20
1060.5
0
VERTEX
8
L0D0
10
217.75
20
1060.5
0
VERTEX
8
L0D0
10
217.75
20
1062
0
VERTEX
8
L0D0
10
-10
20
1062
0
VERTEX
8
L0D0
10
-10
20
1066.5
0
VERTEX
8
L0D0
10
217.75
20
1066.5
0
VERTEX
8
L0D0
10
217.75
20
1068
0
VERTEX
8
L0D0
10
-10
20
1068
0
VERTEX
8
L0D0
10
-10
20
1072.5
0
VERTEX
8
L0D0
10
217.75
20
1072.5
0
VERTEX
8
L0D0
10
217.75
20
1074
0
VERTEX
8
L0D0
10
-10
20
1074
0
VERTEX
8
L0D0
10
-10
20
1078.5
0
VERTEX
8
L0D0
10
217.75
20
1078.5
0
VERTEX
8
L0D0
10
217.75
20
1080
0
VERTEX
8
L0D0
10
-10
20
1080
0
VERTEX
8
L0D0
10
-10
20
1084.5
0
VERTEX
8
L0D0
10
217.75
20
1084.5
0
VERTEX
8
L0D0
10
217.75
20
1086
0
VERTEX
8
L0D0
10
-10
20
1086
0
VERTEX
8
L0D0
10
-10
20
1090.5
0
VERTEX
8
L0D0
10
217.75
20
1090.5
0
VERTEX
8
L0D0
10
217.75
20
1092
0
VERTEX
8
L0D0
10
-10
20
1092
0
VERTEX
8
L0D0
10
-10
20
1096.5
0
VERTEX
8
L0D0
10
217.75
20
1096.5
0
VERTEX
8
L0D0
10
217.75
20
1098
0
VERTEX
8
L0D0
10
-10
20
1098
0
VERTEX
8
L0D0
10
-10
20
1102.5
0
VERTEX
8
L0D0
10
217.75
20
1102.5
0
VERTEX
8
L0D0
10
217.75
20
1104
0
VERTEX
8
L0D0
10
-10
20
1104
0
VERTEX
8
L0D0
10
-10
20
1108.5
0
VERTEX
8
L0D0
10
217.75
20
1108.5
0
VERTEX
8
L0D0
10
217.75
20
1110
0
VERTEX
8
L0D0
10
-10
20
1110
0
VERTEX
8
L0D0
10
-10
20
1114.5
0
VERTEX
8
L0D0
10
217.75
20
1114.5
0
VERTEX
8
L0D0
10
217.75
20
1116
0
VERTEX
8
L0D0
10
-10
20
1116
0
VERTEX
8
L0D0
10
-10
20
1120.5
0
VERTEX
8
L0D0
10
217.75
20
1120.5
0
VERTEX
8
L0D0
10
217.75
20
1122
0
VERTEX
8
L0D0
10
-10
20
1122
0
VERTEX
8
L0D0
10
-10
20
1126.5
0
VERTEX
8
L0D0
10
217.75
20
1126.5
0
VERTEX
8
L0D0
10
217.75
20
1128
0
VERTEX
8
L0D0
10
-10
20
1128
0
VERTEX
8
L0D0
10
-10
20
1132.5
0
VERTEX
8
L0D0
10
217.75
20
1132.5
0
VERTEX
8
L0D0
10
217.75
20
1134
0
VERTEX
8
L0D0
10
-10
20
1134
0
VERTEX
8
L0D0
10
-10
20
1138.5
0
VERTEX
8
L0D0
10
217.75
20
1138.5
0
VERTEX
8
L0D0
10
217.75
20
1140
0
VERTEX
8
L0D0
10
-10
20
1140
0
VERTEX
8
L0D0
10
-10
20
1144.5
0
VERTEX
8
L0D0
10
217.75
20
1144.5
0
VERTEX
8
L0D0
10
217.75
20
1146
0
VERTEX
8
L0D0
10
-10
20
1146
0
VERTEX
8
L0D0
10
-10
20
1150.5
0
VERTEX
8
L0D0
10
217.75
20
1150.5
0
VERTEX
8
L0D0
10
217.75
20
1152
0
VERTEX
8
L0D0
10
-10
20
1152
0
VERTEX
8
L0D0
10
-10
20
1156.5
0
VERTEX
8
L0D0
10
217.75
20
1156.5
0
VERTEX
8
L0D0
10
217.75
20
1158
0
VERTEX
8
L0D0
10
-10
20
1158
0
VERTEX
8
L0D0
10
-10
20
1162.5
0
VERTEX
8
L0D0
10
217.75
20
1162.5
0
VERTEX
8
L0D0
10
217.75
20
1164
0
VERTEX
8
L0D0
10
-10
20
1164
0
VERTEX
8
L0D0
10
-10
20
1168.5
0
VERTEX
8
L0D0
10
217.75
20
1168.5
0
VERTEX
8
L0D0
10
217.75
20
1170
0
VERTEX
8
L0D0
10
-10
20
1170
0
VERTEX
8
L0D0
10
-10
20
1174.5
0
VERTEX
8
L0D0
10
217.75
20
1174.5
0
VERTEX
8
L0D0
10
217.75
20
1176
0
VERTEX
8
L0D0
10
-10
20
1176
0
VERTEX
8
L0D0
10
-10
20
1180.5
0
VERTEX
8
L0D0
10
217.75
20
1180.5
0
VERTEX
8
L0D0
10
217.75
20
1182
0
VERTEX
8
L0D0
10
-10
20
1182
0
VERTEX
8
L0D0
10
-10
20
1186.5
0
VERTEX
8
L0D0
10
217.75
20
1186.5
0
VERTEX
8
L0D0
10
217.75
20
1188
0
VERTEX
8
L0D0
10
-10
20
1188
0
VERTEX
8
L0D0
10
-10
20
1192.5
0
VERTEX
8
L0D0
10
217.75
20
1192.5
0
VERTEX
8
L0D0
10
217.75
20
1194
0
VERTEX
8
L0D0
10
-10
20
1194
0
VERTEX
8
L0D0
10
-10
20
1198.5
0
VERTEX
8
L0D0
10
217.75
20
1198.5
0
VERTEX
8
L0D0
10
217.75
20
1200
0
VERTEX
8
L0D0
10
-10
20
1200
0
VERTEX
8
L0D0
10
-10
20
1204.5
0
VERTEX
8
L0D0
10
217.75
20
1204.5
0
VERTEX
8
L0D0
10
217.75
20
1206
0
VERTEX
8
L0D0
10
-10
20
1206
0
VERTEX
8
L0D0
10
-10
20
1209
0
VERTEX
8
L0D0
10
-12.5
20
1209
0
VERTEX
8
L0D0
10
-12.5
20
1666.5
0
VERTEX
8
L0D0
10
-5
20
1666.5
0
VERTEX
8
L0D0
10
-5
20
1216.5
0
VERTEX
8
L0D0
10
445
20
1216.5
0
VERTEX
8
L0D0
10
445
20
1663.5
0
VERTEX
8
L0D0
10
-2
20
1663.5
0
VERTEX
8
L0D0
10
-2
20
1219.5
0
VERTEX
8
L0D0
10
442
20
1219.5
0
VERTEX
8
L0D0
10
442
20
1660.5
0
VERTEX
8
L0D0
10
1
20
1660.5
0
VERTEX
8
L0D0
10
1
20
1222.5
0
VERTEX
8
L0D0
10
439
20
1222.5
0
VERTEX
8
L0D0
10
439
20
1657.5
0
VERTEX
8
L0D0
10
4
20
1657.5
0
VERTEX
8
L0D0
10
4
20
1225.5
0
VERTEX
8
L0D0
10
436
20
1225.5
0
VERTEX
8
L0D0
10
436
20
1654.5
0
VERTEX
8
L0D0
10
7
20
1654.5
0
VERTEX
8
L0D0
10
7
20
1228.5
0
VERTEX
8
L0D0
10
433
20
1228.5
0
VERTEX
8
L0D0
10
433
20
1651.5
0
VERTEX
8
L0D0
10
10
20
1651.5
0
VERTEX
8
L0D0
10
10
20
1231.5
0
VERTEX
8
L0D0
10
430
20
1231.5
0
VERTEX
8
L0D0
10
430
20
1648.5
0
VERTEX
8
L0D0
10
13
20
1648.5
0
VERTEX
8
L0D0
10
13
20
1234.5
0
VERTEX
8
L0D0
10
427
20
1234.5
0
VERTEX
8
L0D0
10
427
20
1645.5
0
VERTEX
8
L0D0
10
16
20
1645.5
0
VERTEX
8
L0D0
10
16
20
1237.5
0
VERTEX
8
L0D0
10
424
20
1237.5
0
VERTEX
8
L0D0
10
424
20
1642.5
0
VERTEX
8
L0D0
10
19
20
1642.5
0
VERTEX
8
L0D0
10
19
20
1240.5
0
VERTEX
8
L0D0
10
421
20
1240.5
0
VERTEX
8
L0D0
10
421
20
1639.5
0
VERTEX
8
L0D0
10
22
20
1639.5
0
VERTEX
8
L0D0
10
22
20
1243.5
0
VERTEX
8
L0D0
10
418
20
1243.5
0
VERTEX
8
L0D0
10
418
20
1636.5
0
VERTEX
8
L0D0
10
25
20
1636.5
0
VERTEX
8
L0D0
10
25
20
1246.5
0
VERTEX
8
L0D0
10
415
20
1246.5
0
VERTEX
8
L0D0
10
415
20
1633.5
0
VERTEX
8
L0D0
10
28
20
1633.5
0
VERTEX
8
L0D0
10
28
20
1249.5
0
VERTEX
8
L0D0
10
412
20
1249.5
0
VERTEX
8
L0D0
10
412
20
1630.5
0
VERTEX
8
L0D0
10
31
20
1630.5
0
VERTEX
8
L0D0
10
31
20
1252.5
0
VERTEX
8
L0D0
10
409
20
1252.5
0
VERTEX
8
L0D0
10
409
20
1627.5
0
VERTEX
8
L0D0
10
34
20
1627.5
0
VERTEX
8
L0D0
10
34
20
1255.5
0
VERTEX
8
L0D0
10
406
20
1255.5
0
VERTEX
8
L0D0
10
406
20
1624.5
0
VERTEX
8
L0D0
10
37
20
1624.5
0
VERTEX
8
L0D0
10
37
20
1258.5
0
VERTEX
8
L0D0
10
403
20
1258.5
0
VERTEX
8
L0D0
10
403
20
1621.5
0
VERTEX
8
L0D0
10
40
20
1621.5
0
VERTEX
8
L0D0
10
40
20
1261.5
0
VERTEX
8
L0D0
10
400
20
1261.5
0
VERTEX
8
L0D0
10
400
20
1618.5
0
VERTEX
8
L0D0
10
43
20
1618.5
0
VERTEX
8
L0D0
10
43
20
1264.5
0
VERTEX
8
L0D0
10
397
20
1264.5
0
VERTEX
8
L0D0
10
397
20
1615.5
0
VERTEX
8
L0D0
10
46
20
1615.5
0
VERTEX
8
L0D0
10
46
20
1267.5
0
VERTEX
8
L0D0
10
394
20
1267.5
0
VERTEX
8
L0D0
10
394
20
1612.5
0
VERTEX
8
L0D0
10
49
20
1612.5
0
VERTEX
8
L0D0
10
49
20
1270.5
0
VERTEX
8
L0D0
10
391
20
1270.5
0
VERTEX
8
L0D0
10
391
20
1609.5
0
VERTEX
8
L0D0
10
52
20
1609.5
0
VERTEX
8
L0D0
10
52
20
1273.5
0
VERTEX
8
L0D0
10
388
20
1273.5
0
VERTEX
8
L0D0
10
388
20
1606.5
0
VERTEX
8
L0D0
10
55
20
1606.5
0
VERTEX
8
L0D0
10
55
20
1276.5
0
VERTEX
8
L0D0
10
385
20
1276.5
0
VERTEX
8
L0D0
10
385
20
1603.5
0
VERTEX
8
L0D0
10
58
20
1603.5
0
VERTEX
8
L0D0
10
58
20
1279.5
0
VERTEX
8
L0D0
10
382
20
1279.5
0
VERTEX
8
L0D0
10
382
20
1600.5
0
VERTEX
8
L0D0
10
61
20
1600.5
0
VERTEX
8
L0D0
10
61
20
1282.5
0
VERTEX
8
L0D0
10
379
20
1282.5
0
VERTEX
8
L0D0
10
379
20
1597.5
0
VERTEX
8
L0D0
10
64
20
1597.5
0
VERTEX
8
L0D0
10
64
20
1285.5
0
VERTEX
8
L0D0
10
376
20
1285.5
0
VERTEX
8
L0D0
10
376
20
1594.5
0
VERTEX
8
L0D0
10
67
20
1594.5
0
VERTEX
8
L0D0
10
67
20
1288.5
0
VERTEX
8
L0D0
10
373
20
1288.5
0
VERTEX
8
L0D0
10
373
20
1442.25
0
VERTEX
8
L0D0
10
370
20
1442.25
0
VERTEX
8
L0D0
10
370
20
1591.5
0
VERTEX
8
L0D0
10
70
20
1591.5
0
VERTEX
8
L0D0
10
70
20
1291.5
0
VERTEX
8
L0D0
10
370
20
1291.5
0
VERTEX
8
L0D0
10
370
20
1440.75
0
VERTEX
8
L0D0
10
371.5
20
1440.75
0
VERTEX
8
L0D0
10
371.5
20
1290
0
VERTEX
8
L0D0
10
68.5
20
1290
0
VERTEX
8
L0D0
10
68.5
20
1593
0
VERTEX
8
L0D0
10
374.5
20
1593
0
VERTEX
8
L0D0
10
374.5
20
1287
0
VERTEX
8
L0D0
10
65.5
20
1287
0
VERTEX
8
L0D0
10
65.5
20
1596
0
VERTEX
8
L0D0
10
377.5
20
1596
0
VERTEX
8
L0D0
10
377.5
20
1284
0
VERTEX
8
L0D0
10
62.5
20
1284
0
VERTEX
8
L0D0
10
62.5
20
1599
0
VERTEX
8
L0D0
10
380.5
20
1599
0
VERTEX
8
L0D0
10
380.5
20
1281
0
VERTEX
8
L0D0
10
59.5
20
1281
0
VERTEX
8
L0D0
10
59.5
20
1602
0
VERTEX
8
L0D0
10
383.5
20
1602
0
VERTEX
8
L0D0
10
383.5
20
1278
0
VERTEX
8
L0D0
10
56.5
20
1278
0
VERTEX
8
L0D0
10
56.5
20
1605
0
VERTEX
8
L0D0
10
386.5
20
1605
0
VERTEX
8
L0D0
10
386.5
20
1275
0
VERTEX
8
L0D0
10
53.5
20
1275
0
VERTEX
8
L0D0
10
53.5
20
1608
0
VERTEX
8
L0D0
10
389.5
20
1608
0
VERTEX
8
L0D0
10
389.5
20
1272
0
VERTEX
8
L0D0
10
50.5
20
1272
0
VERTEX
8
L0D0
10
50.5
20
1611
0
VERTEX
8
L0D0
10
392.5
20
1611
0
VERTEX
8
L0D0
10
392.5
20
1269
0
VERTEX
8
L0D0
10
47.5
20
1269
0
VERTEX
8
L0D0
10
47.5
20
1614
0
VERTEX
8
L0D0
10
395.5
20
1614
0
VERTEX
8
L0D0
10
395.5
20
1266
0
VERTEX
8
L0D0
10
44.5
20
1266
0
VERTEX
8
L0D0
10
44.5
20
1617
0
VERTEX
8
L0D0
10
398.5
20
1617
0
VERTEX
8
L0D0
10
398.5
20
1263
0
VERTEX
8
L0D0
10
41.5
20
1263
0
VERTEX
8
L0D0
10
41.5
20
1620
0
VERTEX
8
L0D0
10
401.5
20
1620
0
VERTEX
8
L0D0
10
401.5
20
1260
0
VERTEX
8
L0D0
10
38.5
20
1260
0
VERTEX
8
L0D0
10
38.5
20
1623
0
VERTEX
8
L0D0
10
404.5
20
1623
0
VERTEX
8
L0D0
10
404.5
20
1257
0
VERTEX
8
L0D0
10
35.5
20
1257
0
VERTEX
8
L0D0
10
35.5
20
1626
0
VERTEX
8
L0D0
10
407.5
20
1626
0
VERTEX
8
L0D0
10
407.5
20
1254
0
VERTEX
8
L0D0
10
32.5
20
1254
0
VERTEX
8
L0D0
10
32.5
20
1629
0
VERTEX
8
L0D0
10
410.5
20
1629
0
VERTEX
8
L0D0
10
410.5
20
1251
0
VERTEX
8
L0D0
10
29.5
20
1251
0
VERTEX
8
L0D0
10
29.5
20
1632
0
VERTEX
8
L0D0
10
413.5
20
1632
0
VERTEX
8
L0D0
10
413.5
20
1248
0
VERTEX
8
L0D0
10
26.5
20
1248
0
VERTEX
8
L0D0
10
26.5
20
1635
0
VERTEX
8
L0D0
10
416.5
20
1635
0
VERTEX
8
L0D0
10
416.5
20
1245
0
VERTEX
8
L0D0
10
23.5
20
1245
0
VERTEX
8
L0D0
10
23.5
20
1638
0
VERTEX
8
L0D0
10
419.5
20
1638
0
VERTEX
8
L0D0
10
419.5
20
1242
0
VERTEX
8
L0D0
10
20.5
20
1242
0
VERTEX
8
L0D0
10
20.5
20
1641
0
VERTEX
8
L0D0
10
422.5
20
1641
0
VERTEX
8
L0D0
10
422.5
20
1239
0
VERTEX
8
L0D0
10
17.5
20
1239
0
VERTEX
8
L0D0
10
17.5
20
1644
0
VERTEX
8
L0D0
10
425.5
20
1644
0
VERTEX
8
L0D0
10
425.5
20
1236
0
VERTEX
8
L0D0
10
14.5
20
1236
0
VERTEX
8
L0D0
10
14.5
20
1647
0
VERTEX
8
L0D0
10
428.5
20
1647
0
VERTEX
8
L0D0
10
428.5
20
1233
0
VERTEX
8
L0D0
10
11.5
20
1233
0
VERTEX
8
L0D0
10
11.5
20
1650
0
VERTEX
8
L0D0
10
431.5
20
1650
0
VERTEX
8
L0D0
10
431.5
20
1230
0
VERTEX
8
L0D0
10
8.5
20
1230
0
VERTEX
8
L0D0
10
8.5
20
1653
0
VERTEX
8
L0D0
10
434.5
20
1653
0
VERTEX
8
L0D0
10
434.5
20
1227
0
VERTEX
8
L0D0
10
5.5
20
1227
0
VERTEX
8
L0D0
10
5.5
20
1656
0
VERTEX
8
L0D0
10
437.5
20
1656
0
VERTEX
8
L0D0
10
437.5
20
1224
0
VERTEX
8
L0D0
10
2.5
20
1224
0
VERTEX
8
L0D0
10
2.5
20
1659
0
VERTEX
8
L0D0
10
440.5
20
1659
0
VERTEX
8
L0D0
10
440.5
20
1221
0
VERTEX
8
L0D0
10
-0.5
20
1221
0
VERTEX
8
L0D0
10
-0.5
20
1662
0
VERTEX
8
L0D0
10
443.5
20
1662
0
VERTEX
8
L0D0
10
443.5
20
1218
0
VERTEX
8
L0D0
10
-3.5
20
1218
0
VERTEX
8
L0D0
10
-3.5
20
1665
0
VERTEX
8
L0D0
10
446.5
20
1665
0
VERTEX
8
L0D0
10
446.5
20
1215
0
VERTEX
8
L0D0
10
219.25
20
1215
0
VERTEX
8
L0D0
10
219.25
20
1203
0
VERTEX
8
L0D0
10
-8.5
20
1203
0
VERTEX
8
L0D0
10
-8.5
20
1201.5
0
VERTEX
8
L0D0
10
219.25
20
1201.5
0
VERTEX
8
L0D0
10
219.25
20
1197
0
VERTEX
8
L0D0
10
-8.5
20
1197
0
VERTEX
8
L0D0
10
-8.5
20
1195.5
0
VERTEX
8
L0D0
10
219.25
20
1195.5
0
VERTEX
8
L0D0
10
219.25
20
1191
0
VERTEX
8
L0D0
10
-8.5
20
1191
0
VERTEX
8
L0D0
10
-8.5
20
1189.5
0
VERTEX
8
L0D0
10
219.25
20
1189.5
0
VERTEX
8
L0D0
10
219.25
20
1185
0
VERTEX
8
L0D0
10
-8.5
20
1185
0
VERTEX
8
L0D0
10
-8.5
20
1183.5
0
VERTEX
8
L0D0
10
219.25
20
1183.5
0
VERTEX
8
L0D0
10
219.25
20
1179
0
VERTEX
8
L0D0
10
-8.5
20
1179
0
VERTEX
8
L0D0
10
-8.5
20
1177.5
0
VERTEX
8
L0D0
10
219.25
20
1177.5
0
VERTEX
8
L0D0
10
219.25
20
1173
0
VERTEX
8
L0D0
10
-8.5
20
1173
0
VERTEX
8
L0D0
10
-8.5
20
1171.5
0
VERTEX
8
L0D0
10
219.25
20
1171.5
0
VERTEX
8
L0D0
10
219.25
20
1167
0
VERTEX
8
L0D0
10
-8.5
20
1167
0
VERTEX
8
L0D0
10
-8.5
20
1165.5
0
VERTEX
8
L0D0
10
219.25
20
1165.5
0
VERTEX
8
L0D0
10
219.25
20
1161
0
VERTEX
8
L0D0
10
-8.5
20
1161
0
VERTEX
8
L0D0
10
-8.5
20
1159.5
0
VERTEX
8
L0D0
10
219.25
20
1159.5
0
VERTEX
8
L0D0
10
219.25
20
1155
0
VERTEX
8
L0D0
10
-8.5
20
1155
0
VERTEX
8
L0D0
10
-8.5
20
1153.5
0
VERTEX
8
L0D0
10
219.25
20
1153.5
0
VERTEX
8
L0D0
10
219.25
20
1149
0
VERTEX
8
L0D0
10
-8.5
20
1149
0
VERTEX
8
L0D0
10
-8.5
20
1147.5
0
VERTEX
8
L0D0
10
219.25
20
1147.5
0
VERTEX
8
L0D0
10
219.25
20
1143
0
VERTEX
8
L0D0
10
-8.5
20
1143
0
VERTEX
8
L0D0
10
-8.5
20
1141.5
0
VERTEX
8
L0D0
10
219.25
20
1141.5
0
VERTEX
8
L0D0
10
219.25
20
1137
0
VERTEX
8
L0D0
10
-8.5
20
1137
0
VERTEX
8
L0D0
10
-8.5
20
1135.5
0
VERTEX
8
L0D0
10
219.25
20
1135.5
0
VERTEX
8
L0D0
10
219.25
20
1131
0
VERTEX
8
L0D0
10
-8.5
20
1131
0
VERTEX
8
L0D0
10
-8.5
20
1129.5
0
VERTEX
8
L0D0
10
219.25
20
1129.5
0
VERTEX
8
L0D0
10
219.25
20
1125
0
VERTEX
8
L0D0
10
-8.5
20
1125
0
VERTEX
8
L0D0
10
-8.5
20
1123.5
0
VERTEX
8
L0D0
10
219.25
20
1123.5
0
VERTEX
8
L0D0
10
219.25
20
1119
0
VERTEX
8
L0D0
10
-8.5
20
1119
0
VERTEX
8
L0D0
10
-8.5
20
1117.5
0
VERTEX
8
L0D0
10
219.25
20
1117.5
0
VERTEX
8
L0D0
10
219.25
20
1113
0
VERTEX
8
L0D0
10
-8.5
20
1113
0
VERTEX
8
L0D0
10
-8.5
20
1111.5
0
VERTEX
8
L0D0
10
219.25
20
1111.5
0
VERTEX
8
L0D0
10
219.25
20
1107
0
VERTEX
8
L0D0
10
-8.5
20
1107
0
VERTEX
8
L0D0
10
-8.5
20
1105.5
0
VERTEX
8
L0D0
10
219.25
20
1105.5
0
VERTEX
8
L0D0
10
219.25
20
1101
0
VERTEX
8
L0D0
10
-8.5
20
1101
0
VERTEX
8
L0D0
10
-8.5
20
1099.5
0
VERTEX
8
L0D0
10
219.25
20
1099.5
0
VERTEX
8
L0D0
10
219.25
20
1095
0
VERTEX
8
L0D0
10
-8.5
20
1095
0
VERTEX
8
L0D0
10
-8.5
20
1093.5
0
VERTEX
8
L0D0
10
219.25
20
1093.5
0
VERTEX
8
L0D0
10
219.25
20
1089
0
VERTEX
8
L0D0
10
-8.5
20
1089
0
VERTEX
8
L0D0
10
-8.5
20
1087.5
0
VERTEX
8
L0D0
10
219.25
20
1087.5
0
VERTEX
8
L0D0
10
219.25
20
1083
0
VERTEX
8
L0D0
10
-8.5
20
1083
0
VERTEX
8
L0D0
10
-8.5
20
1081.5
0
VERTEX
8
L0D0
10
219.25
20
1081.5
0
VERTEX
8
L0D0
10
219.25
20
1077
0
VERTEX
8
L0D0
10
-8.5
20
1077
0
VERTEX
8
L0D0
10
-8.5
20
1075.5
0
VERTEX
8
L0D0
10
219.25
20
1075.5
0
VERTEX
8
L0D0
10
219.25
20
1071
0
VERTEX
8
L0D0
10
-8.5
20
1071
0
VERTEX
8
L0D0
10
-8.5
20
1069.5
0
VERTEX
8
L0D0
10
219.25
20
1069.5
0
VERTEX
8
L0D0
10
219.25
20
1065
0
VERTEX
8
L0D0
10
-8.5
20
1065
0
VERTEX
8
L0D0
10
-8.5
20
1063.5
0
VERTEX
8
L0D0
10
219.25
20
1063.5
0
VERTEX
8
L0D0
10
219.25
20
1059
0
VERTEX
8
L0D0
10
-8.5
20
1059
0
VERTEX
8
L0D0
10
-8.5
20
1057.5
0
VERTEX
8
L0D0
10
219.25
20
1057.5
0
VERTEX
8
L0D0
10
219.25
20
1053
0
VERTEX
8
L0D0
10
-8.5
20
1053
0
VERTEX
8
L0D0
10
-8.5
20
1051.5
0
VERTEX
8
L0D0
10
219.25
20
1051.5
0
VERTEX
8
L0D0
10
219.25
20
1047
0
VERTEX
8
L0D0
10
-8.5
20
1047
0
VERTEX
8
L0D0
10
-8.5
20
1045.5
0
VERTEX
8
L0D0
10
219.25
20
1045.5
0
VERTEX
8
L0D0
10
219.25
20
1041
0
VERTEX
8
L0D0
10
-8.5
20
1041
0
VERTEX
8
L0D0
10
-8.5
20
1039.5
0
VERTEX
8
L0D0
10
219.25
20
1039.5
0
VERTEX
8
L0D0
10
219.25
20
1035
0
VERTEX
8
L0D0
10
-8.5
20
1035
0
VERTEX
8
L0D0
10
-8.5
20
1033.5
0
VERTEX
8
L0D0
10
219.25
20
1033.5
0
VERTEX
8
L0D0
10
219.25
20
1029
0
VERTEX
8
L0D0
10
-8.5
20
1029
0
VERTEX
8
L0D0
10
-8.5
20
1027.5
0
VERTEX
8
L0D0
10
219.25
20
1027.5
0
VERTEX
8
L0D0
10
219.25
20
1023
0
VERTEX
8
L0D0
10
-8.5
20
1023
0
VERTEX
8
L0D0
10
-8.5
20
1021.5
0
VERTEX
8
L0D0
10
219.25
20
1021.5
0
VERTEX
8
L0D0
10
219.25
20
1017
0
VERTEX
8
L0D0
10
-8.5
20
1017
0
VERTEX
8
L0D0
10
-8.5
20
1015.5
0
VERTEX
8
L0D0
10
219.25
20
1015.5
0
VERTEX
8
L0D0
10
219.25
20
1011
0
VERTEX
8
L0D0
10
-8.5
20
1011
0
VERTEX
8
L0D0
10
-8.5
20
1009.5
0
VERTEX
8
L0D0
10
219.25
20
1009.5
0
VERTEX
8
L0D0
10
219.25
20
1005
0
VERTEX
8
L0D0
10
-8.5
20
1005
0
VERTEX
8
L0D0
10
-8.5
20
1003.5
0
VERTEX
8
L0D0
10
219.25
20
1003.5
0
VERTEX
8
L0D0
10
219.25
20
999
0
VERTEX
8
L0D0
10
-8.5
20
999
0
VERTEX
8
L0D0
10
-8.5
20
997.5
0
VERTEX
8
L0D0
10
219.25
20
997.5
0
VERTEX
8
L0D0
10
219.25
20
993
0
VERTEX
8
L0D0
10
-8.5
20
993
0
VERTEX
8
L0D0
10
-8.5
20
991.5
0
VERTEX
8
L0D0
10
219.25
20
991.5
0
VERTEX
8
L0D0
10
219.25
20
987
0
VERTEX
8
L0D0
10
-8.5
20
987
0
VERTEX
8
L0D0
10
-8.5
20
985.5
0
VERTEX
8
L0D0
10
219.25
20
985.5
0
VERTEX
8
L0D0
10
219.25
20
981
0
VERTEX
8
L0D0
10
-8.5
20
981
0
VERTEX
8
L0D0
10
-8.5
20
979.5
0
VERTEX
8
L0D0
10
219.25
20
979.5
0
VERTEX
8
L0D0
10
219.25
20
975
0
VERTEX
8
L0D0
10
-8.5
20
975
0
VERTEX
8
L0D0
10
-8.5
20
973.5
0
VERTEX
8
L0D0
10
219.25
20
973.5
0
VERTEX
8
L0D0
10
219.25
20
969
0
VERTEX
8
L0D0
10
-8.5
20
969
0
VERTEX
8
L0D0
10
-8.5
20
967.5
0
VERTEX
8
L0D0
10
219.25
20
967.5
0
VERTEX
8
L0D0
10
219.25
20
955.5
0
VERTEX
8
L0D0
10
447.75
20
955.5
0
VERTEX
8
L0D0
10
447.75
20
954
0
VERTEX
8
L0D0
10
-9.25
20
954
0
VERTEX
8
L0D0
10
-9.25
20
949.5
0
VERTEX
8
L0D0
10
447.75
20
949.5
0
VERTEX
8
L0D0
10
447.75
20
948
0
VERTEX
8
L0D0
10
-9.25
20
948
0
VERTEX
8
L0D0
10
-9.25
20
943.5
0
VERTEX
8
L0D0
10
447.75
20
943.5
0
VERTEX
8
L0D0
10
447.75
20
942
0
VERTEX
8
L0D0
10
-9.25
20
942
0
VERTEX
8
L0D0
10
-9.25
20
937.5
0
VERTEX
8
L0D0
10
447.75
20
937.5
0
VERTEX
8
L0D0
10
447.75
20
936
0
VERTEX
8
L0D0
10
-9.25
20
936
0
VERTEX
8
L0D0
10
-9.25
20
931.5
0
VERTEX
8
L0D0
10
447.75
20
931.5
0
VERTEX
8
L0D0
10
447.75
20
930
0
VERTEX
8
L0D0
10
-9.25
20
930
0
VERTEX
8
L0D0
10
-9.25
20
925.5
0
VERTEX
8
L0D0
10
447.75
20
925.5
0
VERTEX
8
L0D0
10
447.75
20
924
0
VERTEX
8
L0D0
10
-9.25
20
924
0
VERTEX
8
L0D0
10
-9.25
20
919.5
0
VERTEX
8
L0D0
10
447.75
20
919.5
0
VERTEX
8
L0D0
10
447.75
20
918
0
VERTEX
8
L0D0
10
-9.25
20
918
0
VERTEX
8
L0D0
10
-9.25
20
913.5
0
VERTEX
8
L0D0
10
447.75
20
913.5
0
VERTEX
8
L0D0
10
447.75
20
912
0
VERTEX
8
L0D0
10
-9.25
20
912
0
VERTEX
8
L0D0
10
-9.25
20
907.5
0
VERTEX
8
L0D0
10
447.75
20
907.5
0
VERTEX
8
L0D0
10
447.75
20
906
0
VERTEX
8
L0D0
10
-9.25
20
906
0
VERTEX
8
L0D0
10
-9.25
20
901.5
0
VERTEX
8
L0D0
10
447.75
20
901.5
0
VERTEX
8
L0D0
10
447.75
20
900
0
VERTEX
8
L0D0
10
-9.25
20
900
0
VERTEX
8
L0D0
10
-9.25
20
895.5
0
VERTEX
8
L0D0
10
447.75
20
895.5
0
VERTEX
8
L0D0
10
447.75
20
894
0
VERTEX
8
L0D0
10
-9.25
20
894
0
VERTEX
8
L0D0
10
-9.25
20
889.5
0
VERTEX
8
L0D0
10
447.75
20
889.5
0
VERTEX
8
L0D0
10
447.75
20
888
0
VERTEX
8
L0D0
10
-9.25
20
888
0
VERTEX
8
L0D0
10
-9.25
20
883.5
0
VERTEX
8
L0D0
10
447.75
20
883.5
0
VERTEX
8
L0D0
10
447.75
20
882
0
VERTEX
8
L0D0
10
-9.25
20
882
0
VERTEX
8
L0D0
10
-9.25
20
877.5
0
VERTEX
8
L0D0
10
447.75
20
877.5
0
VERTEX
8
L0D0
10
447.75
20
876
0
VERTEX
8
L0D0
10
-9.25
20
876
0
VERTEX
8
L0D0
10
-9.25
20
871.5
0
VERTEX
8
L0D0
10
447.75
20
871.5
0
VERTEX
8
L0D0
10
447.75
20
870
0
VERTEX
8
L0D0
10
-9.25
20
870
0
VERTEX
8
L0D0
10
-9.25
20
865.5
0
VERTEX
8
L0D0
10
447.75
20
865.5
0
VERTEX
8
L0D0
10
447.75
20
864
0
VERTEX
8
L0D0
10
-9.25
20
864
0
VERTEX
8
L0D0
10
-9.25
20
859.5
0
VERTEX
8
L0D0
10
447.75
20
859.5
0
VERTEX
8
L0D0
10
447.75
20
858
0
VERTEX
8
L0D0
10
-9.25
20
858
0
VERTEX
8
L0D0
10
-9.25
20
853.5
0
VERTEX
8
L0D0
10
447.75
20
853.5
0
VERTEX
8
L0D0
10
447.75
20
852
0
VERTEX
8
L0D0
10
-9.25
20
852
0
VERTEX
8
L0D0
10
-9.25
20
847.5
0
VERTEX
8
L0D0
10
447.75
20
847.5
0
VERTEX
8
L0D0
10
447.75
20
846
0
VERTEX
8
L0D0
10
-9.25
20
846
0
VERTEX
8
L0D0
10
-9.25
20
841.5
0
VERTEX
8
L0D0
10
447.75
20
841.5
0
VERTEX
8
L0D0
10
447.75
20
840
0
VERTEX
8
L0D0
10
-9.25
20
840
0
VERTEX
8
L0D0
10
-9.25
20
835.5
0
VERTEX
8
L0D0
10
447.75
20
835.5
0
VERTEX
8
L0D0
10
447.75
20
834
0
VERTEX
8
L0D0
10
-9.25
20
834
0
VERTEX
8
L0D0
10
-9.25
20
829.5
0
VERTEX
8
L0D0
10
447.75
20
829.5
0
VERTEX
8
L0D0
10
447.75
20
828
0
VERTEX
8
L0D0
10
-9.25
20
828
0
VERTEX
8
L0D0
10
-9.25
20
823.5
0
VERTEX
8
L0D0
10
447.75
20
823.5
0
VERTEX
8
L0D0
10
447.75
20
822
0
VERTEX
8
L0D0
10
-9.25
20
822
0
VERTEX
8
L0D0
10
-9.25
20
817.5
0
VERTEX
8
L0D0
10
447.75
20
817.5
0
VERTEX
8
L0D0
10
447.75
20
816
0
VERTEX
8
L0D0
10
-9.25
20
816
0
VERTEX
8
L0D0
10
-9.25
20
811.5
0
VERTEX
8
L0D0
10
447.75
20
811.5
0
VERTEX
8
L0D0
10
447.75
20
810
0
VERTEX
8
L0D0
10
-9.25
20
810
0
VERTEX
8
L0D0
10
-9.25
20
805.5
0
VERTEX
8
L0D0
10
447.75
20
805.5
0
VERTEX
8
L0D0
10
447.75
20
804
0
VERTEX
8
L0D0
10
-9.25
20
804
0
VERTEX
8
L0D0
10
-9.25
20
799.5
0
VERTEX
8
L0D0
10
447.75
20
799.5
0
VERTEX
8
L0D0
10
447.75
20
798
0
VERTEX
8
L0D0
10
-9.25
20
798
0
VERTEX
8
L0D0
10
-9.25
20
793.5
0
VERTEX
8
L0D0
10
447.75
20
793.5
0
VERTEX
8
L0D0
10
447.75
20
792
0
VERTEX
8
L0D0
10
-9.25
20
792
0
VERTEX
8
L0D0
10
-9.25
20
787.5
0
VERTEX
8
L0D0
10
447.75
20
787.5
0
VERTEX
8
L0D0
10
447.75
20
786
0
VERTEX
8
L0D0
10
-9.25
20
786
0
VERTEX
8
L0D0
10
-9.25
20
781.5
0
VERTEX
8
L0D0
10
447.75
20
781.5
0
VERTEX
8
L0D0
10
447.75
20
780
0
VERTEX
8
L0D0
10
-9.25
20
780
0
VERTEX
8
L0D0
10
-9.25
20
775.5
0
VERTEX
8
L0D0
10
447.75
20
775.5
0
VERTEX
8
L0D0
10
447.75
20
774
0
VERTEX
8
L0D0
10
-9.25
20
774
0
VERTEX
8
L0D0
10
-9.25
20
769.5
0
VERTEX
8
L0D0
10
447.75
20
769.5
0
VERTEX
8
L0D0
10
447.75
20
768
0
VERTEX
8
L0D0
10
-9.25
20
768
0
VERTEX
8
L0D0
10
-9.25
20
763.5
0
VERTEX
8
L0D0
10
447.75
20
763.5
0
VERTEX
8
L0D0
10
447.75
20
762
0
VERTEX
8
L0D0
10
-9.25
20
762
0
VERTEX
8
L0D0
10
-9.25
20
757.5
0
VERTEX
8
L0D0
10
447.75
20
757.5
0
VERTEX
8
L0D0
10
447.75
20
756
0
VERTEX
8
L0D0
10
-9.25
20
756
0
VERTEX
8
L0D0
10
-9.25
20
751.5
0
VERTEX
8
L0D0
10
447.75
20
751.5
0
VERTEX
8
L0D0
10
447.75
20
750
0
VERTEX
8
L0D0
10
-9.25
20
750
0
VERTEX
8
L0D0
10
-9.25
20
745.5
0
VERTEX
8
L0D0
10
447.75
20
745.5
0
VERTEX
8
L0D0
10
447.75
20
744
0
VERTEX
8
L0D0
10
-9.25
20
744
0
VERTEX
8
L0D0
10
-9.25
20
739.5
0
VERTEX
8
L0D0
10
447.75
20
739.5
0
VERTEX
8
L0D0
10
447.75
20
738
0
VERTEX
8
L0D0
10
-9.25
20
738
0
VERTEX
8
L0D0
10
-9.25
20
733.5
0
VERTEX
8
L0D0
10
447.75
20
733.5
0
VERTEX
8
L0D0
10
447.75
20
732
0
VERTEX
8
L0D0
10
-9.25
20
732
0
VERTEX
8
L0D0
10
-9.25
20
727.5
0
VERTEX
8
L0D0
10
447.75
20
727.5
0
VERTEX
8
L0D0
10
447.75
20
726
0
VERTEX
8
L0D0
10
-9.25
20
726
0
VERTEX
8
L0D0
10
-9.25
20
721.5
0
VERTEX
8
L0D0
10
447.75
20
721.5
0
VERTEX
8
L0D0
10
447.75
20
720
0
VERTEX
8
L0D0
10
-9.25
20
720
0
VERTEX
8
L0D0
10
-9.25
20
715.5
0
VERTEX
8
L0D0
10
219.25
20
715.5
0
VERTEX
8
L0D0
10
219.25
20
705
0
VERTEX
8
L0D0
10
-8.5
20
705
0
VERTEX
8
L0D0
10
-8.5
20
703.5
0
VERTEX
8
L0D0
10
219.25
20
703.5
0
VERTEX
8
L0D0
10
219.25
20
699
0
VERTEX
8
L0D0
10
-8.5
20
699
0
VERTEX
8
L0D0
10
-8.5
20
697.5
0
VERTEX
8
L0D0
10
219.25
20
697.5
0
VERTEX
8
L0D0
10
219.25
20
693
0
VERTEX
8
L0D0
10
-8.5
20
693
0
VERTEX
8
L0D0
10
-8.5
20
691.5
0
VERTEX
8
L0D0
10
219.25
20
691.5
0
VERTEX
8
L0D0
10
219.25
20
687
0
VERTEX
8
L0D0
10
-8.5
20
687
0
VERTEX
8
L0D0
10
-8.5
20
685.5
0
VERTEX
8
L0D0
10
219.25
20
685.5
0
VERTEX
8
L0D0
10
219.25
20
681
0
VERTEX
8
L0D0
10
-8.5
20
681
0
VERTEX
8
L0D0
10
-8.5
20
679.5
0
VERTEX
8
L0D0
10
219.25
20
679.5
0
VERTEX
8
L0D0
10
219.25
20
675
0
VERTEX
8
L0D0
10
-8.5
20
675
0
VERTEX
8
L0D0
10
-8.5
20
673.5
0
VERTEX
8
L0D0
10
219.25
20
673.5
0
VERTEX
8
L0D0
10
219.25
20
669
0
VERTEX
8
L0D0
10
-8.5
20
669
0
VERTEX
8
L0D0
10
-8.5
20
667.5
0
VERTEX
8
L0D0
10
219.25
20
667.5
0
VERTEX
8
L0D0
10
219.25
20
663
0
VERTEX
8
L0D0
10
-8.5
20
663
0
VERTEX
8
L0D0
10
-8.5
20
661.5
0
VERTEX
8
L0D0
10
219.25
20
661.5
0
VERTEX
8
L0D0
10
219.25
20
657
0
VERTEX
8
L0D0
10
-8.5
20
657
0
VERTEX
8
L0D0
10
-8.5
20
655.5
0
VERTEX
8
L0D0
10
219.25
20
655.5
0
VERTEX
8
L0D0
10
219.25
20
651
0
VERTEX
8
L0D0
10
-8.5
20
651
0
VERTEX
8
L0D0
10
-8.5
20
649.5
0
VERTEX
8
L0D0
10
219.25
20
649.5
0
VERTEX
8
L0D0
10
219.25
20
645
0
VERTEX
8
L0D0
10
-8.5
20
645
0
VERTEX
8
L0D0
10
-8.5
20
643.5
0
VERTEX
8
L0D0
10
219.25
20
643.5
0
VERTEX
8
L0D0
10
219.25
20
639
0
VERTEX
8
L0D0
10
-8.5
20
639
0
VERTEX
8
L0D0
10
-8.5
20
637.5
0
VERTEX
8
L0D0
10
219.25
20
637.5
0
VERTEX
8
L0D0
10
219.25
20
633
0
VERTEX
8
L0D0
10
-8.5
20
633
0
VERTEX
8
L0D0
10
-8.5
20
631.5
0
VERTEX
8
L0D0
10
219.25
20
631.5
0
VERTEX
8
L0D0
10
219.25
20
627
0
VERTEX
8
L0D0
10
-8.5
20
627
0
VERTEX
8
L0D0
10
-8.5
20
625.5
0
VERTEX
8
L0D0
10
219.25
20
625.5
0
VERTEX
8
L0D0
10
219.25
20
621
0
VERTEX
8
L0D0
10
-8.5
20
621
0
VERTEX
8
L0D0
10
-8.5
20
619.5
0
VERTEX
8
L0D0
10
219.25
20
619.5
0
VERTEX
8
L0D0
10
219.25
20
615
0
VERTEX
8
L0D0
10
-8.5
20
615
0
VERTEX
8
L0D0
10
-8.5
20
613.5
0
VERTEX
8
L0D0
10
219.25
20
613.5
0
VERTEX
8
L0D0
10
219.25
20
609
0
VERTEX
8
L0D0
10
-8.5
20
609
0
VERTEX
8
L0D0
10
-8.5
20
607.5
0
VERTEX
8
L0D0
10
219.25
20
607.5
0
VERTEX
8
L0D0
10
219.25
20
603
0
VERTEX
8
L0D0
10
-8.5
20
603
0
VERTEX
8
L0D0
10
-8.5
20
601.5
0
VERTEX
8
L0D0
10
219.25
20
601.5
0
VERTEX
8
L0D0
10
219.25
20
597
0
VERTEX
8
L0D0
10
-8.5
20
597
0
VERTEX
8
L0D0
10
-8.5
20
595.5
0
VERTEX
8
L0D0
10
219.25
20
595.5
0
VERTEX
8
L0D0
10
219.25
20
591
0
VERTEX
8
L0D0
10
-8.5
20
591
0
VERTEX
8
L0D0
10
-8.5
20
589.5
0
VERTEX
8
L0D0
10
219.25
20
589.5
0
VERTEX
8
L0D0
10
219.25
20
585
0
VERTEX
8
L0D0
10
-8.5
20
585
0
VERTEX
8
L0D0
10
-8.5
20
583.5
0
VERTEX
8
L0D0
10
219.25
20
583.5
0
VERTEX
8
L0D0
10
219.25
20
579
0
VERTEX
8
L0D0
10
-8.5
20
579
0
VERTEX
8
L0D0
10
-8.5
20
577.5
0
VERTEX
8
L0D0
10
219.25
20
577.5
0
VERTEX
8
L0D0
10
219.25
20
573
0
VERTEX
8
L0D0
10
-8.5
20
573
0
VERTEX
8
L0D0
10
-8.5
20
571.5
0
VERTEX
8
L0D0
10
219.25
20
571.5
0
VERTEX
8
L0D0
10
219.25
20
567
0
VERTEX
8
L0D0
10
-8.5
20
567
0
VERTEX
8
L0D0
10
-8.5
20
565.5
0
VERTEX
8
L0D0
10
219.25
20
565.5
0
VERTEX
8
L0D0
10
219.25
20
561
0
VERTEX
8
L0D0
10
-8.5
20
561
0
VERTEX
8
L0D0
10
-8.5
20
559.5
0
VERTEX
8
L0D0
10
219.25
20
559.5
0
VERTEX
8
L0D0
10
219.25
20
555
0
VERTEX
8
L0D0
10
-8.5
20
555
0
VERTEX
8
L0D0
10
-8.5
20
553.5
0
VERTEX
8
L0D0
10
219.25
20
553.5
0
VERTEX
8
L0D0
10
219.25
20
549
0
VERTEX
8
L0D0
10
-8.5
20
549
0
VERTEX
8
L0D0
10
-8.5
20
547.5
0
VERTEX
8
L0D0
10
219.25
20
547.5
0
VERTEX
8
L0D0
10
219.25
20
543
0
VERTEX
8
L0D0
10
-8.5
20
543
0
VERTEX
8
L0D0
10
-8.5
20
541.5
0
VERTEX
8
L0D0
10
219.25
20
541.5
0
VERTEX
8
L0D0
10
219.25
20
537
0
VERTEX
8
L0D0
10
-8.5
20
537
0
VERTEX
8
L0D0
10
-8.5
20
535.5
0
VERTEX
8
L0D0
10
219.25
20
535.5
0
VERTEX
8
L0D0
10
219.25
20
531
0
VERTEX
8
L0D0
10
-8.5
20
531
0
VERTEX
8
L0D0
10
-8.5
20
529.5
0
VERTEX
8
L0D0
10
219.25
20
529.5
0
VERTEX
8
L0D0
10
219.25
20
525
0
VERTEX
8
L0D0
10
-8.5
20
525
0
VERTEX
8
L0D0
10
-8.5
20
523.5
0
VERTEX
8
L0D0
10
219.25
20
523.5
0
VERTEX
8
L0D0
10
219.25
20
519
0
VERTEX
8
L0D0
10
-8.5
20
519
0
VERTEX
8
L0D0
10
-8.5
20
517.5
0
VERTEX
8
L0D0
10
219.25
20
517.5
0
VERTEX
8
L0D0
10
219.25
20
513
0
VERTEX
8
L0D0
10
-8.5
20
513
0
VERTEX
8
L0D0
10
-8.5
20
511.5
0
VERTEX
8
L0D0
10
219.25
20
511.5
0
VERTEX
8
L0D0
10
219.25
20
507
0
VERTEX
8
L0D0
10
-8.5
20
507
0
VERTEX
8
L0D0
10
-8.5
20
505.5
0
VERTEX
8
L0D0
10
219.25
20
505.5
0
VERTEX
8
L0D0
10
219.25
20
501
0
VERTEX
8
L0D0
10
-8.5
20
501
0
VERTEX
8
L0D0
10
-8.5
20
499.5
0
VERTEX
8
L0D0
10
219.25
20
499.5
0
VERTEX
8
L0D0
10
219.25
20
495
0
VERTEX
8
L0D0
10
-8.5
20
495
0
VERTEX
8
L0D0
10
-8.5
20
493.5
0
VERTEX
8
L0D0
10
219.25
20
493.5
0
VERTEX
8
L0D0
10
219.25
20
489
0
VERTEX
8
L0D0
10
-8.5
20
489
0
VERTEX
8
L0D0
10
-8.5
20
487.5
0
VERTEX
8
L0D0
10
219.25
20
487.5
0
VERTEX
8
L0D0
10
219.25
20
483
0
VERTEX
8
L0D0
10
-8.5
20
483
0
VERTEX
8
L0D0
10
-8.5
20
481.5
0
VERTEX
8
L0D0
10
219.25
20
481.5
0
VERTEX
8
L0D0
10
219.25
20
477
0
VERTEX
8
L0D0
10
-8.5
20
477
0
VERTEX
8
L0D0
10
-8.5
20
475.5
0
VERTEX
8
L0D0
10
219.25
20
475.5
0
VERTEX
8
L0D0
10
219.25
20
471
0
VERTEX
8
L0D0
10
-8.5
20
471
0
VERTEX
8
L0D0
10
-8.5
20
469.5
0
VERTEX
8
L0D0
10
219.25
20
469.5
0
VERTEX
8
L0D0
10
219.25
20
465
0
VERTEX
8
L0D0
10
-8.5
20
465
0
VERTEX
8
L0D0
10
-8.5
20
463.5
0
VERTEX
8
L0D0
10
219.25
20
463.5
0
VERTEX
8
L0D0
10
219.25
20
459
0
VERTEX
8
L0D0
10
-8.5
20
459
0
VERTEX
8
L0D0
10
-8.5
20
457.5
0
VERTEX
8
L0D0
10
219.25
20
457.5
0
VERTEX
8
L0D0
10
219.25
20
453
0
VERTEX
8
L0D0
10
-8.5
20
453
0
VERTEX
8
L0D0
10
-8.5
20
451.5
0
VERTEX
8
L0D0
10
219.25
20
451.5
0
VERTEX
8
L0D0
10
219.25
20
447
0
VERTEX
8
L0D0
10
-8.5
20
447
0
VERTEX
8
L0D0
10
-8.5
20
445.5
0
VERTEX
8
L0D0
10
219.25
20
445.5
0
VERTEX
8
L0D0
10
219.25
20
441
0
VERTEX
8
L0D0
10
-8.5
20
441
0
VERTEX
8
L0D0
10
-8.5
20
439.5
0
VERTEX
8
L0D0
10
219.25
20
439.5
0
VERTEX
8
L0D0
10
219.25
20
435
0
VERTEX
8
L0D0
10
-8.5
20
435
0
VERTEX
8
L0D0
10
-8.5
20
433.5
0
VERTEX
8
L0D0
10
219.25
20
433.5
0
VERTEX
8
L0D0
10
219.25
20
429
0
VERTEX
8
L0D0
10
-8.5
20
429
0
VERTEX
8
L0D0
10
-8.5
20
427.5
0
VERTEX
8
L0D0
10
219.25
20
427.5
0
VERTEX
8
L0D0
10
219.25
20
423
0
VERTEX
8
L0D0
10
-8.5
20
423
0
VERTEX
8
L0D0
10
-8.5
20
421.5
0
VERTEX
8
L0D0
10
219.25
20
421.5
0
VERTEX
8
L0D0
10
219.25
20
417
0
VERTEX
8
L0D0
10
-8.5
20
417
0
VERTEX
8
L0D0
10
-8.5
20
415.5
0
VERTEX
8
L0D0
10
219.25
20
415.5
0
VERTEX
8
L0D0
10
219.25
20
411
0
VERTEX
8
L0D0
10
-8.5
20
411
0
VERTEX
8
L0D0
10
-8.5
20
409.5
0
VERTEX
8
L0D0
10
219.25
20
409.5
0
VERTEX
8
L0D0
10
219.25
20
402
0
VERTEX
8
L0D0
10
219.4
20
402
0
VERTEX
8
L0D0
10
219.4
20
102
0
VERTEX
8
L0D0
10
219.359
20
99.162
0
VERTEX
8
L0D0
10
219.238
20
96.325
0
VERTEX
8
L0D0
10
219.035
20
93.494
0
VERTEX
8
L0D0
10
218.752
20
90.669
0
VERTEX
8
L0D0
10
218.388
20
87.854
0
VERTEX
8
L0D0
10
217.944
20
85.05
0
VERTEX
8
L0D0
10
217.42
20
82.26
0
VERTEX
8
L0D0
10
216.817
20
79.486
0
VERTEX
8
L0D0
10
216.134
20
76.731
0
VERTEX
8
L0D0
10
215.374
20
73.996
0
VERTEX
8
L0D0
10
214.535
20
71.284
0
VERTEX
8
L0D0
10
213.619
20
68.597
0
VERTEX
8
L0D0
10
212.627
20
65.937
0
VERTEX
8
L0D0
10
211.56
20
63.307
0
VERTEX
8
L0D0
10
210.417
20
60.708
0
VERTEX
8
L0D0
10
209.201
20
58.143
0
VERTEX
8
L0D0
10
207.913
20
55.613
0
VERTEX
8
L0D0
10
206.552
20
53.122
0
VERTEX
8
L0D0
10
205.121
20
50.67
0
VERTEX
8
L0D0
10
203.621
20
48.26
0
VERTEX
8
L0D0
10
202.052
20
45.894
0
VERTEX
8
L0D0
10
200.416
20
43.574
0
VERTEX
8
L0D0
10
198.715
20
41.302
0
VERTEX
8
L0D0
10
196.95
20
39.079
0
VERTEX
8
L0D0
10
195.122
20
36.907
0
VERTEX
8
L0D0
10
193.232
20
34.788
0
VERTEX
8
L0D0
10
191.283
20
32.724
0
VERTEX
8
L0D0
10
189.276
20
30.717
0
VERTEX
8
L0D0
10
187.212
20
28.768
0
VERTEX
8
L0D0
10
185.093
20
26.878
0
VERTEX
8
L0D0
10
182.921
20
25.05
0
VERTEX
8
L0D0
10
180.698
20
23.285
0
VERTEX
8
L0D0
10
178.426
20
21.584
0
VERTEX
8
L0D0
10
176.106
20
19.948
0
VERTEX
8
L0D0
10
173.74
20
18.379
0
VERTEX
8
L0D0
10
171.33
20
16.879
0
VERTEX
8
L0D0
10
168.878
20
15.448
0
VERTEX
8
L0D0
10
166.387
20
14.087
0
VERTEX
8
L0D0
10
163.857
20
12.799
0
VERTEX
8
L0D0
10
161.292
20
11.583
0
VERTEX
8
L0D0
10
158.693
20
10.44
0
VERTEX
8
L0D0
10
156.063
20
9.373
0
VERTEX
8
L0D0
10
153.403
20
8.381
0
VERTEX
8
L0D0
10
150.716
20
7.465
0
VERTEX
8
L0D0
10
148.004
20
6.626
0
VERTEX
8
L0D0
10
145.269
20
5.866
0
VERTEX
8
L0D0
10
142.514
20
5.183
0
VERTEX
8
L0D0
10
139.74
20
4.58
0
VERTEX
8
L0D0
10
136.95
20
4.056
0
VERTEX
8
L0D0
10
134.146
20
3.612
0
VERTEX
8
L0D0
10
131.331
20
3.248
0
VERTEX
8
L0D0
10
128.506
20
2.965
0
VERTEX
8
L0D0
10
125.675
20
2.762
0
VERTEX
8
L0D0
10
122.838
20
2.641
0
VERTEX
8
L0D0
10
120
20
2.6
0
VERTEX
8
L0D0
10
3.2
20
2.6
0
VERTEX
8
L0D0
10
3.2
20
5
0
VERTEX
8
L0D0
10
-2.1
20
5
0
VERTEX
8
L0D0
10
-2.1
20
3.8
0
VERTEX
8
L0D0
10
2
20
3.8
0
VERTEX
8
L0D0
10
2
20
1.4
0
VERTEX
8
L0D0
10
120
20
1.4
0
VERTEX
8
L0D0
10
122.821
20
1.44
0
VERTEX
8
L0D0
10
125.641
20
1.558
0
VERTEX
8
L0D0
10
128.455
20
1.756
0
VERTEX
8
L0D0
10
131.264
20
2.033
0
VERTEX
8
L0D0
10
134.063
20
2.388
0
VERTEX
8
L0D0
10
136.851
20
2.821
0
VERTEX
8
L0D0
10
139.626
20
3.333
0
VERTEX
8
L0D0
10
142.386
20
3.922
0
VERTEX
8
L0D0
10
145.128
20
4.589
0
VERTEX
8
L0D0
10
147.85
20
5.332
0
VERTEX
8
L0D0
10
150.55
20
6.151
0
VERTEX
8
L0D0
10
153.226
20
7.045
0
VERTEX
8
L0D0
10
155.876
20
8.015
0
VERTEX
8
L0D0
10
158.498
20
9.058
0
VERTEX
8
L0D0
10
161.089
20
10.174
0
VERTEX
8
L0D0
10
163.649
20
11.363
0
VERTEX
8
L0D0
10
166.174
20
12.622
0
VERTEX
8
L0D0
10
168.662
20
13.953
0
VERTEX
8
L0D0
10
171.112
20
15.352
0
VERTEX
8
L0D0
10
173.522
20
16.82
0
VERTEX
8
L0D0
10
175.89
20
18.354
0
VERTEX
8
L0D0
10
178.214
20
19.955
0
VERTEX
8
L0D0
10
180.492
20
21.62
0
VERTEX
8
L0D0
10
182.723
20
23.348
0
VERTEX
8
L0D0
10
184.904
20
25.138
0
VERTEX
8
L0D0
10
187.034
20
26.988
0
VERTEX
8
L0D0
10
189.112
20
28.898
0
VERTEX
8
L0D0
10
191.135
20
30.865
0
VERTEX
8
L0D0
10
193.102
20
32.888
0
VERTEX
8
L0D0
10
195.012
20
34.966
0
VERTEX
8
L0D0
10
196.862
20
37.096
0
VERTEX
8
L0D0
10
198.652
20
39.277
0
VERTEX
8
L0D0
10
200.38
20
41.508
0
VERTEX
8
L0D0
10
202.045
20
43.786
0
VERTEX
8
L0D0
10
203.646
20
46.11
0
VERTEX
8
L0D0
10
205.18
20
48.478
0
VERTEX
8
L0D0
10
206.648
20
50.888
0
VERTEX
8
L0D0
10
208.047
20
53.338
0
VERTEX
8
L0D0
10
209.378
20
55.826
0
VERTEX
8
L0D0
10
210.637
20
58.351
0
VERTEX
8
L0D0
10
211.826
20
60.911
0
VERTEX
8
L0D0
10
212.942
20
63.502
0
VERTEX
8
L0D0
10
213.985
20
66.124
0
VERTEX
8
L0D0
10
214.955
20
68.774
0
VERTEX
8
L0D0
10
215.849
20
71.45
0
VERTEX
8
L0D0
10
216.668
20
74.15
0
VERTEX
8
L0D0
10
217.411
20
76.872
0
VERTEX
8
L0D0
10
218.078
20
79.614
0
VERTEX
8
L0D0
10
218.667
20
82.374
0
VERTEX
8
L0D0
10
219.179
20
85.149
0
VERTEX
8
L0D0
10
219.612
20
87.937
0
VERTEX
8
L0D0
10
219.967
20
90.736
0
VERTEX
8
L0D0
10
220.244
20
93.545
0
VERTEX
8
L0D0
10
220.442
20
96.359
0
VERTEX
8
L0D0
10
220.56
20
99.179
0
VERTEX
8
L0D0
10
220.6
20
102
0
VERTEX
8
L0D0
10
220.6
20
402
0
VERTEX
8
L0D0
10
220.75
20
402
0
VERTEX
8
L0D0
10
220.75
20
409.5
0
VERTEX
8
L0D0
10
448.5
20
409.5
0
VERTEX
8
L0D0
10
448.5
20
411
0
VERTEX
8
L0D0
10
220.75
20
411
0
VERTEX
8
L0D0
10
220.75
20
415.5
0
VERTEX
8
L0D0
10
448.5
20
415.5
0
VERTEX
8
L0D0
10
448.5
20
417
0
VERTEX
8
L0D0
10
220.75
20
417
0
VERTEX
8
L0D0
10
220.75
20
421.5
0
VERTEX
8
L0D0
10
448.5
20
421.5
0
VERTEX
8
L0D0
10
448.5
20
423
0
VERTEX
8
L0D0
10
220.75
20
423
0
VERTEX
8
L0D0
10
220.75
20
427.5
0
VERTEX
8
L0D0
10
448.5
20
427.5
0
VERTEX
8
L0D0
10
448.5
20
429
0
VERTEX
8
L0D0
10
220.75
20
429
0
VERTEX
8
L0D0
10
220.75
20
433.5
0
VERTEX
8
L0D0
10
448.5
20
433.5
0
VERTEX
8
L0D0
10
448.5
20
435
0
VERTEX
8
L0D0
10
220.75
20
435
0
VERTEX
8
L0D0
10
220.75
20
439.5
0
VERTEX
8
L0D0
10
448.5
20
439.5
0
VERTEX
8
L0D0
10
448.5
20
441
0
VERTEX
8
L0D0
10
220.75
20
441
0
VERTEX
8
L0D0
10
220.75
20
445.5
0
VERTEX
8
L0D0
10
448.5
20
445.5
0
VERTEX
8
L0D0
10
448.5
20
447
0
VERTEX
8
L0D0
10
220.75
20
447
0
VERTEX
8
L0D0
10
220.75
20
451.5
0
VERTEX
8
L0D0
10
448.5
20
451.5
0
VERTEX
8
L0D0
10
448.5
20
453
0
VERTEX
8
L0D0
10
220.75
20
453
0
VERTEX
8
L0D0
10
220.75
20
457.5
0
VERTEX
8
L0D0
10
448.5
20
457.5
0
VERTEX
8
L0D0
10
448.5
20
459
0
VERTEX
8
L0D0
10
220.75
20
459
0
VERTEX
8
L0D0
10
220.75
20
463.5
0
VERTEX
8
L0D0
10
448.5
20
463.5
0
VERTEX
8
L0D0
10
448.5
20
465
0
VERTEX
8
L0D0
10
220.75
20
465
0
VERTEX
8
L0D0
10
220.75
20
469.5
0
VERTEX
8
L0D0
10
448.5
20
469.5
0
VERTEX
8
L0D0
10
448.5
20
471
0
VERTEX
8
L0D0
10
220.75
20
471
0
VERTEX
8
L0D0
10
220.75
20
475.5
0
VERTEX
8
L0D0
10
448.5
20
475.5
0
VERTEX
8
L0D0
10
448.5
20
477
0
VERTEX
8
L0D0
10
220.75
20
477
0
VERTEX
8
L0D0
10
220.75
20
481.5
0
VERTEX
8
L0D0
10
448.5
20
481.5
0
VERTEX
8
L0D0
10
448.5
20
483
0
VERTEX
8
L0D0
10
220.75
20
483
0
VERTEX
8
L0D0
10
220.75
20
487.5
0
VERTEX
8
L0D0
10
448.5
20
487.5
0
VERTEX
8
L0D0
10
448.5
20
489
0
VERTEX
8
L0D0
10
220.75
20
489
0
VERTEX
8
L0D0
10
220.75
20
493.5
0
VERTEX
8
L0D0
10
448.5
20
493.5
0
VERTEX
8
L0D0
10
448.5
20
495
0
VERTEX
8
L0D0
10
220.75
20
495
0
VERTEX
8
L0D0
10
220.75
20
499.5
0
VERTEX
8
L0D0
10
448.5
20
499.5
0
VERTEX
8
L0D0
10
448.5
20
501
0
VERTEX
8
L0D0
10
220.75
20
501
0
VERTEX
8
L0D0
10
220.75
20
505.5
0
VERTEX
8
L0D0
10
448.5
20
505.5
0
VERTEX
8
L0D0
10
448.5
20
507
0
VERTEX
8
L0D0
10
220.75
20
507
0
VERTEX
8
L0D0
10
220.75
20
511.5
0
VERTEX
8
L0D0
10
448.5
20
511.5
0
VERTEX
8
L0D0
10
448.5
20
513
0
VERTEX
8
L0D0
10
220.75
20
513
0
VERTEX
8
L0D0
10
220.75
20
517.5
0
VERTEX
8
L0D0
10
448.5
20
517.5
0
VERTEX
8
L0D0
10
448.5
20
519
0
VERTEX
8
L0D0
10
220.75
20
519
0
VERTEX
8
L0D0
10
220.75
20
523.5
0
VERTEX
8
L0D0
10
448.5
20
523.5
0
VERTEX
8
L0D0
10
448.5
20
525
0
VERTEX
8
L0D0
10
220.75
20
525
0
VERTEX
8
L0D0
10
220.75
20
529.5
0
VERTEX
8
L0D0
10
448.5
20
529.5
0
VERTEX
8
L0D0
10
448.5
20
531
0
VERTEX
8
L0D0
10
220.75
20
531
0
VERTEX
8
L0D0
10
220.75
20
535.5
0
VERTEX
8
L0D0
10
448.5
20
535.5
0
VERTEX
8
L0D0
10
448.5
20
537
0
VERTEX
8
L0D0
10
220.75
20
537
0
VERTEX
8
L0D0
10
220.75
20
541.5
0
VERTEX
8
L0D0
10
448.5
20
541.5
0
VERTEX
8
L0D0
10
448.5
20
543
0
VERTEX
8
L0D0
10
220.75
20
543
0
VERTEX
8
L0D0
10
220.75
20
547.5
0
VERTEX
8
L0D0
10
448.5
20
547.5
0
VERTEX
8
L0D0
10
448.5
20
549
0
VERTEX
8
L0D0
10
220.75
20
549
0
VERTEX
8
L0D0
10
220.75
20
553.5
0
VERTEX
8
L0D0
10
448.5
20
553.5
0
VERTEX
8
L0D0
10
448.5
20
555
0
VERTEX
8
L0D0
10
220.75
20
555
0
VERTEX
8
L0D0
10
220.75
20
559.5
0
VERTEX
8
L0D0
10
448.5
20
559.5
0
VERTEX
8
L0D0
10
448.5
20
561
0
VERTEX
8
L0D0
10
220.75
20
561
0
VERTEX
8
L0D0
10
220.75
20
565.5
0
VERTEX
8
L0D0
10
448.5
20
565.5
0
VERTEX
8
L0D0
10
448.5
20
567
0
VERTEX
8
L0D0
10
220.75
20
567
0
VERTEX
8
L0D0
10
220.75
20
571.5
0
VERTEX
8
L0D0
10
448.5
20
571.5
0
VERTEX
8
L0D0
10
448.5
20
573
0
VERTEX
8
L0D0
10
220.75
20
573
0
VERTEX
8
L0D0
10
220.75
20
577.5
0
VERTEX
8
L0D0
10
448.5
20
577.5
0
VERTEX
8
L0D0
10
448.5
20
579
0
VERTEX
8
L0D0
10
220.75
20
579
0
VERTEX
8
L0D0
10
220.75
20
583.5
0
VERTEX
8
L0D0
10
448.5
20
583.5
0
VERTEX
8
L0D0
10
448.5
20
585
0
VERTEX
8
L0D0
10
220.75
20
585
0
VERTEX
8
L0D0
10
220.75
20
589.5
0
VERTEX
8
L0D0
10
448.5
20
589.5
0
VERTEX
8
L0D0
10
448.5
20
591
0
VERTEX
8
L0D0
10
220.75
20
591
0
VERTEX
8
L0D0
10
220.75
20
595.5
0
VERTEX
8
L0D0
10
448.5
20
595.5
0
VERTEX
8
L0D0
10
448.5
20
597
0
VERTEX
8
L0D0
10
220.75
20
597
0
VERTEX
8
L0D0
10
220.75
20
601.5
0
VERTEX
8
L0D0
10
448.5
20
601.5
0
VERTEX
8
L0D0
10
448.5
20
603
0
VERTEX
8
L0D0
10
220.75
20
603
0
VERTEX
8
L0D0
10
220.75
20
607.5
0
VERTEX
8
L0D0
10
448.5
20
607.5
0
VERTEX
8
L0D0
10
448.5
20
609
0
VERTEX
8
L0D0
10
220.75
20
609
0
VERTEX
8
L0D0
10
220.75
20
613.5
0
VERTEX
8
L0D0
10
448.5
20
613.5
0
VERTEX
8
L0D0
10
448.5
20
615
0
VERTEX
8
L0D0
10
220.75
20
615
0
VERTEX
8
L0D0
10
220.75
20
619.5
0
VERTEX
8
L0D0
10
448.5
20
619.5
0
VERTEX
8
L0D0
10
448.5
20
621
0
VERTEX
8
L0D0
10
220.75
20
621
0
VERTEX
8
L0D0
10
220.75
20
625.5
0
VERTEX
8
L0D0
10
448.5
20
625.5
0
VERTEX
8
L0D0
10
448.5
20
627
0
VERTEX
8
L0D0
10
220.75
20
627
0
VERTEX
8
L0D0
10
220.75
20
631.5
0
VERTEX
8
L0D0
10
448.5
20
631.5
0
VERTEX
8
L0D0
10
448.5
20
633
0
VERTEX
8
L0D0
10
220.75
20
633
0
VERTEX
8
L0D0
10
220.75
20
637.5
0
VERTEX
8
L0D0
10
448.5
20
637.5
0
VERTEX
8
L0D0
10
448.5
20
639
0
VERTEX
8
L0D0
10
220.75
20
639
0
VERTEX
8
L0D0
10
220.75
20
643.5
0
VERTEX
8
L0D0
10
448.5
20
643.5
0
VERTEX
8
L0D0
10
448.5
20
645
0
VERTEX
8
L0D0
10
220.75
20
645
0
VERTEX
8
L0D0
10
220.75
20
649.5
0
VERTEX
8
L0D0
10
448.5
20
649.5
0
VERTEX
8
L0D0
10
448.5
20
651
0
VERTEX
8
L0D0
10
220.75
20
651
0
VERTEX
8
L0D0
10
220.75
20
655.5
0
VERTEX
8
L0D0
10
448.5
20
655.5
0
VERTEX
8
L0D0
10
448.5
20
657
0
VERTEX
8
L0D0
10
220.75
20
657
0
VERTEX
8
L0D0
10
220.75
20
661.5
0
VERTEX
8
L0D0
10
448.5
20
661.5
0
VERTEX
8
L0D0
10
448.5
20
663
0
VERTEX
8
L0D0
10
220.75
20
663
0
VERTEX
8
L0D0
10
220.75
20
667.5
0
VERTEX
8
L0D0
10
448.5
20
667.5
0
VERTEX
8
L0D0
10
448.5
20
669
0
VERTEX
8
L0D0
10
220.75
20
669
0
VERTEX
8
L0D0
10
220.75
20
673.5
0
VERTEX
8
L0D0
10
448.5
20
673.5
0
VERTEX
8
L0D0
10
448.5
20
675
0
VERTEX
8
L0D0
10
220.75
20
675
0
VERTEX
8
L0D0
10
220.75
20
679.5
0
VERTEX
8
L0D0
10
448.5
20
679.5
0
VERTEX
8
L0D0
10
448.5
20
681
0
VERTEX
8
L0D0
10
220.75
20
681
0
VERTEX
8
L0D0
10
220.75
20
685.5
0
VERTEX
8
L0D0
10
448.5
20
685.5
0
VERTEX
8
L0D0
10
448.5
20
687
0
VERTEX
8
L0D0
10
220.75
20
687
0
VERTEX
8
L0D0
10
220.75
20
691.5
0
VERTEX
8
L0D0
10
448.5
20
691.5
0
VERTEX
8
L0D0
10
448.5
20
693
0
VERTEX
8
L0D0
10
220.75
20
693
0
VERTEX
8
L0D0
10
220.75
20
697.5
0
VERTEX
8
L0D0
10
448.5
20
697.5
0
VERTEX
8
L0D0
10
448.5
20
699
0
VERTEX
8
L0D0
10
220.75
20
699
0
VERTEX
8
L0D0
10
220.75
20
703.5
0
VERTEX
8
L0D0
10
448.5
20
703.5
0
VERTEX
8
L0D0
10
448.5
20
705
0
VERTEX
8
L0D0
10
220.75
20
705
0
VERTEX
8
L0D0
10
220.75
20
717
0
VERTEX
8
L0D0
10
-7.75
20
717
0
VERTEX
8
L0D0
10
-7.75
20
718.5
0
VERTEX
8
L0D0
10
449.25
20
718.5
0
VERTEX
8
L0D0
10
449.25
20
723
0
VERTEX
8
L0D0
10
-7.75
20
723
0
VERTEX
8
L0D0
10
-7.75
20
724.5
0
VERTEX
8
L0D0
10
449.25
20
724.5
0
VERTEX
8
L0D0
10
449.25
20
729
0
VERTEX
8
L0D0
10
-7.75
20
729
0
VERTEX
8
L0D0
10
-7.75
20
730.5
0
VERTEX
8
L0D0
10
449.25
20
730.5
0
VERTEX
8
L0D0
10
449.25
20
735
0
VERTEX
8
L0D0
10
-7.75
20
735
0
VERTEX
8
L0D0
10
-7.75
20
736.5
0
VERTEX
8
L0D0
10
449.25
20
736.5
0
VERTEX
8
L0D0
10
449.25
20
741
0
VERTEX
8
L0D0
10
-7.75
20
741
0
VERTEX
8
L0D0
10
-7.75
20
742.5
0
VERTEX
8
L0D0
10
449.25
20
742.5
0
VERTEX
8
L0D0
10
449.25
20
747
0
VERTEX
8
L0D0
10
-7.75
20
747
0
VERTEX
8
L0D0
10
-7.75
20
748.5
0
VERTEX
8
L0D0
10
449.25
20
748.5
0
VERTEX
8
L0D0
10
449.25
20
753
0
VERTEX
8
L0D0
10
-7.75
20
753
0
VERTEX
8
L0D0
10
-7.75
20
754.5
0
VERTEX
8
L0D0
10
449.25
20
754.5
0
VERTEX
8
L0D0
10
449.25
20
759
0
VERTEX
8
L0D0
10
-7.75
20
759
0
VERTEX
8
L0D0
10
-7.75
20
760.5
0
VERTEX
8
L0D0
10
449.25
20
760.5
0
VERTEX
8
L0D0
10
449.25
20
765
0
VERTEX
8
L0D0
10
-7.75
20
765
0
VERTEX
8
L0D0
10
-7.75
20
766.5
0
VERTEX
8
L0D0
10
449.25
20
766.5
0
VERTEX
8
L0D0
10
449.25
20
771
0
VERTEX
8
L0D0
10
-7.75
20
771
0
VERTEX
8
L0D0
10
-7.75
20
772.5
0
VERTEX
8
L0D0
10
449.25
20
772.5
0
VERTEX
8
L0D0
10
449.25
20
777
0
VERTEX
8
L0D0
10
-7.75
20
777
0
VERTEX
8
L0D0
10
-7.75
20
778.5
0
VERTEX
8
L0D0
10
449.25
20
778.5
0
VERTEX
8
L0D0
10
449.25
20
783
0
VERTEX
8
L0D0
10
-7.75
20
783
0
VERTEX
8
L0D0
10
-7.75
20
784.5
0
VERTEX
8
L0D0
10
449.25
20
784.5
0
VERTEX
8
L0D0
10
449.25
20
789
0
VERTEX
8
L0D0
10
-7.75
20
789
0
VERTEX
8
L0D0
10
-7.75
20
790.5
0
VERTEX
8
L0D0
10
449.25
20
790.5
0
VERTEX
8
L0D0
10
449.25
20
795
0
VERTEX
8
L0D0
10
-7.75
20
795
0
VERTEX
8
L0D0
10
-7.75
20
796.5
0
VERTEX
8
L0D0
10
449.25
20
796.5
0
VERTEX
8
L0D0
10
449.25
20
801
0
VERTEX
8
L0D0
10
-7.75
20
801
0
VERTEX
8
L0D0
10
-7.75
20
802.5
0
VERTEX
8
L0D0
10
449.25
20
802.5
0
VERTEX
8
L0D0
10
449.25
20
807
0
VERTEX
8
L0D0
10
-7.75
20
807
0
VERTEX
8
L0D0
10
-7.75
20
808.5
0
VERTEX
8
L0D0
10
449.25
20
808.5
0
VERTEX
8
L0D0
10
449.25
20
813
0
VERTEX
8
L0D0
10
-7.75
20
813
0
VERTEX
8
L0D0
10
-7.75
20
814.5
0
VERTEX
8
L0D0
10
449.25
20
814.5
0
VERTEX
8
L0D0
10
449.25
20
819
0
VERTEX
8
L0D0
10
-7.75
20
819
0
VERTEX
8
L0D0
10
-7.75
20
820.5
0
VERTEX
8
L0D0
10
449.25
20
820.5
0
VERTEX
8
L0D0
10
449.25
20
825
0
VERTEX
8
L0D0
10
-7.75
20
825
0
VERTEX
8
L0D0
10
-7.75
20
826.5
0
VERTEX
8
L0D0
10
449.25
20
826.5
0
VERTEX
8
L0D0
10
449.25
20
831
0
VERTEX
8
L0D0
10
-7.75
20
831
0
VERTEX
8
L0D0
10
-7.75
20
832.5
0
VERTEX
8
L0D0
10
449.25
20
832.5
0
VERTEX
8
L0D0
10
449.25
20
837
0
VERTEX
8
L0D0
10
-7.75
20
837
0
VERTEX
8
L0D0
10
-7.75
20
838.5
0
VERTEX
8
L0D0
10
449.25
20
838.5
0
VERTEX
8
L0D0
10
449.25
20
843
0
VERTEX
8
L0D0
10
-7.75
20
843
0
VERTEX
8
L0D0
10
-7.75
20
844.5
0
VERTEX
8
L0D0
10
449.25
20
844.5
0
VERTEX
8
L0D0
10
449.25
20
849
0
VERTEX
8
L0D0
10
-7.75
20
849
0
VERTEX
8
L0D0
10
-7.75
20
850.5
0
VERTEX
8
L0D0
10
449.25
20
850.5
0
VERTEX
8
L0D0
10
449.25
20
855
0
VERTEX
8
L0D0
10
-7.75
20
855
0
VERTEX
8
L0D0
10
-7.75
20
856.5
0
VERTEX
8
L0D0
10
449.25
20
856.5
0
VERTEX
8
L0D0
10
449.25
20
861
0
VERTEX
8
L0D0
10
-7.75
20
861
0
VERTEX
8
L0D0
10
-7.75
20
862.5
0
VERTEX
8
L0D0
10
449.25
20
862.5
0
VERTEX
8
L0D0
10
449.25
20
867
0
VERTEX
8
L0D0
10
-7.75
20
867
0
VERTEX
8
L0D0
10
-7.75
20
868.5
0
VERTEX
8
L0D0
10
449.25
20
868.5
0
VERTEX
8
L0D0
10
449.25
20
873
0
VERTEX
8
L0D0
10
-7.75
20
873
0
VERTEX
8
L0D0
10
-7.75
20
874.5
0
VERTEX
8
L0D0
10
449.25
20
874.5
0
VERTEX
8
L0D0
10
449.25
20
879
0
VERTEX
8
L0D0
10
-7.75
20
879
0
VERTEX
8
L0D0
10
-7.75
20
880.5
0
VERTEX
8
L0D0
10
449.25
20
880.5
0
VERTEX
8
L0D0
10
449.25
20
885
0
VERTEX
8
L0D0
10
-7.75
20
885
0
VERTEX
8
L0D0
10
-7.75
20
886.5
0
VERTEX
8
L0D0
10
449.25
20
886.5
0
VERTEX
8
L0D0
10
449.25
20
891
0
VERTEX
8
L0D0
10
-7.75
20
891
0
VERTEX
8
L0D0
10
-7.75
20
892.5
0
VERTEX
8
L0D0
10
449.25
20
892.5
0
VERTEX
8
L0D0
10
449.25
20
897
0
VERTEX
8
L0D0
10
-7.75
20
897
0
VERTEX
8
L0D0
10
-7.75
20
898.5
0
VERTEX
8
L0D0
10
449.25
20
898.5
0
VERTEX
8
L0D0
10
449.25
20
903
0
VERTEX
8
L0D0
10
-7.75
20
903
0
VERTEX
8
L0D0
10
-7.75
20
904.5
0
VERTEX
8
L0D0
10
449.25
20
904.5
0
VERTEX
8
L0D0
10
449.25
20
909
0
VERTEX
8
L0D0
10
-7.75
20
909
0
VERTEX
8
L0D0
10
-7.75
20
910.5
0
VERTEX
8
L0D0
10
449.25
20
910.5
0
VERTEX
8
L0D0
10
449.25
20
915
0
VERTEX
8
L0D0
10
-7.75
20
915
0
VERTEX
8
L0D0
10
-7.75
20
916.5
0
VERTEX
8
L0D0
10
449.25
20
916.5
0
VERTEX
8
L0D0
10
449.25
20
921
0
VERTEX
8
L0D0
10
-7.75
20
921
0
VERTEX
8
L0D0
10
-7.75
20
922.5
0
VERTEX
8
L0D0
10
449.25
20
922.5
0
VERTEX
8
L0D0
10
449.25
20
927
0
VERTEX
8
L0D0
10
-7.75
20
927
0
VERTEX
8
L0D0
10
-7.75
20
928.5
0
VERTEX
8
L0D0
10
449.25
20
928.5
0
VERTEX
8
L0D0
10
449.25
20
933
0
VERTEX
8
L0D0
10
-7.75
20
933
0
VERTEX
8
L0D0
10
-7.75
20
934.5
0
VERTEX
8
L0D0
10
449.25
20
934.5
0
VERTEX
8
L0D0
10
449.25
20
939
0
VERTEX
8
L0D0
10
-7.75
20
939
0
VERTEX
8
L0D0
10
-7.75
20
940.5
0
VERTEX
8
L0D0
10
449.25
20
940.5
0
VERTEX
8
L0D0
10
449.25
20
945
0
VERTEX
8
L0D0
10
-7.75
20
945
0
VERTEX
8
L0D0
10
-7.75
20
946.5
0
VERTEX
8
L0D0
10
449.25
20
946.5
0
VERTEX
8
L0D0
10
449.25
20
951
0
VERTEX
8
L0D0
10
-7.75
20
951
0
VERTEX
8
L0D0
10
-7.75
20
952.5
0
VERTEX
8
L0D0
10
449.25
20
952.5
0
VERTEX
8
L0D0
10
449.25
20
957
0
VERTEX
8
L0D0
10
220.75
20
957
0
VERTEX
8
L0D0
10
220.75
20
967.5
0
VERTEX
8
L0D0
10
448.5
20
967.5
0
VERTEX
8
L0D0
10
448.5
20
969
0
VERTEX
8
L0D0
10
220.75
20
969
0
VERTEX
8
L0D0
10
220.75
20
973.5
0
VERTEX
8
L0D0
10
448.5
20
973.5
0
VERTEX
8
L0D0
10
448.5
20
975
0
VERTEX
8
L0D0
10
220.75
20
975
0
VERTEX
8
L0D0
10
220.75
20
979.5
0
VERTEX
8
L0D0
10
448.5
20
979.5
0
VERTEX
8
L0D0
10
448.5
20
981
0
VERTEX
8
L0D0
10
220.75
20
981
0
VERTEX
8
L0D0
10
220.75
20
985.5
0
VERTEX
8
L0D0
10
448.5
20
985.5
0
VERTEX
8
L0D0
10
448.5
20
987
0
VERTEX
8
L0D0
10
220.75
20
987
0
VERTEX
8
L0D0
10
220.75
20
991.5
0
VERTEX
8
L0D0
10
448.5
20
991.5
0
VERTEX
8
L0D0
10
448.5
20
993
0
VERTEX
8
L0D0
10
220.75
20
993
0
VERTEX
8
L0D0
10
220.75
20
997.5
0
VERTEX
8
L0D0
10
448.5
20
997.5
0
VERTEX
8
L0D0
10
448.5
20
999
0
VERTEX
8
L0D0
10
220.75
20
999
0
VERTEX
8
L0D0
10
220.75
20
1003.5
0
VERTEX
8
L0D0
10
448.5
20
1003.5
0
VERTEX
8
L0D0
10
448.5
20
1005
0
VERTEX
8
L0D0
10
220.75
20
1005
0
VERTEX
8
L0D0
10
220.75
20
1009.5
0
VERTEX
8
L0D0
10
448.5
20
1009.5
0
VERTEX
8
L0D0
10
448.5
20
1011
0
VERTEX
8
L0D0
10
220.75
20
1011
0
VERTEX
8
L0D0
10
220.75
20
1015.5
0
VERTEX
8
L0D0
10
448.5
20
1015.5
0
VERTEX
8
L0D0
10
448.5
20
1017
0
VERTEX
8
L0D0
10
220.75
20
1017
0
VERTEX
8
L0D0
10
220.75
20
1021.5
0
VERTEX
8
L0D0
10
448.5
20
1021.5
0
VERTEX
8
L0D0
10
448.5
20
1023
0
VERTEX
8
L0D0
10
220.75
20
1023
0
VERTEX
8
L0D0
10
220.75
20
1027.5
0
VERTEX
8
L0D0
10
448.5
20
1027.5
0
VERTEX
8
L0D0
10
448.5
20
1029
0
VERTEX
8
L0D0
10
220.75
20
1029
0
VERTEX
8
L0D0
10
220.75
20
1033.5
0
VERTEX
8
L0D0
10
448.5
20
1033.5
0
VERTEX
8
L0D0
10
448.5
20
1035
0
VERTEX
8
L0D0
10
220.75
20
1035
0
VERTEX
8
L0D0
10
220.75
20
1039.5
0
VERTEX
8
L0D0
10
448.5
20
1039.5
0
VERTEX
8
L0D0
10
448.5
20
1041
0
VERTEX
8
L0D0
10
220.75
20
1041
0
VERTEX
8
L0D0
10
220.75
20
1045.5
0
VERTEX
8
L0D0
10
448.5
20
1045.5
0
VERTEX
8
L0D0
10
448.5
20
1047
0
VERTEX
8
L0D0
10
220.75
20
1047
0
VERTEX
8
L0D0
10
220.75
20
1051.5
0
VERTEX
8
L0D0
10
448.5
20
1051.5
0
VERTEX
8
L0D0
10
448.5
20
1053
0
VERTEX
8
L0D0
10
220.75
20
1053
0
VERTEX
8
L0D0
10
220.75
20
1057.5
0
VERTEX
8
L0D0
10
448.5
20
1057.5
0
VERTEX
8
L0D0
10
448.5
20
1059
0
VERTEX
8
L0D0
10
220.75
20
1059
0
VERTEX
8
L0D0
10
220.75
20
1063.5
0
VERTEX
8
L0D0
10
448.5
20
1063.5
0
VERTEX
8
L0D0
10
448.5
20
1065
0
VERTEX
8
L0D0
10
220.75
20
1065
0
VERTEX
8
L0D0
10
220.75
20
1069.5
0
VERTEX
8
L0D0
10
448.5
20
1069.5
0
VERTEX
8
L0D0
10
448.5
20
1071
0
VERTEX
8
L0D0
10
220.75
20
1071
0
VERTEX
8
L0D0
10
220.75
20
1075.5
0
VERTEX
8
L0D0
10
448.5
20
1075.5
0
VERTEX
8
L0D0
10
448.5
20
1077
0
VERTEX
8
L0D0
10
220.75
20
1077
0
VERTEX
8
L0D0
10
220.75
20
1081.5
0
VERTEX
8
L0D0
10
448.5
20
1081.5
0
VERTEX
8
L0D0
10
448.5
20
1083
0
VERTEX
8
L0D0
10
220.75
20
1083
0
VERTEX
8
L0D0
10
220.75
20
1087.5
0
VERTEX
8
L0D0
10
448.5
20
1087.5
0
VERTEX
8
L0D0
10
448.5
20
1089
0
VERTEX
8
L0D0
10
220.75
20
1089
0
VERTEX
8
L0D0
10
220.75
20
1093.5
0
VERTEX
8
L0D0
10
448.5
20
1093.5
0
VERTEX
8
L0D0
10
448.5
20
1095
0
VERTEX
8
L0D0
10
220.75
20
1095
0
VERTEX
8
L0D0
10
220.75
20
1099.5
0
VERTEX
8
L0D0
10
448.5
20
1099.5
0
VERTEX
8
L0D0
10
448.5
20
1101
0
VERTEX
8
L0D0
10
220.75
20
1101
0
VERTEX
8
L0D0
10
220.75
20
1105.5
0
VERTEX
8
L0D0
10
448.5
20
1105.5
0
VERTEX
8
L0D0
10
448.5
20
1107
0
VERTEX
8
L0D0
10
220.75
20
1107
0
VERTEX
8
L0D0
10
220.75
20
1111.5
0
VERTEX
8
L0D0
10
448.5
20
1111.5
0
VERTEX
8
L0D0
10
448.5
20
1113
0
VERTEX
8
L0D0
10
220.75
20
1113
0
VERTEX
8
L0D0
10
220.75
20
1117.5
0
VERTEX
8
L0D0
10
448.5
20
1117.5
0
VERTEX
8
L0D0
10
448.5
20
1119
0
VERTEX
8
L0D0
10
220.75
20
1119
0
VERTEX
8
L0D0
10
220.75
20
1123.5
0
VERTEX
8
L0D0
10
448.5
20
1123.5
0
VERTEX
8
L0D0
10
448.5
20
1125
0
VERTEX
8
L0D0
10
220.75
20
1125
0
VERTEX
8
L0D0
10
220.75
20
1129.5
0
VERTEX
8
L0D0
10
448.5
20
1129.5
0
VERTEX
8
L0D0
10
448.5
20
1131
0
VERTEX
8
L0D0
10
220.75
20
1131
0
VERTEX
8
L0D0
10
220.75
20
1135.5
0
VERTEX
8
L0D0
10
448.5
20
1135.5
0
VERTEX
8
L0D0
10
448.5
20
1137
0
VERTEX
8
L0D0
10
220.75
20
1137
0
VERTEX
8
L0D0
10
220.75
20
1141.5
0
VERTEX
8
L0D0
10
448.5
20
1141.5
0
VERTEX
8
L0D0
10
448.5
20
1143
0
VERTEX
8
L0D0
10
220.75
20
1143
0
VERTEX
8
L0D0
10
220.75
20
1147.5
0
VERTEX
8
L0D0
10
448.5
20
1147.5
0
VERTEX
8
L0D0
10
448.5
20
1149
0
VERTEX
8
L0D0
10
220.75
20
1149
0
VERTEX
8
L0D0
10
220.75
20
1153.5
0
VERTEX
8
L0D0
10
448.5
20
1153.5
0
VERTEX
8
L0D0
10
448.5
20
1155
0
VERTEX
8
L0D0
10
220.75
20
1155
0
VERTEX
8
L0D0
10
220.75
20
1159.5
0
VERTEX
8
L0D0
10
448.5
20
1159.5
0
VERTEX
8
L0D0
10
448.5
20
1161
0
VERTEX
8
L0D0
10
220.75
20
1161
0
VERTEX
8
L0D0
10
220.75
20
1165.5
0
VERTEX
8
L0D0
10
448.5
20
1165.5
0
VERTEX
8
L0D0
10
448.5
20
1167
0
VERTEX
8
L0D0
10
220.75
20
1167
0
VERTEX
8
L0D0
10
220.75
20
1171.5
0
VERTEX
8
L0D0
10
448.5
20
1171.5
0
VERTEX
8
L0D0
10
448.5
20
1173
0
VERTEX
8
L0D0
10
220.75
20
1173
0
VERTEX
8
L0D0
10
220.75
20
1177.5
0
VERTEX
8
L0D0
10
448.5
20
1177.5
0
VERTEX
8
L0D0
10
448.5
20
1179
0
VERTEX
8
L0D0
10
220.75
20
1179
0
VERTEX
8
L0D0
10
220.75
20
1183.5
0
VERTEX
8
L0D0
10
448.5
20
1183.5
0
VERTEX
8
L0D0
10
448.5
20
1185
0
VERTEX
8
L0D0
10
220.75
20
1185
0
VERTEX
8
L0D0
10
220.75
20
1189.5
0
VERTEX
8
L0D0
10
448.5
20
1189.5
0
VERTEX
8
L0D0
10
448.5
20
1191
0
VERTEX
8
L0D0
10
220.75
20
1191
0
VERTEX
8
L0D0
10
220.75
20
1195.5
0
VERTEX
8
L0D0
10
448.5
20
1195.5
0
VERTEX
8
L0D0
10
448.5
20
1197
0
VERTEX
8
L0D0
10
220.75
20
1197
0
VERTEX
8
L0D0
10
220.75
20
1201.5
0
VERTEX
8
L0D0
10
448.5
20
1201.5
0
VERTEX
8
L0D0
10
448.5
20
1203
0
VERTEX
8
L0D0
10
220.75
20
1203
0
VERTEX
8
L0D0
10
220.75
20
1213.5
0
VERTEX
8
L0D0
10
448
20
1213.5
0
VERTEX
8
L0D0
10
448
20
1666.5
0
VERTEX
8
L0D0
10
-12.5
20
1666.5
0
VERTEX
8
L0D0
10
-12.5
20
1674
0
VERTEX
8
L0D0
10
452.5
20
1674
0
VERTEX
8
L0D0
10
452.5
20
1209
0
VERTEX
8
L0D0
10
450
20
1209
0
VERTEX
8
L0D0
10
450
20
1206
0
VERTEX
8
L0D0
10
222.25
20
1206
0
VERTEX
8
L0D0
10
222.25
20
1204.5
0
VERTEX
8
L0D0
10
450
20
1204.5
0
VERTEX
8
L0D0
10
450
20
1200
0
VERTEX
8
L0D0
10
222.25
20
1200
0
VERTEX
8
L0D0
10
222.25
20
1198.5
0
VERTEX
8
L0D0
10
450
20
1198.5
0
VERTEX
8
L0D0
10
450
20
1194
0
VERTEX
8
L0D0
10
222.25
20
1194
0
VERTEX
8
L0D0
10
222.25
20
1192.5
0
VERTEX
8
L0D0
10
450
20
1192.5
0
VERTEX
8
L0D0
10
450
20
1188
0
VERTEX
8
L0D0
10
222.25
20
1188
0
VERTEX
8
L0D0
10
222.25
20
1186.5
0
VERTEX
8
L0D0
10
450
20
1186.5
0
VERTEX
8
L0D0
10
450
20
1182
0
VERTEX
8
L0D0
10
222.25
20
1182
0
VERTEX
8
L0D0
10
222.25
20
1180.5
0
VERTEX
8
L0D0
10
450
20
1180.5
0
VERTEX
8
L0D0
10
450
20
1176
0
VERTEX
8
L0D0
10
222.25
20
1176
0
VERTEX
8
L0D0
10
222.25
20
1174.5
0
VERTEX
8
L0D0
10
450
20
1174.5
0
VERTEX
8
L0D0
10
450
20
1170
0
VERTEX
8
L0D0
10
222.25
20
1170
0
VERTEX
8
L0D0
10
222.25
20
1168.5
0
VERTEX
8
L0D0
10
450
20
1168.5
0
VERTEX
8
L0D0
10
450
20
1164
0
VERTEX
8
L0D0
10
222.25
20
1164
0
VERTEX
8
L0D0
10
222.25
20
1162.5
0
VERTEX
8
L0D0
10
450
20
1162.5
0
VERTEX
8
L0D0
10
450
20
1158
0
VERTEX
8
L0D0
10
222.25
20
1158
0
VERTEX
8
L0D0
10
222.25
20
1156.5
0
VERTEX
8
L0D0
10
450
20
1156.5
0
VERTEX
8
L0D0
10
450
20
1152
0
VERTEX
8
L0D0
10
222.25
20
1152
0
VERTEX
8
L0D0
10
222.25
20
1150.5
0
VERTEX
8
L0D0
10
450
20
1150.5
0
VERTEX
8
L0D0
10
450
20
1146
0
VERTEX
8
L0D0
10
222.25
20
1146
0
VERTEX
8
L0D0
10
222.25
20
1144.5
0
VERTEX
8
L0D0
10
450
20
1144.5
0
VERTEX
8
L0D0
10
450
20
1140
0
VERTEX
8
L0D0
10
222.25
20
1140
0
VERTEX
8
L0D0
10
222.25
20
1138.5
0
VERTEX
8
L0D0
10
450
20
1138.5
0
VERTEX
8
L0D0
10
450
20
1134
0
VERTEX
8
L0D0
10
222.25
20
1134
0
VERTEX
8
L0D0
10
222.25
20
1132.5
0
VERTEX
8
L0D0
10
450
20
1132.5
0
VERTEX
8
L0D0
10
450
20
1128
0
VERTEX
8
L0D0
10
222.25
20
1128
0
VERTEX
8
L0D0
10
222.25
20
1126.5
0
VERTEX
8
L0D0
10
450
20
1126.5
0
VERTEX
8
L0D0
10
450
20
1122
0
VERTEX
8
L0D0
10
222.25
20
1122
0
VERTEX
8
L0D0
10
222.25
20
1120.5
0
VERTEX
8
L0D0
10
450
20
1120.5
0
VERTEX
8
L0D0
10
450
20
1116
0
VERTEX
8
L0D0
10
222.25
20
1116
0
VERTEX
8
L0D0
10
222.25
20
1114.5
0
VERTEX
8
L0D0
10
450
20
1114.5
0
VERTEX
8
L0D0
10
450
20
1110
0
VERTEX
8
L0D0
10
222.25
20
1110
0
VERTEX
8
L0D0
10
222.25
20
1108.5
0
VERTEX
8
L0D0
10
450
20
1108.5
0
VERTEX
8
L0D0
10
450
20
1104
0
VERTEX
8
L0D0
10
222.25
20
1104
0
VERTEX
8
L0D0
10
222.25
20
1102.5
0
VERTEX
8
L0D0
10
450
20
1102.5
0
VERTEX
8
L0D0
10
450
20
1098
0
VERTEX
8
L0D0
10
222.25
20
1098
0
VERTEX
8
L0D0
10
222.25
20
1096.5
0
VERTEX
8
L0D0
10
450
20
1096.5
0
VERTEX
8
L0D0
10
450
20
1092
0
VERTEX
8
L0D0
10
222.25
20
1092
0
VERTEX
8
L0D0
10
222.25
20
1090.5
0
VERTEX
8
L0D0
10
450
20
1090.5
0
VERTEX
8
L0D0
10
450
20
1086
0
VERTEX
8
L0D0
10
222.25
20
1086
0
VERTEX
8
L0D0
10
222.25
20
1084.5
0
VERTEX
8
L0D0
10
450
20
1084.5
0
VERTEX
8
L0D0
10
450
20
1080
0
VERTEX
8
L0D0
10
222.25
20
1080
0
VERTEX
8
L0D0
10
222.25
20
1078.5
0
VERTEX
8
L0D0
10
450
20
1078.5
0
VERTEX
8
L0D0
10
450
20
1074
0
VERTEX
8
L0D0
10
222.25
20
1074
0
VERTEX
8
L0D0
10
222.25
20
1072.5
0
VERTEX
8
L0D0
10
450
20
1072.5
0
VERTEX
8
L0D0
10
450
20
1068
0
VERTEX
8
L0D0
10
222.25
20
1068
0
VERTEX
8
L0D0
10
222.25
20
1066.5
0
VERTEX
8
L0D0
10
450
20
1066.5
0
VERTEX
8
L0D0
10
450
20
1062
0
VERTEX
8
L0D0
10
222.25
20
1062
0
VERTEX
8
L0D0
10
222.25
20
1060.5
0
VERTEX
8
L0D0
10
450
20
1060.5
0
VERTEX
8
L0D0
10
450
20
1056
0
VERTEX
8
L0D0
10
222.25
20
1056
0
VERTEX
8
L0D0
10
222.25
20
1054.5
0
VERTEX
8
L0D0
10
450
20
1054.5
0
VERTEX
8
L0D0
10
450
20
1050
0
VERTEX
8
L0D0
10
222.25
20
1050
0
VERTEX
8
L0D0
10
222.25
20
1048.5
0
VERTEX
8
L0D0
10
450
20
1048.5
0
VERTEX
8
L0D0
10
450
20
1044
0
VERTEX
8
L0D0
10
222.25
20
1044
0
VERTEX
8
L0D0
10
222.25
20
1042.5
0
VERTEX
8
L0D0
10
450
20
1042.5
0
VERTEX
8
L0D0
10
450
20
1038
0
VERTEX
8
L0D0
10
222.25
20
1038
0
VERTEX
8
L0D0
10
222.25
20
1036.5
0
VERTEX
8
L0D0
10
450
20
1036.5
0
VERTEX
8
L0D0
10
450
20
1032
0
VERTEX
8
L0D0
10
222.25
20
1032
0
VERTEX
8
L0D0
10
222.25
20
1030.5
0
VERTEX
8
L0D0
10
450
20
1030.5
0
VERTEX
8
L0D0
10
450
20
1026
0
VERTEX
8
L0D0
10
222.25
20
1026
0
VERTEX
8
L0D0
10
222.25
20
1024.5
0
VERTEX
8
L0D0
10
450
20
1024.5
0
VERTEX
8
L0D0
10
450
20
1020
0
VERTEX
8
L0D0
10
222.25
20
1020
0
VERTEX
8
L0D0
10
222.25
20
1018.5
0
VERTEX
8
L0D0
10
450
20
1018.5
0
VERTEX
8
L0D0
10
450
20
1014
0
VERTEX
8
L0D0
10
222.25
20
1014
0
VERTEX
8
L0D0
10
222.25
20
1012.5
0
VERTEX
8
L0D0
10
450
20
1012.5
0
VERTEX
8
L0D0
10
450
20
1008
0
VERTEX
8
L0D0
10
222.25
20
1008
0
VERTEX
8
L0D0
10
222.25
20
1006.5
0
VERTEX
8
L0D0
10
450
20
1006.5
0
VERTEX
8
L0D0
10
450
20
1002
0
VERTEX
8
L0D0
10
222.25
20
1002
0
VERTEX
8
L0D0
10
222.25
20
1000.5
0
VERTEX
8
L0D0
10
450
20
1000.5
0
VERTEX
8
L0D0
10
450
20
996
0
VERTEX
8
L0D0
10
222.25
20
996
0
VERTEX
8
L0D0
10
222.25
20
994.5
0
VERTEX
8
L0D0
10
450
20
994.5
0
VERTEX
8
L0D0
10
450
20
990
0
VERTEX
8
L0D0
10
222.25
20
990
0
VERTEX
8
L0D0
10
222.25
20
988.5
0
VERTEX
8
L0D0
10
450
20
988.5
0
VERTEX
8
L0D0
10
450
20
984
0
VERTEX
8
L0D0
10
222.25
20
984
0
VERTEX
8
L0D0
10
222.25
20
982.5
0
VERTEX
8
L0D0
10
450
20
982.5
0
VERTEX
8
L0D0
10
450
20
978
0
VERTEX
8
L0D0
10
222.25
20
978
0
VERTEX
8
L0D0
10
222.25
20
976.5
0
VERTEX
8
L0D0
10
450
20
976.5
0
VERTEX
8
L0D0
10
450
20
972
0
VERTEX
8
L0D0
10
222.25
20
972
0
VERTEX
8
L0D0
10
222.25
20
970.5
0
VERTEX
8
L0D0
10
450
20
970.5
0
VERTEX
8
L0D0
10
450
20
966
0
VERTEX
8
L0D0
10
222.25
20
966
0
VERTEX
8
L0D0
10
222.25
20
964.5
0
VERTEX
8
L0D0
10
450
20
964.5
0
VERTEX
8
L0D0
10
450
20
960
0
VERTEX
8
L0D0
10
451.5
20
960
0
VERTEX
8
L0D0
10
451.5
20
711
0
VERTEX
8
L0D0
10
450
20
711
0
VERTEX
8
L0D0
10
450
20
708
0
VERTEX
8
L0D0
10
222.25
20
708
0
VERTEX
8
L0D0
10
222.25
20
706.5
0
VERTEX
8
L0D0
10
450
20
706.5
0
VERTEX
8
L0D0
10
450
20
702
0
VERTEX
8
L0D0
10
222.25
20
702
0
VERTEX
8
L0D0
10
222.25
20
700.5
0
VERTEX
8
L0D0
10
450
20
700.5
0
VERTEX
8
L0D0
10
450
20
696
0
VERTEX
8
L0D0
10
222.25
20
696
0
VERTEX
8
L0D0
10
222.25
20
694.5
0
VERTEX
8
L0D0
10
450
20
694.5
0
VERTEX
8
L0D0
10
450
20
690
0
VERTEX
8
L0D0
10
222.25
20
690
0
VERTEX
8
L0D0
10
222.25
20
688.5
0
VERTEX
8
L0D0
10
450
20
688.5
0
VERTEX
8
L0D0
10
450
20
684
0
VERTEX
8
L0D0
10
222.25
20
684
0
VERTEX
8
L0D0
10
222.25
20
682.5
0
VERTEX
8
L0D0
10
450
20
682.5
0
VERTEX
8
L0D0
10
450
20
678
0
VERTEX
8
L0D0
10
222.25
20
678
0
VERTEX
8
L0D0
10
222.25
20
676.5
0
VERTEX
8
L0D0
10
450
20
676.5
0
VERTEX
8
L0D0
10
450
20
672
0
VERTEX
8
L0D0
10
222.25
20
672
0
VERTEX
8
L0D0
10
222.25
20
670.5
0
VERTEX
8
L0D0
10
450
20
670.5
0
VERTEX
8
L0D0
10
450
20
666
0
VERTEX
8
L0D0
10
222.25
20
666
0
VERTEX
8
L0D0
10
222.25
20
664.5
0
VERTEX
8
L0D0
10
450
20
664.5
0
VERTEX
8
L0D0
10
450
20
660
0
VERTEX
8
L0D0
10
222.25
20
660
0
VERTEX
8
L0D0
10
222.25
20
658.5
0
VERTEX
8
L0D0
10
450
20
658.5
0
VERTEX
8
L0D0
10
450
20
654
0
VERTEX
8
L0D0
10
222.25
20
654
0
VERTEX
8
L0D0
10
222.25
20
652.5
0
VERTEX
8
L0D0
10
450
20
652.5
0
VERTEX
8
L0D0
10
450
20
648
0
VERTEX
8
L0D0
10
222.25
20
648
0
VERTEX
8
L0D0
10
222.25
20
646.5
0
VERTEX
8
L0D0
10
450
20
646.5
0
VERTEX
8
L0D0
10
450
20
642
0
VERTEX
8
L0D0
10
222.25
20
642
0
VERTEX
8
L0D0
10
222.25
20
640.5
0
VERTEX
8
L0D0
10
450
20
640.5
0
VERTEX
8
L0D0
10
450
20
636
0
VERTEX
8
L0D0
10
222.25
20
636
0
VERTEX
8
L0D0
10
222.25
20
634.5
0
VERTEX
8
L0D0
10
450
20
634.5
0
VERTEX
8
L0D0
10
450
20
630
0
VERTEX
8
L0D0
10
222.25
20
630
0
VERTEX
8
L0D0
10
222.25
20
628.5
0
VERTEX
8
L0D0
10
450
20
628.5
0
VERTEX
8
L0D0
10
450
20
624
0
VERTEX
8
L0D0
10
222.25
20
624
0
VERTEX
8
L0D0
10
222.25
20
622.5
0
VERTEX
8
L0D0
10
450
20
622.5
0
VERTEX
8
L0D0
10
450
20
618
0
VERTEX
8
L0D0
10
222.25
20
618
0
VERTEX
8
L0D0
10
222.25
20
616.5
0
VERTEX
8
L0D0
10
450
20
616.5
0
VERTEX
8
L0D0
10
450
20
612
0
VERTEX
8
L0D0
10
222.25
20
612
0
VERTEX
8
L0D0
10
222.25
20
610.5
0
VERTEX
8
L0D0
10
450
20
610.5
0
VERTEX
8
L0D0
10
450
20
606
0
VERTEX
8
L0D0
10
222.25
20
606
0
VERTEX
8
L0D0
10
222.25
20
604.5
0
VERTEX
8
L0D0
10
450
20
604.5
0
VERTEX
8
L0D0
10
450
20
600
0
VERTEX
8
L0D0
10
222.25
20
600
0
VERTEX
8
L0D0
10
222.25
20
598.5
0
VERTEX
8
L0D0
10
450
20
598.5
0
VERTEX
8
L0D0
10
450
20
594
0
VERTEX
8
L0D0
10
222.25
20
594
0
VERTEX
8
L0D0
10
222.25
20
592.5
0
VERTEX
8
L0D0
10
450
20
592.5
0
VERTEX
8
L0D0
10
450
20
588
0
VERTEX
8
L0D0
10
222.25
20
588
0
VERTEX
8
L0D0
10
222.25
20
586.5
0
VERTEX
8
L0D0
10
450
20
586.5
0
VERTEX
8
L0D0
10
450
20
582
0
VERTEX
8
L0D0
10
222.25
20
582
0
VERTEX
8
L0D0
10
222.25
20
580.5
0
VERTEX
8
L0D0
10
450
20
580.5
0
VERTEX
8
L0D0
10
450
20
576
0
VERTEX
8
L0D0
10
222.25
20
576
0
VERTEX
8
L0D0
10
222.25
20
574.5
0
VERTEX
8
L0D0
10
450
20
574.5
0
VERTEX
8
L0D0
10
450
20
570
0
VERTEX
8
L0D0
10
222.25
20
570
0
VERTEX
8
L0D0
10
222.25
20
568.5
0
VERTEX
8
L0D0
10
450
20
568.5
0
VERTEX
8
L0D0
10
450
20
564
0
VERTEX
8
L0D0
10
222.25
20
564
0
VERTEX
8
L0D0
10
222.25
20
562.5
0
VERTEX
8
L0D0
10
450
20
562.5
0
VERTEX
8
L0D0
10
450
20
558
0
VERTEX
8
L0D0
10
222.25
20
558
0
VERTEX
8
L0D0
10
222.25
20
556.5
0
VERTEX
8
L0D0
10
450
20
556.5
0
VERTEX
8
L0D0
10
450
20
552
0
VERTEX
8
L0D0
10
222.25
20
552
0
VERTEX
8
L0D0
10
222.25
20
550.5
0
VERTEX
8
L0D0
10
450
20
550.5
0
VERTEX
8
L0D0
10
450
20
546
0
VERTEX
8
L0D0
10
222.25
20
546
0
VERTEX
8
L0D0
10
222.25
20
544.5
0
VERTEX
8
L0D0
10
450
20
544.5
0
VERTEX
8
L0D0
10
450
20
540
0
VERTEX
8
L0D0
10
222.25
20
540
0
VERTEX
8
L0D0
10
222.25
20
538.5
0
VERTEX
8
L0D0
10
450
20
538.5
0
VERTEX
8
L0D0
10
450
20
534
0
VERTEX
8
L0D0
10
222.25
20
534
0
VERTEX
8
L0D0
10
222.25
20
532.5
0
VERTEX
8
L0D0
10
450
20
532.5
0
VERTEX
8
L0D0
10
450
20
528
0
VERTEX
8
L0D0
10
222.25
20
528
0
VERTEX
8
L0D0
10
222.25
20
526.5
0
VERTEX
8
L0D0
10
450
20
526.5
0
VERTEX
8
L0D0
10
450
20
522
0
VERTEX
8
L0D0
10
222.25
20
522
0
VERTEX
8
L0D0
10
222.25
20
520.5
0
VERTEX
8
L0D0
10
450
20
520.5
0
VERTEX
8
L0D0
10
450
20
516
0
VERTEX
8
L0D0
10
222.25
20
516
0
VERTEX
8
L0D0
10
222.25
20
514.5
0
VERTEX
8
L0D0
10
450
20
514.5
0
VERTEX
8
L0D0
10
450
20
510
0
VERTEX
8
L0D0
10
222.25
20
510
0
VERTEX
8
L0D0
10
222.25
20
508.5
0
VERTEX
8
L0D0
10
450
20
508.5
0
VERTEX
8
L0D0
10
450
20
504
0
VERTEX
8
L0D0
10
222.25
20
504
0
VERTEX
8
L0D0
10
222.25
20
502.5
0
VERTEX
8
L0D0
10
450
20
502.5
0
VERTEX
8
L0D0
10
450
20
498
0
VERTEX
8
L0D0
10
222.25
20
498
0
VERTEX
8
L0D0
10
222.25
20
496.5
0
VERTEX
8
L0D0
10
450
20
496.5
0
VERTEX
8
L0D0
10
450
20
492
0
VERTEX
8
L0D0
10
222.25
20
492
0
VERTEX
8
L0D0
10
222.25
20
490.5
0
VERTEX
8
L0D0
10
450
20
490.5
0
VERTEX
8
L0D0
10
450
20
486
0
VERTEX
8
L0D0
10
222.25
20
486
0
VERTEX
8
L0D0
10
222.25
20
484.5
0
VERTEX
8
L0D0
10
450
20
484.5
0
VERTEX
8
L0D0
10
450
20
480
0
VERTEX
8
L0D0
10
222.25
20
480
0
VERTEX
8
L0D0
10
222.25
20
478.5
0
VERTEX
8
L0D0
10
450
20
478.5
0
VERTEX
8
L0D0
10
450
20
474
0
VERTEX
8
L0D0
10
222.25
20
474
0
VERTEX
8
L0D0
10
222.25
20
472.5
0
VERTEX
8
L0D0
10
450
20
472.5
0
VERTEX
8
L0D0
10
450
20
468
0
VERTEX
8
L0D0
10
222.25
20
468
0
VERTEX
8
L0D0
10
222.25
20
466.5
0
VERTEX
8
L0D0
10
450
20
466.5
0
VERTEX
8
L0D0
10
450
20
462
0
VERTEX
8
L0D0
10
222.25
20
462
0
VERTEX
8
L0D0
10
222.25
20
460.5
0
VERTEX
8
L0D0
10
450
20
460.5
0
VERTEX
8
L0D0
10
450
20
456
0
VERTEX
8
L0D0
10
222.25
20
456
0
VERTEX
8
L0D0
10
222.25
20
454.5
0
VERTEX
8
L0D0
10
450
20
454.5
0
VERTEX
8
L0D0
10
450
20
450
0
VERTEX
8
L0D0
10
222.25
20
450
0
VERTEX
8
L0D0
10
222.25
20
448.5
0
VERTEX
8
L0D0
10
450
20
448.5
0
VERTEX
8
L0D0
10
450
20
444
0
VERTEX
8
L0D0
10
222.25
20
444
0
VERTEX
8
L0D0
10
222.25
20
442.5
0
VERTEX
8
L0D0
10
450
20
442.5
0
VERTEX
8
L0D0
10
450
20
438
0
VERTEX
8
L0D0
10
222.25
20
438
0
VERTEX
8
L0D0
10
222.25
20
436.5
0
VERTEX
8
L0D0
10
450
20
436.5
0
VERTEX
8
L0D0
10
450
20
432
0
VERTEX
8
L0D0
10
222.25
20
432
0
VERTEX
8
L0D0
10
222.25
20
430.5
0
VERTEX
8
L0D0
10
450
20
430.5
0
VERTEX
8
L0D0
10
450
20
426
0
VERTEX
8
L0D0
10
222.25
20
426
0
VERTEX
8
L0D0
10
222.25
20
424.5
0
VERTEX
8
L0D0
10
450
20
424.5
0
VERTEX
8
L0D0
10
450
20
420
0
VERTEX
8
L0D0
10
222.25
20
420
0
VERTEX
8
L0D0
10
222.25
20
418.5
0
VERTEX
8
L0D0
10
450
20
418.5
0
VERTEX
8
L0D0
10
450
20
414
0
VERTEX
8
L0D0
10
222.25
20
414
0
VERTEX
8
L0D0
10
222.25
20
412.5
0
VERTEX
8
L0D0
10
450
20
412.5
0
VERTEX
8
L0D0
10
450
20
408
0
VERTEX
8
L0D0
10
222.25
20
408
0
VERTEX
8
L0D0
10
222.25
20
406.5
0
VERTEX
8
L0D0
10
450
20
406.5
0
VERTEX
8
L0D0
10
450
20
402
0
VERTEX
8
L0D0
10
221.4
20
402
0
VERTEX
8
L0D0
10
221.4
20
102
0
VERTEX
8
L0D0
10
221.36
20
99.156
0
VERTEX
8
L0D0
10
221.24
20
96.314
0
VERTEX
8
L0D0
10
221.041
20
93.477
0
VERTEX
8
L0D0
10
220.762
20
90.647
0
VERTEX
8
L0D0
10
220.404
20
87.825
0
VERTEX
8
L0D0
10
219.967
20
85.015
0
VERTEX
8
L0D0
10
219.452
20
82.218
0
VERTEX
8
L0D0
10
218.858
20
79.436
0
VERTEX
8
L0D0
10
218.186
20
76.673
0
VERTEX
8
L0D0
10
217.437
20
73.929
0
VERTEX
8
L0D0
10
216.611
20
71.207
0
VERTEX
8
L0D0
10
215.71
20
68.51
0
VERTEX
8
L0D0
10
214.733
20
65.839
0
VERTEX
8
L0D0
10
213.681
20
63.196
0
VERTEX
8
L0D0
10
212.556
20
60.584
0
VERTEX
8
L0D0
10
211.358
20
58.004
0
VERTEX
8
L0D0
10
210.088
20
55.459
0
VERTEX
8
L0D0
10
208.748
20
52.951
0
VERTEX
8
L0D0
10
207.337
20
50.481
0
VERTEX
8
L0D0
10
205.858
20
48.052
0
VERTEX
8
L0D0
10
204.311
20
45.665
0
VERTEX
8
L0D0
10
202.698
20
43.323
0
VERTEX
8
L0D0
10
201.02
20
41.026
0
VERTEX
8
L0D0
10
199.278
20
38.778
0
VERTEX
8
L0D0
10
197.473
20
36.58
0
VERTEX
8
L0D0
10
195.608
20
34.432
0
VERTEX
8
L0D0
10
193.683
20
32.339
0
VERTEX
8
L0D0
10
191.701
20
30.299
0
VERTEX
8
L0D0
10
189.661
20
28.317
0
VERTEX
8
L0D0
10
187.568
20
26.392
0
VERTEX
8
L0D0
10
185.42
20
24.527
0
VERTEX
8
L0D0
10
183.222
20
22.722
0
VERTEX
8
L0D0
10
180.974
20
20.98
0
VERTEX
8
L0D0
10
178.677
20
19.302
0
VERTEX
8
L0D0
10
176.335
20
17.689
0
VERTEX
8
L0D0
10
173.948
20
16.142
0
VERTEX
8
L0D0
10
171.519
20
14.663
0
VERTEX
8
L0D0
10
169.049
20
13.252
0
VERTEX
8
L0D0
10
166.541
20
11.912
0
VERTEX
8
L0D0
10
163.996
20
10.642
0
VERTEX
8
L0D0
10
161.416
20
9.444
0
VERTEX
8
L0D0
10
158.804
20
8.319
0
VERTEX
8
L0D0
10
156.161
20
7.267
0
VERTEX
8
L0D0
10
153.49
20
6.29
0
VERTEX
8
L0D0
10
150.793
20
5.389
0
VERTEX
8
L0D0
10
148.071
20
4.563
0
VERTEX
8
L0D0
10
145.327
20
3.814
0
VERTEX
8
L0D0
10
142.564
20
3.142
0
VERTEX
8
L0D0
10
139.782
20
2.548
0
VERTEX
8
L0D0
10
136.985
20
2.033
0
VERTEX
8
L0D0
10
134.175
20
1.596
0
VERTEX
8
L0D0
10
132.633
20
1.4
0
VERTEX
8
L0D0
10
420
20
1.4
0
VERTEX
8
L0D0
10
420
20
230
0
VERTEX
8
L0D0
10
424.5
20
230
0
VERTEX
8
L0D0
10
424.5
20
2.25
0
VERTEX
8
L0D0
10
426
20
2.25
0
VERTEX
8
L0D0
10
426
20
230
0
VERTEX
8
L0D0
10
430.5
20
230
0
VERTEX
8
L0D0
10
430.5
20
2.25
0
VERTEX
8
L0D0
10
432
20
2.25
0
VERTEX
8
L0D0
10
432
20
230
0
VERTEX
8
L0D0
10
436.5
20
230
0
VERTEX
8
L0D0
10
436.5
20
2.25
0
VERTEX
8
L0D0
10
438
20
2.25
0
VERTEX
8
L0D0
10
438
20
230
0
VERTEX
8
L0D0
10
442.5
20
230
0
VERTEX
8
L0D0
10
442.5
20
2.25
0
VERTEX
8
L0D0
10
444
20
2.25
0
VERTEX
8
L0D0
10
444
20
230
0
VERTEX
8
L0D0
10
448.5
20
230
0
VERTEX
8
L0D0
10
448.5
20
2.25
0
VERTEX
8
L0D0
10
450
20
2.25
0
VERTEX
8
L0D0
10
450
20
230
0
VERTEX
8
L0D0
10
454.5
20
230
0
VERTEX
8
L0D0
10
454.5
20
2.25
0
VERTEX
8
L0D0
10
456
20
2.25
0
VERTEX
8
L0D0
10
456
20
230
0
VERTEX
8
L0D0
10
460.5
20
230
0
VERTEX
8
L0D0
10
460.5
20
2.25
0
VERTEX
8
L0D0
10
462
20
2.25
0
VERTEX
8
L0D0
10
462
20
230
0
VERTEX
8
L0D0
10
466.5
20
230
0
VERTEX
8
L0D0
10
466.5
20
2.25
0
VERTEX
8
L0D0
10
468
20
2.25
0
VERTEX
8
L0D0
10
468
20
230
0
VERTEX
8
L0D0
10
472.5
20
230
0
VERTEX
8
L0D0
10
472.5
20
2.25
0
VERTEX
8
L0D0
10
474
20
2.25
0
VERTEX
8
L0D0
10
474
20
230
0
VERTEX
8
L0D0
10
478.5
20
230
0
VERTEX
8
L0D0
10
478.5
20
2.25
0
VERTEX
8
L0D0
10
480
20
2.25
0
VERTEX
8
L0D0
10
480
20
230
0
VERTEX
8
L0D0
10
484.5
20
230
0
VERTEX
8
L0D0
10
484.5
20
2.25
0
VERTEX
8
L0D0
10
486
20
2.25
0
VERTEX
8
L0D0
10
486
20
230
0
VERTEX
8
L0D0
10
490.5
20
230
0
VERTEX
8
L0D0
10
490.5
20
2.25
0
VERTEX
8
L0D0
10
492
20
2.25
0
VERTEX
8
L0D0
10
492
20
230
0
VERTEX
8
L0D0
10
496.5
20
230
0
VERTEX
8
L0D0
10
496.5
20
2.25
0
VERTEX
8
L0D0
10
498
20
2.25
0
VERTEX
8
L0D0
10
498
20
230
0
VERTEX
8
L0D0
10
502.5
20
230
0
VERTEX
8
L0D0
10
502.5
20
2.25
0
VERTEX
8
L0D0
10
504
20
2.25
0
VERTEX
8
L0D0
10
504
20
230
0
VERTEX
8
L0D0
10
508.5
20
230
0
VERTEX
8
L0D0
10
508.5
20
2.25
0
VERTEX
8
L0D0
10
510
20
2.25
0
VERTEX
8
L0D0
10
510
20
230
0
VERTEX
8
L0D0
10
514.5
20
230
0
VERTEX
8
L0D0
10
514.5
20
2.25
0
VERTEX
8
L0D0
10
516
20
2.25
0
VERTEX
8
L0D0
10
516
20
230
0
VERTEX
8
L0D0
10
520.5
20
230
0
VERTEX
8
L0D0
10
520.5
20
2.25
0
VERTEX
8
L0D0
10
522
20
2.25
0
VERTEX
8
L0D0
10
522
20
230
0
VERTEX
8
L0D0
10
526.5
20
230
0
VERTEX
8
L0D0
10
526.5
20
2.25
0
VERTEX
8
L0D0
10
528
20
2.25
0
VERTEX
8
L0D0
10
528
20
230
0
VERTEX
8
L0D0
10
532.5
20
230
0
VERTEX
8
L0D0
10
532.5
20
2.25
0
VERTEX
8
L0D0
10
534
20
2.25
0
VERTEX
8
L0D0
10
534
20
230
0
VERTEX
8
L0D0
10
538.5
20
230
0
VERTEX
8
L0D0
10
538.5
20
2.25
0
VERTEX
8
L0D0
10
540
20
2.25
0
VERTEX
8
L0D0
10
540
20
230
0
VERTEX
8
L0D0
10
544.5
20
230
0
VERTEX
8
L0D0
10
544.5
20
2.25
0
VERTEX
8
L0D0
10
546
20
2.25
0
VERTEX
8
L0D0
10
546
20
230
0
VERTEX
8
L0D0
10
550.5
20
230
0
VERTEX
8
L0D0
10
550.5
20
2.25
0
VERTEX
8
L0D0
10
552
20
2.25
0
VERTEX
8
L0D0
10
552
20
230
0
VERTEX
8
L0D0
10
556.5
20
230
0
VERTEX
8
L0D0
10
556.5
20
2.25
0
VERTEX
8
L0D0
10
558
20
2.25
0
VERTEX
8
L0D0
10
558
20
230
0
VERTEX
8
L0D0
10
562.5
20
230
0
VERTEX
8
L0D0
10
562.5
20
2.25
0
VERTEX
8
L0D0
10
564
20
2.25
0
VERTEX
8
L0D0
10
564
20
230
0
VERTEX
8
L0D0
10
568.5
20
230
0
VERTEX
8
L0D0
10
568.5
20
2.25
0
VERTEX
8
L0D0
10
570
20
2.25
0
VERTEX
8
L0D0
10
570
20
230
0
VERTEX
8
L0D0
10
574.5
20
230
0
VERTEX
8
L0D0
10
574.5
20
2.25
0
VERTEX
8
L0D0
10
576
20
2.25
0
VERTEX
8
L0D0
10
576
20
230
0
VERTEX
8
L0D0
10
580.5
20
230
0
VERTEX
8
L0D0
10
580.5
20
2.25
0
VERTEX
8
L0D0
10
582
20
2.25
0
VERTEX
8
L0D0
10
582
20
230
0
VERTEX
8
L0D0
10
586.5
20
230
0
VERTEX
8
L0D0
10
586.5
20
2.25
0
VERTEX
8
L0D0
10
588
20
2.25
0
VERTEX
8
L0D0
10
588
20
230
0
VERTEX
8
L0D0
10
592.5
20
230
0
VERTEX
8
L0D0
10
592.5
20
2.25
0
VERTEX
8
L0D0
10
594
20
2.25
0
VERTEX
8
L0D0
10
594
20
230
0
VERTEX
8
L0D0
10
598.5
20
230
0
VERTEX
8
L0D0
10
598.5
20
2.25
0
VERTEX
8
L0D0
10
600
20
2.25
0
VERTEX
8
L0D0
10
600
20
230
0
VERTEX
8
L0D0
10
604.5
20
230
0
VERTEX
8
L0D0
10
604.5
20
2.25
0
VERTEX
8
L0D0
10
606
20
2.25
0
VERTEX
8
L0D0
10
606
20
230
0
VERTEX
8
L0D0
10
610.5
20
230
0
VERTEX
8
L0D0
10
610.5
20
2.25
0
VERTEX
8
L0D0
10
612
20
2.25
0
VERTEX
8
L0D0
10
612
20
230
0
VERTEX
8
L0D0
10
616.5
20
230
0
VERTEX
8
L0D0
10
616.5
20
2.25
0
VERTEX
8
L0D0
10
618
20
2.25
0
VERTEX
8
L0D0
10
618
20
230
0
VERTEX
8
L0D0
10
622.5
20
230
0
VERTEX
8
L0D0
10
622.5
20
2.25
0
VERTEX
8
L0D0
10
624
20
2.25
0
VERTEX
8
L0D0
10
624
20
230
0
VERTEX
8
L0D0
10
628.5
20
230
0
VERTEX
8
L0D0
10
628.5
20
2.25
0
VERTEX
8
L0D0
10
630
20
2.25
0
VERTEX
8
L0D0
10
630
20
230
0
VERTEX
8
L0D0
10
634.5
20
230
0
VERTEX
8
L0D0
10
634.5
20
2.25
0
VERTEX
8
L0D0
10
636
20
2.25
0
VERTEX
8
L0D0
10
636
20
230
0
VERTEX
8
L0D0
10
640.5
20
230
0
VERTEX
8
L0D0
10
640.5
20
2.25
0
VERTEX
8
L0D0
10
642
20
2.25
0
VERTEX
8
L0D0
10
642
20
230
0
VERTEX
8
L0D0
10
646.5
20
230
0
VERTEX
8
L0D0
10
646.5
20
2.25
0
VERTEX
8
L0D0
10
648
20
2.25
0
VERTEX
8
L0D0
10
648
20
230
0
VERTEX
8
L0D0
10
652.5
20
230
0
VERTEX
8
L0D0
10
652.5
20
2.25
0
VERTEX
8
L0D0
10
654
20
2.25
0
VERTEX
8
L0D0
10
654
20
230
0
VERTEX
8
L0D0
10
658.5
20
230
0
VERTEX
8
L0D0
10
658.5
20
2.25
0
VERTEX
8
L0D0
10
660
20
2.25
0
VERTEX
8
L0D0
10
660
20
230
0
VERTEX
8
L0D0
10
664.5
20
230
0
VERTEX
8
L0D0
10
664.5
20
2.25
0
VERTEX
8
L0D0
10
666
20
2.25
0
VERTEX
8
L0D0
10
666
20
230
0
VERTEX
8
L0D0
10
670.5
20
230
0
VERTEX
8
L0D0
10
670.5
20
2.25
0
VERTEX
8
L0D0
10
672
20
2.25
0
VERTEX
8
L0D0
10
672
20
230
0
VERTEX
8
L0D0
10
676.5
20
230
0
VERTEX
8
L0D0
10
676.5
20
2.25
0
VERTEX
8
L0D0
10
678
20
2.25
0
VERTEX
8
L0D0
10
678
20
230
0
VERTEX
8
L0D0
10
682.5
20
230
0
VERTEX
8
L0D0
10
682.5
20
2.25
0
VERTEX
8
L0D0
10
684
20
2.25
0
VERTEX
8
L0D0
10
684
20
230
0
VERTEX
8
L0D0
10
688.5
20
230
0
VERTEX
8
L0D0
10
688.5
20
2.25
0
VERTEX
8
L0D0
10
690
20
2.25
0
VERTEX
8
L0D0
10
690
20
230
0
VERTEX
8
L0D0
10
694.5
20
230
0
VERTEX
8
L0D0
10
694.5
20
2.25
0
VERTEX
8
L0D0
10
696
20
2.25
0
VERTEX
8
L0D0
10
696
20
230
0
VERTEX
8
L0D0
10
700.5
20
230
0
VERTEX
8
L0D0
10
700.5
20
2.25
0
VERTEX
8
L0D0
10
702
20
2.25
0
VERTEX
8
L0D0
10
702
20
230
0
VERTEX
8
L0D0
10
706.5
20
230
0
VERTEX
8
L0D0
10
706.5
20
2.25
0
VERTEX
8
L0D0
10
708
20
2.25
0
VERTEX
8
L0D0
10
708
20
230
0
VERTEX
8
L0D0
10
712.5
20
230
0
VERTEX
8
L0D0
10
712.5
20
2.25
0
VERTEX
8
L0D0
10
714
20
2.25
0
VERTEX
8
L0D0
10
714
20
230
0
VERTEX
8
L0D0
10
718.5
20
230
0
VERTEX
8
L0D0
10
718.5
20
2.25
0
VERTEX
8
L0D0
10
720
20
2.25
0
VERTEX
8
L0D0
10
720
20
230
0
VERTEX
8
L0D0
10
724.5
20
230
0
VERTEX
8
L0D0
10
724.5
20
2.25
0
VERTEX
8
L0D0
10
726
20
2.25
0
VERTEX
8
L0D0
10
726
20
229.25
0
VERTEX
8
L0D0
10
967.5
20
229.25
0
VERTEX
8
L0D0
10
967.5
20
-227.75
0
VERTEX
8
L0D0
10
966
20
-227.75
0
VERTEX
8
L0D0
10
966
20
229.25
0
VERTEX
8
L0D0
10
961.5
20
229.25
0
VERTEX
8
L0D0
10
961.5
20
-227.75
0
VERTEX
8
L0D0
10
960
20
-227.75
0
VERTEX
8
L0D0
10
960
20
229.25
0
VERTEX
8
L0D0
10
955.5
20
229.25
0
VERTEX
8
L0D0
10
955.5
20
-227.75
0
VERTEX
8
L0D0
10
954
20
-227.75
0
VERTEX
8
L0D0
10
954
20
229.25
0
VERTEX
8
L0D0
10
949.5
20
229.25
0
VERTEX
8
L0D0
10
949.5
20
-227.75
0
VERTEX
8
L0D0
10
948
20
-227.75
0
VERTEX
8
L0D0
10
948
20
229.25
0
VERTEX
8
L0D0
10
943.5
20
229.25
0
VERTEX
8
L0D0
10
943.5
20
-227.75
0
VERTEX
8
L0D0
10
942
20
-227.75
0
VERTEX
8
L0D0
10
942
20
229.25
0
VERTEX
8
L0D0
10
937.5
20
229.25
0
VERTEX
8
L0D0
10
937.5
20
-227.75
0
VERTEX
8
L0D0
10
936
20
-227.75
0
VERTEX
8
L0D0
10
936
20
229.25
0
VERTEX
8
L0D0
10
931.5
20
229.25
0
VERTEX
8
L0D0
10
931.5
20
-227.75
0
VERTEX
8
L0D0
10
930
20
-227.75
0
VERTEX
8
L0D0
10
930
20
229.25
0
VERTEX
8
L0D0
10
925.5
20
229.25
0
VERTEX
8
L0D0
10
925.5
20
-227.75
0
VERTEX
8
L0D0
10
924
20
-227.75
0
VERTEX
8
L0D0
10
924
20
229.25
0
VERTEX
8
L0D0
10
919.5
20
229.25
0
VERTEX
8
L0D0
10
919.5
20
-227.75
0
VERTEX
8
L0D0
10
918
20
-227.75
0
VERTEX
8
L0D0
10
918
20
229.25
0
VERTEX
8
L0D0
10
913.5
20
229.25
0
VERTEX
8
L0D0
10
913.5
20
-227.75
0
VERTEX
8
L0D0
10
912
20
-227.75
0
VERTEX
8
L0D0
10
912
20
229.25
0
VERTEX
8
L0D0
10
907.5
20
229.25
0
VERTEX
8
L0D0
10
907.5
20
-227.75
0
VERTEX
8
L0D0
10
906
20
-227.75
0
VERTEX
8
L0D0
10
906
20
229.25
0
VERTEX
8
L0D0
10
901.5
20
229.25
0
VERTEX
8
L0D0
10
901.5
20
-227.75
0
VERTEX
8
L0D0
10
900
20
-227.75
0
VERTEX
8
L0D0
10
900
20
229.25
0
VERTEX
8
L0D0
10
895.5
20
229.25
0
VERTEX
8
L0D0
10
895.5
20
-227.75
0
VERTEX
8
L0D0
10
894
20
-227.75
0
VERTEX
8
L0D0
10
894
20
229.25
0
VERTEX
8
L0D0
10
889.5
20
229.25
0
VERTEX
8
L0D0
10
889.5
20
-227.75
0
VERTEX
8
L0D0
10
888
20
-227.75
0
VERTEX
8
L0D0
10
888
20
229.25
0
VERTEX
8
L0D0
10
883.5
20
229.25
0
VERTEX
8
L0D0
10
883.5
20
-227.75
0
VERTEX
8
L0D0
10
882
20
-227.75
0
VERTEX
8
L0D0
10
882
20
229.25
0
VERTEX
8
L0D0
10
877.5
20
229.25
0
VERTEX
8
L0D0
10
877.5
20
-227.75
0
VERTEX
8
L0D0
10
876
20
-227.75
0
VERTEX
8
L0D0
10
876
20
229.25
0
VERTEX
8
L0D0
10
871.5
20
229.25
0
VERTEX
8
L0D0
10
871.5
20
-227.75
0
VERTEX
8
L0D0
10
870
20
-227.75
0
VERTEX
8
L0D0
10
870
20
229.25
0
VERTEX
8
L0D0
10
865.5
20
229.25
0
VERTEX
8
L0D0
10
865.5
20
-227.75
0
VERTEX
8
L0D0
10
864
20
-227.75
0
VERTEX
8
L0D0
10
864
20
229.25
0
VERTEX
8
L0D0
10
859.5
20
229.25
0
VERTEX
8
L0D0
10
859.5
20
-227.75
0
VERTEX
8
L0D0
10
858
20
-227.75
0
VERTEX
8
L0D0
10
858
20
229.25
0
VERTEX
8
L0D0
10
853.5
20
229.25
0
VERTEX
8
L0D0
10
853.5
20
-227.75
0
VERTEX
8
L0D0
10
852
20
-227.75
0
VERTEX
8
L0D0
10
852
20
229.25
0
VERTEX
8
L0D0
10
847.5
20
229.25
0
VERTEX
8
L0D0
10
847.5
20
-227.75
0
VERTEX
8
L0D0
10
846
20
-227.75
0
VERTEX
8
L0D0
10
846
20
229.25
0
VERTEX
8
L0D0
10
841.5
20
229.25
0
VERTEX
8
L0D0
10
841.5
20
-227.75
0
VERTEX
8
L0D0
10
840
20
-227.75
0
VERTEX
8
L0D0
10
840
20
229.25
0
VERTEX
8
L0D0
10
835.5
20
229.25
0
VERTEX
8
L0D0
10
835.5
20
-227.75
0
VERTEX
8
L0D0
10
834
20
-227.75
0
VERTEX
8
L0D0
10
834
20
229.25
0
VERTEX
8
L0D0
10
829.5
20
229.25
0
VERTEX
8
L0D0
10
829.5
20
-227.75
0
VERTEX
8
L0D0
10
828
20
-227.75
0
VERTEX
8
L0D0
10
828
20
229.25
0
VERTEX
8
L0D0
10
823.5
20
229.25
0
VERTEX
8
L0D0
10
823.5
20
-227.75
0
VERTEX
8
L0D0
10
822
20
-227.75
0
VERTEX
8
L0D0
10
822
20
229.25
0
VERTEX
8
L0D0
10
817.5
20
229.25
0
VERTEX
8
L0D0
10
817.5
20
-227.75
0
VERTEX
8
L0D0
10
816
20
-227.75
0
VERTEX
8
L0D0
10
816
20
229.25
0
VERTEX
8
L0D0
10
811.5
20
229.25
0
VERTEX
8
L0D0
10
811.5
20
-227.75
0
VERTEX
8
L0D0
10
810
20
-227.75
0
VERTEX
8
L0D0
10
810
20
229.25
0
VERTEX
8
L0D0
10
805.5
20
229.25
0
VERTEX
8
L0D0
10
805.5
20
-227.75
0
VERTEX
8
L0D0
10
804
20
-227.75
0
VERTEX
8
L0D0
10
804
20
229.25
0
VERTEX
8
L0D0
10
799.5
20
229.25
0
VERTEX
8
L0D0
10
799.5
20
-227.75
0
VERTEX
8
L0D0
10
798
20
-227.75
0
VERTEX
8
L0D0
10
798
20
229.25
0
VERTEX
8
L0D0
10
793.5
20
229.25
0
VERTEX
8
L0D0
10
793.5
20
-227.75
0
VERTEX
8
L0D0
10
792
20
-227.75
0
VERTEX
8
L0D0
10
792
20
229.25
0
VERTEX
8
L0D0
10
787.5
20
229.25
0
VERTEX
8
L0D0
10
787.5
20
-227.75
0
VERTEX
8
L0D0
10
786
20
-227.75
0
VERTEX
8
L0D0
10
786
20
229.25
0
VERTEX
8
L0D0
10
781.5
20
229.25
0
VERTEX
8
L0D0
10
781.5
20
-227.75
0
VERTEX
8
L0D0
10
780
20
-227.75
0
VERTEX
8
L0D0
10
780
20
229.25
0
VERTEX
8
L0D0
10
775.5
20
229.25
0
VERTEX
8
L0D0
10
775.5
20
-227.75
0
VERTEX
8
L0D0
10
774
20
-227.75
0
VERTEX
8
L0D0
10
774
20
229.25
0
VERTEX
8
L0D0
10
769.5
20
229.25
0
VERTEX
8
L0D0
10
769.5
20
-227.75
0
VERTEX
8
L0D0
10
768
20
-227.75
0
VERTEX
8
L0D0
10
768
20
229.25
0
VERTEX
8
L0D0
10
763.5
20
229.25
0
VERTEX
8
L0D0
10
763.5
20
-227.75
0
VERTEX
8
L0D0
10
762
20
-227.75
0
VERTEX
8
L0D0
10
762
20
229.25
0
VERTEX
8
L0D0
10
757.5
20
229.25
0
VERTEX
8
L0D0
10
757.5
20
-227.75
0
VERTEX
8
L0D0
10
756
20
-227.75
0
VERTEX
8
L0D0
10
756
20
229.25
0
VERTEX
8
L0D0
10
751.5
20
229.25
0
VERTEX
8
L0D0
10
751.5
20
-227.75
0
VERTEX
8
L0D0
10
750
20
-227.75
0
VERTEX
8
L0D0
10
750
20
229.25
0
VERTEX
8
L0D0
10
745.5
20
229.25
0
VERTEX
8
L0D0
10
745.5
20
-227.75
0
VERTEX
8
L0D0
10
744
20
-227.75
0
VERTEX
8
L0D0
10
744
20
229.25
0
VERTEX
8
L0D0
10
739.5
20
229.25
0
VERTEX
8
L0D0
10
739.5
20
-227.75
0
VERTEX
8
L0D0
10
738
20
-227.75
0
VERTEX
8
L0D0
10
738
20
229.25
0
VERTEX
8
L0D0
10
733.5
20
229.25
0
VERTEX
8
L0D0
10
733.5
20
0.75
0
VERTEX
8
L0D0
10
723
20
0.75
0
VERTEX
8
L0D0
10
723
20
228.5
0
VERTEX
8
L0D0
10
721.5
20
228.5
0
VERTEX
8
L0D0
10
721.5
20
0.75
0
VERTEX
8
L0D0
10
717
20
0.75
0
VERTEX
8
L0D0
10
717
20
228.5
0
VERTEX
8
L0D0
10
715.5
20
228.5
0
VERTEX
8
L0D0
10
715.5
20
0.75
0
VERTEX
8
L0D0
10
711
20
0.75
0
VERTEX
8
L0D0
10
711
20
228.5
0
VERTEX
8
L0D0
10
709.5
20
228.5
0
VERTEX
8
L0D0
10
709.5
20
0.75
0
VERTEX
8
L0D0
10
705
20
0.75
0
VERTEX
8
L0D0
10
705
20
228.5
0
VERTEX
8
L0D0
10
703.5
20
228.5
0
VERTEX
8
L0D0
10
703.5
20
0.75
0
VERTEX
8
L0D0
10
699
20
0.75
0
VERTEX
8
L0D0
10
699
20
228.5
0
VERTEX
8
L0D0
10
697.5
20
228.5
0
VERTEX
8
L0D0
10
697.5
20
0.75
0
VERTEX
8
L0D0
10
693
20
0.75
0
VERTEX
8
L0D0
10
693
20
228.5
0
VERTEX
8
L0D0
10
691.5
20
228.5
0
VERTEX
8
L0D0
10
691.5
20
0.75
0
VERTEX
8
L0D0
10
687
20
0.75
0
VERTEX
8
L0D0
10
687
20
228.5
0
VERTEX
8
L0D0
10
685.5
20
228.5
0
VERTEX
8
L0D0
10
685.5
20
0.75
0
VERTEX
8
L0D0
10
681
20
0.75
0
VERTEX
8
L0D0
10
681
20
228.5
0
VERTEX
8
L0D0
10
679.5
20
228.5
0
VERTEX
8
L0D0
10
679.5
20
0.75
0
VERTEX
8
L0D0
10
675
20
0.75
0
VERTEX
8
L0D0
10
675
20
228.5
0
VERTEX
8
L0D0
10
673.5
20
228.5
0
VERTEX
8
L0D0
10
673.5
20
0.75
0
VERTEX
8
L0D0
10
669
20
0.75
0
VERTEX
8
L0D0
10
669
20
228.5
0
VERTEX
8
L0D0
10
667.5
20
228.5
0
VERTEX
8
L0D0
10
667.5
20
0.75
0
VERTEX
8
L0D0
10
663
20
0.75
0
VERTEX
8
L0D0
10
663
20
228.5
0
VERTEX
8
L0D0
10
661.5
20
228.5
0
VERTEX
8
L0D0
10
661.5
20
0.75
0
VERTEX
8
L0D0
10
657
20
0.75
0
VERTEX
8
L0D0
10
657
20
228.5
0
VERTEX
8
L0D0
10
655.5
20
228.5
0
VERTEX
8
L0D0
10
655.5
20
0.75
0
VERTEX
8
L0D0
10
651
20
0.75
0
VERTEX
8
L0D0
10
651
20
228.5
0
VERTEX
8
L0D0
10
649.5
20
228.5
0
VERTEX
8
L0D0
10
649.5
20
0.75
0
VERTEX
8
L0D0
10
645
20
0.75
0
VERTEX
8
L0D0
10
645
20
228.5
0
VERTEX
8
L0D0
10
643.5
20
228.5
0
VERTEX
8
L0D0
10
643.5
20
0.75
0
VERTEX
8
L0D0
10
639
20
0.75
0
VERTEX
8
L0D0
10
639
20
228.5
0
VERTEX
8
L0D0
10
637.5
20
228.5
0
VERTEX
8
L0D0
10
637.5
20
0.75
0
VERTEX
8
L0D0
10
633
20
0.75
0
VERTEX
8
L0D0
10
633
20
228.5
0
VERTEX
8
L0D0
10
631.5
20
228.5
0
VERTEX
8
L0D0
10
631.5
20
0.75
0
VERTEX
8
L0D0
10
627
20
0.75
0
VERTEX
8
L0D0
10
627
20
228.5
0
VERTEX
8
L0D0
10
625.5
20
228.5
0
VERTEX
8
L0D0
10
625.5
20
0.75
0
VERTEX
8
L0D0
10
621
20
0.75
0
VERTEX
8
L0D0
10
621
20
228.5
0
VERTEX
8
L0D0
10
619.5
20
228.5
0
VERTEX
8
L0D0
10
619.5
20
0.75
0
VERTEX
8
L0D0
10
615
20
0.75
0
VERTEX
8
L0D0
10
615
20
228.5
0
VERTEX
8
L0D0
10
613.5
20
228.5
0
VERTEX
8
L0D0
10
613.5
20
0.75
0
VERTEX
8
L0D0
10
609
20
0.75
0
VERTEX
8
L0D0
10
609
20
228.5
0
VERTEX
8
L0D0
10
607.5
20
228.5
0
VERTEX
8
L0D0
10
607.5
20
0.75
0
VERTEX
8
L0D0
10
603
20
0.75
0
VERTEX
8
L0D0
10
603
20
228.5
0
VERTEX
8
L0D0
10
601.5
20
228.5
0
VERTEX
8
L0D0
10
601.5
20
0.75
0
VERTEX
8
L0D0
10
597
20
0.75
0
VERTEX
8
L0D0
10
597
20
228.5
0
VERTEX
8
L0D0
10
595.5
20
228.5
0
VERTEX
8
L0D0
10
595.5
20
0.75
0
VERTEX
8
L0D0
10
591
20
0.75
0
VERTEX
8
L0D0
10
591
20
228.5
0
VERTEX
8
L0D0
10
589.5
20
228.5
0
VERTEX
8
L0D0
10
589.5
20
0.75
0
VERTEX
8
L0D0
10
585
20
0.75
0
VERTEX
8
L0D0
10
585
20
228.5
0
VERTEX
8
L0D0
10
583.5
20
228.5
0
VERTEX
8
L0D0
10
583.5
20
0.75
0
VERTEX
8
L0D0
10
579
20
0.75
0
VERTEX
8
L0D0
10
579
20
228.5
0
VERTEX
8
L0D0
10
577.5
20
228.5
0
VERTEX
8
L0D0
10
577.5
20
0.75
0
VERTEX
8
L0D0
10
573
20
0.75
0
VERTEX
8
L0D0
10
573
20
228.5
0
VERTEX
8
L0D0
10
571.5
20
228.5
0
VERTEX
8
L0D0
10
571.5
20
0.75
0
VERTEX
8
L0D0
10
567
20
0.75
0
VERTEX
8
L0D0
10
567
20
228.5
0
VERTEX
8
L0D0
10
565.5
20
228.5
0
VERTEX
8
L0D0
10
565.5
20
0.75
0
VERTEX
8
L0D0
10
561
20
0.75
0
VERTEX
8
L0D0
10
561
20
228.5
0
VERTEX
8
L0D0
10
559.5
20
228.5
0
VERTEX
8
L0D0
10
559.5
20
0.75
0
VERTEX
8
L0D0
10
555
20
0.75
0
VERTEX
8
L0D0
10
555
20
228.5
0
VERTEX
8
L0D0
10
553.5
20
228.5
0
VERTEX
8
L0D0
10
553.5
20
0.75
0
VERTEX
8
L0D0
10
549
20
0.75
0
VERTEX
8
L0D0
10
549
20
228.5
0
VERTEX
8
L0D0
10
547.5
20
228.5
0
VERTEX
8
L0D0
10
547.5
20
0.75
0
VERTEX
8
L0D0
10
543
20
0.75
0
VERTEX
8
L0D0
10
543
20
228.5
0
VERTEX
8
L0D0
10
541.5
20
228.5
0
VERTEX
8
L0D0
10
541.5
20
0.75
0
VERTEX
8
L0D0
10
537
20
0.75
0
VERTEX
8
L0D0
10
537
20
228.5
0
VERTEX
8
L0D0
10
535.5
20
228.5
0
VERTEX
8
L0D0
10
535.5
20
0.75
0
VERTEX
8
L0D0
10
531
20
0.75
0
VERTEX
8
L0D0
10
531
20
228.5
0
VERTEX
8
L0D0
10
529.5
20
228.5
0
VERTEX
8
L0D0
10
529.5
20
0.75
0
VERTEX
8
L0D0
10
525
20
0.75
0
VERTEX
8
L0D0
10
525
20
228.5
0
VERTEX
8
L0D0
10
523.5
20
228.5
0
VERTEX
8
L0D0
10
523.5
20
0.75
0
VERTEX
8
L0D0
10
519
20
0.75
0
VERTEX
8
L0D0
10
519
20
228.5
0
VERTEX
8
L0D0
10
517.5
20
228.5
0
VERTEX
8
L0D0
10
517.5
20
0.75
0
VERTEX
8
L0D0
10
513
20
0.75
0
VERTEX
8
L0D0
10
513
20
228.5
0
VERTEX
8
L0D0
10
511.5
20
228.5
0
VERTEX
8
L0D0
10
511.5
20
0.75
0
VERTEX
8
L0D0
10
507
20
0.75
0
VERTEX
8
L0D0
10
507
20
228.5
0
VERTEX
8
L0D0
10
505.5
20
228.5
0
VERTEX
8
L0D0
10
505.5
20
0.75
0
VERTEX
8
L0D0
10
501
20
0.75
0
VERTEX
8
L0D0
10
501
20
228.5
0
VERTEX
8
L0D0
10
499.5
20
228.5
0
VERTEX
8
L0D0
10
499.5
20
0.75
0
VERTEX
8
L0D0
10
495
20
0.75
0
VERTEX
8
L0D0
10
495
20
228.5
0
VERTEX
8
L0D0
10
493.5
20
228.5
0
VERTEX
8
L0D0
10
493.5
20
0.75
0
VERTEX
8
L0D0
10
489
20
0.75
0
VERTEX
8
L0D0
10
489
20
228.5
0
VERTEX
8
L0D0
10
487.5
20
228.5
0
VERTEX
8
L0D0
10
487.5
20
0.75
0
VERTEX
8
L0D0
10
483
20
0.75
0
VERTEX
8
L0D0
10
483
20
228.5
0
VERTEX
8
L0D0
10
481.5
20
228.5
0
VERTEX
8
L0D0
10
481.5
20
0.75
0
VERTEX
8
L0D0
10
477
20
0.75
0
VERTEX
8
L0D0
10
477
20
228.5
0
VERTEX
8
L0D0
10
475.5
20
228.5
0
VERTEX
8
L0D0
10
475.5
20
0.75
0
VERTEX
8
L0D0
10
471
20
0.75
0
VERTEX
8
L0D0
10
471
20
228.5
0
VERTEX
8
L0D0
10
469.5
20
228.5
0
VERTEX
8
L0D0
10
469.5
20
0.75
0
VERTEX
8
L0D0
10
465
20
0.75
0
VERTEX
8
L0D0
10
465
20
228.5
0
VERTEX
8
L0D0
10
463.5
20
228.5
0
VERTEX
8
L0D0
10
463.5
20
0.75
0
VERTEX
8
L0D0
10
459
20
0.75
0
VERTEX
8
L0D0
10
459
20
228.5
0
VERTEX
8
L0D0
10
457.5
20
228.5
0
VERTEX
8
L0D0
10
457.5
20
0.75
0
VERTEX
8
L0D0
10
453
20
0.75
0
VERTEX
8
L0D0
10
453
20
228.5
0
VERTEX
8
L0D0
10
451.5
20
228.5
0
VERTEX
8
L0D0
10
451.5
20
0.75
0
VERTEX
8
L0D0
10
447
20
0.75
0
VERTEX
8
L0D0
10
447
20
228.5
0
VERTEX
8
L0D0
10
445.5
20
228.5
0
VERTEX
8
L0D0
10
445.5
20
0.75
0
VERTEX
8
L0D0
10
441
20
0.75
0
VERTEX
8
L0D0
10
441
20
228.5
0
VERTEX
8
L0D0
10
439.5
20
228.5
0
VERTEX
8
L0D0
10
439.5
20
0.75
0
VERTEX
8
L0D0
10
435
20
0.75
0
VERTEX
8
L0D0
10
435
20
228.5
0
VERTEX
8
L0D0
10
433.5
20
228.5
0
VERTEX
8
L0D0
10
433.5
20
0.75
0
VERTEX
8
L0D0
10
429
20
0.75
0
VERTEX
8
L0D0
10
429
20
228.5
0
VERTEX
8
L0D0
10
427.5
20
228.5
0
VERTEX
8
L0D0
10
427.5
20
0.75
0
VERTEX
8
L0D0
10
420
20
0.75
0
VERTEX
8
L0D0
10
420
20
0.6
0
VERTEX
8
L0D0
10
0.6
20
0.6
0
VERTEX
8
L0D0
10
0.6
20
3
0
VERTEX
8
L0D0
10
-0.6
20
3
0
VERTEX
8
L0D0
10
-0.6
20
-3
0
VERTEX
8
L0D0
10
0.6
20
-3
0
VERTEX
8
L0D0
10
0.6
20
-1.4
0
VERTEX
8
L0D0
10
2
20
-1.4
0
VERTEX
8
L0D0
10
2
20
-2.6
0
VERTEX
8
L0D0
10
170
20
-2.6
0
VERTEX
8
L0D0
10
171.989
20
-2.64
0
VERTEX
8
L0D0
10
173.975
20
-2.76
0
VERTEX
8
L0D0
10
175.955
20
-2.96
0
VERTEX
8
L0D0
10
177.924
20
-3.24
0
VERTEX
8
L0D0
10
179.881
20
-3.598
0
VERTEX
8
L0D0
10
181.822
20
-4.035
0
VERTEX
8
L0D0
10
183.744
20
-4.55
0
VERTEX
8
L0D0
10
185.643
20
-5.142
0
VERTEX
8
L0D0
10
187.517
20
-5.81
0
VERTEX
8
L0D0
10
189.363
20
-6.553
0
VERTEX
8
L0D0
10
191.177
20
-7.37
0
VERTEX
8
L0D0
10
192.957
20
-8.258
0
VERTEX
8
L0D0
10
194.7
20
-9.218
0
VERTEX
8
L0D0
10
196.403
20
-10.248
0
VERTEX
8
L0D0
10
198.062
20
-11.345
0
VERTEX
8
L0D0
10
199.677
20
-12.508
0
VERTEX
8
L0D0
10
201.243
20
-13.735
0
VERTEX
8
L0D0
10
202.758
20
-15.024
0
VERTEX
8
L0D0
10
204.221
20
-16.373
0
VERTEX
8
L0D0
10
205.627
20
-17.779
0
VERTEX
8
L0D0
10
206.976
20
-19.242
0
VERTEX
8
L0D0
10
208.265
20
-20.757
0
VERTEX
8
L0D0
10
209.492
20
-22.323
0
VERTEX
8
L0D0
10
210.655
20
-23.938
0
VERTEX
8
L0D0
10
211.752
20
-25.597
0
VERTEX
8
L0D0
10
212.782
20
-27.3
0
VERTEX
8
L0D0
10
213.742
20
-29.043
0
VERTEX
8
L0D0
10
214.63
20
-30.823
0
VERTEX
8
L0D0
10
215.447
20
-32.637
0
VERTEX
8
L0D0
10
216.19
20
-34.483
0
VERTEX
8
L0D0
10
216.858
20
-36.357
0
VERTEX
8
L0D0
10
217.45
20
-38.256
0
VERTEX
8
L0D0
10
217.965
20
-40.178
0
VERTEX
8
L0D0
10
218.402
20
-42.119
0
VERTEX
8
L0D0
10
218.76
20
-44.076
0
VERTEX
8
L0D0
10
219.04
20
-46.045
0
VERTEX
8
L0D0
10
219.24
20
-48.025
0
VERTEX
8
L0D0
10
219.36
20
-50.011
0
VERTEX
8
L0D0
10
219.4
20
-52
0
VERTEX
8
L0D0
10
219.4
20
-402
0
VERTEX
8
L0D0
10
219.25
20
-402
0
VERTEX
8
L0D0
10
219.25
20
-409.5
0
VERTEX
8
L0D0
10
-8.5
20
-409.5
0
VERTEX
8
L0D0
10
-8.5
20
-411
0
VERTEX
8
L0D0
10
219.25
20
-411
0
VERTEX
8
L0D0
10
219.25
20
-415.5
0
VERTEX
8
L0D0
10
-8.5
20
-415.5
0
VERTEX
8
L0D0
10
-8.5
20
-417
0
VERTEX
8
L0D0
10
219.25
20
-417
0
VERTEX
8
L0D0
10
219.25
20
-421.5
0
VERTEX
8
L0D0
10
-8.5
20
-421.5
0
VERTEX
8
L0D0
10
-8.5
20
-423
0
VERTEX
8
L0D0
10
219.25
20
-423
0
VERTEX
8
L0D0
10
219.25
20
-427.5
0
VERTEX
8
L0D0
10
-8.5
20
-427.5
0
VERTEX
8
L0D0
10
-8.5
20
-429
0
VERTEX
8
L0D0
10
219.25
20
-429
0
VERTEX
8
L0D0
10
219.25
20
-433.5
0
VERTEX
8
L0D0
10
-8.5
20
-433.5
0
VERTEX
8
L0D0
10
-8.5
20
-435
0
VERTEX
8
L0D0
10
219.25
20
-435
0
VERTEX
8
L0D0
10
219.25
20
-439.5
0
VERTEX
8
L0D0
10
-8.5
20
-439.5
0
VERTEX
8
L0D0
10
-8.5
20
-441
0
VERTEX
8
L0D0
10
219.25
20
-441
0
VERTEX
8
L0D0
10
219.25
20
-445.5
0
VERTEX
8
L0D0
10
-8.5
20
-445.5
0
VERTEX
8
L0D0
10
-8.5
20
-447
0
VERTEX
8
L0D0
10
219.25
20
-447
0
VERTEX
8
L0D0
10
219.25
20
-451.5
0
VERTEX
8
L0D0
10
-8.5
20
-451.5
0
VERTEX
8
L0D0
10
-8.5
20
-453
0
VERTEX
8
L0D0
10
219.25
20
-453
0
VERTEX
8
L0D0
10
219.25
20
-457.5
0
VERTEX
8
L0D0
10
-8.5
20
-457.5
0
VERTEX
8
L0D0
10
-8.5
20
-459
0
VERTEX
8
L0D0
10
219.25
20
-459
0
VERTEX
8
L0D0
10
219.25
20
-463.5
0
VERTEX
8
L0D0
10
-8.5
20
-463.5
0
VERTEX
8
L0D0
10
-8.5
20
-465
0
VERTEX
8
L0D0
10
219.25
20
-465
0
VERTEX
8
L0D0
10
219.25
20
-469.5
0
VERTEX
8
L0D0
10
-8.5
20
-469.5
0
VERTEX
8
L0D0
10
-8.5
20
-471
0
VERTEX
8
L0D0
10
219.25
20
-471
0
VERTEX
8
L0D0
10
219.25
20
-475.5
0
VERTEX
8
L0D0
10
-8.5
20
-475.5
0
VERTEX
8
L0D0
10
-8.5
20
-477
0
VERTEX
8
L0D0
10
219.25
20
-477
0
VERTEX
8
L0D0
10
219.25
20
-481.5
0
VERTEX
8
L0D0
10
-8.5
20
-481.5
0
VERTEX
8
L0D0
10
-8.5
20
-483
0
VERTEX
8
L0D0
10
219.25
20
-483
0
VERTEX
8
L0D0
10
219.25
20
-487.5
0
VERTEX
8
L0D0
10
-8.5
20
-487.5
0
VERTEX
8
L0D0
10
-8.5
20
-489
0
VERTEX
8
L0D0
10
219.25
20
-489
0
VERTEX
8
L0D0
10
219.25
20
-493.5
0
VERTEX
8
L0D0
10
-8.5
20
-493.5
0
VERTEX
8
L0D0
10
-8.5
20
-495
0
VERTEX
8
L0D0
10
219.25
20
-495
0
VERTEX
8
L0D0
10
219.25
20
-499.5
0
VERTEX
8
L0D0
10
-8.5
20
-499.5
0
VERTEX
8
L0D0
10
-8.5
20
-501
0
VERTEX
8
L0D0
10
219.25
20
-501
0
VERTEX
8
L0D0
10
219.25
20
-505.5
0
VERTEX
8
L0D0
10
-8.5
20
-505.5
0
VERTEX
8
L0D0
10
-8.5
20
-507
0
VERTEX
8
L0D0
10
219.25
20
-507
0
VERTEX
8
L0D0
10
219.25
20
-511.5
0
VERTEX
8
L0D0
10
-8.5
20
-511.5
0
VERTEX
8
L0D0
10
-8.5
20
-513
0
VERTEX
8
L0D0
10
219.25
20
-513
0
VERTEX
8
L0D0
10
219.25
20
-517.5
0
VERTEX
8
L0D0
10
-8.5
20
-517.5
0
VERTEX
8
L0D0
10
-8.5
20
-519
0
VERTEX
8
L0D0
10
219.25
20
-519
0
VERTEX
8
L0D0
10
219.25
20
-523.5
0
VERTEX
8
L0D0
10
-8.5
20
-523.5
0
VERTEX
8
L0D0
10
-8.5
20
-525
0
VERTEX
8
L0D0
10
219.25
20
-525
0
VERTEX
8
L0D0
10
219.25
20
-529.5
0
VERTEX
8
L0D0
10
-8.5
20
-529.5
0
VERTEX
8
L0D0
10
-8.5
20
-531
0
VERTEX
8
L0D0
10
219.25
20
-531
0
VERTEX
8
L0D0
10
219.25
20
-535.5
0
VERTEX
8
L0D0
10
-8.5
20
-535.5
0
VERTEX
8
L0D0
10
-8.5
20
-537
0
VERTEX
8
L0D0
10
219.25
20
-537
0
VERTEX
8
L0D0
10
219.25
20
-541.5
0
VERTEX
8
L0D0
10
-8.5
20
-541.5
0
VERTEX
8
L0D0
10
-8.5
20
-543
0
VERTEX
8
L0D0
10
219.25
20
-543
0
VERTEX
8
L0D0
10
219.25
20
-547.5
0
VERTEX
8
L0D0
10
-8.5
20
-547.5
0
VERTEX
8
L0D0
10
-8.5
20
-549
0
VERTEX
8
L0D0
10
219.25
20
-549
0
VERTEX
8
L0D0
10
219.25
20
-553.5
0
VERTEX
8
L0D0
10
-8.5
20
-553.5
0
VERTEX
8
L0D0
10
-8.5
20
-555
0
VERTEX
8
L0D0
10
219.25
20
-555
0
VERTEX
8
L0D0
10
219.25
20
-559.5
0
VERTEX
8
L0D0
10
-8.5
20
-559.5
0
VERTEX
8
L0D0
10
-8.5
20
-561
0
VERTEX
8
L0D0
10
219.25
20
-561
0
VERTEX
8
L0D0
10
219.25
20
-565.5
0
VERTEX
8
L0D0
10
-8.5
20
-565.5
0
VERTEX
8
L0D0
10
-8.5
20
-567
0
VERTEX
8
L0D0
10
219.25
20
-567
0
VERTEX
8
L0D0
10
219.25
20
-571.5
0
VERTEX
8
L0D0
10
-8.5
20
-571.5
0
VERTEX
8
L0D0
10
-8.5
20
-573
0
VERTEX
8
L0D0
10
219.25
20
-573
0
VERTEX
8
L0D0
10
219.25
20
-577.5
0
VERTEX
8
L0D0
10
-8.5
20
-577.5
0
VERTEX
8
L0D0
10
-8.5
20
-579
0
VERTEX
8
L0D0
10
219.25
20
-579
0
VERTEX
8
L0D0
10
219.25
20
-583.5
0
VERTEX
8
L0D0
10
-8.5
20
-583.5
0
VERTEX
8
L0D0
10
-8.5
20
-585
0
VERTEX
8
L0D0
10
219.25
20
-585
0
VERTEX
8
L0D0
10
219.25
20
-589.5
0
VERTEX
8
L0D0
10
-8.5
20
-589.5
0
VERTEX
8
L0D0
10
-8.5
20
-591
0
VERTEX
8
L0D0
10
219.25
20
-591
0
VERTEX
8
L0D0
10
219.25
20
-595.5
0
VERTEX
8
L0D0
10
-8.5
20
-595.5
0
VERTEX
8
L0D0
10
-8.5
20
-597
0
VERTEX
8
L0D0
10
219.25
20
-597
0
VERTEX
8
L0D0
10
219.25
20
-601.5
0
VERTEX
8
L0D0
10
-8.5
20
-601.5
0
VERTEX
8
L0D0
10
-8.5
20
-603
0
VERTEX
8
L0D0
10
219.25
20
-603
0
VERTEX
8
L0D0
10
219.25
20
-607.5
0
VERTEX
8
L0D0
10
-8.5
20
-607.5
0
VERTEX
8
L0D0
10
-8.5
20
-609
0
VERTEX
8
L0D0
10
219.25
20
-609
0
VERTEX
8
L0D0
10
219.25
20
-613.5
0
VERTEX
8
L0D0
10
-8.5
20
-613.5
0
VERTEX
8
L0D0
10
-8.5
20
-615
0
VERTEX
8
L0D0
10
219.25
20
-615
0
VERTEX
8
L0D0
10
219.25
20
-619.5
0
VERTEX
8
L0D0
10
-8.5
20
-619.5
0
VERTEX
8
L0D0
10
-8.5
20
-621
0
VERTEX
8
L0D0
10
219.25
20
-621
0
VERTEX
8
L0D0
10
219.25
20
-625.5
0
VERTEX
8
L0D0
10
-8.5
20
-625.5
0
VERTEX
8
L0D0
10
-8.5
20
-627
0
VERTEX
8
L0D0
10
219.25
20
-627
0
VERTEX
8
L0D0
10
219.25
20
-631.5
0
VERTEX
8
L0D0
10
-8.5
20
-631.5
0
VERTEX
8
L0D0
10
-8.5
20
-633
0
VERTEX
8
L0D0
10
219.25
20
-633
0
VERTEX
8
L0D0
10
219.25
20
-637.5
0
VERTEX
8
L0D0
10
-8.5
20
-637.5
0
VERTEX
8
L0D0
10
-8.5
20
-639
0
VERTEX
8
L0D0
10
219.25
20
-639
0
VERTEX
8
L0D0
10
219.25
20
-643.5
0
VERTEX
8
L0D0
10
-8.5
20
-643.5
0
VERTEX
8
L0D0
10
-8.5
20
-645
0
VERTEX
8
L0D0
10
219.25
20
-645
0
VERTEX
8
L0D0
10
219.25
20
-649.5
0
VERTEX
8
L0D0
10
-8.5
20
-649.5
0
VERTEX
8
L0D0
10
-8.5
20
-651
0
VERTEX
8
L0D0
10
219.25
20
-651
0
VERTEX
8
L0D0
10
219.25
20
-655.5
0
VERTEX
8
L0D0
10
-8.5
20
-655.5
0
VERTEX
8
L0D0
10
-8.5
20
-657
0
VERTEX
8
L0D0
10
219.25
20
-657
0
VERTEX
8
L0D0
10
219.25
20
-661.5
0
VERTEX
8
L0D0
10
-8.5
20
-661.5
0
VERTEX
8
L0D0
10
-8.5
20
-663
0
VERTEX
8
L0D0
10
219.25
20
-663
0
VERTEX
8
L0D0
10
219.25
20
-667.5
0
VERTEX
8
L0D0
10
-8.5
20
-667.5
0
VERTEX
8
L0D0
10
-8.5
20
-669
0
VERTEX
8
L0D0
10
219.25
20
-669
0
VERTEX
8
L0D0
10
219.25
20
-673.5
0
VERTEX
8
L0D0
10
-8.5
20
-673.5
0
VERTEX
8
L0D0
10
-8.5
20
-675
0
VERTEX
8
L0D0
10
219.25
20
-675
0
VERTEX
8
L0D0
10
219.25
20
-679.5
0
VERTEX
8
L0D0
10
-8.5
20
-679.5
0
VERTEX
8
L0D0
10
-8.5
20
-681
0
VERTEX
8
L0D0
10
219.25
20
-681
0
VERTEX
8
L0D0
10
219.25
20
-685.5
0
VERTEX
8
L0D0
10
-8.5
20
-685.5
0
VERTEX
8
L0D0
10
-8.5
20
-687
0
VERTEX
8
L0D0
10
219.25
20
-687
0
VERTEX
8
L0D0
10
219.25
20
-691.5
0
VERTEX
8
L0D0
10
-8.5
20
-691.5
0
VERTEX
8
L0D0
10
-8.5
20
-693
0
VERTEX
8
L0D0
10
219.25
20
-693
0
VERTEX
8
L0D0
10
219.25
20
-697.5
0
VERTEX
8
L0D0
10
-8.5
20
-697.5
0
VERTEX
8
L0D0
10
-8.5
20
-699
0
VERTEX
8
L0D0
10
219.25
20
-699
0
VERTEX
8
L0D0
10
219.25
20
-703.5
0
VERTEX
8
L0D0
10
-8.5
20
-703.5
0
VERTEX
8
L0D0
10
-8.5
20
-705
0
VERTEX
8
L0D0
10
219.25
20
-705
0
VERTEX
8
L0D0
10
219.25
20
-717
0
VERTEX
8
L0D0
10
447.75
20
-717
0
VERTEX
8
L0D0
10
447.75
20
-718.5
0
VERTEX
8
L0D0
10
-9.25
20
-718.5
0
VERTEX
8
L0D0
10
-9.25
20
-723
0
VERTEX
8
L0D0
10
447.75
20
-723
0
VERTEX
8
L0D0
10
447.75
20
-724.5
0
VERTEX
8
L0D0
10
-9.25
20
-724.5
0
VERTEX
8
L0D0
10
-9.25
20
-729
0
VERTEX
8
L0D0
10
447.75
20
-729
0
VERTEX
8
L0D0
10
447.75
20
-730.5
0
VERTEX
8
L0D0
10
-9.25
20
-730.5
0
VERTEX
8
L0D0
10
-9.25
20
-735
0
VERTEX
8
L0D0
10
447.75
20
-735
0
VERTEX
8
L0D0
10
447.75
20
-736.5
0
VERTEX
8
L0D0
10
-9.25
20
-736.5
0
VERTEX
8
L0D0
10
-9.25
20
-741
0
VERTEX
8
L0D0
10
447.75
20
-741
0
VERTEX
8
L0D0
10
447.75
20
-742.5
0
VERTEX
8
L0D0
10
-9.25
20
-742.5
0
VERTEX
8
L0D0
10
-9.25
20
-747
0
VERTEX
8
L0D0
10
447.75
20
-747
0
VERTEX
8
L0D0
10
447.75
20
-748.5
0
VERTEX
8
L0D0
10
-9.25
20
-748.5
0
VERTEX
8
L0D0
10
-9.25
20
-753
0
VERTEX
8
L0D0
10
447.75
20
-753
0
VERTEX
8
L0D0
10
447.75
20
-754.5
0
VERTEX
8
L0D0
10
-9.25
20
-754.5
0
VERTEX
8
L0D0
10
-9.25
20
-759
0
VERTEX
8
L0D0
10
447.75
20
-759
0
VERTEX
8
L0D0
10
447.75
20
-760.5
0
VERTEX
8
L0D0
10
-9.25
20
-760.5
0
VERTEX
8
L0D0
10
-9.25
20
-765
0
VERTEX
8
L0D0
10
447.75
20
-765
0
VERTEX
8
L0D0
10
447.75
20
-766.5
0
VERTEX
8
L0D0
10
-9.25
20
-766.5
0
VERTEX
8
L0D0
10
-9.25
20
-771
0
VERTEX
8
L0D0
10
447.75
20
-771
0
VERTEX
8
L0D0
10
447.75
20
-772.5
0
VERTEX
8
L0D0
10
-9.25
20
-772.5
0
VERTEX
8
L0D0
10
-9.25
20
-777
0
VERTEX
8
L0D0
10
447.75
20
-777
0
VERTEX
8
L0D0
10
447.75
20
-778.5
0
VERTEX
8
L0D0
10
-9.25
20
-778.5
0
VERTEX
8
L0D0
10
-9.25
20
-783
0
VERTEX
8
L0D0
10
447.75
20
-783
0
VERTEX
8
L0D0
10
447.75
20
-784.5
0
VERTEX
8
L0D0
10
-9.25
20
-784.5
0
VERTEX
8
L0D0
10
-9.25
20
-789
0
VERTEX
8
L0D0
10
447.75
20
-789
0
VERTEX
8
L0D0
10
447.75
20
-790.5
0
VERTEX
8
L0D0
10
-9.25
20
-790.5
0
VERTEX
8
L0D0
10
-9.25
20
-795
0
VERTEX
8
L0D0
10
447.75
20
-795
0
VERTEX
8
L0D0
10
447.75
20
-796.5
0
VERTEX
8
L0D0
10
-9.25
20
-796.5
0
VERTEX
8
L0D0
10
-9.25
20
-801
0
VERTEX
8
L0D0
10
447.75
20
-801
0
VERTEX
8
L0D0
10
447.75
20
-802.5
0
VERTEX
8
L0D0
10
-9.25
20
-802.5
0
VERTEX
8
L0D0
10
-9.25
20
-807
0
VERTEX
8
L0D0
10
447.75
20
-807
0
VERTEX
8
L0D0
10
447.75
20
-808.5
0
VERTEX
8
L0D0
10
-9.25
20
-808.5
0
VERTEX
8
L0D0
10
-9.25
20
-813
0
VERTEX
8
L0D0
10
447.75
20
-813
0
VERTEX
8
L0D0
10
447.75
20
-814.5
0
VERTEX
8
L0D0
10
-9.25
20
-814.5
0
VERTEX
8
L0D0
10
-9.25
20
-819
0
VERTEX
8
L0D0
10
447.75
20
-819
0
VERTEX
8
L0D0
10
447.75
20
-820.5
0
VERTEX
8
L0D0
10
-9.25
20
-820.5
0
VERTEX
8
L0D0
10
-9.25
20
-825
0
VERTEX
8
L0D0
10
447.75
20
-825
0
VERTEX
8
L0D0
10
447.75
20
-826.5
0
VERTEX
8
L0D0
10
-9.25
20
-826.5
0
VERTEX
8
L0D0
10
-9.25
20
-831
0
VERTEX
8
L0D0
10
447.75
20
-831
0
VERTEX
8
L0D0
10
447.75
20
-832.5
0
VERTEX
8
L0D0
10
-9.25
20
-832.5
0
VERTEX
8
L0D0
10
-9.25
20
-837
0
VERTEX
8
L0D0
10
447.75
20
-837
0
VERTEX
8
L0D0
10
447.75
20
-838.5
0
VERTEX
8
L0D0
10
-9.25
20
-838.5
0
VERTEX
8
L0D0
10
-9.25
20
-843
0
VERTEX
8
L0D0
10
447.75
20
-843
0
VERTEX
8
L0D0
10
447.75
20
-844.5
0
VERTEX
8
L0D0
10
-9.25
20
-844.5
0
VERTEX
8
L0D0
10
-9.25
20
-849
0
VERTEX
8
L0D0
10
447.75
20
-849
0
VERTEX
8
L0D0
10
447.75
20
-850.5
0
VERTEX
8
L0D0
10
-9.25
20
-850.5
0
VERTEX
8
L0D0
10
-9.25
20
-855
0
VERTEX
8
L0D0
10
447.75
20
-855
0
VERTEX
8
L0D0
10
447.75
20
-856.5
0
VERTEX
8
L0D0
10
-9.25
20
-856.5
0
VERTEX
8
L0D0
10
-9.25
20
-861
0
VERTEX
8
L0D0
10
447.75
20
-861
0
VERTEX
8
L0D0
10
447.75
20
-862.5
0
VERTEX
8
L0D0
10
-9.25
20
-862.5
0
VERTEX
8
L0D0
10
-9.25
20
-867
0
VERTEX
8
L0D0
10
447.75
20
-867
0
VERTEX
8
L0D0
10
447.75
20
-868.5
0
VERTEX
8
L0D0
10
-9.25
20
-868.5
0
VERTEX
8
L0D0
10
-9.25
20
-873
0
VERTEX
8
L0D0
10
447.75
20
-873
0
VERTEX
8
L0D0
10
447.75
20
-874.5
0
VERTEX
8
L0D0
10
-9.25
20
-874.5
0
VERTEX
8
L0D0
10
-9.25
20
-879
0
VERTEX
8
L0D0
10
447.75
20
-879
0
VERTEX
8
L0D0
10
447.75
20
-880.5
0
VERTEX
8
L0D0
10
-9.25
20
-880.5
0
VERTEX
8
L0D0
10
-9.25
20
-885
0
VERTEX
8
L0D0
10
447.75
20
-885
0
VERTEX
8
L0D0
10
447.75
20
-886.5
0
VERTEX
8
L0D0
10
-9.25
20
-886.5
0
VERTEX
8
L0D0
10
-9.25
20
-891
0
VERTEX
8
L0D0
10
447.75
20
-891
0
VERTEX
8
L0D0
10
447.75
20
-892.5
0
VERTEX
8
L0D0
10
-9.25
20
-892.5
0
VERTEX
8
L0D0
10
-9.25
20
-897
0
VERTEX
8
L0D0
10
447.75
20
-897
0
VERTEX
8
L0D0
10
447.75
20
-898.5
0
VERTEX
8
L0D0
10
-9.25
20
-898.5
0
VERTEX
8
L0D0
10
-9.25
20
-903
0
VERTEX
8
L0D0
10
447.75
20
-903
0
VERTEX
8
L0D0
10
447.75
20
-904.5
0
VERTEX
8
L0D0
10
-9.25
20
-904.5
0
VERTEX
8
L0D0
10
-9.25
20
-909
0
VERTEX
8
L0D0
10
447.75
20
-909
0
VERTEX
8
L0D0
10
447.75
20
-910.5
0
VERTEX
8
L0D0
10
-9.25
20
-910.5
0
VERTEX
8
L0D0
10
-9.25
20
-915
0
VERTEX
8
L0D0
10
447.75
20
-915
0
VERTEX
8
L0D0
10
447.75
20
-916.5
0
VERTEX
8
L0D0
10
-9.25
20
-916.5
0
VERTEX
8
L0D0
10
-9.25
20
-921
0
VERTEX
8
L0D0
10
447.75
20
-921
0
VERTEX
8
L0D0
10
447.75
20
-922.5
0
VERTEX
8
L0D0
10
-9.25
20
-922.5
0
VERTEX
8
L0D0
10
-9.25
20
-927
0
VERTEX
8
L0D0
10
447.75
20
-927
0
VERTEX
8
L0D0
10
447.75
20
-928.5
0
VERTEX
8
L0D0
10
-9.25
20
-928.5
0
VERTEX
8
L0D0
10
-9.25
20
-933
0
VERTEX
8
L0D0
10
447.75
20
-933
0
VERTEX
8
L0D0
10
447.75
20
-934.5
0
VERTEX
8
L0D0
10
-9.25
20
-934.5
0
VERTEX
8
L0D0
10
-9.25
20
-939
0
VERTEX
8
L0D0
10
447.75
20
-939
0
VERTEX
8
L0D0
10
447.75
20
-940.5
0
VERTEX
8
L0D0
10
-9.25
20
-940.5
0
VERTEX
8
L0D0
10
-9.25
20
-945
0
VERTEX
8
L0D0
10
447.75
20
-945
0
VERTEX
8
L0D0
10
447.75
20
-946.5
0
VERTEX
8
L0D0
10
-9.25
20
-946.5
0
VERTEX
8
L0D0
10
-9.25
20
-951
0
VERTEX
8
L0D0
10
447.75
20
-951
0
VERTEX
8
L0D0
10
447.75
20
-952.5
0
VERTEX
8
L0D0
10
-9.25
20
-952.5
0
VERTEX
8
L0D0
10
-9.25
20
-957
0
VERTEX
8
L0D0
10
219.25
20
-957
0
VERTEX
8
L0D0
10
219.25
20
-967.5
0
VERTEX
8
L0D0
10
-8.5
20
-967.5
0
VERTEX
8
L0D0
10
-8.5
20
-969
0
VERTEX
8
L0D0
10
219.25
20
-969
0
VERTEX
8
L0D0
10
219.25
20
-973.5
0
VERTEX
8
L0D0
10
-8.5
20
-973.5
0
VERTEX
8
L0D0
10
-8.5
20
-975
0
VERTEX
8
L0D0
10
219.25
20
-975
0
VERTEX
8
L0D0
10
219.25
20
-979.5
0
VERTEX
8
L0D0
10
-8.5
20
-979.5
0
VERTEX
8
L0D0
10
-8.5
20
-981
0
VERTEX
8
L0D0
10
219.25
20
-981
0
VERTEX
8
L0D0
10
219.25
20
-985.5
0
VERTEX
8
L0D0
10
-8.5
20
-985.5
0
VERTEX
8
L0D0
10
-8.5
20
-987
0
VERTEX
8
L0D0
10
219.25
20
-987
0
VERTEX
8
L0D0
10
219.25
20
-991.5
0
VERTEX
8
L0D0
10
-8.5
20
-991.5
0
VERTEX
8
L0D0
10
-8.5
20
-993
0
VERTEX
8
L0D0
10
219.25
20
-993
0
VERTEX
8
L0D0
10
219.25
20
-997.5
0
VERTEX
8
L0D0
10
-8.5
20
-997.5
0
VERTEX
8
L0D0
10
-8.5
20
-999
0
VERTEX
8
L0D0
10
219.25
20
-999
0
VERTEX
8
L0D0
10
219.25
20
-1003.5
0
VERTEX
8
L0D0
10
-8.5
20
-1003.5
0
VERTEX
8
L0D0
10
-8.5
20
-1005
0
VERTEX
8
L0D0
10
219.25
20
-1005
0
VERTEX
8
L0D0
10
219.25
20
-1009.5
0
VERTEX
8
L0D0
10
-8.5
20
-1009.5
0
VERTEX
8
L0D0
10
-8.5
20
-1011
0
VERTEX
8
L0D0
10
219.25
20
-1011
0
VERTEX
8
L0D0
10
219.25
20
-1015.5
0
VERTEX
8
L0D0
10
-8.5
20
-1015.5
0
VERTEX
8
L0D0
10
-8.5
20
-1017
0
VERTEX
8
L0D0
10
219.25
20
-1017
0
VERTEX
8
L0D0
10
219.25
20
-1021.5
0
VERTEX
8
L0D0
10
-8.5
20
-1021.5
0
VERTEX
8
L0D0
10
-8.5
20
-1023
0
VERTEX
8
L0D0
10
219.25
20
-1023
0
VERTEX
8
L0D0
10
219.25
20
-1027.5
0
VERTEX
8
L0D0
10
-8.5
20
-1027.5
0
VERTEX
8
L0D0
10
-8.5
20
-1029
0
VERTEX
8
L0D0
10
219.25
20
-1029
0
VERTEX
8
L0D0
10
219.25
20
-1033.5
0
VERTEX
8
L0D0
10
-8.5
20
-1033.5
0
VERTEX
8
L0D0
10
-8.5
20
-1035
0
VERTEX
8
L0D0
10
219.25
20
-1035
0
VERTEX
8
L0D0
10
219.25
20
-1039.5
0
VERTEX
8
L0D0
10
-8.5
20
-1039.5
0
VERTEX
8
L0D0
10
-8.5
20
-1041
0
VERTEX
8
L0D0
10
219.25
20
-1041
0
VERTEX
8
L0D0
10
219.25
20
-1045.5
0
VERTEX
8
L0D0
10
-8.5
20
-1045.5
0
VERTEX
8
L0D0
10
-8.5
20
-1047
0
VERTEX
8
L0D0
10
219.25
20
-1047
0
VERTEX
8
L0D0
10
219.25
20
-1051.5
0
VERTEX
8
L0D0
10
-8.5
20
-1051.5
0
VERTEX
8
L0D0
10
-8.5
20
-1053
0
VERTEX
8
L0D0
10
219.25
20
-1053
0
VERTEX
8
L0D0
10
219.25
20
-1057.5
0
VERTEX
8
L0D0
10
-8.5
20
-1057.5
0
VERTEX
8
L0D0
10
-8.5
20
-1059
0
VERTEX
8
L0D0
10
219.25
20
-1059
0
VERTEX
8
L0D0
10
219.25
20
-1063.5
0
VERTEX
8
L0D0
10
-8.5
20
-1063.5
0
VERTEX
8
L0D0
10
-8.5
20
-1065
0
VERTEX
8
L0D0
10
219.25
20
-1065
0
VERTEX
8
L0D0
10
219.25
20
-1069.5
0
VERTEX
8
L0D0
10
-8.5
20
-1069.5
0
VERTEX
8
L0D0
10
-8.5
20
-1071
0
VERTEX
8
L0D0
10
219.25
20
-1071
0
VERTEX
8
L0D0
10
219.25
20
-1075.5
0
VERTEX
8
L0D0
10
-8.5
20
-1075.5
0
VERTEX
8
L0D0
10
-8.5
20
-1077
0
VERTEX
8
L0D0
10
219.25
20
-1077
0
VERTEX
8
L0D0
10
219.25
20
-1081.5
0
VERTEX
8
L0D0
10
-8.5
20
-1081.5
0
VERTEX
8
L0D0
10
-8.5
20
-1083
0
VERTEX
8
L0D0
10
219.25
20
-1083
0
VERTEX
8
L0D0
10
219.25
20
-1087.5
0
VERTEX
8
L0D0
10
-8.5
20
-1087.5
0
VERTEX
8
L0D0
10
-8.5
20
-1089
0
VERTEX
8
L0D0
10
219.25
20
-1089
0
VERTEX
8
L0D0
10
219.25
20
-1093.5
0
VERTEX
8
L0D0
10
-8.5
20
-1093.5
0
VERTEX
8
L0D0
10
-8.5
20
-1095
0
VERTEX
8
L0D0
10
219.25
20
-1095
0
VERTEX
8
L0D0
10
219.25
20
-1099.5
0
VERTEX
8
L0D0
10
-8.5
20
-1099.5
0
VERTEX
8
L0D0
10
-8.5
20
-1101
0
VERTEX
8
L0D0
10
219.25
20
-1101
0
VERTEX
8
L0D0
10
219.25
20
-1105.5
0
VERTEX
8
L0D0
10
-8.5
20
-1105.5
0
VERTEX
8
L0D0
10
-8.5
20
-1107
0
VERTEX
8
L0D0
10
219.25
20
-1107
0
VERTEX
8
L0D0
10
219.25
20
-1111.5
0
VERTEX
8
L0D0
10
-8.5
20
-1111.5
0
VERTEX
8
L0D0
10
-8.5
20
-1113
0
VERTEX
8
L0D0
10
219.25
20
-1113
0
VERTEX
8
L0D0
10
219.25
20
-1117.5
0
VERTEX
8
L0D0
10
-8.5
20
-1117.5
0
VERTEX
8
L0D0
10
-8.5
20
-1119
0
VERTEX
8
L0D0
10
219.25
20
-1119
0
VERTEX
8
L0D0
10
219.25
20
-1123.5
0
VERTEX
8
L0D0
10
-8.5
20
-1123.5
0
VERTEX
8
L0D0
10
-8.5
20
-1125
0
VERTEX
8
L0D0
10
219.25
20
-1125
0
VERTEX
8
L0D0
10
219.25
20
-1129.5
0
VERTEX
8
L0D0
10
-8.5
20
-1129.5
0
VERTEX
8
L0D0
10
-8.5
20
-1131
0
VERTEX
8
L0D0
10
219.25
20
-1131
0
VERTEX
8
L0D0
10
219.25
20
-1135.5
0
VERTEX
8
L0D0
10
-8.5
20
-1135.5
0
VERTEX
8
L0D0
10
-8.5
20
-1137
0
VERTEX
8
L0D0
10
219.25
20
-1137
0
VERTEX
8
L0D0
10
219.25
20
-1141.5
0
VERTEX
8
L0D0
10
-8.5
20
-1141.5
0
VERTEX
8
L0D0
10
-8.5
20
-1143
0
VERTEX
8
L0D0
10
219.25
20
-1143
0
VERTEX
8
L0D0
10
219.25
20
-1147.5
0
VERTEX
8
L0D0
10
-8.5
20
-1147.5
0
VERTEX
8
L0D0
10
-8.5
20
-1149
0
VERTEX
8
L0D0
10
219.25
20
-1149
0
VERTEX
8
L0D0
10
219.25
20
-1153.5
0
VERTEX
8
L0D0
10
-8.5
20
-1153.5
0
VERTEX
8
L0D0
10
-8.5
20
-1155
0
VERTEX
8
L0D0
10
219.25
20
-1155
0
VERTEX
8
L0D0
10
219.25
20
-1159.5
0
VERTEX
8
L0D0
10
-8.5
20
-1159.5
0
VERTEX
8
L0D0
10
-8.5
20
-1161
0
VERTEX
8
L0D0
10
219.25
20
-1161
0
VERTEX
8
L0D0
10
219.25
20
-1165.5
0
VERTEX
8
L0D0
10
-8.5
20
-1165.5
0
VERTEX
8
L0D0
10
-8.5
20
-1167
0
VERTEX
8
L0D0
10
219.25
20
-1167
0
VERTEX
8
L0D0
10
219.25
20
-1171.5
0
VERTEX
8
L0D0
10
-8.5
20
-1171.5
0
VERTEX
8
L0D0
10
-8.5
20
-1173
0
VERTEX
8
L0D0
10
219.25
20
-1173
0
VERTEX
8
L0D0
10
219.25
20
-1177.5
0
VERTEX
8
L0D0
10
-8.5
20
-1177.5
0
VERTEX
8
L0D0
10
-8.5
20
-1179
0
VERTEX
8
L0D0
10
219.25
20
-1179
0
VERTEX
8
L0D0
10
219.25
20
-1183.5
0
VERTEX
8
L0D0
10
-8.5
20
-1183.5
0
VERTEX
8
L0D0
10
-8.5
20
-1185
0
VERTEX
8
L0D0
10
219.25
20
-1185
0
VERTEX
8
L0D0
10
219.25
20
-1189.5
0
VERTEX
8
L0D0
10
-8.5
20
-1189.5
0
VERTEX
8
L0D0
10
-8.5
20
-1191
0
VERTEX
8
L0D0
10
219.25
20
-1191
0
VERTEX
8
L0D0
10
219.25
20
-1195.5
0
VERTEX
8
L0D0
10
-8.5
20
-1195.5
0
VERTEX
8
L0D0
10
-8.5
20
-1197
0
VERTEX
8
L0D0
10
219.25
20
-1197
0
VERTEX
8
L0D0
10
219.25
20
-1201.5
0
VERTEX
8
L0D0
10
-8.5
20
-1201.5
0
VERTEX
8
L0D0
10
-8.5
20
-1203
0
VERTEX
8
L0D0
10
219.25
20
-1203
0
VERTEX
8
L0D0
10
219.25
20
-1213.5
0
VERTEX
8
L0D0
10
-8
20
-1213.5
0
VERTEX
8
L0D0
10
-8
20
-1666.5
0
VERTEX
8
L0D0
10
445
20
-1666.5
0
VERTEX
8
L0D0
10
445
20
-1216.5
0
VERTEX
8
L0D0
10
-5
20
-1216.5
0
VERTEX
8
L0D0
10
-5
20
-1663.5
0
VERTEX
8
L0D0
10
442
20
-1663.5
0
VERTEX
8
L0D0
10
442
20
-1219.5
0
VERTEX
8
L0D0
10
-2
20
-1219.5
0
VERTEX
8
L0D0
10
-2
20
-1660.5
0
VERTEX
8
L0D0
10
439
20
-1660.5
0
VERTEX
8
L0D0
10
439
20
-1222.5
0
VERTEX
8
L0D0
10
1
20
-1222.5
0
VERTEX
8
L0D0
10
1
20
-1657.5
0
VERTEX
8
L0D0
10
436
20
-1657.5
0
VERTEX
8
L0D0
10
436
20
-1225.5
0
VERTEX
8
L0D0
10
4
20
-1225.5
0
VERTEX
8
L0D0
10
4
20
-1654.5
0
VERTEX
8
L0D0
10
433
20
-1654.5
0
VERTEX
8
L0D0
10
433
20
-1228.5
0
VERTEX
8
L0D0
10
7
20
-1228.5
0
VERTEX
8
L0D0
10
7
20
-1651.5
0
VERTEX
8
L0D0
10
430
20
-1651.5
0
VERTEX
8
L0D0
10
430
20
-1231.5
0
VERTEX
8
L0D0
10
10
20
-1231.5
0
VERTEX
8
L0D0
10
10
20
-1648.5
0
VERTEX
8
L0D0
10
427
20
-1648.5
0
VERTEX
8
L0D0
10
427
20
-1234.5
0
VERTEX
8
L0D0
10
13
20
-1234.5
0
VERTEX
8
L0D0
10
13
20
-1645.5
0
VERTEX
8
L0D0
10
424
20
-1645.5
0
VERTEX
8
L0D0
10
424
20
-1237.5
0
VERTEX
8
L0D0
10
16
20
-1237.5
0
VERTEX
8
L0D0
10
16
20
-1642.5
0
VERTEX
8
L0D0
10
421
20
-1642.5
0
VERTEX
8
L0D0
10
421
20
-1240.5
0
VERTEX
8
L0D0
10
19
20
-1240.5
0
VERTEX
8
L0D0
10
19
20
-1639.5
0
VERTEX
8
L0D0
10
418
20
-1639.5
0
VERTEX
8
L0D0
10
418
20
-1243.5
0
VERTEX
8
L0D0
10
22
20
-1243.5
0
VERTEX
8
L0D0
10
22
20
-1636.5
0
VERTEX
8
L0D0
10
415
20
-1636.5
0
VERTEX
8
L0D0
10
415
20
-1246.5
0
VERTEX
8
L0D0
10
25
20
-1246.5
0
VERTEX
8
L0D0
10
25
20
-1633.5
0
VERTEX
8
L0D0
10
412
20
-1633.5
0
VERTEX
8
L0D0
10
412
20
-1249.5
0
VERTEX
8
L0D0
10
28
20
-1249.5
0
VERTEX
8
L0D0
10
28
20
-1630.5
0
VERTEX
8
L0D0
10
409
20
-1630.5
0
VERTEX
8
L0D0
10
409
20
-1252.5
0
VERTEX
8
L0D0
10
31
20
-1252.5
0
VERTEX
8
L0D0
10
31
20
-1627.5
0
VERTEX
8
L0D0
10
406
20
-1627.5
0
VERTEX
8
L0D0
10
406
20
-1255.5
0
VERTEX
8
L0D0
10
34
20
-1255.5
0
VERTEX
8
L0D0
10
34
20
-1624.5
0
VERTEX
8
L0D0
10
403
20
-1624.5
0
VERTEX
8
L0D0
10
403
20
-1258.5
0
VERTEX
8
L0D0
10
37
20
-1258.5
0
VERTEX
8
L0D0
10
37
20
-1621.5
0
VERTEX
8
L0D0
10
400
20
-1621.5
0
VERTEX
8
L0D0
10
400
20
-1261.5
0
VERTEX
8
L0D0
10
40
20
-1261.5
0
VERTEX
8
L0D0
10
40
20
-1618.5
0
VERTEX
8
L0D0
10
397
20
-1618.5
0
VERTEX
8
L0D0
10
397
20
-1264.5
0
VERTEX
8
L0D0
10
43
20
-1264.5
0
VERTEX
8
L0D0
10
43
20
-1615.5
0
VERTEX
8
L0D0
10
394
20
-1615.5
0
VERTEX
8
L0D0
10
394
20
-1267.5
0
VERTEX
8
L0D0
10
46
20
-1267.5
0
VERTEX
8
L0D0
10
46
20
-1612.5
0
VERTEX
8
L0D0
10
391
20
-1612.5
0
VERTEX
8
L0D0
10
391
20
-1270.5
0
VERTEX
8
L0D0
10
49
20
-1270.5
0
VERTEX
8
L0D0
10
49
20
-1609.5
0
VERTEX
8
L0D0
10
388
20
-1609.5
0
VERTEX
8
L0D0
10
388
20
-1273.5
0
VERTEX
8
L0D0
10
52
20
-1273.5
0
VERTEX
8
L0D0
10
52
20
-1606.5
0
VERTEX
8
L0D0
10
385
20
-1606.5
0
VERTEX
8
L0D0
10
385
20
-1276.5
0
VERTEX
8
L0D0
10
55
20
-1276.5
0
VERTEX
8
L0D0
10
55
20
-1603.5
0
VERTEX
8
L0D0
10
382
20
-1603.5
0
VERTEX
8
L0D0
10
382
20
-1279.5
0
VERTEX
8
L0D0
10
58
20
-1279.5
0
VERTEX
8
L0D0
10
58
20
-1600.5
0
VERTEX
8
L0D0
10
379
20
-1600.5
0
VERTEX
8
L0D0
10
379
20
-1282.5
0
VERTEX
8
L0D0
10
61
20
-1282.5
0
VERTEX
8
L0D0
10
61
20
-1597.5
0
VERTEX
8
L0D0
10
376
20
-1597.5
0
VERTEX
8
L0D0
10
376
20
-1285.5
0
VERTEX
8
L0D0
10
64
20
-1285.5
0
VERTEX
8
L0D0
10
64
20
-1594.5
0
VERTEX
8
L0D0
10
373
20
-1594.5
0
VERTEX
8
L0D0
10
373
20
-1288.5
0
VERTEX
8
L0D0
10
67
20
-1288.5
0
VERTEX
8
L0D0
10
67
20
-1442.25
0
VERTEX
8
L0D0
10
70
20
-1442.25
0
VERTEX
8
L0D0
10
70
20
-1591.5
0
VERTEX
8
L0D0
10
370
20
-1591.5
0
VERTEX
8
L0D0
10
370
20
-1291.5
0
VERTEX
8
L0D0
10
70
20
-1291.5
0
VERTEX
8
L0D0
10
70
20
-1440.75
0
VERTEX
8
L0D0
10
68.5
20
-1440.75
0
VERTEX
8
L0D0
10
68.5
20
-1290
0
VERTEX
8
L0D0
10
371.5
20
-1290
0
VERTEX
8
L0D0
10
371.5
20
-1593
0
VERTEX
8
L0D0
10
65.5
20
-1593
0
VERTEX
8
L0D0
10
65.5
20
-1287
0
VERTEX
8
L0D0
10
374.5
20
-1287
0
VERTEX
8
L0D0
10
374.5
20
-1596
0
VERTEX
8
L0D0
10
62.5
20
-1596
0
VERTEX
8
L0D0
10
62.5
20
-1284
0
VERTEX
8
L0D0
10
377.5
20
-1284
0
VERTEX
8
L0D0
10
377.5
20
-1599
0
VERTEX
8
L0D0
10
59.5
20
-1599
0
VERTEX
8
L0D0
10
59.5
20
-1281
0
VERTEX
8
L0D0
10
380.5
20
-1281
0
VERTEX
8
L0D0
10
380.5
20
-1602
0
VERTEX
8
L0D0
10
56.5
20
-1602
0
VERTEX
8
L0D0
10
56.5
20
-1278
0
VERTEX
8
L0D0
10
383.5
20
-1278
0
VERTEX
8
L0D0
10
383.5
20
-1605
0
VERTEX
8
L0D0
10
53.5
20
-1605
0
VERTEX
8
L0D0
10
53.5
20
-1275
0
VERTEX
8
L0D0
10
386.5
20
-1275
0
VERTEX
8
L0D0
10
386.5
20
-1608
0
VERTEX
8
L0D0
10
50.5
20
-1608
0
VERTEX
8
L0D0
10
50.5
20
-1272
0
VERTEX
8
L0D0
10
389.5
20
-1272
0
VERTEX
8
L0D0
10
389.5
20
-1611
0
VERTEX
8
L0D0
10
47.5
20
-1611
0
VERTEX
8
L0D0
10
47.5
20
-1269
0
VERTEX
8
L0D0
10
392.5
20
-1269
0
VERTEX
8
L0D0
10
392.5
20
-1614
0
VERTEX
8
L0D0
10
44.5
20
-1614
0
VERTEX
8
L0D0
10
44.5
20
-1266
0
VERTEX
8
L0D0
10
395.5
20
-1266
0
VERTEX
8
L0D0
10
395.5
20
-1617
0
VERTEX
8
L0D0
10
41.5
20
-1617
0
VERTEX
8
L0D0
10
41.5
20
-1263
0
VERTEX
8
L0D0
10
398.5
20
-1263
0
VERTEX
8
L0D0
10
398.5
20
-1620
0
VERTEX
8
L0D0
10
38.5
20
-1620
0
VERTEX
8
L0D0
10
38.5
20
-1260
0
VERTEX
8
L0D0
10
401.5
20
-1260
0
VERTEX
8
L0D0
10
401.5
20
-1623
0
VERTEX
8
L0D0
10
35.5
20
-1623
0
VERTEX
8
L0D0
10
35.5
20
-1257
0
VERTEX
8
L0D0
10
404.5
20
-1257
0
VERTEX
8
L0D0
10
404.5
20
-1626
0
VERTEX
8
L0D0
10
32.5
20
-1626
0
VERTEX
8
L0D0
10
32.5
20
-1254
0
VERTEX
8
L0D0
10
407.5
20
-1254
0
VERTEX
8
L0D0
10
407.5
20
-1629
0
VERTEX
8
L0D0
10
29.5
20
-1629
0
VERTEX
8
L0D0
10
29.5
20
-1251
0
VERTEX
8
L0D0
10
410.5
20
-1251
0
VERTEX
8
L0D0
10
410.5
20
-1632
0
VERTEX
8
L0D0
10
26.5
20
-1632
0
VERTEX
8
L0D0
10
26.5
20
-1248
0
VERTEX
8
L0D0
10
413.5
20
-1248
0
VERTEX
8
L0D0
10
413.5
20
-1635
0
VERTEX
8
L0D0
10
23.5
20
-1635
0
VERTEX
8
L0D0
10
23.5
20
-1245
0
VERTEX
8
L0D0
10
416.5
20
-1245
0
VERTEX
8
L0D0
10
416.5
20
-1638
0
VERTEX
8
L0D0
10
20.5
20
-1638
0
VERTEX
8
L0D0
10
20.5
20
-1242
0
VERTEX
8
L0D0
10
419.5
20
-1242
0
VERTEX
8
L0D0
10
419.5
20
-1641
0
VERTEX
8
L0D0
10
17.5
20
-1641
0
VERTEX
8
L0D0
10
17.5
20
-1239
0
VERTEX
8
L0D0
10
422.5
20
-1239
0
VERTEX
8
L0D0
10
422.5
20
-1644
0
VERTEX
8
L0D0
10
14.5
20
-1644
0
VERTEX
8
L0D0
10
14.5
20
-1236
0
VERTEX
8
L0D0
10
425.5
20
-1236
0
VERTEX
8
L0D0
10
425.5
20
-1647
0
VERTEX
8
L0D0
10
11.5
20
-1647
0
VERTEX
8
L0D0
10
11.5
20
-1233
0
VERTEX
8
L0D0
10
428.5
20
-1233
0
VERTEX
8
L0D0
10
428.5
20
-1650
0
VERTEX
8
L0D0
10
8.5
20
-1650
0
VERTEX
8
L0D0
10
8.5
20
-1230
0
VERTEX
8
L0D0
10
431.5
20
-1230
0
VERTEX
8
L0D0
10
431.5
20
-1653
0
VERTEX
8
L0D0
10
5.5
20
-1653
0
VERTEX
8
L0D0
10
5.5
20
-1227
0
VERTEX
8
L0D0
10
434.5
20
-1227
0
VERTEX
8
L0D0
10
434.5
20
-1656
0
VERTEX
8
L0D0
10
2.5
20
-1656
0
VERTEX
8
L0D0
10
2.5
20
-1224
0
VERTEX
8
L0D0
10
437.5
20
-1224
0
VERTEX
8
L0D0
10
437.5
20
-1659
0
VERTEX
8
L0D0
10
-0.5
20
-1659
0
VERTEX
8
L0D0
10
-0.5
20
-1221
0
VERTEX
8
L0D0
10
440.5
20
-1221
0
VERTEX
8
L0D0
10
440.5
20
-1662
0
VERTEX
8
L0D0
10
-3.5
20
-1662
0
VERTEX
8
L0D0
10
-3.5
20
-1218
0
VERTEX
8
L0D0
10
443.5
20
-1218
0
VERTEX
8
L0D0
10
443.5
20
-1665
0
VERTEX
8
L0D0
10
-6.5
20
-1665
0
VERTEX
8
L0D0
10
-6.5
20
-1215
0
VERTEX
8
L0D0
10
220.75
20
-1215
0
VERTEX
8
L0D0
10
220.75
20
-1203
0
VERTEX
8
L0D0
10
448.5
20
-1203
0
VERTEX
8
L0D0
10
448.5
20
-1201.5
0
VERTEX
8
L0D0
10
220.75
20
-1201.5
0
VERTEX
8
L0D0
10
220.75
20
-1197
0
VERTEX
8
L0D0
10
448.5
20
-1197
0
VERTEX
8
L0D0
10
448.5
20
-1195.5
0
VERTEX
8
L0D0
10
220.75
20
-1195.5
0
VERTEX
8
L0D0
10
220.75
20
-1191
0
VERTEX
8
L0D0
10
448.5
20
-1191
0
VERTEX
8
L0D0
10
448.5
20
-1189.5
0
VERTEX
8
L0D0
10
220.75
20
-1189.5
0
VERTEX
8
L0D0
10
220.75
20
-1185
0
VERTEX
8
L0D0
10
448.5
20
-1185
0
VERTEX
8
L0D0
10
448.5
20
-1183.5
0
VERTEX
8
L0D0
10
220.75
20
-1183.5
0
VERTEX
8
L0D0
10
220.75
20
-1179
0
VERTEX
8
L0D0
10
448.5
20
-1179
0
VERTEX
8
L0D0
10
448.5
20
-1177.5
0
VERTEX
8
L0D0
10
220.75
20
-1177.5
0
VERTEX
8
L0D0
10
220.75
20
-1173
0
VERTEX
8
L0D0
10
448.5
20
-1173
0
VERTEX
8
L0D0
10
448.5
20
-1171.5
0
VERTEX
8
L0D0
10
220.75
20
-1171.5
0
VERTEX
8
L0D0
10
220.75
20
-1167
0
VERTEX
8
L0D0
10
448.5
20
-1167
0
VERTEX
8
L0D0
10
448.5
20
-1165.5
0
VERTEX
8
L0D0
10
220.75
20
-1165.5
0
VERTEX
8
L0D0
10
220.75
20
-1161
0
VERTEX
8
L0D0
10
448.5
20
-1161
0
VERTEX
8
L0D0
10
448.5
20
-1159.5
0
VERTEX
8
L0D0
10
220.75
20
-1159.5
0
VERTEX
8
L0D0
10
220.75
20
-1155
0
VERTEX
8
L0D0
10
448.5
20
-1155
0
VERTEX
8
L0D0
10
448.5
20
-1153.5
0
VERTEX
8
L0D0
10
220.75
20
-1153.5
0
VERTEX
8
L0D0
10
220.75
20
-1149
0
VERTEX
8
L0D0
10
448.5
20
-1149
0
VERTEX
8
L0D0
10
448.5
20
-1147.5
0
VERTEX
8
L0D0
10
220.75
20
-1147.5
0
VERTEX
8
L0D0
10
220.75
20
-1143
0
VERTEX
8
L0D0
10
448.5
20
-1143
0
VERTEX
8
L0D0
10
448.5
20
-1141.5
0
VERTEX
8
L0D0
10
220.75
20
-1141.5
0
VERTEX
8
L0D0
10
220.75
20
-1137
0
VERTEX
8
L0D0
10
448.5
20
-1137
0
VERTEX
8
L0D0
10
448.5
20
-1135.5
0
VERTEX
8
L0D0
10
220.75
20
-1135.5
0
VERTEX
8
L0D0
10
220.75
20
-1131
0
VERTEX
8
L0D0
10
448.5
20
-1131
0
VERTEX
8
L0D0
10
448.5
20
-1129.5
0
VERTEX
8
L0D0
10
220.75
20
-1129.5
0
VERTEX
8
L0D0
10
220.75
20
-1125
0
VERTEX
8
L0D0
10
448.5
20
-1125
0
VERTEX
8
L0D0
10
448.5
20
-1123.5
0
VERTEX
8
L0D0
10
220.75
20
-1123.5
0
VERTEX
8
L0D0
10
220.75
20
-1119
0
VERTEX
8
L0D0
10
448.5
20
-1119
0
VERTEX
8
L0D0
10
448.5
20
-1117.5
0
VERTEX
8
L0D0
10
220.75
20
-1117.5
0
VERTEX
8
L0D0
10
220.75
20
-1113
0
VERTEX
8
L0D0
10
448.5
20
-1113
0
VERTEX
8
L0D0
10
448.5
20
-1111.5
0
VERTEX
8
L0D0
10
220.75
20
-1111.5
0
VERTEX
8
L0D0
10
220.75
20
-1107
0
VERTEX
8
L0D0
10
448.5
20
-1107
0
VERTEX
8
L0D0
10
448.5
20
-1105.5
0
VERTEX
8
L0D0
10
220.75
20
-1105.5
0
VERTEX
8
L0D0
10
220.75
20
-1101
0
VERTEX
8
L0D0
10
448.5
20
-1101
0
VERTEX
8
L0D0
10
448.5
20
-1099.5
0
VERTEX
8
L0D0
10
220.75
20
-1099.5
0
VERTEX
8
L0D0
10
220.75
20
-1095
0
VERTEX
8
L0D0
10
448.5
20
-1095
0
VERTEX
8
L0D0
10
448.5
20
-1093.5
0
VERTEX
8
L0D0
10
220.75
20
-1093.5
0
VERTEX
8
L0D0
10
220.75
20
-1089
0
VERTEX
8
L0D0
10
448.5
20
-1089
0
VERTEX
8
L0D0
10
448.5
20
-1087.5
0
VERTEX
8
L0D0
10
220.75
20
-1087.5
0
VERTEX
8
L0D0
10
220.75
20
-1083
0
VERTEX
8
L0D0
10
448.5
20
-1083
0
VERTEX
8
L0D0
10
448.5
20
-1081.5
0
VERTEX
8
L0D0
10
220.75
20
-1081.5
0
VERTEX
8
L0D0
10
220.75
20
-1077
0
VERTEX
8
L0D0
10
448.5
20
-1077
0
VERTEX
8
L0D0
10
448.5
20
-1075.5
0
VERTEX
8
L0D0
10
220.75
20
-1075.5
0
VERTEX
8
L0D0
10
220.75
20
-1071
0
VERTEX
8
L0D0
10
448.5
20
-1071
0
VERTEX
8
L0D0
10
448.5
20
-1069.5
0
VERTEX
8
L0D0
10
220.75
20
-1069.5
0
VERTEX
8
L0D0
10
220.75
20
-1065
0
VERTEX
8
L0D0
10
448.5
20
-1065
0
VERTEX
8
L0D0
10
448.5
20
-1063.5
0
VERTEX
8
L0D0
10
220.75
20
-1063.5
0
VERTEX
8
L0D0
10
220.75
20
-1059
0
VERTEX
8
L0D0
10
448.5
20
-1059
0
VERTEX
8
L0D0
10
448.5
20
-1057.5
0
VERTEX
8
L0D0
10
220.75
20
-1057.5
0
VERTEX
8
L0D0
10
220.75
20
-1053
0
VERTEX
8
L0D0
10
448.5
20
-1053
0
VERTEX
8
L0D0
10
448.5
20
-1051.5
0
VERTEX
8
L0D0
10
220.75
20
-1051.5
0
VERTEX
8
L0D0
10
220.75
20
-1047
0
VERTEX
8
L0D0
10
448.5
20
-1047
0
VERTEX
8
L0D0
10
448.5
20
-1045.5
0
VERTEX
8
L0D0
10
220.75
20
-1045.5
0
VERTEX
8
L0D0
10
220.75
20
-1041
0
VERTEX
8
L0D0
10
448.5
20
-1041
0
VERTEX
8
L0D0
10
448.5
20
-1039.5
0
VERTEX
8
L0D0
10
220.75
20
-1039.5
0
VERTEX
8
L0D0
10
220.75
20
-1035
0
VERTEX
8
L0D0
10
448.5
20
-1035
0
VERTEX
8
L0D0
10
448.5
20
-1033.5
0
VERTEX
8
L0D0
10
220.75
20
-1033.5
0
VERTEX
8
L0D0
10
220.75
20
-1029
0
VERTEX
8
L0D0
10
448.5
20
-1029
0
VERTEX
8
L0D0
10
448.5
20
-1027.5
0
VERTEX
8
L0D0
10
220.75
20
-1027.5
0
VERTEX
8
L0D0
10
220.75
20
-1023
0
VERTEX
8
L0D0
10
448.5
20
-1023
0
VERTEX
8
L0D0
10
448.5
20
-1021.5
0
VERTEX
8
L0D0
10
220.75
20
-1021.5
0
VERTEX
8
L0D0
10
220.75
20
-1017
0
VERTEX
8
L0D0
10
448.5
20
-1017
0
VERTEX
8
L0D0
10
448.5
20
-1015.5
0
VERTEX
8
L0D0
10
220.75
20
-1015.5
0
VERTEX
8
L0D0
10
220.75
20
-1011
0
VERTEX
8
L0D0
10
448.5
20
-1011
0
VERTEX
8
L0D0
10
448.5
20
-1009.5
0
VERTEX
8
L0D0
10
220.75
20
-1009.5
0
VERTEX
8
L0D0
10
220.75
20
-1005
0
VERTEX
8
L0D0
10
448.5
20
-1005
0
VERTEX
8
L0D0
10
448.5
20
-1003.5
0
VERTEX
8
L0D0
10
220.75
20
-1003.5
0
VERTEX
8
L0D0
10
220.75
20
-999
0
VERTEX
8
L0D0
10
448.5
20
-999
0
VERTEX
8
L0D0
10
448.5
20
-997.5
0
VERTEX
8
L0D0
10
220.75
20
-997.5
0
VERTEX
8
L0D0
10
220.75
20
-993
0
VERTEX
8
L0D0
10
448.5
20
-993
0
VERTEX
8
L0D0
10
448.5
20
-991.5
0
VERTEX
8
L0D0
10
220.75
20
-991.5
0
VERTEX
8
L0D0
10
220.75
20
-987
0
VERTEX
8
L0D0
10
448.5
20
-987
0
VERTEX
8
L0D0
10
448.5
20
-985.5
0
VERTEX
8
L0D0
10
220.75
20
-985.5
0
VERTEX
8
L0D0
10
220.75
20
-981
0
VERTEX
8
L0D0
10
448.5
20
-981
0
VERTEX
8
L0D0
10
448.5
20
-979.5
0
VERTEX
8
L0D0
10
220.75
20
-979.5
0
VERTEX
8
L0D0
10
220.75
20
-975
0
VERTEX
8
L0D0
10
448.5
20
-975
0
VERTEX
8
L0D0
10
448.5
20
-973.5
0
VERTEX
8
L0D0
10
220.75
20
-973.5
0
VERTEX
8
L0D0
10
220.75
20
-969
0
VERTEX
8
L0D0
10
448.5
20
-969
0
VERTEX
8
L0D0
10
448.5
20
-967.5
0
VERTEX
8
L0D0
10
220.75
20
-967.5
0
VERTEX
8
L0D0
10
220.75
20
-955.5
0
VERTEX
8
L0D0
10
-7.75
20
-955.5
0
VERTEX
8
L0D0
10
-7.75
20
-954
0
VERTEX
8
L0D0
10
449.25
20
-954
0
VERTEX
8
L0D0
10
449.25
20
-949.5
0
VERTEX
8
L0D0
10
-7.75
20
-949.5
0
VERTEX
8
L0D0
10
-7.75
20
-948
0
VERTEX
8
L0D0
10
449.25
20
-948
0
VERTEX
8
L0D0
10
449.25
20
-943.5
0
VERTEX
8
L0D0
10
-7.75
20
-943.5
0
VERTEX
8
L0D0
10
-7.75
20
-942
0
VERTEX
8
L0D0
10
449.25
20
-942
0
VERTEX
8
L0D0
10
449.25
20
-937.5
0
VERTEX
8
L0D0
10
-7.75
20
-937.5
0
VERTEX
8
L0D0
10
-7.75
20
-936
0
VERTEX
8
L0D0
10
449.25
20
-936
0
VERTEX
8
L0D0
10
449.25
20
-931.5
0
VERTEX
8
L0D0
10
-7.75
20
-931.5
0
VERTEX
8
L0D0
10
-7.75
20
-930
0
VERTEX
8
L0D0
10
449.25
20
-930
0
VERTEX
8
L0D0
10
449.25
20
-925.5
0
VERTEX
8
L0D0
10
-7.75
20
-925.5
0
VERTEX
8
L0D0
10
-7.75
20
-924
0
VERTEX
8
L0D0
10
449.25
20
-924
0
VERTEX
8
L0D0
10
449.25
20
-919.5
0
VERTEX
8
L0D0
10
-7.75
20
-919.5
0
VERTEX
8
L0D0
10
-7.75
20
-918
0
VERTEX
8
L0D0
10
449.25
20
-918
0
VERTEX
8
L0D0
10
449.25
20
-913.5
0
VERTEX
8
L0D0
10
-7.75
20
-913.5
0
VERTEX
8
L0D0
10
-7.75
20
-912
0
VERTEX
8
L0D0
10
449.25
20
-912
0
VERTEX
8
L0D0
10
449.25
20
-907.5
0
VERTEX
8
L0D0
10
-7.75
20
-907.5
0
VERTEX
8
L0D0
10
-7.75
20
-906
0
VERTEX
8
L0D0
10
449.25
20
-906
0
VERTEX
8
L0D0
10
449.25
20
-901.5
0
VERTEX
8
L0D0
10
-7.75
20
-901.5
0
VERTEX
8
L0D0
10
-7.75
20
-900
0
VERTEX
8
L0D0
10
449.25
20
-900
0
VERTEX
8
L0D0
10
449.25
20
-895.5
0
VERTEX
8
L0D0
10
-7.75
20
-895.5
0
VERTEX
8
L0D0
10
-7.75
20
-894
0
VERTEX
8
L0D0
10
449.25
20
-894
0
VERTEX
8
L0D0
10
449.25
20
-889.5
0
VERTEX
8
L0D0
10
-7.75
20
-889.5
0
VERTEX
8
L0D0
10
-7.75
20
-888
0
VERTEX
8
L0D0
10
449.25
20
-888
0
VERTEX
8
L0D0
10
449.25
20
-883.5
0
VERTEX
8
L0D0
10
-7.75
20
-883.5
0
VERTEX
8
L0D0
10
-7.75
20
-882
0
VERTEX
8
L0D0
10
449.25
20
-882
0
VERTEX
8
L0D0
10
449.25
20
-877.5
0
VERTEX
8
L0D0
10
-7.75
20
-877.5
0
VERTEX
8
L0D0
10
-7.75
20
-876
0
VERTEX
8
L0D0
10
449.25
20
-876
0
VERTEX
8
L0D0
10
449.25
20
-871.5
0
VERTEX
8
L0D0
10
-7.75
20
-871.5
0
VERTEX
8
L0D0
10
-7.75
20
-870
0
VERTEX
8
L0D0
10
449.25
20
-870
0
VERTEX
8
L0D0
10
449.25
20
-865.5
0
VERTEX
8
L0D0
10
-7.75
20
-865.5
0
VERTEX
8
L0D0
10
-7.75
20
-864
0
VERTEX
8
L0D0
10
449.25
20
-864
0
VERTEX
8
L0D0
10
449.25
20
-859.5
0
VERTEX
8
L0D0
10
-7.75
20
-859.5
0
VERTEX
8
L0D0
10
-7.75
20
-858
0
VERTEX
8
L0D0
10
449.25
20
-858
0
VERTEX
8
L0D0
10
449.25
20
-853.5
0
VERTEX
8
L0D0
10
-7.75
20
-853.5
0
VERTEX
8
L0D0
10
-7.75
20
-852
0
VERTEX
8
L0D0
10
449.25
20
-852
0
VERTEX
8
L0D0
10
449.25
20
-847.5
0
VERTEX
8
L0D0
10
-7.75
20
-847.5
0
VERTEX
8
L0D0
10
-7.75
20
-846
0
VERTEX
8
L0D0
10
449.25
20
-846
0
VERTEX
8
L0D0
10
449.25
20
-841.5
0
VERTEX
8
L0D0
10
-7.75
20
-841.5
0
VERTEX
8
L0D0
10
-7.75
20
-840
0
VERTEX
8
L0D0
10
449.25
20
-840
0
VERTEX
8
L0D0
10
449.25
20
-835.5
0
VERTEX
8
L0D0
10
-7.75
20
-835.5
0
VERTEX
8
L0D0
10
-7.75
20
-834
0
VERTEX
8
L0D0
10
449.25
20
-834
0
VERTEX
8
L0D0
10
449.25
20
-829.5
0
VERTEX
8
L0D0
10
-7.75
20
-829.5
0
VERTEX
8
L0D0
10
-7.75
20
-828
0
VERTEX
8
L0D0
10
449.25
20
-828
0
VERTEX
8
L0D0
10
449.25
20
-823.5
0
VERTEX
8
L0D0
10
-7.75
20
-823.5
0
VERTEX
8
L0D0
10
-7.75
20
-822
0
VERTEX
8
L0D0
10
449.25
20
-822
0
VERTEX
8
L0D0
10
449.25
20
-817.5
0
VERTEX
8
L0D0
10
-7.75
20
-817.5
0
VERTEX
8
L0D0
10
-7.75
20
-816
0
VERTEX
8
L0D0
10
449.25
20
-816
0
VERTEX
8
L0D0
10
449.25
20
-811.5
0
VERTEX
8
L0D0
10
-7.75
20
-811.5
0
VERTEX
8
L0D0
10
-7.75
20
-810
0
VERTEX
8
L0D0
10
449.25
20
-810
0
VERTEX
8
L0D0
10
449.25
20
-805.5
0
VERTEX
8
L0D0
10
-7.75
20
-805.5
0
VERTEX
8
L0D0
10
-7.75
20
-804
0
VERTEX
8
L0D0
10
449.25
20
-804
0
VERTEX
8
L0D0
10
449.25
20
-799.5
0
VERTEX
8
L0D0
10
-7.75
20
-799.5
0
VERTEX
8
L0D0
10
-7.75
20
-798
0
VERTEX
8
L0D0
10
449.25
20
-798
0
VERTEX
8
L0D0
10
449.25
20
-793.5
0
VERTEX
8
L0D0
10
-7.75
20
-793.5
0
VERTEX
8
L0D0
10
-7.75
20
-792
0
VERTEX
8
L0D0
10
449.25
20
-792
0
VERTEX
8
L0D0
10
449.25
20
-787.5
0
VERTEX
8
L0D0
10
-7.75
20
-787.5
0
VERTEX
8
L0D0
10
-7.75
20
-786
0
VERTEX
8
L0D0
10
449.25
20
-786
0
VERTEX
8
L0D0
10
449.25
20
-781.5
0
VERTEX
8
L0D0
10
-7.75
20
-781.5
0
VERTEX
8
L0D0
10
-7.75
20
-780
0
VERTEX
8
L0D0
10
449.25
20
-780
0
VERTEX
8
L0D0
10
449.25
20
-775.5
0
VERTEX
8
L0D0
10
-7.75
20
-775.5
0
VERTEX
8
L0D0
10
-7.75
20
-774
0
VERTEX
8
L0D0
10
449.25
20
-774
0
VERTEX
8
L0D0
10
449.25
20
-769.5
0
VERTEX
8
L0D0
10
-7.75
20
-769.5
0
VERTEX
8
L0D0
10
-7.75
20
-768
0
VERTEX
8
L0D0
10
449.25
20
-768
0
VERTEX
8
L0D0
10
449.25
20
-763.5
0
VERTEX
8
L0D0
10
-7.75
20
-763.5
0
VERTEX
8
L0D0
10
-7.75
20
-762
0
VERTEX
8
L0D0
10
449.25
20
-762
0
VERTEX
8
L0D0
10
449.25
20
-757.5
0
VERTEX
8
L0D0
10
-7.75
20
-757.5
0
VERTEX
8
L0D0
10
-7.75
20
-756
0
VERTEX
8
L0D0
10
449.25
20
-756
0
VERTEX
8
L0D0
10
449.25
20
-751.5
0
VERTEX
8
L0D0
10
-7.75
20
-751.5
0
VERTEX
8
L0D0
10
-7.75
20
-750
0
VERTEX
8
L0D0
10
449.25
20
-750
0
VERTEX
8
L0D0
10
449.25
20
-745.5
0
VERTEX
8
L0D0
10
-7.75
20
-745.5
0
VERTEX
8
L0D0
10
-7.75
20
-744
0
VERTEX
8
L0D0
10
449.25
20
-744
0
VERTEX
8
L0D0
10
449.25
20
-739.5
0
VERTEX
8
L0D0
10
-7.75
20
-739.5
0
VERTEX
8
L0D0
10
-7.75
20
-738
0
VERTEX
8
L0D0
10
449.25
20
-738
0
VERTEX
8
L0D0
10
449.25
20
-733.5
0
VERTEX
8
L0D0
10
-7.75
20
-733.5
0
VERTEX
8
L0D0
10
-7.75
20
-732
0
VERTEX
8
L0D0
10
449.25
20
-732
0
VERTEX
8
L0D0
10
449.25
20
-727.5
0
VERTEX
8
L0D0
10
-7.75
20
-727.5
0
VERTEX
8
L0D0
10
-7.75
20
-726
0
VERTEX
8
L0D0
10
449.25
20
-726
0
VERTEX
8
L0D0
10
449.25
20
-721.5
0
VERTEX
8
L0D0
10
-7.75
20
-721.5
0
VERTEX
8
L0D0
10
-7.75
20
-720
0
VERTEX
8
L0D0
10
449.25
20
-720
0
VERTEX
8
L0D0
10
449.25
20
-715.5
0
VERTEX
8
L0D0
10
220.75
20
-715.5
0
VERTEX
8
L0D0
10
220.75
20
-705
0
VERTEX
8
L0D0
10
448.5
20
-705
0
VERTEX
8
L0D0
10
448.5
20
-703.5
0
VERTEX
8
L0D0
10
220.75
20
-703.5
0
VERTEX
8
L0D0
10
220.75
20
-699
0
VERTEX
8
L0D0
10
448.5
20
-699
0
VERTEX
8
L0D0
10
448.5
20
-697.5
0
VERTEX
8
L0D0
10
220.75
20
-697.5
0
VERTEX
8
L0D0
10
220.75
20
-693
0
VERTEX
8
L0D0
10
448.5
20
-693
0
VERTEX
8
L0D0
10
448.5
20
-691.5
0
VERTEX
8
L0D0
10
220.75
20
-691.5
0
VERTEX
8
L0D0
10
220.75
20
-687
0
VERTEX
8
L0D0
10
448.5
20
-687
0
VERTEX
8
L0D0
10
448.5
20
-685.5
0
VERTEX
8
L0D0
10
220.75
20
-685.5
0
VERTEX
8
L0D0
10
220.75
20
-681
0
VERTEX
8
L0D0
10
448.5
20
-681
0
VERTEX
8
L0D0
10
448.5
20
-679.5
0
VERTEX
8
L0D0
10
220.75
20
-679.5
0
VERTEX
8
L0D0
10
220.75
20
-675
0
VERTEX
8
L0D0
10
448.5
20
-675
0
VERTEX
8
L0D0
10
448.5
20
-673.5
0
VERTEX
8
L0D0
10
220.75
20
-673.5
0
VERTEX
8
L0D0
10
220.75
20
-669
0
VERTEX
8
L0D0
10
448.5
20
-669
0
VERTEX
8
L0D0
10
448.5
20
-667.5
0
VERTEX
8
L0D0
10
220.75
20
-667.5
0
VERTEX
8
L0D0
10
220.75
20
-663
0
VERTEX
8
L0D0
10
448.5
20
-663
0
VERTEX
8
L0D0
10
448.5
20
-661.5
0
VERTEX
8
L0D0
10
220.75
20
-661.5
0
VERTEX
8
L0D0
10
220.75
20
-657
0
VERTEX
8
L0D0
10
448.5
20
-657
0
VERTEX
8
L0D0
10
448.5
20
-655.5
0
VERTEX
8
L0D0
10
220.75
20
-655.5
0
VERTEX
8
L0D0
10
220.75
20
-651
0
VERTEX
8
L0D0
10
448.5
20
-651
0
VERTEX
8
L0D0
10
448.5
20
-649.5
0
VERTEX
8
L0D0
10
220.75
20
-649.5
0
VERTEX
8
L0D0
10
220.75
20
-645
0
VERTEX
8
L0D0
10
448.5
20
-645
0
VERTEX
8
L0D0
10
448.5
20
-643.5
0
VERTEX
8
L0D0
10
220.75
20
-643.5
0
VERTEX
8
L0D0
10
220.75
20
-639
0
VERTEX
8
L0D0
10
448.5
20
-639
0
VERTEX
8
L0D0
10
448.5
20
-637.5
0
VERTEX
8
L0D0
10
220.75
20
-637.5
0
VERTEX
8
L0D0
10
220.75
20
-633
0
VERTEX
8
L0D0
10
448.5
20
-633
0
VERTEX
8
L0D0
10
448.5
20
-631.5
0
VERTEX
8
L0D0
10
220.75
20
-631.5
0
VERTEX
8
L0D0
10
220.75
20
-627
0
VERTEX
8
L0D0
10
448.5
20
-627
0
VERTEX
8
L0D0
10
448.5
20
-625.5
0
VERTEX
8
L0D0
10
220.75
20
-625.5
0
VERTEX
8
L0D0
10
220.75
20
-621
0
VERTEX
8
L0D0
10
448.5
20
-621
0
VERTEX
8
L0D0
10
448.5
20
-619.5
0
VERTEX
8
L0D0
10
220.75
20
-619.5
0
VERTEX
8
L0D0
10
220.75
20
-615
0
VERTEX
8
L0D0
10
448.5
20
-615
0
VERTEX
8
L0D0
10
448.5
20
-613.5
0
VERTEX
8
L0D0
10
220.75
20
-613.5
0
VERTEX
8
L0D0
10
220.75
20
-609
0
VERTEX
8
L0D0
10
448.5
20
-609
0
VERTEX
8
L0D0
10
448.5
20
-607.5
0
VERTEX
8
L0D0
10
220.75
20
-607.5
0
VERTEX
8
L0D0
10
220.75
20
-603
0
VERTEX
8
L0D0
10
448.5
20
-603
0
VERTEX
8
L0D0
10
448.5
20
-601.5
0
VERTEX
8
L0D0
10
220.75
20
-601.5
0
VERTEX
8
L0D0
10
220.75
20
-597
0
VERTEX
8
L0D0
10
448.5
20
-597
0
VERTEX
8
L0D0
10
448.5
20
-595.5
0
VERTEX
8
L0D0
10
220.75
20
-595.5
0
VERTEX
8
L0D0
10
220.75
20
-591
0
VERTEX
8
L0D0
10
448.5
20
-591
0
VERTEX
8
L0D0
10
448.5
20
-589.5
0
VERTEX
8
L0D0
10
220.75
20
-589.5
0
VERTEX
8
L0D0
10
220.75
20
-585
0
VERTEX
8
L0D0
10
448.5
20
-585
0
VERTEX
8
L0D0
10
448.5
20
-583.5
0
VERTEX
8
L0D0
10
220.75
20
-583.5
0
VERTEX
8
L0D0
10
220.75
20
-579
0
VERTEX
8
L0D0
10
448.5
20
-579
0
VERTEX
8
L0D0
10
448.5
20
-577.5
0
VERTEX
8
L0D0
10
220.75
20
-577.5
0
VERTEX
8
L0D0
10
220.75
20
-573
0
VERTEX
8
L0D0
10
448.5
20
-573
0
VERTEX
8
L0D0
10
448.5
20
-571.5
0
VERTEX
8
L0D0
10
220.75
20
-571.5
0
VERTEX
8
L0D0
10
220.75
20
-567
0
VERTEX
8
L0D0
10
448.5
20
-567
0
VERTEX
8
L0D0
10
448.5
20
-565.5
0
VERTEX
8
L0D0
10
220.75
20
-565.5
0
VERTEX
8
L0D0
10
220.75
20
-561
0
VERTEX
8
L0D0
10
448.5
20
-561
0
VERTEX
8
L0D0
10
448.5
20
-559.5
0
VERTEX
8
L0D0
10
220.75
20
-559.5
0
VERTEX
8
L0D0
10
220.75
20
-555
0
VERTEX
8
L0D0
10
448.5
20
-555
0
VERTEX
8
L0D0
10
448.5
20
-553.5
0
VERTEX
8
L0D0
10
220.75
20
-553.5
0
VERTEX
8
L0D0
10
220.75
20
-549
0
VERTEX
8
L0D0
10
448.5
20
-549
0
VERTEX
8
L0D0
10
448.5
20
-547.5
0
VERTEX
8
L0D0
10
220.75
20
-547.5
0
VERTEX
8
L0D0
10
220.75
20
-543
0
VERTEX
8
L0D0
10
448.5
20
-543
0
VERTEX
8
L0D0
10
448.5
20
-541.5
0
VERTEX
8
L0D0
10
220.75
20
-541.5
0
VERTEX
8
L0D0
10
220.75
20
-537
0
VERTEX
8
L0D0
10
448.5
20
-537
0
VERTEX
8
L0D0
10
448.5
20
-535.5
0
VERTEX
8
L0D0
10
220.75
20
-535.5
0
VERTEX
8
L0D0
10
220.75
20
-531
0
VERTEX
8
L0D0
10
448.5
20
-531
0
VERTEX
8
L0D0
10
448.5
20
-529.5
0
VERTEX
8
L0D0
10
220.75
20
-529.5
0
VERTEX
8
L0D0
10
220.75
20
-525
0
VERTEX
8
L0D0
10
448.5
20
-525
0
VERTEX
8
L0D0
10
448.5
20
-523.5
0
VERTEX
8
L0D0
10
220.75
20
-523.5
0
VERTEX
8
L0D0
10
220.75
20
-519
0
VERTEX
8
L0D0
10
448.5
20
-519
0
VERTEX
8
L0D0
10
448.5
20
-517.5
0
VERTEX
8
L0D0
10
220.75
20
-517.5
0
VERTEX
8
L0D0
10
220.75
20
-513
0
VERTEX
8
L0D0
10
448.5
20
-513
0
VERTEX
8
L0D0
10
448.5
20
-511.5
0
VERTEX
8
L0D0
10
220.75
20
-511.5
0
VERTEX
8
L0D0
10
220.75
20
-507
0
VERTEX
8
L0D0
10
448.5
20
-507
0
VERTEX
8
L0D0
10
448.5
20
-505.5
0
VERTEX
8
L0D0
10
220.75
20
-505.5
0
VERTEX
8
L0D0
10
220.75
20
-501
0
VERTEX
8
L0D0
10
448.5
20
-501
0
VERTEX
8
L0D0
10
448.5
20
-499.5
0
VERTEX
8
L0D0
10
220.75
20
-499.5
0
VERTEX
8
L0D0
10
220.75
20
-495
0
VERTEX
8
L0D0
10
448.5
20
-495
0
VERTEX
8
L0D0
10
448.5
20
-493.5
0
VERTEX
8
L0D0
10
220.75
20
-493.5
0
VERTEX
8
L0D0
10
220.75
20
-489
0
VERTEX
8
L0D0
10
448.5
20
-489
0
VERTEX
8
L0D0
10
448.5
20
-487.5
0
VERTEX
8
L0D0
10
220.75
20
-487.5
0
VERTEX
8
L0D0
10
220.75
20
-483
0
VERTEX
8
L0D0
10
448.5
20
-483
0
VERTEX
8
L0D0
10
448.5
20
-481.5
0
VERTEX
8
L0D0
10
220.75
20
-481.5
0
VERTEX
8
L0D0
10
220.75
20
-477
0
VERTEX
8
L0D0
10
448.5
20
-477
0
VERTEX
8
L0D0
10
448.5
20
-475.5
0
VERTEX
8
L0D0
10
220.75
20
-475.5
0
VERTEX
8
L0D0
10
220.75
20
-471
0
VERTEX
8
L0D0
10
448.5
20
-471
0
VERTEX
8
L0D0
10
448.5
20
-469.5
0
VERTEX
8
L0D0
10
220.75
20
-469.5
0
VERTEX
8
L0D0
10
220.75
20
-465
0
VERTEX
8
L0D0
10
448.5
20
-465
0
VERTEX
8
L0D0
10
448.5
20
-463.5
0
VERTEX
8
L0D0
10
220.75
20
-463.5
0
VERTEX
8
L0D0
10
220.75
20
-459
0
VERTEX
8
L0D0
10
448.5
20
-459
0
VERTEX
8
L0D0
10
448.5
20
-457.5
0
VERTEX
8
L0D0
10
220.75
20
-457.5
0
VERTEX
8
L0D0
10
220.75
20
-453
0
VERTEX
8
L0D0
10
448.5
20
-453
0
VERTEX
8
L0D0
10
448.5
20
-451.5
0
VERTEX
8
L0D0
10
220.75
20
-451.5
0
VERTEX
8
L0D0
10
220.75
20
-447
0
VERTEX
8
L0D0
10
448.5
20
-447
0
VERTEX
8
L0D0
10
448.5
20
-445.5
0
VERTEX
8
L0D0
10
220.75
20
-445.5
0
VERTEX
8
L0D0
10
220.75
20
-441
0
VERTEX
8
L0D0
10
448.5
20
-441
0
VERTEX
8
L0D0
10
448.5
20
-439.5
0
VERTEX
8
L0D0
10
220.75
20
-439.5
0
VERTEX
8
L0D0
10
220.75
20
-435
0
VERTEX
8
L0D0
10
448.5
20
-435
0
VERTEX
8
L0D0
10
448.5
20
-433.5
0
VERTEX
8
L0D0
10
220.75
20
-433.5
0
VERTEX
8
L0D0
10
220.75
20
-429
0
VERTEX
8
L0D0
10
448.5
20
-429
0
VERTEX
8
L0D0
10
448.5
20
-427.5
0
VERTEX
8
L0D0
10
220.75
20
-427.5
0
VERTEX
8
L0D0
10
220.75
20
-423
0
VERTEX
8
L0D0
10
448.5
20
-423
0
VERTEX
8
L0D0
10
448.5
20
-421.5
0
VERTEX
8
L0D0
10
220.75
20
-421.5
0
VERTEX
8
L0D0
10
220.75
20
-417
0
VERTEX
8
L0D0
10
448.5
20
-417
0
VERTEX
8
L0D0
10
448.5
20
-415.5
0
VERTEX
8
L0D0
10
220.75
20
-415.5
0
VERTEX
8
L0D0
10
220.75
20
-411
0
VERTEX
8
L0D0
10
448.5
20
-411
0
VERTEX
8
L0D0
10
448.5
20
-409.5
0
VERTEX
8
L0D0
10
220.75
20
-409.5
0
VERTEX
8
L0D0
10
220.75
20
-402
0
VERTEX
8
L0D0
10
220.6
20
-402
0
VERTEX
8
L0D0
10
220.6
20
-52
0
VERTEX
8
L0D0
10
220.561
20
-50.013
0
VERTEX
8
L0D0
10
220.444
20
-48.03
0
VERTEX
8
L0D0
10
220.249
20
-46.053
0
VERTEX
8
L0D0
10
219.977
20
-44.084
0
VERTEX
8
L0D0
10
219.628
20
-42.128
0
VERTEX
8
L0D0
10
219.202
20
-40.188
0
VERTEX
8
L0D0
10
218.7
20
-38.265
0
VERTEX
8
L0D0
10
218.123
20
-36.364
0
VERTEX
8
L0D0
10
217.472
20
-34.486
0
VERTEX
8
L0D0
10
216.748
20
-32.636
0
VERTEX
8
L0D0
10
215.952
20
-30.816
0
VERTEX
8
L0D0
10
215.085
20
-29.028
0
VERTEX
8
L0D0
10
214.148
20
-27.276
0
VERTEX
8
L0D0
10
213.144
20
-25.562
0
VERTEX
8
L0D0
10
212.072
20
-23.888
0
VERTEX
8
L0D0
10
210.936
20
-22.258
0
VERTEX
8
L0D0
10
209.737
20
-20.674
0
VERTEX
8
L0D0
10
208.477
20
-19.138
0
VERTEX
8
L0D0
10
207.157
20
-17.653
0
VERTEX
8
L0D0
10
205.78
20
-16.22
0
VERTEX
8
L0D0
10
204.347
20
-14.843
0
VERTEX
8
L0D0
10
202.862
20
-13.523
0
VERTEX
8
L0D0
10
201.326
20
-12.263
0
VERTEX
8
L0D0
10
199.742
20
-11.064
0
VERTEX
8
L0D0
10
198.112
20
-9.928
0
VERTEX
8
L0D0
10
196.438
20
-8.856
0
VERTEX
8
L0D0
10
194.724
20
-7.852
0
VERTEX
8
L0D0
10
192.972
20
-6.915
0
VERTEX
8
L0D0
10
191.184
20
-6.048
0
VERTEX
8
L0D0
10
189.364
20
-5.252
0
VERTEX
8
L0D0
10
187.514
20
-4.528
0
VERTEX
8
L0D0
10
185.636
20
-3.877
0
VERTEX
8
L0D0
10
183.735
20
-3.3
0
VERTEX
8
L0D0
10
181.812
20
-2.798
0
VERTEX
8
L0D0
10
179.872
20
-2.372
0
VERTEX
8
L0D0
10
177.916
20
-2.023
0
VERTEX
8
L0D0
10
175.947
20
-1.751
0
VERTEX
8
L0D0
10
173.97
20
-1.556
0
VERTEX
8
L0D0
10
171.987
20
-1.439
0
VERTEX
8
L0D0
10
170
20
-1.4
0
VERTEX
8
L0D0
10
0.6
20
-1.4
0
VERTEX
8
L0D0
10
0.6
20
-0.6
0
VERTEX
8
L0D0
10
420
20
-0.6
0
VERTEX
8
L0D0
10
420
20
-0.75
0
VERTEX
8
L0D0
10
427.5
20
-0.75
0
VERTEX
8
L0D0
10
427.5
20
-228.5
0
VERTEX
8
L0D0
10
429
20
-228.5
0
VERTEX
8
L0D0
10
429
20
-0.75
0
VERTEX
8
L0D0
10
433.5
20
-0.75
0
VERTEX
8
L0D0
10
433.5
20
-228.5
0
VERTEX
8
L0D0
10
435
20
-228.5
0
VERTEX
8
L0D0
10
435
20
-0.75
0
VERTEX
8
L0D0
10
439.5
20
-0.75
0
VERTEX
8
L0D0
10
439.5
20
-228.5
0
VERTEX
8
L0D0
10
441
20
-228.5
0
VERTEX
8
L0D0
10
441
20
-0.75
0
VERTEX
8
L0D0
10
445.5
20
-0.75
0
VERTEX
8
L0D0
10
445.5
20
-228.5
0
VERTEX
8
L0D0
10
447
20
-228.5
0
VERTEX
8
L0D0
10
447
20
-0.75
0
VERTEX
8
L0D0
10
451.5
20
-0.75
0
VERTEX
8
L0D0
10
451.5
20
-228.5
0
VERTEX
8
L0D0
10
453
20
-228.5
0
VERTEX
8
L0D0
10
453
20
-0.75
0
VERTEX
8
L0D0
10
457.5
20
-0.75
0
VERTEX
8
L0D0
10
457.5
20
-228.5
0
VERTEX
8
L0D0
10
459
20
-228.5
0
VERTEX
8
L0D0
10
459
20
-0.75
0
VERTEX
8
L0D0
10
463.5
20
-0.75
0
VERTEX
8
L0D0
10
463.5
20
-228.5
0
VERTEX
8
L0D0
10
465
20
-228.5
0
VERTEX
8
L0D0
10
465
20
-0.75
0
VERTEX
8
L0D0
10
469.5
20
-0.75
0
VERTEX
8
L0D0
10
469.5
20
-228.5
0
VERTEX
8
L0D0
10
471
20
-228.5
0
VERTEX
8
L0D0
10
471
20
-0.75
0
VERTEX
8
L0D0
10
475.5
20
-0.75
0
VERTEX
8
L0D0
10
475.5
20
-228.5
0
VERTEX
8
L0D0
10
477
20
-228.5
0
VERTEX
8
L0D0
10
477
20
-0.75
0
VERTEX
8
L0D0
10
481.5
20
-0.75
0
VERTEX
8
L0D0
10
481.5
20
-228.5
0
VERTEX
8
L0D0
10
483
20
-228.5
0
VERTEX
8
L0D0
10
483
20
-0.75
0
VERTEX
8
L0D0
10
487.5
20
-0.75
0
VERTEX
8
L0D0
10
487.5
20
-228.5
0
VERTEX
8
L0D0
10
489
20
-228.5
0
VERTEX
8
L0D0
10
489
20
-0.75
0
VERTEX
8
L0D0
10
493.5
20
-0.75
0
VERTEX
8
L0D0
10
493.5
20
-228.5
0
VERTEX
8
L0D0
10
495
20
-228.5
0
VERTEX
8
L0D0
10
495
20
-0.75
0
VERTEX
8
L0D0
10
499.5
20
-0.75
0
VERTEX
8
L0D0
10
499.5
20
-228.5
0
VERTEX
8
L0D0
10
501
20
-228.5
0
VERTEX
8
L0D0
10
501
20
-0.75
0
VERTEX
8
L0D0
10
505.5
20
-0.75
0
VERTEX
8
L0D0
10
505.5
20
-228.5
0
VERTEX
8
L0D0
10
507
20
-228.5
0
VERTEX
8
L0D0
10
507
20
-0.75
0
VERTEX
8
L0D0
10
511.5
20
-0.75
0
VERTEX
8
L0D0
10
511.5
20
-228.5
0
VERTEX
8
L0D0
10
513
20
-228.5
0
VERTEX
8
L0D0
10
513
20
-0.75
0
VERTEX
8
L0D0
10
517.5
20
-0.75
0
VERTEX
8
L0D0
10
517.5
20
-228.5
0
VERTEX
8
L0D0
10
519
20
-228.5
0
VERTEX
8
L0D0
10
519
20
-0.75
0
VERTEX
8
L0D0
10
523.5
20
-0.75
0
VERTEX
8
L0D0
10
523.5
20
-228.5
0
VERTEX
8
L0D0
10
525
20
-228.5
0
VERTEX
8
L0D0
10
525
20
-0.75
0
VERTEX
8
L0D0
10
529.5
20
-0.75
0
VERTEX
8
L0D0
10
529.5
20
-228.5
0
VERTEX
8
L0D0
10
531
20
-228.5
0
VERTEX
8
L0D0
10
531
20
-0.75
0
VERTEX
8
L0D0
10
535.5
20
-0.75
0
VERTEX
8
L0D0
10
535.5
20
-228.5
0
VERTEX
8
L0D0
10
537
20
-228.5
0
VERTEX
8
L0D0
10
537
20
-0.75
0
VERTEX
8
L0D0
10
541.5
20
-0.75
0
VERTEX
8
L0D0
10
541.5
20
-228.5
0
VERTEX
8
L0D0
10
543
20
-228.5
0
VERTEX
8
L0D0
10
543
20
-0.75
0
VERTEX
8
L0D0
10
547.5
20
-0.75
0
VERTEX
8
L0D0
10
547.5
20
-228.5
0
VERTEX
8
L0D0
10
549
20
-228.5
0
VERTEX
8
L0D0
10
549
20
-0.75
0
VERTEX
8
L0D0
10
553.5
20
-0.75
0
VERTEX
8
L0D0
10
553.5
20
-228.5
0
VERTEX
8
L0D0
10
555
20
-228.5
0
VERTEX
8
L0D0
10
555
20
-0.75
0
VERTEX
8
L0D0
10
559.5
20
-0.75
0
VERTEX
8
L0D0
10
559.5
20
-228.5
0
VERTEX
8
L0D0
10
561
20
-228.5
0
VERTEX
8
L0D0
10
561
20
-0.75
0
VERTEX
8
L0D0
10
565.5
20
-0.75
0
VERTEX
8
L0D0
10
565.5
20
-228.5
0
VERTEX
8
L0D0
10
567
20
-228.5
0
VERTEX
8
L0D0
10
567
20
-0.75
0
VERTEX
8
L0D0
10
571.5
20
-0.75
0
VERTEX
8
L0D0
10
571.5
20
-228.5
0
VERTEX
8
L0D0
10
573
20
-228.5
0
VERTEX
8
L0D0
10
573
20
-0.75
0
VERTEX
8
L0D0
10
577.5
20
-0.75
0
VERTEX
8
L0D0
10
577.5
20
-228.5
0
VERTEX
8
L0D0
10
579
20
-228.5
0
VERTEX
8
L0D0
10
579
20
-0.75
0
VERTEX
8
L0D0
10
583.5
20
-0.75
0
VERTEX
8
L0D0
10
583.5
20
-228.5
0
VERTEX
8
L0D0
10
585
20
-228.5
0
VERTEX
8
L0D0
10
585
20
-0.75
0
VERTEX
8
L0D0
10
589.5
20
-0.75
0
VERTEX
8
L0D0
10
589.5
20
-228.5
0
VERTEX
8
L0D0
10
591
20
-228.5
0
VERTEX
8
L0D0
10
591
20
-0.75
0
VERTEX
8
L0D0
10
595.5
20
-0.75
0
VERTEX
8
L0D0
10
595.5
20
-228.5
0
VERTEX
8
L0D0
10
597
20
-228.5
0
VERTEX
8
L0D0
10
597
20
-0.75
0
VERTEX
8
L0D0
10
601.5
20
-0.75
0
VERTEX
8
L0D0
10
601.5
20
-228.5
0
VERTEX
8
L0D0
10
603
20
-228.5
0
VERTEX
8
L0D0
10
603
20
-0.75
0
VERTEX
8
L0D0
10
607.5
20
-0.75
0
VERTEX
8
L0D0
10
607.5
20
-228.5
0
VERTEX
8
L0D0
10
609
20
-228.5
0
VERTEX
8
L0D0
10
609
20
-0.75
0
VERTEX
8
L0D0
10
613.5
20
-0.75
0
VERTEX
8
L0D0
10
613.5
20
-228.5
0
VERTEX
8
L0D0
10
615
20
-228.5
0
VERTEX
8
L0D0
10
615
20
-0.75
0
VERTEX
8
L0D0
10
619.5
20
-0.75
0
VERTEX
8
L0D0
10
619.5
20
-228.5
0
VERTEX
8
L0D0
10
621
20
-228.5
0
VERTEX
8
L0D0
10
621
20
-0.75
0
VERTEX
8
L0D0
10
625.5
20
-0.75
0
VERTEX
8
L0D0
10
625.5
20
-228.5
0
VERTEX
8
L0D0
10
627
20
-228.5
0
VERTEX
8
L0D0
10
627
20
-0.75
0
VERTEX
8
L0D0
10
631.5
20
-0.75
0
VERTEX
8
L0D0
10
631.5
20
-228.5
0
VERTEX
8
L0D0
10
633
20
-228.5
0
VERTEX
8
L0D0
10
633
20
-0.75
0
VERTEX
8
L0D0
10
637.5
20
-0.75
0
VERTEX
8
L0D0
10
637.5
20
-228.5
0
VERTEX
8
L0D0
10
639
20
-228.5
0
VERTEX
8
L0D0
10
639
20
-0.75
0
VERTEX
8
L0D0
10
643.5
20
-0.75
0
VERTEX
8
L0D0
10
643.5
20
-228.5
0
VERTEX
8
L0D0
10
645
20
-228.5
0
VERTEX
8
L0D0
10
645
20
-0.75
0
VERTEX
8
L0D0
10
649.5
20
-0.75
0
VERTEX
8
L0D0
10
649.5
20
-228.5
0
VERTEX
8
L0D0
10
651
20
-228.5
0
VERTEX
8
L0D0
10
651
20
-0.75
0
VERTEX
8
L0D0
10
655.5
20
-0.75
0
VERTEX
8
L0D0
10
655.5
20
-228.5
0
VERTEX
8
L0D0
10
657
20
-228.5
0
VERTEX
8
L0D0
10
657
20
-0.75
0
VERTEX
8
L0D0
10
661.5
20
-0.75
0
VERTEX
8
L0D0
10
661.5
20
-228.5
0
VERTEX
8
L0D0
10
663
20
-228.5
0
VERTEX
8
L0D0
10
663
20
-0.75
0
VERTEX
8
L0D0
10
667.5
20
-0.75
0
VERTEX
8
L0D0
10
667.5
20
-228.5
0
VERTEX
8
L0D0
10
669
20
-228.5
0
VERTEX
8
L0D0
10
669
20
-0.75
0
VERTEX
8
L0D0
10
673.5
20
-0.75
0
VERTEX
8
L0D0
10
673.5
20
-228.5
0
VERTEX
8
L0D0
10
675
20
-228.5
0
VERTEX
8
L0D0
10
675
20
-0.75
0
VERTEX
8
L0D0
10
679.5
20
-0.75
0
VERTEX
8
L0D0
10
679.5
20
-228.5
0
VERTEX
8
L0D0
10
681
20
-228.5
0
VERTEX
8
L0D0
10
681
20
-0.75
0
VERTEX
8
L0D0
10
685.5
20
-0.75
0
VERTEX
8
L0D0
10
685.5
20
-228.5
0
VERTEX
8
L0D0
10
687
20
-228.5
0
VERTEX
8
L0D0
10
687
20
-0.75
0
VERTEX
8
L0D0
10
691.5
20
-0.75
0
VERTEX
8
L0D0
10
691.5
20
-228.5
0
VERTEX
8
L0D0
10
693
20
-228.5
0
VERTEX
8
L0D0
10
693
20
-0.75
0
VERTEX
8
L0D0
10
697.5
20
-0.75
0
VERTEX
8
L0D0
10
697.5
20
-228.5
0
VERTEX
8
L0D0
10
699
20
-228.5
0
VERTEX
8
L0D0
10
699
20
-0.75
0
VERTEX
8
L0D0
10
703.5
20
-0.75
0
VERTEX
8
L0D0
10
703.5
20
-228.5
0
VERTEX
8
L0D0
10
705
20
-228.5
0
VERTEX
8
L0D0
10
705
20
-0.75
0
VERTEX
8
L0D0
10
709.5
20
-0.75
0
VERTEX
8
L0D0
10
709.5
20
-228.5
0
VERTEX
8
L0D0
10
711
20
-228.5
0
VERTEX
8
L0D0
10
711
20
-0.75
0
VERTEX
8
L0D0
10
715.5
20
-0.75
0
VERTEX
8
L0D0
10
715.5
20
-228.5
0
VERTEX
8
L0D0
10
717
20
-228.5
0
VERTEX
8
L0D0
10
717
20
-0.75
0
VERTEX
8
L0D0
10
721.5
20
-0.75
0
VERTEX
8
L0D0
10
721.5
20
-228.5
0
VERTEX
8
L0D0
10
723
20
-228.5
0
VERTEX
8
L0D0
10
723
20
-0.75
0
VERTEX
8
L0D0
10
735
20
-0.75
0
VERTEX
8
L0D0
10
735
20
227.75
0
VERTEX
8
L0D0
10
736.5
20
227.75
0
VERTEX
8
L0D0
10
736.5
20
-229.25
0
VERTEX
8
L0D0
10
741
20
-229.25
0
VERTEX
8
L0D0
10
741
20
227.75
0
VERTEX
8
L0D0
10
742.5
20
227.75
0
VERTEX
8
L0D0
10
742.5
20
-229.25
0
VERTEX
8
L0D0
10
747
20
-229.25
0
VERTEX
8
L0D0
10
747
20
227.75
0
VERTEX
8
L0D0
10
748.5
20
227.75
0
VERTEX
8
L0D0
10
748.5
20
-229.25
0
VERTEX
8
L0D0
10
753
20
-229.25
0
VERTEX
8
L0D0
10
753
20
227.75
0
VERTEX
8
L0D0
10
754.5
20
227.75
0
VERTEX
8
L0D0
10
754.5
20
-229.25
0
VERTEX
8
L0D0
10
759
20
-229.25
0
VERTEX
8
L0D0
10
759
20
227.75
0
VERTEX
8
L0D0
10
760.5
20
227.75
0
VERTEX
8
L0D0
10
760.5
20
-229.25
0
VERTEX
8
L0D0
10
765
20
-229.25
0
VERTEX
8
L0D0
10
765
20
227.75
0
VERTEX
8
L0D0
10
766.5
20
227.75
0
VERTEX
8
L0D0
10
766.5
20
-229.25
0
VERTEX
8
L0D0
10
771
20
-229.25
0
VERTEX
8
L0D0
10
771
20
227.75
0
VERTEX
8
L0D0
10
772.5
20
227.75
0
VERTEX
8
L0D0
10
772.5
20
-229.25
0
VERTEX
8
L0D0
10
777
20
-229.25
0
VERTEX
8
L0D0
10
777
20
227.75
0
VERTEX
8
L0D0
10
778.5
20
227.75
0
VERTEX
8
L0D0
10
778.5
20
-229.25
0
VERTEX
8
L0D0
10
783
20
-229.25
0
VERTEX
8
L0D0
10
783
20
227.75
0
VERTEX
8
L0D0
10
784.5
20
227.75
0
VERTEX
8
L0D0
10
784.5
20
-229.25
0
VERTEX
8
L0D0
10
789
20
-229.25
0
VERTEX
8
L0D0
10
789
20
227.75
0
VERTEX
8
L0D0
10
790.5
20
227.75
0
VERTEX
8
L0D0
10
790.5
20
-229.25
0
VERTEX
8
L0D0
10
795
20
-229.25
0
VERTEX
8
L0D0
10
795
20
227.75
0
VERTEX
8
L0D0
10
796.5
20
227.75
0
VERTEX
8
L0D0
10
796.5
20
-229.25
0
VERTEX
8
L0D0
10
801
20
-229.25
0
VERTEX
8
L0D0
10
801
20
227.75
0
VERTEX
8
L0D0
10
802.5
20
227.75
0
VERTEX
8
L0D0
10
802.5
20
-229.25
0
VERTEX
8
L0D0
10
807
20
-229.25
0
VERTEX
8
L0D0
10
807
20
227.75
0
VERTEX
8
L0D0
10
808.5
20
227.75
0
VERTEX
8
L0D0
10
808.5
20
-229.25
0
VERTEX
8
L0D0
10
813
20
-229.25
0
VERTEX
8
L0D0
10
813
20
227.75
0
VERTEX
8
L0D0
10
814.5
20
227.75
0
VERTEX
8
L0D0
10
814.5
20
-229.25
0
VERTEX
8
L0D0
10
819
20
-229.25
0
VERTEX
8
L0D0
10
819
20
227.75
0
VERTEX
8
L0D0
10
820.5
20
227.75
0
VERTEX
8
L0D0
10
820.5
20
-229.25
0
VERTEX
8
L0D0
10
825
20
-229.25
0
VERTEX
8
L0D0
10
825
20
227.75
0
VERTEX
8
L0D0
10
826.5
20
227.75
0
VERTEX
8
L0D0
10
826.5
20
-229.25
0
VERTEX
8
L0D0
10
831
20
-229.25
0
VERTEX
8
L0D0
10
831
20
227.75
0
VERTEX
8
L0D0
10
832.5
20
227.75
0
VERTEX
8
L0D0
10
832.5
20
-229.25
0
VERTEX
8
L0D0
10
837
20
-229.25
0
VERTEX
8
L0D0
10
837
20
227.75
0
VERTEX
8
L0D0
10
838.5
20
227.75
0
VERTEX
8
L0D0
10
838.5
20
-229.25
0
VERTEX
8
L0D0
10
843
20
-229.25
0
VERTEX
8
L0D0
10
843
20
227.75
0
VERTEX
8
L0D0
10
844.5
20
227.75
0
VERTEX
8
L0D0
10
844.5
20
-229.25
0
VERTEX
8
L0D0
10
849
20
-229.25
0
VERTEX
8
L0D0
10
849
20
227.75
0
VERTEX
8
L0D0
10
850.5
20
227.75
0
VERTEX
8
L0D0
10
850.5
20
-229.25
0
VERTEX
8
L0D0
10
855
20
-229.25
0
VERTEX
8
L0D0
10
855
20
227.75
0
VERTEX
8
L0D0
10
856.5
20
227.75
0
VERTEX
8
L0D0
10
856.5
20
-229.25
0
VERTEX
8
L0D0
10
861
20
-229.25
0
VERTEX
8
L0D0
10
861
20
227.75
0
VERTEX
8
L0D0
10
862.5
20
227.75
0
VERTEX
8
L0D0
10
862.5
20
-229.25
0
VERTEX
8
L0D0
10
867
20
-229.25
0
VERTEX
8
L0D0
10
867
20
227.75
0
VERTEX
8
L0D0
10
868.5
20
227.75
0
VERTEX
8
L0D0
10
868.5
20
-229.25
0
VERTEX
8
L0D0
10
873
20
-229.25
0
VERTEX
8
L0D0
10
873
20
227.75
0
VERTEX
8
L0D0
10
874.5
20
227.75
0
VERTEX
8
L0D0
10
874.5
20
-229.25
0
VERTEX
8
L0D0
10
879
20
-229.25
0
VERTEX
8
L0D0
10
879
20
227.75
0
VERTEX
8
L0D0
10
880.5
20
227.75
0
VERTEX
8
L0D0
10
880.5
20
-229.25
0
VERTEX
8
L0D0
10
885
20
-229.25
0
VERTEX
8
L0D0
10
885
20
227.75
0
VERTEX
8
L0D0
10
886.5
20
227.75
0
VERTEX
8
L0D0
10
886.5
20
-229.25
0
VERTEX
8
L0D0
10
891
20
-229.25
0
VERTEX
8
L0D0
10
891
20
227.75
0
VERTEX
8
L0D0
10
892.5
20
227.75
0
VERTEX
8
L0D0
10
892.5
20
-229.25
0
VERTEX
8
L0D0
10
897
20
-229.25
0
VERTEX
8
L0D0
10
897
20
227.75
0
VERTEX
8
L0D0
10
898.5
20
227.75
0
VERTEX
8
L0D0
10
898.5
20
-229.25
0
VERTEX
8
L0D0
10
903
20
-229.25
0
VERTEX
8
L0D0
10
903
20
227.75
0
VERTEX
8
L0D0
10
904.5
20
227.75
0
VERTEX
8
L0D0
10
904.5
20
-229.25
0
VERTEX
8
L0D0
10
909
20
-229.25
0
VERTEX
8
L0D0
10
909
20
227.75
0
VERTEX
8
L0D0
10
910.5
20
227.75
0
VERTEX
8
L0D0
10
910.5
20
-229.25
0
VERTEX
8
L0D0
10
915
20
-229.25
0
VERTEX
8
L0D0
10
915
20
227.75
0
VERTEX
8
L0D0
10
916.5
20
227.75
0
VERTEX
8
L0D0
10
916.5
20
-229.25
0
VERTEX
8
L0D0
10
921
20
-229.25
0
VERTEX
8
L0D0
10
921
20
227.75
0
VERTEX
8
L0D0
10
922.5
20
227.75
0
VERTEX
8
L0D0
10
922.5
20
-229.25
0
VERTEX
8
L0D0
10
927
20
-229.25
0
VERTEX
8
L0D0
10
927
20
227.75
0
VERTEX
8
L0D0
10
928.5
20
227.75
0
VERTEX
8
L0D0
10
928.5
20
-229.25
0
VERTEX
8
L0D0
10
933
20
-229.25
0
VERTEX
8
L0D0
10
933
20
227.75
0
VERTEX
8
L0D0
10
934.5
20
227.75
0
VERTEX
8
L0D0
10
934.5
20
-229.25
0
VERTEX
8
L0D0
10
939
20
-229.25
0
VERTEX
8
L0D0
10
939
20
227.75
0
VERTEX
8
L0D0
10
940.5
20
227.75
0
VERTEX
8
L0D0
10
940.5
20
-229.25
0
VERTEX
8
L0D0
10
945
20
-229.25
0
VERTEX
8
L0D0
10
945
20
227.75
0
VERTEX
8
L0D0
10
946.5
20
227.75
0
VERTEX
8
L0D0
10
946.5
20
-229.25
0
VERTEX
8
L0D0
10
951
20
-229.25
0
VERTEX
8
L0D0
10
951
20
227.75
0
VERTEX
8
L0D0
10
952.5
20
227.75
0
VERTEX
8
L0D0
10
952.5
20
-229.25
0
VERTEX
8
L0D0
10
957
20
-229.25
0
VERTEX
8
L0D0
10
957
20
227.75
0
VERTEX
8
L0D0
10
958.5
20
227.75
0
VERTEX
8
L0D0
10
958.5
20
-229.25
0
VERTEX
8
L0D0
10
963
20
-229.25
0
VERTEX
8
L0D0
10
963
20
227.75
0
VERTEX
8
L0D0
10
964.5
20
227.75
0
VERTEX
8
L0D0
10
964.5
20
-229.25
0
VERTEX
8
L0D0
10
969
20
-229.25
0
VERTEX
8
L0D0
10
969
20
227.75
0
VERTEX
8
L0D0
10
970.5
20
227.75
0
VERTEX
8
L0D0
10
970.5
20
-229.25
0
VERTEX
8
L0D0
10
975
20
-229.25
0
VERTEX
8
L0D0
10
975
20
-0.75
0
VERTEX
8
L0D0
10
985.5
20
-0.75
0
VERTEX
8
L0D0
10
985.5
20
-228.5
0
VERTEX
8
L0D0
10
987
20
-228.5
0
VERTEX
8
L0D0
10
987
20
-0.75
0
VERTEX
8
L0D0
10
991.5
20
-0.75
0
VERTEX
8
L0D0
10
991.5
20
-228.5
0
VERTEX
8
L0D0
10
993
20
-228.5
0
VERTEX
8
L0D0
10
993
20
-0.75
0
VERTEX
8
L0D0
10
997.5
20
-0.75
0
VERTEX
8
L0D0
10
997.5
20
-228.5
0
VERTEX
8
L0D0
10
999
20
-228.5
0
VERTEX
8
L0D0
10
999
20
-0.75
0
VERTEX
8
L0D0
10
1003.5
20
-0.75
0
VERTEX
8
L0D0
10
1003.5
20
-228.5
0
VERTEX
8
L0D0
10
1005
20
-228.5
0
VERTEX
8
L0D0
10
1005
20
-0.75
0
VERTEX
8
L0D0
10
1009.5
20
-0.75
0
VERTEX
8
L0D0
10
1009.5
20
-228.5
0
VERTEX
8
L0D0
10
1011
20
-228.5
0
VERTEX
8
L0D0
10
1011
20
-0.75
0
VERTEX
8
L0D0
10
1015.5
20
-0.75
0
VERTEX
8
L0D0
10
1015.5
20
-228.5
0
VERTEX
8
L0D0
10
1017
20
-228.5
0
VERTEX
8
L0D0
10
1017
20
-0.75
0
VERTEX
8
L0D0
10
1021.5
20
-0.75
0
VERTEX
8
L0D0
10
1021.5
20
-228.5
0
VERTEX
8
L0D0
10
1023
20
-228.5
0
VERTEX
8
L0D0
10
1023
20
-0.75
0
VERTEX
8
L0D0
10
1027.5
20
-0.75
0
VERTEX
8
L0D0
10
1027.5
20
-228.5
0
VERTEX
8
L0D0
10
1029
20
-228.5
0
VERTEX
8
L0D0
10
1029
20
-0.75
0
VERTEX
8
L0D0
10
1033.5
20
-0.75
0
VERTEX
8
L0D0
10
1033.5
20
-228.5
0
VERTEX
8
L0D0
10
1035
20
-228.5
0
VERTEX
8
L0D0
10
1035
20
-0.75
0
VERTEX
8
L0D0
10
1039.5
20
-0.75
0
VERTEX
8
L0D0
10
1039.5
20
-228.5
0
VERTEX
8
L0D0
10
1041
20
-228.5
0
VERTEX
8
L0D0
10
1041
20
-0.75
0
VERTEX
8
L0D0
10
1045.5
20
-0.75
0
VERTEX
8
L0D0
10
1045.5
20
-228.5
0
VERTEX
8
L0D0
10
1047
20
-228.5
0
VERTEX
8
L0D0
10
1047
20
-0.75
0
VERTEX
8
L0D0
10
1051.5
20
-0.75
0
VERTEX
8
L0D0
10
1051.5
20
-228.5
0
VERTEX
8
L0D0
10
1053
20
-228.5
0
VERTEX
8
L0D0
10
1053
20
-0.75
0
VERTEX
8
L0D0
10
1057.5
20
-0.75
0
VERTEX
8
L0D0
10
1057.5
20
-228.5
0
VERTEX
8
L0D0
10
1059
20
-228.5
0
VERTEX
8
L0D0
10
1059
20
-0.75
0
VERTEX
8
L0D0
10
1063.5
20
-0.75
0
VERTEX
8
L0D0
10
1063.5
20
-228.5
0
VERTEX
8
L0D0
10
1065
20
-228.5
0
VERTEX
8
L0D0
10
1065
20
-0.75
0
VERTEX
8
L0D0
10
1069.5
20
-0.75
0
VERTEX
8
L0D0
10
1069.5
20
-228.5
0
VERTEX
8
L0D0
10
1071
20
-228.5
0
VERTEX
8
L0D0
10
1071
20
-0.75
0
VERTEX
8
L0D0
10
1075.5
20
-0.75
0
VERTEX
8
L0D0
10
1075.5
20
-228.5
0
VERTEX
8
L0D0
10
1077
20
-228.5
0
VERTEX
8
L0D0
10
1077
20
-0.75
0
VERTEX
8
L0D0
10
1081.5
20
-0.75
0
VERTEX
8
L0D0
10
1081.5
20
-228.5
0
VERTEX
8
L0D0
10
1083
20
-228.5
0
VERTEX
8
L0D0
10
1083
20
-0.75
0
VERTEX
8
L0D0
10
1087.5
20
-0.75
0
VERTEX
8
L0D0
10
1087.5
20
-228.5
0
VERTEX
8
L0D0
10
1089
20
-228.5
0
VERTEX
8
L0D0
10
1089
20
-0.75
0
VERTEX
8
L0D0
10
1093.5
20
-0.75
0
VERTEX
8
L0D0
10
1093.5
20
-228.5
0
VERTEX
8
L0D0
10
1095
20
-228.5
0
VERTEX
8
L0D0
10
1095
20
-0.75
0
VERTEX
8
L0D0
10
1099.5
20
-0.75
0
VERTEX
8
L0D0
10
1099.5
20
-228.5
0
VERTEX
8
L0D0
10
1101
20
-228.5
0
VERTEX
8
L0D0
10
1101
20
-0.75
0
VERTEX
8
L0D0
10
1105.5
20
-0.75
0
VERTEX
8
L0D0
10
1105.5
20
-228.5
0
VERTEX
8
L0D0
10
1107
20
-228.5
0
VERTEX
8
L0D0
10
1107
20
-0.75
0
VERTEX
8
L0D0
10
1111.5
20
-0.75
0
VERTEX
8
L0D0
10
1111.5
20
-228.5
0
VERTEX
8
L0D0
10
1113
20
-228.5
0
VERTEX
8
L0D0
10
1113
20
-0.75
0
VERTEX
8
L0D0
10
1117.5
20
-0.75
0
VERTEX
8
L0D0
10
1117.5
20
-228.5
0
VERTEX
8
L0D0
10
1119
20
-228.5
0
VERTEX
8
L0D0
10
1119
20
-0.75
0
VERTEX
8
L0D0
10
1123.5
20
-0.75
0
VERTEX
8
L0D0
10
1123.5
20
-228.5
0
VERTEX
8
L0D0
10
1125
20
-228.5
0
VERTEX
8
L0D0
10
1125
20
-0.75
0
VERTEX
8
L0D0
10
1129.5
20
-0.75
0
VERTEX
8
L0D0
10
1129.5
20
-228.5
0
VERTEX
8
L0D0
10
1131
20
-228.5
0
VERTEX
8
L0D0
10
1131
20
-0.75
0
VERTEX
8
L0D0
10
1135.5
20
-0.75
0
VERTEX
8
L0D0
10
1135.5
20
-228.5
0
VERTEX
8
L0D0
10
1137
20
-228.5
0
VERTEX
8
L0D0
10
1137
20
-0.75
0
VERTEX
8
L0D0
10
1141.5
20
-0.75
0
VERTEX
8
L0D0
10
1141.5
20
-228.5
0
VERTEX
8
L0D0
10
1143
20
-228.5
0
VERTEX
8
L0D0
10
1143
20
-0.75
0
VERTEX
8
L0D0
10
1147.5
20
-0.75
0
VERTEX
8
L0D0
10
1147.5
20
-228.5
0
VERTEX
8
L0D0
10
1149
20
-228.5
0
VERTEX
8
L0D0
10
1149
20
-0.75
0
VERTEX
8
L0D0
10
1153.5
20
-0.75
0
VERTEX
8
L0D0
10
1153.5
20
-228.5
0
VERTEX
8
L0D0
10
1155
20
-228.5
0
VERTEX
8
L0D0
10
1155
20
-0.75
0
VERTEX
8
L0D0
10
1159.5
20
-0.75
0
VERTEX
8
L0D0
10
1159.5
20
-228.5
0
VERTEX
8
L0D0
10
1161
20
-228.5
0
VERTEX
8
L0D0
10
1161
20
-0.75
0
VERTEX
8
L0D0
10
1165.5
20
-0.75
0
VERTEX
8
L0D0
10
1165.5
20
-228.5
0
VERTEX
8
L0D0
10
1167
20
-228.5
0
VERTEX
8
L0D0
10
1167
20
-0.75
0
VERTEX
8
L0D0
10
1171.5
20
-0.75
0
VERTEX
8
L0D0
10
1171.5
20
-228.5
0
VERTEX
8
L0D0
10
1173
20
-228.5
0
VERTEX
8
L0D0
10
1173
20
-0.75
0
VERTEX
8
L0D0
10
1177.5
20
-0.75
0
VERTEX
8
L0D0
10
1177.5
20
-228.5
0
VERTEX
8
L0D0
10
1179
20
-228.5
0
VERTEX
8
L0D0
10
1179
20
-0.75
0
VERTEX
8
L0D0
10
1183.5
20
-0.75
0
VERTEX
8
L0D0
10
1183.5
20
-228.5
0
VERTEX
8
L0D0
10
1185
20
-228.5
0
VERTEX
8
L0D0
10
1185
20
-0.75
0
VERTEX
8
L0D0
10
1189.5
20
-0.75
0
VERTEX
8
L0D0
10
1189.5
20
-228.5
0
VERTEX
8
L0D0
10
1191
20
-228.5
0
VERTEX
8
L0D0
10
1191
20
-0.75
0
VERTEX
8
L0D0
10
1195.5
20
-0.75
0
VERTEX
8
L0D0
10
1195.5
20
-228.5
0
VERTEX
8
L0D0
10
1197
20
-228.5
0
VERTEX
8
L0D0
10
1197
20
-0.75
0
VERTEX
8
L0D0
10
1201.5
20
-0.75
0
VERTEX
8
L0D0
10
1201.5
20
-228.5
0
VERTEX
8
L0D0
10
1203
20
-228.5
0
VERTEX
8
L0D0
10
1203
20
-0.75
0
VERTEX
8
L0D0
10
1207.5
20
-0.75
0
VERTEX
8
L0D0
10
1207.5
20
-228.5
0
VERTEX
8
L0D0
10
1209
20
-228.5
0
VERTEX
8
L0D0
10
1209
20
-0.75
0
VERTEX
8
L0D0
10
1213.5
20
-0.75
0
VERTEX
8
L0D0
10
1213.5
20
-228.5
0
VERTEX
8
L0D0
10
1215
20
-228.5
0
VERTEX
8
L0D0
10
1215
20
-0.75
0
VERTEX
8
L0D0
10
1219.5
20
-0.75
0
VERTEX
8
L0D0
10
1219.5
20
-228.5
0
VERTEX
8
L0D0
10
1221
20
-228.5
0
VERTEX
8
L0D0
10
1221
20
-0.75
0
VERTEX
8
L0D0
10
1231.5
20
-0.75
0
VERTEX
8
L0D0
10
1231.5
20
-228
0
VERTEX
8
L0D0
10
1684.5
20
-228
0
VERTEX
8
L0D0
10
1684.5
20
225
0
VERTEX
8
L0D0
10
1234.5
20
225
0
VERTEX
8
L0D0
10
1234.5
20
-225
0
VERTEX
8
L0D0
10
1681.5
20
-225
0
VERTEX
8
L0D0
10
1681.5
20
222
0
VERTEX
8
L0D0
10
1237.5
20
222
0
VERTEX
8
L0D0
10
1237.5
20
-222
0
VERTEX
8
L0D0
10
1678.5
20
-222
0
VERTEX
8
L0D0
10
1678.5
20
219
0
VERTEX
8
L0D0
10
1240.5
20
219
0
VERTEX
8
L0D0
10
1240.5
20
-219
0
VERTEX
8
L0D0
10
1675.5
20
-219
0
VERTEX
8
L0D0
10
1675.5
20
216
0
VERTEX
8
L0D0
10
1243.5
20
216
0
VERTEX
8
L0D0
10
1243.5
20
-216
0
VERTEX
8
L0D0
10
1672.5
20
-216
0
VERTEX
8
L0D0
10
1672.5
20
213
0
VERTEX
8
L0D0
10
1246.5
20
213
0
VERTEX
8
L0D0
10
1246.5
20
-213
0
VERTEX
8
L0D0
10
1669.5
20
-213
0
VERTEX
8
L0D0
10
1669.5
20
210
0
VERTEX
8
L0D0
10
1249.5
20
210
0
VERTEX
8
L0D0
10
1249.5
20
-210
0
VERTEX
8
L0D0
10
1666.5
20
-210
0
VERTEX
8
L0D0
10
1666.5
20
207
0
VERTEX
8
L0D0
10
1252.5
20
207
0
VERTEX
8
L0D0
10
1252.5
20
-207
0
VERTEX
8
L0D0
10
1663.5
20
-207
0
VERTEX
8
L0D0
10
1663.5
20
204
0
VERTEX
8
L0D0
10
1255.5
20
204
0
VERTEX
8
L0D0
10
1255.5
20
-204
0
VERTEX
8
L0D0
10
1660.5
20
-204
0
VERTEX
8
L0D0
10
1660.5
20
201
0
VERTEX
8
L0D0
10
1258.5
20
201
0
VERTEX
8
L0D0
10
1258.5
20
-201
0
VERTEX
8
L0D0
10
1657.5
20
-201
0
VERTEX
8
L0D0
10
1657.5
20
198
0
VERTEX
8
L0D0
10
1261.5
20
198
0
VERTEX
8
L0D0
10
1261.5
20
-198
0
VERTEX
8
L0D0
10
1654.5
20
-198
0
VERTEX
8
L0D0
10
1654.5
20
195
0
VERTEX
8
L0D0
10
1264.5
20
195
0
VERTEX
8
L0D0
10
1264.5
20
-195
0
VERTEX
8
L0D0
10
1651.5
20
-195
0
VERTEX
8
L0D0
10
1651.5
20
192
0
VERTEX
8
L0D0
10
1267.5
20
192
0
VERTEX
8
L0D0
10
1267.5
20
-192
0
VERTEX
8
L0D0
10
1648.5
20
-192
0
VERTEX
8
L0D0
10
1648.5
20
189
0
VERTEX
8
L0D0
10
1270.5
20
189
0
VERTEX
8
L0D0
10
1270.5
20
-189
0
VERTEX
8
L0D0
10
1645.5
20
-189
0
VERTEX
8
L0D0
10
1645.5
20
186
0
VERTEX
8
L0D0
10
1273.5
20
186
0
VERTEX
8
L0D0
10
1273.5
20
-186
0
VERTEX
8
L0D0
10
1642.5
20
-186
0
VERTEX
8
L0D0
10
1642.5
20
183
0
VERTEX
8
L0D0
10
1276.5
20
183
0
VERTEX
8
L0D0
10
1276.5
20
-183
0
VERTEX
8
L0D0
10
1639.5
20
-183
0
VERTEX
8
L0D0
10
1639.5
20
180
0
VERTEX
8
L0D0
10
1279.5
20
180
0
VERTEX
8
L0D0
10
1279.5
20
-180
0
VERTEX
8
L0D0
10
1636.5
20
-180
0
VERTEX
8
L0D0
10
1636.5
20
177
0
VERTEX
8
L0D0
10
1282.5
20
177
0
VERTEX
8
L0D0
10
1282.5
20
-177
0
VERTEX
8
L0D0
10
1633.5
20
-177
0
VERTEX
8
L0D0
10
1633.5
20
174
0
VERTEX
8
L0D0
10
1285.5
20
174
0
VERTEX
8
L0D0
10
1285.5
20
-174
0
VERTEX
8
L0D0
10
1630.5
20
-174
0
VERTEX
8
L0D0
10
1630.5
20
171
0
VERTEX
8
L0D0
10
1288.5
20
171
0
VERTEX
8
L0D0
10
1288.5
20
-171
0
VERTEX
8
L0D0
10
1627.5
20
-171
0
VERTEX
8
L0D0
10
1627.5
20
168
0
VERTEX
8
L0D0
10
1291.5
20
168
0
VERTEX
8
L0D0
10
1291.5
20
-168
0
VERTEX
8
L0D0
10
1624.5
20
-168
0
VERTEX
8
L0D0
10
1624.5
20
165
0
VERTEX
8
L0D0
10
1294.5
20
165
0
VERTEX
8
L0D0
10
1294.5
20
-165
0
VERTEX
8
L0D0
10
1621.5
20
-165
0
VERTEX
8
L0D0
10
1621.5
20
162
0
VERTEX
8
L0D0
10
1297.5
20
162
0
VERTEX
8
L0D0
10
1297.5
20
-162
0
VERTEX
8
L0D0
10
1618.5
20
-162
0
VERTEX
8
L0D0
10
1618.5
20
159
0
VERTEX
8
L0D0
10
1300.5
20
159
0
VERTEX
8
L0D0
10
1300.5
20
-159
0
VERTEX
8
L0D0
10
1615.5
20
-159
0
VERTEX
8
L0D0
10
1615.5
20
156
0
VERTEX
8
L0D0
10
1303.5
20
156
0
VERTEX
8
L0D0
10
1303.5
20
-156
0
VERTEX
8
L0D0
10
1612.5
20
-156
0
VERTEX
8
L0D0
10
1612.5
20
153
0
VERTEX
8
L0D0
10
1306.5
20
153
0
VERTEX
8
L0D0
10
1306.5
20
-153
0
VERTEX
8
L0D0
10
1460.25
20
-153
0
VERTEX
8
L0D0
10
1460.25
20
-150
0
VERTEX
8
L0D0
10
1609.5
20
-150
0
VERTEX
8
L0D0
10
1609.5
20
150
0
VERTEX
8
L0D0
10
1309.5
20
150
0
VERTEX
8
L0D0
10
1309.5
20
-150
0
VERTEX
8
L0D0
10
1458.75
20
-150
0
VERTEX
8
L0D0
10
1458.75
20
-151.5
0
VERTEX
8
L0D0
10
1308
20
-151.5
0
VERTEX
8
L0D0
10
1308
20
151.5
0
VERTEX
8
L0D0
10
1611
20
151.5
0
VERTEX
8
L0D0
10
1611
20
-154.5
0
VERTEX
8
L0D0
10
1305
20
-154.5
0
VERTEX
8
L0D0
10
1305
20
154.5
0
VERTEX
8
L0D0
10
1614
20
154.5
0
VERTEX
8
L0D0
10
1614
20
-157.5
0
VERTEX
8
L0D0
10
1302
20
-157.5
0
VERTEX
8
L0D0
10
1302
20
157.5
0
VERTEX
8
L0D0
10
1617
20
157.5
0
VERTEX
8
L0D0
10
1617
20
-160.5
0
VERTEX
8
L0D0
10
1299
20
-160.5
0
VERTEX
8
L0D0
10
1299
20
160.5
0
VERTEX
8
L0D0
10
1620
20
160.5
0
VERTEX
8
L0D0
10
1620
20
-163.5
0
VERTEX
8
L0D0
10
1296
20
-163.5
0
VERTEX
8
L0D0
10
1296
20
163.5
0
VERTEX
8
L0D0
10
1623
20
163.5
0
VERTEX
8
L0D0
10
1623
20
-166.5
0
VERTEX
8
L0D0
10
1293
20
-166.5
0
VERTEX
8
L0D0
10
1293
20
166.5
0
VERTEX
8
L0D0
10
1626
20
166.5
0
VERTEX
8
L0D0
10
1626
20
-169.5
0
VERTEX
8
L0D0
10
1290
20
-169.5
0
VERTEX
8
L0D0
10
1290
20
169.5
0
VERTEX
8
L0D0
10
1629
20
169.5
0
VERTEX
8
L0D0
10
1629
20
-172.5
0
VERTEX
8
L0D0
10
1287
20
-172.5
0
VERTEX
8
L0D0
10
1287
20
172.5
0
VERTEX
8
L0D0
10
1632
20
172.5
0
VERTEX
8
L0D0
10
1632
20
-175.5
0
VERTEX
8
L0D0
10
1284
20
-175.5
0
VERTEX
8
L0D0
10
1284
20
175.5
0
VERTEX
8
L0D0
10
1635
20
175.5
0
VERTEX
8
L0D0
10
1635
20
-178.5
0
VERTEX
8
L0D0
10
1281
20
-178.5
0
VERTEX
8
L0D0
10
1281
20
178.5
0
VERTEX
8
L0D0
10
1638
20
178.5
0
VERTEX
8
L0D0
10
1638
20
-181.5
0
VERTEX
8
L0D0
10
1278
20
-181.5
0
VERTEX
8
L0D0
10
1278
20
181.5
0
VERTEX
8
L0D0
10
1641
20
181.5
0
VERTEX
8
L0D0
10
1641
20
-184.5
0
VERTEX
8
L0D0
10
1275
20
-184.5
0
VERTEX
8
L0D0
10
1275
20
184.5
0
VERTEX
8
L0D0
10
1644
20
184.5
0
VERTEX
8
L0D0
10
1644
20
-187.5
0
VERTEX
8
L0D0
10
1272
20
-187.5
0
VERTEX
8
L0D0
10
1272
20
187.5
0
VERTEX
8
L0D0
10
1647
20
187.5
0
VERTEX
8
L0D0
10
1647
20
-190.5
0
VERTEX
8
L0D0
10
1269
20
-190.5
0
VERTEX
8
L0D0
10
1269
20
190.5
0
VERTEX
8
L0D0
10
1650
20
190.5
0
VERTEX
8
L0D0
10
1650
20
-193.5
0
VERTEX
8
L0D0
10
1266
20
-193.5
0
VERTEX
8
L0D0
10
1266
20
193.5
0
VERTEX
8
L0D0
10
1653
20
193.5
0
VERTEX
8
L0D0
10
1653
20
-196.5
0
VERTEX
8
L0D0
10
1263
20
-196.5
0
VERTEX
8
L0D0
10
1263
20
196.5
0
VERTEX
8
L0D0
10
1656
20
196.5
0
VERTEX
8
L0D0
10
1656
20
-199.5
0
VERTEX
8
L0D0
10
1260
20
-199.5
0
VERTEX
8
L0D0
10
1260
20
199.5
0
VERTEX
8
L0D0
10
1659
20
199.5
0
VERTEX
8
L0D0
10
1659
20
-202.5
0
VERTEX
8
L0D0
10
1257
20
-202.5
0
VERTEX
8
L0D0
10
1257
20
202.5
0
VERTEX
8
L0D0
10
1662
20
202.5
0
VERTEX
8
L0D0
10
1662
20
-205.5
0
VERTEX
8
L0D0
10
1254
20
-205.5
0
VERTEX
8
L0D0
10
1254
20
205.5
0
VERTEX
8
L0D0
10
1665
20
205.5
0
VERTEX
8
L0D0
10
1665
20
-208.5
0
VERTEX
8
L0D0
10
1251
20
-208.5
0
VERTEX
8
L0D0
10
1251
20
208.5
0
VERTEX
8
L0D0
10
1668
20
208.5
0
VERTEX
8
L0D0
10
1668
20
-211.5
0
VERTEX
8
L0D0
10
1248
20
-211.5
0
VERTEX
8
L0D0
10
1248
20
211.5
0
VERTEX
8
L0D0
10
1671
20
211.5
0
VERTEX
8
L0D0
10
1671
20
-214.5
0
VERTEX
8
L0D0
10
1245
20
-214.5
0
VERTEX
8
L0D0
10
1245
20
214.5
0
VERTEX
8
L0D0
10
1674
20
214.5
0
VERTEX
8
L0D0
10
1674
20
-217.5
0
VERTEX
8
L0D0
10
1242
20
-217.5
0
VERTEX
8
L0D0
10
1242
20
217.5
0
VERTEX
8
L0D0
10
1677
20
217.5
0
VERTEX
8
L0D0
10
1677
20
-220.5
0
VERTEX
8
L0D0
10
1239
20
-220.5
0
VERTEX
8
L0D0
10
1239
20
220.5
0
VERTEX
8
L0D0
10
1680
20
220.5
0
VERTEX
8
L0D0
10
1680
20
-223.5
0
VERTEX
8
L0D0
10
1236
20
-223.5
0
VERTEX
8
L0D0
10
1236
20
223.5
0
VERTEX
8
L0D0
10
1683
20
223.5
0
VERTEX
8
L0D0
10
1683
20
-226.5
0
VERTEX
8
L0D0
10
1233
20
-226.5
0
VERTEX
8
L0D0
10
1233
20
0.75
0
VERTEX
8
L0D0
10
1221
20
0.75
0
VERTEX
8
L0D0
10
1221
20
228.5
0
VERTEX
8
L0D0
10
1219.5
20
228.5
0
VERTEX
8
L0D0
10
1219.5
20
0.75
0
VERTEX
8
L0D0
10
1215
20
0.75
0
VERTEX
8
L0D0
10
1215
20
228.5
0
VERTEX
8
L0D0
10
1213.5
20
228.5
0
VERTEX
8
L0D0
10
1213.5
20
0.75
0
VERTEX
8
L0D0
10
1209
20
0.75
0
VERTEX
8
L0D0
10
1209
20
228.5
0
VERTEX
8
L0D0
10
1207.5
20
228.5
0
VERTEX
8
L0D0
10
1207.5
20
0.75
0
VERTEX
8
L0D0
10
1203
20
0.75
0
VERTEX
8
L0D0
10
1203
20
228.5
0
VERTEX
8
L0D0
10
1201.5
20
228.5
0
VERTEX
8
L0D0
10
1201.5
20
0.75
0
VERTEX
8
L0D0
10
1197
20
0.75
0
VERTEX
8
L0D0
10
1197
20
228.5
0
VERTEX
8
L0D0
10
1195.5
20
228.5
0
VERTEX
8
L0D0
10
1195.5
20
0.75
0
VERTEX
8
L0D0
10
1191
20
0.75
0
VERTEX
8
L0D0
10
1191
20
228.5
0
VERTEX
8
L0D0
10
1189.5
20
228.5
0
VERTEX
8
L0D0
10
1189.5
20
0.75
0
VERTEX
8
L0D0
10
1185
20
0.75
0
VERTEX
8
L0D0
10
1185
20
228.5
0
VERTEX
8
L0D0
10
1183.5
20
228.5
0
VERTEX
8
L0D0
10
1183.5
20
0.75
0
VERTEX
8
L0D0
10
1179
20
0.75
0
VERTEX
8
L0D0
10
1179
20
228.5
0
VERTEX
8
L0D0
10
1177.5
20
228.5
0
VERTEX
8
L0D0
10
1177.5
20
0.75
0
VERTEX
8
L0D0
10
1173
20
0.75
0
VERTEX
8
L0D0
10
1173
20
228.5
0
VERTEX
8
L0D0
10
1171.5
20
228.5
0
VERTEX
8
L0D0
10
1171.5
20
0.75
0
VERTEX
8
L0D0
10
1167
20
0.75
0
VERTEX
8
L0D0
10
1167
20
228.5
0
VERTEX
8
L0D0
10
1165.5
20
228.5
0
VERTEX
8
L0D0
10
1165.5
20
0.75
0
VERTEX
8
L0D0
10
1161
20
0.75
0
VERTEX
8
L0D0
10
1161
20
228.5
0
VERTEX
8
L0D0
10
1159.5
20
228.5
0
VERTEX
8
L0D0
10
1159.5
20
0.75
0
VERTEX
8
L0D0
10
1155
20
0.75
0
VERTEX
8
L0D0
10
1155
20
228.5
0
VERTEX
8
L0D0
10
1153.5
20
228.5
0
VERTEX
8
L0D0
10
1153.5
20
0.75
0
VERTEX
8
L0D0
10
1149
20
0.75
0
VERTEX
8
L0D0
10
1149
20
228.5
0
VERTEX
8
L0D0
10
1147.5
20
228.5
0
VERTEX
8
L0D0
10
1147.5
20
0.75
0
VERTEX
8
L0D0
10
1143
20
0.75
0
VERTEX
8
L0D0
10
1143
20
228.5
0
VERTEX
8
L0D0
10
1141.5
20
228.5
0
VERTEX
8
L0D0
10
1141.5
20
0.75
0
VERTEX
8
L0D0
10
1137
20
0.75
0
VERTEX
8
L0D0
10
1137
20
228.5
0
VERTEX
8
L0D0
10
1135.5
20
228.5
0
VERTEX
8
L0D0
10
1135.5
20
0.75
0
VERTEX
8
L0D0
10
1131
20
0.75
0
VERTEX
8
L0D0
10
1131
20
228.5
0
VERTEX
8
L0D0
10
1129.5
20
228.5
0
VERTEX
8
L0D0
10
1129.5
20
0.75
0
VERTEX
8
L0D0
10
1125
20
0.75
0
VERTEX
8
L0D0
10
1125
20
228.5
0
VERTEX
8
L0D0
10
1123.5
20
228.5
0
VERTEX
8
L0D0
10
1123.5
20
0.75
0
VERTEX
8
L0D0
10
1119
20
0.75
0
VERTEX
8
L0D0
10
1119
20
228.5
0
VERTEX
8
L0D0
10
1117.5
20
228.5
0
VERTEX
8
L0D0
10
1117.5
20
0.75
0
VERTEX
8
L0D0
10
1113
20
0.75
0
VERTEX
8
L0D0
10
1113
20
228.5
0
VERTEX
8
L0D0
10
1111.5
20
228.5
0
VERTEX
8
L0D0
10
1111.5
20
0.75
0
VERTEX
8
L0D0
10
1107
20
0.75
0
VERTEX
8
L0D0
10
1107
20
228.5
0
VERTEX
8
L0D0
10
1105.5
20
228.5
0
VERTEX
8
L0D0
10
1105.5
20
0.75
0
VERTEX
8
L0D0
10
1101
20
0.75
0
VERTEX
8
L0D0
10
1101
20
228.5
0
VERTEX
8
L0D0
10
1099.5
20
228.5
0
VERTEX
8
L0D0
10
1099.5
20
0.75
0
VERTEX
8
L0D0
10
1095
20
0.75
0
VERTEX
8
L0D0
10
1095
20
228.5
0
VERTEX
8
L0D0
10
1093.5
20
228.5
0
VERTEX
8
L0D0
10
1093.5
20
0.75
0
VERTEX
8
L0D0
10
1089
20
0.75
0
VERTEX
8
L0D0
10
1089
20
228.5
0
VERTEX
8
L0D0
10
1087.5
20
228.5
0
VERTEX
8
L0D0
10
1087.5
20
0.75
0
VERTEX
8
L0D0
10
1083
20
0.75
0
VERTEX
8
L0D0
10
1083
20
228.5
0
VERTEX
8
L0D0
10
1081.5
20
228.5
0
VERTEX
8
L0D0
10
1081.5
20
0.75
0
VERTEX
8
L0D0
10
1077
20
0.75
0
VERTEX
8
L0D0
10
1077
20
228.5
0
VERTEX
8
L0D0
10
1075.5
20
228.5
0
VERTEX
8
L0D0
10
1075.5
20
0.75
0
VERTEX
8
L0D0
10
1071
20
0.75
0
VERTEX
8
L0D0
10
1071
20
228.5
0
VERTEX
8
L0D0
10
1069.5
20
228.5
0
VERTEX
8
L0D0
10
1069.5
20
0.75
0
VERTEX
8
L0D0
10
1065
20
0.75
0
VERTEX
8
L0D0
10
1065
20
228.5
0
VERTEX
8
L0D0
10
1063.5
20
228.5
0
VERTEX
8
L0D0
10
1063.5
20
0.75
0
VERTEX
8
L0D0
10
1059
20
0.75
0
VERTEX
8
L0D0
10
1059
20
228.5
0
VERTEX
8
L0D0
10
1057.5
20
228.5
0
VERTEX
8
L0D0
10
1057.5
20
0.75
0
VERTEX
8
L0D0
10
1053
20
0.75
0
VERTEX
8
L0D0
10
1053
20
228.5
0
VERTEX
8
L0D0
10
1051.5
20
228.5
0
VERTEX
8
L0D0
10
1051.5
20
0.75
0
VERTEX
8
L0D0
10
1047
20
0.75
0
VERTEX
8
L0D0
10
1047
20
228.5
0
VERTEX
8
L0D0
10
1045.5
20
228.5
0
VERTEX
8
L0D0
10
1045.5
20
0.75
0
VERTEX
8
L0D0
10
1041
20
0.75
0
VERTEX
8
L0D0
10
1041
20
228.5
0
VERTEX
8
L0D0
10
1039.5
20
228.5
0
VERTEX
8
L0D0
10
1039.5
20
0.75
0
VERTEX
8
L0D0
10
1035
20
0.75
0
VERTEX
8
L0D0
10
1035
20
228.5
0
VERTEX
8
L0D0
10
1033.5
20
228.5
0
VERTEX
8
L0D0
10
1033.5
20
0.75
0
VERTEX
8
L0D0
10
1029
20
0.75
0
VERTEX
8
L0D0
10
1029
20
228.5
0
VERTEX
8
L0D0
10
1027.5
20
228.5
0
VERTEX
8
L0D0
10
1027.5
20
0.75
0
VERTEX
8
L0D0
10
1023
20
0.75
0
VERTEX
8
L0D0
10
1023
20
228.5
0
VERTEX
8
L0D0
10
1021.5
20
228.5
0
VERTEX
8
L0D0
10
1021.5
20
0.75
0
VERTEX
8
L0D0
10
1017
20
0.75
0
VERTEX
8
L0D0
10
1017
20
228.5
0
VERTEX
8
L0D0
10
1015.5
20
228.5
0
VERTEX
8
L0D0
10
1015.5
20
0.75
0
VERTEX
8
L0D0
10
1011
20
0.75
0
VERTEX
8
L0D0
10
1011
20
228.5
0
VERTEX
8
L0D0
10
1009.5
20
228.5
0
VERTEX
8
L0D0
10
1009.5
20
0.75
0
VERTEX
8
L0D0
10
1005
20
0.75
0
VERTEX
8
L0D0
10
1005
20
228.5
0
VERTEX
8
L0D0
10
1003.5
20
228.5
0
VERTEX
8
L0D0
10
1003.5
20
0.75
0
VERTEX
8
L0D0
10
999
20
0.75
0
VERTEX
8
L0D0
10
999
20
228.5
0
VERTEX
8
L0D0
10
997.5
20
228.5
0
VERTEX
8
L0D0
10
997.5
20
0.75
0
VERTEX
8
L0D0
10
993
20
0.75
0
VERTEX
8
L0D0
10
993
20
228.5
0
VERTEX
8
L0D0
10
991.5
20
228.5
0
VERTEX
8
L0D0
10
991.5
20
0.75
0
VERTEX
8
L0D0
10
987
20
0.75
0
VERTEX
8
L0D0
10
987
20
228.5
0
VERTEX
8
L0D0
10
985.5
20
228.5
0
VERTEX
8
L0D0
10
985.5
20
0.75
0
VERTEX
8
L0D0
10
973.5
20
0.75
0
VERTEX
8
L0D0
10
973.5
20
-227.75
0
VERTEX
8
L0D0
10
972
20
-227.75
0
VERTEX
8
L0D0
10
972
20
229.25
0
VERTEX
8
L0D0
10
726
20
229.25
0
VERTEX
8
L0D0
10
726
20
230
0
VERTEX
8
L0D0
10
729
20
230
0
VERTEX
8
L0D0
10
729
20
231.5
0
VERTEX
8
L0D0
10
978
20
231.5
0
VERTEX
8
L0D0
10
978
20
230
0
VERTEX
8
L0D0
10
982.5
20
230
0
VERTEX
8
L0D0
10
982.5
20
2.25
0
VERTEX
8
L0D0
10
984
20
2.25
0
VERTEX
8
L0D0
10
984
20
230
0
VERTEX
8
L0D0
10
988.5
20
230
0
VERTEX
8
L0D0
10
988.5
20
2.25
0
VERTEX
8
L0D0
10
990
20
2.25
0
VERTEX
8
L0D0
10
990
20
230
0
VERTEX
8
L0D0
10
994.5
20
230
0
VERTEX
8
L0D0
10
994.5
20
2.25
0
VERTEX
8
L0D0
10
996
20
2.25
0
VERTEX
8
L0D0
10
996
20
230
0
VERTEX
8
L0D0
10
1000.5
20
230
0
VERTEX
8
L0D0
10
1000.5
20
2.25
0
VERTEX
8
L0D0
10
1002
20
2.25
0
VERTEX
8
L0D0
10
1002
20
230
0
VERTEX
8
L0D0
10
1006.5
20
230
0
VERTEX
8
L0D0
10
1006.5
20
2.25
0
VERTEX
8
L0D0
10
1008
20
2.25
0
VERTEX
8
L0D0
10
1008
20
230
0
VERTEX
8
L0D0
10
1012.5
20
230
0
VERTEX
8
L0D0
10
1012.5
20
2.25
0
VERTEX
8
L0D0
10
1014
20
2.25
0
VERTEX
8
L0D0
10
1014
20
230
0
VERTEX
8
L0D0
10
1018.5
20
230
0
VERTEX
8
L0D0
10
1018.5
20
2.25
0
VERTEX
8
L0D0
10
1020
20
2.25
0
VERTEX
8
L0D0
10
1020
20
230
0
VERTEX
8
L0D0
10
1024.5
20
230
0
VERTEX
8
L0D0
10
1024.5
20
2.25
0
VERTEX
8
L0D0
10
1026
20
2.25
0
VERTEX
8
L0D0
10
1026
20
230
0
VERTEX
8
L0D0
10
1030.5
20
230
0
VERTEX
8
L0D0
10
1030.5
20
2.25
0
VERTEX
8
L0D0
10
1032
20
2.25
0
VERTEX
8
L0D0
10
1032
20
230
0
VERTEX
8
L0D0
10
1036.5
20
230
0
VERTEX
8
L0D0
10
1036.5
20
2.25
0
VERTEX
8
L0D0
10
1038
20
2.25
0
VERTEX
8
L0D0
10
1038
20
230
0
VERTEX
8
L0D0
10
1042.5
20
230
0
VERTEX
8
L0D0
10
1042.5
20
2.25
0
VERTEX
8
L0D0
10
1044
20
2.25
0
VERTEX
8
L0D0
10
1044
20
230
0
VERTEX
8
L0D0
10
1048.5
20
230
0
VERTEX
8
L0D0
10
1048.5
20
2.25
0
VERTEX
8
L0D0
10
1050
20
2.25
0
VERTEX
8
L0D0
10
1050
20
230
0
VERTEX
8
L0D0
10
1054.5
20
230
0
VERTEX
8
L0D0
10
1054.5
20
2.25
0
VERTEX
8
L0D0
10
1056
20
2.25
0
VERTEX
8
L0D0
10
1056
20
230
0
VERTEX
8
L0D0
10
1060.5
20
230
0
VERTEX
8
L0D0
10
1060.5
20
2.25
0
VERTEX
8
L0D0
10
1062
20
2.25
0
VERTEX
8
L0D0
10
1062
20
230
0
VERTEX
8
L0D0
10
1066.5
20
230
0
VERTEX
8
L0D0
10
1066.5
20
2.25
0
VERTEX
8
L0D0
10
1068
20
2.25
0
VERTEX
8
L0D0
10
1068
20
230
0
VERTEX
8
L0D0
10
1072.5
20
230
0
VERTEX
8
L0D0
10
1072.5
20
2.25
0
VERTEX
8
L0D0
10
1074
20
2.25
0
VERTEX
8
L0D0
10
1074
20
230
0
VERTEX
8
L0D0
10
1078.5
20
230
0
VERTEX
8
L0D0
10
1078.5
20
2.25
0
VERTEX
8
L0D0
10
1080
20
2.25
0
VERTEX
8
L0D0
10
1080
20
230
0
VERTEX
8
L0D0
10
1084.5
20
230
0
VERTEX
8
L0D0
10
1084.5
20
2.25
0
VERTEX
8
L0D0
10
1086
20
2.25
0
VERTEX
8
L0D0
10
1086
20
230
0
VERTEX
8
L0D0
10
1090.5
20
230
0
VERTEX
8
L0D0
10
1090.5
20
2.25
0
VERTEX
8
L0D0
10
1092
20
2.25
0
VERTEX
8
L0D0
10
1092
20
230
0
VERTEX
8
L0D0
10
1096.5
20
230
0
VERTEX
8
L0D0
10
1096.5
20
2.25
0
VERTEX
8
L0D0
10
1098
20
2.25
0
VERTEX
8
L0D0
10
1098
20
230
0
VERTEX
8
L0D0
10
1102.5
20
230
0
VERTEX
8
L0D0
10
1102.5
20
2.25
0
VERTEX
8
L0D0
10
1104
20
2.25
0
VERTEX
8
L0D0
10
1104
20
230
0
VERTEX
8
L0D0
10
1108.5
20
230
0
VERTEX
8
L0D0
10
1108.5
20
2.25
0
VERTEX
8
L0D0
10
1110
20
2.25
0
VERTEX
8
L0D0
10
1110
20
230
0
VERTEX
8
L0D0
10
1114.5
20
230
0
VERTEX
8
L0D0
10
1114.5
20
2.25
0
VERTEX
8
L0D0
10
1116
20
2.25
0
VERTEX
8
L0D0
10
1116
20
230
0
VERTEX
8
L0D0
10
1120.5
20
230
0
VERTEX
8
L0D0
10
1120.5
20
2.25
0
VERTEX
8
L0D0
10
1122
20
2.25
0
VERTEX
8
L0D0
10
1122
20
230
0
VERTEX
8
L0D0
10
1126.5
20
230
0
VERTEX
8
L0D0
10
1126.5
20
2.25
0
VERTEX
8
L0D0
10
1128
20
2.25
0
VERTEX
8
L0D0
10
1128
20
230
0
VERTEX
8
L0D0
10
1132.5
20
230
0
VERTEX
8
L0D0
10
1132.5
20
2.25
0
VERTEX
8
L0D0
10
1134
20
2.25
0
VERTEX
8
L0D0
10
1134
20
230
0
VERTEX
8
L0D0
10
1138.5
20
230
0
VERTEX
8
L0D0
10
1138.5
20
2.25
0
VERTEX
8
L0D0
10
1140
20
2.25
0
VERTEX
8
L0D0
10
1140
20
230
0
VERTEX
8
L0D0
10
1144.5
20
230
0
VERTEX
8
L0D0
10
1144.5
20
2.25
0
VERTEX
8
L0D0
10
1146
20
2.25
0
VERTEX
8
L0D0
10
1146
20
230
0
VERTEX
8
L0D0
10
1150.5
20
230
0
VERTEX
8
L0D0
10
1150.5
20
2.25
0
VERTEX
8
L0D0
10
1152
20
2.25
0
VERTEX
8
L0D0
10
1152
20
230
0
VERTEX
8
L0D0
10
1156.5
20
230
0
VERTEX
8
L0D0
10
1156.5
20
2.25
0
VERTEX
8
L0D0
10
1158
20
2.25
0
VERTEX
8
L0D0
10
1158
20
230
0
VERTEX
8
L0D0
10
1162.5
20
230
0
VERTEX
8
L0D0
10
1162.5
20
2.25
0
VERTEX
8
L0D0
10
1164
20
2.25
0
VERTEX
8
L0D0
10
1164
20
230
0
VERTEX
8
L0D0
10
1168.5
20
230
0
VERTEX
8
L0D0
10
1168.5
20
2.25
0
VERTEX
8
L0D0
10
1170
20
2.25
0
VERTEX
8
L0D0
10
1170
20
230
0
VERTEX
8
L0D0
10
1174.5
20
230
0
VERTEX
8
L0D0
10
1174.5
20
2.25
0
VERTEX
8
L0D0
10
1176
20
2.25
0
VERTEX
8
L0D0
10
1176
20
230
0
VERTEX
8
L0D0
10
1180.5
20
230
0
VERTEX
8
L0D0
10
1180.5
20
2.25
0
VERTEX
8
L0D0
10
1182
20
2.25
0
VERTEX
8
L0D0
10
1182
20
230
0
VERTEX
8
L0D0
10
1186.5
20
230
0
VERTEX
8
L0D0
10
1186.5
20
2.25
0
VERTEX
8
L0D0
10
1188
20
2.25
0
VERTEX
8
L0D0
10
1188
20
230
0
VERTEX
8
L0D0
10
1192.5
20
230
0
VERTEX
8
L0D0
10
1192.5
20
2.25
0
VERTEX
8
L0D0
10
1194
20
2.25
0
VERTEX
8
L0D0
10
1194
20
230
0
VERTEX
8
L0D0
10
1198.5
20
230
0
VERTEX
8
L0D0
10
1198.5
20
2.25
0
VERTEX
8
L0D0
10
1200
20
2.25
0
VERTEX
8
L0D0
10
1200
20
230
0
VERTEX
8
L0D0
10
1204.5
20
230
0
VERTEX
8
L0D0
10
1204.5
20
2.25
0
VERTEX
8
L0D0
10
1206
20
2.25
0
VERTEX
8
L0D0
10
1206
20
230
0
VERTEX
8
L0D0
10
1210.5
20
230
0
VERTEX
8
L0D0
10
1210.5
20
2.25
0
VERTEX
8
L0D0
10
1212
20
2.25
0
VERTEX
8
L0D0
10
1212
20
230
0
VERTEX
8
L0D0
10
1216.5
20
230
0
VERTEX
8
L0D0
10
1216.5
20
2.25
0
VERTEX
8
L0D0
10
1218
20
2.25
0
VERTEX
8
L0D0
10
1218
20
230
0
VERTEX
8
L0D0
10
1222.5
20
230
0
VERTEX
8
L0D0
10
1222.5
20
2.25
0
VERTEX
8
L0D0
10
1224
20
2.25
0
VERTEX
8
L0D0
10
1224
20
230
0
VERTEX
8
L0D0
10
1227
20
230
0
VERTEX
8
L0D0
10
1227
20
232.5
0
VERTEX
8
L0D0
10
1692
20
232.5
0
VERTEX
8
L0D0
10
1692
20
-232.5
0
VERTEX
8
L0D0
10
1227
20
-232.5
0
VERTEX
8
L0D0
10
1227
20
-230
0
VERTEX
8
L0D0
10
1224
20
-230
0
VERTEX
8
L0D0
10
1224
20
-2.25
0
VERTEX
8
L0D0
10
1222.5
20
-2.25
0
VERTEX
8
L0D0
10
1222.5
20
-230
0
VERTEX
8
L0D0
10
1218
20
-230
0
VERTEX
8
L0D0
10
1218
20
-2.25
0
VERTEX
8
L0D0
10
1216.5
20
-2.25
0
VERTEX
8
L0D0
10
1216.5
20
-230
0
VERTEX
8
L0D0
10
1212
20
-230
0
VERTEX
8
L0D0
10
1212
20
-2.25
0
VERTEX
8
L0D0
10
1210.5
20
-2.25
0
VERTEX
8
L0D0
10
1210.5
20
-230
0
VERTEX
8
L0D0
10
1206
20
-230
0
VERTEX
8
L0D0
10
1206
20
-2.25
0
VERTEX
8
L0D0
10
1204.5
20
-2.25
0
VERTEX
8
L0D0
10
1204.5
20
-230
0
VERTEX
8
L0D0
10
1200
20
-230
0
VERTEX
8
L0D0
10
1200
20
-2.25
0
VERTEX
8
L0D0
10
1198.5
20
-2.25
0
VERTEX
8
L0D0
10
1198.5
20
-230
0
VERTEX
8
L0D0
10
1194
20
-230
0
VERTEX
8
L0D0
10
1194
20
-2.25
0
VERTEX
8
L0D0
10
1192.5
20
-2.25
0
VERTEX
8
L0D0
10
1192.5
20
-230
0
VERTEX
8
L0D0
10
1188
20
-230
0
VERTEX
8
L0D0
10
1188
20
-2.25
0
VERTEX
8
L0D0
10
1186.5
20
-2.25
0
VERTEX
8
L0D0
10
1186.5
20
-230
0
VERTEX
8
L0D0
10
1182
20
-230
0
VERTEX
8
L0D0
10
1182
20
-2.25
0
VERTEX
8
L0D0
10
1180.5
20
-2.25
0
VERTEX
8
L0D0
10
1180.5
20
-230
0
VERTEX
8
L0D0
10
1176
20
-230
0
VERTEX
8
L0D0
10
1176
20
-2.25
0
VERTEX
8
L0D0
10
1174.5
20
-2.25
0
VERTEX
8
L0D0
10
1174.5
20
-230
0
VERTEX
8
L0D0
10
1170
20
-230
0
VERTEX
8
L0D0
10
1170
20
-2.25
0
VERTEX
8
L0D0
10
1168.5
20
-2.25
0
VERTEX
8
L0D0
10
1168.5
20
-230
0
VERTEX
8
L0D0
10
1164
20
-230
0
VERTEX
8
L0D0
10
1164
20
-2.25
0
VERTEX
8
L0D0
10
1162.5
20
-2.25
0
VERTEX
8
L0D0
10
1162.5
20
-230
0
VERTEX
8
L0D0
10
1158
20
-230
0
VERTEX
8
L0D0
10
1158
20
-2.25
0
VERTEX
8
L0D0
10
1156.5
20
-2.25
0
VERTEX
8
L0D0
10
1156.5
20
-230
0
VERTEX
8
L0D0
10
1152
20
-230
0
VERTEX
8
L0D0
10
1152
20
-2.25
0
VERTEX
8
L0D0
10
1150.5
20
-2.25
0
VERTEX
8
L0D0
10
1150.5
20
-230
0
VERTEX
8
L0D0
10
1146
20
-230
0
VERTEX
8
L0D0
10
1146
20
-2.25
0
VERTEX
8
L0D0
10
1144.5
20
-2.25
0
VERTEX
8
L0D0
10
1144.5
20
-230
0
VERTEX
8
L0D0
10
1140
20
-230
0
VERTEX
8
L0D0
10
1140
20
-2.25
0
VERTEX
8
L0D0
10
1138.5
20
-2.25
0
VERTEX
8
L0D0
10
1138.5
20
-230
0
VERTEX
8
L0D0
10
1134
20
-230
0
VERTEX
8
L0D0
10
1134
20
-2.25
0
VERTEX
8
L0D0
10
1132.5
20
-2.25
0
VERTEX
8
L0D0
10
1132.5
20
-230
0
VERTEX
8
L0D0
10
1128
20
-230
0
VERTEX
8
L0D0
10
1128
20
-2.25
0
VERTEX
8
L0D0
10
1126.5
20
-2.25
0
VERTEX
8
L0D0
10
1126.5
20
-230
0
VERTEX
8
L0D0
10
1122
20
-230
0
VERTEX
8
L0D0
10
1122
20
-2.25
0
VERTEX
8
L0D0
10
1120.5
20
-2.25
0
VERTEX
8
L0D0
10
1120.5
20
-230
0
VERTEX
8
L0D0
10
1116
20
-230
0
VERTEX
8
L0D0
10
1116
20
-2.25
0
VERTEX
8
L0D0
10
1114.5
20
-2.25
0
VERTEX
8
L0D0
10
1114.5
20
-230
0
VERTEX
8
L0D0
10
1110
20
-230
0
VERTEX
8
L0D0
10
1110
20
-2.25
0
VERTEX
8
L0D0
10
1108.5
20
-2.25
0
VERTEX
8
L0D0
10
1108.5
20
-230
0
VERTEX
8
L0D0
10
1104
20
-230
0
VERTEX
8
L0D0
10
1104
20
-2.25
0
VERTEX
8
L0D0
10
1102.5
20
-2.25
0
VERTEX
8
L0D0
10
1102.5
20
-230
0
VERTEX
8
L0D0
10
1098
20
-230
0
VERTEX
8
L0D0
10
1098
20
-2.25
0
VERTEX
8
L0D0
10
1096.5
20
-2.25
0
VERTEX
8
L0D0
10
1096.5
20
-230
0
VERTEX
8
L0D0
10
1092
20
-230
0
VERTEX
8
L0D0
10
1092
20
-2.25
0
VERTEX
8
L0D0
10
1090.5
20
-2.25
0
VERTEX
8
L0D0
10
1090.5
20
-230
0
VERTEX
8
L0D0
10
1086
20
-230
0
VERTEX
8
L0D0
10
1086
20
-2.25
0
VERTEX
8
L0D0
10
1084.5
20
-2.25
0
VERTEX
8
L0D0
10
1084.5
20
-230
0
VERTEX
8
L0D0
10
1080
20
-230
0
VERTEX
8
L0D0
10
1080
20
-2.25
0
VERTEX
8
L0D0
10
1078.5
20
-2.25
0
VERTEX
8
L0D0
10
1078.5
20
-230
0
VERTEX
8
L0D0
10
1074
20
-230
0
VERTEX
8
L0D0
10
1074
20
-2.25
0
VERTEX
8
L0D0
10
1072.5
20
-2.25
0
VERTEX
8
L0D0
10
1072.5
20
-230
0
VERTEX
8
L0D0
10
1068
20
-230
0
VERTEX
8
L0D0
10
1068
20
-2.25
0
VERTEX
8
L0D0
10
1066.5
20
-2.25
0
VERTEX
8
L0D0
10
1066.5
20
-230
0
VERTEX
8
L0D0
10
1062
20
-230
0
VERTEX
8
L0D0
10
1062
20
-2.25
0
VERTEX
8
L0D0
10
1060.5
20
-2.25
0
VERTEX
8
L0D0
10
1060.5
20
-230
0
VERTEX
8
L0D0
10
1056
20
-230
0
VERTEX
8
L0D0
10
1056
20
-2.25
0
VERTEX
8
L0D0
10
1054.5
20
-2.25
0
VERTEX
8
L0D0
10
1054.5
20
-230
0
VERTEX
8
L0D0
10
1050
20
-230
0
VERTEX
8
L0D0
10
1050
20
-2.25
0
VERTEX
8
L0D0
10
1048.5
20
-2.25
0
VERTEX
8
L0D0
10
1048.5
20
-230
0
VERTEX
8
L0D0
10
1044
20
-230
0
VERTEX
8
L0D0
10
1044
20
-2.25
0
VERTEX
8
L0D0
10
1042.5
20
-2.25
0
VERTEX
8
L0D0
10
1042.5
20
-230
0
VERTEX
8
L0D0
10
1038
20
-230
0
VERTEX
8
L0D0
10
1038
20
-2.25
0
VERTEX
8
L0D0
10
1036.5
20
-2.25
0
VERTEX
8
L0D0
10
1036.5
20
-230
0
VERTEX
8
L0D0
10
1032
20
-230
0
VERTEX
8
L0D0
10
1032
20
-2.25
0
VERTEX
8
L0D0
10
1030.5
20
-2.25
0
VERTEX
8
L0D0
10
1030.5
20
-230
0
VERTEX
8
L0D0
10
1026
20
-230
0
VERTEX
8
L0D0
10
1026
20
-2.25
0
VERTEX
8
L0D0
10
1024.5
20
-2.25
0
VERTEX
8
L0D0
10
1024.5
20
-230
0
VERTEX
8
L0D0
10
1020
20
-230
0
VERTEX
8
L0D0
10
1020
20
-2.25
0
VERTEX
8
L0D0
10
1018.5
20
-2.25
0
VERTEX
8
L0D0
10
1018.5
20
-230
0
VERTEX
8
L0D0
10
1014
20
-230
0
VERTEX
8
L0D0
10
1014
20
-2.25
0
VERTEX
8
L0D0
10
1012.5
20
-2.25
0
VERTEX
8
L0D0
10
1012.5
20
-230
0
VERTEX
8
L0D0
10
1008
20
-230
0
VERTEX
8
L0D0
10
1008
20
-2.25
0
VERTEX
8
L0D0
10
1006.5
20
-2.25
0
VERTEX
8
L0D0
10
1006.5
20
-230
0
VERTEX
8
L0D0
10
1002
20
-230
0
VERTEX
8
L0D0
10
1002
20
-2.25
0
VERTEX
8
L0D0
10
1000.5
20
-2.25
0
VERTEX
8
L0D0
10
1000.5
20
-230
0
VERTEX
8
L0D0
10
996
20
-230
0
VERTEX
8
L0D0
10
996
20
-2.25
0
VERTEX
8
L0D0
10
994.5
20
-2.25
0
VERTEX
8
L0D0
10
994.5
20
-230
0
VERTEX
8
L0D0
10
990
20
-230
0
VERTEX
8
L0D0
10
990
20
-2.25
0
VERTEX
8
L0D0
10
988.5
20
-2.25
0
VERTEX
8
L0D0
10
988.5
20
-230
0
VERTEX
8
L0D0
10
984
20
-230
0
VERTEX
8
L0D0
10
984
20
-2.25
0
VERTEX
8
L0D0
10
982.5
20
-2.25
0
VERTEX
8
L0D0
10
982.5
20
-230
0
VERTEX
8
L0D0
10
978
20
-230
0
VERTEX
8
L0D0
10
978
20
-231.5
0
VERTEX
8
L0D0
10
729
20
-231.5
0
VERTEX
8
L0D0
10
729
20
-230
0
VERTEX
8
L0D0
10
726
20
-230
0
VERTEX
8
L0D0
10
726
20
-2.25
0
VERTEX
8
L0D0
10
724.5
20
-2.25
0
VERTEX
8
L0D0
10
724.5
20
-230
0
VERTEX
8
L0D0
10
720
20
-230
0
VERTEX
8
L0D0
10
720
20
-2.25
0
VERTEX
8
L0D0
10
718.5
20
-2.25
0
VERTEX
8
L0D0
10
718.5
20
-230
0
VERTEX
8
L0D0
10
714
20
-230
0
VERTEX
8
L0D0
10
714
20
-2.25
0
VERTEX
8
L0D0
10
712.5
20
-2.25
0
VERTEX
8
L0D0
10
712.5
20
-230
0
VERTEX
8
L0D0
10
708
20
-230
0
VERTEX
8
L0D0
10
708
20
-2.25
0
VERTEX
8
L0D0
10
706.5
20
-2.25
0
VERTEX
8
L0D0
10
706.5
20
-230
0
VERTEX
8
L0D0
10
702
20
-230
0
VERTEX
8
L0D0
10
702
20
-2.25
0
VERTEX
8
L0D0
10
700.5
20
-2.25
0
VERTEX
8
L0D0
10
700.5
20
-230
0
VERTEX
8
L0D0
10
696
20
-230
0
VERTEX
8
L0D0
10
696
20
-2.25
0
VERTEX
8
L0D0
10
694.5
20
-2.25
0
VERTEX
8
L0D0
10
694.5
20
-230
0
VERTEX
8
L0D0
10
690
20
-230
0
VERTEX
8
L0D0
10
690
20
-2.25
0
VERTEX
8
L0D0
10
688.5
20
-2.25
0
VERTEX
8
L0D0
10
688.5
20
-230
0
VERTEX
8
L0D0
10
684
20
-230
0
VERTEX
8
L0D0
10
684
20
-2.25
0
VERTEX
8
L0D0
10
682.5
20
-2.25
0
VERTEX
8
L0D0
10
682.5
20
-230
0
VERTEX
8
L0D0
10
678
20
-230
0
VERTEX
8
L0D0
10
678
20
-2.25
0
VERTEX
8
L0D0
10
676.5
20
-2.25
0
VERTEX
8
L0D0
10
676.5
20
-230
0
VERTEX
8
L0D0
10
672
20
-230
0
VERTEX
8
L0D0
10
672
20
-2.25
0
VERTEX
8
L0D0
10
670.5
20
-2.25
0
VERTEX
8
L0D0
10
670.5
20
-230
0
VERTEX
8
L0D0
10
666
20
-230
0
VERTEX
8
L0D0
10
666
20
-2.25
0
VERTEX
8
L0D0
10
664.5
20
-2.25
0
VERTEX
8
L0D0
10
664.5
20
-230
0
VERTEX
8
L0D0
10
660
20
-230
0
VERTEX
8
L0D0
10
660
20
-2.25
0
VERTEX
8
L0D0
10
658.5
20
-2.25
0
VERTEX
8
L0D0
10
658.5
20
-230
0
VERTEX
8
L0D0
10
654
20
-230
0
VERTEX
8
L0D0
10
654
20
-2.25
0
VERTEX
8
L0D0
10
652.5
20
-2.25
0
VERTEX
8
L0D0
10
652.5
20
-230
0
VERTEX
8
L0D0
10
648
20
-230
0
VERTEX
8
L0D0
10
648
20
-2.25
0
VERTEX
8
L0D0
10
646.5
20
-2.25
0
VERTEX
8
L0D0
10
646.5
20
-230
0
VERTEX
8
L0D0
10
642
20
-230
0
VERTEX
8
L0D0
10
642
20
-2.25
0
VERTEX
8
L0D0
10
640.5
20
-2.25
0
VERTEX
8
L0D0
10
640.5
20
-230
0
VERTEX
8
L0D0
10
636
20
-230
0
VERTEX
8
L0D0
10
636
20
-2.25
0
VERTEX
8
L0D0
10
634.5
20
-2.25
0
VERTEX
8
L0D0
10
634.5
20
-230
0
VERTEX
8
L0D0
10
630
20
-230
0
VERTEX
8
L0D0
10
630
20
-2.25
0
VERTEX
8
L0D0
10
628.5
20
-2.25
0
VERTEX
8
L0D0
10
628.5
20
-230
0
VERTEX
8
L0D0
10
624
20
-230
0
VERTEX
8
L0D0
10
624
20
-2.25
0
VERTEX
8
L0D0
10
622.5
20
-2.25
0
VERTEX
8
L0D0
10
622.5
20
-230
0
VERTEX
8
L0D0
10
618
20
-230
0
VERTEX
8
L0D0
10
618
20
-2.25
0
VERTEX
8
L0D0
10
616.5
20
-2.25
0
VERTEX
8
L0D0
10
616.5
20
-230
0
VERTEX
8
L0D0
10
612
20
-230
0
VERTEX
8
L0D0
10
612
20
-2.25
0
VERTEX
8
L0D0
10
610.5
20
-2.25
0
VERTEX
8
L0D0
10
610.5
20
-230
0
VERTEX
8
L0D0
10
606
20
-230
0
VERTEX
8
L0D0
10
606
20
-2.25
0
VERTEX
8
L0D0
10
604.5
20
-2.25
0
VERTEX
8
L0D0
10
604.5
20
-230
0
VERTEX
8
L0D0
10
600
20
-230
0
VERTEX
8
L0D0
10
600
20
-2.25
0
VERTEX
8
L0D0
10
598.5
20
-2.25
0
VERTEX
8
L0D0
10
598.5
20
-230
0
VERTEX
8
L0D0
10
594
20
-230
0
VERTEX
8
L0D0
10
594
20
-2.25
0
VERTEX
8
L0D0
10
592.5
20
-2.25
0
VERTEX
8
L0D0
10
592.5
20
-230
0
VERTEX
8
L0D0
10
588
20
-230
0
VERTEX
8
L0D0
10
588
20
-2.25
0
VERTEX
8
L0D0
10
586.5
20
-2.25
0
VERTEX
8
L0D0
10
586.5
20
-230
0
VERTEX
8
L0D0
10
582
20
-230
0
VERTEX
8
L0D0
10
582
20
-2.25
0
VERTEX
8
L0D0
10
580.5
20
-2.25
0
VERTEX
8
L0D0
10
580.5
20
-230
0
VERTEX
8
L0D0
10
576
20
-230
0
VERTEX
8
L0D0
10
576
20
-2.25
0
VERTEX
8
L0D0
10
574.5
20
-2.25
0
VERTEX
8
L0D0
10
574.5
20
-230
0
VERTEX
8
L0D0
10
570
20
-230
0
VERTEX
8
L0D0
10
570
20
-2.25
0
VERTEX
8
L0D0
10
568.5
20
-2.25
0
VERTEX
8
L0D0
10
568.5
20
-230
0
VERTEX
8
L0D0
10
564
20
-230
0
VERTEX
8
L0D0
10
564
20
-2.25
0
VERTEX
8
L0D0
10
562.5
20
-2.25
0
VERTEX
8
L0D0
10
562.5
20
-230
0
VERTEX
8
L0D0
10
558
20
-230
0
VERTEX
8
L0D0
10
558
20
-2.25
0
VERTEX
8
L0D0
10
556.5
20
-2.25
0
VERTEX
8
L0D0
10
556.5
20
-230
0
VERTEX
8
L0D0
10
552
20
-230
0
VERTEX
8
L0D0
10
552
20
-2.25
0
VERTEX
8
L0D0
10
550.5
20
-2.25
0
VERTEX
8
L0D0
10
550.5
20
-230
0
VERTEX
8
L0D0
10
546
20
-230
0
VERTEX
8
L0D0
10
546
20
-2.25
0
VERTEX
8
L0D0
10
544.5
20
-2.25
0
VERTEX
8
L0D0
10
544.5
20
-230
0
VERTEX
8
L0D0
10
540
20
-230
0
VERTEX
8
L0D0
10
540
20
-2.25
0
VERTEX
8
L0D0
10
538.5
20
-2.25
0
VERTEX
8
L0D0
10
538.5
20
-230
0
VERTEX
8
L0D0
10
534
20
-230
0
VERTEX
8
L0D0
10
534
20
-2.25
0
VERTEX
8
L0D0
10
532.5
20
-2.25
0
VERTEX
8
L0D0
10
532.5
20
-230
0
VERTEX
8
L0D0
10
528
20
-230
0
VERTEX
8
L0D0
10
528
20
-2.25
0
VERTEX
8
L0D0
10
526.5
20
-2.25
0
VERTEX
8
L0D0
10
526.5
20
-230
0
VERTEX
8
L0D0
10
522
20
-230
0
VERTEX
8
L0D0
10
522
20
-2.25
0
VERTEX
8
L0D0
10
520.5
20
-2.25
0
VERTEX
8
L0D0
10
520.5
20
-230
0
VERTEX
8
L0D0
10
516
20
-230
0
VERTEX
8
L0D0
10
516
20
-2.25
0
VERTEX
8
L0D0
10
514.5
20
-2.25
0
VERTEX
8
L0D0
10
514.5
20
-230
0
VERTEX
8
L0D0
10
510
20
-230
0
VERTEX
8
L0D0
10
510
20
-2.25
0
VERTEX
8
L0D0
10
508.5
20
-2.25
0
VERTEX
8
L0D0
10
508.5
20
-230
0
VERTEX
8
L0D0
10
504
20
-230
0
VERTEX
8
L0D0
10
504
20
-2.25
0
VERTEX
8
L0D0
10
502.5
20
-2.25
0
VERTEX
8
L0D0
10
502.5
20
-230
0
VERTEX
8
L0D0
10
498
20
-230
0
VERTEX
8
L0D0
10
498
20
-2.25
0
VERTEX
8
L0D0
10
496.5
20
-2.25
0
VERTEX
8
L0D0
10
496.5
20
-230
0
VERTEX
8
L0D0
10
492
20
-230
0
VERTEX
8
L0D0
10
492
20
-2.25
0
VERTEX
8
L0D0
10
490.5
20
-2.25
0
VERTEX
8
L0D0
10
490.5
20
-230
0
VERTEX
8
L0D0
10
486
20
-230
0
VERTEX
8
L0D0
10
486
20
-2.25
0
VERTEX
8
L0D0
10
484.5
20
-2.25
0
VERTEX
8
L0D0
10
484.5
20
-230
0
VERTEX
8
L0D0
10
480
20
-230
0
VERTEX
8
L0D0
10
480
20
-2.25
0
VERTEX
8
L0D0
10
478.5
20
-2.25
0
VERTEX
8
L0D0
10
478.5
20
-230
0
VERTEX
8
L0D0
10
474
20
-230
0
VERTEX
8
L0D0
10
474
20
-2.25
0
VERTEX
8
L0D0
10
472.5
20
-2.25
0
VERTEX
8
L0D0
10
472.5
20
-230
0
VERTEX
8
L0D0
10
468
20
-230
0
VERTEX
8
L0D0
10
468
20
-2.25
0
VERTEX
8
L0D0
10
466.5
20
-2.25
0
VERTEX
8
L0D0
10
466.5
20
-230
0
VERTEX
8
L0D0
10
462
20
-230
0
VERTEX
8
L0D0
10
462
20
-2.25
0
VERTEX
8
L0D0
10
460.5
20
-2.25
0
VERTEX
8
L0D0
10
460.5
20
-230
0
VERTEX
8
L0D0
10
456
20
-230
0
VERTEX
8
L0D0
10
456
20
-2.25
0
VERTEX
8
L0D0
10
454.5
20
-2.25
0
VERTEX
8
L0D0
10
454.5
20
-230
0
VERTEX
8
L0D0
10
450
20
-230
0
VERTEX
8
L0D0
10
450
20
-2.25
0
VERTEX
8
L0D0
10
448.5
20
-2.25
0
VERTEX
8
L0D0
10
448.5
20
-230
0
VERTEX
8
L0D0
10
444
20
-230
0
VERTEX
8
L0D0
10
444
20
-2.25
0
VERTEX
8
L0D0
10
442.5
20
-2.25
0
VERTEX
8
L0D0
10
442.5
20
-230
0
VERTEX
8
L0D0
10
438
20
-230
0
VERTEX
8
L0D0
10
438
20
-2.25
0
VERTEX
8
L0D0
10
436.5
20
-2.25
0
VERTEX
8
L0D0
10
436.5
20
-230
0
VERTEX
8
L0D0
10
432
20
-230
0
VERTEX
8
L0D0
10
432
20
-2.25
0
VERTEX
8
L0D0
10
430.5
20
-2.25
0
VERTEX
8
L0D0
10
430.5
20
-230
0
VERTEX
8
L0D0
10
426
20
-230
0
VERTEX
8
L0D0
10
426
20
-2.25
0
VERTEX
8
L0D0
10
424.5
20
-2.25
0
VERTEX
8
L0D0
10
424.5
20
-230
0
VERTEX
8
L0D0
10
420
20
-230
0
VERTEX
8
L0D0
10
420
20
-1.4
0
VERTEX
8
L0D0
10
178.977
20
-1.4
0
VERTEX
8
L0D0
10
180.028
20
-1.588
0
VERTEX
8
L0D0
10
181.999
20
-2.02
0
VERTEX
8
L0D0
10
183.952
20
-2.53
0
VERTEX
8
L0D0
10
185.883
20
-3.116
0
VERTEX
8
L0D0
10
187.79
20
-3.777
0
VERTEX
8
L0D0
10
189.67
20
-4.513
0
VERTEX
8
L0D0
10
191.519
20
-5.321
0
VERTEX
8
L0D0
10
193.335
20
-6.202
0
VERTEX
8
L0D0
10
195.115
20
-7.154
0
VERTEX
8
L0D0
10
196.856
20
-8.174
0
VERTEX
8
L0D0
10
198.556
20
-9.262
0
VERTEX
8
L0D0
10
200.212
20
-10.417
0
VERTEX
8
L0D0
10
201.821
20
-11.635
0
VERTEX
8
L0D0
10
203.382
20
-12.915
0
VERTEX
8
L0D0
10
204.89
20
-14.256
0
VERTEX
8
L0D0
10
206.345
20
-15.655
0
VERTEX
8
L0D0
10
207.744
20
-17.11
0
VERTEX
8
L0D0
10
209.085
20
-18.618
0
VERTEX
8
L0D0
10
210.365
20
-20.179
0
VERTEX
8
L0D0
10
211.583
20
-21.788
0
VERTEX
8
L0D0
10
212.738
20
-23.444
0
VERTEX
8
L0D0
10
213.826
20
-25.144
0
VERTEX
8
L0D0
10
214.846
20
-26.885
0
VERTEX
8
L0D0
10
215.798
20
-28.665
0
VERTEX
8
L0D0
10
216.679
20
-30.481
0
VERTEX
8
L0D0
10
217.487
20
-32.33
0
VERTEX
8
L0D0
10
218.223
20
-34.21
0
VERTEX
8
L0D0
10
218.884
20
-36.117
0
VERTEX
8
L0D0
10
219.47
20
-38.048
0
VERTEX
8
L0D0
10
219.98
20
-40.001
0
VERTEX
8
L0D0
10
220.412
20
-41.972
0
VERTEX
8
L0D0
10
220.767
20
-43.959
0
VERTEX
8
L0D0
10
221.044
20
-45.959
0
VERTEX
8
L0D0
10
221.242
20
-47.967
0
VERTEX
8
L0D0
10
221.36
20
-49.982
0
VERTEX
8
L0D0
10
221.4
20
-52
0
VERTEX
8
L0D0
10
221.4
20
-402
0
VERTEX
8
L0D0
10
450
20
-402
0
VERTEX
8
L0D0
10
450
20
-406.5
0
VERTEX
8
L0D0
10
222.25
20
-406.5
0
VERTEX
8
L0D0
10
222.25
20
-408
0
VERTEX
8
L0D0
10
450
20
-408
0
VERTEX
8
L0D0
10
450
20
-412.5
0
VERTEX
8
L0D0
10
222.25
20
-412.5
0
VERTEX
8
L0D0
10
222.25
20
-414
0
VERTEX
8
L0D0
10
450
20
-414
0
VERTEX
8
L0D0
10
450
20
-418.5
0
VERTEX
8
L0D0
10
222.25
20
-418.5
0
VERTEX
8
L0D0
10
222.25
20
-420
0
VERTEX
8
L0D0
10
450
20
-420
0
VERTEX
8
L0D0
10
450
20
-424.5
0
VERTEX
8
L0D0
10
222.25
20
-424.5
0
VERTEX
8
L0D0
10
222.25
20
-426
0
VERTEX
8
L0D0
10
450
20
-426
0
VERTEX
8
L0D0
10
450
20
-430.5
0
VERTEX
8
L0D0
10
222.25
20
-430.5
0
VERTEX
8
L0D0
10
222.25
20
-432
0
VERTEX
8
L0D0
10
450
20
-432
0
VERTEX
8
L0D0
10
450
20
-436.5
0
VERTEX
8
L0D0
10
222.25
20
-436.5
0
VERTEX
8
L0D0
10
222.25
20
-438
0
VERTEX
8
L0D0
10
450
20
-438
0
VERTEX
8
L0D0
10
450
20
-442.5
0
VERTEX
8
L0D0
10
222.25
20
-442.5
0
VERTEX
8
L0D0
10
222.25
20
-444
0
VERTEX
8
L0D0
10
450
20
-444
0
VERTEX
8
L0D0
10
450
20
-448.5
0
VERTEX
8
L0D0
10
222.25
20
-448.5
0
VERTEX
8
L0D0
10
222.25
20
-450
0
VERTEX
8
L0D0
10
450
20
-450
0
VERTEX
8
L0D0
10
450
20
-454.5
0
VERTEX
8
L0D0
10
222.25
20
-454.5
0
VERTEX
8
L0D0
10
222.25
20
-456
0
VERTEX
8
L0D0
10
450
20
-456
0
VERTEX
8
L0D0
10
450
20
-460.5
0
VERTEX
8
L0D0
10
222.25
20
-460.5
0
VERTEX
8
L0D0
10
222.25
20
-462
0
VERTEX
8
L0D0
10
450
20
-462
0
VERTEX
8
L0D0
10
450
20
-466.5
0
VERTEX
8
L0D0
10
222.25
20
-466.5
0
VERTEX
8
L0D0
10
222.25
20
-468
0
VERTEX
8
L0D0
10
450
20
-468
0
VERTEX
8
L0D0
10
450
20
-472.5
0
VERTEX
8
L0D0
10
222.25
20
-472.5
0
VERTEX
8
L0D0
10
222.25
20
-474
0
VERTEX
8
L0D0
10
450
20
-474
0
VERTEX
8
L0D0
10
450
20
-478.5
0
VERTEX
8
L0D0
10
222.25
20
-478.5
0
VERTEX
8
L0D0
10
222.25
20
-480
0
VERTEX
8
L0D0
10
450
20
-480
0
VERTEX
8
L0D0
10
450
20
-484.5
0
VERTEX
8
L0D0
10
222.25
20
-484.5
0
VERTEX
8
L0D0
10
222.25
20
-486
0
VERTEX
8
L0D0
10
450
20
-486
0
VERTEX
8
L0D0
10
450
20
-490.5
0
VERTEX
8
L0D0
10
222.25
20
-490.5
0
VERTEX
8
L0D0
10
222.25
20
-492
0
VERTEX
8
L0D0
10
450
20
-492
0
VERTEX
8
L0D0
10
450
20
-496.5
0
VERTEX
8
L0D0
10
222.25
20
-496.5
0
VERTEX
8
L0D0
10
222.25
20
-498
0
VERTEX
8
L0D0
10
450
20
-498
0
VERTEX
8
L0D0
10
450
20
-502.5
0
VERTEX
8
L0D0
10
222.25
20
-502.5
0
VERTEX
8
L0D0
10
222.25
20
-504
0
VERTEX
8
L0D0
10
450
20
-504
0
VERTEX
8
L0D0
10
450
20
-508.5
0
VERTEX
8
L0D0
10
222.25
20
-508.5
0
VERTEX
8
L0D0
10
222.25
20
-510
0
VERTEX
8
L0D0
10
450
20
-510
0
VERTEX
8
L0D0
10
450
20
-514.5
0
VERTEX
8
L0D0
10
222.25
20
-514.5
0
VERTEX
8
L0D0
10
222.25
20
-516
0
VERTEX
8
L0D0
10
450
20
-516
0
VERTEX
8
L0D0
10
450
20
-520.5
0
VERTEX
8
L0D0
10
222.25
20
-520.5
0
VERTEX
8
L0D0
10
222.25
20
-522
0
VERTEX
8
L0D0
10
450
20
-522
0
VERTEX
8
L0D0
10
450
20
-526.5
0
VERTEX
8
L0D0
10
222.25
20
-526.5
0
VERTEX
8
L0D0
10
222.25
20
-528
0
VERTEX
8
L0D0
10
450
20
-528
0
VERTEX
8
L0D0
10
450
20
-532.5
0
VERTEX
8
L0D0
10
222.25
20
-532.5
0
VERTEX
8
L0D0
10
222.25
20
-534
0
VERTEX
8
L0D0
10
450
20
-534
0
VERTEX
8
L0D0
10
450
20
-538.5
0
VERTEX
8
L0D0
10
222.25
20
-538.5
0
VERTEX
8
L0D0
10
222.25
20
-540
0
VERTEX
8
L0D0
10
450
20
-540
0
VERTEX
8
L0D0
10
450
20
-544.5
0
VERTEX
8
L0D0
10
222.25
20
-544.5
0
VERTEX
8
L0D0
10
222.25
20
-546
0
VERTEX
8
L0D0
10
450
20
-546
0
VERTEX
8
L0D0
10
450
20
-550.5
0
VERTEX
8
L0D0
10
222.25
20
-550.5
0
VERTEX
8
L0D0
10
222.25
20
-552
0
VERTEX
8
L0D0
10
450
20
-552
0
VERTEX
8
L0D0
10
450
20
-556.5
0
VERTEX
8
L0D0
10
222.25
20
-556.5
0
VERTEX
8
L0D0
10
222.25
20
-558
0
VERTEX
8
L0D0
10
450
20
-558
0
VERTEX
8
L0D0
10
450
20
-562.5
0
VERTEX
8
L0D0
10
222.25
20
-562.5
0
VERTEX
8
L0D0
10
222.25
20
-564
0
VERTEX
8
L0D0
10
450
20
-564
0
VERTEX
8
L0D0
10
450
20
-568.5
0
VERTEX
8
L0D0
10
222.25
20
-568.5
0
VERTEX
8
L0D0
10
222.25
20
-570
0
VERTEX
8
L0D0
10
450
20
-570
0
VERTEX
8
L0D0
10
450
20
-574.5
0
VERTEX
8
L0D0
10
222.25
20
-574.5
0
VERTEX
8
L0D0
10
222.25
20
-576
0
VERTEX
8
L0D0
10
450
20
-576
0
VERTEX
8
L0D0
10
450
20
-580.5
0
VERTEX
8
L0D0
10
222.25
20
-580.5
0
VERTEX
8
L0D0
10
222.25
20
-582
0
VERTEX
8
L0D0
10
450
20
-582
0
VERTEX
8
L0D0
10
450
20
-586.5
0
VERTEX
8
L0D0
10
222.25
20
-586.5
0
VERTEX
8
L0D0
10
222.25
20
-588
0
VERTEX
8
L0D0
10
450
20
-588
0
VERTEX
8
L0D0
10
450
20
-592.5
0
VERTEX
8
L0D0
10
222.25
20
-592.5
0
VERTEX
8
L0D0
10
222.25
20
-594
0
VERTEX
8
L0D0
10
450
20
-594
0
VERTEX
8
L0D0
10
450
20
-598.5
0
VERTEX
8
L0D0
10
222.25
20
-598.5
0
VERTEX
8
L0D0
10
222.25
20
-600
0
VERTEX
8
L0D0
10
450
20
-600
0
VERTEX
8
L0D0
10
450
20
-604.5
0
VERTEX
8
L0D0
10
222.25
20
-604.5
0
VERTEX
8
L0D0
10
222.25
20
-606
0
VERTEX
8
L0D0
10
450
20
-606
0
VERTEX
8
L0D0
10
450
20
-610.5
0
VERTEX
8
L0D0
10
222.25
20
-610.5
0
VERTEX
8
L0D0
10
222.25
20
-612
0
VERTEX
8
L0D0
10
450
20
-612
0
VERTEX
8
L0D0
10
450
20
-616.5
0
VERTEX
8
L0D0
10
222.25
20
-616.5
0
VERTEX
8
L0D0
10
222.25
20
-618
0
VERTEX
8
L0D0
10
450
20
-618
0
VERTEX
8
L0D0
10
450
20
-622.5
0
VERTEX
8
L0D0
10
222.25
20
-622.5
0
VERTEX
8
L0D0
10
222.25
20
-624
0
VERTEX
8
L0D0
10
450
20
-624
0
VERTEX
8
L0D0
10
450
20
-628.5
0
VERTEX
8
L0D0
10
222.25
20
-628.5
0
VERTEX
8
L0D0
10
222.25
20
-630
0
VERTEX
8
L0D0
10
450
20
-630
0
VERTEX
8
L0D0
10
450
20
-634.5
0
VERTEX
8
L0D0
10
222.25
20
-634.5
0
VERTEX
8
L0D0
10
222.25
20
-636
0
VERTEX
8
L0D0
10
450
20
-636
0
VERTEX
8
L0D0
10
450
20
-640.5
0
VERTEX
8
L0D0
10
222.25
20
-640.5
0
VERTEX
8
L0D0
10
222.25
20
-642
0
VERTEX
8
L0D0
10
450
20
-642
0
VERTEX
8
L0D0
10
450
20
-646.5
0
VERTEX
8
L0D0
10
222.25
20
-646.5
0
VERTEX
8
L0D0
10
222.25
20
-648
0
VERTEX
8
L0D0
10
450
20
-648
0
VERTEX
8
L0D0
10
450
20
-652.5
0
VERTEX
8
L0D0
10
222.25
20
-652.5
0
VERTEX
8
L0D0
10
222.25
20
-654
0
VERTEX
8
L0D0
10
450
20
-654
0
VERTEX
8
L0D0
10
450
20
-658.5
0
VERTEX
8
L0D0
10
222.25
20
-658.5
0
VERTEX
8
L0D0
10
222.25
20
-660
0
VERTEX
8
L0D0
10
450
20
-660
0
VERTEX
8
L0D0
10
450
20
-664.5
0
VERTEX
8
L0D0
10
222.25
20
-664.5
0
VERTEX
8
L0D0
10
222.25
20
-666
0
VERTEX
8
L0D0
10
450
20
-666
0
VERTEX
8
L0D0
10
450
20
-670.5
0
VERTEX
8
L0D0
10
222.25
20
-670.5
0
VERTEX
8
L0D0
10
222.25
20
-672
0
VERTEX
8
L0D0
10
450
20
-672
0
VERTEX
8
L0D0
10
450
20
-676.5
0
VERTEX
8
L0D0
10
222.25
20
-676.5
0
VERTEX
8
L0D0
10
222.25
20
-678
0
VERTEX
8
L0D0
10
450
20
-678
0
VERTEX
8
L0D0
10
450
20
-682.5
0
VERTEX
8
L0D0
10
222.25
20
-682.5
0
VERTEX
8
L0D0
10
222.25
20
-684
0
VERTEX
8
L0D0
10
450
20
-684
0
VERTEX
8
L0D0
10
450
20
-688.5
0
VERTEX
8
L0D0
10
222.25
20
-688.5
0
VERTEX
8
L0D0
10
222.25
20
-690
0
VERTEX
8
L0D0
10
450
20
-690
0
VERTEX
8
L0D0
10
450
20
-694.5
0
VERTEX
8
L0D0
10
222.25
20
-694.5
0
VERTEX
8
L0D0
10
222.25
20
-696
0
VERTEX
8
L0D0
10
450
20
-696
0
VERTEX
8
L0D0
10
450
20
-700.5
0
VERTEX
8
L0D0
10
222.25
20
-700.5
0
VERTEX
8
L0D0
10
222.25
20
-702
0
VERTEX
8
L0D0
10
450
20
-702
0
VERTEX
8
L0D0
10
450
20
-706.5
0
VERTEX
8
L0D0
10
222.25
20
-706.5
0
VERTEX
8
L0D0
10
222.25
20
-708
0
VERTEX
8
L0D0
10
450
20
-708
0
VERTEX
8
L0D0
10
450
20
-711
0
VERTEX
8
L0D0
10
451.5
20
-711
0
VERTEX
8
L0D0
10
451.5
20
-960
0
VERTEX
8
L0D0
10
450
20
-960
0
VERTEX
8
L0D0
10
450
20
-964.5
0
VERTEX
8
L0D0
10
222.25
20
-964.5
0
VERTEX
8
L0D0
10
222.25
20
-966
0
VERTEX
8
L0D0
10
450
20
-966
0
VERTEX
8
L0D0
10
450
20
-970.5
0
VERTEX
8
L0D0
10
222.25
20
-970.5
0
VERTEX
8
L0D0
10
222.25
20
-972
0
VERTEX
8
L0D0
10
450
20
-972
0
VERTEX
8
L0D0
10
450
20
-976.5
0
VERTEX
8
L0D0
10
222.25
20
-976.5
0
VERTEX
8
L0D0
10
222.25
20
-978
0
VERTEX
8
L0D0
10
450
20
-978
0
VERTEX
8
L0D0
10
450
20
-982.5
0
VERTEX
8
L0D0
10
222.25
20
-982.5
0
VERTEX
8
L0D0
10
222.25
20
-984
0
VERTEX
8
L0D0
10
450
20
-984
0
VERTEX
8
L0D0
10
450
20
-988.5
0
VERTEX
8
L0D0
10
222.25
20
-988.5
0
VERTEX
8
L0D0
10
222.25
20
-990
0
VERTEX
8
L0D0
10
450
20
-990
0
VERTEX
8
L0D0
10
450
20
-994.5
0
VERTEX
8
L0D0
10
222.25
20
-994.5
0
VERTEX
8
L0D0
10
222.25
20
-996
0
VERTEX
8
L0D0
10
450
20
-996
0
VERTEX
8
L0D0
10
450
20
-1000.5
0
VERTEX
8
L0D0
10
222.25
20
-1000.5
0
VERTEX
8
L0D0
10
222.25
20
-1002
0
VERTEX
8
L0D0
10
450
20
-1002
0
VERTEX
8
L0D0
10
450
20
-1006.5
0
VERTEX
8
L0D0
10
222.25
20
-1006.5
0
VERTEX
8
L0D0
10
222.25
20
-1008
0
VERTEX
8
L0D0
10
450
20
-1008
0
VERTEX
8
L0D0
10
450
20
-1012.5
0
VERTEX
8
L0D0
10
222.25
20
-1012.5
0
VERTEX
8
L0D0
10
222.25
20
-1014
0
VERTEX
8
L0D0
10
450
20
-1014
0
VERTEX
8
L0D0
10
450
20
-1018.5
0
VERTEX
8
L0D0
10
222.25
20
-1018.5
0
VERTEX
8
L0D0
10
222.25
20
-1020
0
VERTEX
8
L0D0
10
450
20
-1020
0
VERTEX
8
L0D0
10
450
20
-1024.5
0
VERTEX
8
L0D0
10
222.25
20
-1024.5
0
VERTEX
8
L0D0
10
222.25
20
-1026
0
VERTEX
8
L0D0
10
450
20
-1026
0
VERTEX
8
L0D0
10
450
20
-1030.5
0
VERTEX
8
L0D0
10
222.25
20
-1030.5
0
VERTEX
8
L0D0
10
222.25
20
-1032
0
VERTEX
8
L0D0
10
450
20
-1032
0
VERTEX
8
L0D0
10
450
20
-1036.5
0
VERTEX
8
L0D0
10
222.25
20
-1036.5
0
VERTEX
8
L0D0
10
222.25
20
-1038
0
VERTEX
8
L0D0
10
450
20
-1038
0
VERTEX
8
L0D0
10
450
20
-1042.5
0
VERTEX
8
L0D0
10
222.25
20
-1042.5
0
VERTEX
8
L0D0
10
222.25
20
-1044
0
VERTEX
8
L0D0
10
450
20
-1044
0
VERTEX
8
L0D0
10
450
20
-1048.5
0
VERTEX
8
L0D0
10
222.25
20
-1048.5
0
VERTEX
8
L0D0
10
222.25
20
-1050
0
VERTEX
8
L0D0
10
450
20
-1050
0
VERTEX
8
L0D0
10
450
20
-1054.5
0
VERTEX
8
L0D0
10
222.25
20
-1054.5
0
VERTEX
8
L0D0
10
222.25
20
-1056
0
VERTEX
8
L0D0
10
450
20
-1056
0
VERTEX
8
L0D0
10
450
20
-1060.5
0
VERTEX
8
L0D0
10
222.25
20
-1060.5
0
VERTEX
8
L0D0
10
222.25
20
-1062
0
VERTEX
8
L0D0
10
450
20
-1062
0
VERTEX
8
L0D0
10
450
20
-1066.5
0
VERTEX
8
L0D0
10
222.25
20
-1066.5
0
VERTEX
8
L0D0
10
222.25
20
-1068
0
VERTEX
8
L0D0
10
450
20
-1068
0
VERTEX
8
L0D0
10
450
20
-1072.5
0
VERTEX
8
L0D0
10
222.25
20
-1072.5
0
VERTEX
8
L0D0
10
222.25
20
-1074
0
VERTEX
8
L0D0
10
450
20
-1074
0
VERTEX
8
L0D0
10
450
20
-1078.5
0
VERTEX
8
L0D0
10
222.25
20
-1078.5
0
VERTEX
8
L0D0
10
222.25
20
-1080
0
VERTEX
8
L0D0
10
450
20
-1080
0
VERTEX
8
L0D0
10
450
20
-1084.5
0
VERTEX
8
L0D0
10
222.25
20
-1084.5
0
VERTEX
8
L0D0
10
222.25
20
-1086
0
VERTEX
8
L0D0
10
450
20
-1086
0
VERTEX
8
L0D0
10
450
20
-1090.5
0
VERTEX
8
L0D0
10
222.25
20
-1090.5
0
VERTEX
8
L0D0
10
222.25
20
-1092
0
VERTEX
8
L0D0
10
450
20
-1092
0
VERTEX
8
L0D0
10
450
20
-1096.5
0
VERTEX
8
L0D0
10
222.25
20
-1096.5
0
VERTEX
8
L0D0
10
222.25
20
-1098
0
VERTEX
8
L0D0
10
450
20
-1098
0
VERTEX
8
L0D0
10
450
20
-1102.5
0
VERTEX
8
L0D0
10
222.25
20
-1102.5
0
VERTEX
8
L0D0
10
222.25
20
-1104
0
VERTEX
8
L0D0
10
450
20
-1104
0
VERTEX
8
L0D0
10
450
20
-1108.5
0
VERTEX
8
L0D0
10
222.25
20
-1108.5
0
VERTEX
8
L0D0
10
222.25
20
-1110
0
VERTEX
8
L0D0
10
450
20
-1110
0
VERTEX
8
L0D0
10
450
20
-1114.5
0
VERTEX
8
L0D0
10
222.25
20
-1114.5
0
VERTEX
8
L0D0
10
222.25
20
-1116
0
VERTEX
8
L0D0
10
450
20
-1116
0
VERTEX
8
L0D0
10
450
20
-1120.5
0
VERTEX
8
L0D0
10
222.25
20
-1120.5
0
VERTEX
8
L0D0
10
222.25
20
-1122
0
VERTEX
8
L0D0
10
450
20
-1122
0
VERTEX
8
L0D0
10
450
20
-1126.5
0
VERTEX
8
L0D0
10
222.25
20
-1126.5
0
VERTEX
8
L0D0
10
222.25
20
-1128
0
VERTEX
8
L0D0
10
450
20
-1128
0
VERTEX
8
L0D0
10
450
20
-1132.5
0
VERTEX
8
L0D0
10
222.25
20
-1132.5
0
VERTEX
8
L0D0
10
222.25
20
-1134
0
VERTEX
8
L0D0
10
450
20
-1134
0
VERTEX
8
L0D0
10
450
20
-1138.5
0
VERTEX
8
L0D0
10
222.25
20
-1138.5
0
VERTEX
8
L0D0
10
222.25
20
-1140
0
VERTEX
8
L0D0
10
450
20
-1140
0
VERTEX
8
L0D0
10
450
20
-1144.5
0
VERTEX
8
L0D0
10
222.25
20
-1144.5
0
VERTEX
8
L0D0
10
222.25
20
-1146
0
VERTEX
8
L0D0
10
450
20
-1146
0
VERTEX
8
L0D0
10
450
20
-1150.5
0
VERTEX
8
L0D0
10
222.25
20
-1150.5
0
VERTEX
8
L0D0
10
222.25
20
-1152
0
VERTEX
8
L0D0
10
450
20
-1152
0
VERTEX
8
L0D0
10
450
20
-1156.5
0
VERTEX
8
L0D0
10
222.25
20
-1156.5
0
VERTEX
8
L0D0
10
222.25
20
-1158
0
VERTEX
8
L0D0
10
450
20
-1158
0
VERTEX
8
L0D0
10
450
20
-1162.5
0
VERTEX
8
L0D0
10
222.25
20
-1162.5
0
VERTEX
8
L0D0
10
222.25
20
-1164
0
VERTEX
8
L0D0
10
450
20
-1164
0
VERTEX
8
L0D0
10
450
20
-1168.5
0
VERTEX
8
L0D0
10
222.25
20
-1168.5
0
VERTEX
8
L0D0
10
222.25
20
-1170
0
VERTEX
8
L0D0
10
450
20
-1170
0
VERTEX
8
L0D0
10
450
20
-1174.5
0
VERTEX
8
L0D0
10
222.25
20
-1174.5
0
VERTEX
8
L0D0
10
222.25
20
-1176
0
VERTEX
8
L0D0
10
450
20
-1176
0
VERTEX
8
L0D0
10
450
20
-1180.5
0
VERTEX
8
L0D0
10
222.25
20
-1180.5
0
VERTEX
8
L0D0
10
222.25
20
-1182
0
VERTEX
8
L0D0
10
450
20
-1182
0
VERTEX
8
L0D0
10
450
20
-1186.5
0
VERTEX
8
L0D0
10
222.25
20
-1186.5
0
VERTEX
8
L0D0
10
222.25
20
-1188
0
VERTEX
8
L0D0
10
450
20
-1188
0
VERTEX
8
L0D0
10
450
20
-1192.5
0
VERTEX
8
L0D0
10
222.25
20
-1192.5
0
VERTEX
8
L0D0
10
222.25
20
-1194
0
VERTEX
8
L0D0
10
450
20
-1194
0
VERTEX
8
L0D0
10
450
20
-1198.5
0
VERTEX
8
L0D0
10
222.25
20
-1198.5
0
VERTEX
8
L0D0
10
222.25
20
-1200
0
VERTEX
8
L0D0
10
450
20
-1200
0
VERTEX
8
L0D0
10
450
20
-1204.5
0
VERTEX
8
L0D0
10
222.25
20
-1204.5
0
VERTEX
8
L0D0
10
222.25
20
-1206
0
VERTEX
8
L0D0
10
450
20
-1206
0
VERTEX
8
L0D0
10
450
20
-1209
0
VERTEX
8
L0D0
10
452.5
20
-1209
0
VERTEX
8
L0D0
10
452.5
20
-1674
0
SEQEND
0
POLYLINE
8
L0D0
70
1
40
0
41
0
66
1
0
VERTEX
8
L0D0
10
-1532.833
20
-1791
0
VERTEX
8
L0D0
10
-1536.731
20
-1790.96
0
VERTEX
8
L0D0
10
-1540.628
20
-1790.841
0
VERTEX
8
L0D0
10
-1544.521
20
-1790.642
0
VERTEX
8
L0D0
10
-1548.41
20
-1790.364
0
VERTEX
8
L0D0
10
-1552.292
20
-1790.006
0
VERTEX
8
L0D0
10
-1556.166
20
-1789.57
0
VERTEX
8
L0D0
10
-1560.03
20
-1789.054
0
VERTEX
8
L0D0
10
-1563.883
20
-1788.459
0
VERTEX
8
L0D0
10
-1567.722
20
-1787.786
0
VERTEX
8
L0D0
10
-1571.548
20
-1787.035
0
VERTEX
8
L0D0
10
-1575.357
20
-1786.206
0
VERTEX
8
L0D0
10
-1579.148
20
-1785.3
0
VERTEX
8
L0D0
10
-1582.921
20
-1784.316
0
VERTEX
8
L0D0
10
-1586.672
20
-1783.255
0
VERTEX
8
L0D0
10
-1590.401
20
-1782.118
0
VERTEX
8
L0D0
10
-1594.106
20
-1780.905
0
VERTEX
8
L0D0
10
-1597.785
20
-1779.617
0
VERTEX
8
L0D0
10
-1601.438
20
-1778.254
0
VERTEX
8
L0D0
10
-1605.061
20
-1776.817
0
VERTEX
8
L0D0
10
-1608.655
20
-1775.306
0
VERTEX
8
L0D0
10
-1612.217
20
-1773.722
0
VERTEX
8
L0D0
10
-1615.746
20
-1772.065
0
VERTEX
8
L0D0
10
-1619.241
20
-1770.337
0
VERTEX
8
L0D0
10
-1622.699
20
-1768.538
0
VERTEX
8
L0D0
10
-1626.12
20
-1766.669
0
VERTEX
8
L0D0
10
-1629.502
20
-1764.73
0
VERTEX
8
L0D0
10
-1632.844
20
-1762.723
0
VERTEX
8
L0D0
10
-1636.144
20
-1760.648
0
VERTEX
8
L0D0
10
-1639.402
20
-1758.506
0
VERTEX
8
L0D0
10
-1642.614
20
-1756.298
0
VERTEX
8
L0D0
10
-1645.781
20
-1754.025
0
VERTEX
8
L0D0
10
-1648.901
20
-1751.688
0
VERTEX
8
L0D0
10
-1651.973
20
-1749.287
0
VERTEX
8
L0D0
10
-1654.995
20
-1746.825
0
VERTEX
8
L0D0
10
-1657.966
20
-1744.301
0
VERTEX
8
L0D0
10
-1660.885
20
-1741.717
0
VERTEX
8
L0D0
10
-1663.751
20
-1739.074
0
VERTEX
8
L0D0
10
-1666.562
20
-1736.373
0
VERTEX
8
L0D0
10
-1669.318
20
-1733.615
0
VERTEX
8
L0D0
10
-1672.016
20
-1730.802
0
VERTEX
8
L0D0
10
-1674.657
20
-1727.934
0
VERTEX
8
L0D0
10
-1677.238
20
-1725.013
0
VERTEX
8
L0D0
10
-1679.76
20
-1722.04
0
VERTEX
8
L0D0
10
-1682.22
20
-1719.015
0
VERTEX
8
L0D0
10
-1684.618
20
-1715.942
0
VERTEX
8
L0D0
10
-1686.952
20
-1712.82
0
VERTEX
8
L0D0
10
-1689.223
20
-1709.651
0
VERTEX
8
L0D0
10
-1691.428
20
-1706.436
0
VERTEX
8
L0D0
10
-1693.567
20
-1703.177
0
VERTEX
8
L0D0
10
-1695.64
20
-1699.875
0
VERTEX
8
L0D0
10
-1697.644
20
-1696.532
0
VERTEX
8
L0D0
10
-1699.58
20
-1693.148
0
VERTEX
8
L0D0
10
-1701.446
20
-1689.725
0
VERTEX
8
L0D0
10
-1703.242
20
-1686.265
0
VERTEX
8
L0D0
10
-1704.968
20
-1682.769
0
VERTEX
8
L0D0
10
-1706.621
20
-1679.239
0
VERTEX
8
L0D0
10
-1708.202
20
-1675.676
0
VERTEX
8
L0D0
10
-1709.71
20
-1672.081
0
VERTEX
8
L0D0
10
-1711.144
20
-1668.456
0
VERTEX
8
L0D0
10
-1712.504
20
-1664.802
0
VERTEX
8
L0D0
10
-1713.789
20
-1661.122
0
VERTEX
8
L0D0
10
-1714.999
20
-1657.416
0
VERTEX
8
L0D0
10
-1716.133
20
-1653.686
0
VERTEX
8
L0D0
10
-1717.191
20
-1649.934
0
VERTEX
8
L0D0
10
-1718.171
20
-1646.161
0
VERTEX
8
L0D0
10
-1719.075
20
-1642.368
0
VERTEX
8
L0D0
10
-1719.901
20
-1638.559
0
VERTEX
8
L0D0
10
-1720.649
20
-1634.733
0
VERTEX
8
L0D0
10
-1721.318
20
-1630.892
0
VERTEX
8
L0D0
10
-1721.91
20
-1627.039
0
VERTEX
8
L0D0
10
-1722.422
20
-1623.174
0
VERTEX
8
L0D0
10
-1722.856
20
-1619.3
0
VERTEX
8
L0D0
10
-1723.21
20
-1615.418
0
VERTEX
8
L0D0
10
-1723.485
20
-1611.529
0
VERTEX
8
L0D0
10
-1723.681
20
-1607.636
0
VERTEX
8
L0D0
10
-1723.797
20
-1603.739
0
VERTEX
8
L0D0
10
-1723.833
20
-1599.841
0
VERTEX
8
L0D0
10
-1723.167
20
-799.841
0
VERTEX
8
L0D0
10
-1723.124
20
-795.947
0
VERTEX
8
L0D0
10
-1723.001
20
-792.054
0
VERTEX
8
L0D0
10
-1722.8
20
-788.165
0
VERTEX
8
L0D0
10
-1722.519
20
-784.281
0
VERTEX
8
L0D0
10
-1722.159
20
-780.404
0
VERTEX
8
L0D0
10
-1721.72
20
-776.534
0
VERTEX
8
L0D0
10
-1721.202
20
-772.675
0
VERTEX
8
L0D0
10
-1720.605
20
-768.826
0
VERTEX
8
L0D0
10
-1719.931
20
-764.991
0
VERTEX
8
L0D0
10
-1719.178
20
-761.17
0
VERTEX
8
L0D0
10
-1718.347
20
-757.366
0
VERTEX
8
L0D0
10
-1717.44
20
-753.579
0
VERTEX
8
L0D0
10
-1716.455
20
-749.811
0
VERTEX
8
L0D0
10
-1715.393
20
-746.064
0
VERTEX
8
L0D0
10
-1714.255
20
-742.34
0
VERTEX
8
L0D0
10
-1713.042
20
-738.639
0
VERTEX
8
L0D0
10
-1711.753
20
-734.965
0
VERTEX
8
L0D0
10
-1710.39
20
-731.317
0
VERTEX
8
L0D0
10
-1708.953
20
-727.697
0
VERTEX
8
L0D0
10
-1707.442
20
-724.108
0
VERTEX
8
L0D0
10
-1705.858
20
-720.55
0
VERTEX
8
L0D0
10
-1704.202
20
-717.026
0
VERTEX
8
L0D0
10
-1702.475
20
-713.536
0
VERTEX
8
L0D0
10
-1700.677
20
-710.081
0
VERTEX
8
L0D0
10
-1698.808
20
-706.665
0
VERTEX
8
L0D0
10
-1696.871
20
-703.287
0
VERTEX
8
L0D0
10
-1694.865
20
-699.949
0
VERTEX
8
L0D0
10
-1692.791
20
-696.652
0
VERTEX
8
L0D0
10
-1690.651
20
-693.399
0
VERTEX
8
L0D0
10
-1688.445
20
-690.19
0
VERTEX
8
L0D0
10
-1686.173
20
-687.027
0
VERTEX
8
L0D0
10
-1683.838
20
-683.91
0
VERTEX
8
L0D0
10
-1681.44
20
-680.842
0
VERTEX
8
L0D0
10
-1678.979
20
-677.824
0
VERTEX
8
L0D0
10
-1676.458
20
-674.856
0
VERTEX
8
L0D0
10
-1673.877
20
-671.94
0
VERTEX
8
L0D0
10
-1671.236
20
-669.078
0
VERTEX
8
L0D0
10
-1668.538
20
-666.27
0
VERTEX
8
L0D0
10
-1665.783
20
-663.517
0
VERTEX
8
L0D0
10
-1662.973
20
-660.821
0
VERTEX
8
L0D0
10
-1660.108
20
-658.183
0
VERTEX
8
L0D0
10
-1657.19
20
-655.604
0
VERTEX
8
L0D0
10
-1654.22
20
-653.086
0
VERTEX
8
L0D0
10
-1651.2
20
-650.628
0
VERTEX
8
L0D0
10
-1648.13
20
-648.232
0
VERTEX
8
L0D0
10
-1645.011
20
-645.899
0
VERTEX
8
L0D0
10
-1641.846
20
-643.631
0
VERTEX
8
L0D0
10
-1638.635
20
-641.427
0
VERTEX
8
L0D0
10
-1635.38
20
-639.289
0
VERTEX
8
L0D0
10
-1632.082
20
-637.218
0
VERTEX
8
L0D0
10
-1628.743
20
-635.215
0
VERTEX
8
L0D0
10
-1625.363
20
-633.28
0
VERTEX
8
L0D0
10
-1621.945
20
-631.415
0
VERTEX
8
L0D0
10
-1618.489
20
-629.62
0
VERTEX
8
L0D0
10
-1614.997
20
-627.895
0
VERTEX
8
L0D0
10
-1611.471
20
-626.242
0
VERTEX
8
L0D0
10
-1607.912
20
-624.662
0
VERTEX
8
L0D0
10
-1604.322
20
-623.154
0
VERTEX
8
L0D0
10
-1600.701
20
-621.719
0
VERTEX
8
L0D0
10
-1597.052
20
-620.359
0
VERTEX
8
L0D0
10
-1593.376
20
-619.074
0
VERTEX
8
L0D0
10
-1589.675
20
-617.863
0
VERTEX
8
L0D0
10
-1585.95
20
-616.729
0
VERTEX
8
L0D0
10
-1582.202
20
-615.67
0
VERTEX
8
L0D0
10
-1578.434
20
-614.688
0
VERTEX
8
L0D0
10
-1574.646
20
-613.784
0
VERTEX
8
L0D0
10
-1570.841
20
-612.956
0
VERTEX
8
L0D0
10
-1567.019
20
-612.207
0
VERTEX
8
L0D0
10
-1563.183
20
-611.535
0
VERTEX
8
L0D0
10
-1559.334
20
-610.942
0
VERTEX
8
L0D0
10
-1555.474
20
-610.427
0
VERTEX
8
L0D0
10
-1551.605
20
-609.992
0
VERTEX
8
L0D0
10
-1547.727
20
-609.635
0
VERTEX
8
L0D0
10
-1543.842
20
-609.357
0
VERTEX
8
L0D0
10
-1539.953
20
-609.159
0
VERTEX
8
L0D0
10
-1536.061
20
-609.04
0
VERTEX
8
L0D0
10
-1532.167
20
-609
0
VERTEX
8
L0D0
10
-1450
20
-609
0
VERTEX
8
L0D0
10
-1445.897
20
-608.96
0
VERTEX
8
L0D0
10
-1441.795
20
-608.839
0
VERTEX
8
L0D0
10
-1437.696
20
-608.638
0
VERTEX
8
L0D0
10
-1433.602
20
-608.356
0
VERTEX
8
L0D0
10
-1429.514
20
-607.994
0
VERTEX
8
L0D0
10
-1425.435
20
-607.551
0
VERTEX
8
L0D0
10
-1421.364
20
-607.029
0
VERTEX
8
L0D0
10
-1417.305
20
-606.427
0
VERTEX
8
L0D0
10
-1413.259
20
-605.745
0
VERTEX
8
L0D0
10
-1409.226
20
-604.984
0
VERTEX
8
L0D0
10
-1405.209
20
-604.144
0
VERTEX
8
L0D0
10
-1401.21
20
-603.225
0
VERTEX
8
L0D0
10
-1397.229
20
-602.228
0
VERTEX
8
L0D0
10
-1393.269
20
-601.153
0
VERTEX
8
L0D0
10
-1389.331
20
-600.001
0
VERTEX
8
L0D0
10
-1385.415
20
-598.771
0
VERTEX
8
L0D0
10
-1381.525
20
-597.464
0
VERTEX
8
L0D0
10
-1377.662
20
-596.082
0
VERTEX
8
L0D0
10
-1373.826
20
-594.624
0
VERTEX
8
L0D0
10
-1370.019
20
-593.091
0
VERTEX
8
L0D0
10
-1366.243
20
-591.483
0
VERTEX
8
L0D0
10
-1362.5
20
-589.802
0
VERTEX
8
L0D0
10
-1358.79
20
-588.047
0
VERTEX
8
L0D0
10
-1355.116
20
-586.22
0
VERTEX
8
L0D0
10
-1351.478
20
-584.322
0
VERTEX
8
L0D0
10
-1347.878
20
-582.352
0
VERTEX
8
L0D0
10
-1344.318
20
-580.311
0
VERTEX
8
L0D0
10
-1340.798
20
-578.202
0
VERTEX
8
L0D0
10
-1337.32
20
-576.023
0
VERTEX
8
L0D0
10
-1333.886
20
-573.777
0
VERTEX
8
L0D0
10
-1330.496
20
-571.464
0
VERTEX
8
L0D0
10
-1327.153
20
-569.085
0
VERTEX
8
L0D0
10
-1323.857
20
-566.64
0
VERTEX
8
L0D0
10
-1320.609
20
-564.131
0
VERTEX
8
L0D0
10
-1317.412
20
-561.559
0
VERTEX
8
L0D0
10
-1314.265
20
-558.925
0
VERTEX
8
L0D0
10
-1311.171
20
-556.229
0
VERTEX
8
L0D0
10
-1308.131
20
-553.473
0
VERTEX
8
L0D0
10
-1305.145
20
-550.658
0
VERTEX
8
L0D0
10
-1302.215
20
-547.785
0
VERTEX
8
L0D0
10
-1299.342
20
-544.855
0
VERTEX
8
L0D0
10
-1296.527
20
-541.869
0
VERTEX
8
L0D0
10
-1293.771
20
-538.829
0
VERTEX
8
L0D0
10
-1291.075
20
-535.735
0
VERTEX
8
L0D0
10
-1288.441
20
-532.588
0
VERTEX
8
L0D0
10
-1285.869
20
-529.391
0
VERTEX
8
L0D0
10
-1283.36
20
-526.143
0
VERTEX
8
L0D0
10
-1280.915
20
-522.847
0
VERTEX
8
L0D0
10
-1278.536
20
-519.504
0
VERTEX
8
L0D0
10
-1276.223
20
-516.114
0
VERTEX
8
L0D0
10
-1273.977
20
-512.68
0
VERTEX
8
L0D0
10
-1271.798
20
-509.202
0
VERTEX
8
L0D0
10
-1269.689
20
-505.682
0
VERTEX
8
L0D0
10
-1267.648
20
-502.122
0
VERTEX
8
L0D0
10
-1265.678
20
-498.522
0
VERTEX
8
L0D0
10
-1263.78
20
-494.884
0
VERTEX
8
L0D0
10
-1261.953
20
-491.21
0
VERTEX
8
L0D0
10
-1260.198
20
-487.5
0
VERTEX
8
L0D0
10
-1258.517
20
-483.757
0
VERTEX
8
L0D0
10
-1256.909
20
-479.981
0
VERTEX
8
L0D0
10
-1255.376
20
-476.174
0
VERTEX
8
L0D0
10
-1253.918
20
-472.338
0
VERTEX
8
L0D0
10
-1252.536
20
-468.475
0
VERTEX
8
L0D0
10
-1251.229
20
-464.585
0
VERTEX
8
L0D0
10
-1249.999
20
-460.669
0
VERTEX
8
L0D0
10
-1248.847
20
-456.731
0
VERTEX
8
L0D0
10
-1247.772
20
-452.771
0
VERTEX
8
L0D0
10
-1246.775
20
-448.79
0
VERTEX
8
L0D0
10
-1245.856
20
-444.791
0
VERTEX
8
L0D0
10
-1245.016
20
-440.774
0
VERTEX
8
L0D0
10
-1244.255
20
-436.741
0
VERTEX
8
L0D0
10
-1243.573
20
-432.695
0
VERTEX
8
L0D0
10
-1242.971
20
-428.636
0
VERTEX
8
L0D0
10
-1242.449
20
-424.565
0
VERTEX
8
L0D0
10
-1242.006
20
-420.486
0
VERTEX
8
L0D0
10
-1241.644
20
-416.398
0
VERTEX
8
L0D0
10
-1241.362
20
-412.304
0
VERTEX
8
L0D0
10
-1241.161
20
-408.205
0
VERTEX
8
L0D0
10
-1241.04
20
-404.103
0
VERTEX
8
L0D0
10
-1241
20
-400
0
VERTEX
8
L0D0
10
-1241
20
1000
0
VERTEX
8
L0D0
10
-1241.04
20
1004.103
0
VERTEX
8
L0D0
10
-1241.161
20
1008.205
0
VERTEX
8
L0D0
10
-1241.362
20
1012.304
0
VERTEX
8
L0D0
10
-1241.644
20
1016.398
0
VERTEX
8
L0D0
10
-1242.006
20
1020.486
0
VERTEX
8
L0D0
10
-1242.449
20
1024.565
0
VERTEX
8
L0D0
10
-1242.971
20
1028.636
0
VERTEX
8
L0D0
10
-1243.573
20
1032.695
0
VERTEX
8
L0D0
10
-1244.255
20
1036.741
0
VERTEX
8
L0D0
10
-1245.016
20
1040.774
0
VERTEX
8
L0D0
10
-1245.856
20
1044.791
0
VERTEX
8
L0D0
10
-1246.775
20
1048.79
0
VERTEX
8
L0D0
10
-1247.772
20
1052.771
0
VERTEX
8
L0D0
10
-1248.847
20
1056.731
0
VERTEX
8
L0D0
10
-1249.999
20
1060.669
0
VERTEX
8
L0D0
10
-1251.229
20
1064.585
0
VERTEX
8
L0D0
10
-1252.536
20
1068.475
0
VERTEX
8
L0D0
10
-1253.918
20
1072.338
0
VERTEX
8
L0D0
10
-1255.376
20
1076.174
0
VERTEX
8
L0D0
10
-1256.909
20
1079.981
0
VERTEX
8
L0D0
10
-1258.517
20
1083.757
0
VERTEX
8
L0D0
10
-1260.198
20
1087.5
0
VERTEX
8
L0D0
10
-1261.953
20
1091.21
0
VERTEX
8
L0D0
10
-1263.78
20
1094.884
0
VERTEX
8
L0D0
10
-1265.678
20
1098.522
0
VERTEX
8
L0D0
10
-1267.648
20
1102.122
0
VERTEX
8
L0D0
10
-1269.689
20
1105.682
0
VERTEX
8
L0D0
10
-1271.798
20
1109.202
0
VERTEX
8
L0D0
10
-1273.977
20
1112.68
0
VERTEX
8
L0D0
10
-1276.223
20
1116.114
0
VERTEX
8
L0D0
10
-1278.536
20
1119.504
0
VERTEX
8
L0D0
10
-1280.915
20
1122.847
0
VERTEX
8
L0D0
10
-1283.36
20
1126.143
0
VERTEX
8
L0D0
10
-1285.869
20
1129.391
0
VERTEX
8
L0D0
10
-1288.441
20
1132.588
0
VERTEX
8
L0D0
10
-1291.075
20
1135.735
0
VERTEX
8
L0D0
10
-1293.771
20
1138.829
0
VERTEX
8
L0D0
10
-1296.527
20
1141.869
0
VERTEX
8
L0D0
10
-1299.342
20
1144.855
0
VERTEX
8
L0D0
10
-1302.215
20
1147.785
0
VERTEX
8
L0D0
10
-1305.145
20
1150.658
0
VERTEX
8
L0D0
10
-1308.131
20
1153.473
0
VERTEX
8
L0D0
10
-1311.171
20
1156.229
0
VERTEX
8
L0D0
10
-1314.265
20
1158.925
0
VERTEX
8
L0D0
10
-1317.412
20
1161.559
0
VERTEX
8
L0D0
10
-1320.609
20
1164.131
0
VERTEX
8
L0D0
10
-1323.857
20
1166.64
0
VERTEX
8
L0D0
10
-1327.153
20
1169.085
0
VERTEX
8
L0D0
10
-1330.496
20
1171.464
0
VERTEX
8
L0D0
10
-1333.886
20
1173.777
0
VERTEX
8
L0D0
10
-1337.32
20
1176.023
0
VERTEX
8
L0D0
10
-1340.798
20
1178.202
0
VERTEX
8
L0D0
10
-1344.318
20
1180.311
0
VERTEX
8
L0D0
10
-1347.878
20
1182.352
0
VERTEX
8
L0D0
10
-1351.478
20
1184.322
0
VERTEX
8
L0D0
10
-1355.116
20
1186.22
0
VERTEX
8
L0D0
10
-1358.79
20
1188.047
0
VERTEX
8
L0D0
10
-1362.5
20
1189.802
0
VERTEX
8
L0D0
10
-1366.243
20
1191.483
0
VERTEX
8
L0D0
10
-1370.019
20
1193.091
0
VERTEX
8
L0D0
10
-1373.826
20
1194.624
0
VERTEX
8
L0D0
10
-1377.662
20
1196.082
0
VERTEX
8
L0D0
10
-1381.525
20
1197.464
0
VERTEX
8
L0D0
10
-1385.415
20
1198.771
0
VERTEX
8
L0D0
10
-1389.331
20
1200.001
0
VERTEX
8
L0D0
10
-1393.269
20
1201.153
0
VERTEX
8
L0D0
10
-1397.229
20
1202.228
0
VERTEX
8
L0D0
10
-1401.21
20
1203.225
0
VERTEX
8
L0D0
10
-1405.209
20
1204.144
0
VERTEX
8
L0D0
10
-1409.226
20
1204.984
0
VERTEX
8
L0D0
10
-1413.259
20
1205.745
0
VERTEX
8
L0D0
10
-1417.305
20
1206.427
0
VERTEX
8
L0D0
10
-1421.364
20
1207.029
0
VERTEX
8
L0D0
10
-1425.435
20
1207.551
0
VERTEX
8
L0D0
10
-1429.514
20
1207.994
0
VERTEX
8
L0D0
10
-1433.602
20
1208.356
0
VERTEX
8
L0D0
10
-1437.696
20
1208.638
0
VERTEX
8
L0D0
10
-1441.795
20
1208.839
0
VERTEX
8
L0D0
10
-1445.897
20
1208.96
0
VERTEX
8
L0D0
10
-1450
20
1209
0
VERTEX
8
L0D0
10
-1560
20
1209
0
VERTEX
8
L0D0
10
-1586
20
1214.85
0
VERTEX
8
L0D0
10
-1676
20
1214.85
0
VERTEX
8
L0D0
10
-1776
20
1300
0
VERTEX
8
L0D0
10
-2026
20
1300
0
VERTEX
8
L0D0
10
-2026
20
1350
0
VERTEX
8
L0D0
10
-1776
20
1350
0
VERTEX
8
L0D0
10
-1676
20
1229.85
0
VERTEX
8
L0D0
10
-1586
20
1229.85
0
VERTEX
8
L0D0
10
-1560
20
1221
0
VERTEX
8
L0D0
10
-1450
20
1221
0
VERTEX
8
L0D0
10
-1445.818
20
1220.96
0
VERTEX
8
L0D0
10
-1441.637
20
1220.842
0
VERTEX
8
L0D0
10
-1437.459
20
1220.644
0
VERTEX
8
L0D0
10
-1433.286
20
1220.367
0
VERTEX
8
L0D0
10
-1429.119
20
1220.011
0
VERTEX
8
L0D0
10
-1424.959
20
1219.577
0
VERTEX
8
L0D0
10
-1420.808
20
1219.064
0
VERTEX
8
L0D0
10
-1416.668
20
1218.472
0
VERTEX
8
L0D0
10
-1412.539
20
1217.802
0
VERTEX
8
L0D0
10
-1408.424
20
1217.054
0
VERTEX
8
L0D0
10
-1404.324
20
1216.228
0
VERTEX
8
L0D0
10
-1400.241
20
1215.325
0
VERTEX
8
L0D0
10
-1396.175
20
1214.345
0
VERTEX
8
L0D0
10
-1392.128
20
1213.288
0
VERTEX
8
L0D0
10
-1388.102
20
1212.155
0
VERTEX
8
L0D0
10
-1384.098
20
1210.945
0
VERTEX
8
L0D0
10
-1380.118
20
1209.66
0
VERTEX
8
L0D0
10
-1376.163
20
1208.3
0
VERTEX
8
L0D0
10
-1372.234
20
1206.866
0
VERTEX
8
L0D0
10
-1368.333
20
1205.357
0
VERTEX
8
L0D0
10
-1364.462
20
1203.775
0
VERTEX
8
L0D0
10
-1360.621
20
1202.12
0
VERTEX
8
L0D0
10
-1356.812
20
1200.392
0
VERTEX
8
L0D0
10
-1353.036
20
1198.593
0
VERTEX
8
L0D0
10
-1349.296
20
1196.722
0
VERTEX
8
L0D0
10
-1345.591
20
1194.781
0
VERTEX
8
L0D0
10
-1341.923
20
1192.771
0
VERTEX
8
L0D0
10
-1338.295
20
1190.691
0
VERTEX
8
L0D0
10
-1334.706
20
1188.543
0
VERTEX
8
L0D0
10
-1331.159
20
1186.327
0
VERTEX
8
L0D0
10
-1327.654
20
1184.045
0
VERTEX
8
L0D0
10
-1324.193
20
1181.696
0
VERTEX
8
L0D0
10
-1320.777
20
1179.283
0
VERTEX
8
L0D0
10
-1317.407
20
1176.806
0
VERTEX
8
L0D0
10
-1314.085
20
1174.265
0
VERTEX
8
L0D0
10
-1310.812
20
1171.661
0
VERTEX
8
L0D0
10
-1307.588
20
1168.997
0
VERTEX
8
L0D0
10
-1304.416
20
1166.271
0
VERTEX
8
L0D0
10
-1301.295
20
1163.487
0
VERTEX
8
L0D0
10
-1298.228
20
1160.643
0
VERTEX
8
L0D0
10
-1295.215
20
1157.742
0
VERTEX
8
L0D0
10
-1292.258
20
1154.785
0
VERTEX
8
L0D0
10
-1289.357
20
1151.772
0
VERTEX
8
L0D0
10
-1286.513
20
1148.705
0
VERTEX
8
L0D0
10
-1283.729
20
1145.584
0
VERTEX
8
L0D0
10
-1281.003
20
1142.412
0
VERTEX
8
L0D0
10
-1278.339
20
1139.188
0
VERTEX
8
L0D0
10
-1275.735
20
1135.915
0
VERTEX
8
L0D0
10
-1273.194
20
1132.593
0
VERTEX
8
L0D0
10
-1270.717
20
1129.223
0
VERTEX
8
L0D0
10
-1268.304
20
1125.807
0
VERTEX
8
L0D0
10
-1265.955
20
1122.346
0
VERTEX
8
L0D0
10
-1263.673
20
1118.841
0
VERTEX
8
L0D0
10
-1261.457
20
1115.294
0
VERTEX
8
L0D0
10
-1259.309
20
1111.705
0
VERTEX
8
L0D0
10
-1257.229
20
1108.077
0
VERTEX
8
L0D0
10
-1255.219
20
1104.409
0
VERTEX
8
L0D0
10
-1253.278
20
1100.704
0
VERTEX
8
L0D0
10
-1251.407
20
1096.964
0
VERTEX
8
L0D0
10
-1249.608
20
1093.188
0
VERTEX
8
L0D0
10
-1247.88
20
1089.379
0
VERTEX
8
L0D0
10
-1246.225
20
1085.538
0
VERTEX
8
L0D0
10
-1244.643
20
1081.667
0
VERTEX
8
L0D0
10
-1243.134
20
1077.766
0
VERTEX
8
L0D0
10
-1241.7
20
1073.837
0
VERTEX
8
L0D0
10
-1240.34
20
1069.882
0
VERTEX
8
L0D0
10
-1239.055
20
1065.902
0
VERTEX
8
L0D0
10
-1237.845
20
1061.898
0
VERTEX
8
L0D0
10
-1236.712
20
1057.872
0
VERTEX
8
L0D0
10
-1235.655
20
1053.825
0
VERTEX
8
L0D0
10
-1234.675
20
1049.759
0
VERTEX
8
L0D0
10
-1233.772
20
1045.676
0
VERTEX
8
L0D0
10
-1232.946
20
1041.576
0
VERTEX
8
L0D0
10
-1232.198
20
1037.461
0
VERTEX
8
L0D0
10
-1231.528
20
1033.332
0
VERTEX
8
L0D0
10
-1230.936
20
1029.192
0
VERTEX
8
L0D0
10
-1230.423
20
1025.041
0
VERTEX
8
L0D0
10
-1229.989
20
1020.881
0
VERTEX
8
L0D0
10
-1229.633
20
1016.714
0
VERTEX
8
L0D0
10
-1229.356
20
1012.541
0
VERTEX
8
L0D0
10
-1229.158
20
1008.363
0
VERTEX
8
L0D0
10
-1229.04
20
1004.182
0
VERTEX
8
L0D0
10
-1229
20
1000
0
VERTEX
8
L0D0
10
-1229
20
-400
0
VERTEX
8
L0D0
10
-1229.04
20
-404.182
0
VERTEX
8
L0D0
10
-1229.158
20
-408.363
0
VERTEX
8
L0D0
10
-1229.356
20
-412.541
0
VERTEX
8
L0D0
10
-1229.633
20
-416.714
0
VERTEX
8
L0D0
10
-1229.989
20
-420.881
0
VERTEX
8
L0D0
10
-1230.423
20
-425.041
0
VERTEX
8
L0D0
10
-1230.936
20
-429.192
0
VERTEX
8
L0D0
10
-1231.528
20
-433.332
0
VERTEX
8
L0D0
10
-1232.198
20
-437.461
0
VERTEX
8
L0D0
10
-1232.946
20
-441.576
0
VERTEX
8
L0D0
10
-1233.772
20
-445.676
0
VERTEX
8
L0D0
10
-1234.675
20
-449.759
0
VERTEX
8
L0D0
10
-1235.655
20
-453.825
0
VERTEX
8
L0D0
10
-1236.712
20
-457.872
0
VERTEX
8
L0D0
10
-1237.845
20
-461.898
0
VERTEX
8
L0D0
10
-1239.055
20
-465.902
0
VERTEX
8
L0D0
10
-1240.34
20
-469.882
0
VERTEX
8
L0D0
10
-1241.7
20
-473.837
0
VERTEX
8
L0D0
10
-1243.134
20
-477.766
0
VERTEX
8
L0D0
10
-1244.643
20
-481.667
0
VERTEX
8
L0D0
10
-1246.225
20
-485.538
0
VERTEX
8
L0D0
10
-1247.88
20
-489.379
0
VERTEX
8
L0D0
10
-1249.608
20
-493.188
0
VERTEX
8
L0D0
10
-1251.407
20
-496.964
0
VERTEX
8
L0D0
10
-1253.278
20
-500.704
0
VERTEX
8
L0D0
10
-1255.219
20
-504.409
0
VERTEX
8
L0D0
10
-1257.229
20
-508.077
0
VERTEX
8
L0D0
10
-1259.309
20
-511.705
0
VERTEX
8
L0D0
10
-1261.457
20
-515.294
0
VERTEX
8
L0D0
10
-1263.673
20
-518.841
0
VERTEX
8
L0D0
10
-1265.955
20
-522.346
0
VERTEX
8
L0D0
10
-1268.304
20
-525.807
0
VERTEX
8
L0D0
10
-1270.717
20
-529.223
0
VERTEX
8
L0D0
10
-1273.194
20
-532.593
0
VERTEX
8
L0D0
10
-1275.735
20
-535.915
0
VERTEX
8
L0D0
10
-1278.339
20
-539.188
0
VERTEX
8
L0D0
10
-1281.003
20
-542.412
0
VERTEX
8
L0D0
10
-1283.729
20
-545.584
0
VERTEX
8
L0D0
10
-1286.513
20
-548.705
0
VERTEX
8
L0D0
10
-1289.357
20
-551.772
0
VERTEX
8
L0D0
10
-1292.258
20
-554.785
0
VERTEX
8
L0D0
10
-1295.215
20
-557.742
0
VERTEX
8
L0D0
10
-1298.228
20
-560.643
0
VERTEX
8
L0D0
10
-1301.295
20
-563.487
0
VERTEX
8
L0D0
10
-1304.416
20
-566.271
0
VERTEX
8
L0D0
10
-1307.588
20
-568.997
0
VERTEX
8
L0D0
10
-1310.812
20
-571.661
0
VERTEX
8
L0D0
10
-1314.085
20
-574.265
0
VERTEX
8
L0D0
10
-1317.407
20
-576.806
0
VERTEX
8
L0D0
10
-1320.777
20
-579.283
0
VERTEX
8
L0D0
10
-1324.193
20
-581.696
0
VERTEX
8
L0D0
10
-1327.654
20
-584.045
0
VERTEX
8
L0D0
10
-1331.159
20
-586.327
0
VERTEX
8
L0D0
10
-1334.706
20
-588.543
0
VERTEX
8
L0D0
10
-1338.295
20
-590.691
0
VERTEX
8
L0D0
10
-1341.923
20
-592.771
0
VERTEX
8
L0D0
10
-1345.591
20
-594.781
0
VERTEX
8
L0D0
10
-1349.296
20
-596.722
0
VERTEX
8
L0D0
10
-1353.036
20
-598.593
0
VERTEX
8
L0D0
10
-1356.812
20
-600.392
0
VERTEX
8
L0D0
10
-1360.621
20
-602.12
0
VERTEX
8
L0D0
10
-1364.462
20
-603.775
0
VERTEX
8
L0D0
10
-1368.333
20
-605.357
0
VERTEX
8
L0D0
10
-1372.234
20
-606.866
0
VERTEX
8
L0D0
10
-1376.163
20
-608.3
0
VERTEX
8
L0D0
10
-1380.118
20
-609.66
0
VERTEX
8
L0D0
10
-1384.098
20
-610.945
0
VERTEX
8
L0D0
10
-1388.102
20
-612.155
0
VERTEX
8
L0D0
10
-1392.128
20
-613.288
0
VERTEX
8
L0D0
10
-1396.175
20
-614.345
0
VERTEX
8
L0D0
10
-1400.241
20
-615.325
0
VERTEX
8
L0D0
10
-1404.324
20
-616.228
0
VERTEX
8
L0D0
10
-1408.424
20
-617.054
0
VERTEX
8
L0D0
10
-1412.539
20
-617.802
0
VERTEX
8
L0D0
10
-1416.668
20
-618.472
0
VERTEX
8
L0D0
10
-1420.808
20
-619.064
0
VERTEX
8
L0D0
10
-1424.959
20
-619.577
0
VERTEX
8
L0D0
10
-1429.119
20
-620.011
0
VERTEX
8
L0D0
10
-1433.286
20
-620.367
0
VERTEX
8
L0D0
10
-1437.459
20
-620.644
0
VERTEX
8
L0D0
10
-1441.637
20
-620.842
0
VERTEX
8
L0D0
10
-1445.818
20
-620.96
0
VERTEX
8
L0D0
10
-1450
20
-621
0
VERTEX
8
L0D0
10
-1532.167
20
-621
0
VERTEX
8
L0D0
10
-1535.964
20
-621.04
0
VERTEX
8
L0D0
10
-1539.76
20
-621.161
0
VERTEX
8
L0D0
10
-1543.552
20
-621.362
0
VERTEX
8
L0D0
10
-1547.339
20
-621.644
0
VERTEX
8
L0D0
10
-1551.119
20
-622.006
0
VERTEX
8
L0D0
10
-1554.891
20
-622.448
0
VERTEX
8
L0D0
10
-1558.652
20
-622.97
0
VERTEX
8
L0D0
10
-1562.402
20
-623.572
0
VERTEX
8
L0D0
10
-1566.138
20
-624.253
0
VERTEX
8
L0D0
10
-1569.858
20
-625.013
0
VERTEX
8
L0D0
10
-1573.562
20
-625.852
0
VERTEX
8
L0D0
10
-1577.247
20
-626.77
0
VERTEX
8
L0D0
10
-1580.912
20
-627.765
0
VERTEX
8
L0D0
10
-1584.555
20
-628.838
0
VERTEX
8
L0D0
10
-1588.174
20
-629.988
0
VERTEX
8
L0D0
10
-1591.768
20
-631.214
0
VERTEX
8
L0D0
10
-1595.335
20
-632.517
0
VERTEX
8
L0D0
10
-1598.874
20
-633.894
0
VERTEX
8
L0D0
10
-1602.383
20
-635.347
0
VERTEX
8
L0D0
10
-1605.86
20
-636.873
0
VERTEX
8
L0D0
10
-1609.304
20
-638.474
0
VERTEX
8
L0D0
10
-1612.713
20
-640.146
0
VERTEX
8
L0D0
10
-1616.086
20
-641.891
0
VERTEX
8
L0D0
10
-1619.422
20
-643.707
0
VERTEX
8
L0D0
10
-1622.718
20
-645.593
0
VERTEX
8
L0D0
10
-1625.973
20
-647.549
0
VERTEX
8
L0D0
10
-1629.186
20
-649.573
0
VERTEX
8
L0D0
10
-1632.355
20
-651.665
0
VERTEX
8
L0D0
10
-1635.48
20
-653.824
0
VERTEX
8
L0D0
10
-1638.557
20
-656.049
0
VERTEX
8
L0D0
10
-1641.587
20
-658.338
0
VERTEX
8
L0D0
10
-1644.568
20
-660.691
0
VERTEX
8
L0D0
10
-1647.498
20
-663.107
0
VERTEX
8
L0D0
10
-1650.376
20
-665.584
0
VERTEX
8
L0D0
10
-1653.201
20
-668.122
0
VERTEX
8
L0D0
10
-1655.971
20
-670.72
0
VERTEX
8
L0D0
10
-1658.686
20
-673.375
0
VERTEX
8
L0D0
10
-1661.344
20
-676.088
0
VERTEX
8
L0D0
10
-1663.943
20
-678.856
0
VERTEX
8
L0D0
10
-1666.484
20
-681.679
0
VERTEX
8
L0D0
10
-1668.964
20
-684.555
0
VERTEX
8
L0D0
10
-1671.382
20
-687.483
0
VERTEX
8
L0D0
10
-1673.737
20
-690.461
0
VERTEX
8
L0D0
10
-1676.029
20
-693.489
0
VERTEX
8
L0D0
10
-1678.256
20
-696.565
0
VERTEX
8
L0D0
10
-1680.418
20
-699.688
0
VERTEX
8
L0D0
10
-1682.513
20
-702.855
0
VERTEX
8
L0D0
10
-1684.54
20
-706.067
0
VERTEX
8
L0D0
10
-1686.498
20
-709.32
0
VERTEX
8
L0D0
10
-1688.387
20
-712.615
0
VERTEX
8
L0D0
10
-1690.206
20
-715.948
0
VERTEX
8
L0D0
10
-1691.953
20
-719.32
0
VERTEX
8
L0D0
10
-1693.629
20
-722.728
0
VERTEX
8
L0D0
10
-1695.232
20
-726.171
0
VERTEX
8
L0D0
10
-1696.761
20
-729.646
0
VERTEX
8
L0D0
10
-1698.217
20
-733.154
0
VERTEX
8
L0D0
10
-1699.597
20
-736.692
0
VERTEX
8
L0D0
10
-1700.903
20
-740.258
0
VERTEX
8
L0D0
10
-1702.132
20
-743.851
0
VERTEX
8
L0D0
10
-1703.285
20
-747.469
0
VERTEX
8
L0D0
10
-1704.361
20
-751.111
0
VERTEX
8
L0D0
10
-1705.359
20
-754.775
0
VERTEX
8
L0D0
10
-1706.28
20
-758.459
0
VERTEX
8
L0D0
10
-1707.122
20
-762.162
0
VERTEX
8
L0D0
10
-1707.885
20
-765.882
0
VERTEX
8
L0D0
10
-1708.569
20
-769.618
0
VERTEX
8
L0D0
10
-1709.174
20
-773.367
0
VERTEX
8
L0D0
10
-1709.699
20
-777.128
0
VERTEX
8
L0D0
10
-1710.145
20
-780.899
0
VERTEX
8
L0D0
10
-1710.51
20
-784.679
0
VERTEX
8
L0D0
10
-1710.795
20
-788.466
0
VERTEX
8
L0D0
10
-1710.999
20
-792.258
0
VERTEX
8
L0D0
10
-1711.123
20
-796.054
0
VERTEX
8
L0D0
10
-1711.167
20
-799.851
0
VERTEX
8
L0D0
10
-1711.833
20
-1599.851
0
VERTEX
8
L0D0
10
-1711.796
20
-1603.652
0
VERTEX
8
L0D0
10
-1711.678
20
-1607.452
0
VERTEX
8
L0D0
10
-1711.479
20
-1611.248
0
VERTEX
8
L0D0
10
-1711.2
20
-1615.04
0
VERTEX
8
L0D0
10
-1710.841
20
-1618.824
0
VERTEX
8
L0D0
10
-1710.401
20
-1622.6
0
VERTEX
8
L0D0
10
-1709.881
20
-1626.366
0
VERTEX
8
L0D0
10
-1709.281
20
-1630.12
0
VERTEX
8
L0D0
10
-1708.602
20
-1633.86
0
VERTEX
8
L0D0
10
-1707.843
20
-1637.585
0
VERTEX
8
L0D0
10
-1707.005
20
-1641.294
0
VERTEX
8
L0D0
10
-1706.089
20
-1644.983
0
VERTEX
8
L0D0
10
-1705.095
20
-1648.652
0
VERTEX
8
L0D0
10
-1704.022
20
-1652.3
0
VERTEX
8
L0D0
10
-1702.873
20
-1655.923
0
VERTEX
8
L0D0
10
-1701.647
20
-1659.522
0
VERTEX
8
L0D0
10
-1700.345
20
-1663.093
0
VERTEX
8
L0D0
10
-1698.967
20
-1666.637
0
VERTEX
8
L0D0
10
-1697.515
20
-1670.15
0
VERTEX
8
L0D0
10
-1695.988
20
-1673.631
0
VERTEX
8
L0D0
10
-1694.387
20
-1677.079
0
VERTEX
8
L0D0
10
-1692.714
20
-1680.493
0
VERTEX
8
L0D0
10
-1690.969
20
-1683.87
0
VERTEX
8
L0D0
10
-1689.152
20
-1687.209
0
VERTEX
8
L0D0
10
-1687.265
20
-1690.509
0
VERTEX
8
L0D0
10
-1685.308
20
-1693.769
0
VERTEX
8
L0D0
10
-1683.282
20
-1696.985
0
VERTEX
8
L0D0
10
-1681.188
20
-1700.159
0
VERTEX
8
L0D0
10
-1679.028
20
-1703.287
0
VERTEX
8
L0D0
10
-1676.801
20
-1706.368
0
VERTEX
8
L0D0
10
-1674.51
20
-1709.401
0
VERTEX
8
L0D0
10
-1672.155
20
-1712.385
0
VERTEX
8
L0D0
10
-1669.737
20
-1715.319
0
VERTEX
8
L0D0
10
-1667.257
20
-1718.2
0
VERTEX
8
L0D0
10
-1664.716
20
-1721.028
0
VERTEX
8
L0D0
10
-1662.116
20
-1723.802
0
VERTEX
8
L0D0
10
-1659.458
20
-1726.519
0
VERTEX
8
L0D0
10
-1656.743
20
-1729.18
0
VERTEX
8
L0D0
10
-1653.971
20
-1731.782
0
VERTEX
8
L0D0
10
-1651.145
20
-1734.325
0
VERTEX
8
L0D0
10
-1648.266
20
-1736.807
0
VERTEX
8
L0D0
10
-1645.335
20
-1739.228
0
VERTEX
8
L0D0
10
-1642.353
20
-1741.586
0
VERTEX
8
L0D0
10
-1639.321
20
-1743.88
0
VERTEX
8
L0D0
10
-1636.242
20
-1746.109
0
VERTEX
8
L0D0
10
-1633.116
20
-1748.272
0
VERTEX
8
L0D0
10
-1629.944
20
-1750.368
0
VERTEX
8
L0D0
10
-1626.729
20
-1752.396
0
VERTEX
8
L0D0
10
-1623.471
20
-1754.356
0
VERTEX
8
L0D0
10
-1620.173
20
-1756.246
0
VERTEX
8
L0D0
10
-1616.835
20
-1758.065
0
VERTEX
8
L0D0
10
-1613.459
20
-1759.814
0
VERTEX
8
L0D0
10
-1610.047
20
-1761.49
0
VERTEX
8
L0D0
10
-1606.6
20
-1763.093
0
VERTEX
8
L0D0
10
-1603.12
20
-1764.623
0
VERTEX
8
L0D0
10
-1599.608
20
-1766.079
0
VERTEX
8
L0D0
10
-1596.066
20
-1767.459
0
VERTEX
8
L0D0
10
-1592.496
20
-1768.764
0
VERTEX
8
L0D0
10
-1588.898
20
-1769.993
0
VERTEX
8
L0D0
10
-1585.276
20
-1771.146
0
VERTEX
8
L0D0
10
-1581.629
20
-1772.221
0
VERTEX
8
L0D0
10
-1577.961
20
-1773.218
0
VERTEX
8
L0D0
10
-1574.272
20
-1774.137
0
VERTEX
8
L0D0
10
-1570.565
20
-1774.978
0
VERTEX
8
L0D0
10
-1566.84
20
-1775.74
0
VERTEX
8
L0D0
10
-1563.1
20
-1776.423
0
VERTEX
8
L0D0
10
-1559.347
20
-1777.026
0
VERTEX
8
L0D0
10
-1555.581
20
-1777.549
0
VERTEX
8
L0D0
10
-1551.806
20
-1777.992
0
VERTEX
8
L0D0
10
-1548.022
20
-1778.354
0
VERTEX
8
L0D0
10
-1544.23
20
-1778.637
0
VERTEX
8
L0D0
10
-1540.434
20
-1778.839
0
VERTEX
8
L0D0
10
-1536.635
20
-1778.96
0
VERTEX
8
L0D0
10
-1532.833
20
-1779
0
VERTEX
8
L0D0
10
-950
20
-1779
0
VERTEX
8
L0D0
10
-946.201
20
-1778.96
0
VERTEX
8
L0D0
10
-942.403
20
-1778.839
0
VERTEX
8
L0D0
10
-938.609
20
-1778.637
0
VERTEX
8
L0D0
10
-934.82
20
-1778.355
0
VERTEX
8
L0D0
10
-931.038
20
-1777.993
0
VERTEX
8
L0D0
10
-927.264
20
-1777.55
0
VERTEX
8
L0D0
10
-923.5
20
-1777.028
0
VERTEX
8
L0D0
10
-919.749
20
-1776.425
0
VERTEX
8
L0D0
10
-916.011
20
-1775.743
0
VERTEX
8
L0D0
10
-912.288
20
-1774.982
0
VERTEX
8
L0D0
10
-908.583
20
-1774.143
0
VERTEX
8
L0D0
10
-904.896
20
-1773.224
0
VERTEX
8
L0D0
10
-901.229
20
-1772.228
0
VERTEX
8
L0D0
10
-897.585
20
-1771.154
0
VERTEX
8
L0D0
10
-893.964
20
-1770.003
0
VERTEX
8
L0D0
10
-890.368
20
-1768.775
0
VERTEX
8
L0D0
10
-886.799
20
-1767.471
0
VERTEX
8
L0D0
10
-883.259
20
-1766.092
0
VERTEX
8
L0D0
10
-879.748
20
-1764.638
0
VERTEX
8
L0D0
10
-876.27
20
-1763.11
0
VERTEX
8
L0D0
10
-872.824
20
-1761.508
0
VERTEX
8
L0D0
10
-869.414
20
-1759.834
0
VERTEX
8
L0D0
10
-866.039
20
-1758.087
0
VERTEX
8
L0D0
10
-862.703
20
-1756.27
0
VERTEX
8
L0D0
10
-859.405
20
-1754.381
0
VERTEX
8
L0D0
10
-856.149
20
-1752.424
0
VERTEX
8
L0D0
10
-852.935
20
-1750.397
0
VERTEX
8
L0D0
10
-849.765
20
-1748.303
0
VERTEX
8
L0D0
10
-846.639
20
-1746.142
0
VERTEX
8
L0D0
10
-843.561
20
-1743.915
0
VERTEX
8
L0D0
10
-840.53
20
-1741.624
0
VERTEX
8
L0D0
10
-837.549
20
-1739.268
0
VERTEX
8
L0D0
10
-834.618
20
-1736.85
0
VERTEX
8
L0D0
10
-831.739
20
-1734.37
0
VERTEX
8
L0D0
10
-828.914
20
-1731.83
0
VERTEX
8
L0D0
10
-826.143
20
-1729.23
0
VERTEX
8
L0D0
10
-823.428
20
-1726.572
0
VERTEX
8
L0D0
10
-820.77
20
-1723.857
0
VERTEX
8
L0D0
10
-818.17
20
-1721.086
0
VERTEX
8
L0D0
10
-815.63
20
-1718.261
0
VERTEX
8
L0D0
10
-813.15
20
-1715.382
0
VERTEX
8
L0D0
10
-810.732
20
-1712.451
0
VERTEX
8
L0D0
10
-808.376
20
-1709.47
0
VERTEX
8
L0D0
10
-806.085
20
-1706.439
0
VERTEX
8
L0D0
10
-803.858
20
-1703.361
0
VERTEX
8
L0D0
10
-801.697
20
-1700.235
0
VERTEX
8
L0D0
10
-799.603
20
-1697.065
0
VERTEX
8
L0D0
10
-797.576
20
-1693.851
0
VERTEX
8
L0D0
10
-795.619
20
-1690.595
0
VERTEX
8
L0D0
10
-793.73
20
-1687.297
0
VERTEX
8
L0D0
10
-791.913
20
-1683.961
0
VERTEX
8
L0D0
10
-790.166
20
-1680.586
0
VERTEX
8
L0D0
10
-788.492
20
-1677.176
0
VERTEX
8
L0D0
10
-786.89
20
-1673.73
0
VERTEX
8
L0D0
10
-785.362
20
-1670.252
0
VERTEX
8
L0D0
10
-783.908
20
-1666.741
0
VERTEX
8
L0D0
10
-782.529
20
-1663.201
0
VERTEX
8
L0D0
10
-781.225
20
-1659.632
0
VERTEX
8
L0D0
10
-779.997
20
-1656.036
0
VERTEX
8
L0D0
10
-778.846
20
-1652.415
0
VERTEX
8
L0D0
10
-777.772
20
-1648.771
0
VERTEX
8
L0D0
10
-776.776
20
-1645.104
0
VERTEX
8
L0D0
10
-775.857
20
-1641.417
0
VERTEX
8
L0D0
10
-775.018
20
-1637.712
0
VERTEX
8
L0D0
10
-774.257
20
-1633.989
0
VERTEX
8
L0D0
10
-773.575
20
-1630.251
0
VERTEX
8
L0D0
10
-772.972
20
-1626.5
0
VERTEX
8
L0D0
10
-772.45
20
-1622.736
0
VERTEX
8
L0D0
10
-772.007
20
-1618.962
0
VERTEX
8
L0D0
10
-771.645
20
-1615.18
0
VERTEX
8
L0D0
10
-771.363
20
-1611.391
0
VERTEX
8
L0D0
10
-771.161
20
-1607.597
0
VERTEX
8
L0D0
10
-771.04
20
-1603.799
0
VERTEX
8
L0D0
10
-771
20
-1600
0
VERTEX
8
L0D0
10
-771
20
-200
0
VERTEX
8
L0D0
10
-770.96
20
-195.818
0
VERTEX
8
L0D0
10
-770.842
20
-191.637
0
VERTEX
8
L0D0
10
-770.644
20
-187.459
0
VERTEX
8
L0D0
10
-770.367
20
-183.286
0
VERTEX
8
L0D0
10
-770.011
20
-179.119
0
VERTEX
8
L0D0
10
-769.577
20
-174.959
0
VERTEX
8
L0D0
10
-769.064
20
-170.808
0
VERTEX
8
L0D0
10
-768.472
20
-166.668
0
VERTEX
8
L0D0
10
-767.802
20
-162.539
0
VERTEX
8
L0D0
10
-767.054
20
-158.424
0
VERTEX
8
L0D0
10
-766.228
20
-154.324
0
VERTEX
8
L0D0
10
-765.325
20
-150.241
0
VERTEX
8
L0D0
10
-764.345
20
-146.175
0
VERTEX
8
L0D0
10
-763.288
20
-142.128
0
VERTEX
8
L0D0
10
-762.155
20
-138.102
0
VERTEX
8
L0D0
10
-760.945
20
-134.098
0
VERTEX
8
L0D0
10
-759.66
20
-130.118
0
VERTEX
8
L0D0
10
-758.3
20
-126.163
0
VERTEX
8
L0D0
10
-756.866
20
-122.234
0
VERTEX
8
L0D0
10
-755.357
20
-118.333
0
VERTEX
8
L0D0
10
-753.775
20
-114.462
0
VERTEX
8
L0D0
10
-752.12
20
-110.621
0
VERTEX
8
L0D0
10
-750.392
20
-106.812
0
VERTEX
8
L0D0
10
-748.593
20
-103.036
0
VERTEX
8
L0D0
10
-746.722
20
-99.296
0
VERTEX
8
L0D0
10
-744.781
20
-95.591
0
VERTEX
8
L0D0
10
-742.771
20
-91.923
0
VERTEX
8
L0D0
10
-740.691
20
-88.295
0
VERTEX
8
L0D0
10
-738.543
20
-84.706
0
VERTEX
8
L0D0
10
-736.327
20
-81.159
0
VERTEX
8
L0D0
10
-734.045
20
-77.654
0
VERTEX
8
L0D0
10
-731.696
20
-74.193
0
VERTEX
8
L0D0
10
-729.283
20
-70.777
0
VERTEX
8
L0D0
10
-726.806
20
-67.407
0
VERTEX
8
L0D0
10
-724.265
20
-64.085
0
VERTEX
8
L0D0
10
-721.661
20
-60.812
0
VERTEX
8
L0D0
10
-718.997
20
-57.588
0
VERTEX
8
L0D0
10
-716.271
20
-54.416
0
VERTEX
8
L0D0
10
-713.487
20
-51.295
0
VERTEX
8
L0D0
10
-710.643
20
-48.228
0
VERTEX
8
L0D0
10
-707.742
20
-45.215
0
VERTEX
8
L0D0
10
-704.785
20
-42.258
0
VERTEX
8
L0D0
10
-701.772
20
-39.357
0
VERTEX
8
L0D0
10
-698.705
20
-36.513
0
VERTEX
8
L0D0
10
-695.584
20
-33.729
0
VERTEX
8
L0D0
10
-692.412
20
-31.003
0
VERTEX
8
L0D0
10
-689.188
20
-28.339
0
VERTEX
8
L0D0
10
-685.915
20
-25.735
0
VERTEX
8
L0D0
10
-682.593
20
-23.194
0
VERTEX
8
L0D0
10
-679.223
20
-20.717
0
VERTEX
8
L0D0
10
-675.807
20
-18.304
0
VERTEX
8
L0D0
10
-672.346
20
-15.955
0
VERTEX
8
L0D0
10
-668.841
20
-13.673
0
VERTEX
8
L0D0
10
-665.294
20
-11.457
0
VERTEX
8
L0D0
10
-661.705
20
-9.309
0
VERTEX
8
L0D0
10
-658.077
20
-7.229
0
VERTEX
8
L0D0
10
-654.409
20
-5.219
0
VERTEX
8
L0D0
10
-650.704
20
-3.278
0
VERTEX
8
L0D0
10
-646.964
20
-1.407
0
VERTEX
8
L0D0
10
-643.188
20
0.392
0
VERTEX
8
L0D0
10
-639.379
20
2.12
0
VERTEX
8
L0D0
10
-635.538
20
3.775
0
VERTEX
8
L0D0
10
-631.667
20
5.357
0
VERTEX
8
L0D0
10
-627.766
20
6.866
0
VERTEX
8
L0D0
10
-623.837
20
8.3
0
VERTEX
8
L0D0
10
-619.882
20
9.66
0
VERTEX
8
L0D0
10
-615.902
20
10.945
0
VERTEX
8
L0D0
10
-611.898
20
12.155
0
VERTEX
8
L0D0
10
-607.872
20
13.288
0
VERTEX
8
L0D0
10
-603.825
20
14.345
0
VERTEX
8
L0D0
10
-599.759
20
15.325
0
VERTEX
8
L0D0
10
-595.676
20
16.228
0
VERTEX
8
L0D0
10
-591.576
20
17.054
0
VERTEX
8
L0D0
10
-587.461
20
17.802
0
VERTEX
8
L0D0
10
-583.332
20
18.472
0
VERTEX
8
L0D0
10
-579.192
20
19.064
0
VERTEX
8
L0D0
10
-575.041
20
19.577
0
VERTEX
8
L0D0
10
-570.881
20
20.011
0
VERTEX
8
L0D0
10
-566.714
20
20.367
0
VERTEX
8
L0D0
10
-562.541
20
20.644
0
VERTEX
8
L0D0
10
-558.363
20
20.842
0
VERTEX
8
L0D0
10
-554.182
20
20.96
0
VERTEX
8
L0D0
10
-550
20
21
0
VERTEX
8
L0D0
10
-12.5
20
21
0
VERTEX
8
L0D0
10
-12.5
20
9
0
VERTEX
8
L0D0
10
-550
20
9
0
VERTEX
8
L0D0
10
-554.103
20
8.96
0
VERTEX
8
L0D0
10
-558.205
20
8.839
0
VERTEX
8
L0D0
10
-562.304
20
8.638
0
VERTEX
8
L0D0
10
-566.398
20
8.356
0
VERTEX
8
L0D0
10
-570.486
20
7.994
0
VERTEX
8
L0D0
10
-574.565
20
7.551
0
VERTEX
8
L0D0
10
-578.636
20
7.029
0
VERTEX
8
L0D0
10
-582.695
20
6.427
0
VERTEX
8
L0D0
10
-586.741
20
5.745
0
VERTEX
8
L0D0
10
-590.774
20
4.984
0
VERTEX
8
L0D0
10
-594.791
20
4.144
0
VERTEX
8
L0D0
10
-598.79
20
3.225
0
VERTEX
8
L0D0
10
-602.771
20
2.228
0
VERTEX
8
L0D0
10
-606.731
20
1.153
0
VERTEX
8
L0D0
10
-610.669
20
0.001
0
VERTEX
8
L0D0
10
-614.585
20
-1.229
0
VERTEX
8
L0D0
10
-618.475
20
-2.536
0
VERTEX
8
L0D0
10
-622.338
20
-3.918
0
VERTEX
8
L0D0
10
-626.174
20
-5.376
0
VERTEX
8
L0D0
10
-629.981
20
-6.909
0
VERTEX
8
L0D0
10
-633.757
20
-8.517
0
VERTEX
8
L0D0
10
-637.5
20
-10.198
0
VERTEX
8
L0D0
10
-641.21
20
-11.953
0
VERTEX
8
L0D0
10
-644.884
20
-13.78
0
VERTEX
8
L0D0
10
-648.522
20
-15.678
0
VERTEX
8
L0D0
10
-652.122
20
-17.648
0
VERTEX
8
L0D0
10
-655.682
20
-19.689
0
VERTEX
8
L0D0
10
-659.202
20
-21.798
0
VERTEX
8
L0D0
10
-662.68
20
-23.977
0
VERTEX
8
L0D0
10
-666.114
20
-26.223
0
VERTEX
8
L0D0
10
-669.504
20
-28.536
0
VERTEX
8
L0D0
10
-672.847
20
-30.915
0
VERTEX
8
L0D0
10
-676.143
20
-33.36
0
VERTEX
8
L0D0
10
-679.391
20
-35.869
0
VERTEX
8
L0D0
10
-682.588
20
-38.441
0
VERTEX
8
L0D0
10
-685.735
20
-41.075
0
VERTEX
8
L0D0
10
-688.829
20
-43.771
0
VERTEX
8
L0D0
10
-691.869
20
-46.527
0
VERTEX
8
L0D0
10
-694.855
20
-49.342
0
VERTEX
8
L0D0
10
-697.785
20
-52.215
0
VERTEX
8
L0D0
10
-700.658
20
-55.145
0
VERTEX
8
L0D0
10
-703.473
20
-58.131
0
VERTEX
8
L0D0
10
-706.229
20
-61.171
0
VERTEX
8
L0D0
10
-708.925
20
-64.265
0
VERTEX
8
L0D0
10
-711.559
20
-67.412
0
VERTEX
8
L0D0
10
-714.131
20
-70.609
0
VERTEX
8
L0D0
10
-716.64
20
-73.857
0
VERTEX
8
L0D0
10
-719.085
20
-77.153
0
VERTEX
8
L0D0
10
-721.464
20
-80.496
0
VERTEX
8
L0D0
10
-723.777
20
-83.886
0
VERTEX
8
L0D0
10
-726.023
20
-87.32
0
VERTEX
8
L0D0
10
-728.202
20
-90.798
0
VERTEX
8
L0D0
10
-730.311
20
-94.318
0
VERTEX
8
L0D0
10
-732.352
20
-97.878
0
VERTEX
8
L0D0
10
-734.322
20
-101.478
0
VERTEX
8
L0D0
10
-736.22
20
-105.116
0
VERTEX
8
L0D0
10
-738.047
20
-108.79
0
VERTEX
8
L0D0
10
-739.802
20
-112.5
0
VERTEX
8
L0D0
10
-741.483
20
-116.243
0
VERTEX
8
L0D0
10
-743.091
20
-120.019
0
VERTEX
8
L0D0
10
-744.624
20
-123.826
0
VERTEX
8
L0D0
10
-746.082
20
-127.662
0
VERTEX
8
L0D0
10
-747.464
20
-131.525
0
VERTEX
8
L0D0
10
-748.771
20
-135.415
0
VERTEX
8
L0D0
10
-750.001
20
-139.331
0
VERTEX
8
L0D0
10
-751.153
20
-143.269
0
VERTEX
8
L0D0
10
-752.228
20
-147.229
0
VERTEX
8
L0D0
10
-753.225
20
-151.21
0
VERTEX
8
L0D0
10
-754.144
20
-155.209
0
VERTEX
8
L0D0
10
-754.984
20
-159.226
0
VERTEX
8
L0D0
10
-755.745
20
-163.259
0
VERTEX
8
L0D0
10
-756.427
20
-167.305
0
VERTEX
8
L0D0
10
-757.029
20
-171.364
0
VERTEX
8
L0D0
10
-757.551
20
-175.435
0
VERTEX
8
L0D0
10
-757.994
20
-179.514
0
VERTEX
8
L0D0
10
-758.356
20
-183.602
0
VERTEX
8
L0D0
10
-758.638
20
-187.696
0
VERTEX
8
L0D0
10
-758.839
20
-191.795
0
VERTEX
8
L0D0
10
-758.96
20
-195.897
0
VERTEX
8
L0D0
10
-759
20
-200
0
VERTEX
8
L0D0
10
-759
20
-1600
0
VERTEX
8
L0D0
10
-759.04
20
-1603.896
0
VERTEX
8
L0D0
10
-759.159
20
-1607.791
0
VERTEX
8
L0D0
10
-759.358
20
-1611.682
0
VERTEX
8
L0D0
10
-759.636
20
-1615.568
0
VERTEX
8
L0D0
10
-759.993
20
-1619.448
0
VERTEX
8
L0D0
10
-760.429
20
-1623.32
0
VERTEX
8
L0D0
10
-760.944
20
-1627.182
0
VERTEX
8
L0D0
10
-761.538
20
-1631.033
0
VERTEX
8
L0D0
10
-762.21
20
-1634.871
0
VERTEX
8
L0D0
10
-762.961
20
-1638.694
0
VERTEX
8
L0D0
10
-763.789
20
-1642.501
0
VERTEX
8
L0D0
10
-764.694
20
-1646.291
0
VERTEX
8
L0D0
10
-765.677
20
-1650.061
0
VERTEX
8
L0D0
10
-766.737
20
-1653.811
0
VERTEX
8
L0D0
10
-767.873
20
-1657.538
0
VERTEX
8
L0D0
10
-769.084
20
-1661.241
0
VERTEX
8
L0D0
10
-770.371
20
-1664.919
0
VERTEX
8
L0D0
10
-771.733
20
-1668.57
0
VERTEX
8
L0D0
10
-773.169
20
-1672.192
0
VERTEX
8
L0D0
10
-774.678
20
-1675.784
0
VERTEX
8
L0D0
10
-776.26
20
-1679.344
0
VERTEX
8
L0D0
10
-777.915
20
-1682.872
0
VERTEX
8
L0D0
10
-779.641
20
-1686.365
0
VERTEX
8
L0D0
10
-781.438
20
-1689.822
0
VERTEX
8
L0D0
10
-783.306
20
-1693.242
0
VERTEX
8
L0D0
10
-785.242
20
-1696.623
0
VERTEX
8
L0D0
10
-787.248
20
-1699.963
0
VERTEX
8
L0D0
10
-789.321
20
-1703.262
0
VERTEX
8
L0D0
10
-791.46
20
-1706.519
0
VERTEX
8
L0D0
10
-793.666
20
-1709.73
0
VERTEX
8
L0D0
10
-795.937
20
-1712.896
0
VERTEX
8
L0D0
10
-798.272
20
-1716.016
0
VERTEX
8
L0D0
10
-800.67
20
-1719.087
0
VERTEX
8
L0D0
10
-803.13
20
-1722.108
0
VERTEX
8
L0D0
10
-805.652
20
-1725.078
0
VERTEX
8
L0D0
10
-808.233
20
-1727.997
0
VERTEX
8
L0D0
10
-810.874
20
-1730.862
0
VERTEX
8
L0D0
10
-813.572
20
-1733.673
0
VERTEX
8
L0D0
10
-816.327
20
-1736.428
0
VERTEX
8
L0D0
10
-819.138
20
-1739.126
0
VERTEX
8
L0D0
10
-822.003
20
-1741.767
0
VERTEX
8
L0D0
10
-824.922
20
-1744.348
0
VERTEX
8
L0D0
10
-827.892
20
-1746.87
0
VERTEX
8
L0D0
10
-830.913
20
-1749.33
0
VERTEX
8
L0D0
10
-833.984
20
-1751.728
0
VERTEX
8
L0D0
10
-837.104
20
-1754.063
0
VERTEX
8
L0D0
10
-840.27
20
-1756.334
0
VERTEX
8
L0D0
10
-843.481
20
-1758.54
0
VERTEX
8
L0D0
10
-846.738
20
-1760.679
0
VERTEX
8
L0D0
10
-850.037
20
-1762.752
0
VERTEX
8
L0D0
10
-853.377
20
-1764.758
0
VERTEX
8
L0D0
10
-856.758
20
-1766.694
0
VERTEX
8
L0D0
10
-860.178
20
-1768.562
0
VERTEX
8
L0D0
10
-863.635
20
-1770.359
0
VERTEX
8
L0D0
10
-867.128
20
-1772.085
0
VERTEX
8
L0D0
10
-870.656
20
-1773.74
0
VERTEX
8
L0D0
10
-874.216
20
-1775.322
0
VERTEX
8
L0D0
10
-877.808
20
-1776.831
0
VERTEX
8
L0D0
10
-881.43
20
-1778.267
0
VERTEX
8
L0D0
10
-885.081
20
-1779.629
0
VERTEX
8
L0D0
10
-888.759
20
-1780.916
0
VERTEX
8
L0D0
10
-892.462
20
-1782.127
0
VERTEX
8
L0D0
10
-896.189
20
-1783.263
0
VERTEX
8
L0D0
10
-899.939
20
-1784.323
0
VERTEX
8
L0D0
10
-903.709
20
-1785.306
0
VERTEX
8
L0D0
10
-907.499
20
-1786.211
0
VERTEX
8
L0D0
10
-911.306
20
-1787.039
0
VERTEX
8
L0D0
10
-915.129
20
-1787.79
0
VERTEX
8
L0D0
10
-918.967
20
-1788.462
0
VERTEX
8
L0D0
10
-922.818
20
-1789.056
0
VERTEX
8
L0D0
10
-926.68
20
-1789.571
0
VERTEX
8
L0D0
10
-930.552
20
-1790.007
0
VERTEX
8
L0D0
10
-934.432
20
-1790.364
0
VERTEX
8
L0D0
10
-938.318
20
-1790.642
0
VERTEX
8
L0D0
10
-942.209
20
-1790.841
0
VERTEX
8
L0D0
10
-946.104
20
-1790.96
0
VERTEX
8
L0D0
10
-950
20
-1791
0
SEQEND
0
POLYLINE
8
L0D0
70
1
40
0
41
0
66
1
0
VERTEX
8
L0D0
10
-1532.833
20
-1821
0
VERTEX
8
L0D0
10
-1537.018
20
-1820.96
0
VERTEX
8
L0D0
10
-1541.201
20
-1820.842
0
VERTEX
8
L0D0
10
-1545.381
20
-1820.644
0
VERTEX
8
L0D0
10
-1549.556
20
-1820.366
0
VERTEX
8
L0D0
10
-1553.726
20
-1820.01
0
VERTEX
8
L0D0
10
-1557.887
20
-1819.575
0
VERTEX
8
L0D0
10
-1562.04
20
-1819.061
0
VERTEX
8
L0D0
10
-1566.183
20
-1818.469
0
VERTEX
8
L0D0
10
-1570.314
20
-1817.799
0
VERTEX
8
L0D0
10
-1574.431
20
-1817.05
0
VERTEX
8
L0D0
10
-1578.533
20
-1816.223
0
VERTEX
8
L0D0
10
-1582.619
20
-1815.319
0
VERTEX
8
L0D0
10
-1586.687
20
-1814.338
0
VERTEX
8
L0D0
10
-1590.735
20
-1813.28
0
VERTEX
8
L0D0
10
-1594.763
20
-1812.145
0
VERTEX
8
L0D0
10
-1598.769
20
-1810.935
0
VERTEX
8
L0D0
10
-1602.751
20
-1809.649
0
VERTEX
8
L0D0
10
-1606.708
20
-1808.287
0
VERTEX
8
L0D0
10
-1610.638
20
-1806.851
0
VERTEX
8
L0D0
10
-1614.541
20
-1805.341
0
VERTEX
8
L0D0
10
-1618.414
20
-1803.757
0
VERTEX
8
L0D0
10
-1622.257
20
-1802.1
0
VERTEX
8
L0D0
10
-1626.068
20
-1800.371
0
VERTEX
8
L0D0
10
-1629.845
20
-1798.569
0
VERTEX
8
L0D0
10
-1633.587
20
-1796.697
0
VERTEX
8
L0D0
10
-1637.293
20
-1794.754
0
VERTEX
8
L0D0
10
-1640.962
20
-1792.741
0
VERTEX
8
L0D0
10
-1644.592
20
-1790.659
0
VERTEX
8
L0D0
10
-1648.182
20
-1788.509
0
VERTEX
8
L0D0
10
-1651.731
20
-1786.291
0
VERTEX
8
L0D0
10
-1655.237
20
-1784.007
0
VERTEX
8
L0D0
10
-1658.699
20
-1781.656
0
VERTEX
8
L0D0
10
-1662.116
20
-1779.24
0
VERTEX
8
L0D0
10
-1665.486
20
-1776.76
0
VERTEX
8
L0D0
10
-1668.809
20
-1774.217
0
VERTEX
8
L0D0
10
-1672.083
20
-1771.611
0
VERTEX
8
L0D0
10
-1675.308
20
-1768.944
0
VERTEX
8
L0D0
10
-1678.481
20
-1766.216
0
VERTEX
8
L0D0
10
-1681.602
20
-1763.428
0
VERTEX
8
L0D0
10
-1684.67
20
-1760.582
0
VERTEX
8
L0D0
10
-1687.683
20
-1757.679
0
VERTEX
8
L0D0
10
-1690.641
20
-1754.718
0
VERTEX
8
L0D0
10
-1693.542
20
-1751.703
0
VERTEX
8
L0D0
10
-1696.386
20
-1748.633
0
VERTEX
8
L0D0
10
-1699.17
20
-1745.509
0
VERTEX
8
L0D0
10
-1701.896
20
-1742.334
0
VERTEX
8
L0D0
10
-1704.56
20
-1739.107
0
VERTEX
8
L0D0
10
-1707.164
20
-1735.831
0
VERTEX
8
L0D0
10
-1709.704
20
-1732.506
0
VERTEX
8
L0D0
10
-1712.181
20
-1729.133
0
VERTEX
8
L0D0
10
-1714.594
20
-1725.714
0
VERTEX
8
L0D0
10
-1716.942
20
-1722.25
0
VERTEX
8
L0D0
10
-1719.224
20
-1718.742
0
VERTEX
8
L0D0
10
-1721.438
20
-1715.192
0
VERTEX
8
L0D0
10
-1723.586
20
-1711.6
0
VERTEX
8
L0D0
10
-1725.665
20
-1707.968
0
VERTEX
8
L0D0
10
-1727.674
20
-1704.298
0
VERTEX
8
L0D0
10
-1729.614
20
-1700.59
0
VERTEX
8
L0D0
10
-1731.483
20
-1696.846
0
VERTEX
8
L0D0
10
-1733.281
20
-1693.067
0
VERTEX
8
L0D0
10
-1735.008
20
-1689.255
0
VERTEX
8
L0D0
10
-1736.661
20
-1685.411
0
VERTEX
8
L0D0
10
-1738.242
20
-1681.537
0
VERTEX
8
L0D0
10
-1739.749
20
-1677.633
0
VERTEX
8
L0D0
10
-1741.182
20
-1673.701
0
VERTEX
8
L0D0
10
-1742.54
20
-1669.743
0
VERTEX
8
L0D0
10
-1743.823
20
-1665.76
0
VERTEX
8
L0D0
10
-1745.03
20
-1661.753
0
VERTEX
8
L0D0
10
-1746.161
20
-1657.724
0
VERTEX
8
L0D0
10
-1747.216
20
-1653.675
0
VERTEX
8
L0D0
10
-1748.194
20
-1649.606
0
VERTEX
8
L0D0
10
-1749.095
20
-1645.519
0
VERTEX
8
L0D0
10
-1749.918
20
-1641.416
0
VERTEX
8
L0D0
10
-1750.663
20
-1637.299
0
VERTEX
8
L0D0
10
-1751.33
20
-1633.168
0
VERTEX
8
L0D0
10
-1751.919
20
-1629.025
0
VERTEX
8
L0D0
10
-1752.429
20
-1624.871
0
VERTEX
8
L0D0
10
-1752.861
20
-1620.709
0
VERTEX
8
L0D0
10
-1753.214
20
-1616.539
0
VERTEX
8
L0D0
10
-1753.487
20
-1612.363
0
VERTEX
8
L0D0
10
-1753.682
20
-1608.183
0
VERTEX
8
L0D0
10
-1753.797
20
-1604
0
VERTEX
8
L0D0
10
-1753.833
20
-1599.826
0
VERTEX
8
L0D0
10
-1753.833
20
-1599.816
0
VERTEX
8
L0D0
10
-1753.167
20
-799.816
0
VERTEX
8
L0D0
10
-1753.124
20
-795.636
0
VERTEX
8
L0D0
10
-1753.001
20
-791.457
0
VERTEX
8
L0D0
10
-1752.8
20
-787.282
0
VERTEX
8
L0D0
10
-1752.52
20
-783.111
0
VERTEX
8
L0D0
10
-1752.161
20
-778.946
0
VERTEX
8
L0D0
10
-1751.724
20
-774.789
0
VERTEX
8
L0D0
10
-1751.208
20
-770.641
0
VERTEX
8
L0D0
10
-1750.613
20
-766.503
0
VERTEX
8
L0D0
10
-1749.941
20
-762.378
0
VERTEX
8
L0D0
10
-1749.19
20
-758.265
0
VERTEX
8
L0D0
10
-1748.362
20
-754.168
0
VERTEX
8
L0D0
10
-1747.456
20
-750.087
0
VERTEX
8
L0D0
10
-1746.474
20
-746.024
0
VERTEX
8
L0D0
10
-1745.415
20
-741.98
0
VERTEX
8
L0D0
10
-1744.279
20
-737.957
0
VERTEX
8
L0D0
10
-1743.068
20
-733.956
0
VERTEX
8
L0D0
10
-1741.781
20
-729.979
0
VERTEX
8
L0D0
10
-1740.419
20
-726.027
0
VERTEX
8
L0D0
10
-1738.982
20
-722.101
0
VERTEX
8
L0D0
10
-1737.472
20
-718.204
0
VERTEX
8
L0D0
10
-1735.888
20
-714.335
0
VERTEX
8
L0D0
10
-1734.232
20
-710.497
0
VERTEX
8
L0D0
10
-1732.503
20
-706.691
0
VERTEX
8
L0D0
10
-1730.702
20
-702.919
0
VERTEX
8
L0D0
10
-1728.83
20
-699.181
0
VERTEX
8
L0D0
10
-1726.888
20
-695.479
0
VERTEX
8
L0D0
10
-1724.876
20
-691.815
0
VERTEX
8
L0D0
10
-1722.796
20
-688.19
0
VERTEX
8
L0D0
10
-1720.647
20
-684.604
0
VERTEX
8
L0D0
10
-1718.43
20
-681.06
0
VERTEX
8
L0D0
10
-1716.147
20
-677.558
0
VERTEX
8
L0D0
10
-1713.799
20
-674.1
0
VERTEX
8
L0D0
10
-1711.385
20
-670.687
0
VERTEX
8
L0D0
10
-1708.907
20
-667.321
0
VERTEX
8
L0D0
10
-1706.366
20
-664.001
0
VERTEX
8
L0D0
10
-1703.762
20
-660.731
0
VERTEX
8
L0D0
10
-1701.098
20
-657.51
0
VERTEX
8
L0D0
10
-1698.372
20
-654.341
0
VERTEX
8
L0D0
10
-1695.588
20
-651.223
0
VERTEX
8
L0D0
10
-1692.744
20
-648.159
0
VERTEX
8
L0D0
10
-1689.844
20
-645.149
0
VERTEX
8
L0D0
10
-1686.887
20
-642.194
0
VERTEX
8
L0D0
10
-1683.874
20
-639.296
0
VERTEX
8
L0D0
10
-1680.807
20
-636.455
0
VERTEX
8
L0D0
10
-1677.688
20
-633.673
0
VERTEX
8
L0D0
10
-1674.516
20
-630.95
0
VERTEX
8
L0D0
10
-1671.293
20
-628.288
0
VERTEX
8
L0D0
10
-1668.02
20
-625.687
0
VERTEX
8
L0D0
10
-1664.699
20
-623.149
0
VERTEX
8
L0D0
10
-1661.33
20
-620.674
0
VERTEX
8
L0D0
10
-1657.915
20
-618.263
0
VERTEX
8
L0D0
10
-1654.455
20
-615.917
0
VERTEX
8
L0D0
10
-1650.952
20
-613.637
0
VERTEX
8
L0D0
10
-1647.406
20
-611.424
0
VERTEX
8
L0D0
10
-1643.818
20
-609.278
0
VERTEX
8
L0D0
10
-1640.191
20
-607.2
0
VERTEX
8
L0D0
10
-1636.525
20
-605.192
0
VERTEX
8
L0D0
10
-1632.822
20
-603.253
0
VERTEX
8
L0D0
10
-1629.082
20
-601.384
0
VERTEX
8
L0D0
10
-1625.308
20
-599.586
0
VERTEX
8
L0D0
10
-1621.501
20
-597.861
0
VERTEX
8
L0D0
10
-1617.662
20
-596.207
0
VERTEX
8
L0D0
10
-1613.792
20
-594.626
0
VERTEX
8
L0D0
10
-1609.893
20
-593.119
0
VERTEX
8
L0D0
10
-1605.966
20
-591.686
0
VERTEX
8
L0D0
10
-1602.013
20
-590.328
0
VERTEX
8
L0D0
10
-1598.034
20
-589.044
0
VERTEX
8
L0D0
10
-1594.033
20
-587.836
0
VERTEX
8
L0D0
10
-1590.009
20
-586.704
0
VERTEX
8
L0D0
10
-1585.964
20
-585.648
0
VERTEX
8
L0D0
10
-1581.9
20
-584.669
0
VERTEX
8
L0D0
10
-1577.818
20
-583.767
0
VERTEX
8
L0D0
10
-1573.72
20
-582.942
0
VERTEX
8
L0D0
10
-1569.608
20
-582.195
0
VERTEX
8
L0D0
10
-1565.481
20
-581.525
0
VERTEX
8
L0D0
10
-1561.343
20
-580.934
0
VERTEX
8
L0D0
10
-1557.194
20
-580.422
0
VERTEX
8
L0D0
10
-1553.037
20
-579.988
0
VERTEX
8
L0D0
10
-1548.872
20
-579.632
0
VERTEX
8
L0D0
10
-1544.701
20
-579.356
0
VERTEX
8
L0D0
10
-1540.525
20
-579.158
0
VERTEX
8
L0D0
10
-1536.347
20
-579.04
0
VERTEX
8
L0D0
10
-1532.167
20
-579
0
VERTEX
8
L0D0
10
-1450
20
-579
0
VERTEX
8
L0D0
10
-1446.201
20
-578.96
0
VERTEX
8
L0D0
10
-1442.403
20
-578.839
0
VERTEX
8
L0D0
10
-1438.609
20
-578.637
0
VERTEX
8
L0D0
10
-1434.82
20
-578.355
0
VERTEX
8
L0D0
10
-1431.038
20
-577.993
0
VERTEX
8
L0D0
10
-1427.264
20
-577.55
0
VERTEX
8
L0D0
10
-1423.5
20
-577.028
0
VERTEX
8
L0D0
10
-1419.749
20
-576.425
0
VERTEX
8
L0D0
10
-1416.011
20
-575.743
0
VERTEX
8
L0D0
10
-1412.288
20
-574.982
0
VERTEX
8
L0D0
10
-1408.583
20
-574.143
0
VERTEX
8
L0D0
10
-1404.896
20
-573.224
0
VERTEX
8
L0D0
10
-1401.229
20
-572.228
0
VERTEX
8
L0D0
10
-1397.585
20
-571.154
0
VERTEX
8
L0D0
10
-1393.964
20
-570.003
0
VERTEX
8
L0D0
10
-1390.368
20
-568.775
0
VERTEX
8
L0D0
10
-1386.799
20
-567.471
0
VERTEX
8
L0D0
10
-1383.259
20
-566.092
0
VERTEX
8
L0D0
10
-1379.748
20
-564.638
0
VERTEX
8
L0D0
10
-1376.27
20
-563.11
0
VERTEX
8
L0D0
10
-1372.824
20
-561.508
0
VERTEX
8
L0D0
10
-1369.414
20
-559.834
0
VERTEX
8
L0D0
10
-1366.039
20
-558.087
0
VERTEX
8
L0D0
10
-1362.703
20
-556.27
0
VERTEX
8
L0D0
10
-1359.405
20
-554.381
0
VERTEX
8
L0D0
10
-1356.149
20
-552.424
0
VERTEX
8
L0D0
10
-1352.935
20
-550.397
0
VERTEX
8
L0D0
10
-1349.765
20
-548.303
0
VERTEX
8
L0D0
10
-1346.639
20
-546.142
0
VERTEX
8
L0D0
10
-1343.561
20
-543.915
0
VERTEX
8
L0D0
10
-1340.53
20
-541.624
0
VERTEX
8
L0D0
10
-1337.549
20
-539.268
0
VERTEX
8
L0D0
10
-1334.618
20
-536.85
0
VERTEX
8
L0D0
10
-1331.739
20
-534.37
0
VERTEX
8
L0D0
10
-1328.914
20
-531.83
0
VERTEX
8
L0D0
10
-1326.143
20
-529.23
0
VERTEX
8
L0D0
10
-1323.428
20
-526.572
0
VERTEX
8
L0D0
10
-1320.77
20
-523.857
0
VERTEX
8
L0D0
10
-1318.17
20
-521.086
0
VERTEX
8
L0D0
10
-1315.63
20
-518.261
0
VERTEX
8
L0D0
10
-1313.15
20
-515.382
0
VERTEX
8
L0D0
10
-1310.732
20
-512.451
0
VERTEX
8
L0D0
10
-1308.376
20
-509.47
0
VERTEX
8
L0D0
10
-1306.085
20
-506.439
0
VERTEX
8
L0D0
10
-1303.858
20
-503.361
0
VERTEX
8
L0D0
10
-1301.697
20
-500.235
0
VERTEX
8
L0D0
10
-1299.603
20
-497.065
0
VERTEX
8
L0D0
10
-1297.576
20
-493.851
0
VERTEX
8
L0D0
10
-1295.619
20
-490.595
0
VERTEX
8
L0D0
10
-1293.73
20
-487.297
0
VERTEX
8
L0D0
10
-1291.913
20
-483.961
0
VERTEX
8
L0D0
10
-1290.166
20
-480.586
0
VERTEX
8
L0D0
10
-1288.492
20
-477.176
0
VERTEX
8
L0D0
10
-1286.89
20
-473.73
0
VERTEX
8
L0D0
10
-1285.362
20
-470.252
0
VERTEX
8
L0D0
10
-1283.908
20
-466.741
0
VERTEX
8
L0D0
10
-1282.529
20
-463.201
0
VERTEX
8
L0D0
10
-1281.225
20
-459.632
0
VERTEX
8
L0D0
10
-1279.997
20
-456.036
0
VERTEX
8
L0D0
10
-1278.846
20
-452.415
0
VERTEX
8
L0D0
10
-1277.772
20
-448.771
0
VERTEX
8
L0D0
10
-1276.776
20
-445.104
0
VERTEX
8
L0D0
10
-1275.857
20
-441.417
0
VERTEX
8
L0D0
10
-1275.018
20
-437.712
0
VERTEX
8
L0D0
10
-1274.257
20
-433.989
0
VERTEX
8
L0D0
10
-1273.575
20
-430.251
0
VERTEX
8
L0D0
10
-1272.972
20
-426.5
0
VERTEX
8
L0D0
10
-1272.45
20
-422.736
0
VERTEX
8
L0D0
10
-1272.007
20
-418.962
0
VERTEX
8
L0D0
10
-1271.645
20
-415.18
0
VERTEX
8
L0D0
10
-1271.363
20
-411.391
0
VERTEX
8
L0D0
10
-1271.161
20
-407.597
0
VERTEX
8
L0D0
10
-1271.04
20
-403.799
0
VERTEX
8
L0D0
10
-1271
20
-400
0
VERTEX
8
L0D0
10
-1271
20
1000
0
VERTEX
8
L0D0
10
-1271.04
20
1003.799
0
VERTEX
8
L0D0
10
-1271.161
20
1007.597
0
VERTEX
8
L0D0
10
-1271.363
20
1011.391
0
VERTEX
8
L0D0
10
-1271.645
20
1015.18
0
VERTEX
8
L0D0
10
-1272.007
20
1018.962
0
VERTEX
8
L0D0
10
-1272.45
20
1022.736
0
VERTEX
8
L0D0
10
-1272.972
20
1026.5
0
VERTEX
8
L0D0
10
-1273.575
20
1030.251
0
VERTEX
8
L0D0
10
-1274.257
20
1033.989
0
VERTEX
8
L0D0
10
-1275.018
20
1037.712
0
VERTEX
8
L0D0
10
-1275.857
20
1041.417
0
VERTEX
8
L0D0
10
-1276.776
20
1045.104
0
VERTEX
8
L0D0
10
-1277.772
20
1048.771
0
VERTEX
8
L0D0
10
-1278.846
20
1052.415
0
VERTEX
8
L0D0
10
-1279.997
20
1056.036
0
VERTEX
8
L0D0
10
-1281.225
20
1059.632
0
VERTEX
8
L0D0
10
-1282.529
20
1063.201
0
VERTEX
8
L0D0
10
-1283.908
20
1066.741
0
VERTEX
8
L0D0
10
-1285.362
20
1070.252
0
VERTEX
8
L0D0
10
-1286.89
20
1073.73
0
VERTEX
8
L0D0
10
-1288.492
20
1077.176
0
VERTEX
8
L0D0
10
-1290.166
20
1080.586
0
VERTEX
8
L0D0
10
-1291.913
20
1083.961
0
VERTEX
8
L0D0
10
-1293.73
20
1087.297
0
VERTEX
8
L0D0
10
-1295.619
20
1090.595
0
VERTEX
8
L0D0
10
-1297.576
20
1093.851
0
VERTEX
8
L0D0
10
-1299.603
20
1097.065
0
VERTEX
8
L0D0
10
-1301.697
20
1100.235
0
VERTEX
8
L0D0
10
-1303.858
20
1103.361
0
VERTEX
8
L0D0
10
-1306.085
20
1106.439
0
VERTEX
8
L0D0
10
-1308.376
20
1109.47
0
VERTEX
8
L0D0
10
-1310.732
20
1112.451
0
VERTEX
8
L0D0
10
-1313.15
20
1115.382
0
VERTEX
8
L0D0
10
-1315.63
20
1118.261
0
VERTEX
8
L0D0
10
-1318.17
20
1121.086
0
VERTEX
8
L0D0
10
-1320.77
20
1123.857
0
VERTEX
8
L0D0
10
-1323.428
20
1126.572
0
VERTEX
8
L0D0
10
-1326.143
20
1129.23
0
VERTEX
8
L0D0
10
-1328.914
20
1131.83
0
VERTEX
8
L0D0
10
-1331.739
20
1134.37
0
VERTEX
8
L0D0
10
-1334.618
20
1136.85
0
VERTEX
8
L0D0
10
-1337.549
20
1139.268
0
VERTEX
8
L0D0
10
-1340.53
20
1141.624
0
VERTEX
8
L0D0
10
-1343.561
20
1143.915
0
VERTEX
8
L0D0
10
-1346.639
20
1146.142
0
VERTEX
8
L0D0
10
-1349.765
20
1148.303
0
VERTEX
8
L0D0
10
-1352.935
20
1150.397
0
VERTEX
8
L0D0
10
-1356.149
20
1152.424
0
VERTEX
8
L0D0
10
-1359.405
20
1154.381
0
VERTEX
8
L0D0
10
-1362.703
20
1156.27
0
VERTEX
8
L0D0
10
-1366.039
20
1158.087
0
VERTEX
8
L0D0
10
-1369.414
20
1159.834
0
VERTEX
8
L0D0
10
-1372.824
20
1161.508
0
VERTEX
8
L0D0
10
-1376.27
20
1163.11
0
VERTEX
8
L0D0
10
-1379.748
20
1164.638
0
VERTEX
8
L0D0
10
-1383.259
20
1166.092
0
VERTEX
8
L0D0
10
-1386.799
20
1167.471
0
VERTEX
8
L0D0
10
-1390.368
20
1168.775
0
VERTEX
8
L0D0
10
-1393.964
20
1170.003
0
VERTEX
8
L0D0
10
-1397.585
20
1171.154
0
VERTEX
8
L0D0
10
-1401.229
20
1172.228
0
VERTEX
8
L0D0
10
-1404.896
20
1173.224
0
VERTEX
8
L0D0
10
-1408.583
20
1174.143
0
VERTEX
8
L0D0
10
-1412.288
20
1174.982
0
VERTEX
8
L0D0
10
-1416.011
20
1175.743
0
VERTEX
8
L0D0
10
-1419.749
20
1176.425
0
VERTEX
8
L0D0
10
-1423.5
20
1177.028
0
VERTEX
8
L0D0
10
-1427.264
20
1177.55
0
VERTEX
8
L0D0
10
-1431.038
20
1177.993
0
VERTEX
8
L0D0
10
-1434.82
20
1178.355
0
VERTEX
8
L0D0
10
-1438.609
20
1178.637
0
VERTEX
8
L0D0
10
-1442.403
20
1178.839
0
VERTEX
8
L0D0
10
-1446.201
20
1178.96
0
VERTEX
8
L0D0
10
-1450
20
1179
0
VERTEX
8
L0D0
10
-1560
20
1179
0
VERTEX
8
L0D0
10
-1586
20
1170.15
0
VERTEX
8
L0D0
10
-1676
20
1170.15
0
VERTEX
8
L0D0
10
-1776
20
1050
0
VERTEX
8
L0D0
10
-2026
20
1050
0
VERTEX
8
L0D0
10
-2026
20
1300
0
VERTEX
8
L0D0
10
-1976
20
1300
0
VERTEX
8
L0D0
10
-1976
20
1100
0
VERTEX
8
L0D0
10
-1776
20
1100
0
VERTEX
8
L0D0
10
-1676
20
1185.15
0
VERTEX
8
L0D0
10
-1656.8
20
1185.15
0
VERTEX
8
L0D0
10
-1656.8
20
1191.75
0
VERTEX
8
L0D0
10
-1606.7
20
1191.75
0
VERTEX
8
L0D0
10
-1606.7
20
1195.05
0
VERTEX
8
L0D0
10
-1656.8
20
1195.05
0
VERTEX
8
L0D0
10
-1656.8
20
1204.95
0
VERTEX
8
L0D0
10
-1606.7
20
1204.95
0
VERTEX
8
L0D0
10
-1606.7
20
1208.25
0
VERTEX
8
L0D0
10
-1656.8
20
1208.25
0
VERTEX
8
L0D0
10
-1656.8
20
1214.85
0
VERTEX
8
L0D0
10
-1646.9
20
1214.85
0
VERTEX
8
L0D0
10
-1646.9
20
1211.55
0
VERTEX
8
L0D0
10
-1596.8
20
1211.55
0
VERTEX
8
L0D0
10
-1596.8
20
1201.65
0
VERTEX
8
L0D0
10
-1646.9
20
1201.65
0
VERTEX
8
L0D0
10
-1646.9
20
1198.35
0
VERTEX
8
L0D0
10
-1596.8
20
1198.35
0
VERTEX
8
L0D0
10
-1596.8
20
1188.45
0
VERTEX
8
L0D0
10
-1646.9
20
1188.45
0
VERTEX
8
L0D0
10
-1646.9
20
1185.15
0
VERTEX
8
L0D0
10
-1586
20
1185.15
0
VERTEX
8
L0D0
10
-1560
20
1191
0
VERTEX
8
L0D0
10
-1450
20
1191
0
VERTEX
8
L0D0
10
-1446.104
20
1190.96
0
VERTEX
8
L0D0
10
-1442.209
20
1190.841
0
VERTEX
8
L0D0
10
-1438.318
20
1190.642
0
VERTEX
8
L0D0
10
-1434.432
20
1190.364
0
VERTEX
8
L0D0
10
-1430.552
20
1190.007
0
VERTEX
8
L0D0
10
-1426.68
20
1189.571
0
VERTEX
8
L0D0
10
-1422.818
20
1189.056
0
VERTEX
8
L0D0
10
-1418.967
20
1188.462
0
VERTEX
8
L0D0
10
-1415.129
20
1187.79
0
VERTEX
8
L0D0
10
-1411.306
20
1187.039
0
VERTEX
8
L0D0
10
-1407.499
20
1186.211
0
VERTEX
8
L0D0
10
-1403.709
20
1185.306
0
VERTEX
8
L0D0
10
-1399.939
20
1184.323
0
VERTEX
8
L0D0
10
-1396.189
20
1183.263
0
VERTEX
8
L0D0
10
-1392.462
20
1182.127
0
VERTEX
8
L0D0
10
-1388.759
20
1180.916
0
VERTEX
8
L0D0
10
-1385.081
20
1179.629
0
VERTEX
8
L0D0
10
-1381.43
20
1178.267
0
VERTEX
8
L0D0
10
-1377.808
20
1176.831
0
VERTEX
8
L0D0
10
-1374.216
20
1175.322
0
VERTEX
8
L0D0
10
-1370.656
20
1173.74
0
VERTEX
8
L0D0
10
-1367.128
20
1172.085
0
VERTEX
8
L0D0
10
-1363.635
20
1170.359
0
VERTEX
8
L0D0
10
-1360.178
20
1168.562
0
VERTEX
8
L0D0
10
-1356.758
20
1166.694
0
VERTEX
8
L0D0
10
-1353.377
20
1164.758
0
VERTEX
8
L0D0
10
-1350.037
20
1162.752
0
VERTEX
8
L0D0
10
-1346.738
20
1160.679
0
VERTEX
8
L0D0
10
-1343.481
20
1158.54
0
VERTEX
8
L0D0
10
-1340.27
20
1156.334
0
VERTEX
8
L0D0
10
-1337.104
20
1154.063
0
VERTEX
8
L0D0
10
-1333.984
20
1151.728
0
VERTEX
8
L0D0
10
-1330.913
20
1149.33
0
VERTEX
8
L0D0
10
-1327.892
20
1146.87
0
VERTEX
8
L0D0
10
-1324.922
20
1144.348
0
VERTEX
8
L0D0
10
-1322.003
20
1141.767
0
VERTEX
8
L0D0
10
-1319.138
20
1139.126
0
VERTEX
8
L0D0
10
-1316.327
20
1136.428
0
VERTEX
8
L0D0
10
-1313.572
20
1133.673
0
VERTEX
8
L0D0
10
-1310.874
20
1130.862
0
VERTEX
8
L0D0
10
-1308.233
20
1127.997
0
VERTEX
8
L0D0
10
-1305.652
20
1125.078
0
VERTEX
8
L0D0
10
-1303.13
20
1122.108
0
VERTEX
8
L0D0
10
-1300.67
20
1119.087
0
VERTEX
8
L0D0
10
-1298.272
20
1116.016
0
VERTEX
8
L0D0
10
-1295.937
20
1112.896
0
VERTEX
8
L0D0
10
-1293.666
20
1109.73
0
VERTEX
8
L0D0
10
-1291.46
20
1106.519
0
VERTEX
8
L0D0
10
-1289.321
20
1103.262
0
VERTEX
8
L0D0
10
-1287.248
20
1099.963
0
VERTEX
8
L0D0
10
-1285.242
20
1096.623
0
VERTEX
8
L0D0
10
-1283.306
20
1093.242
0
VERTEX
8
L0D0
10
-1281.438
20
1089.822
0
VERTEX
8
L0D0
10
-1279.641
20
1086.365
0
VERTEX
8
L0D0
10
-1277.915
20
1082.872
0
VERTEX
8
L0D0
10
-1276.26
20
1079.344
0
VERTEX
8
L0D0
10
-1274.678
20
1075.784
0
VERTEX
8
L0D0
10
-1273.169
20
1072.192
0
VERTEX
8
L0D0
10
-1271.733
20
1068.57
0
VERTEX
8
L0D0
10
-1270.371
20
1064.919
0
VERTEX
8
L0D0
10
-1269.084
20
1061.241
0
VERTEX
8
L0D0
10
-1267.873
20
1057.538
0
VERTEX
8
L0D0
10
-1266.737
20
1053.811
0
VERTEX
8
L0D0
10
-1265.677
20
1050.061
0
VERTEX
8
L0D0
10
-1264.694
20
1046.291
0
VERTEX
8
L0D0
10
-1263.789
20
1042.501
0
VERTEX
8
L0D0
10
-1262.961
20
1038.694
0
VERTEX
8
L0D0
10
-1262.21
20
1034.871
0
VERTEX
8
L0D0
10
-1261.538
20
1031.033
0
VERTEX
8
L0D0
10
-1260.944
20
1027.182
0
VERTEX
8
L0D0
10
-1260.429
20
1023.32
0
VERTEX
8
L0D0
10
-1259.993
20
1019.448
0
VERTEX
8
L0D0
10
-1259.636
20
1015.568
0
VERTEX
8
L0D0
10
-1259.358
20
1011.682
0
VERTEX
8
L0D0
10
-1259.159
20
1007.791
0
VERTEX
8
L0D0
10
-1259.04
20
1003.896
0
VERTEX
8
L0D0
10
-1259
20
1000
0
VERTEX
8
L0D0
10
-1259
20
-400
0
VERTEX
8
L0D0
10
-1259.04
20
-403.896
0
VERTEX
8
L0D0
10
-1259.159
20
-407.791
0
VERTEX
8
L0D0
10
-1259.358
20
-411.682
0
VERTEX
8
L0D0
10
-1259.636
20
-415.568
0
VERTEX
8
L0D0
10
-1259.993
20
-419.448
0
VERTEX
8
L0D0
10
-1260.429
20
-423.32
0
VERTEX
8
L0D0
10
-1260.944
20
-427.182
0
VERTEX
8
L0D0
10
-1261.538
20
-431.033
0
VERTEX
8
L0D0
10
-1262.21
20
-434.871
0
VERTEX
8
L0D0
10
-1262.961
20
-438.694
0
VERTEX
8
L0D0
10
-1263.789
20
-442.501
0
VERTEX
8
L0D0
10
-1264.694
20
-446.291
0
VERTEX
8
L0D0
10
-1265.677
20
-450.061
0
VERTEX
8
L0D0
10
-1266.737
20
-453.811
0
VERTEX
8
L0D0
10
-1267.873
20
-457.538
0
VERTEX
8
L0D0
10
-1269.084
20
-461.241
0
VERTEX
8
L0D0
10
-1270.371
20
-464.919
0
VERTEX
8
L0D0
10
-1271.733
20
-468.57
0
VERTEX
8
L0D0
10
-1273.169
20
-472.192
0
VERTEX
8
L0D0
10
-1274.678
20
-475.784
0
VERTEX
8
L0D0
10
-1276.26
20
-479.344
0
VERTEX
8
L0D0
10
-1277.915
20
-482.872
0
VERTEX
8
L0D0
10
-1279.641
20
-486.365
0
VERTEX
8
L0D0
10
-1281.438
20
-489.822
0
VERTEX
8
L0D0
10
-1283.306
20
-493.242
0
VERTEX
8
L0D0
10
-1285.242
20
-496.623
0
VERTEX
8
L0D0
10
-1287.248
20
-499.963
0
VERTEX
8
L0D0
10
-1289.321
20
-503.262
0
VERTEX
8
L0D0
10
-1291.46
20
-506.519
0
VERTEX
8
L0D0
10
-1293.666
20
-509.73
0
VERTEX
8
L0D0
10
-1295.937
20
-512.896
0
VERTEX
8
L0D0
10
-1298.272
20
-516.016
0
VERTEX
8
L0D0
10
-1300.67
20
-519.087
0
VERTEX
8
L0D0
10
-1303.13
20
-522.108
0
VERTEX
8
L0D0
10
-1305.652
20
-525.078
0
VERTEX
8
L0D0
10
-1308.233
20
-527.997
0
VERTEX
8
L0D0
10
-1310.874
20
-530.862
0
VERTEX
8
L0D0
10
-1313.572
20
-533.673
0
VERTEX
8
L0D0
10
-1316.327
20
-536.428
0
VERTEX
8
L0D0
10
-1319.138
20
-539.126
0
VERTEX
8
L0D0
10
-1322.003
20
-541.767
0
VERTEX
8
L0D0
10
-1324.922
20
-544.348
0
VERTEX
8
L0D0
10
-1327.892
20
-546.87
0
VERTEX
8
L0D0
10
-1330.913
20
-549.33
0
VERTEX
8
L0D0
10
-1333.984
20
-551.728
0
VERTEX
8
L0D0
10
-1337.104
20
-554.063
0
VERTEX
8
L0D0
10
-1340.27
20
-556.334
0
VERTEX
8
L0D0
10
-1343.481
20
-558.54
0
VERTEX
8
L0D0
10
-1346.738
20
-560.679
0
VERTEX
8
L0D0
10
-1350.037
20
-562.752
0
VERTEX
8
L0D0
10
-1353.377
20
-564.758
0
VERTEX
8
L0D0
10
-1356.758
20
-566.694
0
VERTEX
8
L0D0
10
-1360.178
20
-568.562
0
VERTEX
8
L0D0
10
-1363.635
20
-570.359
0
VERTEX
8
L0D0
10
-1367.128
20
-572.085
0
VERTEX
8
L0D0
10
-1370.656
20
-573.74
0
VERTEX
8
L0D0
10
-1374.216
20
-575.322
0
VERTEX
8
L0D0
10
-1377.808
20
-576.831
0
VERTEX
8
L0D0
10
-1381.43
20
-578.267
0
VERTEX
8
L0D0
10
-1385.081
20
-579.629
0
VERTEX
8
L0D0
10
-1388.759
20
-580.916
0
VERTEX
8
L0D0
10
-1392.462
20
-582.127
0
VERTEX
8
L0D0
10
-1396.189
20
-583.263
0
VERTEX
8
L0D0
10
-1399.939
20
-584.323
0
VERTEX
8
L0D0
10
-1403.709
20
-585.306
0
VERTEX
8
L0D0
10
-1407.499
20
-586.211
0
VERTEX
8
L0D0
10
-1411.306
20
-587.039
0
VERTEX
8
L0D0
10
-1415.129
20
-587.79
0
VERTEX
8
L0D0
10
-1418.967
20
-588.462
0
VERTEX
8
L0D0
10
-1422.818
20
-589.056
0
VERTEX
8
L0D0
10
-1426.68
20
-589.571
0
VERTEX
8
L0D0
10
-1430.552
20
-590.007
0
VERTEX
8
L0D0
10
-1434.432
20
-590.364
0
VERTEX
8
L0D0
10
-1438.318
20
-590.642
0
VERTEX
8
L0D0
10
-1442.209
20
-590.841
0
VERTEX
8
L0D0
10
-1446.104
20
-590.96
0
VERTEX
8
L0D0
10
-1450
20
-591
0
VERTEX
8
L0D0
10
-1532.167
20
-591
0
VERTEX
8
L0D0
10
-1536.268
20
-591.04
0
VERTEX
8
L0D0
10
-1540.368
20
-591.161
0
VERTEX
8
L0D0
10
-1544.464
20
-591.362
0
VERTEX
8
L0D0
10
-1548.556
20
-591.644
0
VERTEX
8
L0D0
10
-1552.641
20
-592.005
0
VERTEX
8
L0D0
10
-1556.719
20
-592.447
0
VERTEX
8
L0D0
10
-1560.787
20
-592.969
0
VERTEX
8
L0D0
10
-1564.844
20
-593.57
0
VERTEX
8
L0D0
10
-1568.889
20
-594.251
0
VERTEX
8
L0D0
10
-1572.919
20
-595.012
0
VERTEX
8
L0D0
10
-1576.934
20
-595.851
0
VERTEX
8
L0D0
10
-1580.931
20
-596.769
0
VERTEX
8
L0D0
10
-1584.91
20
-597.765
0
VERTEX
8
L0D0
10
-1588.868
20
-598.839
0
VERTEX
8
L0D0
10
-1592.805
20
-599.99
0
VERTEX
8
L0D0
10
-1596.718
20
-601.218
0
VERTEX
8
L0D0
10
-1600.606
20
-602.523
0
VERTEX
8
L0D0
10
-1604.468
20
-603.904
0
VERTEX
8
L0D0
10
-1608.302
20
-605.361
0
VERTEX
8
L0D0
10
-1612.107
20
-606.893
0
VERTEX
8
L0D0
10
-1615.881
20
-608.498
0
VERTEX
8
L0D0
10
-1619.623
20
-610.178
0
VERTEX
8
L0D0
10
-1623.331
20
-611.931
0
VERTEX
8
L0D0
10
-1627.004
20
-613.756
0
VERTEX
8
L0D0
10
-1630.641
20
-615.653
0
VERTEX
8
L0D0
10
-1634.239
20
-617.621
0
VERTEX
8
L0D0
10
-1637.798
20
-619.659
0
VERTEX
8
L0D0
10
-1641.317
20
-621.766
0
VERTEX
8
L0D0
10
-1644.793
20
-623.943
0
VERTEX
8
L0D0
10
-1648.226
20
-626.187
0
VERTEX
8
L0D0
10
-1651.615
20
-628.498
0
VERTEX
8
L0D0
10
-1654.957
20
-630.875
0
VERTEX
8
L0D0
10
-1658.252
20
-633.317
0
VERTEX
8
L0D0
10
-1661.499
20
-635.823
0
VERTEX
8
L0D0
10
-1664.696
20
-638.392
0
VERTEX
8
L0D0
10
-1667.842
20
-641.024
0
VERTEX
8
L0D0
10
-1670.935
20
-643.717
0
VERTEX
8
L0D0
10
-1673.975
20
-646.47
0
VERTEX
8
L0D0
10
-1676.961
20
-649.283
0
VERTEX
8
L0D0
10
-1679.89
20
-652.153
0
VERTEX
8
L0D0
10
-1682.763
20
-655.08
0
VERTEX
8
L0D0
10
-1685.578
20
-658.064
0
VERTEX
8
L0D0
10
-1688.334
20
-661.101
0
VERTEX
8
L0D0
10
-1691.029
20
-664.193
0
VERTEX
8
L0D0
10
-1693.664
20
-667.336
0
VERTEX
8
L0D0
10
-1696.236
20
-670.531
0
VERTEX
8
L0D0
10
-1698.745
20
-673.775
0
VERTEX
8
L0D0
10
-1701.19
20
-677.068
0
VERTEX
8
L0D0
10
-1703.569
20
-680.409
0
VERTEX
8
L0D0
10
-1705.883
20
-683.795
0
VERTEX
8
L0D0
10
-1708.13
20
-687.227
0
VERTEX
8
L0D0
10
-1710.309
20
-690.701
0
VERTEX
8
L0D0
10
-1712.42
20
-694.218
0
VERTEX
8
L0D0
10
-1714.461
20
-697.776
0
VERTEX
8
L0D0
10
-1716.432
20
-701.372
0
VERTEX
8
L0D0
10
-1718.332
20
-705.007
0
VERTEX
8
L0D0
10
-1720.16
20
-708.679
0
VERTEX
8
L0D0
10
-1721.916
20
-712.385
0
VERTEX
8
L0D0
10
-1723.598
20
-716.126
0
VERTEX
8
L0D0
10
-1725.207
20
-719.898
0
VERTEX
8
L0D0
10
-1726.742
20
-723.702
0
VERTEX
8
L0D0
10
-1728.202
20
-727.535
0
VERTEX
8
L0D0
10
-1729.586
20
-731.396
0
VERTEX
8
L0D0
10
-1730.894
20
-735.283
0
VERTEX
8
L0D0
10
-1732.126
20
-739.195
0
VERTEX
8
L0D0
10
-1733.281
20
-743.131
0
VERTEX
8
L0D0
10
-1734.358
20
-747.088
0
VERTEX
8
L0D0
10
-1735.357
20
-751.066
0
VERTEX
8
L0D0
10
-1736.278
20
-755.063
0
VERTEX
8
L0D0
10
-1737.121
20
-759.077
0
VERTEX
8
L0D0
10
-1737.885
20
-763.106
0
VERTEX
8
L0D0
10
-1738.569
20
-767.15
0
VERTEX
8
L0D0
10
-1739.174
20
-771.207
0
VERTEX
8
L0D0
10
-1739.699
20
-775.275
0
VERTEX
8
L0D0
10
-1740.144
20
-779.352
0
VERTEX
8
L0D0
10
-1740.509
20
-783.437
0
VERTEX
8
L0D0
10
-1740.794
20
-787.529
0
VERTEX
8
L0D0
10
-1740.999
20
-791.625
0
VERTEX
8
L0D0
10
-1741.123
20
-795.725
0
VERTEX
8
L0D0
10
-1741.167
20
-799.826
0
VERTEX
8
L0D0
10
-1741.833
20
-1599.826
0
VERTEX
8
L0D0
10
-1741.796
20
-1603.931
0
VERTEX
8
L0D0
10
-1741.679
20
-1608.036
0
VERTEX
8
L0D0
10
-1741.481
20
-1612.137
0
VERTEX
8
L0D0
10
-1741.202
20
-1616.233
0
VERTEX
8
L0D0
10
-1740.843
20
-1620.323
0
VERTEX
8
L0D0
10
-1740.403
20
-1624.405
0
VERTEX
8
L0D0
10
-1739.884
20
-1628.478
0
VERTEX
8
L0D0
10
-1739.285
20
-1632.54
0
VERTEX
8
L0D0
10
-1738.606
20
-1636.589
0
VERTEX
8
L0D0
10
-1737.847
20
-1640.624
0
VERTEX
8
L0D0
10
-1737.009
20
-1644.644
0
VERTEX
8
L0D0
10
-1736.093
20
-1648.646
0
VERTEX
8
L0D0
10
-1735.098
20
-1652.63
0
VERTEX
8
L0D0
10
-1734.025
20
-1656.593
0
VERTEX
8
L0D0
10
-1732.875
20
-1660.534
0
VERTEX
8
L0D0
10
-1731.647
20
-1664.452
0
VERTEX
8
L0D0
10
-1730.343
20
-1668.345
0
VERTEX
8
L0D0
10
-1728.962
20
-1672.212
0
VERTEX
8
L0D0
10
-1727.506
20
-1676.051
0
VERTEX
8
L0D0
10
-1725.974
20
-1679.86
0
VERTEX
8
L0D0
10
-1724.368
20
-1683.639
0
VERTEX
8
L0D0
10
-1722.688
20
-1687.385
0
VERTEX
8
L0D0
10
-1720.935
20
-1691.098
0
VERTEX
8
L0D0
10
-1719.109
20
-1694.775
0
VERTEX
8
L0D0
10
-1717.211
20
-1698.416
0
VERTEX
8
L0D0
10
-1715.242
20
-1702.019
0
VERTEX
8
L0D0
10
-1713.203
20
-1705.583
0
VERTEX
8
L0D0
10
-1711.094
20
-1709.106
0
VERTEX
8
L0D0
10
-1708.917
20
-1712.586
0
VERTEX
8
L0D0
10
-1706.671
20
-1716.024
0
VERTEX
8
L0D0
10
-1704.358
20
-1719.416
0
VERTEX
8
L0D0
10
-1701.979
20
-1722.763
0
VERTEX
8
L0D0
10
-1699.535
20
-1726.062
0
VERTEX
8
L0D0
10
-1697.026
20
-1729.312
0
VERTEX
8
L0D0
10
-1694.455
20
-1732.512
0
VERTEX
8
L0D0
10
-1691.82
20
-1735.662
0
VERTEX
8
L0D0
10
-1689.125
20
-1738.759
0
VERTEX
8
L0D0
10
-1686.369
20
-1741.802
0
VERTEX
8
L0D0
10
-1683.554
20
-1744.791
0
VERTEX
8
L0D0
10
-1680.68
20
-1747.724
0
VERTEX
8
L0D0
10
-1677.75
20
-1750.6
0
VERTEX
8
L0D0
10
-1674.763
20
-1753.417
0
VERTEX
8
L0D0
10
-1671.722
20
-1756.176
0
VERTEX
8
L0D0
10
-1668.627
20
-1758.874
0
VERTEX
8
L0D0
10
-1665.48
20
-1761.511
0
VERTEX
8
L0D0
10
-1662.282
20
-1764.085
0
VERTEX
8
L0D0
10
-1659.034
20
-1766.597
0
VERTEX
8
L0D0
10
-1655.737
20
-1769.044
0
VERTEX
8
L0D0
10
-1652.392
20
-1771.425
0
VERTEX
8
L0D0
10
-1649.002
20
-1773.741
0
VERTEX
8
L0D0
10
-1645.566
20
-1775.989
0
VERTEX
8
L0D0
10
-1642.087
20
-1778.17
0
VERTEX
8
L0D0
10
-1638.566
20
-1780.282
0
VERTEX
8
L0D0
10
-1635.004
20
-1782.324
0
VERTEX
8
L0D0
10
-1631.403
20
-1784.296
0
VERTEX
8
L0D0
10
-1627.764
20
-1786.197
0
VERTEX
8
L0D0
10
-1624.088
20
-1788.026
0
VERTEX
8
L0D0
10
-1620.377
20
-1789.782
0
VERTEX
8
L0D0
10
-1616.632
20
-1791.465
0
VERTEX
8
L0D0
10
-1612.854
20
-1793.074
0
VERTEX
8
L0D0
10
-1609.046
20
-1794.609
0
VERTEX
8
L0D0
10
-1605.208
20
-1796.068
0
VERTEX
8
L0D0
10
-1601.343
20
-1797.452
0
VERTEX
8
L0D0
10
-1597.451
20
-1798.76
0
VERTEX
8
L0D0
10
-1593.534
20
-1799.991
0
VERTEX
8
L0D0
10
-1589.594
20
-1801.145
0
VERTEX
8
L0D0
10
-1585.631
20
-1802.221
0
VERTEX
8
L0D0
10
-1581.649
20
-1803.219
0
VERTEX
8
L0D0
10
-1577.647
20
-1804.139
0
VERTEX
8
L0D0
10
-1573.628
20
-1804.98
0
VERTEX
8
L0D0
10
-1569.594
20
-1805.742
0
VERTEX
8
L0D0
10
-1565.545
20
-1806.424
0
VERTEX
8
L0D0
10
-1561.484
20
-1807.027
0
VERTEX
8
L0D0
10
-1557.412
20
-1807.55
0
VERTEX
8
L0D0
10
-1553.33
20
-1807.993
0
VERTEX
8
L0D0
10
-1549.24
20
-1808.355
0
VERTEX
8
L0D0
10
-1545.144
20
-1808.637
0
VERTEX
8
L0D0
10
-1541.043
20
-1808.839
0
VERTEX
8
L0D0
10
-1536.939
20
-1808.96
0
VERTEX
8
L0D0
10
-1532.833
20
-1809
0
VERTEX
8
L0D0
10
-950
20
-1809
0
VERTEX
8
L0D0
10
-945.897
20
-1808.96
0
VERTEX
8
L0D0
10
-941.795
20
-1808.839
0
VERTEX
8
L0D0
10
-937.696
20
-1808.638
0
VERTEX
8
L0D0
10
-933.602
20
-1808.356
0
VERTEX
8
L0D0
10
-929.514
20
-1807.994
0
VERTEX
8
L0D0
10
-925.435
20
-1807.551
0
VERTEX
8
L0D0
10
-921.364
20
-1807.029
0
VERTEX
8
L0D0
10
-917.305
20
-1806.427
0
VERTEX
8
L0D0
10
-913.259
20
-1805.745
0
VERTEX
8
L0D0
10
-909.226
20
-1804.984
0
VERTEX
8
L0D0
10
-905.209
20
-1804.144
0
VERTEX
8
L0D0
10
-901.21
20
-1803.225
0
VERTEX
8
L0D0
10
-897.229
20
-1802.228
0
VERTEX
8
L0D0
10
-893.269
20
-1801.153
0
VERTEX
8
L0D0
10
-889.331
20
-1800.001
0
VERTEX
8
L0D0
10
-885.415
20
-1798.771
0
VERTEX
8
L0D0
10
-881.525
20
-1797.464
0
VERTEX
8
L0D0
10
-877.662
20
-1796.082
0
VERTEX
8
L0D0
10
-873.826
20
-1794.624
0
VERTEX
8
L0D0
10
-870.019
20
-1793.091
0
VERTEX
8
L0D0
10
-866.243
20
-1791.483
0
VERTEX
8
L0D0
10
-862.5
20
-1789.802
0
VERTEX
8
L0D0
10
-858.79
20
-1788.047
0
VERTEX
8
L0D0
10
-855.116
20
-1786.22
0
VERTEX
8
L0D0
10
-851.478
20
-1784.322
0
VERTEX
8
L0D0
10
-847.878
20
-1782.352
0
VERTEX
8
L0D0
10
-844.318
20
-1780.311
0
VERTEX
8
L0D0
10
-840.798
20
-1778.202
0
VERTEX
8
L0D0
10
-837.32
20
-1776.023
0
VERTEX
8
L0D0
10
-833.886
20
-1773.777
0
VERTEX
8
L0D0
10
-830.496
20
-1771.464
0
VERTEX
8
L0D0
10
-827.153
20
-1769.085
0
VERTEX
8
L0D0
10
-823.857
20
-1766.64
0
VERTEX
8
L0D0
10
-820.609
20
-1764.131
0
VERTEX
8
L0D0
10
-817.412
20
-1761.559
0
VERTEX
8
L0D0
10
-814.265
20
-1758.925
0
VERTEX
8
L0D0
10
-811.171
20
-1756.229
0
VERTEX
8
L0D0
10
-808.131
20
-1753.473
0
VERTEX
8
L0D0
10
-805.145
20
-1750.658
0
VERTEX
8
L0D0
10
-802.215
20
-1747.785
0
VERTEX
8
L0D0
10
-799.342
20
-1744.855
0
VERTEX
8
L0D0
10
-796.527
20
-1741.869
0
VERTEX
8
L0D0
10
-793.771
20
-1738.829
0
VERTEX
8
L0D0
10
-791.075
20
-1735.735
0
VERTEX
8
L0D0
10
-788.441
20
-1732.588
0
VERTEX
8
L0D0
10
-785.869
20
-1729.391
0
VERTEX
8
L0D0
10
-783.36
20
-1726.143
0
VERTEX
8
L0D0
10
-780.915
20
-1722.847
0
VERTEX
8
L0D0
10
-778.536
20
-1719.504
0
VERTEX
8
L0D0
10
-776.223
20
-1716.114
0
VERTEX
8
L0D0
10
-773.977
20
-1712.68
0
VERTEX
8
L0D0
10
-771.798
20
-1709.202
0
VERTEX
8
L0D0
10
-769.689
20
-1705.682
0
VERTEX
8
L0D0
10
-767.648
20
-1702.122
0
VERTEX
8
L0D0
10
-765.678
20
-1698.522
0
VERTEX
8
L0D0
10
-763.78
20
-1694.884
0
VERTEX
8
L0D0
10
-761.953
20
-1691.21
0
VERTEX
8
L0D0
10
-760.198
20
-1687.5
0
VERTEX
8
L0D0
10
-758.517
20
-1683.757
0
VERTEX
8
L0D0
10
-756.909
20
-1679.981
0
VERTEX
8
L0D0
10
-755.376
20
-1676.174
0
VERTEX
8
L0D0
10
-753.918
20
-1672.338
0
VERTEX
8
L0D0
10
-752.536
20
-1668.475
0
VERTEX
8
L0D0
10
-751.229
20
-1664.585
0
VERTEX
8
L0D0
10
-749.999
20
-1660.669
0
VERTEX
8
L0D0
10
-748.847
20
-1656.731
0
VERTEX
8
L0D0
10
-747.772
20
-1652.771
0
VERTEX
8
L0D0
10
-746.775
20
-1648.79
0
VERTEX
8
L0D0
10
-745.856
20
-1644.791
0
VERTEX
8
L0D0
10
-745.016
20
-1640.774
0
VERTEX
8
L0D0
10
-744.255
20
-1636.741
0
VERTEX
8
L0D0
10
-743.573
20
-1632.695
0
VERTEX
8
L0D0
10
-742.971
20
-1628.636
0
VERTEX
8
L0D0
10
-742.449
20
-1624.565
0
VERTEX
8
L0D0
10
-742.006
20
-1620.486
0
VERTEX
8
L0D0
10
-741.644
20
-1616.398
0
VERTEX
8
L0D0
10
-741.362
20
-1612.304
0
VERTEX
8
L0D0
10
-741.161
20
-1608.205
0
VERTEX
8
L0D0
10
-741.04
20
-1604.103
0
VERTEX
8
L0D0
10
-741
20
-1600
0
VERTEX
8
L0D0
10
-741
20
-200
0
VERTEX
8
L0D0
10
-740.96
20
-196.104
0
VERTEX
8
L0D0
10
-740.841
20
-192.209
0
VERTEX
8
L0D0
10
-740.642
20
-188.318
0
VERTEX
8
L0D0
10
-740.364
20
-184.432
0
VERTEX
8
L0D0
10
-740.007
20
-180.552
0
VERTEX
8
L0D0
10
-739.571
20
-176.68
0
VERTEX
8
L0D0
10
-739.056
20
-172.818
0
VERTEX
8
L0D0
10
-738.462
20
-168.967
0
VERTEX
8
L0D0
10
-737.79
20
-165.129
0
VERTEX
8
L0D0
10
-737.039
20
-161.306
0
VERTEX
8
L0D0
10
-736.211
20
-157.499
0
VERTEX
8
L0D0
10
-735.306
20
-153.709
0
VERTEX
8
L0D0
10
-734.323
20
-149.939
0
VERTEX
8
L0D0
10
-733.263
20
-146.189
0
VERTEX
8
L0D0
10
-732.127
20
-142.462
0
VERTEX
8
L0D0
10
-730.916
20
-138.759
0
VERTEX
8
L0D0
10
-729.629
20
-135.081
0
VERTEX
8
L0D0
10
-728.267
20
-131.43
0
VERTEX
8
L0D0
10
-726.831
20
-127.808
0
VERTEX
8
L0D0
10
-725.322
20
-124.216
0
VERTEX
8
L0D0
10
-723.74
20
-120.656
0
VERTEX
8
L0D0
10
-722.085
20
-117.128
0
VERTEX
8
L0D0
10
-720.359
20
-113.635
0
VERTEX
8
L0D0
10
-718.562
20
-110.178
0
VERTEX
8
L0D0
10
-716.694
20
-106.758
0
VERTEX
8
L0D0
10
-714.758
20
-103.377
0
VERTEX
8
L0D0
10
-712.752
20
-100.037
0
VERTEX
8
L0D0
10
-710.679
20
-96.738
0
VERTEX
8
L0D0
10
-708.54
20
-93.481
0
VERTEX
8
L0D0
10
-706.334
20
-90.27
0
VERTEX
8
L0D0
10
-704.063
20
-87.104
0
VERTEX
8
L0D0
10
-701.728
20
-83.984
0
VERTEX
8
L0D0
10
-699.33
20
-80.913
0
VERTEX
8
L0D0
10
-696.87
20
-77.892
0
VERTEX
8
L0D0
10
-694.348
20
-74.922
0
VERTEX
8
L0D0
10
-691.767
20
-72.003
0
VERTEX
8
L0D0
10
-689.126
20
-69.138
0
VERTEX
8
L0D0
10
-686.428
20
-66.327
0
VERTEX
8
L0D0
10
-683.673
20
-63.572
0
VERTEX
8
L0D0
10
-680.862
20
-60.874
0
VERTEX
8
L0D0
10
-677.997
20
-58.233
0
VERTEX
8
L0D0
10
-675.078
20
-55.652
0
VERTEX
8
L0D0
10
-672.108
20
-53.13
0
VERTEX
8
L0D0
10
-669.087
20
-50.67
0
VERTEX
8
L0D0
10
-666.016
20
-48.272
0
VERTEX
8
L0D0
10
-662.896
20
-45.937
0
VERTEX
8
L0D0
10
-659.73
20
-43.666
0
VERTEX
8
L0D0
10
-656.519
20
-41.46
0
VERTEX
8
L0D0
10
-653.262
20
-39.321
0
VERTEX
8
L0D0
10
-649.963
20
-37.248
0
VERTEX
8
L0D0
10
-646.623
20
-35.242
0
VERTEX
8
L0D0
10
-643.242
20
-33.306
0
VERTEX
8
L0D0
10
-639.822
20
-31.438
0
VERTEX
8
L0D0
10
-636.365
20
-29.641
0
VERTEX
8
L0D0
10
-632.872
20
-27.915
0
VERTEX
8
L0D0
10
-629.344
20
-26.26
0
VERTEX
8
L0D0
10
-625.784
20
-24.678
0
VERTEX
8
L0D0
10
-622.192
20
-23.169
0
VERTEX
8
L0D0
10
-618.57
20
-21.733
0
VERTEX
8
L0D0
10
-614.919
20
-20.371
0
VERTEX
8
L0D0
10
-611.241
20
-19.084
0
VERTEX
8
L0D0
10
-607.538
20
-17.873
0
VERTEX
8
L0D0
10
-603.811
20
-16.737
0
VERTEX
8
L0D0
10
-600.061
20
-15.677
0
VERTEX
8
L0D0
10
-596.291
20
-14.694
0
VERTEX
8
L0D0
10
-592.501
20
-13.789
0
VERTEX
8
L0D0
10
-588.694
20
-12.961
0
VERTEX
8
L0D0
10
-584.871
20
-12.21
0
VERTEX
8
L0D0
10
-581.033
20
-11.538
0
VERTEX
8
L0D0
10
-577.182
20
-10.944
0
VERTEX
8
L0D0
10
-573.32
20
-10.429
0
VERTEX
8
L0D0
10
-569.448
20
-9.993
0
VERTEX
8
L0D0
10
-565.568
20
-9.636
0
VERTEX
8
L0D0
10
-561.682
20
-9.358
0
VERTEX
8
L0D0
10
-557.791
20
-9.159
0
VERTEX
8
L0D0
10
-553.896
20
-9.04
0
VERTEX
8
L0D0
10
-550
20
-9
0
VERTEX
8
L0D0
10
-12.5
20
-9
0
VERTEX
8
L0D0
10
-12.5
20
-21
0
VERTEX
8
L0D0
10
-550
20
-21
0
VERTEX
8
L0D0
10
-553.799
20
-21.04
0
VERTEX
8
L0D0
10
-557.597
20
-21.161
0
VERTEX
8
L0D0
10
-561.391
20
-21.363
0
VERTEX
8
L0D0
10
-565.18
20
-21.645
0
VERTEX
8
L0D0
10
-568.962
20
-22.007
0
VERTEX
8
L0D0
10
-572.736
20
-22.45
0
VERTEX
8
L0D0
10
-576.5
20
-22.972
0
VERTEX
8
L0D0
10
-580.251
20
-23.575
0
VERTEX
8
L0D0
10
-583.989
20
-24.257
0
VERTEX
8
L0D0
10
-587.712
20
-25.018
0
VERTEX
8
L0D0
10
-591.417
20
-25.857
0
VERTEX
8
L0D0
10
-595.104
20
-26.776
0
VERTEX
8
L0D0
10
-598.771
20
-27.772
0
VERTEX
8
L0D0
10
-602.415
20
-28.846
0
VERTEX
8
L0D0
10
-606.036
20
-29.997
0
VERTEX
8
L0D0
10
-609.632
20
-31.225
0
VERTEX
8
L0D0
10
-613.201
20
-32.529
0
VERTEX
8
L0D0
10
-616.741
20
-33.908
0
VERTEX
8
L0D0
10
-620.252
20
-35.362
0
VERTEX
8
L0D0
10
-623.73
20
-36.89
0
VERTEX
8
L0D0
10
-627.176
20
-38.492
0
VERTEX
8
L0D0
10
-630.586
20
-40.166
0
VERTEX
8
L0D0
10
-633.961
20
-41.913
0
VERTEX
8
L0D0
10
-637.297
20
-43.73
0
VERTEX
8
L0D0
10
-640.595
20
-45.619
0
VERTEX
8
L0D0
10
-643.851
20
-47.576
0
VERTEX
8
L0D0
10
-647.065
20
-49.603
0
VERTEX
8
L0D0
10
-650.235
20
-51.697
0
VERTEX
8
L0D0
10
-653.361
20
-53.858
0
VERTEX
8
L0D0
10
-656.439
20
-56.085
0
VERTEX
8
L0D0
10
-659.47
20
-58.376
0
VERTEX
8
L0D0
10
-662.451
20
-60.732
0
VERTEX
8
L0D0
10
-665.382
20
-63.15
0
VERTEX
8
L0D0
10
-668.261
20
-65.63
0
VERTEX
8
L0D0
10
-671.086
20
-68.17
0
VERTEX
8
L0D0
10
-673.857
20
-70.77
0
VERTEX
8
L0D0
10
-676.572
20
-73.428
0
VERTEX
8
L0D0
10
-679.23
20
-76.143
0
VERTEX
8
L0D0
10
-681.83
20
-78.914
0
VERTEX
8
L0D0
10
-684.37
20
-81.739
0
VERTEX
8
L0D0
10
-686.85
20
-84.618
0
VERTEX
8
L0D0
10
-689.268
20
-87.549
0
VERTEX
8
L0D0
10
-691.624
20
-90.53
0
VERTEX
8
L0D0
10
-693.915
20
-93.561
0
VERTEX
8
L0D0
10
-696.142
20
-96.639
0
VERTEX
8
L0D0
10
-698.303
20
-99.765
0
VERTEX
8
L0D0
10
-700.397
20
-102.935
0
VERTEX
8
L0D0
10
-702.424
20
-106.149
0
VERTEX
8
L0D0
10
-704.381
20
-109.405
0
VERTEX
8
L0D0
10
-706.27
20
-112.703
0
VERTEX
8
L0D0
10
-708.087
20
-116.039
0
VERTEX
8
L0D0
10
-709.834
20
-119.414
0
VERTEX
8
L0D0
10
-711.508
20
-122.824
0
VERTEX
8
L0D0
10
-713.11
20
-126.27
0
VERTEX
8
L0D0
10
-714.638
20
-129.748
0
VERTEX
8
L0D0
10
-716.092
20
-133.259
0
VERTEX
8
L0D0
10
-717.471
20
-136.799
0
VERTEX
8
L0D0
10
-718.775
20
-140.368
0
VERTEX
8
L0D0
10
-720.003
20
-143.964
0
VERTEX
8
L0D0
10
-721.154
20
-147.585
0
VERTEX
8
L0D0
10
-722.228
20
-151.229
0
VERTEX
8
L0D0
10
-723.224
20
-154.896
0
VERTEX
8
L0D0
10
-724.143
20
-158.583
0
VERTEX
8
L0D0
10
-724.982
20
-162.288
0
VERTEX
8
L0D0
10
-725.743
20
-166.011
0
VERTEX
8
L0D0
10
-726.425
20
-169.749
0
VERTEX
8
L0D0
10
-727.028
20
-173.5
0
VERTEX
8
L0D0
10
-727.55
20
-177.264
0
VERTEX
8
L0D0
10
-727.993
20
-181.038
0
VERTEX
8
L0D0
10
-728.355
20
-184.82
0
VERTEX
8
L0D0
10
-728.637
20
-188.609
0
VERTEX
8
L0D0
10
-728.839
20
-192.403
0
VERTEX
8
L0D0
10
-728.96
20
-196.201
0
VERTEX
8
L0D0
10
-729
20
-200
0
VERTEX
8
L0D0
10
-729
20
-1600
0
VERTEX
8
L0D0
10
-729.04
20
-1604.182
0
VERTEX
8
L0D0
10
-729.158
20
-1608.363
0
VERTEX
8
L0D0
10
-729.356
20
-1612.541
0
VERTEX
8
L0D0
10
-729.633
20
-1616.714
0
VERTEX
8
L0D0
10
-729.989
20
-1620.881
0
VERTEX
8
L0D0
10
-730.423
20
-1625.041
0
VERTEX
8
L0D0
10
-730.936
20
-1629.192
0
VERTEX
8
L0D0
10
-731.528
20
-1633.332
0
VERTEX
8
L0D0
10
-732.198
20
-1637.461
0
VERTEX
8
L0D0
10
-732.946
20
-1641.576
0
VERTEX
8
L0D0
10
-733.772
20
-1645.676
0
VERTEX
8
L0D0
10
-734.675
20
-1649.759
0
VERTEX
8
L0D0
10
-735.655
20
-1653.825
0
VERTEX
8
L0D0
10
-736.712
20
-1657.872
0
VERTEX
8
L0D0
10
-737.845
20
-1661.898
0
VERTEX
8
L0D0
10
-739.055
20
-1665.902
0
VERTEX
8
L0D0
10
-740.34
20
-1669.882
0
VERTEX
8
L0D0
10
-741.7
20
-1673.837
0
VERTEX
8
L0D0
10
-743.134
20
-1677.766
0
VERTEX
8
L0D0
10
-744.643
20
-1681.667
0
VERTEX
8
L0D0
10
-746.225
20
-1685.538
0
VERTEX
8
L0D0
10
-747.88
20
-1689.379
0
VERTEX
8
L0D0
10
-749.608
20
-1693.188
0
VERTEX
8
L0D0
10
-751.407
20
-1696.964
0
VERTEX
8
L0D0
10
-753.278
20
-1700.704
0
VERTEX
8
L0D0
10
-755.219
20
-1704.409
0
VERTEX
8
L0D0
10
-757.229
20
-1708.077
0
VERTEX
8
L0D0
10
-759.309
20
-1711.705
0
VERTEX
8
L0D0
10
-761.457
20
-1715.294
0
VERTEX
8
L0D0
10
-763.673
20
-1718.841
0
VERTEX
8
L0D0
10
-765.955
20
-1722.346
0
VERTEX
8
L0D0
10
-768.304
20
-1725.807
0
VERTEX
8
L0D0
10
-770.717
20
-1729.223
0
VERTEX
8
L0D0
10
-773.194
20
-1732.593
0
VERTEX
8
L0D0
10
-775.735
20
-1735.915
0
VERTEX
8
L0D0
10
-778.339
20
-1739.188
0
VERTEX
8
L0D0
10
-781.003
20
-1742.412
0
VERTEX
8
L0D0
10
-783.729
20
-1745.584
0
VERTEX
8
L0D0
10
-786.513
20
-1748.705
0
VERTEX
8
L0D0
10
-789.357
20
-1751.772
0
VERTEX
8
L0D0
10
-792.258
20
-1754.785
0
VERTEX
8
L0D0
10
-795.215
20
-1757.742
0
VERTEX
8
L0D0
10
-798.228
20
-1760.643
0
VERTEX
8
L0D0
10
-801.295
20
-1763.487
0
VERTEX
8
L0D0
10
-804.416
20
-1766.271
0
VERTEX
8
L0D0
10
-807.588
20
-1768.997
0
VERTEX
8
L0D0
10
-810.812
20
-1771.661
0
VERTEX
8
L0D0
10
-814.085
20
-1774.265
0
VERTEX
8
L0D0
10
-817.407
20
-1776.806
0
VERTEX
8
L0D0
10
-820.777
20
-1779.283
0
VERTEX
8
L0D0
10
-824.193
20
-1781.696
0
VERTEX
8
L0D0
10
-827.654
20
-1784.045
0
VERTEX
8
L0D0
10
-831.159
20
-1786.327
0
VERTEX
8
L0D0
10
-834.706
20
-1788.543
0
VERTEX
8
L0D0
10
-838.295
20
-1790.691
0
VERTEX
8
L0D0
10
-841.923
20
-1792.771
0
VERTEX
8
L0D0
10
-845.591
20
-1794.781
0
VERTEX
8
L0D0
10
-849.296
20
-1796.722
0
VERTEX
8
L0D0
10
-853.036
20
-1798.593
0
VERTEX
8
L0D0
10
-856.812
20
-1800.392
0
VERTEX
8
L0D0
10
-860.621
20
-1802.12
0
VERTEX
8
L0D0
10
-864.462
20
-1803.775
0
VERTEX
8
L0D0
10
-868.333
20
-1805.357
0
VERTEX
8
L0D0
10
-872.234
20
-1806.866
0
VERTEX
8
L0D0
10
-876.163
20
-1808.3
0
VERTEX
8
L0D0
10
-880.118
20
-1809.66
0
VERTEX
8
L0D0
10
-884.098
20
-1810.945
0
VERTEX
8
L0D0
10
-888.102
20
-1812.155
0
VERTEX
8
L0D0
10
-892.128
20
-1813.288
0
VERTEX
8
L0D0
10
-896.175
20
-1814.345
0
VERTEX
8
L0D0
10
-900.241
20
-1815.325
0
VERTEX
8
L0D0
10
-904.324
20
-1816.228
0
VERTEX
8
L0D0
10
-908.424
20
-1817.054
0
VERTEX
8
L0D0
10
-912.539
20
-1817.802
0
VERTEX
8
L0D0
10
-916.668
20
-1818.472
0
VERTEX
8
L0D0
10
-920.808
20
-1819.064
0
VERTEX
8
L0D0
10
-924.959
20
-1819.577
0
VERTEX
8
L0D0
10
-929.119
20
-1820.011
0
VERTEX
8
L0D0
10
-933.286
20
-1820.367
0
VERTEX
8
L0D0
10
-937.459
20
-1820.644
0
VERTEX
8
L0D0
10
-941.637
20
-1820.842
0
VERTEX
8
L0D0
10
-945.818
20
-1820.96
0
VERTEX
8
L0D0
10
-950
20
-1821
0
SEQEND
0
POLYLINE
8
L0D0
70
1
40
0
41
0
66
1
0
VERTEX
8
L0D0
10
32
20
-38
0
VERTEX
8
L0D0
10
32
20
-35.5
0
VERTEX
8
L0D0
10
32.5
20
-35.5
0
VERTEX
8
L0D0
10
34.5
20
-35.5
0
VERTEX
8
L0D0
10
34.5
20
-37.5
0
VERTEX
8
L0D0
10
35.5
20
-37.5
0
VERTEX
8
L0D0
10
35.5
20
-35.5
0
VERTEX
8
L0D0
10
37.5
20
-35.5
0
VERTEX
8
L0D0
10
37.5
20
-34.5
0
VERTEX
8
L0D0
10
35.5
20
-34.5
0
VERTEX
8
L0D0
10
35.5
20
-32.5
0
VERTEX
8
L0D0
10
34.5
20
-32.5
0
VERTEX
8
L0D0
10
34.5
20
-34.5
0
VERTEX
8
L0D0
10
32.5
20
-34.5
0
VERTEX
8
L0D0
10
32.5
20
-35.5
0
VERTEX
8
L0D0
10
32
20
-35.5
0
VERTEX
8
L0D0
10
32
20
-32
0
VERTEX
8
L0D0
10
38
20
-32
0
VERTEX
8
L0D0
10
38
20
-38
0
SEQEND
0
POLYLINE
8
L0D0
70
1
40
0
41
0
66
1
0
VERTEX
8
L0D0
10
-38
20
-38
0
VERTEX
8
L0D0
10
-38
20
-35.5
0
VERTEX
8
L0D0
10
-37.5
20
-35.5
0
VERTEX
8
L0D0
10
-35.5
20
-35.5
0
VERTEX
8
L0D0
10
-35.5
20
-37.5
0
VERTEX
8
L0D0
10
-34.5
20
-37.5
0
VERTEX
8
L0D0
10
-34.5
20
-35.5
0
VERTEX
8
L0D0
10
-32.5
20
-35.5
0
VERTEX
8
L0D0
10
-32.5
20
-34.5
0
VERTEX
8
L0D0
10
-34.5
20
-34.5
0
VERTEX
8
L0D0
10
-34.5
20
-32.5
0
VERTEX
8
L0D0
10
-35.5
20
-32.5
0
VERTEX
8
L0D0
10
-35.5
20
-34.5
0
VERTEX
8
L0D0
10
-37.5
20
-34.5
0
VERTEX
8
L0D0
10
-37.5
20
-35.5
0
VERTEX
8
L0D0
10
-38
20
-35.5
0
VERTEX
8
L0D0
10
-38
20
-32
0
VERTEX
8
L0D0
10
-32
20
-32
0
VERTEX
8
L0D0
10
-32
20
-38
0
SEQEND
0
POLYLINE
8
L0D0
70
1
40
0
41
0
66
1
0
VERTEX
8
L0D0
10
70.8
20
-79.2
0
VERTEX
8
L0D0
10
70.8
20
-75.7
0
VERTEX
8
L0D0
10
71.5
20
-75.7
0
VERTEX
8
L0D0
10
74.3
20
-75.7
0
VERTEX
8
L0D0
10
74.3
20
-78.5
0
VERTEX
8
L0D0
10
75.7
20
-78.5
0
VERTEX
8
L0D0
10
75.7
20
-75.7
0
VERTEX
8
L0D0
10
78.5
20
-75.7
0
VERTEX
8
L0D0
10
78.5
20
-74.3
0
VERTEX
8
L0D0
10
75.7
20
-74.3
0
VERTEX
8
L0D0
10
75.7
20
-71.5
0
VERTEX
8
L0D0
10
74.3
20
-71.5
0
VERTEX
8
L0D0
10
74.3
20
-74.3
0
VERTEX
8
L0D0
10
71.5
20
-74.3
0
VERTEX
8
L0D0
10
71.5
20
-75.7
0
VERTEX
8
L0D0
10
70.8
20
-75.7
0
VERTEX
8
L0D0
10
70.8
20
-70.8
0
VERTEX
8
L0D0
10
79.2
20
-70.8
0
VERTEX
8
L0D0
10
79.2
20
-79.2
0
SEQEND
0
POLYLINE
8
L0D0
70
1
40
0
41
0
66
1
0
VERTEX
8
L0D0
10
-79.2
20
-79.2
0
VERTEX
8
L0D0
10
-79.2
20
-75.7
0
VERTEX
8
L0D0
10
-78.5
20
-75.7
0
VERTEX
8
L0D0
10
-75.7
20
-75.7
0
VERTEX
8
L0D0
10
-75.7
20
-78.5
0
VERTEX
8
L0D0
10
-74.3
20
-78.5
0
VERTEX
8
L0D0
10
-74.3
20
-75.7
0
VERTEX
8
L0D0
10
-71.5
20
-75.7
0
VERTEX
8
L0D0
10
-71.5
20
-74.3
0
VERTEX
8
L0D0
10
-74.3
20
-74.3
0
VERTEX
8
L0D0
10
-74.3
20
-71.5
0
VERTEX
8
L0D0
10
-75.7
20
-71.5
0
VERTEX
8
L0D0
10
-75.7
20
-74.3
0
VERTEX
8
L0D0
10
-78.5
20
-74.3
0
VERTEX
8
L0D0
10
-78.5
20
-75.7
0
VERTEX
8
L0D0
10
-79.2
20
-75.7
0
VERTEX
8
L0D0
10
-79.2
20
-70.8
0
VERTEX
8
L0D0
10
-70.8
20
-70.8
0
VERTEX
8
L0D0
10
-70.8
20
-79.2
0
SEQEND
0
POLYLINE
8
L0D0
70
1
40
0
41
0
66
1
0
VERTEX
8
L0D0
10
-106
20
-106
0
VERTEX
8
L0D0
10
-106
20
-101
0
VERTEX
8
L0D0
10
-105
20
-101
0
VERTEX
8
L0D0
10
-101
20
-101
0
VERTEX
8
L0D0
10
-101
20
-105
0
VERTEX
8
L0D0
10
-99
20
-105
0
VERTEX
8
L0D0
10
-99
20
-101
0
VERTEX
8
L0D0
10
-95
20
-101
0
VERTEX
8
L0D0
10
-95
20
-99
0
VERTEX
8
L0D0
10
-99
20
-99
0
VERTEX
8
L0D0
10
-99
20
-95
0
VERTEX
8
L0D0
10
-101
20
-95
0
VERTEX
8
L0D0
10
-101
20
-99
0
VERTEX
8
L0D0
10
-105
20
-99
0
VERTEX
8
L0D0
10
-105
20
-101
0
VERTEX
8
L0D0
10
-106
20
-101
0
VERTEX
8
L0D0
10
-106
20
-94
0
VERTEX
8
L0D0
10
-94
20
-94
0
VERTEX
8
L0D0
10
-94
20
-106
0
SEQEND
0
POLYLINE
8
L0D0
70
1
40
0
41
0
66
1
0
VERTEX
8
L0D0
10
94
20
-106
0
VERTEX
8
L0D0
10
94
20
-101
0
VERTEX
8
L0D0
10
95
20
-101
0
VERTEX
8
L0D0
10
99
20
-101
0
VERTEX
8
L0D0
10
99
20
-105
0
VERTEX
8
L0D0
10
101
20
-105
0
VERTEX
8
L0D0
10
101
20
-101
0
VERTEX
8
L0D0
10
105
20
-101
0
VERTEX
8
L0D0
10
105
20
-99
0
VERTEX
8
L0D0
10
101
20
-99
0
VERTEX
8
L0D0
10
101
20
-95
0
VERTEX
8
L0D0
10
99
20
-95
0
VERTEX
8
L0D0
10
99
20
-99
0
VERTEX
8
L0D0
10
95
20
-99
0
VERTEX
8
L0D0
10
95
20
-101
0
VERTEX
8
L0D0
10
94
20
-101
0
VERTEX
8
L0D0
10
94
20
-94
0
VERTEX
8
L0D0
10
106
20
-94
0
VERTEX
8
L0D0
10
106
20
-106
0
SEQEND
0
POLYLINE
8
L0D0
70
1
40
0
41
0
66
1
0
VERTEX
8
L0D0
10
-2060
20
-2060
0
VERTEX
8
L0D0
10
-2060
20
-2010
0
VERTEX
8
L0D0
10
-2050
20
-2010
0
VERTEX
8
L0D0
10
-2010
20
-2010
0
VERTEX
8
L0D0
10
-2010
20
-2050
0
VERTEX
8
L0D0
10
-1990
20
-2050
0
VERTEX
8
L0D0
10
-1990
20
-2010
0
VERTEX
8
L0D0
10
-1950
20
-2010
0
VERTEX
8
L0D0
10
-1950
20
-1990
0
VERTEX
8
L0D0
10
-1990
20
-1990
0
VERTEX
8
L0D0
10
-1990
20
-1950
0
VERTEX
8
L0D0
10
-2010
20
-1950
0
VERTEX
8
L0D0
10
-2010
20
-1990
0
VERTEX
8
L0D0
10
-2050
20
-1990
0
VERTEX
8
L0D0
10
-2050
20
-2010
0
VERTEX
8
L0D0
10
-2060
20
-2010
0
VERTEX
8
L0D0
10
-2060
20
-1940
0
VERTEX
8
L0D0
10
-1940
20
-1940
0
VERTEX
8
L0D0
10
-1940
20
-2060
0
SEQEND
0
POLYLINE
8
L0D0
70
1
40
0
41
0
66
1
0
VERTEX
8
L0D0
10
1940
20
-2060
0
VERTEX
8
L0D0
10
1940
20
-2010
0
VERTEX
8
L0D0
10
1950
20
-2010
0
VERTEX
8
L0D0
10
1990
20
-2010
0
VERTEX
8
L0D0
10
1990
20
-2050
0
VERTEX
8
L0D0
10
2010
20
-2050
0
VERTEX
8
L0D0
10
2010
20
-2010
0
VERTEX
8
L0D0
10
2050
20
-2010
0
VERTEX
8
L0D0
10
2050
20
-1990
0
VERTEX
8
L0D0
10
2010
20
-1990
0
VERTEX
8
L0D0
10
2010
20
-1950
0
VERTEX
8
L0D0
10
1990
20
-1950
0
VERTEX
8
L0D0
10
1990
20
-1990
0
VERTEX
8
L0D0
10
1950
20
-1990
0
VERTEX
8
L0D0
10
1950
20
-2010
0
VERTEX
8
L0D0
10
1940
20
-2010
0
VERTEX
8
L0D0
10
1940
20
-1940
0
VERTEX
8
L0D0
10
2060
20
-1940
0
VERTEX
8
L0D0
10
2060
20
-2060
0
SEQEND
0
POLYLINE
8
L0D0
70
1
40
0
41
0
66
1
0
VERTEX
8
L0D0
10
905
20
-1044.778
0
VERTEX
8
L0D0
10
905
20
-1017
0
VERTEX
8
L0D0
10
988.333
20
-1017
0
VERTEX
8
L0D0
10
988.333
20
-1044.778
0
SEQEND
0
POLYLINE
8
L0D0
70
1
40
0
41
0
66
1
0
VERTEX
8
L0D0
10
1793.889
20
-1044.778
0
VERTEX
8
L0D0
10
1793.889
20
-1017
0
VERTEX
8
L0D0
10
1877.222
20
-1017
0
VERTEX
8
L0D0
10
1877.222
20
-1044.778
0
SEQEND
0
POLYLINE
8
L0D0
70
1
40
0
41
0
66
1
0
VERTEX
8
L0D0
10
1543.889
20
-1044.778
0
VERTEX
8
L0D0
10
1543.889
20
-1017
0
VERTEX
8
L0D0
10
1655
20
-1017
0
VERTEX
8
L0D0
10
1655
20
-1044.778
0
SEQEND
0
POLYLINE
8
L0D0
70
1
40
0
41
0
66
1
0
VERTEX
8
L0D0
10
988.333
20
-1100.333
0
VERTEX
8
L0D0
10
988.333
20
-1044.778
0
VERTEX
8
L0D0
10
1016.111
20
-1044.778
0
VERTEX
8
L0D0
10
1016.111
20
-1100.333
0
SEQEND
0
POLYLINE
8
L0D0
70
1
40
0
41
0
66
1
0
VERTEX
8
L0D0
10
766.111
20
-1100.333
0
VERTEX
8
L0D0
10
766.111
20
-1044.778
0
VERTEX
8
L0D0
10
793.889
20
-1044.778
0
VERTEX
8
L0D0
10
793.889
20
-1100.333
0
SEQEND
0
POLYLINE
8
L0D0
70
1
40
0
41
0
66
1
0
VERTEX
8
L0D0
10
1655
20
-1100.333
0
VERTEX
8
L0D0
10
1655
20
-1044.778
0
VERTEX
8
L0D0
10
1682.778
20
-1044.778
0
VERTEX
8
L0D0
10
1682.778
20
-1100.333
0
SEQEND
0
POLYLINE
8
L0D0
70
1
40
0
41
0
66
1
0
VERTEX
8
L0D0
10
1349.444
20
-1100.333
0
VERTEX
8
L0D0
10
1349.444
20
-1044.778
0
VERTEX
8
L0D0
10
1377.222
20
-1044.778
0
VERTEX
8
L0D0
10
1377.222
20
-1100.333
0
SEQEND
0
POLYLINE
8
L0D0
70
1
40
0
41
0
66
1
0
VERTEX
8
L0D0
10
877.222
20
-1100.333
0
VERTEX
8
L0D0
10
877.222
20
-1044.778
0
VERTEX
8
L0D0
10
905
20
-1044.778
0
VERTEX
8
L0D0
10
905
20
-1100.333
0
SEQEND
0
POLYLINE
8
L0D0
70
1
40
0
41
0
66
1
0
VERTEX
8
L0D0
10
1571.667
20
-1128.111
0
VERTEX
8
L0D0
10
1571.667
20
-1100.333
0
VERTEX
8
L0D0
10
1655
20
-1100.333
0
VERTEX
8
L0D0
10
1655
20
-1128.111
0
SEQEND
0
POLYLINE
8
L0D0
70
1
40
0
41
0
66
1
0
VERTEX
8
L0D0
10
905
20
-1128.111
0
VERTEX
8
L0D0
10
905
20
-1100.333
0
VERTEX
8
L0D0
10
988.333
20
-1100.333
0
VERTEX
8
L0D0
10
988.333
20
-1128.111
0
SEQEND
0
POLYLINE
8
L0D0
70
1
40
0
41
0
66
1
0
VERTEX
8
L0D0
10
988.333
20
-1183.667
0
VERTEX
8
L0D0
10
988.333
20
-1128.111
0
VERTEX
8
L0D0
10
1016.111
20
-1128.111
0
VERTEX
8
L0D0
10
1016.111
20
-1183.667
0
SEQEND
0
POLYLINE
8
L0D0
70
1
40
0
41
0
66
1
0
VERTEX
8
L0D0
10
877.222
20
-1183.667
0
VERTEX
8
L0D0
10
877.222
20
-1128.111
0
VERTEX
8
L0D0
10
905
20
-1128.111
0
VERTEX
8
L0D0
10
905
20
-1183.667
0
SEQEND
0
POLYLINE
8
L0D0
70
1
40
0
41
0
66
1
0
VERTEX
8
L0D0
10
1877.222
20
-1183.667
0
VERTEX
8
L0D0
10
1877.222
20
-1128.111
0
VERTEX
8
L0D0
10
1905
20
-1128.111
0
VERTEX
8
L0D0
10
1905
20
-1183.667
0
SEQEND
0
POLYLINE
8
L0D0
70
1
40
0
41
0
66
1
0
VERTEX
8
L0D0
10
1655
20
-1183.667
0
VERTEX
8
L0D0
10
1655
20
-1128.111
0
VERTEX
8
L0D0
10
1682.778
20
-1128.111
0
VERTEX
8
L0D0
10
1682.778
20
-1183.667
0
SEQEND
0
POLYLINE
8
L0D0
70
1
40
0
41
0
66
1
0
VERTEX
8
L0D0
10
766.111
20
-1211.444
0
VERTEX
8
L0D0
10
766.111
20
-1155.889
0
VERTEX
8
L0D0
10
793.889
20
-1155.889
0
VERTEX
8
L0D0
10
793.889
20
-1211.444
0
SEQEND
0
POLYLINE
8
L0D0
70
1
40
0
41
0
66
1
0
VERTEX
8
L0D0
10
1793.889
20
-1211.444
0
VERTEX
8
L0D0
10
1793.889
20
-1183.667
0
VERTEX
8
L0D0
10
1877.222
20
-1183.667
0
VERTEX
8
L0D0
10
1877.222
20
-1211.444
0
SEQEND
0
POLYLINE
8
L0D0
70
1
40
0
41
0
66
1
0
VERTEX
8
L0D0
10
1543.889
20
-1211.444
0
VERTEX
8
L0D0
10
1543.889
20
-1183.667
0
VERTEX
8
L0D0
10
1655
20
-1183.667
0
VERTEX
8
L0D0
10
1655
20
-1211.444
0
SEQEND
0
POLYLINE
8
L0D0
70
1
40
0
41
0
66
1
0
VERTEX
8
L0D0
10
905
20
-1211.444
0
VERTEX
8
L0D0
10
905
20
-1183.667
0
VERTEX
8
L0D0
10
988.333
20
-1183.667
0
VERTEX
8
L0D0
10
988.333
20
-1211.444
0
SEQEND
0
POLYLINE
8
L0D0
70
1
40
0
41
0
66
1
0
VERTEX
8
L0D0
10
1155
20
-1211.444
0
VERTEX
8
L0D0
10
1155
20
-1183.667
0
VERTEX
8
L0D0
10
1182.778
20
-1183.667
0
VERTEX
8
L0D0
10
1182.778
20
-1211.444
0
SEQEND
0
POLYLINE
8
L1D0
70
1
40
0
41
0
66
1
0
VERTEX
8
L1D0
10
1599.748
20
1455.422
0
VERTEX
8
L1D0
10
1593.28
20
1455.485
0
VERTEX
8
L1D0
10
1589.143
20
1455.611
0
VERTEX
8
L1D0
10
1582.759
20
1455.863
0
VERTEX
8
L1D0
10
1575.969
20
1456.451
0
VERTEX
8
L1D0
10
1569.375
20
1457.417
0
VERTEX
8
L1D0
10
1562.718
20
1459.097
0
VERTEX
8
L1D0
10
1556.887
20
1461.036
0
VERTEX
8
L1D0
10
1551.07
20
1463.619
0
VERTEX
8
L1D0
10
1545.253
20
1466.79
0
VERTEX
8
L1D0
10
1542.474
20
1468.862
0
VERTEX
8
L1D0
10
1539.849
20
1470.675
0
VERTEX
8
L1D0
10
1535.838
20
1474.623
0
VERTEX
8
L1D0
10
1532.212
20
1479.026
0
VERTEX
8
L1D0
10
1528.915
20
1484.514
0
VERTEX
8
L1D0
10
1527.69
20
1488.777
0
VERTEX
8
L1D0
10
1526.983
20
1492.529
0
VERTEX
8
L1D0
10
1526.913
20
1494.986
0
VERTEX
8
L1D0
10
1526.913
20
1498.01
0
VERTEX
8
L1D0
10
1527.298
20
1501.832
0
VERTEX
8
L1D0
10
1527.886
20
1506.032
0
VERTEX
8
L1D0
10
1528.852
20
1511.457
0
VERTEX
8
L1D0
10
1529.958
20
1516.952
0
VERTEX
8
L1D0
10
1532.415
20
1527.039
0
VERTEX
8
L1D0
10
1533.255
20
1530.399
0
VERTEX
8
L1D0
10
1535.208
20
1537.623
0
VERTEX
8
L1D0
10
1536.762
20
1542.53
0
VERTEX
8
L1D0
10
1538.302
20
1548.221
0
VERTEX
8
L1D0
10
1539.667
20
1553.009
0
VERTEX
8
L1D0
10
1541.536
20
1559.078
0
VERTEX
8
L1D0
10
1543.755
20
1566.953
0
VERTEX
8
L1D0
10
1545.561
20
1571.538
0
VERTEX
8
L1D0
10
1546.989
20
1576.326
0
VERTEX
8
L1D0
10
1548.214
20
1580.267
0
VERTEX
8
L1D0
10
1551.84
20
1590.606
0
VERTEX
8
L1D0
10
1553.254
20
1594.946
0
VERTEX
8
L1D0
10
1555.41
20
1600.35
0
VERTEX
8
L1D0
10
1557.867
20
1606.881
0
VERTEX
8
L1D0
10
1559.806
20
1612.572
0
VERTEX
8
L1D0
10
1561.941
20
1618.13
0
VERTEX
8
L1D0
10
1564.209
20
1623.758
0
VERTEX
8
L1D0
10
1567.968
20
1633.502
0
VERTEX
8
L1D0
10
1570.621
20
1639.83
0
VERTEX
8
L1D0
10
1572.042
20
1643.645
0
VERTEX
8
L1D0
10
1576.242
20
1654.313
0
VERTEX
8
L1D0
10
1578.181
20
1659.024
0
VERTEX
8
L1D0
10
1580.4
20
1664.645
0
VERTEX
8
L1D0
10
1582.465
20
1669.034
0
VERTEX
8
L1D0
10
1584.733
20
1674.333
0
VERTEX
8
L1D0
10
1587.316
20
1680.479
0
VERTEX
8
L1D0
10
1589.773
20
1685.841
0
VERTEX
8
L1D0
10
1592.23
20
1691.399
0
VERTEX
8
L1D0
10
1594.645
20
1696.355
0
VERTEX
8
L1D0
10
1596.262
20
1700.177
0
VERTEX
8
L1D0
10
1598.068
20
1703.334
0
VERTEX
8
L1D0
10
1600.077
20
1707.674
0
VERTEX
8
L1D0
10
1602.408
20
1712.588
0
VERTEX
8
L1D0
10
1605.313
20
1717.754
0
VERTEX
8
L1D0
10
1607.917
20
1722.507
0
VERTEX
8
L1D0
10
1612.306
20
1730.081
0
VERTEX
8
L1D0
10
1615.806
20
1736.283
0
VERTEX
8
L1D0
10
1618.648
20
1741.26
0
VERTEX
8
L1D0
10
1620.979
20
1745.075
0
VERTEX
8
L1D0
10
1623.828
20
1749.534
0
VERTEX
8
L1D0
10
1626.88
20
1754.693
0
VERTEX
8
L1D0
10
1630.114
20
1759.733
0
VERTEX
8
L1D0
10
1632.837
20
1764.192
0
VERTEX
8
L1D0
10
1635.231
20
1767.944
0
VERTEX
8
L1D0
10
1638.199
20
1773.509
0
VERTEX
8
L1D0
10
1641.244
20
1778.612
0
VERTEX
8
L1D0
10
1644.478
20
1784.163
0
VERTEX
8
L1D0
10
1647.537
20
1789.644
0
VERTEX
8
L1D0
10
1650.568
20
1796.301
0
VERTEX
8
L1D0
10
1653.48
20
1802.118
0
VERTEX
8
L1D0
10
1656.525
20
1808.516
0
VERTEX
8
L1D0
10
1660.935
20
1818.575
0
VERTEX
8
L1D0
10
1663.063
20
1823.615
0
VERTEX
8
L1D0
10
1667.2
20
1834.997
0
VERTEX
8
L1D0
10
1669.468
20
1841.388
0
VERTEX
8
L1D0
10
1675.824
20
1860.512
0
VERTEX
8
L1D0
10
1677.889
20
1865.223
0
VERTEX
8
L1D0
10
1680.346
20
1870.466
0
VERTEX
8
L1D0
10
1680.78
20
1872.069
0
VERTEX
8
L1D0
10
1685.064
20
1878.789
0
VERTEX
8
L1D0
10
1687.591
20
1881.806
0
VERTEX
8
L1D0
10
1690.132
20
1884.627
0
VERTEX
8
L1D0
10
1692.897
20
1886.93
0
VERTEX
8
L1D0
10
1695.424
20
1889.555
0
VERTEX
8
L1D0
10
1699.029
20
1892.082
0
VERTEX
8
L1D0
10
1701.171
20
1893.545
0
VERTEX
8
L1D0
10
1703.32
20
1894.91
0
VERTEX
8
L1D0
10
1706.827
20
1896.66
0
VERTEX
8
L1D0
10
1709.746
20
1898.025
0
VERTEX
8
L1D0
10
1713.358
20
1899.488
0
VERTEX
8
L1D0
10
1717.257
20
1900.944
0
VERTEX
8
L1D0
10
1718.545
20
1901.364
0
VERTEX
8
L1D0
10
1718.545
20
1879.475
0
VERTEX
8
L1D0
10
1716.795
20
1878.803
0
VERTEX
8
L1D0
10
1714.359
20
1877.312
0
VERTEX
8
L1D0
10
1711.72
20
1875.149
0
VERTEX
8
L1D0
10
1710.474
20
1873.854
0
VERTEX
8
L1D0
10
1709.487
20
1872.846
0
VERTEX
8
L1D0
10
1707.73
20
1871.229
0
VERTEX
8
L1D0
10
1705.497
20
1868.261
0
VERTEX
8
L1D0
10
1702.774
20
1863.963
0
VERTEX
8
L1D0
10
1697.979
20
1855.647
0
VERTEX
8
L1D0
10
1695.676
20
1850.376
0
VERTEX
8
L1D0
10
1693.317
20
1843.488
0
VERTEX
8
L1D0
10
1691.49
20
1837.811
0
VERTEX
8
L1D0
10
1689.39
20
1830.321
0
VERTEX
8
L1D0
10
1688.704
20
1827.08
0
VERTEX
8
L1D0
10
1687.227
20
1821.473
0
VERTEX
8
L1D0
10
1685.596
20
1815.117
0
VERTEX
8
L1D0
10
1684.245
20
1809.104
0
VERTEX
8
L1D0
10
1682.824
20
1803.294
0
VERTEX
8
L1D0
10
1679.562
20
1791.884
0
VERTEX
8
L1D0
10
1678.75
20
1789.322
0
VERTEX
8
L1D0
10
1677.336
20
1785.738
0
VERTEX
8
L1D0
10
1676.055
20
1782.021
0
VERTEX
8
L1D0
10
1674.837
20
1778.843
0
VERTEX
8
L1D0
10
1674.501
20
1776.204
0
VERTEX
8
L1D0
10
1674.501
20
1774.517
0
VERTEX
8
L1D0
10
1675.096
20
1773.369
0
VERTEX
8
L1D0
10
1676.314
20
1772.487
0
VERTEX
8
L1D0
10
1678.617
20
1771.878
0
VERTEX
8
L1D0
10
1681.186
20
1771.479
0
VERTEX
8
L1D0
10
1690.951
20
1771.598
0
VERTEX
8
L1D0
10
1697.23
20
1771.458
0
VERTEX
8
L1D0
10
1701.906
20
1771.325
0
VERTEX
8
L1D0
10
1705.014
20
1770.716
0
VERTEX
8
L1D0
10
1706.904
20
1770.114
0
VERTEX
8
L1D0
10
1709.067
20
1768.077
0
VERTEX
8
L1D0
10
1710.355
20
1766.054
0
VERTEX
8
L1D0
10
1712.308
20
1762.806
0
VERTEX
8
L1D0
10
1713.057
20
1760.244
0
VERTEX
8
L1D0
10
1713.4
20
1757.57
0
VERTEX
8
L1D0
10
1713.4
20
1754.532
0
VERTEX
8
L1D0
10
1713.001
20
1751.823
0
VERTEX
8
L1D0
10
1712.119
20
1748.988
0
VERTEX
8
L1D0
10
1710.838
20
1746.153
0
VERTEX
8
L1D0
10
1708.941
20
1743.171
0
VERTEX
8
L1D0
10
1704.685
20
1735.674
0
VERTEX
8
L1D0
10
1699.393
20
1726.574
0
VERTEX
8
L1D0
10
1695.403
20
1719.959
0
VERTEX
8
L1D0
10
1691.14
20
1712.784
0
VERTEX
8
L1D0
10
1687.36
20
1706.645
0
VERTEX
8
L1D0
10
1684.651
20
1701.983
0
VERTEX
8
L1D0
10
1677.196
20
1689.026
0
VERTEX
8
L1D0
10
1673.346
20
1682.264
0
VERTEX
8
L1D0
10
1669.02
20
1674.228
0
VERTEX
8
L1D0
10
1666.171
20
1668.684
0
VERTEX
8
L1D0
10
1664.757
20
1665.975
0
VERTEX
8
L1D0
10
1662.3
20
1660.718
0
VERTEX
8
L1D0
10
1661.152
20
1658.352
0
VERTEX
8
L1D0
10
1658.989
20
1653.494
0
VERTEX
8
L1D0
10
1654.53
20
1642.28
0
VERTEX
8
L1D0
10
1652.164
20
1634.769
0
VERTEX
8
L1D0
10
1650.477
20
1627.944
0
VERTEX
8
L1D0
10
1649.035
20
1621.553
0
VERTEX
8
L1D0
10
1647.691
20
1614.665
0
VERTEX
8
L1D0
10
1646.536
20
1607.364
0
VERTEX
8
L1D0
10
1645.374
20
1596.5
0
VERTEX
8
L1D0
10
1644.555
20
1591.229
0
VERTEX
8
L1D0
10
1643.68
20
1586.091
0
VERTEX
8
L1D0
10
1642.602
20
1582.101
0
VERTEX
8
L1D0
10
1641.384
20
1577.376
0
VERTEX
8
L1D0
10
1639.83
20
1572.581
0
VERTEX
8
L1D0
10
1638.262
20
1568.787
0
VERTEX
8
L1D0
10
1636.512
20
1565.483
0
VERTEX
8
L1D0
10
1633.74
20
1562.102
0
VERTEX
8
L1D0
10
1631.038
20
1560.212
0
VERTEX
8
L1D0
10
1628.266
20
1559.057
0
VERTEX
8
L1D0
10
1624.948
20
1558.581
0
VERTEX
8
L1D0
10
1622.113
20
1559.057
0
VERTEX
8
L1D0
10
1618.935
20
1559.876
0
VERTEX
8
L1D0
10
1615.75
20
1561.563
0
VERTEX
8
L1D0
10
1614.063
20
1562.648
0
VERTEX
8
L1D0
10
1611.634
20
1564.125
0
VERTEX
8
L1D0
10
1608.519
20
1567.506
0
VERTEX
8
L1D0
10
1605.88
20
1571.636
0
VERTEX
8
L1D0
10
1604.053
20
1575.752
0
VERTEX
8
L1D0
10
1602.772
20
1580.015
0
VERTEX
8
L1D0
10
1601.862
20
1584.915
0
VERTEX
8
L1D0
10
1601.05
20
1591.334
0
VERTEX
8
L1D0
10
1600.371
20
1597.074
0
VERTEX
8
L1D0
10
1599.426
20
1609.856
0
VERTEX
8
L1D0
10
1598.887
20
1613.573
0
VERTEX
8
L1D0
10
1598.145
20
1619.18
0
VERTEX
8
L1D0
10
1597.123
20
1622.085
0
VERTEX
8
L1D0
10
1595.905
20
1623.842
0
VERTEX
8
L1D0
10
1594.288
20
1624.584
0
VERTEX
8
L1D0
10
1592.601
20
1624.787
0
VERTEX
8
L1D0
10
1590.711
20
1624.311
0
VERTEX
8
L1D0
10
1589.493
20
1623.569
0
VERTEX
8
L1D0
10
1588.338
20
1621.679
0
VERTEX
8
L1D0
10
1586.994
20
1620.048
0
VERTEX
8
L1D0
10
1585.3
20
1616.604
0
VERTEX
8
L1D0
10
1582.318
20
1610.255
0
VERTEX
8
L1D0
10
1579.273
20
1602.618
0
VERTEX
8
L1D0
10
1577.047
20
1597.214
0
VERTEX
8
L1D0
10
1574.877
20
1591.019
0
VERTEX
8
L1D0
10
1573.246
20
1586.28
0
VERTEX
8
L1D0
10
1571.083
20
1579.665
0
VERTEX
8
L1D0
10
1569.06
20
1572.84
0
VERTEX
8
L1D0
10
1567.639
20
1567.632
0
VERTEX
8
L1D0
10
1565.196
20
1558.196
0
VERTEX
8
L1D0
10
1562.893
20
1547.514
0
VERTEX
8
L1D0
10
1561.276
20
1540.283
0
VERTEX
8
L1D0
10
1559.715
20
1530.714
0
VERTEX
8
L1D0
10
1557.412
20
1515.174
0
VERTEX
8
L1D0
10
1556.404
20
1506.053
0
VERTEX
8
L1D0
10
1555.921
20
1499.585
0
VERTEX
8
L1D0
10
1555.452
20
1495.868
0
VERTEX
8
L1D0
10
1554.703
20
1486.467
0
VERTEX
8
L1D0
10
1557.552
20
1485.053
0
VERTEX
8
L1D0
10
1562.137
20
1482.89
0
VERTEX
8
L1D0
10
1566.946
20
1480.664
0
VERTEX
8
L1D0
10
1571.475
20
1478.97
0
VERTEX
8
L1D0
10
1577.691
20
1477.892
0
VERTEX
8
L1D0
10
1581.667
20
1478.025
0
VERTEX
8
L1D0
10
1585.251
20
1477.619
0
VERTEX
8
L1D0
10
1597.417
20
1478.088
0
VERTEX
8
L1D0
10
1599.517
20
1478.298
0
VERTEX
8
L1D0
10
1601.274
20
1479.033
0
VERTEX
8
L1D0
10
1601.946
20
1480.055
0
VERTEX
8
L1D0
10
1602.156
20
1481.672
0
VERTEX
8
L1D0
10
1601.547
20
1482.554
0
VERTEX
8
L1D0
10
1599.244
20
1485.662
0
VERTEX
8
L1D0
10
1596.402
20
1488.63
0
VERTEX
8
L1D0
10
1593.63
20
1491.003
0
VERTEX
8
L1D0
10
1590.774
20
1493.754
0
VERTEX
8
L1D0
10
1586.112
20
1497.401
0
VERTEX
8
L1D0
10
1581.583
20
1501.251
0
VERTEX
8
L1D0
10
1578.874
20
1504.436
0
VERTEX
8
L1D0
10
1577.523
20
1507.271
0
VERTEX
8
L1D0
10
1577.047
20
1511.184
0
VERTEX
8
L1D0
10
1577.047
20
1516.056
0
VERTEX
8
L1D0
10
1577.187
20
1519.094
0
VERTEX
8
L1D0
10
1578.874
20
1519.031
0
VERTEX
8
L1D0
10
1583.473
20
1519.367
0
VERTEX
8
L1D0
10
1586.518
20
1519.563
0
VERTEX
8
L1D0
10
1592.265
20
1519.304
0
VERTEX
8
L1D0
10
1600.854
20
1518.485
0
VERTEX
8
L1D0
10
1607.854
20
1517.736
0
VERTEX
8
L1D0
10
1614.07
20
1516.791
0
VERTEX
8
L1D0
10
1622.386
20
1515.44
0
VERTEX
8
L1D0
10
1629.897
20
1514.292
0
VERTEX
8
L1D0
10
1639.9
20
1513.41
0
VERTEX
8
L1D0
10
1647.516
20
1513.011
0
VERTEX
8
L1D0
10
1651.506
20
1513.011
0
VERTEX
8
L1D0
10
1656.777
20
1513.074
0
VERTEX
8
L1D0
10
1662.594
20
1513.746
0
VERTEX
8
L1D0
10
1669.293
20
1514.292
0
VERTEX
8
L1D0
10
1675.033
20
1515.041
0
VERTEX
8
L1D0
10
1687.843
20
1517.141
0
VERTEX
8
L1D0
10
1696.845
20
1518.891
0
VERTEX
8
L1D0
10
1704.811
20
1520.046
0
VERTEX
8
L1D0
10
1711.3
20
1521.39
0
VERTEX
8
L1D0
10
1715.094
20
1522.608
0
VERTEX
8
L1D0
10
1723.053
20
1525.268
0
VERTEX
8
L1D0
10
1730.55
20
1527.963
0
VERTEX
8
L1D0
10
1746.706
20
1533.437
0
VERTEX
8
L1D0
10
1752.327
20
1535.67
0
VERTEX
8
L1D0
10
1760.748
20
1538.099
0
VERTEX
8
L1D0
10
1764.325
20
1539.044
0
VERTEX
8
L1D0
10
1768.987
20
1539.38
0
VERTEX
8
L1D0
10
1774.608
20
1538.841
0
VERTEX
8
L1D0
10
1779.067
20
1537.56
0
VERTEX
8
L1D0
10
1784.142
20
1535.46
0
VERTEX
8
L1D0
10
1788.594
20
1532.625
0
VERTEX
8
L1D0
10
1792.458
20
1529.447
0
VERTEX
8
L1D0
10
1795.524
20
1525.506
0
VERTEX
8
L1D0
10
1797.946
20
1521.992
0
VERTEX
8
L1D0
10
1800.382
20
1517.862
0
VERTEX
8
L1D0
10
1801.936
20
1514.691
0
VERTEX
8
L1D0
10
1805.457
20
1509.959
0
VERTEX
8
L1D0
10
1808.229
20
1508.006
0
VERTEX
8
L1D0
10
1809.783
20
1507.46
0
VERTEX
8
L1D0
10
1811.001
20
1507.257
0
VERTEX
8
L1D0
10
1813.36
20
1509.147
0
VERTEX
8
L1D0
10
1816.489
20
1513.655
0
VERTEX
8
L1D0
10
1823.86
20
1526.283
0
VERTEX
8
L1D0
10
1828.935
20
1536.356
0
VERTEX
8
L1D0
10
1832.05
20
1542.957
0
VERTEX
8
L1D0
10
1833.198
20
1545.596
0
VERTEX
8
L1D0
10
1835.221
20
1550.118
0
VERTEX
8
L1D0
10
1836.775
20
1553.366
0
VERTEX
8
L1D0
10
1838.133
20
1556.81
0
VERTEX
8
L1D0
10
1840.569
20
1564.244
0
VERTEX
8
L1D0
10
1841.101
20
1566.953
0
VERTEX
8
L1D0
10
1840.905
20
1568.297
0
VERTEX
8
L1D0
10
1839.897
20
1568.766
0
VERTEX
8
L1D0
10
1837.321
20
1568.297
0
VERTEX
8
L1D0
10
1833.744
20
1566.876
0
VERTEX
8
L1D0
10
1830.496
20
1565.462
0
VERTEX
8
L1D0
10
1824.91
20
1563.089
0
VERTEX
8
L1D0
10
1818.351
20
1559.645
0
VERTEX
8
L1D0
10
1811.386
20
1556.733
0
VERTEX
8
L1D0
10
1806.591
20
1554.647
0
VERTEX
8
L1D0
10
1799.29
20
1552.82
0
VERTEX
8
L1D0
10
1794.012
20
1552.274
0
VERTEX
8
L1D0
10
1790.505
20
1552.82
0
VERTEX
8
L1D0
10
1788.069
20
1554.437
0
VERTEX
8
L1D0
10
1785.969
20
1556.943
0
VERTEX
8
L1D0
10
1785.297
20
1559.708
0
VERTEX
8
L1D0
10
1785.906
20
1565.658
0
VERTEX
8
L1D0
10
1789.434
20
1578.692
0
VERTEX
8
L1D0
10
1791.184
20
1584.768
0
VERTEX
8
L1D0
10
1794.166
20
1598.628
0
VERTEX
8
L1D0
10
1795.923
20
1609.709
0
VERTEX
8
L1D0
10
1796.406
20
1614.693
0
VERTEX
8
L1D0
10
1796.805
20
1619.558
0
VERTEX
8
L1D0
10
1797.078
20
1626.453
0
VERTEX
8
L1D0
10
1797.274
20
1633.418
0
VERTEX
8
L1D0
10
1797.211
20
1638.479
0
VERTEX
8
L1D0
10
1796.938
20
1644.219
0
VERTEX
8
L1D0
10
1796.875
20
1647.719
0
VERTEX
8
L1D0
10
1796.056
20
1659.003
0
VERTEX
8
L1D0
10
1794.775
20
1670.154
0
VERTEX
8
L1D0
10
1794.033
20
1675.901
0
VERTEX
8
L1D0
10
1793.347
20
1679.807
0
VERTEX
8
L1D0
10
1792.612
20
1683.048
0
VERTEX
8
L1D0
10
1791.324
20
1689.803
0
VERTEX
8
L1D0
10
1789.84
20
1696.761
0
VERTEX
8
L1D0
10
1788.622
20
1702.305
0
VERTEX
8
L1D0
10
1786.858
20
1710.075
0
VERTEX
8
L1D0
10
1775.217
20
1751.34
0
VERTEX
8
L1D0
10
1773.726
20
1756.751
0
VERTEX
8
L1D0
10
1770.478
20
1768.301
0
VERTEX
8
L1D0
10
1768.315
20
1774.65
0
VERTEX
8
L1D0
10
1766.761
20
1780.67
0
VERTEX
8
L1D0
10
1765.326
20
1785.857
0
VERTEX
8
L1D0
10
1763.772
20
1792.269
0
VERTEX
8
L1D0
10
1762.491
20
1799.444
0
VERTEX
8
L1D0
10
1762.078
20
1806.129
0
VERTEX
8
L1D0
10
1761.945
20
1810.931
0
VERTEX
8
L1D0
10
1761.945
20
1816.734
0
VERTEX
8
L1D0
10
1762.554
20
1822.278
0
VERTEX
8
L1D0
10
1763.457
20
1825.848
0
VERTEX
8
L1D0
10
1765.144
20
1829.705
0
VERTEX
8
L1D0
10
1767.58
20
1833.009
0
VERTEX
8
L1D0
10
1769.946
20
1835.585
0
VERTEX
8
L1D0
10
1773.46
20
1838.553
0
VERTEX
8
L1D0
10
1776.232
20
1840.779
0
VERTEX
8
L1D0
10
1779.816
20
1843.278
0
VERTEX
8
L1D0
10
1783.33
20
1844.972
0
VERTEX
8
L1D0
10
1786.914
20
1846.386
0
VERTEX
8
L1D0
10
1792.122
20
1847.877
0
VERTEX
8
L1D0
10
1796.035
20
1848.962
0
VERTEX
8
L1D0
10
1804.449
20
1850.81
0
VERTEX
8
L1D0
10
1808.439
20
1851.482
0
VERTEX
8
L1D0
10
1812.156
20
1852.301
0
VERTEX
8
L1D0
10
1818.442
20
1853.519
0
VERTEX
8
L1D0
10
1824.049
20
1854.863
0
VERTEX
8
L1D0
10
1828.921
20
1855.878
0
VERTEX
8
L1D0
10
1832.302
20
1857.299
0
VERTEX
8
L1D0
10
1834.801
20
1858.377
0
VERTEX
8
L1D0
10
1835.956
20
1859.525
0
VERTEX
8
L1D0
10
1835.886
20
1860.68
0
VERTEX
8
L1D0
10
1835.137
20
1861.422
0
VERTEX
8
L1D0
10
1833.457
20
1861.961
0
VERTEX
8
L1D0
10
1830.685
20
1862.367
0
VERTEX
8
L1D0
10
1826.562
20
1862.57
0
VERTEX
8
L1D0
10
1822.432
20
1862.906
0
VERTEX
8
L1D0
10
1817.637
20
1863.039
0
VERTEX
8
L1D0
10
1813.57
20
1863.242
0
VERTEX
8
L1D0
10
1807.452
20
1863.116
0
VERTEX
8
L1D0
10
1799.073
20
1863.249
0
VERTEX
8
L1D0
10
1795.006
20
1863.186
0
VERTEX
8
L1D0
10
1790.274
20
1863.053
0
VERTEX
8
L1D0
10
1781.559
20
1862.64
0
VERTEX
8
L1D0
10
1777.023
20
1862.171
0
VERTEX
8
L1D0
10
1775.602
20
1861.772
0
VERTEX
8
L1D0
10
1772.697
20
1861.436
0
VERTEX
8
L1D0
10
1770.534
20
1862.031
0
VERTEX
8
L1D0
10
1768.231
20
1863.249
0
VERTEX
8
L1D0
10
1765.599
20
1865.552
0
VERTEX
8
L1D0
10
1762.155
20
1868.457
0
VERTEX
8
L1D0
10
1758.907
20
1871.019
0
VERTEX
8
L1D0
10
1757.283
20
1871.964
0
VERTEX
8
L1D0
10
1756.905
20
1871.705
0
VERTEX
8
L1D0
10
1756.296
20
1871.439
0
VERTEX
8
L1D0
10
1755.561
20
1870.151
0
VERTEX
8
L1D0
10
1754.875
20
1867.785
0
VERTEX
8
L1D0
10
1754.007
20
1862.045
0
VERTEX
8
L1D0
10
1753.258
20
1859.343
0
VERTEX
8
L1D0
10
1752.376
20
1857.243
0
VERTEX
8
L1D0
10
1750.962
20
1855.08
0
VERTEX
8
L1D0
10
1749.513
20
1853.393
0
VERTEX
8
L1D0
10
1746.538
20
1851.167
0
VERTEX
8
L1D0
10
1743.22
20
1849.536
0
VERTEX
8
L1D0
10
1739.643
20
1848.654
0
VERTEX
8
L1D0
10
1735.786
20
1848.528
0
VERTEX
8
L1D0
10
1731.796
20
1849.403
0
VERTEX
8
L1D0
10
1729.101
20
1850.894
0
VERTEX
8
L1D0
10
1727.001
20
1852.448
0
VERTEX
8
L1D0
10
1725.174
20
1854.135
0
VERTEX
8
L1D0
10
1723.816
20
1855.829
0
VERTEX
8
L1D0
10
1722.262
20
1858.524
0
VERTEX
8
L1D0
10
1720.708
20
1862.178
0
VERTEX
8
L1D0
10
1719.966
20
1865.286
0
VERTEX
8
L1D0
10
1719.427
20
1869.129
0
VERTEX
8
L1D0
10
1719.826
20
1871.838
0
VERTEX
8
L1D0
10
1720.239
20
1873.532
0
VERTEX
8
L1D0
10
1720.68
20
1874.477
0
VERTEX
8
L1D0
10
1721.044
20
1875.282
0
VERTEX
8
L1D0
10
1721.59
20
1877.249
0
VERTEX
8
L1D0
10
1721.457
20
1878.054
0
VERTEX
8
L1D0
10
1720.785
20
1878.663
0
VERTEX
8
L1D0
10
1719.63
20
1879.272
0
VERTEX
8
L1D0
10
1718.545
20
1879.475
0
VERTEX
8
L1D0
10
1718.545
20
1901.364
0
VERTEX
8
L1D0
10
1721.541
20
1902.309
0
VERTEX
8
L1D0
10
1724.362
20
1902.897
0
VERTEX
8
L1D0
10
1727.484
20
1903.191
0
VERTEX
8
L1D0
10
1731.684
20
1903.289
0
VERTEX
8
L1D0
10
1737.459
20
1903.149
0
VERTEX
8
L1D0
10
1737.459
20
1882.268
0
VERTEX
8
L1D0
10
1734.834
20
1881.848
0
VERTEX
8
L1D0
10
1732.797
20
1881.099
0
VERTEX
8
L1D0
10
1731.18
20
1880.105
0
VERTEX
8
L1D0
10
1729.437
20
1878.81
0
VERTEX
8
L1D0
10
1727.974
20
1877.319
0
VERTEX
8
L1D0
10
1726.812
20
1875.534
0
VERTEX
8
L1D0
10
1725.895
20
1873.749
0
VERTEX
8
L1D0
10
1725.069
20
1871.67
0
VERTEX
8
L1D0
10
1724.565
20
1870.011
0
VERTEX
8
L1D0
10
1724.404
20
1868.555
0
VERTEX
8
L1D0
10
1724.362
20
1866.518
0
VERTEX
8
L1D0
10
1724.607
20
1865.153
0
VERTEX
8
L1D0
10
1725.195
20
1864.817
0
VERTEX
8
L1D0
10
1725.601
20
1865.195
0
VERTEX
8
L1D0
10
1726.56
20
1866.021
0
VERTEX
8
L1D0
10
1727.512
20
1867.638
0
VERTEX
8
L1D0
10
1728.31
20
1869.297
0
VERTEX
8
L1D0
10
1729.101
20
1870.718
0
VERTEX
8
L1D0
10
1729.927
20
1872.006
0
VERTEX
8
L1D0
10
1731.18
20
1873.497
0
VERTEX
8
L1D0
10
1732.51
20
1874.624
0
VERTEX
8
L1D0
10
1734.043
20
1875.534
0
VERTEX
8
L1D0
10
1736.08
20
1876.409
0
VERTEX
8
L1D0
10
1737.697
20
1876.619
0
VERTEX
8
L1D0
10
1739.692
20
1876.619
0
VERTEX
8
L1D0
10
1741.491
20
1876.241
0
VERTEX
8
L1D0
10
1742.31
20
1875.779
0
VERTEX
8
L1D0
10
1743.15
20
1875.282
0
VERTEX
8
L1D0
10
1744.396
20
1874.372
0
VERTEX
8
L1D0
10
1745.313
20
1873.413
0
VERTEX
8
L1D0
10
1746.307
20
1872.125
0
VERTEX
8
L1D0
10
1746.972
20
1870.634
0
VERTEX
8
L1D0
10
1747.56
20
1868.975
0
VERTEX
8
L1D0
10
1748.596
20
1866.35
0
VERTEX
8
L1D0
10
1749.009
20
1865.069
0
VERTEX
8
L1D0
10
1749.135
20
1870.088
0
VERTEX
8
L1D0
10
1749.051
20
1871.88
0
VERTEX
8
L1D0
10
1748.512
20
1873.994
0
VERTEX
8
L1D0
10
1747.756
20
1875.989
0
VERTEX
8
L1D0
10
1747.707
20
1876.094
0
VERTEX
8
L1D0
10
1746.685
20
1878.11
0
VERTEX
8
L1D0
10
1745.397
20
1879.524
0
VERTEX
8
L1D0
10
1743.654
20
1880.805
0
VERTEX
8
L1D0
10
1741.813
20
1881.722
0
VERTEX
8
L1D0
10
1740.154
20
1882.058
0
VERTEX
8
L1D0
10
1737.459
20
1882.268
0
VERTEX
8
L1D0
10
1737.459
20
1903.149
0
VERTEX
8
L1D0
10
1739.286
20
1903.1
0
VERTEX
8
L1D0
10
1741.519
20
1902.897
0
VERTEX
8
L1D0
10
1743.661
20
1902.603
0
VERTEX
8
L1D0
10
1746.006
20
1902.414
0
VERTEX
8
L1D0
10
1748.736
20
1902.015
0
VERTEX
8
L1D0
10
1751.074
20
1901.441
0
VERTEX
8
L1D0
10
1753.699
20
1900.664
0
VERTEX
8
L1D0
10
1756.723
20
1899.488
0
VERTEX
8
L1D0
10
1758.865
20
1898.417
0
VERTEX
8
L1D0
10
1761.987
20
1896.66
0
VERTEX
8
L1D0
10
1765.662
20
1893.902
0
VERTEX
8
L1D0
10
1768.189
20
1891.662
0
VERTEX
8
L1D0
10
1770.331
20
1889.814
0
VERTEX
8
L1D0
10
1772.179
20
1888.064
0
VERTEX
8
L1D0
10
1774.426
20
1885.719
0
VERTEX
8
L1D0
10
1776.568
20
1883.381
0
VERTEX
8
L1D0
10
1778.416
20
1881.435
0
VERTEX
8
L1D0
10
1781.44
20
1878.117
0
VERTEX
8
L1D0
10
1785.283
20
1878.348
0
VERTEX
8
L1D0
10
1787.313
20
1878.551
0
VERTEX
8
L1D0
10
1790.764
20
1878.936
0
VERTEX
8
L1D0
10
1793.256
20
1879.139
0
VERTEX
8
L1D0
10
1796.119
20
1879.44
0
VERTEX
8
L1D0
10
1798.275
20
1879.545
0
VERTEX
8
L1D0
10
1803.07
20
1879.671
0
VERTEX
8
L1D0
10
1807.662
20
1879.706
0
VERTEX
8
L1D0
10
1812.723
20
1879.419
0
VERTEX
8
L1D0
10
1822.369
20
1878.516
0
VERTEX
8
L1D0
10
1826.457
20
1877.907
0
VERTEX
8
L1D0
10
1829.845
20
1877.214
0
VERTEX
8
L1D0
10
1832.554
20
1876.815
0
VERTEX
8
L1D0
10
1839.295
20
1875.17
0
VERTEX
8
L1D0
10
1842.445
20
1874.162
0
VERTEX
8
L1D0
10
1845.595
20
1873.077
0
VERTEX
8
L1D0
10
1847.968
20
1872.125
0
VERTEX
8
L1D0
10
1851.174
20
1870.683
0
VERTEX
8
L1D0
10
1853.071
20
1869.612
0
VERTEX
8
L1D0
10
1854.492
20
1868.73
0
VERTEX
8
L1D0
10
1856.004
20
1867.61
0
VERTEX
8
L1D0
10
1858.048
20
1865.699
0
VERTEX
8
L1D0
10
1859.749
20
1862.976
0
VERTEX
8
L1D0
10
1860.561
20
1860.729
0
VERTEX
8
L1D0
10
1860.939
20
1858.769
0
VERTEX
8
L1D0
10
1861.051
20
1857.306
0
VERTEX
8
L1D0
10
1861.051
20
1855.934
0
VERTEX
8
L1D0
10
1860.778
20
1854.807
0
VERTEX
8
L1D0
10
1859.973
20
1853.463
0
VERTEX
8
L1D0
10
1858.951
20
1852.119
0
VERTEX
8
L1D0
10
1858.041
20
1851.293
0
VERTEX
8
L1D0
10
1857.012
20
1850.397
0
VERTEX
8
L1D0
10
1855.647
20
1849.466
0
VERTEX
8
L1D0
10
1854.1
20
1848.5
0
VERTEX
8
L1D0
10
1852.686
20
1847.702
0
VERTEX
8
L1D0
10
1850.824
20
1846.778
0
VERTEX
8
L1D0
10
1849.312
20
1846.064
0
VERTEX
8
L1D0
10
1847.17
20
1845.161
0
VERTEX
8
L1D0
10
1844.685
20
1844.216
0
VERTEX
8
L1D0
10
1843.201
20
1843.712
0
VERTEX
8
L1D0
10
1835.025
20
1841.241
0
VERTEX
8
L1D0
10
1830.153
20
1839.897
0
VERTEX
8
L1D0
10
1824.28
20
1838.651
0
VERTEX
8
L1D0
10
1819.849
20
1837.664
0
VERTEX
8
L1D0
10
1815.502
20
1836.593
0
VERTEX
8
L1D0
10
1812.73
20
1835.823
0
VERTEX
8
L1D0
10
1810.084
20
1835.067
0
VERTEX
8
L1D0
10
1806.633
20
1834.164
0
VERTEX
8
L1D0
10
1803.511
20
1833.03
0
VERTEX
8
L1D0
10
1799.752
20
1831.539
0
VERTEX
8
L1D0
10
1797.141
20
1830.23
0
VERTEX
8
L1D0
10
1794.46
20
1828.97
0
VERTEX
8
L1D0
10
1791.933
20
1827.339
0
VERTEX
8
L1D0
10
1789.497
20
1825.484
0
VERTEX
8
L1D0
10
1788.405
20
1824.483
0
VERTEX
8
L1D0
10
1787.005
20
1823.132
0
VERTEX
8
L1D0
10
1786.053
20
1822.005
0
VERTEX
8
L1D0
10
1783.953
20
1819.191
0
VERTEX
8
L1D0
10
1782.805
20
1817.175
0
VERTEX
8
L1D0
10
1781.622
20
1814.529
0
VERTEX
8
L1D0
10
1780.663
20
1811.981
0
VERTEX
8
L1D0
10
1780.11
20
1809.923
0
VERTEX
8
L1D0
10
1779.97
20
1808.418
0
VERTEX
8
L1D0
10
1779.837
20
1806.087
0
VERTEX
8
L1D0
10
1779.858
20
1803.959
0
VERTEX
8
L1D0
10
1780.18
20
1800.48
0
VERTEX
8
L1D0
10
1780.642
20
1797.918
0
VERTEX
8
L1D0
10
1781.293
20
1795.041
0
VERTEX
8
L1D0
10
1781.944
20
1792.584
0
VERTEX
8
L1D0
10
1782.693
20
1790.022
0
VERTEX
8
L1D0
10
1783.512
20
1787.334
0
VERTEX
8
L1D0
10
1784.632
20
1783.778
0
VERTEX
8
L1D0
10
1787.362
20
1775.756
0
VERTEX
8
L1D0
10
1788.811
20
1771.913
0
VERTEX
8
L1D0
10
1789.938
20
1768.532
0
VERTEX
8
L1D0
10
1790.883
20
1765.998
0
VERTEX
8
L1D0
10
1798.471
20
1745.285
0
VERTEX
8
L1D0
10
1802.916
20
1742.142
0
VERTEX
8
L1D0
10
1806.801
20
1739.552
0
VERTEX
8
L1D0
10
1814.557
20
1734.302
0
VERTEX
8
L1D0
10
1819.443
20
1731.11
0
VERTEX
8
L1D0
10
1827.892
20
1725.188
0
VERTEX
8
L1D0
10
1836.558
20
1718.748
0
VERTEX
8
L1D0
10
1845.609
20
1711.314
0
VERTEX
8
L1D0
10
1849.984
20
1707.324
0
VERTEX
8
L1D0
10
1852.357
20
1705.028
0
VERTEX
8
L1D0
10
1856.109
20
1701.129
0
VERTEX
8
L1D0
10
1861.107
20
1695.662
0
VERTEX
8
L1D0
10
1864.033
20
1692.183
0
VERTEX
8
L1D0
10
1867.12
20
1687.899
0
VERTEX
8
L1D0
10
1869.808
20
1684.266
0
VERTEX
8
L1D0
10
1871.712
20
1681.011
0
VERTEX
8
L1D0
10
1873.749
20
1677.231
0
VERTEX
8
L1D0
10
1874.596
20
1675.551
0
VERTEX
8
L1D0
10
1875.289
20
1673.787
0
VERTEX
8
L1D0
10
1875.807
20
1672.107
0
VERTEX
8
L1D0
10
1876.122
20
1670.343
0
VERTEX
8
L1D0
10
1876.15
20
1668.887
0
VERTEX
8
L1D0
10
1875.933
20
1667.585
0
VERTEX
8
L1D0
10
1875.618
20
1666.787
0
VERTEX
8
L1D0
10
1875.037
20
1665.765
0
VERTEX
8
L1D0
10
1874.022
20
1664.687
0
VERTEX
8
L1D0
10
1872.846
20
1663.826
0
VERTEX
8
L1D0
10
1871.733
20
1663.224
0
VERTEX
8
L1D0
10
1870.291
20
1662.741
0
VERTEX
8
L1D0
10
1868.611
20
1662.09
0
VERTEX
8
L1D0
10
1867.078
20
1661.747
0
VERTEX
8
L1D0
10
1865.797
20
1661.481
0
VERTEX
8
L1D0
10
1864.264
20
1661.229
0
VERTEX
8
L1D0
10
1862.269
20
1661.103
0
VERTEX
8
L1D0
10
1859.749
20
1661.138
0
VERTEX
8
L1D0
10
1857.502
20
1661.201
0
VERTEX
8
L1D0
10
1852.959
20
1662.069
0
VERTEX
8
L1D0
10
1847.275
20
1663.553
0
VERTEX
8
L1D0
10
1840.926
20
1665.611
0
VERTEX
8
L1D0
10
1835.326
20
1667.753
0
VERTEX
8
L1D0
10
1828.816
20
1670.385
0
VERTEX
8
L1D0
10
1823.041
20
1672.695
0
VERTEX
8
L1D0
10
1818.022
20
1674.753
0
VERTEX
8
L1D0
10
1817.854
20
1669.734
0
VERTEX
8
L1D0
10
1817.518
20
1655.181
0
VERTEX
8
L1D0
10
1816.986
20
1641.188
0
VERTEX
8
L1D0
10
1816.587
20
1628.126
0
VERTEX
8
L1D0
10
1816.104
20
1617.584
0
VERTEX
8
L1D0
10
1815.936
20
1613.454
0
VERTEX
8
L1D0
10
1814.949
20
1602.933
0
VERTEX
8
L1D0
10
1814.529
20
1600.448
0
VERTEX
8
L1D0
10
1813.717
20
1596.017
0
VERTEX
8
L1D0
10
1812.765
20
1592.349
0
VERTEX
8
L1D0
10
1811.547
20
1587.47
0
VERTEX
8
L1D0
10
1810.056
20
1579.07
0
VERTEX
8
L1D0
10
1810.084
20
1573.484
0
VERTEX
8
L1D0
10
1813.738
20
1575.206
0
VERTEX
8
L1D0
10
1816.426
20
1576.55
0
VERTEX
8
L1D0
10
1822.075
20
1579.287
0
VERTEX
8
L1D0
10
1827.444
20
1581.926
0
VERTEX
8
L1D0
10
1832.61
20
1584.068
0
VERTEX
8
L1D0
10
1838.196
20
1586.168
0
VERTEX
8
L1D0
10
1842.291
20
1587.288
0
VERTEX
8
L1D0
10
1844.139
20
1587.701
0
VERTEX
8
L1D0
10
1846.974
20
1588.275
0
VERTEX
8
L1D0
10
1848.136
20
1588.415
0
VERTEX
8
L1D0
10
1852
20
1588.793
0
VERTEX
8
L1D0
10
1853.337
20
1588.793
0
VERTEX
8
L1D0
10
1855.899
20
1588.73
0
VERTEX
8
L1D0
10
1857.432
20
1588.632
0
VERTEX
8
L1D0
10
1860.4
20
1588.107
0
VERTEX
8
L1D0
10
1862.85
20
1587.47
0
VERTEX
8
L1D0
10
1865.23
20
1586.595
0
VERTEX
8
L1D0
10
1867.05
20
1585.608
0
VERTEX
8
L1D0
10
1868.499
20
1584.152
0
VERTEX
8
L1D0
10
1869.136
20
1582.346
0
VERTEX
8
L1D0
10
1869.493
20
1580.603
0
VERTEX
8
L1D0
10
1869.43
20
1578.041
0
VERTEX
8
L1D0
10
1869.136
20
1575.647
0
VERTEX
8
L1D0
10
1868.968
20
1573.379
0
VERTEX
8
L1D0
10
1868.499
20
1571.328
0
VERTEX
8
L1D0
10
1867.855
20
1569.06
0
VERTEX
8
L1D0
10
1866.924
20
1566.792
0
VERTEX
8
L1D0
10
1865.587
20
1563.411
0
VERTEX
8
L1D0
10
1858.09
20
1546.338
0
VERTEX
8
L1D0
10
1853.953
20
1537.938
0
VERTEX
8
L1D0
10
1852.077
20
1533.738
0
VERTEX
8
L1D0
10
1849.291
20
1528.635
0
VERTEX
8
L1D0
10
1846.645
20
1523.595
0
VERTEX
8
L1D0
10
1845.028
20
1520.298
0
VERTEX
8
L1D0
10
1840.863
20
1512.878
0
VERTEX
8
L1D0
10
1838.154
20
1508.279
0
VERTEX
8
L1D0
10
1834.794
20
1502.987
0
VERTEX
8
L1D0
10
1830.328
20
1496.33
0
VERTEX
8
L1D0
10
1827.486
20
1493.096
0
VERTEX
8
L1D0
10
1824.637
20
1489.925
0
VERTEX
8
L1D0
10
1821.858
20
1487.405
0
VERTEX
8
L1D0
10
1818.687
20
1485.536
0
VERTEX
8
L1D0
10
1816.594
20
1484.472
0
VERTEX
8
L1D0
10
1813.297
20
1483.758
0
VERTEX
8
L1D0
10
1809.937
20
1484.15
0
VERTEX
8
L1D0
10
1807.095
20
1485.438
0
VERTEX
8
L1D0
10
1805.604
20
1486.341
0
VERTEX
8
L1D0
10
1804.246
20
1487.447
0
VERTEX
8
L1D0
10
1802.433
20
1489.379
0
VERTEX
8
L1D0
10
1798.044
20
1494.426
0
VERTEX
8
L1D0
10
1795.587
20
1498.178
0
VERTEX
8
L1D0
10
1790.988
20
1504.961
0
VERTEX
8
L1D0
10
1789.077
20
1507.824
0
VERTEX
8
L1D0
10
1787.208
20
1509.77
0
VERTEX
8
L1D0
10
1785.388
20
1512.353
0
VERTEX
8
L1D0
10
1783.771
20
1513.767
0
VERTEX
8
L1D0
10
1781.454
20
1515.902
0
VERTEX
8
L1D0
10
1779.06
20
1517.715
0
VERTEX
8
L1D0
10
1776.54
20
1519.521
0
VERTEX
8
L1D0
10
1771.752
20
1517.904
0
VERTEX
8
L1D0
10
1767.678
20
1516.49
0
VERTEX
8
L1D0
10
1762.624
20
1514.67
0
VERTEX
8
L1D0
10
1759.005
20
1513.515
0
VERTEX
8
L1D0
10
1754.931
20
1512.087
0
VERTEX
8
L1D0
10
1751.83
20
1511.058
0
VERTEX
8
L1D0
10
1743.892
20
1508.468
0
VERTEX
8
L1D0
10
1736.388
20
1506.396
0
VERTEX
8
L1D0
10
1720.54
20
1502.462
0
VERTEX
8
L1D0
10
1714.989
20
1501.419
0
VERTEX
8
L1D0
10
1708.521
20
1500.39
0
VERTEX
8
L1D0
10
1704.51
20
1499.802
0
VERTEX
8
L1D0
10
1695.991
20
1498.766
0
VERTEX
8
L1D0
10
1689.39
20
1498.248
0
VERTEX
8
L1D0
10
1679.947
20
1497.737
0
VERTEX
8
L1D0
10
1675.159
20
1497.534
0
VERTEX
8
L1D0
10
1666.948
20
1497.086
0
VERTEX
8
L1D0
10
1660.228
20
1497.149
0
VERTEX
8
L1D0
10
1649.833
20
1497.149
0
VERTEX
8
L1D0
10
1639.165
20
1497.212
0
VERTEX
8
L1D0
10
1630.303
20
1497.737
0
VERTEX
8
L1D0
10
1625.067
20
1497.926
0
VERTEX
8
L1D0
10
1618.795
20
1498.64
0
VERTEX
8
L1D0
10
1613.601
20
1499.025
0
VERTEX
8
L1D0
10
1611.207
20
1498.955
0
VERTEX
8
L1D0
10
1609.653
20
1498.955
0
VERTEX
8
L1D0
10
1609.401
20
1498.437
0
VERTEX
8
L1D0
10
1610.241
20
1496.631
0
VERTEX
8
L1D0
10
1613.86
20
1493.271
0
VERTEX
8
L1D0
10
1617.409
20
1489.841
0
VERTEX
8
L1D0
10
1619.74
20
1487.195
0
VERTEX
8
L1D0
10
1622.26
20
1483.772
0
VERTEX
8
L1D0
10
1624.591
20
1480.209
0
VERTEX
8
L1D0
10
1627.048
20
1474.91
0
VERTEX
8
L1D0
10
1627.44
20
1473.23
0
VERTEX
8
L1D0
10
1627.566
20
1471.067
0
VERTEX
8
L1D0
10
1626.978
20
1467.693
0
VERTEX
8
L1D0
10
1625.872
20
1464.144
0
VERTEX
8
L1D0
10
1624.255
20
1461.176
0
VERTEX
8
L1D0
10
1622.127
20
1459.104
0
VERTEX
8
L1D0
10
1620.118
20
1457.942
0
VERTEX
8
L1D0
10
1617.15
20
1456.976
0
VERTEX
8
L1D0
10
1613.916
20
1456.199
0
VERTEX
8
L1D0
10
1609.968
20
1455.807
0
VERTEX
8
L1D0
10
1604.536
20
1455.548
0
SEQEND
0
ENDSEC
0
EOF
