0
SECTION
2
HEADER
9
$ACADVER
1
AC1006
0
ENDSEC
0
SECTION
2
TABLES
0
TABLE
2
LAYER
70
1
0
LAYER
70
0
62
1
6
CONTINUOUS
2
L0D0
0
ENDTAB
0
ENDSEC
0
SECTION
2
BLOCKS
0
ENDSEC
0
SECTION
2
ENTITIES
0
POLYLINE
8
L0D0
70
1
40
0
41
0
66
1
0
VERTEX
8
L0D0
10
-2500
20
-2500
0
VERTEX
8
L0D0
10
-2500
20
-2250
0
VERTEX
8
L0D0
10
-2250
20
-2250
0
VERTEX
8
L0D0
10
2250
20
-2250
0
VERTEX
8
L0D0
10
2250
20
2250
0
VERTEX
8
L0D0
10
-2250
20
2250
0
VERTEX
8
L0D0
10
-2250
20
-2250
0
VERTEX
8
L0D0
10
-2500
20
-2250
0
VERTEX
8
L0D0
10
-2500
20
2500
0
VERTEX
8
L0D0
10
2500
20
2500
0
VERTEX
8
L0D0
10
2500
20
-2500
0
SEQEND
0
POLYLINE
8
L0D0
70
1
40
0
41
0
66
1
0
VERTEX
8
L0D0
10
1000
20
42
0
VERTEX
8
L0D0
10
996.321
20
42.04
0
VERTEX
8
L0D0
10
992.643
20
42.158
0
VERTEX
8
L0D0
10
988.969
20
42.356
0
VERTEX
8
L0D0
10
985.3
20
42.633
0
VERTEX
8
L0D0
10
981.638
20
42.989
0
VERTEX
8
L0D0
10
977.984
20
43.423
0
VERTEX
8
L0D0
10
974.341
20
43.936
0
VERTEX
8
L0D0
10
970.709
20
44.527
0
VERTEX
8
L0D0
10
967.091
20
45.197
0
VERTEX
8
L0D0
10
963.488
20
45.944
0
VERTEX
8
L0D0
10
959.902
20
46.768
0
VERTEX
8
L0D0
10
956.335
20
47.669
0
VERTEX
8
L0D0
10
952.787
20
48.647
0
VERTEX
8
L0D0
10
949.262
20
49.701
0
VERTEX
8
L0D0
10
945.76
20
50.83
0
VERTEX
8
L0D0
10
942.284
20
52.035
0
VERTEX
8
L0D0
10
938.834
20
53.314
0
VERTEX
8
L0D0
10
935.412
20
54.667
0
VERTEX
8
L0D0
10
932.02
20
56.093
0
VERTEX
8
L0D0
10
928.66
20
57.592
0
VERTEX
8
L0D0
10
925.333
20
59.163
0
VERTEX
8
L0D0
10
922.04
20
60.805
0
VERTEX
8
L0D0
10
918.783
20
62.518
0
VERTEX
8
L0D0
10
915.564
20
64.3
0
VERTEX
8
L0D0
10
912.384
20
66.151
0
VERTEX
8
L0D0
10
909.245
20
68.071
0
VERTEX
8
L0D0
10
906.148
20
70.057
0
VERTEX
8
L0D0
10
903.094
20
72.109
0
VERTEX
8
L0D0
10
900.085
20
74.227
0
VERTEX
8
L0D0
10
897.122
20
76.409
0
VERTEX
8
L0D0
10
894.207
20
78.654
0
VERTEX
8
L0D0
10
891.341
20
80.961
0
VERTEX
8
L0D0
10
888.525
20
83.33
0
VERTEX
8
L0D0
10
885.761
20
85.758
0
VERTEX
8
L0D0
10
883.05
20
88.246
0
VERTEX
8
L0D0
10
880.393
20
90.791
0
VERTEX
8
L0D0
10
877.791
20
93.393
0
VERTEX
8
L0D0
10
875.246
20
96.05
0
VERTEX
8
L0D0
10
872.758
20
98.761
0
VERTEX
8
L0D0
10
870.33
20
101.525
0
VERTEX
8
L0D0
10
867.961
20
104.341
0
VERTEX
8
L0D0
10
865.654
20
107.207
0
VERTEX
8
L0D0
10
863.409
20
110.122
0
VERTEX
8
L0D0
10
861.227
20
113.085
0
VERTEX
8
L0D0
10
859.109
20
116.094
0
VERTEX
8
L0D0
10
857.057
20
119.148
0
VERTEX
8
L0D0
10
855.071
20
122.245
0
VERTEX
8
L0D0
10
853.151
20
125.384
0
VERTEX
8
L0D0
10
851.3
20
128.564
0
VERTEX
8
L0D0
10
849.518
20
131.783
0
VERTEX
8
L0D0
10
847.805
20
135.04
0
VERTEX
8
L0D0
10
846.163
20
138.333
0
VERTEX
8
L0D0
10
844.592
20
141.66
0
VERTEX
8
L0D0
10
843.093
20
145.02
0
VERTEX
8
L0D0
10
841.667
20
148.412
0
VERTEX
8
L0D0
10
840.314
20
151.834
0
VERTEX
8
L0D0
10
839.035
20
155.284
0
VERTEX
8
L0D0
10
837.83
20
158.76
0
VERTEX
8
L0D0
10
836.701
20
162.262
0
VERTEX
8
L0D0
10
835.647
20
165.787
0
VERTEX
8
L0D0
10
834.669
20
169.335
0
VERTEX
8
L0D0
10
833.768
20
172.902
0
VERTEX
8
L0D0
10
832.944
20
176.488
0
VERTEX
8
L0D0
10
832.197
20
180.091
0
VERTEX
8
L0D0
10
831.527
20
183.709
0
VERTEX
8
L0D0
10
830.936
20
187.341
0
VERTEX
8
L0D0
10
830.423
20
190.984
0
VERTEX
8
L0D0
10
829.989
20
194.638
0
VERTEX
8
L0D0
10
829.633
20
198.3
0
VERTEX
8
L0D0
10
829.356
20
201.969
0
VERTEX
8
L0D0
10
829.158
20
205.643
0
VERTEX
8
L0D0
10
829.04
20
209.321
0
VERTEX
8
L0D0
10
829
20
213
0
VERTEX
8
L0D0
10
829
20
350
0
VERTEX
8
L0D0
10
871
20
350
0
VERTEX
8
L0D0
10
871
20
213
0
VERTEX
8
L0D0
10
871.04
20
209.784
0
VERTEX
8
L0D0
10
871.16
20
206.57
0
VERTEX
8
L0D0
10
871.361
20
203.36
0
VERTEX
8
L0D0
10
871.641
20
200.156
0
VERTEX
8
L0D0
10
872.001
20
196.96
0
VERTEX
8
L0D0
10
872.441
20
193.774
0
VERTEX
8
L0D0
10
872.96
20
190.599
0
VERTEX
8
L0D0
10
873.558
20
187.439
0
VERTEX
8
L0D0
10
874.234
20
184.295
0
VERTEX
8
L0D0
10
874.989
20
181.168
0
VERTEX
8
L0D0
10
875.821
20
178.062
0
VERTEX
8
L0D0
10
876.731
20
174.977
0
VERTEX
8
L0D0
10
877.717
20
171.915
0
VERTEX
8
L0D0
10
878.78
20
168.879
0
VERTEX
8
L0D0
10
879.917
20
165.871
0
VERTEX
8
L0D0
10
881.13
20
162.892
0
VERTEX
8
L0D0
10
882.416
20
159.944
0
VERTEX
8
L0D0
10
883.775
20
157.029
0
VERTEX
8
L0D0
10
885.207
20
154.149
0
VERTEX
8
L0D0
10
886.709
20
151.305
0
VERTEX
8
L0D0
10
888.283
20
148.5
0
VERTEX
8
L0D0
10
889.925
20
145.735
0
VERTEX
8
L0D0
10
891.637
20
143.012
0
VERTEX
8
L0D0
10
893.415
20
140.332
0
VERTEX
8
L0D0
10
895.26
20
137.697
0
VERTEX
8
L0D0
10
897.17
20
135.109
0
VERTEX
8
L0D0
10
899.144
20
132.57
0
VERTEX
8
L0D0
10
901.18
20
130.08
0
VERTEX
8
L0D0
10
903.278
20
127.643
0
VERTEX
8
L0D0
10
905.436
20
125.258
0
VERTEX
8
L0D0
10
907.653
20
122.927
0
VERTEX
8
L0D0
10
909.927
20
120.653
0
VERTEX
8
L0D0
10
912.258
20
118.436
0
VERTEX
8
L0D0
10
914.643
20
116.278
0
VERTEX
8
L0D0
10
917.08
20
114.18
0
VERTEX
8
L0D0
10
919.57
20
112.144
0
VERTEX
8
L0D0
10
922.109
20
110.17
0
VERTEX
8
L0D0
10
924.697
20
108.26
0
VERTEX
8
L0D0
10
927.332
20
106.415
0
VERTEX
8
L0D0
10
930.012
20
104.637
0
VERTEX
8
L0D0
10
932.735
20
102.925
0
VERTEX
8
L0D0
10
935.5
20
101.283
0
VERTEX
8
L0D0
10
938.305
20
99.709
0
VERTEX
8
L0D0
10
941.149
20
98.207
0
VERTEX
8
L0D0
10
944.029
20
96.775
0
VERTEX
8
L0D0
10
946.944
20
95.416
0
VERTEX
8
L0D0
10
949.892
20
94.13
0
VERTEX
8
L0D0
10
952.871
20
92.917
0
VERTEX
8
L0D0
10
955.879
20
91.78
0
VERTEX
8
L0D0
10
958.915
20
90.717
0
VERTEX
8
L0D0
10
961.977
20
89.731
0
VERTEX
8
L0D0
10
965.062
20
88.821
0
VERTEX
8
L0D0
10
968.168
20
87.989
0
VERTEX
8
L0D0
10
971.295
20
87.234
0
VERTEX
8
L0D0
10
974.439
20
86.558
0
VERTEX
8
L0D0
10
977.599
20
85.96
0
VERTEX
8
L0D0
10
980.774
20
85.441
0
VERTEX
8
L0D0
10
983.96
20
85.001
0
VERTEX
8
L0D0
10
987.156
20
84.641
0
VERTEX
8
L0D0
10
990.36
20
84.361
0
VERTEX
8
L0D0
10
993.57
20
84.16
0
VERTEX
8
L0D0
10
996.784
20
84.04
0
VERTEX
8
L0D0
10
1000
20
84
0
VERTEX
8
L0D0
10
1200
20
84
0
VERTEX
8
L0D0
10
1203.216
20
84.04
0
VERTEX
8
L0D0
10
1206.43
20
84.16
0
VERTEX
8
L0D0
10
1209.64
20
84.361
0
VERTEX
8
L0D0
10
1212.844
20
84.641
0
VERTEX
8
L0D0
10
1216.04
20
85.001
0
VERTEX
8
L0D0
10
1219.226
20
85.441
0
VERTEX
8
L0D0
10
1222.401
20
85.96
0
VERTEX
8
L0D0
10
1225.561
20
86.558
0
VERTEX
8
L0D0
10
1228.705
20
87.234
0
VERTEX
8
L0D0
10
1231.832
20
87.989
0
VERTEX
8
L0D0
10
1234.938
20
88.821
0
VERTEX
8
L0D0
10
1238.023
20
89.731
0
VERTEX
8
L0D0
10
1241.085
20
90.717
0
VERTEX
8
L0D0
10
1244.121
20
91.78
0
VERTEX
8
L0D0
10
1247.129
20
92.917
0
VERTEX
8
L0D0
10
1250.108
20
94.13
0
VERTEX
8
L0D0
10
1253.056
20
95.416
0
VERTEX
8
L0D0
10
1255.971
20
96.775
0
VERTEX
8
L0D0
10
1258.851
20
98.207
0
VERTEX
8
L0D0
10
1261.695
20
99.709
0
VERTEX
8
L0D0
10
1264.5
20
101.283
0
VERTEX
8
L0D0
10
1267.265
20
102.925
0
VERTEX
8
L0D0
10
1269.988
20
104.637
0
VERTEX
8
L0D0
10
1272.668
20
106.415
0
VERTEX
8
L0D0
10
1275.303
20
108.26
0
VERTEX
8
L0D0
10
1277.891
20
110.17
0
VERTEX
8
L0D0
10
1280.43
20
112.144
0
VERTEX
8
L0D0
10
1282.92
20
114.18
0
VERTEX
8
L0D0
10
1285.357
20
116.278
0
VERTEX
8
L0D0
10
1287.742
20
118.436
0
VERTEX
8
L0D0
10
1290.073
20
120.653
0
VERTEX
8
L0D0
10
1292.347
20
122.927
0
VERTEX
8
L0D0
10
1294.564
20
125.258
0
VERTEX
8
L0D0
10
1296.722
20
127.643
0
VERTEX
8
L0D0
10
1298.82
20
130.08
0
VERTEX
8
L0D0
10
1300.856
20
132.57
0
VERTEX
8
L0D0
10
1302.83
20
135.109
0
VERTEX
8
L0D0
10
1304.74
20
137.697
0
VERTEX
8
L0D0
10
1306.585
20
140.332
0
VERTEX
8
L0D0
10
1308.363
20
143.012
0
VERTEX
8
L0D0
10
1310.075
20
145.735
0
VERTEX
8
L0D0
10
1311.717
20
148.5
0
VERTEX
8
L0D0
10
1313.291
20
151.305
0
VERTEX
8
L0D0
10
1314.793
20
154.149
0
VERTEX
8
L0D0
10
1316.225
20
157.029
0
VERTEX
8
L0D0
10
1317.584
20
159.944
0
VERTEX
8
L0D0
10
1318.87
20
162.892
0
VERTEX
8
L0D0
10
1320.083
20
165.871
0
VERTEX
8
L0D0
10
1321.22
20
168.879
0
VERTEX
8
L0D0
10
1322.283
20
171.915
0
VERTEX
8
L0D0
10
1323.269
20
174.977
0
VERTEX
8
L0D0
10
1324.179
20
178.062
0
VERTEX
8
L0D0
10
1325.011
20
181.168
0
VERTEX
8
L0D0
10
1325.766
20
184.295
0
VERTEX
8
L0D0
10
1326.442
20
187.439
0
VERTEX
8
L0D0
10
1327.04
20
190.599
0
VERTEX
8
L0D0
10
1327.559
20
193.774
0
VERTEX
8
L0D0
10
1327.999
20
196.96
0
VERTEX
8
L0D0
10
1328.359
20
200.156
0
VERTEX
8
L0D0
10
1328.639
20
203.36
0
VERTEX
8
L0D0
10
1328.84
20
206.57
0
VERTEX
8
L0D0
10
1328.96
20
209.784
0
VERTEX
8
L0D0
10
1329
20
213
0
VERTEX
8
L0D0
10
1329
20
1650
0
VERTEX
8
L0D0
10
1329.04
20
1653.679
0
VERTEX
8
L0D0
10
1329.158
20
1657.357
0
VERTEX
8
L0D0
10
1329.356
20
1661.031
0
VERTEX
8
L0D0
10
1329.633
20
1664.7
0
VERTEX
8
L0D0
10
1329.989
20
1668.362
0
VERTEX
8
L0D0
10
1330.423
20
1672.016
0
VERTEX
8
L0D0
10
1330.936
20
1675.659
0
VERTEX
8
L0D0
10
1331.527
20
1679.291
0
VERTEX
8
L0D0
10
1332.197
20
1682.909
0
VERTEX
8
L0D0
10
1332.944
20
1686.512
0
VERTEX
8
L0D0
10
1333.768
20
1690.098
0
VERTEX
8
L0D0
10
1334.669
20
1693.665
0
VERTEX
8
L0D0
10
1335.647
20
1697.213
0
VERTEX
8
L0D0
10
1336.701
20
1700.738
0
VERTEX
8
L0D0
10
1337.83
20
1704.24
0
VERTEX
8
L0D0
10
1339.035
20
1707.716
0
VERTEX
8
L0D0
10
1340.314
20
1711.166
0
VERTEX
8
L0D0
10
1341.667
20
1714.588
0
VERTEX
8
L0D0
10
1343.093
20
1717.98
0
VERTEX
8
L0D0
10
1344.592
20
1721.34
0
VERTEX
8
L0D0
10
1346.163
20
1724.667
0
VERTEX
8
L0D0
10
1347.805
20
1727.96
0
VERTEX
8
L0D0
10
1349.518
20
1731.217
0
VERTEX
8
L0D0
10
1351.3
20
1734.436
0
VERTEX
8
L0D0
10
1353.151
20
1737.616
0
VERTEX
8
L0D0
10
1355.071
20
1740.755
0
VERTEX
8
L0D0
10
1357.057
20
1743.852
0
VERTEX
8
L0D0
10
1359.109
20
1746.906
0
VERTEX
8
L0D0
10
1361.227
20
1749.915
0
VERTEX
8
L0D0
10
1363.409
20
1752.878
0
VERTEX
8
L0D0
10
1365.654
20
1755.793
0
VERTEX
8
L0D0
10
1367.961
20
1758.659
0
VERTEX
8
L0D0
10
1370.33
20
1761.475
0
VERTEX
8
L0D0
10
1372.758
20
1764.239
0
VERTEX
8
L0D0
10
1375.246
20
1766.95
0
VERTEX
8
L0D0
10
1377.791
20
1769.607
0
VERTEX
8
L0D0
10
1380.393
20
1772.209
0
VERTEX
8
L0D0
10
1383.05
20
1774.754
0
VERTEX
8
L0D0
10
1385.761
20
1777.242
0
VERTEX
8
L0D0
10
1388.525
20
1779.67
0
VERTEX
8
L0D0
10
1391.341
20
1782.039
0
VERTEX
8
L0D0
10
1394.207
20
1784.346
0
VERTEX
8
L0D0
10
1397.122
20
1786.591
0
VERTEX
8
L0D0
10
1400.085
20
1788.773
0
VERTEX
8
L0D0
10
1403.094
20
1790.891
0
VERTEX
8
L0D0
10
1406.148
20
1792.943
0
VERTEX
8
L0D0
10
1409.245
20
1794.929
0
VERTEX
8
L0D0
10
1412.384
20
1796.849
0
VERTEX
8
L0D0
10
1415.564
20
1798.7
0
VERTEX
8
L0D0
10
1418.783
20
1800.482
0
VERTEX
8
L0D0
10
1422.04
20
1802.195
0
VERTEX
8
L0D0
10
1425.333
20
1803.837
0
VERTEX
8
L0D0
10
1428.66
20
1805.408
0
VERTEX
8
L0D0
10
1432.02
20
1806.907
0
VERTEX
8
L0D0
10
1435.412
20
1808.333
0
VERTEX
8
L0D0
10
1438.834
20
1809.686
0
VERTEX
8
L0D0
10
1442.284
20
1810.965
0
VERTEX
8
L0D0
10
1445.76
20
1812.17
0
VERTEX
8
L0D0
10
1449.262
20
1813.299
0
VERTEX
8
L0D0
10
1452.787
20
1814.353
0
VERTEX
8
L0D0
10
1456.335
20
1815.331
0
VERTEX
8
L0D0
10
1459.902
20
1816.232
0
VERTEX
8
L0D0
10
1463.488
20
1817.056
0
VERTEX
8
L0D0
10
1467.091
20
1817.803
0
VERTEX
8
L0D0
10
1470.709
20
1818.473
0
VERTEX
8
L0D0
10
1474.341
20
1819.064
0
VERTEX
8
L0D0
10
1477.984
20
1819.577
0
VERTEX
8
L0D0
10
1481.638
20
1820.011
0
VERTEX
8
L0D0
10
1485.3
20
1820.367
0
VERTEX
8
L0D0
10
1488.969
20
1820.644
0
VERTEX
8
L0D0
10
1492.643
20
1820.842
0
VERTEX
8
L0D0
10
1496.321
20
1820.96
0
VERTEX
8
L0D0
10
1500
20
1821
0
VERTEX
8
L0D0
10
1700
20
1821
0
VERTEX
8
L0D0
10
1703.679
20
1820.96
0
VERTEX
8
L0D0
10
1707.357
20
1820.842
0
VERTEX
8
L0D0
10
1711.031
20
1820.644
0
VERTEX
8
L0D0
10
1714.7
20
1820.367
0
VERTEX
8
L0D0
10
1718.362
20
1820.011
0
VERTEX
8
L0D0
10
1722.016
20
1819.577
0
VERTEX
8
L0D0
10
1725.659
20
1819.064
0
VERTEX
8
L0D0
10
1729.291
20
1818.473
0
VERTEX
8
L0D0
10
1732.909
20
1817.803
0
VERTEX
8
L0D0
10
1736.512
20
1817.056
0
VERTEX
8
L0D0
10
1740.098
20
1816.232
0
VERTEX
8
L0D0
10
1743.665
20
1815.331
0
VERTEX
8
L0D0
10
1747.213
20
1814.353
0
VERTEX
8
L0D0
10
1750.738
20
1813.299
0
VERTEX
8
L0D0
10
1754.24
20
1812.17
0
VERTEX
8
L0D0
10
1757.716
20
1810.965
0
VERTEX
8
L0D0
10
1761.166
20
1809.686
0
VERTEX
8
L0D0
10
1764.588
20
1808.333
0
VERTEX
8
L0D0
10
1767.98
20
1806.907
0
VERTEX
8
L0D0
10
1771.34
20
1805.408
0
VERTEX
8
L0D0
10
1774.667
20
1803.837
0
VERTEX
8
L0D0
10
1777.96
20
1802.195
0
VERTEX
8
L0D0
10
1781.217
20
1800.482
0
VERTEX
8
L0D0
10
1784.436
20
1798.7
0
VERTEX
8
L0D0
10
1787.616
20
1796.849
0
VERTEX
8
L0D0
10
1790.755
20
1794.929
0
VERTEX
8
L0D0
10
1793.852
20
1792.943
0
VERTEX
8
L0D0
10
1796.906
20
1790.891
0
VERTEX
8
L0D0
10
1799.915
20
1788.773
0
VERTEX
8
L0D0
10
1802.878
20
1786.591
0
VERTEX
8
L0D0
10
1805.793
20
1784.346
0
VERTEX
8
L0D0
10
1808.659
20
1782.039
0
VERTEX
8
L0D0
10
1811.475
20
1779.67
0
VERTEX
8
L0D0
10
1814.239
20
1777.242
0
VERTEX
8
L0D0
10
1816.95
20
1774.754
0
VERTEX
8
L0D0
10
1819.607
20
1772.209
0
VERTEX
8
L0D0
10
1822.209
20
1769.607
0
VERTEX
8
L0D0
10
1824.754
20
1766.95
0
VERTEX
8
L0D0
10
1827.242
20
1764.239
0
VERTEX
8
L0D0
10
1829.67
20
1761.475
0
VERTEX
8
L0D0
10
1832.039
20
1758.659
0
VERTEX
8
L0D0
10
1834.346
20
1755.793
0
VERTEX
8
L0D0
10
1836.591
20
1752.878
0
VERTEX
8
L0D0
10
1838.773
20
1749.915
0
VERTEX
8
L0D0
10
1840.891
20
1746.906
0
VERTEX
8
L0D0
10
1842.943
20
1743.852
0
VERTEX
8
L0D0
10
1844.929
20
1740.755
0
VERTEX
8
L0D0
10
1846.849
20
1737.616
0
VERTEX
8
L0D0
10
1848.7
20
1734.436
0
VERTEX
8
L0D0
10
1850.482
20
1731.217
0
VERTEX
8
L0D0
10
1852.195
20
1727.96
0
VERTEX
8
L0D0
10
1853.837
20
1724.667
0
VERTEX
8
L0D0
10
1855.408
20
1721.34
0
VERTEX
8
L0D0
10
1856.907
20
1717.98
0
VERTEX
8
L0D0
10
1858.333
20
1714.588
0
VERTEX
8
L0D0
10
1859.686
20
1711.166
0
VERTEX
8
L0D0
10
1860.965
20
1707.716
0
VERTEX
8
L0D0
10
1862.17
20
1704.24
0
VERTEX
8
L0D0
10
1863.299
20
1700.738
0
VERTEX
8
L0D0
10
1864.353
20
1697.213
0
VERTEX
8
L0D0
10
1865.331
20
1693.665
0
VERTEX
8
L0D0
10
1866.232
20
1690.098
0
VERTEX
8
L0D0
10
1867.056
20
1686.512
0
VERTEX
8
L0D0
10
1867.803
20
1682.909
0
VERTEX
8
L0D0
10
1868.473
20
1679.291
0
VERTEX
8
L0D0
10
1869.064
20
1675.659
0
VERTEX
8
L0D0
10
1869.577
20
1672.016
0
VERTEX
8
L0D0
10
1870.011
20
1668.362
0
VERTEX
8
L0D0
10
1870.367
20
1664.7
0
VERTEX
8
L0D0
10
1870.644
20
1661.031
0
VERTEX
8
L0D0
10
1870.842
20
1657.357
0
VERTEX
8
L0D0
10
1870.96
20
1653.679
0
VERTEX
8
L0D0
10
1871
20
1650
0
VERTEX
8
L0D0
10
1871
20
1100
0
VERTEX
8
L0D0
10
1859
20
1100
0
VERTEX
8
L0D0
10
1859
20
1650
0
VERTEX
8
L0D0
10
1858.96
20
1653.568
0
VERTEX
8
L0D0
10
1858.84
20
1657.134
0
VERTEX
8
L0D0
10
1858.64
20
1660.696
0
VERTEX
8
L0D0
10
1858.36
20
1664.253
0
VERTEX
8
L0D0
10
1858
20
1667.802
0
VERTEX
8
L0D0
10
1857.561
20
1671.343
0
VERTEX
8
L0D0
10
1857.042
20
1674.873
0
VERTEX
8
L0D0
10
1856.445
20
1678.391
0
VERTEX
8
L0D0
10
1855.768
20
1681.894
0
VERTEX
8
L0D0
10
1855.014
20
1685.381
0
VERTEX
8
L0D0
10
1854.181
20
1688.85
0
VERTEX
8
L0D0
10
1853.27
20
1692.3
0
VERTEX
8
L0D0
10
1852.282
20
1695.728
0
VERTEX
8
L0D0
10
1851.218
20
1699.134
0
VERTEX
8
L0D0
10
1850.077
20
1702.514
0
VERTEX
8
L0D0
10
1848.861
20
1705.869
0
VERTEX
8
L0D0
10
1847.57
20
1709.195
0
VERTEX
8
L0D0
10
1846.205
20
1712.491
0
VERTEX
8
L0D0
10
1844.766
20
1715.756
0
VERTEX
8
L0D0
10
1843.254
20
1718.988
0
VERTEX
8
L0D0
10
1841.67
20
1722.184
0
VERTEX
8
L0D0
10
1840.015
20
1725.345
0
VERTEX
8
L0D0
10
1838.289
20
1728.468
0
VERTEX
8
L0D0
10
1836.493
20
1731.551
0
VERTEX
8
L0D0
10
1834.629
20
1734.593
0
VERTEX
8
L0D0
10
1832.697
20
1737.593
0
VERTEX
8
L0D0
10
1830.698
20
1740.548
0
VERTEX
8
L0D0
10
1828.634
20
1743.458
0
VERTEX
8
L0D0
10
1826.504
20
1746.321
0
VERTEX
8
L0D0
10
1824.311
20
1749.135
0
VERTEX
8
L0D0
10
1822.056
20
1751.899
0
VERTEX
8
L0D0
10
1819.738
20
1754.612
0
VERTEX
8
L0D0
10
1817.361
20
1757.273
0
VERTEX
8
L0D0
10
1814.924
20
1759.879
0
VERTEX
8
L0D0
10
1812.43
20
1762.43
0
VERTEX
8
L0D0
10
1809.879
20
1764.924
0
VERTEX
8
L0D0
10
1807.273
20
1767.361
0
VERTEX
8
L0D0
10
1804.612
20
1769.738
0
VERTEX
8
L0D0
10
1801.899
20
1772.056
0
VERTEX
8
L0D0
10
1799.135
20
1774.311
0
VERTEX
8
L0D0
10
1796.321
20
1776.504
0
VERTEX
8
L0D0
10
1793.458
20
1778.634
0
VERTEX
8
L0D0
10
1790.548
20
1780.698
0
VERTEX
8
L0D0
10
1787.593
20
1782.697
0
VERTEX
8
L0D0
10
1784.593
20
1784.629
0
VERTEX
8
L0D0
10
1781.551
20
1786.493
0
VERTEX
8
L0D0
10
1778.468
20
1788.289
0
VERTEX
8
L0D0
10
1775.345
20
1790.015
0
VERTEX
8
L0D0
10
1772.184
20
1791.67
0
VERTEX
8
L0D0
10
1768.988
20
1793.254
0
VERTEX
8
L0D0
10
1765.756
20
1794.766
0
VERTEX
8
L0D0
10
1762.491
20
1796.205
0
VERTEX
8
L0D0
10
1759.195
20
1797.57
0
VERTEX
8
L0D0
10
1755.869
20
1798.861
0
VERTEX
8
L0D0
10
1752.514
20
1800.077
0
VERTEX
8
L0D0
10
1749.134
20
1801.218
0
VERTEX
8
L0D0
10
1745.728
20
1802.282
0
VERTEX
8
L0D0
10
1742.3
20
1803.27
0
VERTEX
8
L0D0
10
1738.85
20
1804.181
0
VERTEX
8
L0D0
10
1735.381
20
1805.014
0
VERTEX
8
L0D0
10
1731.894
20
1805.768
0
VERTEX
8
L0D0
10
1728.391
20
1806.445
0
VERTEX
8
L0D0
10
1724.873
20
1807.042
0
VERTEX
8
L0D0
10
1721.343
20
1807.561
0
VERTEX
8
L0D0
10
1717.802
20
1808
0
VERTEX
8
L0D0
10
1714.253
20
1808.36
0
VERTEX
8
L0D0
10
1710.696
20
1808.64
0
VERTEX
8
L0D0
10
1707.134
20
1808.84
0
VERTEX
8
L0D0
10
1703.568
20
1808.96
0
VERTEX
8
L0D0
10
1700
20
1809
0
VERTEX
8
L0D0
10
1500
20
1809
0
VERTEX
8
L0D0
10
1496.432
20
1808.96
0
VERTEX
8
L0D0
10
1492.866
20
1808.84
0
VERTEX
8
L0D0
10
1489.304
20
1808.64
0
VERTEX
8
L0D0
10
1485.747
20
1808.36
0
VERTEX
8
L0D0
10
1482.198
20
1808
0
VERTEX
8
L0D0
10
1478.657
20
1807.561
0
VERTEX
8
L0D0
10
1475.127
20
1807.042
0
VERTEX
8
L0D0
10
1471.609
20
1806.445
0
VERTEX
8
L0D0
10
1468.106
20
1805.768
0
VERTEX
8
L0D0
10
1464.619
20
1805.014
0
VERTEX
8
L0D0
10
1461.15
20
1804.181
0
VERTEX
8
L0D0
10
1457.7
20
1803.27
0
VERTEX
8
L0D0
10
1454.272
20
1802.282
0
VERTEX
8
L0D0
10
1450.866
20
1801.218
0
VERTEX
8
L0D0
10
1447.486
20
1800.077
0
VERTEX
8
L0D0
10
1444.131
20
1798.861
0
VERTEX
8
L0D0
10
1440.805
20
1797.57
0
VERTEX
8
L0D0
10
1437.509
20
1796.205
0
VERTEX
8
L0D0
10
1434.244
20
1794.766
0
VERTEX
8
L0D0
10
1431.012
20
1793.254
0
VERTEX
8
L0D0
10
1427.816
20
1791.67
0
VERTEX
8
L0D0
10
1424.655
20
1790.015
0
VERTEX
8
L0D0
10
1421.532
20
1788.289
0
VERTEX
8
L0D0
10
1418.449
20
1786.493
0
VERTEX
8
L0D0
10
1415.407
20
1784.629
0
VERTEX
8
L0D0
10
1412.407
20
1782.697
0
VERTEX
8
L0D0
10
1409.452
20
1780.698
0
VERTEX
8
L0D0
10
1406.542
20
1778.634
0
VERTEX
8
L0D0
10
1403.679
20
1776.504
0
VERTEX
8
L0D0
10
1400.865
20
1774.311
0
VERTEX
8
L0D0
10
1398.101
20
1772.056
0
VERTEX
8
L0D0
10
1395.388
20
1769.738
0
VERTEX
8
L0D0
10
1392.727
20
1767.361
0
VERTEX
8
L0D0
10
1390.121
20
1764.924
0
VERTEX
8
L0D0
10
1387.57
20
1762.43
0
VERTEX
8
L0D0
10
1385.076
20
1759.879
0
VERTEX
8
L0D0
10
1382.639
20
1757.273
0
VERTEX
8
L0D0
10
1380.262
20
1754.612
0
VERTEX
8
L0D0
10
1377.944
20
1751.899
0
VERTEX
8
L0D0
10
1375.689
20
1749.135
0
VERTEX
8
L0D0
10
1373.496
20
1746.321
0
VERTEX
8
L0D0
10
1371.366
20
1743.458
0
VERTEX
8
L0D0
10
1369.302
20
1740.548
0
VERTEX
8
L0D0
10
1367.303
20
1737.593
0
VERTEX
8
L0D0
10
1365.371
20
1734.593
0
VERTEX
8
L0D0
10
1363.507
20
1731.551
0
VERTEX
8
L0D0
10
1361.711
20
1728.468
0
VERTEX
8
L0D0
10
1359.985
20
1725.345
0
VERTEX
8
L0D0
10
1358.33
20
1722.184
0
VERTEX
8
L0D0
10
1356.746
20
1718.988
0
VERTEX
8
L0D0
10
1355.234
20
1715.756
0
VERTEX
8
L0D0
10
1353.795
20
1712.491
0
VERTEX
8
L0D0
10
1352.43
20
1709.195
0
VERTEX
8
L0D0
10
1351.139
20
1705.869
0
VERTEX
8
L0D0
10
1349.923
20
1702.514
0
VERTEX
8
L0D0
10
1348.782
20
1699.134
0
VERTEX
8
L0D0
10
1347.718
20
1695.728
0
VERTEX
8
L0D0
10
1346.73
20
1692.3
0
VERTEX
8
L0D0
10
1345.819
20
1688.85
0
VERTEX
8
L0D0
10
1344.986
20
1685.381
0
VERTEX
8
L0D0
10
1344.232
20
1681.894
0
VERTEX
8
L0D0
10
1343.555
20
1678.391
0
VERTEX
8
L0D0
10
1342.958
20
1674.873
0
VERTEX
8
L0D0
10
1342.439
20
1671.343
0
VERTEX
8
L0D0
10
1342
20
1667.802
0
VERTEX
8
L0D0
10
1341.64
20
1664.253
0
VERTEX
8
L0D0
10
1341.36
20
1660.696
0
VERTEX
8
L0D0
10
1341.16
20
1657.134
0
VERTEX
8
L0D0
10
1341.04
20
1653.568
0
VERTEX
8
L0D0
10
1341
20
1650
0
VERTEX
8
L0D0
10
1341
20
213
0
VERTEX
8
L0D0
10
1340.96
20
209.645
0
VERTEX
8
L0D0
10
1340.84
20
206.291
0
VERTEX
8
L0D0
10
1340.641
20
202.941
0
VERTEX
8
L0D0
10
1340.362
20
199.597
0
VERTEX
8
L0D0
10
1340.003
20
196.261
0
VERTEX
8
L0D0
10
1339.565
20
192.934
0
VERTEX
8
L0D0
10
1339.048
20
189.618
0
VERTEX
8
L0D0
10
1338.452
20
186.316
0
VERTEX
8
L0D0
10
1337.778
20
183.028
0
VERTEX
8
L0D0
10
1337.025
20
179.758
0
VERTEX
8
L0D0
10
1336.196
20
176.507
0
VERTEX
8
L0D0
10
1335.289
20
173.276
0
VERTEX
8
L0D0
10
1334.305
20
170.067
0
VERTEX
8
L0D0
10
1333.245
20
166.883
0
VERTEX
8
L0D0
10
1332.11
20
163.726
0
VERTEX
8
L0D0
10
1330.9
20
160.596
0
VERTEX
8
L0D0
10
1329.616
20
157.495
0
VERTEX
8
L0D0
10
1328.258
20
154.426
0
VERTEX
8
L0D0
10
1326.828
20
151.391
0
VERTEX
8
L0D0
10
1325.326
20
148.39
0
VERTEX
8
L0D0
10
1323.753
20
145.426
0
VERTEX
8
L0D0
10
1322.11
20
142.5
0
VERTEX
8
L0D0
10
1320.397
20
139.614
0
VERTEX
8
L0D0
10
1318.617
20
136.77
0
VERTEX
8
L0D0
10
1316.769
20
133.968
0
VERTEX
8
L0D0
10
1314.855
20
131.212
0
VERTEX
8
L0D0
10
1312.876
20
128.502
0
VERTEX
8
L0D0
10
1310.833
20
125.84
0
VERTEX
8
L0D0
10
1308.728
20
123.227
0
VERTEX
8
L0D0
10
1306.561
20
120.665
0
VERTEX
8
L0D0
10
1304.333
20
118.155
0
VERTEX
8
L0D0
10
1302.046
20
115.699
0
VERTEX
8
L0D0
10
1299.702
20
113.298
0
VERTEX
8
L0D0
10
1297.301
20
110.954
0
VERTEX
8
L0D0
10
1294.845
20
108.667
0
VERTEX
8
L0D0
10
1292.335
20
106.439
0
VERTEX
8
L0D0
10
1289.773
20
104.272
0
VERTEX
8
L0D0
10
1287.16
20
102.167
0
VERTEX
8
L0D0
10
1284.498
20
100.124
0
VERTEX
8
L0D0
10
1281.788
20
98.145
0
VERTEX
8
L0D0
10
1279.032
20
96.231
0
VERTEX
8
L0D0
10
1276.23
20
94.383
0
VERTEX
8
L0D0
10
1273.386
20
92.603
0
VERTEX
8
L0D0
10
1270.5
20
90.89
0
VERTEX
8
L0D0
10
1267.574
20
89.247
0
VERTEX
8
L0D0
10
1264.61
20
87.674
0
VERTEX
8
L0D0
10
1261.609
20
86.172
0
VERTEX
8
L0D0
10
1258.574
20
84.742
0
VERTEX
8
L0D0
10
1255.505
20
83.384
0
VERTEX
8
L0D0
10
1252.404
20
82.1
0
VERTEX
8
L0D0
10
1249.274
20
80.89
0
VERTEX
8
L0D0
10
1246.117
20
79.755
0
VERTEX
8
L0D0
10
1242.933
20
78.695
0
VERTEX
8
L0D0
10
1239.724
20
77.711
0
VERTEX
8
L0D0
10
1236.493
20
76.804
0
VERTEX
8
L0D0
10
1233.242
20
75.975
0
VERTEX
8
L0D0
10
1229.972
20
75.222
0
VERTEX
8
L0D0
10
1226.684
20
74.548
0
VERTEX
8
L0D0
10
1223.382
20
73.952
0
VERTEX
8
L0D0
10
1220.066
20
73.435
0
VERTEX
8
L0D0
10
1216.739
20
72.997
0
VERTEX
8
L0D0
10
1213.403
20
72.638
0
VERTEX
8
L0D0
10
1210.059
20
72.359
0
VERTEX
8
L0D0
10
1206.709
20
72.16
0
VERTEX
8
L0D0
10
1203.355
20
72.04
0
VERTEX
8
L0D0
10
1200
20
72
0
VERTEX
8
L0D0
10
1000
20
72
0
VERTEX
8
L0D0
10
996.645
20
72.04
0
VERTEX
8
L0D0
10
993.291
20
72.16
0
VERTEX
8
L0D0
10
989.941
20
72.359
0
VERTEX
8
L0D0
10
986.597
20
72.638
0
VERTEX
8
L0D0
10
983.261
20
72.997
0
VERTEX
8
L0D0
10
979.934
20
73.435
0
VERTEX
8
L0D0
10
976.618
20
73.952
0
VERTEX
8
L0D0
10
973.316
20
74.548
0
VERTEX
8
L0D0
10
970.028
20
75.222
0
VERTEX
8
L0D0
10
966.758
20
75.975
0
VERTEX
8
L0D0
10
963.507
20
76.804
0
VERTEX
8
L0D0
10
960.276
20
77.711
0
VERTEX
8
L0D0
10
957.067
20
78.695
0
VERTEX
8
L0D0
10
953.883
20
79.755
0
VERTEX
8
L0D0
10
950.726
20
80.89
0
VERTEX
8
L0D0
10
947.596
20
82.1
0
VERTEX
8
L0D0
10
944.495
20
83.384
0
VERTEX
8
L0D0
10
941.426
20
84.742
0
VERTEX
8
L0D0
10
938.391
20
86.172
0
VERTEX
8
L0D0
10
935.39
20
87.674
0
VERTEX
8
L0D0
10
932.426
20
89.247
0
VERTEX
8
L0D0
10
929.5
20
90.89
0
VERTEX
8
L0D0
10
926.614
20
92.603
0
VERTEX
8
L0D0
10
923.77
20
94.383
0
VERTEX
8
L0D0
10
920.968
20
96.231
0
VERTEX
8
L0D0
10
918.212
20
98.145
0
VERTEX
8
L0D0
10
915.502
20
100.124
0
VERTEX
8
L0D0
10
912.84
20
102.167
0
VERTEX
8
L0D0
10
910.227
20
104.272
0
VERTEX
8
L0D0
10
907.665
20
106.439
0
VERTEX
8
L0D0
10
905.155
20
108.667
0
VERTEX
8
L0D0
10
902.699
20
110.954
0
VERTEX
8
L0D0
10
900.298
20
113.298
0
VERTEX
8
L0D0
10
897.954
20
115.699
0
VERTEX
8
L0D0
10
895.667
20
118.155
0
VERTEX
8
L0D0
10
893.439
20
120.665
0
VERTEX
8
L0D0
10
891.272
20
123.227
0
VERTEX
8
L0D0
10
889.167
20
125.84
0
VERTEX
8
L0D0
10
887.124
20
128.502
0
VERTEX
8
L0D0
10
885.145
20
131.212
0
VERTEX
8
L0D0
10
883.231
20
133.968
0
VERTEX
8
L0D0
10
881.383
20
136.77
0
VERTEX
8
L0D0
10
879.603
20
139.614
0
VERTEX
8
L0D0
10
877.89
20
142.5
0
VERTEX
8
L0D0
10
876.247
20
145.426
0
VERTEX
8
L0D0
10
874.674
20
148.39
0
VERTEX
8
L0D0
10
873.172
20
151.391
0
VERTEX
8
L0D0
10
871.742
20
154.426
0
VERTEX
8
L0D0
10
870.384
20
157.495
0
VERTEX
8
L0D0
10
869.1
20
160.596
0
VERTEX
8
L0D0
10
867.89
20
163.726
0
VERTEX
8
L0D0
10
866.755
20
166.883
0
VERTEX
8
L0D0
10
865.695
20
170.067
0
VERTEX
8
L0D0
10
864.711
20
173.276
0
VERTEX
8
L0D0
10
863.804
20
176.507
0
VERTEX
8
L0D0
10
862.975
20
179.758
0
VERTEX
8
L0D0
10
862.222
20
183.028
0
VERTEX
8
L0D0
10
861.548
20
186.316
0
VERTEX
8
L0D0
10
860.952
20
189.618
0
VERTEX
8
L0D0
10
860.435
20
192.934
0
VERTEX
8
L0D0
10
859.997
20
196.261
0
VERTEX
8
L0D0
10
859.638
20
199.597
0
VERTEX
8
L0D0
10
859.359
20
202.941
0
VERTEX
8
L0D0
10
859.16
20
206.291
0
VERTEX
8
L0D0
10
859.04
20
209.645
0
VERTEX
8
L0D0
10
859
20
213
0
VERTEX
8
L0D0
10
859
20
305
0
VERTEX
8
L0D0
10
841
20
305
0
VERTEX
8
L0D0
10
841
20
213
0
VERTEX
8
L0D0
10
841.04
20
209.432
0
VERTEX
8
L0D0
10
841.16
20
205.866
0
VERTEX
8
L0D0
10
841.36
20
202.304
0
VERTEX
8
L0D0
10
841.64
20
198.747
0
VERTEX
8
L0D0
10
842
20
195.198
0
VERTEX
8
L0D0
10
842.439
20
191.657
0
VERTEX
8
L0D0
10
842.958
20
188.127
0
VERTEX
8
L0D0
10
843.555
20
184.609
0
VERTEX
8
L0D0
10
844.232
20
181.106
0
VERTEX
8
L0D0
10
844.986
20
177.619
0
VERTEX
8
L0D0
10
845.819
20
174.15
0
VERTEX
8
L0D0
10
846.73
20
170.7
0
VERTEX
8
L0D0
10
847.718
20
167.272
0
VERTEX
8
L0D0
10
848.782
20
163.866
0
VERTEX
8
L0D0
10
849.923
20
160.486
0
VERTEX
8
L0D0
10
851.139
20
157.131
0
VERTEX
8
L0D0
10
852.43
20
153.805
0
VERTEX
8
L0D0
10
853.795
20
150.509
0
VERTEX
8
L0D0
10
855.234
20
147.244
0
VERTEX
8
L0D0
10
856.746
20
144.012
0
VERTEX
8
L0D0
10
858.33
20
140.816
0
VERTEX
8
L0D0
10
859.985
20
137.655
0
VERTEX
8
L0D0
10
861.711
20
134.532
0
VERTEX
8
L0D0
10
863.507
20
131.449
0
VERTEX
8
L0D0
10
865.371
20
128.407
0
VERTEX
8
L0D0
10
867.303
20
125.407
0
VERTEX
8
L0D0
10
869.302
20
122.452
0
VERTEX
8
L0D0
10
871.366
20
119.542
0
VERTEX
8
L0D0
10
873.496
20
116.679
0
VERTEX
8
L0D0
10
875.689
20
113.865
0
VERTEX
8
L0D0
10
877.944
20
111.101
0
VERTEX
8
L0D0
10
880.262
20
108.388
0
VERTEX
8
L0D0
10
882.639
20
105.727
0
VERTEX
8
L0D0
10
885.076
20
103.121
0
VERTEX
8
L0D0
10
887.57
20
100.57
0
VERTEX
8
L0D0
10
890.121
20
98.076
0
VERTEX
8
L0D0
10
892.727
20
95.639
0
VERTEX
8
L0D0
10
895.388
20
93.262
0
VERTEX
8
L0D0
10
898.101
20
90.944
0
VERTEX
8
L0D0
10
900.865
20
88.689
0
VERTEX
8
L0D0
10
903.679
20
86.496
0
VERTEX
8
L0D0
10
906.542
20
84.366
0
VERTEX
8
L0D0
10
909.452
20
82.302
0
VERTEX
8
L0D0
10
912.407
20
80.303
0
VERTEX
8
L0D0
10
915.407
20
78.371
0
VERTEX
8
L0D0
10
918.449
20
76.507
0
VERTEX
8
L0D0
10
921.532
20
74.711
0
VERTEX
8
L0D0
10
924.655
20
72.985
0
VERTEX
8
L0D0
10
927.816
20
71.33
0
VERTEX
8
L0D0
10
931.012
20
69.746
0
VERTEX
8
L0D0
10
934.244
20
68.234
0
VERTEX
8
L0D0
10
937.509
20
66.795
0
VERTEX
8
L0D0
10
940.805
20
65.43
0
VERTEX
8
L0D0
10
944.131
20
64.139
0
VERTEX
8
L0D0
10
947.486
20
62.923
0
VERTEX
8
L0D0
10
950.866
20
61.782
0
VERTEX
8
L0D0
10
954.272
20
60.718
0
VERTEX
8
L0D0
10
957.7
20
59.73
0
VERTEX
8
L0D0
10
961.15
20
58.819
0
VERTEX
8
L0D0
10
964.619
20
57.986
0
VERTEX
8
L0D0
10
968.106
20
57.232
0
VERTEX
8
L0D0
10
971.609
20
56.555
0
VERTEX
8
L0D0
10
975.127
20
55.958
0
VERTEX
8
L0D0
10
978.657
20
55.439
0
VERTEX
8
L0D0
10
982.198
20
55
0
VERTEX
8
L0D0
10
985.747
20
54.64
0
VERTEX
8
L0D0
10
989.304
20
54.36
0
VERTEX
8
L0D0
10
992.866
20
54.16
0
VERTEX
8
L0D0
10
996.432
20
54.04
0
VERTEX
8
L0D0
10
1000
20
54
0
VERTEX
8
L0D0
10
1200
20
54
0
VERTEX
8
L0D0
10
1203.568
20
54.04
0
VERTEX
8
L0D0
10
1207.134
20
54.16
0
VERTEX
8
L0D0
10
1210.696
20
54.36
0
VERTEX
8
L0D0
10
1214.253
20
54.64
0
VERTEX
8
L0D0
10
1217.802
20
55
0
VERTEX
8
L0D0
10
1221.343
20
55.439
0
VERTEX
8
L0D0
10
1224.873
20
55.958
0
VERTEX
8
L0D0
10
1228.391
20
56.555
0
VERTEX
8
L0D0
10
1231.894
20
57.232
0
VERTEX
8
L0D0
10
1235.381
20
57.986
0
VERTEX
8
L0D0
10
1238.85
20
58.819
0
VERTEX
8
L0D0
10
1242.3
20
59.73
0
VERTEX
8
L0D0
10
1245.728
20
60.718
0
VERTEX
8
L0D0
10
1249.134
20
61.782
0
VERTEX
8
L0D0
10
1252.514
20
62.923
0
VERTEX
8
L0D0
10
1255.869
20
64.139
0
VERTEX
8
L0D0
10
1259.195
20
65.43
0
VERTEX
8
L0D0
10
1262.491
20
66.795
0
VERTEX
8
L0D0
10
1265.756
20
68.234
0
VERTEX
8
L0D0
10
1268.988
20
69.746
0
VERTEX
8
L0D0
10
1272.184
20
71.33
0
VERTEX
8
L0D0
10
1275.345
20
72.985
0
VERTEX
8
L0D0
10
1278.468
20
74.711
0
VERTEX
8
L0D0
10
1281.551
20
76.507
0
VERTEX
8
L0D0
10
1284.593
20
78.371
0
VERTEX
8
L0D0
10
1287.593
20
80.303
0
VERTEX
8
L0D0
10
1290.548
20
82.302
0
VERTEX
8
L0D0
10
1293.458
20
84.366
0
VERTEX
8
L0D0
10
1296.321
20
86.496
0
VERTEX
8
L0D0
10
1299.135
20
88.689
0
VERTEX
8
L0D0
10
1301.899
20
90.944
0
VERTEX
8
L0D0
10
1304.612
20
93.262
0
VERTEX
8
L0D0
10
1307.273
20
95.639
0
VERTEX
8
L0D0
10
1309.879
20
98.076
0
VERTEX
8
L0D0
10
1312.43
20
100.57
0
VERTEX
8
L0D0
10
1314.924
20
103.121
0
VERTEX
8
L0D0
10
1317.361
20
105.727
0
VERTEX
8
L0D0
10
1319.738
20
108.388
0
VERTEX
8
L0D0
10
1322.056
20
111.101
0
VERTEX
8
L0D0
10
1324.311
20
113.865
0
VERTEX
8
L0D0
10
1326.504
20
116.679
0
VERTEX
8
L0D0
10
1328.634
20
119.542
0
VERTEX
8
L0D0
10
1330.698
20
122.452
0
VERTEX
8
L0D0
10
1332.697
20
125.407
0
VERTEX
8
L0D0
10
1334.629
20
128.407
0
VERTEX
8
L0D0
10
1336.493
20
131.449
0
VERTEX
8
L0D0
10
1338.289
20
134.532
0
VERTEX
8
L0D0
10
1340.015
20
137.655
0
VERTEX
8
L0D0
10
1341.67
20
140.816
0
VERTEX
8
L0D0
10
1343.254
20
144.012
0
VERTEX
8
L0D0
10
1344.766
20
147.244
0
VERTEX
8
L0D0
10
1346.205
20
150.509
0
VERTEX
8
L0D0
10
1347.57
20
153.805
0
VERTEX
8
L0D0
10
1348.861
20
157.131
0
VERTEX
8
L0D0
10
1350.077
20
160.486
0
VERTEX
8
L0D0
10
1351.218
20
163.866
0
VERTEX
8
L0D0
10
1352.282
20
167.272
0
VERTEX
8
L0D0
10
1353.27
20
170.7
0
VERTEX
8
L0D0
10
1354.181
20
174.15
0
VERTEX
8
L0D0
10
1355.014
20
177.619
0
VERTEX
8
L0D0
10
1355.768
20
181.106
0
VERTEX
8
L0D0
10
1356.445
20
184.609
0
VERTEX
8
L0D0
10
1357.042
20
188.127
0
VERTEX
8
L0D0
10
1357.561
20
191.657
0
VERTEX
8
L0D0
10
1358
20
195.198
0
VERTEX
8
L0D0
10
1358.36
20
198.747
0
VERTEX
8
L0D0
10
1358.64
20
202.304
0
VERTEX
8
L0D0
10
1358.84
20
205.866
0
VERTEX
8
L0D0
10
1358.96
20
209.432
0
VERTEX
8
L0D0
10
1359
20
213
0
VERTEX
8
L0D0
10
1359
20
1650
0
VERTEX
8
L0D0
10
1359.04
20
1653.355
0
VERTEX
8
L0D0
10
1359.16
20
1656.709
0
VERTEX
8
L0D0
10
1359.359
20
1660.059
0
VERTEX
8
L0D0
10
1359.638
20
1663.403
0
VERTEX
8
L0D0
10
1359.997
20
1666.739
0
VERTEX
8
L0D0
10
1360.435
20
1670.066
0
VERTEX
8
L0D0
10
1360.952
20
1673.382
0
VERTEX
8
L0D0
10
1361.548
20
1676.684
0
VERTEX
8
L0D0
10
1362.222
20
1679.972
0
VERTEX
8
L0D0
10
1362.975
20
1683.242
0
VERTEX
8
L0D0
10
1363.804
20
1686.493
0
VERTEX
8
L0D0
10
1364.711
20
1689.724
0
VERTEX
8
L0D0
10
1365.695
20
1692.933
0
VERTEX
8
L0D0
10
1366.755
20
1696.117
0
VERTEX
8
L0D0
10
1367.89
20
1699.274
0
VERTEX
8
L0D0
10
1369.1
20
1702.404
0
VERTEX
8
L0D0
10
1370.384
20
1705.505
0
VERTEX
8
L0D0
10
1371.742
20
1708.574
0
VERTEX
8
L0D0
10
1373.172
20
1711.609
0
VERTEX
8
L0D0
10
1374.674
20
1714.61
0
VERTEX
8
L0D0
10
1376.247
20
1717.574
0
VERTEX
8
L0D0
10
1377.89
20
1720.5
0
VERTEX
8
L0D0
10
1379.603
20
1723.386
0
VERTEX
8
L0D0
10
1381.383
20
1726.23
0
VERTEX
8
L0D0
10
1383.231
20
1729.032
0
VERTEX
8
L0D0
10
1385.145
20
1731.788
0
VERTEX
8
L0D0
10
1387.124
20
1734.498
0
VERTEX
8
L0D0
10
1389.167
20
1737.16
0
VERTEX
8
L0D0
10
1391.272
20
1739.773
0
VERTEX
8
L0D0
10
1393.439
20
1742.335
0
VERTEX
8
L0D0
10
1395.667
20
1744.845
0
VERTEX
8
L0D0
10
1397.954
20
1747.301
0
VERTEX
8
L0D0
10
1400.298
20
1749.702
0
VERTEX
8
L0D0
10
1402.699
20
1752.046
0
VERTEX
8
L0D0
10
1405.155
20
1754.333
0
VERTEX
8
L0D0
10
1407.665
20
1756.561
0
VERTEX
8
L0D0
10
1410.227
20
1758.728
0
VERTEX
8
L0D0
10
1412.84
20
1760.833
0
VERTEX
8
L0D0
10
1415.502
20
1762.876
0
VERTEX
8
L0D0
10
1418.212
20
1764.855
0
VERTEX
8
L0D0
10
1420.968
20
1766.769
0
VERTEX
8
L0D0
10
1423.77
20
1768.617
0
VERTEX
8
L0D0
10
1426.614
20
1770.397
0
VERTEX
8
L0D0
10
1429.5
20
1772.11
0
VERTEX
8
L0D0
10
1432.426
20
1773.753
0
VERTEX
8
L0D0
10
1435.39
20
1775.326
0
VERTEX
8
L0D0
10
1438.391
20
1776.828
0
VERTEX
8
L0D0
10
1441.426
20
1778.258
0
VERTEX
8
L0D0
10
1444.495
20
1779.616
0
VERTEX
8
L0D0
10
1447.596
20
1780.9
0
VERTEX
8
L0D0
10
1450.726
20
1782.11
0
VERTEX
8
L0D0
10
1453.883
20
1783.245
0
VERTEX
8
L0D0
10
1457.067
20
1784.305
0
VERTEX
8
L0D0
10
1460.276
20
1785.289
0
VERTEX
8
L0D0
10
1463.507
20
1786.196
0
VERTEX
8
L0D0
10
1466.758
20
1787.025
0
VERTEX
8
L0D0
10
1470.028
20
1787.778
0
VERTEX
8
L0D0
10
1473.316
20
1788.452
0
VERTEX
8
L0D0
10
1476.618
20
1789.048
0
VERTEX
8
L0D0
10
1479.934
20
1789.565
0
VERTEX
8
L0D0
10
1483.261
20
1790.003
0
VERTEX
8
L0D0
10
1486.597
20
1790.362
0
VERTEX
8
L0D0
10
1489.941
20
1790.641
0
VERTEX
8
L0D0
10
1493.291
20
1790.84
0
VERTEX
8
L0D0
10
1496.645
20
1790.96
0
VERTEX
8
L0D0
10
1500
20
1791
0
VERTEX
8
L0D0
10
1700
20
1791
0
VERTEX
8
L0D0
10
1703.355
20
1790.96
0
VERTEX
8
L0D0
10
1706.709
20
1790.84
0
VERTEX
8
L0D0
10
1710.059
20
1790.641
0
VERTEX
8
L0D0
10
1713.403
20
1790.362
0
VERTEX
8
L0D0
10
1716.739
20
1790.003
0
VERTEX
8
L0D0
10
1720.066
20
1789.565
0
VERTEX
8
L0D0
10
1723.382
20
1789.048
0
VERTEX
8
L0D0
10
1726.684
20
1788.452
0
VERTEX
8
L0D0
10
1729.972
20
1787.778
0
VERTEX
8
L0D0
10
1733.242
20
1787.025
0
VERTEX
8
L0D0
10
1736.493
20
1786.196
0
VERTEX
8
L0D0
10
1739.724
20
1785.289
0
VERTEX
8
L0D0
10
1742.933
20
1784.305
0
VERTEX
8
L0D0
10
1746.117
20
1783.245
0
VERTEX
8
L0D0
10
1749.274
20
1782.11
0
VERTEX
8
L0D0
10
1752.404
20
1780.9
0
VERTEX
8
L0D0
10
1755.505
20
1779.616
0
VERTEX
8
L0D0
10
1758.574
20
1778.258
0
VERTEX
8
L0D0
10
1761.609
20
1776.828
0
VERTEX
8
L0D0
10
1764.61
20
1775.326
0
VERTEX
8
L0D0
10
1767.574
20
1773.753
0
VERTEX
8
L0D0
10
1770.5
20
1772.11
0
VERTEX
8
L0D0
10
1773.386
20
1770.397
0
VERTEX
8
L0D0
10
1776.23
20
1768.617
0
VERTEX
8
L0D0
10
1779.032
20
1766.769
0
VERTEX
8
L0D0
10
1781.788
20
1764.855
0
VERTEX
8
L0D0
10
1784.498
20
1762.876
0
VERTEX
8
L0D0
10
1787.16
20
1760.833
0
VERTEX
8
L0D0
10
1789.773
20
1758.728
0
VERTEX
8
L0D0
10
1792.335
20
1756.561
0
VERTEX
8
L0D0
10
1794.845
20
1754.333
0
VERTEX
8
L0D0
10
1797.301
20
1752.046
0
VERTEX
8
L0D0
10
1799.702
20
1749.702
0
VERTEX
8
L0D0
10
1802.046
20
1747.301
0
VERTEX
8
L0D0
10
1804.333
20
1744.845
0
VERTEX
8
L0D0
10
1806.561
20
1742.335
0
VERTEX
8
L0D0
10
1808.728
20
1739.773
0
VERTEX
8
L0D0
10
1810.833
20
1737.16
0
VERTEX
8
L0D0
10
1812.876
20
1734.498
0
VERTEX
8
L0D0
10
1814.855
20
1731.788
0
VERTEX
8
L0D0
10
1816.769
20
1729.032
0
VERTEX
8
L0D0
10
1818.617
20
1726.23
0
VERTEX
8
L0D0
10
1820.397
20
1723.386
0
VERTEX
8
L0D0
10
1822.11
20
1720.5
0
VERTEX
8
L0D0
10
1823.753
20
1717.574
0
VERTEX
8
L0D0
10
1825.326
20
1714.61
0
VERTEX
8
L0D0
10
1826.828
20
1711.609
0
VERTEX
8
L0D0
10
1828.258
20
1708.574
0
VERTEX
8
L0D0
10
1829.616
20
1705.505
0
VERTEX
8
L0D0
10
1830.9
20
1702.404
0
VERTEX
8
L0D0
10
1832.11
20
1699.274
0
VERTEX
8
L0D0
10
1833.245
20
1696.117
0
VERTEX
8
L0D0
10
1834.305
20
1692.933
0
VERTEX
8
L0D0
10
1835.289
20
1689.724
0
VERTEX
8
L0D0
10
1836.196
20
1686.493
0
VERTEX
8
L0D0
10
1837.025
20
1683.242
0
VERTEX
8
L0D0
10
1837.778
20
1679.972
0
VERTEX
8
L0D0
10
1838.452
20
1676.684
0
VERTEX
8
L0D0
10
1839.048
20
1673.382
0
VERTEX
8
L0D0
10
1839.565
20
1670.066
0
VERTEX
8
L0D0
10
1840.003
20
1666.739
0
VERTEX
8
L0D0
10
1840.362
20
1663.403
0
VERTEX
8
L0D0
10
1840.641
20
1660.059
0
VERTEX
8
L0D0
10
1840.84
20
1656.709
0
VERTEX
8
L0D0
10
1840.96
20
1653.355
0
VERTEX
8
L0D0
10
1841
20
1650
0
VERTEX
8
L0D0
10
1841
20
1100
0
VERTEX
8
L0D0
10
1829
20
1100
0
VERTEX
8
L0D0
10
1829
20
1650
0
VERTEX
8
L0D0
10
1828.96
20
1653.216
0
VERTEX
8
L0D0
10
1828.84
20
1656.43
0
VERTEX
8
L0D0
10
1828.639
20
1659.64
0
VERTEX
8
L0D0
10
1828.359
20
1662.844
0
VERTEX
8
L0D0
10
1827.999
20
1666.04
0
VERTEX
8
L0D0
10
1827.559
20
1669.226
0
VERTEX
8
L0D0
10
1827.04
20
1672.401
0
VERTEX
8
L0D0
10
1826.442
20
1675.561
0
VERTEX
8
L0D0
10
1825.766
20
1678.705
0
VERTEX
8
L0D0
10
1825.011
20
1681.832
0
VERTEX
8
L0D0
10
1824.179
20
1684.938
0
VERTEX
8
L0D0
10
1823.269
20
1688.023
0
VERTEX
8
L0D0
10
1822.283
20
1691.085
0
VERTEX
8
L0D0
10
1821.22
20
1694.121
0
VERTEX
8
L0D0
10
1820.083
20
1697.129
0
VERTEX
8
L0D0
10
1818.87
20
1700.108
0
VERTEX
8
L0D0
10
1817.584
20
1703.056
0
VERTEX
8
L0D0
10
1816.225
20
1705.971
0
VERTEX
8
L0D0
10
1814.793
20
1708.851
0
VERTEX
8
L0D0
10
1813.291
20
1711.695
0
VERTEX
8
L0D0
10
1811.717
20
1714.5
0
VERTEX
8
L0D0
10
1810.075
20
1717.265
0
VERTEX
8
L0D0
10
1808.363
20
1719.988
0
VERTEX
8
L0D0
10
1806.585
20
1722.668
0
VERTEX
8
L0D0
10
1804.74
20
1725.303
0
VERTEX
8
L0D0
10
1802.83
20
1727.891
0
VERTEX
8
L0D0
10
1800.856
20
1730.43
0
VERTEX
8
L0D0
10
1798.82
20
1732.92
0
VERTEX
8
L0D0
10
1796.722
20
1735.357
0
VERTEX
8
L0D0
10
1794.564
20
1737.742
0
VERTEX
8
L0D0
10
1792.347
20
1740.073
0
VERTEX
8
L0D0
10
1790.073
20
1742.347
0
VERTEX
8
L0D0
10
1787.742
20
1744.564
0
VERTEX
8
L0D0
10
1785.357
20
1746.722
0
VERTEX
8
L0D0
10
1782.92
20
1748.82
0
VERTEX
8
L0D0
10
1780.43
20
1750.856
0
VERTEX
8
L0D0
10
1777.891
20
1752.83
0
VERTEX
8
L0D0
10
1775.303
20
1754.74
0
VERTEX
8
L0D0
10
1772.668
20
1756.585
0
VERTEX
8
L0D0
10
1769.988
20
1758.363
0
VERTEX
8
L0D0
10
1767.265
20
1760.075
0
VERTEX
8
L0D0
10
1764.5
20
1761.717
0
VERTEX
8
L0D0
10
1761.695
20
1763.291
0
VERTEX
8
L0D0
10
1758.851
20
1764.793
0
VERTEX
8
L0D0
10
1755.971
20
1766.225
0
VERTEX
8
L0D0
10
1753.056
20
1767.584
0
VERTEX
8
L0D0
10
1750.108
20
1768.87
0
VERTEX
8
L0D0
10
1747.129
20
1770.083
0
VERTEX
8
L0D0
10
1744.121
20
1771.22
0
VERTEX
8
L0D0
10
1741.085
20
1772.283
0
VERTEX
8
L0D0
10
1738.023
20
1773.269
0
VERTEX
8
L0D0
10
1734.938
20
1774.179
0
VERTEX
8
L0D0
10
1731.832
20
1775.011
0
VERTEX
8
L0D0
10
1728.705
20
1775.766
0
VERTEX
8
L0D0
10
1725.561
20
1776.442
0
VERTEX
8
L0D0
10
1722.401
20
1777.04
0
VERTEX
8
L0D0
10
1719.226
20
1777.559
0
VERTEX
8
L0D0
10
1716.04
20
1777.999
0
VERTEX
8
L0D0
10
1712.844
20
1778.359
0
VERTEX
8
L0D0
10
1709.64
20
1778.639
0
VERTEX
8
L0D0
10
1706.43
20
1778.84
0
VERTEX
8
L0D0
10
1703.216
20
1778.96
0
VERTEX
8
L0D0
10
1700
20
1779
0
VERTEX
8
L0D0
10
1500
20
1779
0
VERTEX
8
L0D0
10
1496.784
20
1778.96
0
VERTEX
8
L0D0
10
1493.57
20
1778.84
0
VERTEX
8
L0D0
10
1490.36
20
1778.639
0
VERTEX
8
L0D0
10
1487.156
20
1778.359
0
VERTEX
8
L0D0
10
1483.96
20
1777.999
0
VERTEX
8
L0D0
10
1480.774
20
1777.559
0
VERTEX
8
L0D0
10
1477.599
20
1777.04
0
VERTEX
8
L0D0
10
1474.439
20
1776.442
0
VERTEX
8
L0D0
10
1471.295
20
1775.766
0
VERTEX
8
L0D0
10
1468.168
20
1775.011
0
VERTEX
8
L0D0
10
1465.062
20
1774.179
0
VERTEX
8
L0D0
10
1461.977
20
1773.269
0
VERTEX
8
L0D0
10
1458.915
20
1772.283
0
VERTEX
8
L0D0
10
1455.879
20
1771.22
0
VERTEX
8
L0D0
10
1452.871
20
1770.083
0
VERTEX
8
L0D0
10
1449.892
20
1768.87
0
VERTEX
8
L0D0
10
1446.944
20
1767.584
0
VERTEX
8
L0D0
10
1444.029
20
1766.225
0
VERTEX
8
L0D0
10
1441.149
20
1764.793
0
VERTEX
8
L0D0
10
1438.305
20
1763.291
0
VERTEX
8
L0D0
10
1435.5
20
1761.717
0
VERTEX
8
L0D0
10
1432.735
20
1760.075
0
VERTEX
8
L0D0
10
1430.012
20
1758.363
0
VERTEX
8
L0D0
10
1427.332
20
1756.585
0
VERTEX
8
L0D0
10
1424.697
20
1754.74
0
VERTEX
8
L0D0
10
1422.109
20
1752.83
0
VERTEX
8
L0D0
10
1419.57
20
1750.856
0
VERTEX
8
L0D0
10
1417.08
20
1748.82
0
VERTEX
8
L0D0
10
1414.643
20
1746.722
0
VERTEX
8
L0D0
10
1412.258
20
1744.564
0
VERTEX
8
L0D0
10
1409.927
20
1742.347
0
VERTEX
8
L0D0
10
1407.653
20
1740.073
0
VERTEX
8
L0D0
10
1405.436
20
1737.742
0
VERTEX
8
L0D0
10
1403.278
20
1735.357
0
VERTEX
8
L0D0
10
1401.18
20
1732.92
0
VERTEX
8
L0D0
10
1399.144
20
1730.43
0
VERTEX
8
L0D0
10
1397.17
20
1727.891
0
VERTEX
8
L0D0
10
1395.26
20
1725.303
0
VERTEX
8
L0D0
10
1393.415
20
1722.668
0
VERTEX
8
L0D0
10
1391.637
20
1719.988
0
VERTEX
8
L0D0
10
1389.925
20
1717.265
0
VERTEX
8
L0D0
10
1388.283
20
1714.5
0
VERTEX
8
L0D0
10
1386.709
20
1711.695
0
VERTEX
8
L0D0
10
1385.207
20
1708.851
0
VERTEX
8
L0D0
10
1383.775
20
1705.971
0
VERTEX
8
L0D0
10
1382.416
20
1703.056
0
VERTEX
8
L0D0
10
1381.13
20
1700.108
0
VERTEX
8
L0D0
10
1379.917
20
1697.129
0
VERTEX
8
L0D0
10
1378.78
20
1694.121
0
VERTEX
8
L0D0
10
1377.717
20
1691.085
0
VERTEX
8
L0D0
10
1376.731
20
1688.023
0
VERTEX
8
L0D0
10
1375.821
20
1684.938
0
VERTEX
8
L0D0
10
1374.989
20
1681.832
0
VERTEX
8
L0D0
10
1374.234
20
1678.705
0
VERTEX
8
L0D0
10
1373.558
20
1675.561
0
VERTEX
8
L0D0
10
1372.96
20
1672.401
0
VERTEX
8
L0D0
10
1372.441
20
1669.226
0
VERTEX
8
L0D0
10
1372.001
20
1666.04
0
VERTEX
8
L0D0
10
1371.641
20
1662.844
0
VERTEX
8
L0D0
10
1371.361
20
1659.64
0
VERTEX
8
L0D0
10
1371.16
20
1656.43
0
VERTEX
8
L0D0
10
1371.04
20
1653.216
0
VERTEX
8
L0D0
10
1371
20
1650
0
VERTEX
8
L0D0
10
1371
20
213
0
VERTEX
8
L0D0
10
1370.96
20
209.321
0
VERTEX
8
L0D0
10
1370.842
20
205.643
0
VERTEX
8
L0D0
10
1370.644
20
201.969
0
VERTEX
8
L0D0
10
1370.367
20
198.3
0
VERTEX
8
L0D0
10
1370.011
20
194.638
0
VERTEX
8
L0D0
10
1369.577
20
190.984
0
VERTEX
8
L0D0
10
1369.064
20
187.341
0
VERTEX
8
L0D0
10
1368.473
20
183.709
0
VERTEX
8
L0D0
10
1367.803
20
180.091
0
VERTEX
8
L0D0
10
1367.056
20
176.488
0
VERTEX
8
L0D0
10
1366.232
20
172.902
0
VERTEX
8
L0D0
10
1365.331
20
169.335
0
VERTEX
8
L0D0
10
1364.353
20
165.787
0
VERTEX
8
L0D0
10
1363.299
20
162.262
0
VERTEX
8
L0D0
10
1362.17
20
158.76
0
VERTEX
8
L0D0
10
1360.965
20
155.284
0
VERTEX
8
L0D0
10
1359.686
20
151.834
0
VERTEX
8
L0D0
10
1358.333
20
148.412
0
VERTEX
8
L0D0
10
1356.907
20
145.02
0
VERTEX
8
L0D0
10
1355.408
20
141.66
0
VERTEX
8
L0D0
10
1353.837
20
138.333
0
VERTEX
8
L0D0
10
1352.195
20
135.04
0
VERTEX
8
L0D0
10
1350.482
20
131.783
0
VERTEX
8
L0D0
10
1348.7
20
128.564
0
VERTEX
8
L0D0
10
1346.849
20
125.384
0
VERTEX
8
L0D0
10
1344.929
20
122.245
0
VERTEX
8
L0D0
10
1342.943
20
119.148
0
VERTEX
8
L0D0
10
1340.891
20
116.094
0
VERTEX
8
L0D0
10
1338.773
20
113.085
0
VERTEX
8
L0D0
10
1336.591
20
110.122
0
VERTEX
8
L0D0
10
1334.346
20
107.207
0
VERTEX
8
L0D0
10
1332.039
20
104.341
0
VERTEX
8
L0D0
10
1329.67
20
101.525
0
VERTEX
8
L0D0
10
1327.242
20
98.761
0
VERTEX
8
L0D0
10
1324.754
20
96.05
0
VERTEX
8
L0D0
10
1322.209
20
93.393
0
VERTEX
8
L0D0
10
1319.607
20
90.791
0
VERTEX
8
L0D0
10
1316.95
20
88.246
0
VERTEX
8
L0D0
10
1314.239
20
85.758
0
VERTEX
8
L0D0
10
1311.475
20
83.33
0
VERTEX
8
L0D0
10
1308.659
20
80.961
0
VERTEX
8
L0D0
10
1305.793
20
78.654
0
VERTEX
8
L0D0
10
1302.878
20
76.409
0
VERTEX
8
L0D0
10
1299.915
20
74.227
0
VERTEX
8
L0D0
10
1296.906
20
72.109
0
VERTEX
8
L0D0
10
1293.852
20
70.057
0
VERTEX
8
L0D0
10
1290.755
20
68.071
0
VERTEX
8
L0D0
10
1287.616
20
66.151
0
VERTEX
8
L0D0
10
1284.436
20
64.3
0
VERTEX
8
L0D0
10
1281.217
20
62.518
0
VERTEX
8
L0D0
10
1277.96
20
60.805
0
VERTEX
8
L0D0
10
1274.667
20
59.163
0
VERTEX
8
L0D0
10
1271.34
20
57.592
0
VERTEX
8
L0D0
10
1267.98
20
56.093
0
VERTEX
8
L0D0
10
1264.588
20
54.667
0
VERTEX
8
L0D0
10
1261.166
20
53.314
0
VERTEX
8
L0D0
10
1257.716
20
52.035
0
VERTEX
8
L0D0
10
1254.24
20
50.83
0
VERTEX
8
L0D0
10
1250.738
20
49.701
0
VERTEX
8
L0D0
10
1247.213
20
48.647
0
VERTEX
8
L0D0
10
1243.665
20
47.669
0
VERTEX
8
L0D0
10
1240.098
20
46.768
0
VERTEX
8
L0D0
10
1236.512
20
45.944
0
VERTEX
8
L0D0
10
1232.909
20
45.197
0
VERTEX
8
L0D0
10
1229.291
20
44.527
0
VERTEX
8
L0D0
10
1225.659
20
43.936
0
VERTEX
8
L0D0
10
1222.016
20
43.423
0
VERTEX
8
L0D0
10
1218.362
20
42.989
0
VERTEX
8
L0D0
10
1214.7
20
42.633
0
VERTEX
8
L0D0
10
1211.031
20
42.356
0
VERTEX
8
L0D0
10
1207.357
20
42.158
0
VERTEX
8
L0D0
10
1203.679
20
42.04
0
VERTEX
8
L0D0
10
1200
20
42
0
SEQEND
0
POLYLINE
8
L0D0
70
1
40
0
41
0
66
1
0
VERTEX
8
L0D0
10
1657.778
20
428.889
0
VERTEX
8
L0D0
10
1657.778
20
457.778
0
VERTEX
8
L0D0
10
1643.333
20
457.778
0
VERTEX
8
L0D0
10
1643.333
20
472.222
0
VERTEX
8
L0D0
10
1628.889
20
472.222
0
VERTEX
8
L0D0
10
1628.889
20
501.111
0
VERTEX
8
L0D0
10
1643.333
20
501.111
0
VERTEX
8
L0D0
10
1643.333
20
472.222
0
VERTEX
8
L0D0
10
1657.778
20
472.222
0
VERTEX
8
L0D0
10
1657.778
20
530
0
VERTEX
8
L0D0
10
1672.222
20
530
0
VERTEX
8
L0D0
10
1672.222
20
428.889
0
SEQEND
0
POLYLINE
8
L0D0
70
1
40
0
41
0
66
1
0
VERTEX
8
L0D0
10
1990
20
428.889
0
VERTEX
8
L0D0
10
1990
20
457.778
0
VERTEX
8
L0D0
10
1946.667
20
457.778
0
VERTEX
8
L0D0
10
1946.667
20
486.667
0
VERTEX
8
L0D0
10
1961.111
20
486.667
0
VERTEX
8
L0D0
10
1961.111
20
472.222
0
VERTEX
8
L0D0
10
1990
20
472.222
0
VERTEX
8
L0D0
10
1990
20
515.556
0
VERTEX
8
L0D0
10
1975.556
20
515.556
0
VERTEX
8
L0D0
10
1975.556
20
530
0
VERTEX
8
L0D0
10
2004.444
20
530
0
VERTEX
8
L0D0
10
2004.444
20
472.222
0
VERTEX
8
L0D0
10
2018.889
20
472.222
0
VERTEX
8
L0D0
10
2018.889
20
457.778
0
VERTEX
8
L0D0
10
2004.444
20
457.778
0
VERTEX
8
L0D0
10
2004.444
20
428.889
0
SEQEND
0
POLYLINE
8
L0D0
70
1
40
0
41
0
66
1
0
VERTEX
8
L0D0
10
2120
20
486.667
0
VERTEX
8
L0D0
10
2120
20
515.556
0
VERTEX
8
L0D0
10
2062.222
20
515.556
0
VERTEX
8
L0D0
10
2062.222
20
530
0
VERTEX
8
L0D0
10
2134.444
20
530
0
VERTEX
8
L0D0
10
2134.444
20
486.667
0
SEQEND
0
POLYLINE
8
L0D0
70
1
40
0
41
0
66
1
0
VERTEX
8
L0D0
10
1600
20
428.889
0
VERTEX
8
L0D0
10
1600
20
530
0
VERTEX
8
L0D0
10
1614.444
20
530
0
VERTEX
8
L0D0
10
1614.444
20
515.556
0
VERTEX
8
L0D0
10
1628.889
20
515.556
0
VERTEX
8
L0D0
10
1628.889
20
501.111
0
VERTEX
8
L0D0
10
1614.444
20
501.111
0
VERTEX
8
L0D0
10
1614.444
20
428.889
0
SEQEND
0
POLYLINE
8
L0D0
70
1
40
0
41
0
66
1
0
VERTEX
8
L0D0
10
-2200
20
-200
0
VERTEX
8
L0D0
10
-2200
20
-150
0
VERTEX
8
L0D0
10
-2150
20
-150
0
VERTEX
8
L0D0
10
-1850
20
-150
0
VERTEX
8
L0D0
10
-1750
20
-9
0
VERTEX
8
L0D0
10
1750
20
-9
0
VERTEX
8
L0D0
10
1850
20
-150
0
VERTEX
8
L0D0
10
2150
20
-150
0
VERTEX
8
L0D0
10
2150
20
150
0
VERTEX
8
L0D0
10
1850
20
150
0
VERTEX
8
L0D0
10
1750
20
9
0
VERTEX
8
L0D0
10
-1750
20
9
0
VERTEX
8
L0D0
10
-1850
20
150
0
VERTEX
8
L0D0
10
-2150
20
150
0
VERTEX
8
L0D0
10
-2150
20
-150
0
VERTEX
8
L0D0
10
-2200
20
-150
0
VERTEX
8
L0D0
10
-2200
20
200
0
VERTEX
8
L0D0
10
-1850
20
200
0
VERTEX
8
L0D0
10
-1750
20
21
0
VERTEX
8
L0D0
10
1750
20
21
0
VERTEX
8
L0D0
10
1850
20
200
0
VERTEX
8
L0D0
10
2200
20
200
0
VERTEX
8
L0D0
10
2200
20
-200
0
VERTEX
8
L0D0
10
1850
20
-200
0
VERTEX
8
L0D0
10
1750
20
-21
0
VERTEX
8
L0D0
10
-1750
20
-21
0
VERTEX
8
L0D0
10
-1850
20
-200
0
SEQEND
0
POLYLINE
8
L0D0
70
1
40
0
41
0
66
1
0
VERTEX
8
L0D0
10
-871
20
-1450
0
VERTEX
8
L0D0
10
-871
20
-213
0
VERTEX
8
L0D0
10
-871.04
20
-209.784
0
VERTEX
8
L0D0
10
-871.16
20
-206.57
0
VERTEX
8
L0D0
10
-871.361
20
-203.36
0
VERTEX
8
L0D0
10
-871.641
20
-200.156
0
VERTEX
8
L0D0
10
-872.001
20
-196.96
0
VERTEX
8
L0D0
10
-872.441
20
-193.774
0
VERTEX
8
L0D0
10
-872.96
20
-190.599
0
VERTEX
8
L0D0
10
-873.558
20
-187.439
0
VERTEX
8
L0D0
10
-874.234
20
-184.295
0
VERTEX
8
L0D0
10
-874.989
20
-181.168
0
VERTEX
8
L0D0
10
-875.821
20
-178.062
0
VERTEX
8
L0D0
10
-876.731
20
-174.977
0
VERTEX
8
L0D0
10
-877.717
20
-171.915
0
VERTEX
8
L0D0
10
-878.78
20
-168.879
0
VERTEX
8
L0D0
10
-879.917
20
-165.871
0
VERTEX
8
L0D0
10
-881.13
20
-162.892
0
VERTEX
8
L0D0
10
-882.416
20
-159.944
0
VERTEX
8
L0D0
10
-883.775
20
-157.029
0
VERTEX
8
L0D0
10
-885.207
20
-154.149
0
VERTEX
8
L0D0
10
-886.709
20
-151.305
0
VERTEX
8
L0D0
10
-888.283
20
-148.5
0
VERTEX
8
L0D0
10
-889.925
20
-145.735
0
VERTEX
8
L0D0
10
-891.637
20
-143.012
0
VERTEX
8
L0D0
10
-893.415
20
-140.332
0
VERTEX
8
L0D0
10
-895.26
20
-137.697
0
VERTEX
8
L0D0
10
-897.17
20
-135.109
0
VERTEX
8
L0D0
10
-899.144
20
-132.57
0
VERTEX
8
L0D0
10
-901.18
20
-130.08
0
VERTEX
8
L0D0
10
-903.278
20
-127.643
0
VERTEX
8
L0D0
10
-905.436
20
-125.258
0
VERTEX
8
L0D0
10
-907.653
20
-122.927
0
VERTEX
8
L0D0
10
-909.927
20
-120.653
0
VERTEX
8
L0D0
10
-912.258
20
-118.436
0
VERTEX
8
L0D0
10
-914.643
20
-116.278
0
VERTEX
8
L0D0
10
-917.08
20
-114.18
0
VERTEX
8
L0D0
10
-919.57
20
-112.144
0
VERTEX
8
L0D0
10
-922.109
20
-110.17
0
VERTEX
8
L0D0
10
-924.697
20
-108.26
0
VERTEX
8
L0D0
10
-927.332
20
-106.415
0
VERTEX
8
L0D0
10
-930.012
20
-104.637
0
VERTEX
8
L0D0
10
-932.735
20
-102.925
0
VERTEX
8
L0D0
10
-935.5
20
-101.283
0
VERTEX
8
L0D0
10
-938.305
20
-99.709
0
VERTEX
8
L0D0
10
-941.149
20
-98.207
0
VERTEX
8
L0D0
10
-944.029
20
-96.775
0
VERTEX
8
L0D0
10
-946.944
20
-95.416
0
VERTEX
8
L0D0
10
-949.892
20
-94.13
0
VERTEX
8
L0D0
10
-952.871
20
-92.917
0
VERTEX
8
L0D0
10
-955.879
20
-91.78
0
VERTEX
8
L0D0
10
-958.915
20
-90.717
0
VERTEX
8
L0D0
10
-961.977
20
-89.731
0
VERTEX
8
L0D0
10
-965.062
20
-88.821
0
VERTEX
8
L0D0
10
-968.168
20
-87.989
0
VERTEX
8
L0D0
10
-971.295
20
-87.234
0
VERTEX
8
L0D0
10
-974.439
20
-86.558
0
VERTEX
8
L0D0
10
-977.599
20
-85.96
0
VERTEX
8
L0D0
10
-980.774
20
-85.441
0
VERTEX
8
L0D0
10
-983.96
20
-85.001
0
VERTEX
8
L0D0
10
-987.156
20
-84.641
0
VERTEX
8
L0D0
10
-990.36
20
-84.361
0
VERTEX
8
L0D0
10
-993.57
20
-84.16
0
VERTEX
8
L0D0
10
-996.784
20
-84.04
0
VERTEX
8
L0D0
10
-1000
20
-84
0
VERTEX
8
L0D0
10
-1200
20
-84
0
VERTEX
8
L0D0
10
-1203.216
20
-84.04
0
VERTEX
8
L0D0
10
-1206.43
20
-84.16
0
VERTEX
8
L0D0
10
-1209.64
20
-84.361
0
VERTEX
8
L0D0
10
-1212.844
20
-84.641
0
VERTEX
8
L0D0
10
-1216.04
20
-85.001
0
VERTEX
8
L0D0
10
-1219.226
20
-85.441
0
VERTEX
8
L0D0
10
-1222.401
20
-85.96
0
VERTEX
8
L0D0
10
-1225.561
20
-86.558
0
VERTEX
8
L0D0
10
-1228.705
20
-87.234
0
VERTEX
8
L0D0
10
-1231.832
20
-87.989
0
VERTEX
8
L0D0
10
-1234.938
20
-88.821
0
VERTEX
8
L0D0
10
-1238.023
20
-89.731
0
VERTEX
8
L0D0
10
-1241.085
20
-90.717
0
VERTEX
8
L0D0
10
-1244.121
20
-91.78
0
VERTEX
8
L0D0
10
-1247.129
20
-92.917
0
VERTEX
8
L0D0
10
-1250.108
20
-94.13
0
VERTEX
8
L0D0
10
-1253.056
20
-95.416
0
VERTEX
8
L0D0
10
-1255.971
20
-96.775
0
VERTEX
8
L0D0
10
-1258.851
20
-98.207
0
VERTEX
8
L0D0
10
-1261.695
20
-99.709
0
VERTEX
8
L0D0
10
-1264.5
20
-101.283
0
VERTEX
8
L0D0
10
-1267.265
20
-102.925
0
VERTEX
8
L0D0
10
-1269.988
20
-104.637
0
VERTEX
8
L0D0
10
-1272.668
20
-106.415
0
VERTEX
8
L0D0
10
-1275.303
20
-108.26
0
VERTEX
8
L0D0
10
-1277.891
20
-110.17
0
VERTEX
8
L0D0
10
-1280.43
20
-112.144
0
VERTEX
8
L0D0
10
-1282.92
20
-114.18
0
VERTEX
8
L0D0
10
-1285.357
20
-116.278
0
VERTEX
8
L0D0
10
-1287.742
20
-118.436
0
VERTEX
8
L0D0
10
-1290.073
20
-120.653
0
VERTEX
8
L0D0
10
-1292.347
20
-122.927
0
VERTEX
8
L0D0
10
-1294.564
20
-125.258
0
VERTEX
8
L0D0
10
-1296.722
20
-127.643
0
VERTEX
8
L0D0
10
-1298.82
20
-130.08
0
VERTEX
8
L0D0
10
-1300.856
20
-132.57
0
VERTEX
8
L0D0
10
-1302.83
20
-135.109
0
VERTEX
8
L0D0
10
-1304.74
20
-137.697
0
VERTEX
8
L0D0
10
-1306.585
20
-140.332
0
VERTEX
8
L0D0
10
-1308.363
20
-143.012
0
VERTEX
8
L0D0
10
-1310.075
20
-145.735
0
VERTEX
8
L0D0
10
-1311.717
20
-148.5
0
VERTEX
8
L0D0
10
-1313.291
20
-151.305
0
VERTEX
8
L0D0
10
-1314.793
20
-154.149
0
VERTEX
8
L0D0
10
-1316.225
20
-157.029
0
VERTEX
8
L0D0
10
-1317.584
20
-159.944
0
VERTEX
8
L0D0
10
-1318.87
20
-162.892
0
VERTEX
8
L0D0
10
-1320.083
20
-165.871
0
VERTEX
8
L0D0
10
-1321.22
20
-168.879
0
VERTEX
8
L0D0
10
-1322.283
20
-171.915
0
VERTEX
8
L0D0
10
-1323.269
20
-174.977
0
VERTEX
8
L0D0
10
-1324.179
20
-178.062
0
VERTEX
8
L0D0
10
-1325.011
20
-181.168
0
VERTEX
8
L0D0
10
-1325.766
20
-184.295
0
VERTEX
8
L0D0
10
-1326.442
20
-187.439
0
VERTEX
8
L0D0
10
-1327.04
20
-190.599
0
VERTEX
8
L0D0
10
-1327.559
20
-193.774
0
VERTEX
8
L0D0
10
-1327.999
20
-196.96
0
VERTEX
8
L0D0
10
-1328.359
20
-200.156
0
VERTEX
8
L0D0
10
-1328.639
20
-203.36
0
VERTEX
8
L0D0
10
-1328.84
20
-206.57
0
VERTEX
8
L0D0
10
-1328.96
20
-209.784
0
VERTEX
8
L0D0
10
-1329
20
-213
0
VERTEX
8
L0D0
10
-1329
20
-300
0
VERTEX
8
L0D0
10
-1341
20
-300
0
VERTEX
8
L0D0
10
-1341
20
-213
0
VERTEX
8
L0D0
10
-1340.96
20
-209.645
0
VERTEX
8
L0D0
10
-1340.84
20
-206.291
0
VERTEX
8
L0D0
10
-1340.641
20
-202.941
0
VERTEX
8
L0D0
10
-1340.362
20
-199.597
0
VERTEX
8
L0D0
10
-1340.003
20
-196.261
0
VERTEX
8
L0D0
10
-1339.565
20
-192.934
0
VERTEX
8
L0D0
10
-1339.048
20
-189.618
0
VERTEX
8
L0D0
10
-1338.452
20
-186.316
0
VERTEX
8
L0D0
10
-1337.778
20
-183.028
0
VERTEX
8
L0D0
10
-1337.025
20
-179.758
0
VERTEX
8
L0D0
10
-1336.196
20
-176.507
0
VERTEX
8
L0D0
10
-1335.289
20
-173.276
0
VERTEX
8
L0D0
10
-1334.305
20
-170.067
0
VERTEX
8
L0D0
10
-1333.245
20
-166.883
0
VERTEX
8
L0D0
10
-1332.11
20
-163.726
0
VERTEX
8
L0D0
10
-1330.9
20
-160.596
0
VERTEX
8
L0D0
10
-1329.616
20
-157.495
0
VERTEX
8
L0D0
10
-1328.258
20
-154.426
0
VERTEX
8
L0D0
10
-1326.828
20
-151.391
0
VERTEX
8
L0D0
10
-1325.326
20
-148.39
0
VERTEX
8
L0D0
10
-1323.753
20
-145.426
0
VERTEX
8
L0D0
10
-1322.11
20
-142.5
0
VERTEX
8
L0D0
10
-1320.397
20
-139.614
0
VERTEX
8
L0D0
10
-1318.617
20
-136.77
0
VERTEX
8
L0D0
10
-1316.769
20
-133.968
0
VERTEX
8
L0D0
10
-1314.855
20
-131.212
0
VERTEX
8
L0D0
10
-1312.876
20
-128.502
0
VERTEX
8
L0D0
10
-1310.833
20
-125.84
0
VERTEX
8
L0D0
10
-1308.728
20
-123.227
0
VERTEX
8
L0D0
10
-1306.561
20
-120.665
0
VERTEX
8
L0D0
10
-1304.333
20
-118.155
0
VERTEX
8
L0D0
10
-1302.046
20
-115.699
0
VERTEX
8
L0D0
10
-1299.702
20
-113.298
0
VERTEX
8
L0D0
10
-1297.301
20
-110.954
0
VERTEX
8
L0D0
10
-1294.845
20
-108.667
0
VERTEX
8
L0D0
10
-1292.335
20
-106.439
0
VERTEX
8
L0D0
10
-1289.773
20
-104.272
0
VERTEX
8
L0D0
10
-1287.16
20
-102.167
0
VERTEX
8
L0D0
10
-1284.498
20
-100.124
0
VERTEX
8
L0D0
10
-1281.788
20
-98.145
0
VERTEX
8
L0D0
10
-1279.032
20
-96.231
0
VERTEX
8
L0D0
10
-1276.23
20
-94.383
0
VERTEX
8
L0D0
10
-1273.386
20
-92.603
0
VERTEX
8
L0D0
10
-1270.5
20
-90.89
0
VERTEX
8
L0D0
10
-1267.574
20
-89.247
0
VERTEX
8
L0D0
10
-1264.61
20
-87.674
0
VERTEX
8
L0D0
10
-1261.609
20
-86.172
0
VERTEX
8
L0D0
10
-1258.574
20
-84.742
0
VERTEX
8
L0D0
10
-1255.505
20
-83.384
0
VERTEX
8
L0D0
10
-1252.404
20
-82.1
0
VERTEX
8
L0D0
10
-1249.274
20
-80.89
0
VERTEX
8
L0D0
10
-1246.117
20
-79.755
0
VERTEX
8
L0D0
10
-1242.933
20
-78.695
0
VERTEX
8
L0D0
10
-1239.724
20
-77.711
0
VERTEX
8
L0D0
10
-1236.493
20
-76.804
0
VERTEX
8
L0D0
10
-1233.242
20
-75.975
0
VERTEX
8
L0D0
10
-1229.972
20
-75.222
0
VERTEX
8
L0D0
10
-1226.684
20
-74.548
0
VERTEX
8
L0D0
10
-1223.382
20
-73.952
0
VERTEX
8
L0D0
10
-1220.066
20
-73.435
0
VERTEX
8
L0D0
10
-1216.739
20
-72.997
0
VERTEX
8
L0D0
10
-1213.403
20
-72.638
0
VERTEX
8
L0D0
10
-1210.059
20
-72.359
0
VERTEX
8
L0D0
10
-1206.709
20
-72.16
0
VERTEX
8
L0D0
10
-1203.355
20
-72.04
0
VERTEX
8
L0D0
10
-1200
20
-72
0
VERTEX
8
L0D0
10
-1000
20
-72
0
VERTEX
8
L0D0
10
-996.645
20
-72.04
0
VERTEX
8
L0D0
10
-993.291
20
-72.16
0
VERTEX
8
L0D0
10
-989.941
20
-72.359
0
VERTEX
8
L0D0
10
-986.597
20
-72.638
0
VERTEX
8
L0D0
10
-983.261
20
-72.997
0
VERTEX
8
L0D0
10
-979.934
20
-73.435
0
VERTEX
8
L0D0
10
-976.618
20
-73.952
0
VERTEX
8
L0D0
10
-973.316
20
-74.548
0
VERTEX
8
L0D0
10
-970.028
20
-75.222
0
VERTEX
8
L0D0
10
-966.758
20
-75.975
0
VERTEX
8
L0D0
10
-963.507
20
-76.804
0
VERTEX
8
L0D0
10
-960.276
20
-77.711
0
VERTEX
8
L0D0
10
-957.067
20
-78.695
0
VERTEX
8
L0D0
10
-953.883
20
-79.755
0
VERTEX
8
L0D0
10
-950.726
20
-80.89
0
VERTEX
8
L0D0
10
-947.596
20
-82.1
0
VERTEX
8
L0D0
10
-944.495
20
-83.384
0
VERTEX
8
L0D0
10
-941.426
20
-84.742
0
VERTEX
8
L0D0
10
-938.391
20
-86.172
0
VERTEX
8
L0D0
10
-935.39
20
-87.674
0
VERTEX
8
L0D0
10
-932.426
20
-89.247
0
VERTEX
8
L0D0
10
-929.5
20
-90.89
0
VERTEX
8
L0D0
10
-926.614
20
-92.603
0
VERTEX
8
L0D0
10
-923.77
20
-94.383
0
VERTEX
8
L0D0
10
-920.968
20
-96.231
0
VERTEX
8
L0D0
10
-918.212
20
-98.145
0
VERTEX
8
L0D0
10
-915.502
20
-100.124
0
VERTEX
8
L0D0
10
-912.84
20
-102.167
0
VERTEX
8
L0D0
10
-910.227
20
-104.272
0
VERTEX
8
L0D0
10
-907.665
20
-106.439
0
VERTEX
8
L0D0
10
-905.155
20
-108.667
0
VERTEX
8
L0D0
10
-902.699
20
-110.954
0
VERTEX
8
L0D0
10
-900.298
20
-113.298
0
VERTEX
8
L0D0
10
-897.954
20
-115.699
0
VERTEX
8
L0D0
10
-895.667
20
-118.155
0
VERTEX
8
L0D0
10
-893.439
20
-120.665
0
VERTEX
8
L0D0
10
-891.272
20
-123.227
0
VERTEX
8
L0D0
10
-889.167
20
-125.84
0
VERTEX
8
L0D0
10
-887.124
20
-128.502
0
VERTEX
8
L0D0
10
-885.145
20
-131.212
0
VERTEX
8
L0D0
10
-883.231
20
-133.968
0
VERTEX
8
L0D0
10
-881.383
20
-136.77
0
VERTEX
8
L0D0
10
-879.603
20
-139.614
0
VERTEX
8
L0D0
10
-877.89
20
-142.5
0
VERTEX
8
L0D0
10
-876.247
20
-145.426
0
VERTEX
8
L0D0
10
-874.674
20
-148.39
0
VERTEX
8
L0D0
10
-873.172
20
-151.391
0
VERTEX
8
L0D0
10
-871.742
20
-154.426
0
VERTEX
8
L0D0
10
-870.384
20
-157.495
0
VERTEX
8
L0D0
10
-869.1
20
-160.596
0
VERTEX
8
L0D0
10
-867.89
20
-163.726
0
VERTEX
8
L0D0
10
-866.755
20
-166.883
0
VERTEX
8
L0D0
10
-865.695
20
-170.067
0
VERTEX
8
L0D0
10
-864.711
20
-173.276
0
VERTEX
8
L0D0
10
-863.804
20
-176.507
0
VERTEX
8
L0D0
10
-862.975
20
-179.758
0
VERTEX
8
L0D0
10
-862.222
20
-183.028
0
VERTEX
8
L0D0
10
-861.548
20
-186.316
0
VERTEX
8
L0D0
10
-860.952
20
-189.618
0
VERTEX
8
L0D0
10
-860.435
20
-192.934
0
VERTEX
8
L0D0
10
-859.997
20
-196.261
0
VERTEX
8
L0D0
10
-859.638
20
-199.597
0
VERTEX
8
L0D0
10
-859.359
20
-202.941
0
VERTEX
8
L0D0
10
-859.16
20
-206.291
0
VERTEX
8
L0D0
10
-859.04
20
-209.645
0
VERTEX
8
L0D0
10
-859
20
-213
0
VERTEX
8
L0D0
10
-859
20
-1405
0
VERTEX
8
L0D0
10
-841
20
-1405
0
VERTEX
8
L0D0
10
-841
20
-213
0
VERTEX
8
L0D0
10
-841.04
20
-209.432
0
VERTEX
8
L0D0
10
-841.16
20
-205.866
0
VERTEX
8
L0D0
10
-841.36
20
-202.304
0
VERTEX
8
L0D0
10
-841.64
20
-198.747
0
VERTEX
8
L0D0
10
-842
20
-195.198
0
VERTEX
8
L0D0
10
-842.439
20
-191.657
0
VERTEX
8
L0D0
10
-842.958
20
-188.127
0
VERTEX
8
L0D0
10
-843.555
20
-184.609
0
VERTEX
8
L0D0
10
-844.232
20
-181.106
0
VERTEX
8
L0D0
10
-844.986
20
-177.619
0
VERTEX
8
L0D0
10
-845.819
20
-174.15
0
VERTEX
8
L0D0
10
-846.73
20
-170.7
0
VERTEX
8
L0D0
10
-847.718
20
-167.272
0
VERTEX
8
L0D0
10
-848.782
20
-163.866
0
VERTEX
8
L0D0
10
-849.923
20
-160.486
0
VERTEX
8
L0D0
10
-851.139
20
-157.131
0
VERTEX
8
L0D0
10
-852.43
20
-153.805
0
VERTEX
8
L0D0
10
-853.795
20
-150.509
0
VERTEX
8
L0D0
10
-855.234
20
-147.244
0
VERTEX
8
L0D0
10
-856.746
20
-144.012
0
VERTEX
8
L0D0
10
-858.33
20
-140.816
0
VERTEX
8
L0D0
10
-859.985
20
-137.655
0
VERTEX
8
L0D0
10
-861.711
20
-134.532
0
VERTEX
8
L0D0
10
-863.507
20
-131.449
0
VERTEX
8
L0D0
10
-865.371
20
-128.407
0
VERTEX
8
L0D0
10
-867.303
20
-125.407
0
VERTEX
8
L0D0
10
-869.302
20
-122.452
0
VERTEX
8
L0D0
10
-871.366
20
-119.542
0
VERTEX
8
L0D0
10
-873.496
20
-116.679
0
VERTEX
8
L0D0
10
-875.689
20
-113.865
0
VERTEX
8
L0D0
10
-877.944
20
-111.101
0
VERTEX
8
L0D0
10
-880.262
20
-108.388
0
VERTEX
8
L0D0
10
-882.639
20
-105.727
0
VERTEX
8
L0D0
10
-885.076
20
-103.121
0
VERTEX
8
L0D0
10
-887.57
20
-100.57
0
VERTEX
8
L0D0
10
-890.121
20
-98.076
0
VERTEX
8
L0D0
10
-892.727
20
-95.639
0
VERTEX
8
L0D0
10
-895.388
20
-93.262
0
VERTEX
8
L0D0
10
-898.101
20
-90.944
0
VERTEX
8
L0D0
10
-900.865
20
-88.689
0
VERTEX
8
L0D0
10
-903.679
20
-86.496
0
VERTEX
8
L0D0
10
-906.542
20
-84.366
0
VERTEX
8
L0D0
10
-909.452
20
-82.302
0
VERTEX
8
L0D0
10
-912.407
20
-80.303
0
VERTEX
8
L0D0
10
-915.407
20
-78.371
0
VERTEX
8
L0D0
10
-918.449
20
-76.507
0
VERTEX
8
L0D0
10
-921.532
20
-74.711
0
VERTEX
8
L0D0
10
-924.655
20
-72.985
0
VERTEX
8
L0D0
10
-927.816
20
-71.33
0
VERTEX
8
L0D0
10
-931.012
20
-69.746
0
VERTEX
8
L0D0
10
-934.244
20
-68.234
0
VERTEX
8
L0D0
10
-937.509
20
-66.795
0
VERTEX
8
L0D0
10
-940.805
20
-65.43
0
VERTEX
8
L0D0
10
-944.131
20
-64.139
0
VERTEX
8
L0D0
10
-947.486
20
-62.923
0
VERTEX
8
L0D0
10
-950.866
20
-61.782
0
VERTEX
8
L0D0
10
-954.272
20
-60.718
0
VERTEX
8
L0D0
10
-957.7
20
-59.73
0
VERTEX
8
L0D0
10
-961.15
20
-58.819
0
VERTEX
8
L0D0
10
-964.619
20
-57.986
0
VERTEX
8
L0D0
10
-968.106
20
-57.232
0
VERTEX
8
L0D0
10
-971.609
20
-56.555
0
VERTEX
8
L0D0
10
-975.127
20
-55.958
0
VERTEX
8
L0D0
10
-978.657
20
-55.439
0
VERTEX
8
L0D0
10
-982.198
20
-55
0
VERTEX
8
L0D0
10
-985.747
20
-54.64
0
VERTEX
8
L0D0
10
-989.304
20
-54.36
0
VERTEX
8
L0D0
10
-992.866
20
-54.16
0
VERTEX
8
L0D0
10
-996.432
20
-54.04
0
VERTEX
8
L0D0
10
-1000
20
-54
0
VERTEX
8
L0D0
10
-1200
20
-54
0
VERTEX
8
L0D0
10
-1203.568
20
-54.04
0
VERTEX
8
L0D0
10
-1207.134
20
-54.16
0
VERTEX
8
L0D0
10
-1210.696
20
-54.36
0
VERTEX
8
L0D0
10
-1214.253
20
-54.64
0
VERTEX
8
L0D0
10
-1217.802
20
-55
0
VERTEX
8
L0D0
10
-1221.343
20
-55.439
0
VERTEX
8
L0D0
10
-1224.873
20
-55.958
0
VERTEX
8
L0D0
10
-1228.391
20
-56.555
0
VERTEX
8
L0D0
10
-1231.894
20
-57.232
0
VERTEX
8
L0D0
10
-1235.381
20
-57.986
0
VERTEX
8
L0D0
10
-1238.85
20
-58.819
0
VERTEX
8
L0D0
10
-1242.3
20
-59.73
0
VERTEX
8
L0D0
10
-1245.728
20
-60.718
0
VERTEX
8
L0D0
10
-1249.134
20
-61.782
0
VERTEX
8
L0D0
10
-1252.514
20
-62.923
0
VERTEX
8
L0D0
10
-1255.869
20
-64.139
0
VERTEX
8
L0D0
10
-1259.195
20
-65.43
0
VERTEX
8
L0D0
10
-1262.491
20
-66.795
0
VERTEX
8
L0D0
10
-1265.756
20
-68.234
0
VERTEX
8
L0D0
10
-1268.988
20
-69.746
0
VERTEX
8
L0D0
10
-1272.184
20
-71.33
0
VERTEX
8
L0D0
10
-1275.345
20
-72.985
0
VERTEX
8
L0D0
10
-1278.468
20
-74.711
0
VERTEX
8
L0D0
10
-1281.551
20
-76.507
0
VERTEX
8
L0D0
10
-1284.593
20
-78.371
0
VERTEX
8
L0D0
10
-1287.593
20
-80.303
0
VERTEX
8
L0D0
10
-1290.548
20
-82.302
0
VERTEX
8
L0D0
10
-1293.458
20
-84.366
0
VERTEX
8
L0D0
10
-1296.321
20
-86.496
0
VERTEX
8
L0D0
10
-1299.135
20
-88.689
0
VERTEX
8
L0D0
10
-1301.899
20
-90.944
0
VERTEX
8
L0D0
10
-1304.612
20
-93.262
0
VERTEX
8
L0D0
10
-1307.273
20
-95.639
0
VERTEX
8
L0D0
10
-1309.879
20
-98.076
0
VERTEX
8
L0D0
10
-1312.43
20
-100.57
0
VERTEX
8
L0D0
10
-1314.924
20
-103.121
0
VERTEX
8
L0D0
10
-1317.361
20
-105.727
0
VERTEX
8
L0D0
10
-1319.738
20
-108.388
0
VERTEX
8
L0D0
10
-1322.056
20
-111.101
0
VERTEX
8
L0D0
10
-1324.311
20
-113.865
0
VERTEX
8
L0D0
10
-1326.504
20
-116.679
0
VERTEX
8
L0D0
10
-1328.634
20
-119.542
0
VERTEX
8
L0D0
10
-1330.698
20
-122.452
0
VERTEX
8
L0D0
10
-1332.697
20
-125.407
0
VERTEX
8
L0D0
10
-1334.629
20
-128.407
0
VERTEX
8
L0D0
10
-1336.493
20
-131.449
0
VERTEX
8
L0D0
10
-1338.289
20
-134.532
0
VERTEX
8
L0D0
10
-1340.015
20
-137.655
0
VERTEX
8
L0D0
10
-1341.67
20
-140.816
0
VERTEX
8
L0D0
10
-1343.254
20
-144.012
0
VERTEX
8
L0D0
10
-1344.766
20
-147.244
0
VERTEX
8
L0D0
10
-1346.205
20
-150.509
0
VERTEX
8
L0D0
10
-1347.57
20
-153.805
0
VERTEX
8
L0D0
10
-1348.861
20
-157.131
0
VERTEX
8
L0D0
10
-1350.077
20
-160.486
0
VERTEX
8
L0D0
10
-1351.218
20
-163.866
0
VERTEX
8
L0D0
10
-1352.282
20
-167.272
0
VERTEX
8
L0D0
10
-1353.27
20
-170.7
0
VERTEX
8
L0D0
10
-1354.181
20
-174.15
0
VERTEX
8
L0D0
10
-1355.014
20
-177.619
0
VERTEX
8
L0D0
10
-1355.768
20
-181.106
0
VERTEX
8
L0D0
10
-1356.445
20
-184.609
0
VERTEX
8
L0D0
10
-1357.042
20
-188.127
0
VERTEX
8
L0D0
10
-1357.561
20
-191.657
0
VERTEX
8
L0D0
10
-1358
20
-195.198
0
VERTEX
8
L0D0
10
-1358.36
20
-198.747
0
VERTEX
8
L0D0
10
-1358.64
20
-202.304
0
VERTEX
8
L0D0
10
-1358.84
20
-205.866
0
VERTEX
8
L0D0
10
-1358.96
20
-209.432
0
VERTEX
8
L0D0
10
-1359
20
-213
0
VERTEX
8
L0D0
10
-1359
20
-300
0
VERTEX
8
L0D0
10
-1371
20
-300
0
VERTEX
8
L0D0
10
-1371
20
-213
0
VERTEX
8
L0D0
10
-1370.96
20
-209.321
0
VERTEX
8
L0D0
10
-1370.842
20
-205.643
0
VERTEX
8
L0D0
10
-1370.644
20
-201.969
0
VERTEX
8
L0D0
10
-1370.367
20
-198.3
0
VERTEX
8
L0D0
10
-1370.011
20
-194.638
0
VERTEX
8
L0D0
10
-1369.577
20
-190.984
0
VERTEX
8
L0D0
10
-1369.064
20
-187.341
0
VERTEX
8
L0D0
10
-1368.473
20
-183.709
0
VERTEX
8
L0D0
10
-1367.803
20
-180.091
0
VERTEX
8
L0D0
10
-1367.056
20
-176.488
0
VERTEX
8
L0D0
10
-1366.232
20
-172.902
0
VERTEX
8
L0D0
10
-1365.331
20
-169.335
0
VERTEX
8
L0D0
10
-1364.353
20
-165.787
0
VERTEX
8
L0D0
10
-1363.299
20
-162.262
0
VERTEX
8
L0D0
10
-1362.17
20
-158.76
0
VERTEX
8
L0D0
10
-1360.965
20
-155.284
0
VERTEX
8
L0D0
10
-1359.686
20
-151.834
0
VERTEX
8
L0D0
10
-1358.333
20
-148.412
0
VERTEX
8
L0D0
10
-1356.907
20
-145.02
0
VERTEX
8
L0D0
10
-1355.408
20
-141.66
0
VERTEX
8
L0D0
10
-1353.837
20
-138.333
0
VERTEX
8
L0D0
10
-1352.195
20
-135.04
0
VERTEX
8
L0D0
10
-1350.482
20
-131.783
0
VERTEX
8
L0D0
10
-1348.7
20
-128.564
0
VERTEX
8
L0D0
10
-1346.849
20
-125.384
0
VERTEX
8
L0D0
10
-1344.929
20
-122.245
0
VERTEX
8
L0D0
10
-1342.943
20
-119.148
0
VERTEX
8
L0D0
10
-1340.891
20
-116.094
0
VERTEX
8
L0D0
10
-1338.773
20
-113.085
0
VERTEX
8
L0D0
10
-1336.591
20
-110.122
0
VERTEX
8
L0D0
10
-1334.346
20
-107.207
0
VERTEX
8
L0D0
10
-1332.039
20
-104.341
0
VERTEX
8
L0D0
10
-1329.67
20
-101.525
0
VERTEX
8
L0D0
10
-1327.242
20
-98.761
0
VERTEX
8
L0D0
10
-1324.754
20
-96.05
0
VERTEX
8
L0D0
10
-1322.209
20
-93.393
0
VERTEX
8
L0D0
10
-1319.607
20
-90.791
0
VERTEX
8
L0D0
10
-1316.95
20
-88.246
0
VERTEX
8
L0D0
10
-1314.239
20
-85.758
0
VERTEX
8
L0D0
10
-1311.475
20
-83.33
0
VERTEX
8
L0D0
10
-1308.659
20
-80.961
0
VERTEX
8
L0D0
10
-1305.793
20
-78.654
0
VERTEX
8
L0D0
10
-1302.878
20
-76.409
0
VERTEX
8
L0D0
10
-1299.915
20
-74.227
0
VERTEX
8
L0D0
10
-1296.906
20
-72.109
0
VERTEX
8
L0D0
10
-1293.852
20
-70.057
0
VERTEX
8
L0D0
10
-1290.755
20
-68.071
0
VERTEX
8
L0D0
10
-1287.616
20
-66.151
0
VERTEX
8
L0D0
10
-1284.436
20
-64.3
0
VERTEX
8
L0D0
10
-1281.217
20
-62.518
0
VERTEX
8
L0D0
10
-1277.96
20
-60.805
0
VERTEX
8
L0D0
10
-1274.667
20
-59.163
0
VERTEX
8
L0D0
10
-1271.34
20
-57.592
0
VERTEX
8
L0D0
10
-1267.98
20
-56.093
0
VERTEX
8
L0D0
10
-1264.588
20
-54.667
0
VERTEX
8
L0D0
10
-1261.166
20
-53.314
0
VERTEX
8
L0D0
10
-1257.716
20
-52.035
0
VERTEX
8
L0D0
10
-1254.24
20
-50.83
0
VERTEX
8
L0D0
10
-1250.738
20
-49.701
0
VERTEX
8
L0D0
10
-1247.213
20
-48.647
0
VERTEX
8
L0D0
10
-1243.665
20
-47.669
0
VERTEX
8
L0D0
10
-1240.098
20
-46.768
0
VERTEX
8
L0D0
10
-1236.512
20
-45.944
0
VERTEX
8
L0D0
10
-1232.909
20
-45.197
0
VERTEX
8
L0D0
10
-1229.291
20
-44.527
0
VERTEX
8
L0D0
10
-1225.659
20
-43.936
0
VERTEX
8
L0D0
10
-1222.016
20
-43.423
0
VERTEX
8
L0D0
10
-1218.362
20
-42.989
0
VERTEX
8
L0D0
10
-1214.7
20
-42.633
0
VERTEX
8
L0D0
10
-1211.031
20
-42.356
0
VERTEX
8
L0D0
10
-1207.357
20
-42.158
0
VERTEX
8
L0D0
10
-1203.679
20
-42.04
0
VERTEX
8
L0D0
10
-1200
20
-42
0
VERTEX
8
L0D0
10
-1000
20
-42
0
VERTEX
8
L0D0
10
-996.321
20
-42.04
0
VERTEX
8
L0D0
10
-992.643
20
-42.158
0
VERTEX
8
L0D0
10
-988.969
20
-42.356
0
VERTEX
8
L0D0
10
-985.3
20
-42.633
0
VERTEX
8
L0D0
10
-981.638
20
-42.989
0
VERTEX
8
L0D0
10
-977.984
20
-43.423
0
VERTEX
8
L0D0
10
-974.341
20
-43.936
0
VERTEX
8
L0D0
10
-970.709
20
-44.527
0
VERTEX
8
L0D0
10
-967.091
20
-45.197
0
VERTEX
8
L0D0
10
-963.488
20
-45.944
0
VERTEX
8
L0D0
10
-959.902
20
-46.768
0
VERTEX
8
L0D0
10
-956.335
20
-47.669
0
VERTEX
8
L0D0
10
-952.787
20
-48.647
0
VERTEX
8
L0D0
10
-949.262
20
-49.701
0
VERTEX
8
L0D0
10
-945.76
20
-50.83
0
VERTEX
8
L0D0
10
-942.284
20
-52.035
0
VERTEX
8
L0D0
10
-938.834
20
-53.314
0
VERTEX
8
L0D0
10
-935.412
20
-54.667
0
VERTEX
8
L0D0
10
-932.02
20
-56.093
0
VERTEX
8
L0D0
10
-928.66
20
-57.592
0
VERTEX
8
L0D0
10
-925.333
20
-59.163
0
VERTEX
8
L0D0
10
-922.04
20
-60.805
0
VERTEX
8
L0D0
10
-918.783
20
-62.518
0
VERTEX
8
L0D0
10
-915.564
20
-64.3
0
VERTEX
8
L0D0
10
-912.384
20
-66.151
0
VERTEX
8
L0D0
10
-909.245
20
-68.071
0
VERTEX
8
L0D0
10
-906.148
20
-70.057
0
VERTEX
8
L0D0
10
-903.094
20
-72.109
0
VERTEX
8
L0D0
10
-900.085
20
-74.227
0
VERTEX
8
L0D0
10
-897.122
20
-76.409
0
VERTEX
8
L0D0
10
-894.207
20
-78.654
0
VERTEX
8
L0D0
10
-891.341
20
-80.961
0
VERTEX
8
L0D0
10
-888.525
20
-83.33
0
VERTEX
8
L0D0
10
-885.761
20
-85.758
0
VERTEX
8
L0D0
10
-883.05
20
-88.246
0
VERTEX
8
L0D0
10
-880.393
20
-90.791
0
VERTEX
8
L0D0
10
-877.791
20
-93.393
0
VERTEX
8
L0D0
10
-875.246
20
-96.05
0
VERTEX
8
L0D0
10
-872.758
20
-98.761
0
VERTEX
8
L0D0
10
-870.33
20
-101.525
0
VERTEX
8
L0D0
10
-867.961
20
-104.341
0
VERTEX
8
L0D0
10
-865.654
20
-107.207
0
VERTEX
8
L0D0
10
-863.409
20
-110.122
0
VERTEX
8
L0D0
10
-861.227
20
-113.085
0
VERTEX
8
L0D0
10
-859.109
20
-116.094
0
VERTEX
8
L0D0
10
-857.057
20
-119.148
0
VERTEX
8
L0D0
10
-855.071
20
-122.245
0
VERTEX
8
L0D0
10
-853.151
20
-125.384
0
VERTEX
8
L0D0
10
-851.3
20
-128.564
0
VERTEX
8
L0D0
10
-849.518
20
-131.783
0
VERTEX
8
L0D0
10
-847.805
20
-135.04
0
VERTEX
8
L0D0
10
-846.163
20
-138.333
0
VERTEX
8
L0D0
10
-844.592
20
-141.66
0
VERTEX
8
L0D0
10
-843.093
20
-145.02
0
VERTEX
8
L0D0
10
-841.667
20
-148.412
0
VERTEX
8
L0D0
10
-840.314
20
-151.834
0
VERTEX
8
L0D0
10
-839.035
20
-155.284
0
VERTEX
8
L0D0
10
-837.83
20
-158.76
0
VERTEX
8
L0D0
10
-836.701
20
-162.262
0
VERTEX
8
L0D0
10
-835.647
20
-165.787
0
VERTEX
8
L0D0
10
-834.669
20
-169.335
0
VERTEX
8
L0D0
10
-833.768
20
-172.902
0
VERTEX
8
L0D0
10
-832.944
20
-176.488
0
VERTEX
8
L0D0
10
-832.197
20
-180.091
0
VERTEX
8
L0D0
10
-831.527
20
-183.709
0
VERTEX
8
L0D0
10
-830.936
20
-187.341
0
VERTEX
8
L0D0
10
-830.423
20
-190.984
0
VERTEX
8
L0D0
10
-829.989
20
-194.638
0
VERTEX
8
L0D0
10
-829.633
20
-198.3
0
VERTEX
8
L0D0
10
-829.356
20
-201.969
0
VERTEX
8
L0D0
10
-829.158
20
-205.643
0
VERTEX
8
L0D0
10
-829.04
20
-209.321
0
VERTEX
8
L0D0
10
-829
20
-213
0
VERTEX
8
L0D0
10
-829
20
-1450
0
SEQEND
0
POLYLINE
8
L0D0
70
1
40
0
41
0
66
1
0
VERTEX
8
L0D0
10
644
20
-206
0
VERTEX
8
L0D0
10
644
20
-201
0
VERTEX
8
L0D0
10
645
20
-201
0
VERTEX
8
L0D0
10
649
20
-201
0
VERTEX
8
L0D0
10
649
20
-205
0
VERTEX
8
L0D0
10
651
20
-205
0
VERTEX
8
L0D0
10
651
20
-201
0
VERTEX
8
L0D0
10
655
20
-201
0
VERTEX
8
L0D0
10
655
20
-199
0
VERTEX
8
L0D0
10
651
20
-199
0
VERTEX
8
L0D0
10
651
20
-195
0
VERTEX
8
L0D0
10
649
20
-195
0
VERTEX
8
L0D0
10
649
20
-199
0
VERTEX
8
L0D0
10
645
20
-199
0
VERTEX
8
L0D0
10
645
20
-201
0
VERTEX
8
L0D0
10
644
20
-201
0
VERTEX
8
L0D0
10
644
20
-194
0
VERTEX
8
L0D0
10
656
20
-194
0
VERTEX
8
L0D0
10
656
20
-206
0
SEQEND
0
POLYLINE
8
L0D0
70
1
40
0
41
0
66
1
0
VERTEX
8
L0D0
10
620.8
20
-229.2
0
VERTEX
8
L0D0
10
620.8
20
-225.7
0
VERTEX
8
L0D0
10
621.5
20
-225.7
0
VERTEX
8
L0D0
10
624.3
20
-225.7
0
VERTEX
8
L0D0
10
624.3
20
-228.5
0
VERTEX
8
L0D0
10
625.7
20
-228.5
0
VERTEX
8
L0D0
10
625.7
20
-225.7
0
VERTEX
8
L0D0
10
628.5
20
-225.7
0
VERTEX
8
L0D0
10
628.5
20
-224.3
0
VERTEX
8
L0D0
10
625.7
20
-224.3
0
VERTEX
8
L0D0
10
625.7
20
-221.5
0
VERTEX
8
L0D0
10
624.3
20
-221.5
0
VERTEX
8
L0D0
10
624.3
20
-224.3
0
VERTEX
8
L0D0
10
621.5
20
-224.3
0
VERTEX
8
L0D0
10
621.5
20
-225.7
0
VERTEX
8
L0D0
10
620.8
20
-225.7
0
VERTEX
8
L0D0
10
620.8
20
-220.8
0
VERTEX
8
L0D0
10
629.2
20
-220.8
0
VERTEX
8
L0D0
10
629.2
20
-229.2
0
SEQEND
0
POLYLINE
8
L0D0
70
1
40
0
41
0
66
1
0
VERTEX
8
L0D0
10
582
20
-268
0
VERTEX
8
L0D0
10
582
20
-265.5
0
VERTEX
8
L0D0
10
582.5
20
-265.5
0
VERTEX
8
L0D0
10
584.5
20
-265.5
0
VERTEX
8
L0D0
10
584.5
20
-267.5
0
VERTEX
8
L0D0
10
585.5
20
-267.5
0
VERTEX
8
L0D0
10
585.5
20
-265.5
0
VERTEX
8
L0D0
10
587.5
20
-265.5
0
VERTEX
8
L0D0
10
587.5
20
-264.5
0
VERTEX
8
L0D0
10
585.5
20
-264.5
0
VERTEX
8
L0D0
10
585.5
20
-262.5
0
VERTEX
8
L0D0
10
584.5
20
-262.5
0
VERTEX
8
L0D0
10
584.5
20
-264.5
0
VERTEX
8
L0D0
10
582.5
20
-264.5
0
VERTEX
8
L0D0
10
582.5
20
-265.5
0
VERTEX
8
L0D0
10
582
20
-265.5
0
VERTEX
8
L0D0
10
582
20
-262
0
VERTEX
8
L0D0
10
588
20
-262
0
VERTEX
8
L0D0
10
588
20
-268
0
SEQEND
0
POLYLINE
8
L0D0
70
1
40
0
41
0
66
1
0
VERTEX
8
L0D0
10
582
20
-338
0
VERTEX
8
L0D0
10
582
20
-335.5
0
VERTEX
8
L0D0
10
582.5
20
-335.5
0
VERTEX
8
L0D0
10
584.5
20
-335.5
0
VERTEX
8
L0D0
10
584.5
20
-337.5
0
VERTEX
8
L0D0
10
585.5
20
-337.5
0
VERTEX
8
L0D0
10
585.5
20
-335.5
0
VERTEX
8
L0D0
10
587.5
20
-335.5
0
VERTEX
8
L0D0
10
587.5
20
-334.5
0
VERTEX
8
L0D0
10
585.5
20
-334.5
0
VERTEX
8
L0D0
10
585.5
20
-332.5
0
VERTEX
8
L0D0
10
584.5
20
-332.5
0
VERTEX
8
L0D0
10
584.5
20
-334.5
0
VERTEX
8
L0D0
10
582.5
20
-334.5
0
VERTEX
8
L0D0
10
582.5
20
-335.5
0
VERTEX
8
L0D0
10
582
20
-335.5
0
VERTEX
8
L0D0
10
582
20
-332
0
VERTEX
8
L0D0
10
588
20
-332
0
VERTEX
8
L0D0
10
588
20
-338
0
SEQEND
0
POLYLINE
8
L0D0
70
1
40
0
41
0
66
1
0
VERTEX
8
L0D0
10
620.8
20
-379.2
0
VERTEX
8
L0D0
10
620.8
20
-375.7
0
VERTEX
8
L0D0
10
621.5
20
-375.7
0
VERTEX
8
L0D0
10
624.3
20
-375.7
0
VERTEX
8
L0D0
10
624.3
20
-378.5
0
VERTEX
8
L0D0
10
625.7
20
-378.5
0
VERTEX
8
L0D0
10
625.7
20
-375.7
0
VERTEX
8
L0D0
10
628.5
20
-375.7
0
VERTEX
8
L0D0
10
628.5
20
-374.3
0
VERTEX
8
L0D0
10
625.7
20
-374.3
0
VERTEX
8
L0D0
10
625.7
20
-371.5
0
VERTEX
8
L0D0
10
624.3
20
-371.5
0
VERTEX
8
L0D0
10
624.3
20
-374.3
0
VERTEX
8
L0D0
10
621.5
20
-374.3
0
VERTEX
8
L0D0
10
621.5
20
-375.7
0
VERTEX
8
L0D0
10
620.8
20
-375.7
0
VERTEX
8
L0D0
10
620.8
20
-370.8
0
VERTEX
8
L0D0
10
629.2
20
-370.8
0
VERTEX
8
L0D0
10
629.2
20
-379.2
0
SEQEND
0
POLYLINE
8
L0D0
70
1
40
0
41
0
66
1
0
VERTEX
8
L0D0
10
644
20
-406
0
VERTEX
8
L0D0
10
644
20
-401
0
VERTEX
8
L0D0
10
645
20
-401
0
VERTEX
8
L0D0
10
649
20
-401
0
VERTEX
8
L0D0
10
649
20
-405
0
VERTEX
8
L0D0
10
651
20
-405
0
VERTEX
8
L0D0
10
651
20
-401
0
VERTEX
8
L0D0
10
655
20
-401
0
VERTEX
8
L0D0
10
655
20
-399
0
VERTEX
8
L0D0
10
651
20
-399
0
VERTEX
8
L0D0
10
651
20
-395
0
VERTEX
8
L0D0
10
649
20
-395
0
VERTEX
8
L0D0
10
649
20
-399
0
VERTEX
8
L0D0
10
645
20
-399
0
VERTEX
8
L0D0
10
645
20
-401
0
VERTEX
8
L0D0
10
644
20
-401
0
VERTEX
8
L0D0
10
644
20
-394
0
VERTEX
8
L0D0
10
656
20
-394
0
VERTEX
8
L0D0
10
656
20
-406
0
SEQEND
0
POLYLINE
8
L0D0
70
1
40
0
41
0
66
1
0
VERTEX
8
L0D0
10
-2150
20
-571.111
0
VERTEX
8
L0D0
10
-2150
20
-470
0
VERTEX
8
L0D0
10
-2135.556
20
-470
0
VERTEX
8
L0D0
10
-2135.556
20
-484.444
0
VERTEX
8
L0D0
10
-2121.111
20
-484.444
0
VERTEX
8
L0D0
10
-2121.111
20
-498.889
0
VERTEX
8
L0D0
10
-2135.556
20
-498.889
0
VERTEX
8
L0D0
10
-2135.556
20
-571.111
0
SEQEND
0
POLYLINE
8
L0D0
70
1
40
0
41
0
66
1
0
VERTEX
8
L0D0
10
-1875.556
20
-571.111
0
VERTEX
8
L0D0
10
-1875.556
20
-542.222
0
VERTEX
8
L0D0
10
-1918.889
20
-542.222
0
VERTEX
8
L0D0
10
-1918.889
20
-513.333
0
VERTEX
8
L0D0
10
-1904.444
20
-513.333
0
VERTEX
8
L0D0
10
-1904.444
20
-527.778
0
VERTEX
8
L0D0
10
-1875.556
20
-527.778
0
VERTEX
8
L0D0
10
-1875.556
20
-484.444
0
VERTEX
8
L0D0
10
-1890
20
-484.444
0
VERTEX
8
L0D0
10
-1890
20
-470
0
VERTEX
8
L0D0
10
-1861.111
20
-470
0
VERTEX
8
L0D0
10
-1861.111
20
-527.778
0
VERTEX
8
L0D0
10
-1846.667
20
-527.778
0
VERTEX
8
L0D0
10
-1846.667
20
-542.222
0
VERTEX
8
L0D0
10
-1861.111
20
-542.222
0
VERTEX
8
L0D0
10
-1861.111
20
-571.111
0
SEQEND
0
POLYLINE
8
L0D0
70
1
40
0
41
0
66
1
0
VERTEX
8
L0D0
10
-2092.222
20
-571.111
0
VERTEX
8
L0D0
10
-2092.222
20
-542.222
0
VERTEX
8
L0D0
10
-2106.667
20
-542.222
0
VERTEX
8
L0D0
10
-2106.667
20
-527.778
0
VERTEX
8
L0D0
10
-2121.111
20
-527.778
0
VERTEX
8
L0D0
10
-2121.111
20
-498.889
0
VERTEX
8
L0D0
10
-2106.667
20
-498.889
0
VERTEX
8
L0D0
10
-2106.667
20
-527.778
0
VERTEX
8
L0D0
10
-2092.222
20
-527.778
0
VERTEX
8
L0D0
10
-2092.222
20
-470
0
VERTEX
8
L0D0
10
-2077.778
20
-470
0
VERTEX
8
L0D0
10
-2077.778
20
-571.111
0
SEQEND
0
POLYLINE
8
L0D0
70
1
40
0
41
0
66
1
0
VERTEX
8
L0D0
10
-2020
20
-571.111
0
VERTEX
8
L0D0
10
-2020
20
-556.667
0
VERTEX
8
L0D0
10
-2005.556
20
-556.667
0
VERTEX
8
L0D0
10
-2005.556
20
-498.889
0
VERTEX
8
L0D0
10
-2020
20
-498.889
0
VERTEX
8
L0D0
10
-2020
20
-484.444
0
VERTEX
8
L0D0
10
-2005.556
20
-484.444
0
VERTEX
8
L0D0
10
-2005.556
20
-470
0
VERTEX
8
L0D0
10
-1991.111
20
-470
0
VERTEX
8
L0D0
10
-1991.111
20
-556.667
0
VERTEX
8
L0D0
10
-1976.667
20
-556.667
0
VERTEX
8
L0D0
10
-1976.667
20
-571.111
0
SEQEND
0
POLYLINE
8
L0D0
70
1
40
0
41
0
66
1
0
VERTEX
8
L0D0
10
-1630
20
-556.667
0
VERTEX
8
L0D0
10
-1630
20
-527.778
0
VERTEX
8
L0D0
10
-1673.333
20
-527.778
0
VERTEX
8
L0D0
10
-1673.333
20
-513.333
0
VERTEX
8
L0D0
10
-1687.778
20
-513.333
0
VERTEX
8
L0D0
10
-1687.778
20
-484.444
0
VERTEX
8
L0D0
10
-1673.333
20
-484.444
0
VERTEX
8
L0D0
10
-1673.333
20
-513.333
0
VERTEX
8
L0D0
10
-1630
20
-513.333
0
VERTEX
8
L0D0
10
-1630
20
-484.444
0
VERTEX
8
L0D0
10
-1615.556
20
-484.444
0
VERTEX
8
L0D0
10
-1615.556
20
-556.667
0
SEQEND
0
POLYLINE
8
L0D0
70
1
40
0
41
0
66
1
0
VERTEX
8
L0D0
10
-2060
20
1940
0
VERTEX
8
L0D0
10
-2060
20
1990
0
VERTEX
8
L0D0
10
-2050
20
1990
0
VERTEX
8
L0D0
10
-2010
20
1990
0
VERTEX
8
L0D0
10
-2010
20
1950
0
VERTEX
8
L0D0
10
-1990
20
1950
0
VERTEX
8
L0D0
10
-1990
20
1990
0
VERTEX
8
L0D0
10
-1950
20
1990
0
VERTEX
8
L0D0
10
-1950
20
2010
0
VERTEX
8
L0D0
10
-1990
20
2010
0
VERTEX
8
L0D0
10
-1990
20
2050
0
VERTEX
8
L0D0
10
-2010
20
2050
0
VERTEX
8
L0D0
10
-2010
20
2010
0
VERTEX
8
L0D0
10
-2050
20
2010
0
VERTEX
8
L0D0
10
-2050
20
1990
0
VERTEX
8
L0D0
10
-2060
20
1990
0
VERTEX
8
L0D0
10
-2060
20
2060
0
VERTEX
8
L0D0
10
-1940
20
2060
0
VERTEX
8
L0D0
10
-1940
20
1940
0
SEQEND
0
POLYLINE
8
L0D0
70
1
40
0
41
0
66
1
0
VERTEX
8
L0D0
10
1940
20
1940
0
VERTEX
8
L0D0
10
1940
20
1990
0
VERTEX
8
L0D0
10
1950
20
1990
0
VERTEX
8
L0D0
10
1990
20
1990
0
VERTEX
8
L0D0
10
1990
20
1950
0
VERTEX
8
L0D0
10
2010
20
1950
0
VERTEX
8
L0D0
10
2010
20
1990
0
VERTEX
8
L0D0
10
2050
20
1990
0
VERTEX
8
L0D0
10
2050
20
2010
0
VERTEX
8
L0D0
10
2010
20
2010
0
VERTEX
8
L0D0
10
2010
20
2050
0
VERTEX
8
L0D0
10
1990
20
2050
0
VERTEX
8
L0D0
10
1990
20
2010
0
VERTEX
8
L0D0
10
1950
20
2010
0
VERTEX
8
L0D0
10
1950
20
1990
0
VERTEX
8
L0D0
10
1940
20
1990
0
VERTEX
8
L0D0
10
1940
20
2060
0
VERTEX
8
L0D0
10
2060
20
2060
0
VERTEX
8
L0D0
10
2060
20
1940
0
SEQEND
0
POLYLINE
8
L0D0
70
1
40
0
41
0
66
1
0
VERTEX
8
L0D0
10
-400
20
42
0
VERTEX
8
L0D0
10
-403.679
20
42.04
0
VERTEX
8
L0D0
10
-407.357
20
42.158
0
VERTEX
8
L0D0
10
-411.031
20
42.356
0
VERTEX
8
L0D0
10
-414.7
20
42.633
0
VERTEX
8
L0D0
10
-418.362
20
42.989
0
VERTEX
8
L0D0
10
-422.016
20
43.423
0
VERTEX
8
L0D0
10
-425.659
20
43.936
0
VERTEX
8
L0D0
10
-429.291
20
44.527
0
VERTEX
8
L0D0
10
-432.909
20
45.197
0
VERTEX
8
L0D0
10
-436.512
20
45.944
0
VERTEX
8
L0D0
10
-440.098
20
46.768
0
VERTEX
8
L0D0
10
-443.665
20
47.669
0
VERTEX
8
L0D0
10
-447.213
20
48.647
0
VERTEX
8
L0D0
10
-450.738
20
49.701
0
VERTEX
8
L0D0
10
-454.24
20
50.83
0
VERTEX
8
L0D0
10
-457.716
20
52.035
0
VERTEX
8
L0D0
10
-461.166
20
53.314
0
VERTEX
8
L0D0
10
-464.588
20
54.667
0
VERTEX
8
L0D0
10
-467.98
20
56.093
0
VERTEX
8
L0D0
10
-471.34
20
57.592
0
VERTEX
8
L0D0
10
-474.667
20
59.163
0
VERTEX
8
L0D0
10
-477.96
20
60.805
0
VERTEX
8
L0D0
10
-481.217
20
62.518
0
VERTEX
8
L0D0
10
-484.436
20
64.3
0
VERTEX
8
L0D0
10
-487.616
20
66.151
0
VERTEX
8
L0D0
10
-490.755
20
68.071
0
VERTEX
8
L0D0
10
-493.852
20
70.057
0
VERTEX
8
L0D0
10
-496.906
20
72.109
0
VERTEX
8
L0D0
10
-499.915
20
74.227
0
VERTEX
8
L0D0
10
-502.878
20
76.409
0
VERTEX
8
L0D0
10
-505.793
20
78.654
0
VERTEX
8
L0D0
10
-508.659
20
80.961
0
VERTEX
8
L0D0
10
-511.475
20
83.33
0
VERTEX
8
L0D0
10
-514.239
20
85.758
0
VERTEX
8
L0D0
10
-516.95
20
88.246
0
VERTEX
8
L0D0
10
-519.607
20
90.791
0
VERTEX
8
L0D0
10
-522.209
20
93.393
0
VERTEX
8
L0D0
10
-524.754
20
96.05
0
VERTEX
8
L0D0
10
-527.242
20
98.761
0
VERTEX
8
L0D0
10
-529.67
20
101.525
0
VERTEX
8
L0D0
10
-532.039
20
104.341
0
VERTEX
8
L0D0
10
-534.346
20
107.207
0
VERTEX
8
L0D0
10
-536.591
20
110.122
0
VERTEX
8
L0D0
10
-538.773
20
113.085
0
VERTEX
8
L0D0
10
-540.891
20
116.094
0
VERTEX
8
L0D0
10
-542.943
20
119.148
0
VERTEX
8
L0D0
10
-544.929
20
122.245
0
VERTEX
8
L0D0
10
-546.849
20
125.384
0
VERTEX
8
L0D0
10
-548.7
20
128.564
0
VERTEX
8
L0D0
10
-550.482
20
131.783
0
VERTEX
8
L0D0
10
-552.195
20
135.04
0
VERTEX
8
L0D0
10
-553.837
20
138.333
0
VERTEX
8
L0D0
10
-555.408
20
141.66
0
VERTEX
8
L0D0
10
-556.907
20
145.02
0
VERTEX
8
L0D0
10
-558.333
20
148.412
0
VERTEX
8
L0D0
10
-559.686
20
151.834
0
VERTEX
8
L0D0
10
-560.965
20
155.284
0
VERTEX
8
L0D0
10
-562.17
20
158.76
0
VERTEX
8
L0D0
10
-563.299
20
162.262
0
VERTEX
8
L0D0
10
-564.353
20
165.787
0
VERTEX
8
L0D0
10
-565.331
20
169.335
0
VERTEX
8
L0D0
10
-566.232
20
172.902
0
VERTEX
8
L0D0
10
-567.056
20
176.488
0
VERTEX
8
L0D0
10
-567.803
20
180.091
0
VERTEX
8
L0D0
10
-568.473
20
183.709
0
VERTEX
8
L0D0
10
-569.064
20
187.341
0
VERTEX
8
L0D0
10
-569.577
20
190.984
0
VERTEX
8
L0D0
10
-570.011
20
194.638
0
VERTEX
8
L0D0
10
-570.367
20
198.3
0
VERTEX
8
L0D0
10
-570.644
20
201.969
0
VERTEX
8
L0D0
10
-570.842
20
205.643
0
VERTEX
8
L0D0
10
-570.96
20
209.321
0
VERTEX
8
L0D0
10
-571
20
213
0
VERTEX
8
L0D0
10
-571
20
305
0
VERTEX
8
L0D0
10
-556.6
20
305
0
VERTEX
8
L0D0
10
-556.6
20
320
0
VERTEX
8
L0D0
10
-553.4
20
320
0
VERTEX
8
L0D0
10
-553.4
20
420
0
VERTEX
8
L0D0
10
-553.44
20
422.816
0
VERTEX
8
L0D0
10
-553.561
20
425.629
0
VERTEX
8
L0D0
10
-553.762
20
428.438
0
VERTEX
8
L0D0
10
-554.043
20
431.24
0
VERTEX
8
L0D0
10
-554.404
20
434.032
0
VERTEX
8
L0D0
10
-554.844
20
436.813
0
VERTEX
8
L0D0
10
-555.364
20
439.581
0
VERTEX
8
L0D0
10
-555.962
20
442.333
0
VERTEX
8
L0D0
10
-556.639
20
445.066
0
VERTEX
8
L0D0
10
-557.394
20
447.779
0
VERTEX
8
L0D0
10
-558.226
20
450.469
0
VERTEX
8
L0D0
10
-559.134
20
453.134
0
VERTEX
8
L0D0
10
-560.118
20
455.773
0
VERTEX
8
L0D0
10
-561.177
20
458.382
0
VERTEX
8
L0D0
10
-562.31
20
460.96
0
VERTEX
8
L0D0
10
-563.517
20
463.504
0
VERTEX
8
L0D0
10
-564.795
20
466.013
0
VERTEX
8
L0D0
10
-566.144
20
468.485
0
VERTEX
8
L0D0
10
-567.564
20
470.917
0
VERTEX
8
L0D0
10
-569.052
20
473.307
0
VERTEX
8
L0D0
10
-570.608
20
475.654
0
VERTEX
8
L0D0
10
-572.231
20
477.956
0
VERTEX
8
L0D0
10
-573.918
20
480.21
0
VERTEX
8
L0D0
10
-575.67
20
482.415
0
VERTEX
8
L0D0
10
-577.483
20
484.569
0
VERTEX
8
L0D0
10
-579.357
20
486.671
0
VERTEX
8
L0D0
10
-581.291
20
488.718
0
VERTEX
8
L0D0
10
-583.282
20
490.709
0
VERTEX
8
L0D0
10
-585.329
20
492.643
0
VERTEX
8
L0D0
10
-587.431
20
494.517
0
VERTEX
8
L0D0
10
-589.585
20
496.33
0
VERTEX
8
L0D0
10
-591.79
20
498.082
0
VERTEX
8
L0D0
10
-594.044
20
499.769
0
VERTEX
8
L0D0
10
-596.346
20
501.392
0
VERTEX
8
L0D0
10
-598.693
20
502.948
0
VERTEX
8
L0D0
10
-601.083
20
504.436
0
VERTEX
8
L0D0
10
-603.515
20
505.856
0
VERTEX
8
L0D0
10
-605.987
20
507.205
0
VERTEX
8
L0D0
10
-608.496
20
508.483
0
VERTEX
8
L0D0
10
-611.04
20
509.69
0
VERTEX
8
L0D0
10
-613.618
20
510.823
0
VERTEX
8
L0D0
10
-616.227
20
511.882
0
VERTEX
8
L0D0
10
-618.866
20
512.866
0
VERTEX
8
L0D0
10
-621.531
20
513.774
0
VERTEX
8
L0D0
10
-624.221
20
514.606
0
VERTEX
8
L0D0
10
-626.934
20
515.361
0
VERTEX
8
L0D0
10
-629.667
20
516.038
0
VERTEX
8
L0D0
10
-632.419
20
516.636
0
VERTEX
8
L0D0
10
-635.187
20
517.156
0
VERTEX
8
L0D0
10
-637.968
20
517.596
0
VERTEX
8
L0D0
10
-640.76
20
517.957
0
VERTEX
8
L0D0
10
-643.562
20
518.238
0
VERTEX
8
L0D0
10
-646.371
20
518.439
0
VERTEX
8
L0D0
10
-649.184
20
518.56
0
VERTEX
8
L0D0
10
-652
20
518.6
0
VERTEX
8
L0D0
10
-1152
20
518.6
0
VERTEX
8
L0D0
10
-1152
20
290
0
VERTEX
8
L0D0
10
-1155.6
20
290
0
VERTEX
8
L0D0
10
-1155.6
20
518.2
0
VERTEX
8
L0D0
10
-1156.8
20
518.2
0
VERTEX
8
L0D0
10
-1156.8
20
290
0
VERTEX
8
L0D0
10
-1160.4
20
290
0
VERTEX
8
L0D0
10
-1160.4
20
518.2
0
VERTEX
8
L0D0
10
-1161.6
20
518.2
0
VERTEX
8
L0D0
10
-1161.6
20
290
0
VERTEX
8
L0D0
10
-1165.2
20
290
0
VERTEX
8
L0D0
10
-1165.2
20
518.2
0
VERTEX
8
L0D0
10
-1166.4
20
518.2
0
VERTEX
8
L0D0
10
-1166.4
20
290
0
VERTEX
8
L0D0
10
-1170
20
290
0
VERTEX
8
L0D0
10
-1170
20
518.2
0
VERTEX
8
L0D0
10
-1171.2
20
518.2
0
VERTEX
8
L0D0
10
-1171.2
20
290
0
VERTEX
8
L0D0
10
-1174.8
20
290
0
VERTEX
8
L0D0
10
-1174.8
20
518.2
0
VERTEX
8
L0D0
10
-1176
20
518.2
0
VERTEX
8
L0D0
10
-1176
20
290
0
VERTEX
8
L0D0
10
-1179.6
20
290
0
VERTEX
8
L0D0
10
-1179.6
20
518.2
0
VERTEX
8
L0D0
10
-1180.8
20
518.2
0
VERTEX
8
L0D0
10
-1180.8
20
290
0
VERTEX
8
L0D0
10
-1184.4
20
290
0
VERTEX
8
L0D0
10
-1184.4
20
518.2
0
VERTEX
8
L0D0
10
-1185.6
20
518.2
0
VERTEX
8
L0D0
10
-1185.6
20
290
0
VERTEX
8
L0D0
10
-1189.2
20
290
0
VERTEX
8
L0D0
10
-1189.2
20
518.2
0
VERTEX
8
L0D0
10
-1190.4
20
518.2
0
VERTEX
8
L0D0
10
-1190.4
20
290
0
VERTEX
8
L0D0
10
-1194
20
290
0
VERTEX
8
L0D0
10
-1194
20
518.2
0
VERTEX
8
L0D0
10
-1195.2
20
518.2
0
VERTEX
8
L0D0
10
-1195.2
20
290
0
VERTEX
8
L0D0
10
-1198.8
20
290
0
VERTEX
8
L0D0
10
-1198.8
20
518.2
0
VERTEX
8
L0D0
10
-1200
20
518.2
0
VERTEX
8
L0D0
10
-1200
20
290
0
VERTEX
8
L0D0
10
-1203.6
20
290
0
VERTEX
8
L0D0
10
-1203.6
20
518.2
0
VERTEX
8
L0D0
10
-1204.8
20
518.2
0
VERTEX
8
L0D0
10
-1204.8
20
290
0
VERTEX
8
L0D0
10
-1208.4
20
290
0
VERTEX
8
L0D0
10
-1208.4
20
518.2
0
VERTEX
8
L0D0
10
-1209.6
20
518.2
0
VERTEX
8
L0D0
10
-1209.6
20
290
0
VERTEX
8
L0D0
10
-1213.2
20
290
0
VERTEX
8
L0D0
10
-1213.2
20
518.2
0
VERTEX
8
L0D0
10
-1214.4
20
518.2
0
VERTEX
8
L0D0
10
-1214.4
20
290
0
VERTEX
8
L0D0
10
-1218
20
290
0
VERTEX
8
L0D0
10
-1218
20
518.2
0
VERTEX
8
L0D0
10
-1219.2
20
518.2
0
VERTEX
8
L0D0
10
-1219.2
20
290
0
VERTEX
8
L0D0
10
-1222.8
20
290
0
VERTEX
8
L0D0
10
-1222.8
20
518.2
0
VERTEX
8
L0D0
10
-1224
20
518.2
0
VERTEX
8
L0D0
10
-1224
20
290
0
VERTEX
8
L0D0
10
-1227.6
20
290
0
VERTEX
8
L0D0
10
-1227.6
20
518.2
0
VERTEX
8
L0D0
10
-1228.8
20
518.2
0
VERTEX
8
L0D0
10
-1228.8
20
290
0
VERTEX
8
L0D0
10
-1232.4
20
290
0
VERTEX
8
L0D0
10
-1232.4
20
518.2
0
VERTEX
8
L0D0
10
-1233.6
20
518.2
0
VERTEX
8
L0D0
10
-1233.6
20
290
0
VERTEX
8
L0D0
10
-1237.2
20
290
0
VERTEX
8
L0D0
10
-1237.2
20
518.2
0
VERTEX
8
L0D0
10
-1238.4
20
518.2
0
VERTEX
8
L0D0
10
-1238.4
20
290
0
VERTEX
8
L0D0
10
-1242
20
290
0
VERTEX
8
L0D0
10
-1242
20
518.2
0
VERTEX
8
L0D0
10
-1243.2
20
518.2
0
VERTEX
8
L0D0
10
-1243.2
20
290
0
VERTEX
8
L0D0
10
-1246.8
20
290
0
VERTEX
8
L0D0
10
-1246.8
20
518.2
0
VERTEX
8
L0D0
10
-1248
20
518.2
0
VERTEX
8
L0D0
10
-1248
20
290
0
VERTEX
8
L0D0
10
-1251.6
20
290
0
VERTEX
8
L0D0
10
-1251.6
20
518.2
0
VERTEX
8
L0D0
10
-1252.8
20
518.2
0
VERTEX
8
L0D0
10
-1252.8
20
290
0
VERTEX
8
L0D0
10
-1256.4
20
290
0
VERTEX
8
L0D0
10
-1256.4
20
518.2
0
VERTEX
8
L0D0
10
-1257.6
20
518.2
0
VERTEX
8
L0D0
10
-1257.6
20
290
0
VERTEX
8
L0D0
10
-1261.2
20
290
0
VERTEX
8
L0D0
10
-1261.2
20
518.2
0
VERTEX
8
L0D0
10
-1262.4
20
518.2
0
VERTEX
8
L0D0
10
-1262.4
20
290
0
VERTEX
8
L0D0
10
-1266
20
290
0
VERTEX
8
L0D0
10
-1266
20
518.2
0
VERTEX
8
L0D0
10
-1267.2
20
518.2
0
VERTEX
8
L0D0
10
-1267.2
20
290
0
VERTEX
8
L0D0
10
-1270.8
20
290
0
VERTEX
8
L0D0
10
-1270.8
20
518.2
0
VERTEX
8
L0D0
10
-1272
20
518.2
0
VERTEX
8
L0D0
10
-1272
20
290
0
VERTEX
8
L0D0
10
-1275.6
20
290
0
VERTEX
8
L0D0
10
-1275.6
20
518.2
0
VERTEX
8
L0D0
10
-1276.8
20
518.2
0
VERTEX
8
L0D0
10
-1276.8
20
290
0
VERTEX
8
L0D0
10
-1280.4
20
290
0
VERTEX
8
L0D0
10
-1280.4
20
518.2
0
VERTEX
8
L0D0
10
-1281.6
20
518.2
0
VERTEX
8
L0D0
10
-1281.6
20
290
0
VERTEX
8
L0D0
10
-1285.2
20
290
0
VERTEX
8
L0D0
10
-1285.2
20
518.2
0
VERTEX
8
L0D0
10
-1286.4
20
518.2
0
VERTEX
8
L0D0
10
-1286.4
20
290
0
VERTEX
8
L0D0
10
-1290
20
290
0
VERTEX
8
L0D0
10
-1290
20
518.2
0
VERTEX
8
L0D0
10
-1291.2
20
518.2
0
VERTEX
8
L0D0
10
-1291.2
20
290
0
VERTEX
8
L0D0
10
-1294.8
20
290
0
VERTEX
8
L0D0
10
-1294.8
20
518.2
0
VERTEX
8
L0D0
10
-1296
20
518.2
0
VERTEX
8
L0D0
10
-1296
20
290
0
VERTEX
8
L0D0
10
-1299.6
20
290
0
VERTEX
8
L0D0
10
-1299.6
20
518.2
0
VERTEX
8
L0D0
10
-1300.8
20
518.2
0
VERTEX
8
L0D0
10
-1300.8
20
290
0
VERTEX
8
L0D0
10
-1303.2
20
290
0
VERTEX
8
L0D0
10
-1303.2
20
288.8
0
VERTEX
8
L0D0
10
-1502.4
20
288.8
0
VERTEX
8
L0D0
10
-1502.4
20
290
0
VERTEX
8
L0D0
10
-1506
20
290
0
VERTEX
8
L0D0
10
-1506
20
518.2
0
VERTEX
8
L0D0
10
-1507.2
20
518.2
0
VERTEX
8
L0D0
10
-1507.2
20
290
0
VERTEX
8
L0D0
10
-1510.8
20
290
0
VERTEX
8
L0D0
10
-1510.8
20
518.2
0
VERTEX
8
L0D0
10
-1512
20
518.2
0
VERTEX
8
L0D0
10
-1512
20
290
0
VERTEX
8
L0D0
10
-1515.6
20
290
0
VERTEX
8
L0D0
10
-1515.6
20
518.2
0
VERTEX
8
L0D0
10
-1516.8
20
518.2
0
VERTEX
8
L0D0
10
-1516.8
20
290
0
VERTEX
8
L0D0
10
-1520.4
20
290
0
VERTEX
8
L0D0
10
-1520.4
20
518.2
0
VERTEX
8
L0D0
10
-1521.6
20
518.2
0
VERTEX
8
L0D0
10
-1521.6
20
290
0
VERTEX
8
L0D0
10
-1525.2
20
290
0
VERTEX
8
L0D0
10
-1525.2
20
518.2
0
VERTEX
8
L0D0
10
-1526.4
20
518.2
0
VERTEX
8
L0D0
10
-1526.4
20
290
0
VERTEX
8
L0D0
10
-1530
20
290
0
VERTEX
8
L0D0
10
-1530
20
518.2
0
VERTEX
8
L0D0
10
-1531.2
20
518.2
0
VERTEX
8
L0D0
10
-1531.2
20
290
0
VERTEX
8
L0D0
10
-1534.8
20
290
0
VERTEX
8
L0D0
10
-1534.8
20
518.2
0
VERTEX
8
L0D0
10
-1536
20
518.2
0
VERTEX
8
L0D0
10
-1536
20
290
0
VERTEX
8
L0D0
10
-1539.6
20
290
0
VERTEX
8
L0D0
10
-1539.6
20
518.2
0
VERTEX
8
L0D0
10
-1540.8
20
518.2
0
VERTEX
8
L0D0
10
-1540.8
20
290
0
VERTEX
8
L0D0
10
-1544.4
20
290
0
VERTEX
8
L0D0
10
-1544.4
20
518.2
0
VERTEX
8
L0D0
10
-1545.6
20
518.2
0
VERTEX
8
L0D0
10
-1545.6
20
290
0
VERTEX
8
L0D0
10
-1549.2
20
290
0
VERTEX
8
L0D0
10
-1549.2
20
518.2
0
VERTEX
8
L0D0
10
-1550.4
20
518.2
0
VERTEX
8
L0D0
10
-1550.4
20
290
0
VERTEX
8
L0D0
10
-1554
20
290
0
VERTEX
8
L0D0
10
-1554
20
518.2
0
VERTEX
8
L0D0
10
-1555.2
20
518.2
0
VERTEX
8
L0D0
10
-1555.2
20
290
0
VERTEX
8
L0D0
10
-1558.8
20
290
0
VERTEX
8
L0D0
10
-1558.8
20
518.2
0
VERTEX
8
L0D0
10
-1560
20
518.2
0
VERTEX
8
L0D0
10
-1560
20
290
0
VERTEX
8
L0D0
10
-1563.6
20
290
0
VERTEX
8
L0D0
10
-1563.6
20
518.2
0
VERTEX
8
L0D0
10
-1564.8
20
518.2
0
VERTEX
8
L0D0
10
-1564.8
20
290
0
VERTEX
8
L0D0
10
-1568.4
20
290
0
VERTEX
8
L0D0
10
-1568.4
20
518.2
0
VERTEX
8
L0D0
10
-1569.6
20
518.2
0
VERTEX
8
L0D0
10
-1569.6
20
290
0
VERTEX
8
L0D0
10
-1573.2
20
290
0
VERTEX
8
L0D0
10
-1573.2
20
518.2
0
VERTEX
8
L0D0
10
-1574.4
20
518.2
0
VERTEX
8
L0D0
10
-1574.4
20
290
0
VERTEX
8
L0D0
10
-1578
20
290
0
VERTEX
8
L0D0
10
-1578
20
518.2
0
VERTEX
8
L0D0
10
-1579.2
20
518.2
0
VERTEX
8
L0D0
10
-1579.2
20
290
0
VERTEX
8
L0D0
10
-1582.8
20
290
0
VERTEX
8
L0D0
10
-1582.8
20
518.2
0
VERTEX
8
L0D0
10
-1584
20
518.2
0
VERTEX
8
L0D0
10
-1584
20
290
0
VERTEX
8
L0D0
10
-1587.6
20
290
0
VERTEX
8
L0D0
10
-1587.6
20
518.2
0
VERTEX
8
L0D0
10
-1588.8
20
518.2
0
VERTEX
8
L0D0
10
-1588.8
20
290
0
VERTEX
8
L0D0
10
-1592.4
20
290
0
VERTEX
8
L0D0
10
-1592.4
20
518.2
0
VERTEX
8
L0D0
10
-1593.6
20
518.2
0
VERTEX
8
L0D0
10
-1593.6
20
290
0
VERTEX
8
L0D0
10
-1597.2
20
290
0
VERTEX
8
L0D0
10
-1597.2
20
518.2
0
VERTEX
8
L0D0
10
-1598.4
20
518.2
0
VERTEX
8
L0D0
10
-1598.4
20
290
0
VERTEX
8
L0D0
10
-1602
20
290
0
VERTEX
8
L0D0
10
-1602
20
518.2
0
VERTEX
8
L0D0
10
-1603.2
20
518.2
0
VERTEX
8
L0D0
10
-1603.2
20
290
0
VERTEX
8
L0D0
10
-1606.8
20
290
0
VERTEX
8
L0D0
10
-1606.8
20
518.2
0
VERTEX
8
L0D0
10
-1608
20
518.2
0
VERTEX
8
L0D0
10
-1608
20
290
0
VERTEX
8
L0D0
10
-1611.6
20
290
0
VERTEX
8
L0D0
10
-1611.6
20
518.2
0
VERTEX
8
L0D0
10
-1612.8
20
518.2
0
VERTEX
8
L0D0
10
-1612.8
20
290
0
VERTEX
8
L0D0
10
-1616.4
20
290
0
VERTEX
8
L0D0
10
-1616.4
20
518.2
0
VERTEX
8
L0D0
10
-1617.6
20
518.2
0
VERTEX
8
L0D0
10
-1617.6
20
290
0
VERTEX
8
L0D0
10
-1621.2
20
290
0
VERTEX
8
L0D0
10
-1621.2
20
518.2
0
VERTEX
8
L0D0
10
-1622.4
20
518.2
0
VERTEX
8
L0D0
10
-1622.4
20
290
0
VERTEX
8
L0D0
10
-1626
20
290
0
VERTEX
8
L0D0
10
-1626
20
518.2
0
VERTEX
8
L0D0
10
-1627.2
20
518.2
0
VERTEX
8
L0D0
10
-1627.2
20
290
0
VERTEX
8
L0D0
10
-1630.8
20
290
0
VERTEX
8
L0D0
10
-1630.8
20
518.2
0
VERTEX
8
L0D0
10
-1632
20
518.2
0
VERTEX
8
L0D0
10
-1632
20
290
0
VERTEX
8
L0D0
10
-1635.6
20
290
0
VERTEX
8
L0D0
10
-1635.6
20
518.2
0
VERTEX
8
L0D0
10
-1636.8
20
518.2
0
VERTEX
8
L0D0
10
-1636.8
20
290
0
VERTEX
8
L0D0
10
-1640.4
20
290
0
VERTEX
8
L0D0
10
-1640.4
20
518.2
0
VERTEX
8
L0D0
10
-1641.6
20
518.2
0
VERTEX
8
L0D0
10
-1641.6
20
290
0
VERTEX
8
L0D0
10
-1645.2
20
290
0
VERTEX
8
L0D0
10
-1645.2
20
518.2
0
VERTEX
8
L0D0
10
-1646.4
20
518.2
0
VERTEX
8
L0D0
10
-1646.4
20
290
0
VERTEX
8
L0D0
10
-1650
20
290
0
VERTEX
8
L0D0
10
-1650
20
518.2
0
VERTEX
8
L0D0
10
-1651.2
20
518.2
0
VERTEX
8
L0D0
10
-1651.2
20
290
0
VERTEX
8
L0D0
10
-1654.8
20
290
0
VERTEX
8
L0D0
10
-1654.8
20
518.2
0
VERTEX
8
L0D0
10
-1656
20
518.2
0
VERTEX
8
L0D0
10
-1656
20
290
0
VERTEX
8
L0D0
10
-1659.6
20
290
0
VERTEX
8
L0D0
10
-1659.6
20
518.2
0
VERTEX
8
L0D0
10
-1660.8
20
518.2
0
VERTEX
8
L0D0
10
-1660.8
20
290
0
VERTEX
8
L0D0
10
-1664.4
20
290
0
VERTEX
8
L0D0
10
-1664.4
20
518.2
0
VERTEX
8
L0D0
10
-1665.6
20
518.2
0
VERTEX
8
L0D0
10
-1665.6
20
290
0
VERTEX
8
L0D0
10
-1669.2
20
290
0
VERTEX
8
L0D0
10
-1669.2
20
518.2
0
VERTEX
8
L0D0
10
-1670.4
20
518.2
0
VERTEX
8
L0D0
10
-1670.4
20
290
0
VERTEX
8
L0D0
10
-1674
20
290
0
VERTEX
8
L0D0
10
-1674
20
518.2
0
VERTEX
8
L0D0
10
-1675.2
20
518.2
0
VERTEX
8
L0D0
10
-1675.2
20
290
0
VERTEX
8
L0D0
10
-1678.8
20
290
0
VERTEX
8
L0D0
10
-1678.8
20
518.2
0
VERTEX
8
L0D0
10
-1680
20
518.2
0
VERTEX
8
L0D0
10
-1680
20
290
0
VERTEX
8
L0D0
10
-1683.6
20
290
0
VERTEX
8
L0D0
10
-1683.6
20
518.2
0
VERTEX
8
L0D0
10
-1684.8
20
518.2
0
VERTEX
8
L0D0
10
-1684.8
20
290
0
VERTEX
8
L0D0
10
-1688.4
20
290
0
VERTEX
8
L0D0
10
-1688.4
20
518.2
0
VERTEX
8
L0D0
10
-1689.6
20
518.2
0
VERTEX
8
L0D0
10
-1689.6
20
290
0
VERTEX
8
L0D0
10
-1693.2
20
290
0
VERTEX
8
L0D0
10
-1693.2
20
518.2
0
VERTEX
8
L0D0
10
-1694.4
20
518.2
0
VERTEX
8
L0D0
10
-1694.4
20
290
0
VERTEX
8
L0D0
10
-1698
20
290
0
VERTEX
8
L0D0
10
-1698
20
518.2
0
VERTEX
8
L0D0
10
-1699.2
20
518.2
0
VERTEX
8
L0D0
10
-1699.2
20
290
0
VERTEX
8
L0D0
10
-1701.6
20
290
0
VERTEX
8
L0D0
10
-1701.6
20
292
0
VERTEX
8
L0D0
10
-2157.6
20
292
0
VERTEX
8
L0D0
10
-2157.6
20
298
0
VERTEX
8
L0D0
10
-2151.6
20
298
0
VERTEX
8
L0D0
10
-1707.6
20
298
0
VERTEX
8
L0D0
10
-1707.6
20
742
0
VERTEX
8
L0D0
10
-2149.2
20
742
0
VERTEX
8
L0D0
10
-2149.2
20
300.4
0
VERTEX
8
L0D0
10
-1710
20
300.4
0
VERTEX
8
L0D0
10
-1710
20
739.6
0
VERTEX
8
L0D0
10
-2146.8
20
739.6
0
VERTEX
8
L0D0
10
-2146.8
20
302.8
0
VERTEX
8
L0D0
10
-1712.4
20
302.8
0
VERTEX
8
L0D0
10
-1712.4
20
737.2
0
VERTEX
8
L0D0
10
-2144.4
20
737.2
0
VERTEX
8
L0D0
10
-2144.4
20
305.2
0
VERTEX
8
L0D0
10
-1714.8
20
305.2
0
VERTEX
8
L0D0
10
-1714.8
20
734.8
0
VERTEX
8
L0D0
10
-2142
20
734.8
0
VERTEX
8
L0D0
10
-2142
20
307.6
0
VERTEX
8
L0D0
10
-1717.2
20
307.6
0
VERTEX
8
L0D0
10
-1717.2
20
732.4
0
VERTEX
8
L0D0
10
-2139.6
20
732.4
0
VERTEX
8
L0D0
10
-2139.6
20
310
0
VERTEX
8
L0D0
10
-1719.6
20
310
0
VERTEX
8
L0D0
10
-1719.6
20
730
0
VERTEX
8
L0D0
10
-2137.2
20
730
0
VERTEX
8
L0D0
10
-2137.2
20
312.4
0
VERTEX
8
L0D0
10
-1722
20
312.4
0
VERTEX
8
L0D0
10
-1722
20
727.6
0
VERTEX
8
L0D0
10
-2134.8
20
727.6
0
VERTEX
8
L0D0
10
-2134.8
20
314.8
0
VERTEX
8
L0D0
10
-1724.4
20
314.8
0
VERTEX
8
L0D0
10
-1724.4
20
725.2
0
VERTEX
8
L0D0
10
-2132.4
20
725.2
0
VERTEX
8
L0D0
10
-2132.4
20
317.2
0
VERTEX
8
L0D0
10
-1726.8
20
317.2
0
VERTEX
8
L0D0
10
-1726.8
20
722.8
0
VERTEX
8
L0D0
10
-2130
20
722.8
0
VERTEX
8
L0D0
10
-2130
20
319.6
0
VERTEX
8
L0D0
10
-1729.2
20
319.6
0
VERTEX
8
L0D0
10
-1729.2
20
720.4
0
VERTEX
8
L0D0
10
-2127.6
20
720.4
0
VERTEX
8
L0D0
10
-2127.6
20
322
0
VERTEX
8
L0D0
10
-1731.6
20
322
0
VERTEX
8
L0D0
10
-1731.6
20
718
0
VERTEX
8
L0D0
10
-2125.2
20
718
0
VERTEX
8
L0D0
10
-2125.2
20
324.4
0
VERTEX
8
L0D0
10
-1734
20
324.4
0
VERTEX
8
L0D0
10
-1734
20
715.6
0
VERTEX
8
L0D0
10
-2122.8
20
715.6
0
VERTEX
8
L0D0
10
-2122.8
20
326.8
0
VERTEX
8
L0D0
10
-1736.4
20
326.8
0
VERTEX
8
L0D0
10
-1736.4
20
713.2
0
VERTEX
8
L0D0
10
-2120.4
20
713.2
0
VERTEX
8
L0D0
10
-2120.4
20
329.2
0
VERTEX
8
L0D0
10
-1738.8
20
329.2
0
VERTEX
8
L0D0
10
-1738.8
20
710.8
0
VERTEX
8
L0D0
10
-2118
20
710.8
0
VERTEX
8
L0D0
10
-2118
20
331.6
0
VERTEX
8
L0D0
10
-1741.2
20
331.6
0
VERTEX
8
L0D0
10
-1741.2
20
708.4
0
VERTEX
8
L0D0
10
-2115.6
20
708.4
0
VERTEX
8
L0D0
10
-2115.6
20
334
0
VERTEX
8
L0D0
10
-1743.6
20
334
0
VERTEX
8
L0D0
10
-1743.6
20
706
0
VERTEX
8
L0D0
10
-2113.2
20
706
0
VERTEX
8
L0D0
10
-2113.2
20
336.4
0
VERTEX
8
L0D0
10
-1746
20
336.4
0
VERTEX
8
L0D0
10
-1746
20
703.6
0
VERTEX
8
L0D0
10
-2110.8
20
703.6
0
VERTEX
8
L0D0
10
-2110.8
20
338.8
0
VERTEX
8
L0D0
10
-1748.4
20
338.8
0
VERTEX
8
L0D0
10
-1748.4
20
701.2
0
VERTEX
8
L0D0
10
-2108.4
20
701.2
0
VERTEX
8
L0D0
10
-2108.4
20
341.2
0
VERTEX
8
L0D0
10
-1750.8
20
341.2
0
VERTEX
8
L0D0
10
-1750.8
20
698.8
0
VERTEX
8
L0D0
10
-2106
20
698.8
0
VERTEX
8
L0D0
10
-2106
20
343.6
0
VERTEX
8
L0D0
10
-1753.2
20
343.6
0
VERTEX
8
L0D0
10
-1753.2
20
696.4
0
VERTEX
8
L0D0
10
-2103.6
20
696.4
0
VERTEX
8
L0D0
10
-2103.6
20
346
0
VERTEX
8
L0D0
10
-1755.6
20
346
0
VERTEX
8
L0D0
10
-1755.6
20
694
0
VERTEX
8
L0D0
10
-2101.2
20
694
0
VERTEX
8
L0D0
10
-2101.2
20
348.4
0
VERTEX
8
L0D0
10
-1758
20
348.4
0
VERTEX
8
L0D0
10
-1758
20
691.6
0
VERTEX
8
L0D0
10
-2098.8
20
691.6
0
VERTEX
8
L0D0
10
-2098.8
20
350.8
0
VERTEX
8
L0D0
10
-1760.4
20
350.8
0
VERTEX
8
L0D0
10
-1760.4
20
689.2
0
VERTEX
8
L0D0
10
-2096.4
20
689.2
0
VERTEX
8
L0D0
10
-2096.4
20
353.2
0
VERTEX
8
L0D0
10
-1762.8
20
353.2
0
VERTEX
8
L0D0
10
-1762.8
20
686.8
0
VERTEX
8
L0D0
10
-2094
20
686.8
0
VERTEX
8
L0D0
10
-2094
20
355.6
0
VERTEX
8
L0D0
10
-1765.2
20
355.6
0
VERTEX
8
L0D0
10
-1765.2
20
684.4
0
VERTEX
8
L0D0
10
-2091.6
20
684.4
0
VERTEX
8
L0D0
10
-2091.6
20
358
0
VERTEX
8
L0D0
10
-1767.6
20
358
0
VERTEX
8
L0D0
10
-1767.6
20
682
0
VERTEX
8
L0D0
10
-2089.2
20
682
0
VERTEX
8
L0D0
10
-2089.2
20
360.4
0
VERTEX
8
L0D0
10
-1770
20
360.4
0
VERTEX
8
L0D0
10
-1770
20
679.6
0
VERTEX
8
L0D0
10
-2086.8
20
679.6
0
VERTEX
8
L0D0
10
-2086.8
20
362.8
0
VERTEX
8
L0D0
10
-1772.4
20
362.8
0
VERTEX
8
L0D0
10
-1772.4
20
677.2
0
VERTEX
8
L0D0
10
-2084.4
20
677.2
0
VERTEX
8
L0D0
10
-2084.4
20
365.2
0
VERTEX
8
L0D0
10
-1774.8
20
365.2
0
VERTEX
8
L0D0
10
-1774.8
20
674.8
0
VERTEX
8
L0D0
10
-2082
20
674.8
0
VERTEX
8
L0D0
10
-2082
20
367.6
0
VERTEX
8
L0D0
10
-1777.2
20
367.6
0
VERTEX
8
L0D0
10
-1777.2
20
672.4
0
VERTEX
8
L0D0
10
-1930.2
20
672.4
0
VERTEX
8
L0D0
10
-1930.2
20
670
0
VERTEX
8
L0D0
10
-2079.6
20
670
0
VERTEX
8
L0D0
10
-2079.6
20
370
0
VERTEX
8
L0D0
10
-1779.6
20
370
0
VERTEX
8
L0D0
10
-1779.6
20
670
0
VERTEX
8
L0D0
10
-1929
20
670
0
VERTEX
8
L0D0
10
-1929
20
671.2
0
VERTEX
8
L0D0
10
-1778.4
20
671.2
0
VERTEX
8
L0D0
10
-1778.4
20
368.8
0
VERTEX
8
L0D0
10
-2080.8
20
368.8
0
VERTEX
8
L0D0
10
-2080.8
20
673.6
0
VERTEX
8
L0D0
10
-1776
20
673.6
0
VERTEX
8
L0D0
10
-1776
20
366.4
0
VERTEX
8
L0D0
10
-2083.2
20
366.4
0
VERTEX
8
L0D0
10
-2083.2
20
676
0
VERTEX
8
L0D0
10
-1773.6
20
676
0
VERTEX
8
L0D0
10
-1773.6
20
364
0
VERTEX
8
L0D0
10
-2085.6
20
364
0
VERTEX
8
L0D0
10
-2085.6
20
678.4
0
VERTEX
8
L0D0
10
-1771.2
20
678.4
0
VERTEX
8
L0D0
10
-1771.2
20
361.6
0
VERTEX
8
L0D0
10
-2088
20
361.6
0
VERTEX
8
L0D0
10
-2088
20
680.8
0
VERTEX
8
L0D0
10
-1768.8
20
680.8
0
VERTEX
8
L0D0
10
-1768.8
20
359.2
0
VERTEX
8
L0D0
10
-2090.4
20
359.2
0
VERTEX
8
L0D0
10
-2090.4
20
683.2
0
VERTEX
8
L0D0
10
-1766.4
20
683.2
0
VERTEX
8
L0D0
10
-1766.4
20
356.8
0
VERTEX
8
L0D0
10
-2092.8
20
356.8
0
VERTEX
8
L0D0
10
-2092.8
20
685.6
0
VERTEX
8
L0D0
10
-1764
20
685.6
0
VERTEX
8
L0D0
10
-1764
20
354.4
0
VERTEX
8
L0D0
10
-2095.2
20
354.4
0
VERTEX
8
L0D0
10
-2095.2
20
688
0
VERTEX
8
L0D0
10
-1761.6
20
688
0
VERTEX
8
L0D0
10
-1761.6
20
352
0
VERTEX
8
L0D0
10
-2097.6
20
352
0
VERTEX
8
L0D0
10
-2097.6
20
690.4
0
VERTEX
8
L0D0
10
-1759.2
20
690.4
0
VERTEX
8
L0D0
10
-1759.2
20
349.6
0
VERTEX
8
L0D0
10
-2100
20
349.6
0
VERTEX
8
L0D0
10
-2100
20
692.8
0
VERTEX
8
L0D0
10
-1756.8
20
692.8
0
VERTEX
8
L0D0
10
-1756.8
20
347.2
0
VERTEX
8
L0D0
10
-2102.4
20
347.2
0
VERTEX
8
L0D0
10
-2102.4
20
695.2
0
VERTEX
8
L0D0
10
-1754.4
20
695.2
0
VERTEX
8
L0D0
10
-1754.4
20
344.8
0
VERTEX
8
L0D0
10
-2104.8
20
344.8
0
VERTEX
8
L0D0
10
-2104.8
20
697.6
0
VERTEX
8
L0D0
10
-1752
20
697.6
0
VERTEX
8
L0D0
10
-1752
20
342.4
0
VERTEX
8
L0D0
10
-2107.2
20
342.4
0
VERTEX
8
L0D0
10
-2107.2
20
700
0
VERTEX
8
L0D0
10
-1749.6
20
700
0
VERTEX
8
L0D0
10
-1749.6
20
340
0
VERTEX
8
L0D0
10
-2109.6
20
340
0
VERTEX
8
L0D0
10
-2109.6
20
702.4
0
VERTEX
8
L0D0
10
-1747.2
20
702.4
0
VERTEX
8
L0D0
10
-1747.2
20
337.6
0
VERTEX
8
L0D0
10
-2112
20
337.6
0
VERTEX
8
L0D0
10
-2112
20
704.8
0
VERTEX
8
L0D0
10
-1744.8
20
704.8
0
VERTEX
8
L0D0
10
-1744.8
20
335.2
0
VERTEX
8
L0D0
10
-2114.4
20
335.2
0
VERTEX
8
L0D0
10
-2114.4
20
707.2
0
VERTEX
8
L0D0
10
-1742.4
20
707.2
0
VERTEX
8
L0D0
10
-1742.4
20
332.8
0
VERTEX
8
L0D0
10
-2116.8
20
332.8
0
VERTEX
8
L0D0
10
-2116.8
20
709.6
0
VERTEX
8
L0D0
10
-1740
20
709.6
0
VERTEX
8
L0D0
10
-1740
20
330.4
0
VERTEX
8
L0D0
10
-2119.2
20
330.4
0
VERTEX
8
L0D0
10
-2119.2
20
712
0
VERTEX
8
L0D0
10
-1737.6
20
712
0
VERTEX
8
L0D0
10
-1737.6
20
328
0
VERTEX
8
L0D0
10
-2121.6
20
328
0
VERTEX
8
L0D0
10
-2121.6
20
714.4
0
VERTEX
8
L0D0
10
-1735.2
20
714.4
0
VERTEX
8
L0D0
10
-1735.2
20
325.6
0
VERTEX
8
L0D0
10
-2124
20
325.6
0
VERTEX
8
L0D0
10
-2124
20
716.8
0
VERTEX
8
L0D0
10
-1732.8
20
716.8
0
VERTEX
8
L0D0
10
-1732.8
20
323.2
0
VERTEX
8
L0D0
10
-2126.4
20
323.2
0
VERTEX
8
L0D0
10
-2126.4
20
719.2
0
VERTEX
8
L0D0
10
-1730.4
20
719.2
0
VERTEX
8
L0D0
10
-1730.4
20
320.8
0
VERTEX
8
L0D0
10
-2128.8
20
320.8
0
VERTEX
8
L0D0
10
-2128.8
20
721.6
0
VERTEX
8
L0D0
10
-1728
20
721.6
0
VERTEX
8
L0D0
10
-1728
20
318.4
0
VERTEX
8
L0D0
10
-2131.2
20
318.4
0
VERTEX
8
L0D0
10
-2131.2
20
724
0
VERTEX
8
L0D0
10
-1725.6
20
724
0
VERTEX
8
L0D0
10
-1725.6
20
316
0
VERTEX
8
L0D0
10
-2133.6
20
316
0
VERTEX
8
L0D0
10
-2133.6
20
726.4
0
VERTEX
8
L0D0
10
-1723.2
20
726.4
0
VERTEX
8
L0D0
10
-1723.2
20
313.6
0
VERTEX
8
L0D0
10
-2136
20
313.6
0
VERTEX
8
L0D0
10
-2136
20
728.8
0
VERTEX
8
L0D0
10
-1720.8
20
728.8
0
VERTEX
8
L0D0
10
-1720.8
20
311.2
0
VERTEX
8
L0D0
10
-2138.4
20
311.2
0
VERTEX
8
L0D0
10
-2138.4
20
731.2
0
VERTEX
8
L0D0
10
-1718.4
20
731.2
0
VERTEX
8
L0D0
10
-1718.4
20
308.8
0
VERTEX
8
L0D0
10
-2140.8
20
308.8
0
VERTEX
8
L0D0
10
-2140.8
20
733.6
0
VERTEX
8
L0D0
10
-1716
20
733.6
0
VERTEX
8
L0D0
10
-1716
20
306.4
0
VERTEX
8
L0D0
10
-2143.2
20
306.4
0
VERTEX
8
L0D0
10
-2143.2
20
736
0
VERTEX
8
L0D0
10
-1713.6
20
736
0
VERTEX
8
L0D0
10
-1713.6
20
304
0
VERTEX
8
L0D0
10
-2145.6
20
304
0
VERTEX
8
L0D0
10
-2145.6
20
738.4
0
VERTEX
8
L0D0
10
-1711.2
20
738.4
0
VERTEX
8
L0D0
10
-1711.2
20
301.6
0
VERTEX
8
L0D0
10
-2148
20
301.6
0
VERTEX
8
L0D0
10
-2148
20
740.8
0
VERTEX
8
L0D0
10
-1708.8
20
740.8
0
VERTEX
8
L0D0
10
-1708.8
20
299.2
0
VERTEX
8
L0D0
10
-2150.4
20
299.2
0
VERTEX
8
L0D0
10
-2150.4
20
743.2
0
VERTEX
8
L0D0
10
-1706.4
20
743.2
0
VERTEX
8
L0D0
10
-1706.4
20
519.4
0
VERTEX
8
L0D0
10
-1696.8
20
519.4
0
VERTEX
8
L0D0
10
-1696.8
20
291.2
0
VERTEX
8
L0D0
10
-1695.6
20
291.2
0
VERTEX
8
L0D0
10
-1695.6
20
519.4
0
VERTEX
8
L0D0
10
-1692
20
519.4
0
VERTEX
8
L0D0
10
-1692
20
291.2
0
VERTEX
8
L0D0
10
-1690.8
20
291.2
0
VERTEX
8
L0D0
10
-1690.8
20
519.4
0
VERTEX
8
L0D0
10
-1687.2
20
519.4
0
VERTEX
8
L0D0
10
-1687.2
20
291.2
0
VERTEX
8
L0D0
10
-1686
20
291.2
0
VERTEX
8
L0D0
10
-1686
20
519.4
0
VERTEX
8
L0D0
10
-1682.4
20
519.4
0
VERTEX
8
L0D0
10
-1682.4
20
291.2
0
VERTEX
8
L0D0
10
-1681.2
20
291.2
0
VERTEX
8
L0D0
10
-1681.2
20
519.4
0
VERTEX
8
L0D0
10
-1677.6
20
519.4
0
VERTEX
8
L0D0
10
-1677.6
20
291.2
0
VERTEX
8
L0D0
10
-1676.4
20
291.2
0
VERTEX
8
L0D0
10
-1676.4
20
519.4
0
VERTEX
8
L0D0
10
-1672.8
20
519.4
0
VERTEX
8
L0D0
10
-1672.8
20
291.2
0
VERTEX
8
L0D0
10
-1671.6
20
291.2
0
VERTEX
8
L0D0
10
-1671.6
20
519.4
0
VERTEX
8
L0D0
10
-1668
20
519.4
0
VERTEX
8
L0D0
10
-1668
20
291.2
0
VERTEX
8
L0D0
10
-1666.8
20
291.2
0
VERTEX
8
L0D0
10
-1666.8
20
519.4
0
VERTEX
8
L0D0
10
-1663.2
20
519.4
0
VERTEX
8
L0D0
10
-1663.2
20
291.2
0
VERTEX
8
L0D0
10
-1662
20
291.2
0
VERTEX
8
L0D0
10
-1662
20
519.4
0
VERTEX
8
L0D0
10
-1658.4
20
519.4
0
VERTEX
8
L0D0
10
-1658.4
20
291.2
0
VERTEX
8
L0D0
10
-1657.2
20
291.2
0
VERTEX
8
L0D0
10
-1657.2
20
519.4
0
VERTEX
8
L0D0
10
-1653.6
20
519.4
0
VERTEX
8
L0D0
10
-1653.6
20
291.2
0
VERTEX
8
L0D0
10
-1652.4
20
291.2
0
VERTEX
8
L0D0
10
-1652.4
20
519.4
0
VERTEX
8
L0D0
10
-1648.8
20
519.4
0
VERTEX
8
L0D0
10
-1648.8
20
291.2
0
VERTEX
8
L0D0
10
-1647.6
20
291.2
0
VERTEX
8
L0D0
10
-1647.6
20
519.4
0
VERTEX
8
L0D0
10
-1644
20
519.4
0
VERTEX
8
L0D0
10
-1644
20
291.2
0
VERTEX
8
L0D0
10
-1642.8
20
291.2
0
VERTEX
8
L0D0
10
-1642.8
20
519.4
0
VERTEX
8
L0D0
10
-1639.2
20
519.4
0
VERTEX
8
L0D0
10
-1639.2
20
291.2
0
VERTEX
8
L0D0
10
-1638
20
291.2
0
VERTEX
8
L0D0
10
-1638
20
519.4
0
VERTEX
8
L0D0
10
-1634.4
20
519.4
0
VERTEX
8
L0D0
10
-1634.4
20
291.2
0
VERTEX
8
L0D0
10
-1633.2
20
291.2
0
VERTEX
8
L0D0
10
-1633.2
20
519.4
0
VERTEX
8
L0D0
10
-1629.6
20
519.4
0
VERTEX
8
L0D0
10
-1629.6
20
291.2
0
VERTEX
8
L0D0
10
-1628.4
20
291.2
0
VERTEX
8
L0D0
10
-1628.4
20
519.4
0
VERTEX
8
L0D0
10
-1624.8
20
519.4
0
VERTEX
8
L0D0
10
-1624.8
20
291.2
0
VERTEX
8
L0D0
10
-1623.6
20
291.2
0
VERTEX
8
L0D0
10
-1623.6
20
519.4
0
VERTEX
8
L0D0
10
-1620
20
519.4
0
VERTEX
8
L0D0
10
-1620
20
291.2
0
VERTEX
8
L0D0
10
-1618.8
20
291.2
0
VERTEX
8
L0D0
10
-1618.8
20
519.4
0
VERTEX
8
L0D0
10
-1615.2
20
519.4
0
VERTEX
8
L0D0
10
-1615.2
20
291.2
0
VERTEX
8
L0D0
10
-1614
20
291.2
0
VERTEX
8
L0D0
10
-1614
20
519.4
0
VERTEX
8
L0D0
10
-1610.4
20
519.4
0
VERTEX
8
L0D0
10
-1610.4
20
291.2
0
VERTEX
8
L0D0
10
-1609.2
20
291.2
0
VERTEX
8
L0D0
10
-1609.2
20
519.4
0
VERTEX
8
L0D0
10
-1605.6
20
519.4
0
VERTEX
8
L0D0
10
-1605.6
20
291.2
0
VERTEX
8
L0D0
10
-1604.4
20
291.2
0
VERTEX
8
L0D0
10
-1604.4
20
519.4
0
VERTEX
8
L0D0
10
-1600.8
20
519.4
0
VERTEX
8
L0D0
10
-1600.8
20
291.2
0
VERTEX
8
L0D0
10
-1599.6
20
291.2
0
VERTEX
8
L0D0
10
-1599.6
20
519.4
0
VERTEX
8
L0D0
10
-1596
20
519.4
0
VERTEX
8
L0D0
10
-1596
20
291.2
0
VERTEX
8
L0D0
10
-1594.8
20
291.2
0
VERTEX
8
L0D0
10
-1594.8
20
519.4
0
VERTEX
8
L0D0
10
-1591.2
20
519.4
0
VERTEX
8
L0D0
10
-1591.2
20
291.2
0
VERTEX
8
L0D0
10
-1590
20
291.2
0
VERTEX
8
L0D0
10
-1590
20
519.4
0
VERTEX
8
L0D0
10
-1586.4
20
519.4
0
VERTEX
8
L0D0
10
-1586.4
20
291.2
0
VERTEX
8
L0D0
10
-1585.2
20
291.2
0
VERTEX
8
L0D0
10
-1585.2
20
519.4
0
VERTEX
8
L0D0
10
-1581.6
20
519.4
0
VERTEX
8
L0D0
10
-1581.6
20
291.2
0
VERTEX
8
L0D0
10
-1580.4
20
291.2
0
VERTEX
8
L0D0
10
-1580.4
20
519.4
0
VERTEX
8
L0D0
10
-1576.8
20
519.4
0
VERTEX
8
L0D0
10
-1576.8
20
291.2
0
VERTEX
8
L0D0
10
-1575.6
20
291.2
0
VERTEX
8
L0D0
10
-1575.6
20
519.4
0
VERTEX
8
L0D0
10
-1572
20
519.4
0
VERTEX
8
L0D0
10
-1572
20
291.2
0
VERTEX
8
L0D0
10
-1570.8
20
291.2
0
VERTEX
8
L0D0
10
-1570.8
20
519.4
0
VERTEX
8
L0D0
10
-1567.2
20
519.4
0
VERTEX
8
L0D0
10
-1567.2
20
291.2
0
VERTEX
8
L0D0
10
-1566
20
291.2
0
VERTEX
8
L0D0
10
-1566
20
519.4
0
VERTEX
8
L0D0
10
-1562.4
20
519.4
0
VERTEX
8
L0D0
10
-1562.4
20
291.2
0
VERTEX
8
L0D0
10
-1561.2
20
291.2
0
VERTEX
8
L0D0
10
-1561.2
20
519.4
0
VERTEX
8
L0D0
10
-1557.6
20
519.4
0
VERTEX
8
L0D0
10
-1557.6
20
291.2
0
VERTEX
8
L0D0
10
-1556.4
20
291.2
0
VERTEX
8
L0D0
10
-1556.4
20
519.4
0
VERTEX
8
L0D0
10
-1552.8
20
519.4
0
VERTEX
8
L0D0
10
-1552.8
20
291.2
0
VERTEX
8
L0D0
10
-1551.6
20
291.2
0
VERTEX
8
L0D0
10
-1551.6
20
519.4
0
VERTEX
8
L0D0
10
-1548
20
519.4
0
VERTEX
8
L0D0
10
-1548
20
291.2
0
VERTEX
8
L0D0
10
-1546.8
20
291.2
0
VERTEX
8
L0D0
10
-1546.8
20
519.4
0
VERTEX
8
L0D0
10
-1543.2
20
519.4
0
VERTEX
8
L0D0
10
-1543.2
20
291.2
0
VERTEX
8
L0D0
10
-1542
20
291.2
0
VERTEX
8
L0D0
10
-1542
20
519.4
0
VERTEX
8
L0D0
10
-1538.4
20
519.4
0
VERTEX
8
L0D0
10
-1538.4
20
291.2
0
VERTEX
8
L0D0
10
-1537.2
20
291.2
0
VERTEX
8
L0D0
10
-1537.2
20
519.4
0
VERTEX
8
L0D0
10
-1533.6
20
519.4
0
VERTEX
8
L0D0
10
-1533.6
20
291.2
0
VERTEX
8
L0D0
10
-1532.4
20
291.2
0
VERTEX
8
L0D0
10
-1532.4
20
519.4
0
VERTEX
8
L0D0
10
-1528.8
20
519.4
0
VERTEX
8
L0D0
10
-1528.8
20
291.2
0
VERTEX
8
L0D0
10
-1527.6
20
291.2
0
VERTEX
8
L0D0
10
-1527.6
20
519.4
0
VERTEX
8
L0D0
10
-1524
20
519.4
0
VERTEX
8
L0D0
10
-1524
20
291.2
0
VERTEX
8
L0D0
10
-1522.8
20
291.2
0
VERTEX
8
L0D0
10
-1522.8
20
519.4
0
VERTEX
8
L0D0
10
-1519.2
20
519.4
0
VERTEX
8
L0D0
10
-1519.2
20
291.2
0
VERTEX
8
L0D0
10
-1518
20
291.2
0
VERTEX
8
L0D0
10
-1518
20
519.4
0
VERTEX
8
L0D0
10
-1514.4
20
519.4
0
VERTEX
8
L0D0
10
-1514.4
20
291.2
0
VERTEX
8
L0D0
10
-1513.2
20
291.2
0
VERTEX
8
L0D0
10
-1513.2
20
519.4
0
VERTEX
8
L0D0
10
-1509.6
20
519.4
0
VERTEX
8
L0D0
10
-1509.6
20
291.2
0
VERTEX
8
L0D0
10
-1508.4
20
291.2
0
VERTEX
8
L0D0
10
-1508.4
20
519.4
0
VERTEX
8
L0D0
10
-1498.8
20
519.4
0
VERTEX
8
L0D0
10
-1498.8
20
748.2
0
VERTEX
8
L0D0
10
-1497.6
20
748.2
0
VERTEX
8
L0D0
10
-1497.6
20
290.6
0
VERTEX
8
L0D0
10
-1494
20
290.6
0
VERTEX
8
L0D0
10
-1494
20
748.2
0
VERTEX
8
L0D0
10
-1492.8
20
748.2
0
VERTEX
8
L0D0
10
-1492.8
20
290.6
0
VERTEX
8
L0D0
10
-1489.2
20
290.6
0
VERTEX
8
L0D0
10
-1489.2
20
748.2
0
VERTEX
8
L0D0
10
-1488
20
748.2
0
VERTEX
8
L0D0
10
-1488
20
290.6
0
VERTEX
8
L0D0
10
-1484.4
20
290.6
0
VERTEX
8
L0D0
10
-1484.4
20
748.2
0
VERTEX
8
L0D0
10
-1483.2
20
748.2
0
VERTEX
8
L0D0
10
-1483.2
20
290.6
0
VERTEX
8
L0D0
10
-1479.6
20
290.6
0
VERTEX
8
L0D0
10
-1479.6
20
748.2
0
VERTEX
8
L0D0
10
-1478.4
20
748.2
0
VERTEX
8
L0D0
10
-1478.4
20
290.6
0
VERTEX
8
L0D0
10
-1474.8
20
290.6
0
VERTEX
8
L0D0
10
-1474.8
20
748.2
0
VERTEX
8
L0D0
10
-1473.6
20
748.2
0
VERTEX
8
L0D0
10
-1473.6
20
290.6
0
VERTEX
8
L0D0
10
-1470
20
290.6
0
VERTEX
8
L0D0
10
-1470
20
748.2
0
VERTEX
8
L0D0
10
-1468.8
20
748.2
0
VERTEX
8
L0D0
10
-1468.8
20
290.6
0
VERTEX
8
L0D0
10
-1465.2
20
290.6
0
VERTEX
8
L0D0
10
-1465.2
20
748.2
0
VERTEX
8
L0D0
10
-1464
20
748.2
0
VERTEX
8
L0D0
10
-1464
20
290.6
0
VERTEX
8
L0D0
10
-1460.4
20
290.6
0
VERTEX
8
L0D0
10
-1460.4
20
748.2
0
VERTEX
8
L0D0
10
-1459.2
20
748.2
0
VERTEX
8
L0D0
10
-1459.2
20
290.6
0
VERTEX
8
L0D0
10
-1455.6
20
290.6
0
VERTEX
8
L0D0
10
-1455.6
20
748.2
0
VERTEX
8
L0D0
10
-1454.4
20
748.2
0
VERTEX
8
L0D0
10
-1454.4
20
290.6
0
VERTEX
8
L0D0
10
-1450.8
20
290.6
0
VERTEX
8
L0D0
10
-1450.8
20
748.2
0
VERTEX
8
L0D0
10
-1449.6
20
748.2
0
VERTEX
8
L0D0
10
-1449.6
20
290.6
0
VERTEX
8
L0D0
10
-1446
20
290.6
0
VERTEX
8
L0D0
10
-1446
20
748.2
0
VERTEX
8
L0D0
10
-1444.8
20
748.2
0
VERTEX
8
L0D0
10
-1444.8
20
290.6
0
VERTEX
8
L0D0
10
-1441.2
20
290.6
0
VERTEX
8
L0D0
10
-1441.2
20
748.2
0
VERTEX
8
L0D0
10
-1440
20
748.2
0
VERTEX
8
L0D0
10
-1440
20
290.6
0
VERTEX
8
L0D0
10
-1436.4
20
290.6
0
VERTEX
8
L0D0
10
-1436.4
20
748.2
0
VERTEX
8
L0D0
10
-1435.2
20
748.2
0
VERTEX
8
L0D0
10
-1435.2
20
290.6
0
VERTEX
8
L0D0
10
-1431.6
20
290.6
0
VERTEX
8
L0D0
10
-1431.6
20
748.2
0
VERTEX
8
L0D0
10
-1430.4
20
748.2
0
VERTEX
8
L0D0
10
-1430.4
20
290.6
0
VERTEX
8
L0D0
10
-1426.8
20
290.6
0
VERTEX
8
L0D0
10
-1426.8
20
748.2
0
VERTEX
8
L0D0
10
-1425.6
20
748.2
0
VERTEX
8
L0D0
10
-1425.6
20
290.6
0
VERTEX
8
L0D0
10
-1422
20
290.6
0
VERTEX
8
L0D0
10
-1422
20
748.2
0
VERTEX
8
L0D0
10
-1420.8
20
748.2
0
VERTEX
8
L0D0
10
-1420.8
20
290.6
0
VERTEX
8
L0D0
10
-1417.2
20
290.6
0
VERTEX
8
L0D0
10
-1417.2
20
748.2
0
VERTEX
8
L0D0
10
-1416
20
748.2
0
VERTEX
8
L0D0
10
-1416
20
290.6
0
VERTEX
8
L0D0
10
-1412.4
20
290.6
0
VERTEX
8
L0D0
10
-1412.4
20
748.2
0
VERTEX
8
L0D0
10
-1411.2
20
748.2
0
VERTEX
8
L0D0
10
-1411.2
20
290.6
0
VERTEX
8
L0D0
10
-1407.6
20
290.6
0
VERTEX
8
L0D0
10
-1407.6
20
748.2
0
VERTEX
8
L0D0
10
-1406.4
20
748.2
0
VERTEX
8
L0D0
10
-1406.4
20
290.6
0
VERTEX
8
L0D0
10
-1402.8
20
290.6
0
VERTEX
8
L0D0
10
-1402.8
20
748.2
0
VERTEX
8
L0D0
10
-1401.6
20
748.2
0
VERTEX
8
L0D0
10
-1401.6
20
290.6
0
VERTEX
8
L0D0
10
-1398
20
290.6
0
VERTEX
8
L0D0
10
-1398
20
748.2
0
VERTEX
8
L0D0
10
-1396.8
20
748.2
0
VERTEX
8
L0D0
10
-1396.8
20
290.6
0
VERTEX
8
L0D0
10
-1393.2
20
290.6
0
VERTEX
8
L0D0
10
-1393.2
20
748.2
0
VERTEX
8
L0D0
10
-1392
20
748.2
0
VERTEX
8
L0D0
10
-1392
20
290.6
0
VERTEX
8
L0D0
10
-1388.4
20
290.6
0
VERTEX
8
L0D0
10
-1388.4
20
748.2
0
VERTEX
8
L0D0
10
-1387.2
20
748.2
0
VERTEX
8
L0D0
10
-1387.2
20
290.6
0
VERTEX
8
L0D0
10
-1383.6
20
290.6
0
VERTEX
8
L0D0
10
-1383.6
20
748.2
0
VERTEX
8
L0D0
10
-1382.4
20
748.2
0
VERTEX
8
L0D0
10
-1382.4
20
290.6
0
VERTEX
8
L0D0
10
-1378.8
20
290.6
0
VERTEX
8
L0D0
10
-1378.8
20
748.2
0
VERTEX
8
L0D0
10
-1377.6
20
748.2
0
VERTEX
8
L0D0
10
-1377.6
20
290.6
0
VERTEX
8
L0D0
10
-1374
20
290.6
0
VERTEX
8
L0D0
10
-1374
20
748.2
0
VERTEX
8
L0D0
10
-1372.8
20
748.2
0
VERTEX
8
L0D0
10
-1372.8
20
290.6
0
VERTEX
8
L0D0
10
-1369.2
20
290.6
0
VERTEX
8
L0D0
10
-1369.2
20
748.2
0
VERTEX
8
L0D0
10
-1368
20
748.2
0
VERTEX
8
L0D0
10
-1368
20
290.6
0
VERTEX
8
L0D0
10
-1364.4
20
290.6
0
VERTEX
8
L0D0
10
-1364.4
20
748.2
0
VERTEX
8
L0D0
10
-1363.2
20
748.2
0
VERTEX
8
L0D0
10
-1363.2
20
290.6
0
VERTEX
8
L0D0
10
-1359.6
20
290.6
0
VERTEX
8
L0D0
10
-1359.6
20
748.2
0
VERTEX
8
L0D0
10
-1358.4
20
748.2
0
VERTEX
8
L0D0
10
-1358.4
20
290.6
0
VERTEX
8
L0D0
10
-1354.8
20
290.6
0
VERTEX
8
L0D0
10
-1354.8
20
748.2
0
VERTEX
8
L0D0
10
-1353.6
20
748.2
0
VERTEX
8
L0D0
10
-1353.6
20
290.6
0
VERTEX
8
L0D0
10
-1350
20
290.6
0
VERTEX
8
L0D0
10
-1350
20
748.2
0
VERTEX
8
L0D0
10
-1348.8
20
748.2
0
VERTEX
8
L0D0
10
-1348.8
20
290.6
0
VERTEX
8
L0D0
10
-1345.2
20
290.6
0
VERTEX
8
L0D0
10
-1345.2
20
748.2
0
VERTEX
8
L0D0
10
-1344
20
748.2
0
VERTEX
8
L0D0
10
-1344
20
290.6
0
VERTEX
8
L0D0
10
-1340.4
20
290.6
0
VERTEX
8
L0D0
10
-1340.4
20
748.2
0
VERTEX
8
L0D0
10
-1339.2
20
748.2
0
VERTEX
8
L0D0
10
-1339.2
20
290.6
0
VERTEX
8
L0D0
10
-1335.6
20
290.6
0
VERTEX
8
L0D0
10
-1335.6
20
748.2
0
VERTEX
8
L0D0
10
-1334.4
20
748.2
0
VERTEX
8
L0D0
10
-1334.4
20
290.6
0
VERTEX
8
L0D0
10
-1330.8
20
290.6
0
VERTEX
8
L0D0
10
-1330.8
20
748.2
0
VERTEX
8
L0D0
10
-1329.6
20
748.2
0
VERTEX
8
L0D0
10
-1329.6
20
290.6
0
VERTEX
8
L0D0
10
-1326
20
290.6
0
VERTEX
8
L0D0
10
-1326
20
748.2
0
VERTEX
8
L0D0
10
-1324.8
20
748.2
0
VERTEX
8
L0D0
10
-1324.8
20
290.6
0
VERTEX
8
L0D0
10
-1321.2
20
290.6
0
VERTEX
8
L0D0
10
-1321.2
20
748.2
0
VERTEX
8
L0D0
10
-1320
20
748.2
0
VERTEX
8
L0D0
10
-1320
20
290.6
0
VERTEX
8
L0D0
10
-1316.4
20
290.6
0
VERTEX
8
L0D0
10
-1316.4
20
748.2
0
VERTEX
8
L0D0
10
-1315.2
20
748.2
0
VERTEX
8
L0D0
10
-1315.2
20
290.6
0
VERTEX
8
L0D0
10
-1311.6
20
290.6
0
VERTEX
8
L0D0
10
-1311.6
20
748.2
0
VERTEX
8
L0D0
10
-1310.4
20
748.2
0
VERTEX
8
L0D0
10
-1310.4
20
290.6
0
VERTEX
8
L0D0
10
-1306.8
20
290.6
0
VERTEX
8
L0D0
10
-1306.8
20
519.4
0
VERTEX
8
L0D0
10
-1298.4
20
519.4
0
VERTEX
8
L0D0
10
-1298.4
20
291.2
0
VERTEX
8
L0D0
10
-1297.2
20
291.2
0
VERTEX
8
L0D0
10
-1297.2
20
519.4
0
VERTEX
8
L0D0
10
-1293.6
20
519.4
0
VERTEX
8
L0D0
10
-1293.6
20
291.2
0
VERTEX
8
L0D0
10
-1292.4
20
291.2
0
VERTEX
8
L0D0
10
-1292.4
20
519.4
0
VERTEX
8
L0D0
10
-1288.8
20
519.4
0
VERTEX
8
L0D0
10
-1288.8
20
291.2
0
VERTEX
8
L0D0
10
-1287.6
20
291.2
0
VERTEX
8
L0D0
10
-1287.6
20
519.4
0
VERTEX
8
L0D0
10
-1284
20
519.4
0
VERTEX
8
L0D0
10
-1284
20
291.2
0
VERTEX
8
L0D0
10
-1282.8
20
291.2
0
VERTEX
8
L0D0
10
-1282.8
20
519.4
0
VERTEX
8
L0D0
10
-1279.2
20
519.4
0
VERTEX
8
L0D0
10
-1279.2
20
291.2
0
VERTEX
8
L0D0
10
-1278
20
291.2
0
VERTEX
8
L0D0
10
-1278
20
519.4
0
VERTEX
8
L0D0
10
-1274.4
20
519.4
0
VERTEX
8
L0D0
10
-1274.4
20
291.2
0
VERTEX
8
L0D0
10
-1273.2
20
291.2
0
VERTEX
8
L0D0
10
-1273.2
20
519.4
0
VERTEX
8
L0D0
10
-1269.6
20
519.4
0
VERTEX
8
L0D0
10
-1269.6
20
291.2
0
VERTEX
8
L0D0
10
-1268.4
20
291.2
0
VERTEX
8
L0D0
10
-1268.4
20
519.4
0
VERTEX
8
L0D0
10
-1264.8
20
519.4
0
VERTEX
8
L0D0
10
-1264.8
20
291.2
0
VERTEX
8
L0D0
10
-1263.6
20
291.2
0
VERTEX
8
L0D0
10
-1263.6
20
519.4
0
VERTEX
8
L0D0
10
-1260
20
519.4
0
VERTEX
8
L0D0
10
-1260
20
291.2
0
VERTEX
8
L0D0
10
-1258.8
20
291.2
0
VERTEX
8
L0D0
10
-1258.8
20
519.4
0
VERTEX
8
L0D0
10
-1255.2
20
519.4
0
VERTEX
8
L0D0
10
-1255.2
20
291.2
0
VERTEX
8
L0D0
10
-1254
20
291.2
0
VERTEX
8
L0D0
10
-1254
20
519.4
0
VERTEX
8
L0D0
10
-1250.4
20
519.4
0
VERTEX
8
L0D0
10
-1250.4
20
291.2
0
VERTEX
8
L0D0
10
-1249.2
20
291.2
0
VERTEX
8
L0D0
10
-1249.2
20
519.4
0
VERTEX
8
L0D0
10
-1245.6
20
519.4
0
VERTEX
8
L0D0
10
-1245.6
20
291.2
0
VERTEX
8
L0D0
10
-1244.4
20
291.2
0
VERTEX
8
L0D0
10
-1244.4
20
519.4
0
VERTEX
8
L0D0
10
-1240.8
20
519.4
0
VERTEX
8
L0D0
10
-1240.8
20
291.2
0
VERTEX
8
L0D0
10
-1239.6
20
291.2
0
VERTEX
8
L0D0
10
-1239.6
20
519.4
0
VERTEX
8
L0D0
10
-1236
20
519.4
0
VERTEX
8
L0D0
10
-1236
20
291.2
0
VERTEX
8
L0D0
10
-1234.8
20
291.2
0
VERTEX
8
L0D0
10
-1234.8
20
519.4
0
VERTEX
8
L0D0
10
-1231.2
20
519.4
0
VERTEX
8
L0D0
10
-1231.2
20
291.2
0
VERTEX
8
L0D0
10
-1230
20
291.2
0
VERTEX
8
L0D0
10
-1230
20
519.4
0
VERTEX
8
L0D0
10
-1226.4
20
519.4
0
VERTEX
8
L0D0
10
-1226.4
20
291.2
0
VERTEX
8
L0D0
10
-1225.2
20
291.2
0
VERTEX
8
L0D0
10
-1225.2
20
519.4
0
VERTEX
8
L0D0
10
-1221.6
20
519.4
0
VERTEX
8
L0D0
10
-1221.6
20
291.2
0
VERTEX
8
L0D0
10
-1220.4
20
291.2
0
VERTEX
8
L0D0
10
-1220.4
20
519.4
0
VERTEX
8
L0D0
10
-1216.8
20
519.4
0
VERTEX
8
L0D0
10
-1216.8
20
291.2
0
VERTEX
8
L0D0
10
-1215.6
20
291.2
0
VERTEX
8
L0D0
10
-1215.6
20
519.4
0
VERTEX
8
L0D0
10
-1212
20
519.4
0
VERTEX
8
L0D0
10
-1212
20
291.2
0
VERTEX
8
L0D0
10
-1210.8
20
291.2
0
VERTEX
8
L0D0
10
-1210.8
20
519.4
0
VERTEX
8
L0D0
10
-1207.2
20
519.4
0
VERTEX
8
L0D0
10
-1207.2
20
291.2
0
VERTEX
8
L0D0
10
-1206
20
291.2
0
VERTEX
8
L0D0
10
-1206
20
519.4
0
VERTEX
8
L0D0
10
-1202.4
20
519.4
0
VERTEX
8
L0D0
10
-1202.4
20
291.2
0
VERTEX
8
L0D0
10
-1201.2
20
291.2
0
VERTEX
8
L0D0
10
-1201.2
20
519.4
0
VERTEX
8
L0D0
10
-1197.6
20
519.4
0
VERTEX
8
L0D0
10
-1197.6
20
291.2
0
VERTEX
8
L0D0
10
-1196.4
20
291.2
0
VERTEX
8
L0D0
10
-1196.4
20
519.4
0
VERTEX
8
L0D0
10
-1192.8
20
519.4
0
VERTEX
8
L0D0
10
-1192.8
20
291.2
0
VERTEX
8
L0D0
10
-1191.6
20
291.2
0
VERTEX
8
L0D0
10
-1191.6
20
519.4
0
VERTEX
8
L0D0
10
-1188
20
519.4
0
VERTEX
8
L0D0
10
-1188
20
291.2
0
VERTEX
8
L0D0
10
-1186.8
20
291.2
0
VERTEX
8
L0D0
10
-1186.8
20
519.4
0
VERTEX
8
L0D0
10
-1183.2
20
519.4
0
VERTEX
8
L0D0
10
-1183.2
20
291.2
0
VERTEX
8
L0D0
10
-1182
20
291.2
0
VERTEX
8
L0D0
10
-1182
20
519.4
0
VERTEX
8
L0D0
10
-1178.4
20
519.4
0
VERTEX
8
L0D0
10
-1178.4
20
291.2
0
VERTEX
8
L0D0
10
-1177.2
20
291.2
0
VERTEX
8
L0D0
10
-1177.2
20
519.4
0
VERTEX
8
L0D0
10
-1173.6
20
519.4
0
VERTEX
8
L0D0
10
-1173.6
20
291.2
0
VERTEX
8
L0D0
10
-1172.4
20
291.2
0
VERTEX
8
L0D0
10
-1172.4
20
519.4
0
VERTEX
8
L0D0
10
-1168.8
20
519.4
0
VERTEX
8
L0D0
10
-1168.8
20
291.2
0
VERTEX
8
L0D0
10
-1167.6
20
291.2
0
VERTEX
8
L0D0
10
-1167.6
20
519.4
0
VERTEX
8
L0D0
10
-1164
20
519.4
0
VERTEX
8
L0D0
10
-1164
20
291.2
0
VERTEX
8
L0D0
10
-1162.8
20
291.2
0
VERTEX
8
L0D0
10
-1162.8
20
519.4
0
VERTEX
8
L0D0
10
-1159.2
20
519.4
0
VERTEX
8
L0D0
10
-1159.2
20
291.2
0
VERTEX
8
L0D0
10
-1158
20
291.2
0
VERTEX
8
L0D0
10
-1158
20
519.4
0
VERTEX
8
L0D0
10
-652
20
519.4
0
VERTEX
8
L0D0
10
-649.162
20
519.359
0
VERTEX
8
L0D0
10
-646.325
20
519.238
0
VERTEX
8
L0D0
10
-643.494
20
519.035
0
VERTEX
8
L0D0
10
-640.669
20
518.752
0
VERTEX
8
L0D0
10
-637.854
20
518.388
0
VERTEX
8
L0D0
10
-635.05
20
517.944
0
VERTEX
8
L0D0
10
-632.26
20
517.42
0
VERTEX
8
L0D0
10
-629.486
20
516.817
0
VERTEX
8
L0D0
10
-626.731
20
516.134
0
VERTEX
8
L0D0
10
-623.996
20
515.374
0
VERTEX
8
L0D0
10
-621.284
20
514.535
0
VERTEX
8
L0D0
10
-618.597
20
513.619
0
VERTEX
8
L0D0
10
-615.937
20
512.627
0
VERTEX
8
L0D0
10
-613.307
20
511.56
0
VERTEX
8
L0D0
10
-610.708
20
510.417
0
VERTEX
8
L0D0
10
-608.143
20
509.201
0
VERTEX
8
L0D0
10
-605.613
20
507.913
0
VERTEX
8
L0D0
10
-603.122
20
506.552
0
VERTEX
8
L0D0
10
-600.67
20
505.121
0
VERTEX
8
L0D0
10
-598.26
20
503.621
0
VERTEX
8
L0D0
10
-595.894
20
502.052
0
VERTEX
8
L0D0
10
-593.574
20
500.416
0
VERTEX
8
L0D0
10
-591.302
20
498.715
0
VERTEX
8
L0D0
10
-589.079
20
496.95
0
VERTEX
8
L0D0
10
-586.907
20
495.122
0
VERTEX
8
L0D0
10
-584.788
20
493.232
0
VERTEX
8
L0D0
10
-582.724
20
491.283
0
VERTEX
8
L0D0
10
-580.717
20
489.276
0
VERTEX
8
L0D0
10
-578.768
20
487.212
0
VERTEX
8
L0D0
10
-576.878
20
485.093
0
VERTEX
8
L0D0
10
-575.05
20
482.921
0
VERTEX
8
L0D0
10
-573.285
20
480.698
0
VERTEX
8
L0D0
10
-571.584
20
478.426
0
VERTEX
8
L0D0
10
-569.948
20
476.106
0
VERTEX
8
L0D0
10
-568.379
20
473.74
0
VERTEX
8
L0D0
10
-566.879
20
471.33
0
VERTEX
8
L0D0
10
-565.448
20
468.878
0
VERTEX
8
L0D0
10
-564.087
20
466.387
0
VERTEX
8
L0D0
10
-562.799
20
463.857
0
VERTEX
8
L0D0
10
-561.583
20
461.292
0
VERTEX
8
L0D0
10
-560.44
20
458.693
0
VERTEX
8
L0D0
10
-559.373
20
456.063
0
VERTEX
8
L0D0
10
-558.381
20
453.403
0
VERTEX
8
L0D0
10
-557.465
20
450.716
0
VERTEX
8
L0D0
10
-556.626
20
448.004
0
VERTEX
8
L0D0
10
-555.866
20
445.269
0
VERTEX
8
L0D0
10
-555.183
20
442.514
0
VERTEX
8
L0D0
10
-554.58
20
439.74
0
VERTEX
8
L0D0
10
-554.056
20
436.95
0
VERTEX
8
L0D0
10
-553.612
20
434.146
0
VERTEX
8
L0D0
10
-553.248
20
431.331
0
VERTEX
8
L0D0
10
-552.965
20
428.506
0
VERTEX
8
L0D0
10
-552.762
20
425.675
0
VERTEX
8
L0D0
10
-552.641
20
422.838
0
VERTEX
8
L0D0
10
-552.6
20
420
0
VERTEX
8
L0D0
10
-552.6
20
303.2
0
VERTEX
8
L0D0
10
-555
20
303.2
0
VERTEX
8
L0D0
10
-555
20
297.9
0
VERTEX
8
L0D0
10
-553.8
20
297.9
0
VERTEX
8
L0D0
10
-553.8
20
302
0
VERTEX
8
L0D0
10
-551.4
20
302
0
VERTEX
8
L0D0
10
-551.4
20
420
0
VERTEX
8
L0D0
10
-551.44
20
422.821
0
VERTEX
8
L0D0
10
-551.558
20
425.641
0
VERTEX
8
L0D0
10
-551.756
20
428.455
0
VERTEX
8
L0D0
10
-552.033
20
431.264
0
VERTEX
8
L0D0
10
-552.388
20
434.063
0
VERTEX
8
L0D0
10
-552.821
20
436.851
0
VERTEX
8
L0D0
10
-553.333
20
439.626
0
VERTEX
8
L0D0
10
-553.922
20
442.386
0
VERTEX
8
L0D0
10
-554.589
20
445.128
0
VERTEX
8
L0D0
10
-555.332
20
447.85
0
VERTEX
8
L0D0
10
-556.151
20
450.55
0
VERTEX
8
L0D0
10
-557.045
20
453.226
0
VERTEX
8
L0D0
10
-558.015
20
455.876
0
VERTEX
8
L0D0
10
-559.058
20
458.498
0
VERTEX
8
L0D0
10
-560.174
20
461.089
0
VERTEX
8
L0D0
10
-561.363
20
463.649
0
VERTEX
8
L0D0
10
-562.622
20
466.174
0
VERTEX
8
L0D0
10
-563.953
20
468.662
0
VERTEX
8
L0D0
10
-565.352
20
471.112
0
VERTEX
8
L0D0
10
-566.82
20
473.522
0
VERTEX
8
L0D0
10
-568.354
20
475.89
0
VERTEX
8
L0D0
10
-569.955
20
478.214
0
VERTEX
8
L0D0
10
-571.62
20
480.492
0
VERTEX
8
L0D0
10
-573.348
20
482.723
0
VERTEX
8
L0D0
10
-575.138
20
484.904
0
VERTEX
8
L0D0
10
-576.988
20
487.034
0
VERTEX
8
L0D0
10
-578.898
20
489.112
0
VERTEX
8
L0D0
10
-580.865
20
491.135
0
VERTEX
8
L0D0
10
-582.888
20
493.102
0
VERTEX
8
L0D0
10
-584.966
20
495.012
0
VERTEX
8
L0D0
10
-587.096
20
496.862
0
VERTEX
8
L0D0
10
-589.277
20
498.652
0
VERTEX
8
L0D0
10
-591.508
20
500.38
0
VERTEX
8
L0D0
10
-593.786
20
502.045
0
VERTEX
8
L0D0
10
-596.11
20
503.646
0
VERTEX
8
L0D0
10
-598.478
20
505.18
0
VERTEX
8
L0D0
10
-600.888
20
506.648
0
VERTEX
8
L0D0
10
-603.338
20
508.047
0
VERTEX
8
L0D0
10
-605.826
20
509.378
0
VERTEX
8
L0D0
10
-608.351
20
510.637
0
VERTEX
8
L0D0
10
-610.911
20
511.826
0
VERTEX
8
L0D0
10
-613.502
20
512.942
0
VERTEX
8
L0D0
10
-616.124
20
513.985
0
VERTEX
8
L0D0
10
-618.774
20
514.955
0
VERTEX
8
L0D0
10
-621.45
20
515.849
0
VERTEX
8
L0D0
10
-624.15
20
516.668
0
VERTEX
8
L0D0
10
-626.872
20
517.411
0
VERTEX
8
L0D0
10
-629.614
20
518.078
0
VERTEX
8
L0D0
10
-632.374
20
518.667
0
VERTEX
8
L0D0
10
-635.149
20
519.179
0
VERTEX
8
L0D0
10
-637.937
20
519.612
0
VERTEX
8
L0D0
10
-640.736
20
519.967
0
VERTEX
8
L0D0
10
-643.545
20
520.244
0
VERTEX
8
L0D0
10
-646.359
20
520.442
0
VERTEX
8
L0D0
10
-649.179
20
520.56
0
VERTEX
8
L0D0
10
-652
20
520.6
0
VERTEX
8
L0D0
10
-1158
20
520.6
0
VERTEX
8
L0D0
10
-1158
20
748.8
0
VERTEX
8
L0D0
10
-1159.2
20
748.8
0
VERTEX
8
L0D0
10
-1159.2
20
520.6
0
VERTEX
8
L0D0
10
-1162.8
20
520.6
0
VERTEX
8
L0D0
10
-1162.8
20
748.8
0
VERTEX
8
L0D0
10
-1164
20
748.8
0
VERTEX
8
L0D0
10
-1164
20
520.6
0
VERTEX
8
L0D0
10
-1167.6
20
520.6
0
VERTEX
8
L0D0
10
-1167.6
20
748.8
0
VERTEX
8
L0D0
10
-1168.8
20
748.8
0
VERTEX
8
L0D0
10
-1168.8
20
520.6
0
VERTEX
8
L0D0
10
-1172.4
20
520.6
0
VERTEX
8
L0D0
10
-1172.4
20
748.8
0
VERTEX
8
L0D0
10
-1173.6
20
748.8
0
VERTEX
8
L0D0
10
-1173.6
20
520.6
0
VERTEX
8
L0D0
10
-1177.2
20
520.6
0
VERTEX
8
L0D0
10
-1177.2
20
748.8
0
VERTEX
8
L0D0
10
-1178.4
20
748.8
0
VERTEX
8
L0D0
10
-1178.4
20
520.6
0
VERTEX
8
L0D0
10
-1182
20
520.6
0
VERTEX
8
L0D0
10
-1182
20
748.8
0
VERTEX
8
L0D0
10
-1183.2
20
748.8
0
VERTEX
8
L0D0
10
-1183.2
20
520.6
0
VERTEX
8
L0D0
10
-1186.8
20
520.6
0
VERTEX
8
L0D0
10
-1186.8
20
748.8
0
VERTEX
8
L0D0
10
-1188
20
748.8
0
VERTEX
8
L0D0
10
-1188
20
520.6
0
VERTEX
8
L0D0
10
-1191.6
20
520.6
0
VERTEX
8
L0D0
10
-1191.6
20
748.8
0
VERTEX
8
L0D0
10
-1192.8
20
748.8
0
VERTEX
8
L0D0
10
-1192.8
20
520.6
0
VERTEX
8
L0D0
10
-1196.4
20
520.6
0
VERTEX
8
L0D0
10
-1196.4
20
748.8
0
VERTEX
8
L0D0
10
-1197.6
20
748.8
0
VERTEX
8
L0D0
10
-1197.6
20
520.6
0
VERTEX
8
L0D0
10
-1201.2
20
520.6
0
VERTEX
8
L0D0
10
-1201.2
20
748.8
0
VERTEX
8
L0D0
10
-1202.4
20
748.8
0
VERTEX
8
L0D0
10
-1202.4
20
520.6
0
VERTEX
8
L0D0
10
-1206
20
520.6
0
VERTEX
8
L0D0
10
-1206
20
748.8
0
VERTEX
8
L0D0
10
-1207.2
20
748.8
0
VERTEX
8
L0D0
10
-1207.2
20
520.6
0
VERTEX
8
L0D0
10
-1210.8
20
520.6
0
VERTEX
8
L0D0
10
-1210.8
20
748.8
0
VERTEX
8
L0D0
10
-1212
20
748.8
0
VERTEX
8
L0D0
10
-1212
20
520.6
0
VERTEX
8
L0D0
10
-1215.6
20
520.6
0
VERTEX
8
L0D0
10
-1215.6
20
748.8
0
VERTEX
8
L0D0
10
-1216.8
20
748.8
0
VERTEX
8
L0D0
10
-1216.8
20
520.6
0
VERTEX
8
L0D0
10
-1220.4
20
520.6
0
VERTEX
8
L0D0
10
-1220.4
20
748.8
0
VERTEX
8
L0D0
10
-1221.6
20
748.8
0
VERTEX
8
L0D0
10
-1221.6
20
520.6
0
VERTEX
8
L0D0
10
-1225.2
20
520.6
0
VERTEX
8
L0D0
10
-1225.2
20
748.8
0
VERTEX
8
L0D0
10
-1226.4
20
748.8
0
VERTEX
8
L0D0
10
-1226.4
20
520.6
0
VERTEX
8
L0D0
10
-1230
20
520.6
0
VERTEX
8
L0D0
10
-1230
20
748.8
0
VERTEX
8
L0D0
10
-1231.2
20
748.8
0
VERTEX
8
L0D0
10
-1231.2
20
520.6
0
VERTEX
8
L0D0
10
-1234.8
20
520.6
0
VERTEX
8
L0D0
10
-1234.8
20
748.8
0
VERTEX
8
L0D0
10
-1236
20
748.8
0
VERTEX
8
L0D0
10
-1236
20
520.6
0
VERTEX
8
L0D0
10
-1239.6
20
520.6
0
VERTEX
8
L0D0
10
-1239.6
20
748.8
0
VERTEX
8
L0D0
10
-1240.8
20
748.8
0
VERTEX
8
L0D0
10
-1240.8
20
520.6
0
VERTEX
8
L0D0
10
-1244.4
20
520.6
0
VERTEX
8
L0D0
10
-1244.4
20
748.8
0
VERTEX
8
L0D0
10
-1245.6
20
748.8
0
VERTEX
8
L0D0
10
-1245.6
20
520.6
0
VERTEX
8
L0D0
10
-1249.2
20
520.6
0
VERTEX
8
L0D0
10
-1249.2
20
748.8
0
VERTEX
8
L0D0
10
-1250.4
20
748.8
0
VERTEX
8
L0D0
10
-1250.4
20
520.6
0
VERTEX
8
L0D0
10
-1254
20
520.6
0
VERTEX
8
L0D0
10
-1254
20
748.8
0
VERTEX
8
L0D0
10
-1255.2
20
748.8
0
VERTEX
8
L0D0
10
-1255.2
20
520.6
0
VERTEX
8
L0D0
10
-1258.8
20
520.6
0
VERTEX
8
L0D0
10
-1258.8
20
748.8
0
VERTEX
8
L0D0
10
-1260
20
748.8
0
VERTEX
8
L0D0
10
-1260
20
520.6
0
VERTEX
8
L0D0
10
-1263.6
20
520.6
0
VERTEX
8
L0D0
10
-1263.6
20
748.8
0
VERTEX
8
L0D0
10
-1264.8
20
748.8
0
VERTEX
8
L0D0
10
-1264.8
20
520.6
0
VERTEX
8
L0D0
10
-1268.4
20
520.6
0
VERTEX
8
L0D0
10
-1268.4
20
748.8
0
VERTEX
8
L0D0
10
-1269.6
20
748.8
0
VERTEX
8
L0D0
10
-1269.6
20
520.6
0
VERTEX
8
L0D0
10
-1273.2
20
520.6
0
VERTEX
8
L0D0
10
-1273.2
20
748.8
0
VERTEX
8
L0D0
10
-1274.4
20
748.8
0
VERTEX
8
L0D0
10
-1274.4
20
520.6
0
VERTEX
8
L0D0
10
-1278
20
520.6
0
VERTEX
8
L0D0
10
-1278
20
748.8
0
VERTEX
8
L0D0
10
-1279.2
20
748.8
0
VERTEX
8
L0D0
10
-1279.2
20
520.6
0
VERTEX
8
L0D0
10
-1282.8
20
520.6
0
VERTEX
8
L0D0
10
-1282.8
20
748.8
0
VERTEX
8
L0D0
10
-1284
20
748.8
0
VERTEX
8
L0D0
10
-1284
20
520.6
0
VERTEX
8
L0D0
10
-1287.6
20
520.6
0
VERTEX
8
L0D0
10
-1287.6
20
748.8
0
VERTEX
8
L0D0
10
-1288.8
20
748.8
0
VERTEX
8
L0D0
10
-1288.8
20
520.6
0
VERTEX
8
L0D0
10
-1292.4
20
520.6
0
VERTEX
8
L0D0
10
-1292.4
20
748.8
0
VERTEX
8
L0D0
10
-1293.6
20
748.8
0
VERTEX
8
L0D0
10
-1293.6
20
520.6
0
VERTEX
8
L0D0
10
-1297.2
20
520.6
0
VERTEX
8
L0D0
10
-1297.2
20
748.8
0
VERTEX
8
L0D0
10
-1298.4
20
748.8
0
VERTEX
8
L0D0
10
-1298.4
20
520.6
0
VERTEX
8
L0D0
10
-1308
20
520.6
0
VERTEX
8
L0D0
10
-1308
20
291.8
0
VERTEX
8
L0D0
10
-1309.2
20
291.8
0
VERTEX
8
L0D0
10
-1309.2
20
749.4
0
VERTEX
8
L0D0
10
-1312.8
20
749.4
0
VERTEX
8
L0D0
10
-1312.8
20
291.8
0
VERTEX
8
L0D0
10
-1314
20
291.8
0
VERTEX
8
L0D0
10
-1314
20
749.4
0
VERTEX
8
L0D0
10
-1317.6
20
749.4
0
VERTEX
8
L0D0
10
-1317.6
20
291.8
0
VERTEX
8
L0D0
10
-1318.8
20
291.8
0
VERTEX
8
L0D0
10
-1318.8
20
749.4
0
VERTEX
8
L0D0
10
-1322.4
20
749.4
0
VERTEX
8
L0D0
10
-1322.4
20
291.8
0
VERTEX
8
L0D0
10
-1323.6
20
291.8
0
VERTEX
8
L0D0
10
-1323.6
20
749.4
0
VERTEX
8
L0D0
10
-1327.2
20
749.4
0
VERTEX
8
L0D0
10
-1327.2
20
291.8
0
VERTEX
8
L0D0
10
-1328.4
20
291.8
0
VERTEX
8
L0D0
10
-1328.4
20
749.4
0
VERTEX
8
L0D0
10
-1332
20
749.4
0
VERTEX
8
L0D0
10
-1332
20
291.8
0
VERTEX
8
L0D0
10
-1333.2
20
291.8
0
VERTEX
8
L0D0
10
-1333.2
20
749.4
0
VERTEX
8
L0D0
10
-1336.8
20
749.4
0
VERTEX
8
L0D0
10
-1336.8
20
291.8
0
VERTEX
8
L0D0
10
-1338
20
291.8
0
VERTEX
8
L0D0
10
-1338
20
749.4
0
VERTEX
8
L0D0
10
-1341.6
20
749.4
0
VERTEX
8
L0D0
10
-1341.6
20
291.8
0
VERTEX
8
L0D0
10
-1342.8
20
291.8
0
VERTEX
8
L0D0
10
-1342.8
20
749.4
0
VERTEX
8
L0D0
10
-1346.4
20
749.4
0
VERTEX
8
L0D0
10
-1346.4
20
291.8
0
VERTEX
8
L0D0
10
-1347.6
20
291.8
0
VERTEX
8
L0D0
10
-1347.6
20
749.4
0
VERTEX
8
L0D0
10
-1351.2
20
749.4
0
VERTEX
8
L0D0
10
-1351.2
20
291.8
0
VERTEX
8
L0D0
10
-1352.4
20
291.8
0
VERTEX
8
L0D0
10
-1352.4
20
749.4
0
VERTEX
8
L0D0
10
-1356
20
749.4
0
VERTEX
8
L0D0
10
-1356
20
291.8
0
VERTEX
8
L0D0
10
-1357.2
20
291.8
0
VERTEX
8
L0D0
10
-1357.2
20
749.4
0
VERTEX
8
L0D0
10
-1360.8
20
749.4
0
VERTEX
8
L0D0
10
-1360.8
20
291.8
0
VERTEX
8
L0D0
10
-1362
20
291.8
0
VERTEX
8
L0D0
10
-1362
20
749.4
0
VERTEX
8
L0D0
10
-1365.6
20
749.4
0
VERTEX
8
L0D0
10
-1365.6
20
291.8
0
VERTEX
8
L0D0
10
-1366.8
20
291.8
0
VERTEX
8
L0D0
10
-1366.8
20
749.4
0
VERTEX
8
L0D0
10
-1370.4
20
749.4
0
VERTEX
8
L0D0
10
-1370.4
20
291.8
0
VERTEX
8
L0D0
10
-1371.6
20
291.8
0
VERTEX
8
L0D0
10
-1371.6
20
749.4
0
VERTEX
8
L0D0
10
-1375.2
20
749.4
0
VERTEX
8
L0D0
10
-1375.2
20
291.8
0
VERTEX
8
L0D0
10
-1376.4
20
291.8
0
VERTEX
8
L0D0
10
-1376.4
20
749.4
0
VERTEX
8
L0D0
10
-1380
20
749.4
0
VERTEX
8
L0D0
10
-1380
20
291.8
0
VERTEX
8
L0D0
10
-1381.2
20
291.8
0
VERTEX
8
L0D0
10
-1381.2
20
749.4
0
VERTEX
8
L0D0
10
-1384.8
20
749.4
0
VERTEX
8
L0D0
10
-1384.8
20
291.8
0
VERTEX
8
L0D0
10
-1386
20
291.8
0
VERTEX
8
L0D0
10
-1386
20
749.4
0
VERTEX
8
L0D0
10
-1389.6
20
749.4
0
VERTEX
8
L0D0
10
-1389.6
20
291.8
0
VERTEX
8
L0D0
10
-1390.8
20
291.8
0
VERTEX
8
L0D0
10
-1390.8
20
749.4
0
VERTEX
8
L0D0
10
-1394.4
20
749.4
0
VERTEX
8
L0D0
10
-1394.4
20
291.8
0
VERTEX
8
L0D0
10
-1395.6
20
291.8
0
VERTEX
8
L0D0
10
-1395.6
20
749.4
0
VERTEX
8
L0D0
10
-1399.2
20
749.4
0
VERTEX
8
L0D0
10
-1399.2
20
291.8
0
VERTEX
8
L0D0
10
-1400.4
20
291.8
0
VERTEX
8
L0D0
10
-1400.4
20
749.4
0
VERTEX
8
L0D0
10
-1404
20
749.4
0
VERTEX
8
L0D0
10
-1404
20
291.8
0
VERTEX
8
L0D0
10
-1405.2
20
291.8
0
VERTEX
8
L0D0
10
-1405.2
20
749.4
0
VERTEX
8
L0D0
10
-1408.8
20
749.4
0
VERTEX
8
L0D0
10
-1408.8
20
291.8
0
VERTEX
8
L0D0
10
-1410
20
291.8
0
VERTEX
8
L0D0
10
-1410
20
749.4
0
VERTEX
8
L0D0
10
-1413.6
20
749.4
0
VERTEX
8
L0D0
10
-1413.6
20
291.8
0
VERTEX
8
L0D0
10
-1414.8
20
291.8
0
VERTEX
8
L0D0
10
-1414.8
20
749.4
0
VERTEX
8
L0D0
10
-1418.4
20
749.4
0
VERTEX
8
L0D0
10
-1418.4
20
291.8
0
VERTEX
8
L0D0
10
-1419.6
20
291.8
0
VERTEX
8
L0D0
10
-1419.6
20
749.4
0
VERTEX
8
L0D0
10
-1423.2
20
749.4
0
VERTEX
8
L0D0
10
-1423.2
20
291.8
0
VERTEX
8
L0D0
10
-1424.4
20
291.8
0
VERTEX
8
L0D0
10
-1424.4
20
749.4
0
VERTEX
8
L0D0
10
-1428
20
749.4
0
VERTEX
8
L0D0
10
-1428
20
291.8
0
VERTEX
8
L0D0
10
-1429.2
20
291.8
0
VERTEX
8
L0D0
10
-1429.2
20
749.4
0
VERTEX
8
L0D0
10
-1432.8
20
749.4
0
VERTEX
8
L0D0
10
-1432.8
20
291.8
0
VERTEX
8
L0D0
10
-1434
20
291.8
0
VERTEX
8
L0D0
10
-1434
20
749.4
0
VERTEX
8
L0D0
10
-1437.6
20
749.4
0
VERTEX
8
L0D0
10
-1437.6
20
291.8
0
VERTEX
8
L0D0
10
-1438.8
20
291.8
0
VERTEX
8
L0D0
10
-1438.8
20
749.4
0
VERTEX
8
L0D0
10
-1442.4
20
749.4
0
VERTEX
8
L0D0
10
-1442.4
20
291.8
0
VERTEX
8
L0D0
10
-1443.6
20
291.8
0
VERTEX
8
L0D0
10
-1443.6
20
749.4
0
VERTEX
8
L0D0
10
-1447.2
20
749.4
0
VERTEX
8
L0D0
10
-1447.2
20
291.8
0
VERTEX
8
L0D0
10
-1448.4
20
291.8
0
VERTEX
8
L0D0
10
-1448.4
20
749.4
0
VERTEX
8
L0D0
10
-1452
20
749.4
0
VERTEX
8
L0D0
10
-1452
20
291.8
0
VERTEX
8
L0D0
10
-1453.2
20
291.8
0
VERTEX
8
L0D0
10
-1453.2
20
749.4
0
VERTEX
8
L0D0
10
-1456.8
20
749.4
0
VERTEX
8
L0D0
10
-1456.8
20
291.8
0
VERTEX
8
L0D0
10
-1458
20
291.8
0
VERTEX
8
L0D0
10
-1458
20
749.4
0
VERTEX
8
L0D0
10
-1461.6
20
749.4
0
VERTEX
8
L0D0
10
-1461.6
20
291.8
0
VERTEX
8
L0D0
10
-1462.8
20
291.8
0
VERTEX
8
L0D0
10
-1462.8
20
749.4
0
VERTEX
8
L0D0
10
-1466.4
20
749.4
0
VERTEX
8
L0D0
10
-1466.4
20
291.8
0
VERTEX
8
L0D0
10
-1467.6
20
291.8
0
VERTEX
8
L0D0
10
-1467.6
20
749.4
0
VERTEX
8
L0D0
10
-1471.2
20
749.4
0
VERTEX
8
L0D0
10
-1471.2
20
291.8
0
VERTEX
8
L0D0
10
-1472.4
20
291.8
0
VERTEX
8
L0D0
10
-1472.4
20
749.4
0
VERTEX
8
L0D0
10
-1476
20
749.4
0
VERTEX
8
L0D0
10
-1476
20
291.8
0
VERTEX
8
L0D0
10
-1477.2
20
291.8
0
VERTEX
8
L0D0
10
-1477.2
20
749.4
0
VERTEX
8
L0D0
10
-1480.8
20
749.4
0
VERTEX
8
L0D0
10
-1480.8
20
291.8
0
VERTEX
8
L0D0
10
-1482
20
291.8
0
VERTEX
8
L0D0
10
-1482
20
749.4
0
VERTEX
8
L0D0
10
-1485.6
20
749.4
0
VERTEX
8
L0D0
10
-1485.6
20
291.8
0
VERTEX
8
L0D0
10
-1486.8
20
291.8
0
VERTEX
8
L0D0
10
-1486.8
20
749.4
0
VERTEX
8
L0D0
10
-1490.4
20
749.4
0
VERTEX
8
L0D0
10
-1490.4
20
291.8
0
VERTEX
8
L0D0
10
-1491.6
20
291.8
0
VERTEX
8
L0D0
10
-1491.6
20
749.4
0
VERTEX
8
L0D0
10
-1495.2
20
749.4
0
VERTEX
8
L0D0
10
-1495.2
20
291.8
0
VERTEX
8
L0D0
10
-1496.4
20
291.8
0
VERTEX
8
L0D0
10
-1496.4
20
749.4
0
VERTEX
8
L0D0
10
-1500
20
749.4
0
VERTEX
8
L0D0
10
-1500
20
520.6
0
VERTEX
8
L0D0
10
-1508.4
20
520.6
0
VERTEX
8
L0D0
10
-1508.4
20
748.8
0
VERTEX
8
L0D0
10
-1509.6
20
748.8
0
VERTEX
8
L0D0
10
-1509.6
20
520.6
0
VERTEX
8
L0D0
10
-1513.2
20
520.6
0
VERTEX
8
L0D0
10
-1513.2
20
748.8
0
VERTEX
8
L0D0
10
-1514.4
20
748.8
0
VERTEX
8
L0D0
10
-1514.4
20
520.6
0
VERTEX
8
L0D0
10
-1518
20
520.6
0
VERTEX
8
L0D0
10
-1518
20
748.8
0
VERTEX
8
L0D0
10
-1519.2
20
748.8
0
VERTEX
8
L0D0
10
-1519.2
20
520.6
0
VERTEX
8
L0D0
10
-1522.8
20
520.6
0
VERTEX
8
L0D0
10
-1522.8
20
748.8
0
VERTEX
8
L0D0
10
-1524
20
748.8
0
VERTEX
8
L0D0
10
-1524
20
520.6
0
VERTEX
8
L0D0
10
-1527.6
20
520.6
0
VERTEX
8
L0D0
10
-1527.6
20
748.8
0
VERTEX
8
L0D0
10
-1528.8
20
748.8
0
VERTEX
8
L0D0
10
-1528.8
20
520.6
0
VERTEX
8
L0D0
10
-1532.4
20
520.6
0
VERTEX
8
L0D0
10
-1532.4
20
748.8
0
VERTEX
8
L0D0
10
-1533.6
20
748.8
0
VERTEX
8
L0D0
10
-1533.6
20
520.6
0
VERTEX
8
L0D0
10
-1537.2
20
520.6
0
VERTEX
8
L0D0
10
-1537.2
20
748.8
0
VERTEX
8
L0D0
10
-1538.4
20
748.8
0
VERTEX
8
L0D0
10
-1538.4
20
520.6
0
VERTEX
8
L0D0
10
-1542
20
520.6
0
VERTEX
8
L0D0
10
-1542
20
748.8
0
VERTEX
8
L0D0
10
-1543.2
20
748.8
0
VERTEX
8
L0D0
10
-1543.2
20
520.6
0
VERTEX
8
L0D0
10
-1546.8
20
520.6
0
VERTEX
8
L0D0
10
-1546.8
20
748.8
0
VERTEX
8
L0D0
10
-1548
20
748.8
0
VERTEX
8
L0D0
10
-1548
20
520.6
0
VERTEX
8
L0D0
10
-1551.6
20
520.6
0
VERTEX
8
L0D0
10
-1551.6
20
748.8
0
VERTEX
8
L0D0
10
-1552.8
20
748.8
0
VERTEX
8
L0D0
10
-1552.8
20
520.6
0
VERTEX
8
L0D0
10
-1556.4
20
520.6
0
VERTEX
8
L0D0
10
-1556.4
20
748.8
0
VERTEX
8
L0D0
10
-1557.6
20
748.8
0
VERTEX
8
L0D0
10
-1557.6
20
520.6
0
VERTEX
8
L0D0
10
-1561.2
20
520.6
0
VERTEX
8
L0D0
10
-1561.2
20
748.8
0
VERTEX
8
L0D0
10
-1562.4
20
748.8
0
VERTEX
8
L0D0
10
-1562.4
20
520.6
0
VERTEX
8
L0D0
10
-1566
20
520.6
0
VERTEX
8
L0D0
10
-1566
20
748.8
0
VERTEX
8
L0D0
10
-1567.2
20
748.8
0
VERTEX
8
L0D0
10
-1567.2
20
520.6
0
VERTEX
8
L0D0
10
-1570.8
20
520.6
0
VERTEX
8
L0D0
10
-1570.8
20
748.8
0
VERTEX
8
L0D0
10
-1572
20
748.8
0
VERTEX
8
L0D0
10
-1572
20
520.6
0
VERTEX
8
L0D0
10
-1575.6
20
520.6
0
VERTEX
8
L0D0
10
-1575.6
20
748.8
0
VERTEX
8
L0D0
10
-1576.8
20
748.8
0
VERTEX
8
L0D0
10
-1576.8
20
520.6
0
VERTEX
8
L0D0
10
-1580.4
20
520.6
0
VERTEX
8
L0D0
10
-1580.4
20
748.8
0
VERTEX
8
L0D0
10
-1581.6
20
748.8
0
VERTEX
8
L0D0
10
-1581.6
20
520.6
0
VERTEX
8
L0D0
10
-1585.2
20
520.6
0
VERTEX
8
L0D0
10
-1585.2
20
748.8
0
VERTEX
8
L0D0
10
-1586.4
20
748.8
0
VERTEX
8
L0D0
10
-1586.4
20
520.6
0
VERTEX
8
L0D0
10
-1590
20
520.6
0
VERTEX
8
L0D0
10
-1590
20
748.8
0
VERTEX
8
L0D0
10
-1591.2
20
748.8
0
VERTEX
8
L0D0
10
-1591.2
20
520.6
0
VERTEX
8
L0D0
10
-1594.8
20
520.6
0
VERTEX
8
L0D0
10
-1594.8
20
748.8
0
VERTEX
8
L0D0
10
-1596
20
748.8
0
VERTEX
8
L0D0
10
-1596
20
520.6
0
VERTEX
8
L0D0
10
-1599.6
20
520.6
0
VERTEX
8
L0D0
10
-1599.6
20
748.8
0
VERTEX
8
L0D0
10
-1600.8
20
748.8
0
VERTEX
8
L0D0
10
-1600.8
20
520.6
0
VERTEX
8
L0D0
10
-1604.4
20
520.6
0
VERTEX
8
L0D0
10
-1604.4
20
748.8
0
VERTEX
8
L0D0
10
-1605.6
20
748.8
0
VERTEX
8
L0D0
10
-1605.6
20
520.6
0
VERTEX
8
L0D0
10
-1609.2
20
520.6
0
VERTEX
8
L0D0
10
-1609.2
20
748.8
0
VERTEX
8
L0D0
10
-1610.4
20
748.8
0
VERTEX
8
L0D0
10
-1610.4
20
520.6
0
VERTEX
8
L0D0
10
-1614
20
520.6
0
VERTEX
8
L0D0
10
-1614
20
748.8
0
VERTEX
8
L0D0
10
-1615.2
20
748.8
0
VERTEX
8
L0D0
10
-1615.2
20
520.6
0
VERTEX
8
L0D0
10
-1618.8
20
520.6
0
VERTEX
8
L0D0
10
-1618.8
20
748.8
0
VERTEX
8
L0D0
10
-1620
20
748.8
0
VERTEX
8
L0D0
10
-1620
20
520.6
0
VERTEX
8
L0D0
10
-1623.6
20
520.6
0
VERTEX
8
L0D0
10
-1623.6
20
748.8
0
VERTEX
8
L0D0
10
-1624.8
20
748.8
0
VERTEX
8
L0D0
10
-1624.8
20
520.6
0
VERTEX
8
L0D0
10
-1628.4
20
520.6
0
VERTEX
8
L0D0
10
-1628.4
20
748.8
0
VERTEX
8
L0D0
10
-1629.6
20
748.8
0
VERTEX
8
L0D0
10
-1629.6
20
520.6
0
VERTEX
8
L0D0
10
-1633.2
20
520.6
0
VERTEX
8
L0D0
10
-1633.2
20
748.8
0
VERTEX
8
L0D0
10
-1634.4
20
748.8
0
VERTEX
8
L0D0
10
-1634.4
20
520.6
0
VERTEX
8
L0D0
10
-1638
20
520.6
0
VERTEX
8
L0D0
10
-1638
20
748.8
0
VERTEX
8
L0D0
10
-1639.2
20
748.8
0
VERTEX
8
L0D0
10
-1639.2
20
520.6
0
VERTEX
8
L0D0
10
-1642.8
20
520.6
0
VERTEX
8
L0D0
10
-1642.8
20
748.8
0
VERTEX
8
L0D0
10
-1644
20
748.8
0
VERTEX
8
L0D0
10
-1644
20
520.6
0
VERTEX
8
L0D0
10
-1647.6
20
520.6
0
VERTEX
8
L0D0
10
-1647.6
20
748.8
0
VERTEX
8
L0D0
10
-1648.8
20
748.8
0
VERTEX
8
L0D0
10
-1648.8
20
520.6
0
VERTEX
8
L0D0
10
-1652.4
20
520.6
0
VERTEX
8
L0D0
10
-1652.4
20
748.8
0
VERTEX
8
L0D0
10
-1653.6
20
748.8
0
VERTEX
8
L0D0
10
-1653.6
20
520.6
0
VERTEX
8
L0D0
10
-1657.2
20
520.6
0
VERTEX
8
L0D0
10
-1657.2
20
748.8
0
VERTEX
8
L0D0
10
-1658.4
20
748.8
0
VERTEX
8
L0D0
10
-1658.4
20
520.6
0
VERTEX
8
L0D0
10
-1662
20
520.6
0
VERTEX
8
L0D0
10
-1662
20
748.8
0
VERTEX
8
L0D0
10
-1663.2
20
748.8
0
VERTEX
8
L0D0
10
-1663.2
20
520.6
0
VERTEX
8
L0D0
10
-1666.8
20
520.6
0
VERTEX
8
L0D0
10
-1666.8
20
748.8
0
VERTEX
8
L0D0
10
-1668
20
748.8
0
VERTEX
8
L0D0
10
-1668
20
520.6
0
VERTEX
8
L0D0
10
-1671.6
20
520.6
0
VERTEX
8
L0D0
10
-1671.6
20
748.8
0
VERTEX
8
L0D0
10
-1672.8
20
748.8
0
VERTEX
8
L0D0
10
-1672.8
20
520.6
0
VERTEX
8
L0D0
10
-1676.4
20
520.6
0
VERTEX
8
L0D0
10
-1676.4
20
748.8
0
VERTEX
8
L0D0
10
-1677.6
20
748.8
0
VERTEX
8
L0D0
10
-1677.6
20
520.6
0
VERTEX
8
L0D0
10
-1681.2
20
520.6
0
VERTEX
8
L0D0
10
-1681.2
20
748.8
0
VERTEX
8
L0D0
10
-1682.4
20
748.8
0
VERTEX
8
L0D0
10
-1682.4
20
520.6
0
VERTEX
8
L0D0
10
-1686
20
520.6
0
VERTEX
8
L0D0
10
-1686
20
748.8
0
VERTEX
8
L0D0
10
-1687.2
20
748.8
0
VERTEX
8
L0D0
10
-1687.2
20
520.6
0
VERTEX
8
L0D0
10
-1690.8
20
520.6
0
VERTEX
8
L0D0
10
-1690.8
20
748.8
0
VERTEX
8
L0D0
10
-1692
20
748.8
0
VERTEX
8
L0D0
10
-1692
20
520.6
0
VERTEX
8
L0D0
10
-1695.6
20
520.6
0
VERTEX
8
L0D0
10
-1695.6
20
748.8
0
VERTEX
8
L0D0
10
-1696.8
20
748.8
0
VERTEX
8
L0D0
10
-1696.8
20
520.6
0
VERTEX
8
L0D0
10
-1705.2
20
520.6
0
VERTEX
8
L0D0
10
-1705.2
20
744.4
0
VERTEX
8
L0D0
10
-2151.6
20
744.4
0
VERTEX
8
L0D0
10
-2151.6
20
298
0
VERTEX
8
L0D0
10
-2157.6
20
298
0
VERTEX
8
L0D0
10
-2157.6
20
748
0
VERTEX
8
L0D0
10
-1701.6
20
748
0
VERTEX
8
L0D0
10
-1701.6
20
750
0
VERTEX
8
L0D0
10
-1699.2
20
750
0
VERTEX
8
L0D0
10
-1699.2
20
521.8
0
VERTEX
8
L0D0
10
-1698
20
521.8
0
VERTEX
8
L0D0
10
-1698
20
750
0
VERTEX
8
L0D0
10
-1694.4
20
750
0
VERTEX
8
L0D0
10
-1694.4
20
521.8
0
VERTEX
8
L0D0
10
-1693.2
20
521.8
0
VERTEX
8
L0D0
10
-1693.2
20
750
0
VERTEX
8
L0D0
10
-1689.6
20
750
0
VERTEX
8
L0D0
10
-1689.6
20
521.8
0
VERTEX
8
L0D0
10
-1688.4
20
521.8
0
VERTEX
8
L0D0
10
-1688.4
20
750
0
VERTEX
8
L0D0
10
-1684.8
20
750
0
VERTEX
8
L0D0
10
-1684.8
20
521.8
0
VERTEX
8
L0D0
10
-1683.6
20
521.8
0
VERTEX
8
L0D0
10
-1683.6
20
750
0
VERTEX
8
L0D0
10
-1680
20
750
0
VERTEX
8
L0D0
10
-1680
20
521.8
0
VERTEX
8
L0D0
10
-1678.8
20
521.8
0
VERTEX
8
L0D0
10
-1678.8
20
750
0
VERTEX
8
L0D0
10
-1675.2
20
750
0
VERTEX
8
L0D0
10
-1675.2
20
521.8
0
VERTEX
8
L0D0
10
-1674
20
521.8
0
VERTEX
8
L0D0
10
-1674
20
750
0
VERTEX
8
L0D0
10
-1670.4
20
750
0
VERTEX
8
L0D0
10
-1670.4
20
521.8
0
VERTEX
8
L0D0
10
-1669.2
20
521.8
0
VERTEX
8
L0D0
10
-1669.2
20
750
0
VERTEX
8
L0D0
10
-1665.6
20
750
0
VERTEX
8
L0D0
10
-1665.6
20
521.8
0
VERTEX
8
L0D0
10
-1664.4
20
521.8
0
VERTEX
8
L0D0
10
-1664.4
20
750
0
VERTEX
8
L0D0
10
-1660.8
20
750
0
VERTEX
8
L0D0
10
-1660.8
20
521.8
0
VERTEX
8
L0D0
10
-1659.6
20
521.8
0
VERTEX
8
L0D0
10
-1659.6
20
750
0
VERTEX
8
L0D0
10
-1656
20
750
0
VERTEX
8
L0D0
10
-1656
20
521.8
0
VERTEX
8
L0D0
10
-1654.8
20
521.8
0
VERTEX
8
L0D0
10
-1654.8
20
750
0
VERTEX
8
L0D0
10
-1651.2
20
750
0
VERTEX
8
L0D0
10
-1651.2
20
521.8
0
VERTEX
8
L0D0
10
-1650
20
521.8
0
VERTEX
8
L0D0
10
-1650
20
750
0
VERTEX
8
L0D0
10
-1646.4
20
750
0
VERTEX
8
L0D0
10
-1646.4
20
521.8
0
VERTEX
8
L0D0
10
-1645.2
20
521.8
0
VERTEX
8
L0D0
10
-1645.2
20
750
0
VERTEX
8
L0D0
10
-1641.6
20
750
0
VERTEX
8
L0D0
10
-1641.6
20
521.8
0
VERTEX
8
L0D0
10
-1640.4
20
521.8
0
VERTEX
8
L0D0
10
-1640.4
20
750
0
VERTEX
8
L0D0
10
-1636.8
20
750
0
VERTEX
8
L0D0
10
-1636.8
20
521.8
0
VERTEX
8
L0D0
10
-1635.6
20
521.8
0
VERTEX
8
L0D0
10
-1635.6
20
750
0
VERTEX
8
L0D0
10
-1632
20
750
0
VERTEX
8
L0D0
10
-1632
20
521.8
0
VERTEX
8
L0D0
10
-1630.8
20
521.8
0
VERTEX
8
L0D0
10
-1630.8
20
750
0
VERTEX
8
L0D0
10
-1627.2
20
750
0
VERTEX
8
L0D0
10
-1627.2
20
521.8
0
VERTEX
8
L0D0
10
-1626
20
521.8
0
VERTEX
8
L0D0
10
-1626
20
750
0
VERTEX
8
L0D0
10
-1622.4
20
750
0
VERTEX
8
L0D0
10
-1622.4
20
521.8
0
VERTEX
8
L0D0
10
-1621.2
20
521.8
0
VERTEX
8
L0D0
10
-1621.2
20
750
0
VERTEX
8
L0D0
10
-1617.6
20
750
0
VERTEX
8
L0D0
10
-1617.6
20
521.8
0
VERTEX
8
L0D0
10
-1616.4
20
521.8
0
VERTEX
8
L0D0
10
-1616.4
20
750
0
VERTEX
8
L0D0
10
-1612.8
20
750
0
VERTEX
8
L0D0
10
-1612.8
20
521.8
0
VERTEX
8
L0D0
10
-1611.6
20
521.8
0
VERTEX
8
L0D0
10
-1611.6
20
750
0
VERTEX
8
L0D0
10
-1608
20
750
0
VERTEX
8
L0D0
10
-1608
20
521.8
0
VERTEX
8
L0D0
10
-1606.8
20
521.8
0
VERTEX
8
L0D0
10
-1606.8
20
750
0
VERTEX
8
L0D0
10
-1603.2
20
750
0
VERTEX
8
L0D0
10
-1603.2
20
521.8
0
VERTEX
8
L0D0
10
-1602
20
521.8
0
VERTEX
8
L0D0
10
-1602
20
750
0
VERTEX
8
L0D0
10
-1598.4
20
750
0
VERTEX
8
L0D0
10
-1598.4
20
521.8
0
VERTEX
8
L0D0
10
-1597.2
20
521.8
0
VERTEX
8
L0D0
10
-1597.2
20
750
0
VERTEX
8
L0D0
10
-1593.6
20
750
0
VERTEX
8
L0D0
10
-1593.6
20
521.8
0
VERTEX
8
L0D0
10
-1592.4
20
521.8
0
VERTEX
8
L0D0
10
-1592.4
20
750
0
VERTEX
8
L0D0
10
-1588.8
20
750
0
VERTEX
8
L0D0
10
-1588.8
20
521.8
0
VERTEX
8
L0D0
10
-1587.6
20
521.8
0
VERTEX
8
L0D0
10
-1587.6
20
750
0
VERTEX
8
L0D0
10
-1584
20
750
0
VERTEX
8
L0D0
10
-1584
20
521.8
0
VERTEX
8
L0D0
10
-1582.8
20
521.8
0
VERTEX
8
L0D0
10
-1582.8
20
750
0
VERTEX
8
L0D0
10
-1579.2
20
750
0
VERTEX
8
L0D0
10
-1579.2
20
521.8
0
VERTEX
8
L0D0
10
-1578
20
521.8
0
VERTEX
8
L0D0
10
-1578
20
750
0
VERTEX
8
L0D0
10
-1574.4
20
750
0
VERTEX
8
L0D0
10
-1574.4
20
521.8
0
VERTEX
8
L0D0
10
-1573.2
20
521.8
0
VERTEX
8
L0D0
10
-1573.2
20
750
0
VERTEX
8
L0D0
10
-1569.6
20
750
0
VERTEX
8
L0D0
10
-1569.6
20
521.8
0
VERTEX
8
L0D0
10
-1568.4
20
521.8
0
VERTEX
8
L0D0
10
-1568.4
20
750
0
VERTEX
8
L0D0
10
-1564.8
20
750
0
VERTEX
8
L0D0
10
-1564.8
20
521.8
0
VERTEX
8
L0D0
10
-1563.6
20
521.8
0
VERTEX
8
L0D0
10
-1563.6
20
750
0
VERTEX
8
L0D0
10
-1560
20
750
0
VERTEX
8
L0D0
10
-1560
20
521.8
0
VERTEX
8
L0D0
10
-1558.8
20
521.8
0
VERTEX
8
L0D0
10
-1558.8
20
750
0
VERTEX
8
L0D0
10
-1555.2
20
750
0
VERTEX
8
L0D0
10
-1555.2
20
521.8
0
VERTEX
8
L0D0
10
-1554
20
521.8
0
VERTEX
8
L0D0
10
-1554
20
750
0
VERTEX
8
L0D0
10
-1550.4
20
750
0
VERTEX
8
L0D0
10
-1550.4
20
521.8
0
VERTEX
8
L0D0
10
-1549.2
20
521.8
0
VERTEX
8
L0D0
10
-1549.2
20
750
0
VERTEX
8
L0D0
10
-1545.6
20
750
0
VERTEX
8
L0D0
10
-1545.6
20
521.8
0
VERTEX
8
L0D0
10
-1544.4
20
521.8
0
VERTEX
8
L0D0
10
-1544.4
20
750
0
VERTEX
8
L0D0
10
-1540.8
20
750
0
VERTEX
8
L0D0
10
-1540.8
20
521.8
0
VERTEX
8
L0D0
10
-1539.6
20
521.8
0
VERTEX
8
L0D0
10
-1539.6
20
750
0
VERTEX
8
L0D0
10
-1536
20
750
0
VERTEX
8
L0D0
10
-1536
20
521.8
0
VERTEX
8
L0D0
10
-1534.8
20
521.8
0
VERTEX
8
L0D0
10
-1534.8
20
750
0
VERTEX
8
L0D0
10
-1531.2
20
750
0
VERTEX
8
L0D0
10
-1531.2
20
521.8
0
VERTEX
8
L0D0
10
-1530
20
521.8
0
VERTEX
8
L0D0
10
-1530
20
750
0
VERTEX
8
L0D0
10
-1526.4
20
750
0
VERTEX
8
L0D0
10
-1526.4
20
521.8
0
VERTEX
8
L0D0
10
-1525.2
20
521.8
0
VERTEX
8
L0D0
10
-1525.2
20
750
0
VERTEX
8
L0D0
10
-1521.6
20
750
0
VERTEX
8
L0D0
10
-1521.6
20
521.8
0
VERTEX
8
L0D0
10
-1520.4
20
521.8
0
VERTEX
8
L0D0
10
-1520.4
20
750
0
VERTEX
8
L0D0
10
-1516.8
20
750
0
VERTEX
8
L0D0
10
-1516.8
20
521.8
0
VERTEX
8
L0D0
10
-1515.6
20
521.8
0
VERTEX
8
L0D0
10
-1515.6
20
750
0
VERTEX
8
L0D0
10
-1512
20
750
0
VERTEX
8
L0D0
10
-1512
20
521.8
0
VERTEX
8
L0D0
10
-1510.8
20
521.8
0
VERTEX
8
L0D0
10
-1510.8
20
750
0
VERTEX
8
L0D0
10
-1507.2
20
750
0
VERTEX
8
L0D0
10
-1507.2
20
521.8
0
VERTEX
8
L0D0
10
-1506
20
521.8
0
VERTEX
8
L0D0
10
-1506
20
750
0
VERTEX
8
L0D0
10
-1502.4
20
750
0
VERTEX
8
L0D0
10
-1502.4
20
751.2
0
VERTEX
8
L0D0
10
-1303.2
20
751.2
0
VERTEX
8
L0D0
10
-1303.2
20
750
0
VERTEX
8
L0D0
10
-1300.8
20
750
0
VERTEX
8
L0D0
10
-1300.8
20
521.8
0
VERTEX
8
L0D0
10
-1299.6
20
521.8
0
VERTEX
8
L0D0
10
-1299.6
20
750
0
VERTEX
8
L0D0
10
-1296
20
750
0
VERTEX
8
L0D0
10
-1296
20
521.8
0
VERTEX
8
L0D0
10
-1294.8
20
521.8
0
VERTEX
8
L0D0
10
-1294.8
20
750
0
VERTEX
8
L0D0
10
-1291.2
20
750
0
VERTEX
8
L0D0
10
-1291.2
20
521.8
0
VERTEX
8
L0D0
10
-1290
20
521.8
0
VERTEX
8
L0D0
10
-1290
20
750
0
VERTEX
8
L0D0
10
-1286.4
20
750
0
VERTEX
8
L0D0
10
-1286.4
20
521.8
0
VERTEX
8
L0D0
10
-1285.2
20
521.8
0
VERTEX
8
L0D0
10
-1285.2
20
750
0
VERTEX
8
L0D0
10
-1281.6
20
750
0
VERTEX
8
L0D0
10
-1281.6
20
521.8
0
VERTEX
8
L0D0
10
-1280.4
20
521.8
0
VERTEX
8
L0D0
10
-1280.4
20
750
0
VERTEX
8
L0D0
10
-1276.8
20
750
0
VERTEX
8
L0D0
10
-1276.8
20
521.8
0
VERTEX
8
L0D0
10
-1275.6
20
521.8
0
VERTEX
8
L0D0
10
-1275.6
20
750
0
VERTEX
8
L0D0
10
-1272
20
750
0
VERTEX
8
L0D0
10
-1272
20
521.8
0
VERTEX
8
L0D0
10
-1270.8
20
521.8
0
VERTEX
8
L0D0
10
-1270.8
20
750
0
VERTEX
8
L0D0
10
-1267.2
20
750
0
VERTEX
8
L0D0
10
-1267.2
20
521.8
0
VERTEX
8
L0D0
10
-1266
20
521.8
0
VERTEX
8
L0D0
10
-1266
20
750
0
VERTEX
8
L0D0
10
-1262.4
20
750
0
VERTEX
8
L0D0
10
-1262.4
20
521.8
0
VERTEX
8
L0D0
10
-1261.2
20
521.8
0
VERTEX
8
L0D0
10
-1261.2
20
750
0
VERTEX
8
L0D0
10
-1257.6
20
750
0
VERTEX
8
L0D0
10
-1257.6
20
521.8
0
VERTEX
8
L0D0
10
-1256.4
20
521.8
0
VERTEX
8
L0D0
10
-1256.4
20
750
0
VERTEX
8
L0D0
10
-1252.8
20
750
0
VERTEX
8
L0D0
10
-1252.8
20
521.8
0
VERTEX
8
L0D0
10
-1251.6
20
521.8
0
VERTEX
8
L0D0
10
-1251.6
20
750
0
VERTEX
8
L0D0
10
-1248
20
750
0
VERTEX
8
L0D0
10
-1248
20
521.8
0
VERTEX
8
L0D0
10
-1246.8
20
521.8
0
VERTEX
8
L0D0
10
-1246.8
20
750
0
VERTEX
8
L0D0
10
-1243.2
20
750
0
VERTEX
8
L0D0
10
-1243.2
20
521.8
0
VERTEX
8
L0D0
10
-1242
20
521.8
0
VERTEX
8
L0D0
10
-1242
20
750
0
VERTEX
8
L0D0
10
-1238.4
20
750
0
VERTEX
8
L0D0
10
-1238.4
20
521.8
0
VERTEX
8
L0D0
10
-1237.2
20
521.8
0
VERTEX
8
L0D0
10
-1237.2
20
750
0
VERTEX
8
L0D0
10
-1233.6
20
750
0
VERTEX
8
L0D0
10
-1233.6
20
521.8
0
VERTEX
8
L0D0
10
-1232.4
20
521.8
0
VERTEX
8
L0D0
10
-1232.4
20
750
0
VERTEX
8
L0D0
10
-1228.8
20
750
0
VERTEX
8
L0D0
10
-1228.8
20
521.8
0
VERTEX
8
L0D0
10
-1227.6
20
521.8
0
VERTEX
8
L0D0
10
-1227.6
20
750
0
VERTEX
8
L0D0
10
-1224
20
750
0
VERTEX
8
L0D0
10
-1224
20
521.8
0
VERTEX
8
L0D0
10
-1222.8
20
521.8
0
VERTEX
8
L0D0
10
-1222.8
20
750
0
VERTEX
8
L0D0
10
-1219.2
20
750
0
VERTEX
8
L0D0
10
-1219.2
20
521.8
0
VERTEX
8
L0D0
10
-1218
20
521.8
0
VERTEX
8
L0D0
10
-1218
20
750
0
VERTEX
8
L0D0
10
-1214.4
20
750
0
VERTEX
8
L0D0
10
-1214.4
20
521.8
0
VERTEX
8
L0D0
10
-1213.2
20
521.8
0
VERTEX
8
L0D0
10
-1213.2
20
750
0
VERTEX
8
L0D0
10
-1209.6
20
750
0
VERTEX
8
L0D0
10
-1209.6
20
521.8
0
VERTEX
8
L0D0
10
-1208.4
20
521.8
0
VERTEX
8
L0D0
10
-1208.4
20
750
0
VERTEX
8
L0D0
10
-1204.8
20
750
0
VERTEX
8
L0D0
10
-1204.8
20
521.8
0
VERTEX
8
L0D0
10
-1203.6
20
521.8
0
VERTEX
8
L0D0
10
-1203.6
20
750
0
VERTEX
8
L0D0
10
-1200
20
750
0
VERTEX
8
L0D0
10
-1200
20
521.8
0
VERTEX
8
L0D0
10
-1198.8
20
521.8
0
VERTEX
8
L0D0
10
-1198.8
20
750
0
VERTEX
8
L0D0
10
-1195.2
20
750
0
VERTEX
8
L0D0
10
-1195.2
20
521.8
0
VERTEX
8
L0D0
10
-1194
20
521.8
0
VERTEX
8
L0D0
10
-1194
20
750
0
VERTEX
8
L0D0
10
-1190.4
20
750
0
VERTEX
8
L0D0
10
-1190.4
20
521.8
0
VERTEX
8
L0D0
10
-1189.2
20
521.8
0
VERTEX
8
L0D0
10
-1189.2
20
750
0
VERTEX
8
L0D0
10
-1185.6
20
750
0
VERTEX
8
L0D0
10
-1185.6
20
521.8
0
VERTEX
8
L0D0
10
-1184.4
20
521.8
0
VERTEX
8
L0D0
10
-1184.4
20
750
0
VERTEX
8
L0D0
10
-1180.8
20
750
0
VERTEX
8
L0D0
10
-1180.8
20
521.8
0
VERTEX
8
L0D0
10
-1179.6
20
521.8
0
VERTEX
8
L0D0
10
-1179.6
20
750
0
VERTEX
8
L0D0
10
-1176
20
750
0
VERTEX
8
L0D0
10
-1176
20
521.8
0
VERTEX
8
L0D0
10
-1174.8
20
521.8
0
VERTEX
8
L0D0
10
-1174.8
20
750
0
VERTEX
8
L0D0
10
-1171.2
20
750
0
VERTEX
8
L0D0
10
-1171.2
20
521.8
0
VERTEX
8
L0D0
10
-1170
20
521.8
0
VERTEX
8
L0D0
10
-1170
20
750
0
VERTEX
8
L0D0
10
-1166.4
20
750
0
VERTEX
8
L0D0
10
-1166.4
20
521.8
0
VERTEX
8
L0D0
10
-1165.2
20
521.8
0
VERTEX
8
L0D0
10
-1165.2
20
750
0
VERTEX
8
L0D0
10
-1161.6
20
750
0
VERTEX
8
L0D0
10
-1161.6
20
521.8
0
VERTEX
8
L0D0
10
-1160.4
20
521.8
0
VERTEX
8
L0D0
10
-1160.4
20
750
0
VERTEX
8
L0D0
10
-1156.8
20
750
0
VERTEX
8
L0D0
10
-1156.8
20
521.8
0
VERTEX
8
L0D0
10
-1155.6
20
521.8
0
VERTEX
8
L0D0
10
-1155.6
20
750
0
VERTEX
8
L0D0
10
-1152
20
750
0
VERTEX
8
L0D0
10
-1152
20
521.4
0
VERTEX
8
L0D0
10
-652
20
521.4
0
VERTEX
8
L0D0
10
-649.156
20
521.36
0
VERTEX
8
L0D0
10
-646.314
20
521.24
0
VERTEX
8
L0D0
10
-643.477
20
521.041
0
VERTEX
8
L0D0
10
-640.647
20
520.762
0
VERTEX
8
L0D0
10
-637.825
20
520.404
0
VERTEX
8
L0D0
10
-635.015
20
519.967
0
VERTEX
8
L0D0
10
-632.218
20
519.452
0
VERTEX
8
L0D0
10
-629.436
20
518.858
0
VERTEX
8
L0D0
10
-626.673
20
518.186
0
VERTEX
8
L0D0
10
-623.929
20
517.437
0
VERTEX
8
L0D0
10
-621.207
20
516.611
0
VERTEX
8
L0D0
10
-618.51
20
515.71
0
VERTEX
8
L0D0
10
-615.839
20
514.733
0
VERTEX
8
L0D0
10
-613.196
20
513.681
0
VERTEX
8
L0D0
10
-610.584
20
512.556
0
VERTEX
8
L0D0
10
-608.004
20
511.358
0
VERTEX
8
L0D0
10
-605.459
20
510.088
0
VERTEX
8
L0D0
10
-602.951
20
508.748
0
VERTEX
8
L0D0
10
-600.481
20
507.337
0
VERTEX
8
L0D0
10
-598.052
20
505.858
0
VERTEX
8
L0D0
10
-595.665
20
504.311
0
VERTEX
8
L0D0
10
-593.323
20
502.698
0
VERTEX
8
L0D0
10
-591.026
20
501.02
0
VERTEX
8
L0D0
10
-588.778
20
499.278
0
VERTEX
8
L0D0
10
-586.58
20
497.473
0
VERTEX
8
L0D0
10
-584.432
20
495.608
0
VERTEX
8
L0D0
10
-582.339
20
493.683
0
VERTEX
8
L0D0
10
-580.299
20
491.701
0
VERTEX
8
L0D0
10
-578.317
20
489.661
0
VERTEX
8
L0D0
10
-576.392
20
487.568
0
VERTEX
8
L0D0
10
-574.527
20
485.42
0
VERTEX
8
L0D0
10
-572.722
20
483.222
0
VERTEX
8
L0D0
10
-570.98
20
480.974
0
VERTEX
8
L0D0
10
-569.302
20
478.677
0
VERTEX
8
L0D0
10
-567.689
20
476.335
0
VERTEX
8
L0D0
10
-566.142
20
473.948
0
VERTEX
8
L0D0
10
-564.663
20
471.519
0
VERTEX
8
L0D0
10
-563.252
20
469.049
0
VERTEX
8
L0D0
10
-561.912
20
466.541
0
VERTEX
8
L0D0
10
-560.642
20
463.996
0
VERTEX
8
L0D0
10
-559.444
20
461.416
0
VERTEX
8
L0D0
10
-558.319
20
458.804
0
VERTEX
8
L0D0
10
-557.267
20
456.161
0
VERTEX
8
L0D0
10
-556.29
20
453.49
0
VERTEX
8
L0D0
10
-555.389
20
450.793
0
VERTEX
8
L0D0
10
-554.563
20
448.071
0
VERTEX
8
L0D0
10
-553.814
20
445.327
0
VERTEX
8
L0D0
10
-553.142
20
442.564
0
VERTEX
8
L0D0
10
-552.548
20
439.782
0
VERTEX
8
L0D0
10
-552.033
20
436.985
0
VERTEX
8
L0D0
10
-551.596
20
434.175
0
VERTEX
8
L0D0
10
-551.4
20
432.633
0
VERTEX
8
L0D0
10
-551.4
20
570
0
VERTEX
8
L0D0
10
-551.439
20
572.77
0
VERTEX
8
L0D0
10
-551.556
20
575.538
0
VERTEX
8
L0D0
10
-551.75
20
578.302
0
VERTEX
8
L0D0
10
-552.022
20
581.059
0
VERTEX
8
L0D0
10
-552.372
20
583.808
0
VERTEX
8
L0D0
10
-552.798
20
586.545
0
VERTEX
8
L0D0
10
-553.301
20
589.27
0
VERTEX
8
L0D0
10
-553.881
20
591.979
0
VERTEX
8
L0D0
10
-554.536
20
594.671
0
VERTEX
8
L0D0
10
-555.267
20
597.343
0
VERTEX
8
L0D0
10
-556.073
20
599.994
0
VERTEX
8
L0D0
10
-556.953
20
602.621
0
VERTEX
8
L0D0
10
-557.906
20
605.223
0
VERTEX
8
L0D0
10
-558.932
20
607.796
0
VERTEX
8
L0D0
10
-560.03
20
610.34
0
VERTEX
8
L0D0
10
-561.199
20
612.852
0
VERTEX
8
L0D0
10
-562.438
20
615.33
0
VERTEX
8
L0D0
10
-563.746
20
617.772
0
VERTEX
8
L0D0
10
-565.122
20
620.177
0
VERTEX
8
L0D0
10
-566.565
20
622.542
0
VERTEX
8
L0D0
10
-568.075
20
624.865
0
VERTEX
8
L0D0
10
-569.648
20
627.145
0
VERTEX
8
L0D0
10
-571.286
20
629.38
0
VERTEX
8
L0D0
10
-572.985
20
631.568
0
VERTEX
8
L0D0
10
-574.745
20
633.708
0
VERTEX
8
L0D0
10
-576.565
20
635.797
0
VERTEX
8
L0D0
10
-578.443
20
637.834
0
VERTEX
8
L0D0
10
-580.377
20
639.818
0
VERTEX
8
L0D0
10
-582.366
20
641.747
0
VERTEX
8
L0D0
10
-584.408
20
643.619
0
VERTEX
8
L0D0
10
-586.503
20
645.432
0
VERTEX
8
L0D0
10
-588.647
20
647.187
0
VERTEX
8
L0D0
10
-590.84
20
648.88
0
VERTEX
8
L0D0
10
-950.84
20
918.88
0
VERTEX
8
L0D0
10
-950.36
20
919.52
0
VERTEX
8
L0D0
10
-590.36
20
649.52
0
VERTEX
8
L0D0
10
-588.149
20
647.813
0
VERTEX
8
L0D0
10
-585.988
20
646.044
0
VERTEX
8
L0D0
10
-583.876
20
644.216
0
VERTEX
8
L0D0
10
-581.817
20
642.329
0
VERTEX
8
L0D0
10
-579.812
20
640.385
0
VERTEX
8
L0D0
10
-577.862
20
638.385
0
VERTEX
8
L0D0
10
-575.969
20
636.331
0
VERTEX
8
L0D0
10
-574.135
20
634.225
0
VERTEX
8
L0D0
10
-572.36
20
632.068
0
VERTEX
8
L0D0
10
-570.647
20
629.862
0
VERTEX
8
L0D0
10
-568.996
20
627.609
0
VERTEX
8
L0D0
10
-567.41
20
625.31
0
VERTEX
8
L0D0
10
-565.888
20
622.968
0
VERTEX
8
L0D0
10
-564.433
20
620.584
0
VERTEX
8
L0D0
10
-563.046
20
618.16
0
VERTEX
8
L0D0
10
-561.727
20
615.698
0
VERTEX
8
L0D0
10
-560.478
20
613.2
0
VERTEX
8
L0D0
10
-559.3
20
610.667
0
VERTEX
8
L0D0
10
-558.193
20
608.103
0
VERTEX
8
L0D0
10
-557.159
20
605.508
0
VERTEX
8
L0D0
10
-556.198
20
602.886
0
VERTEX
8
L0D0
10
-555.311
20
600.237
0
VERTEX
8
L0D0
10
-554.499
20
597.565
0
VERTEX
8
L0D0
10
-553.762
20
594.871
0
VERTEX
8
L0D0
10
-553.101
20
592.157
0
VERTEX
8
L0D0
10
-552.517
20
589.426
0
VERTEX
8
L0D0
10
-552.009
20
586.679
0
VERTEX
8
L0D0
10
-551.579
20
583.92
0
VERTEX
8
L0D0
10
-551.227
20
581.149
0
VERTEX
8
L0D0
10
-550.953
20
578.369
0
VERTEX
8
L0D0
10
-550.757
20
575.583
0
VERTEX
8
L0D0
10
-550.639
20
572.793
0
VERTEX
8
L0D0
10
-550.6
20
570
0
VERTEX
8
L0D0
10
-550.6
20
300.6
0
VERTEX
8
L0D0
10
-553
20
300.6
0
VERTEX
8
L0D0
10
-553
20
299.4
0
VERTEX
8
L0D0
10
-547
20
299.4
0
VERTEX
8
L0D0
10
-547
20
300.6
0
VERTEX
8
L0D0
10
-549.4
20
300.6
0
VERTEX
8
L0D0
10
-549.4
20
570
0
VERTEX
8
L0D0
10
-549.44
20
572.826
0
VERTEX
8
L0D0
10
-549.559
20
575.651
0
VERTEX
8
L0D0
10
-549.757
20
578.47
0
VERTEX
8
L0D0
10
-550.035
20
581.284
0
VERTEX
8
L0D0
10
-550.391
20
584.088
0
VERTEX
8
L0D0
10
-550.826
20
586.881
0
VERTEX
8
L0D0
10
-551.34
20
589.661
0
VERTEX
8
L0D0
10
-551.931
20
592.425
0
VERTEX
8
L0D0
10
-552.6
20
595.171
0
VERTEX
8
L0D0
10
-553.346
20
597.898
0
VERTEX
8
L0D0
10
-554.168
20
600.603
0
VERTEX
8
L0D0
10
-555.065
20
603.283
0
VERTEX
8
L0D0
10
-556.038
20
605.937
0
VERTEX
8
L0D0
10
-557.085
20
608.563
0
VERTEX
8
L0D0
10
-558.205
20
611.158
0
VERTEX
8
L0D0
10
-559.397
20
613.721
0
VERTEX
8
L0D0
10
-560.662
20
616.249
0
VERTEX
8
L0D0
10
-561.996
20
618.741
0
VERTEX
8
L0D0
10
-563.4
20
621.195
0
VERTEX
8
L0D0
10
-564.873
20
623.607
0
VERTEX
8
L0D0
10
-566.413
20
625.978
0
VERTEX
8
L0D0
10
-568.019
20
628.304
0
VERTEX
8
L0D0
10
-569.689
20
630.585
0
VERTEX
8
L0D0
10
-571.423
20
632.817
0
VERTEX
8
L0D0
10
-573.219
20
635
0
VERTEX
8
L0D0
10
-575.075
20
637.132
0
VERTEX
8
L0D0
10
-576.991
20
639.21
0
VERTEX
8
L0D0
10
-578.965
20
641.234
0
VERTEX
8
L0D0
10
-580.994
20
643.202
0
VERTEX
8
L0D0
10
-583.078
20
645.112
0
VERTEX
8
L0D0
10
-585.215
20
646.963
0
VERTEX
8
L0D0
10
-587.403
20
648.752
0
VERTEX
8
L0D0
10
-589.64
20
650.48
0
VERTEX
8
L0D0
10
-949.639
20
920.479
0
VERTEX
8
L0D0
10
-949.639
20
920.479
0
VERTEX
8
L0D0
10
-954.431
20
924.09
0
VERTEX
8
L0D0
10
-817.097
20
1106.338
0
VERTEX
8
L0D0
10
-818.055
20
1107.061
0
VERTEX
8
L0D0
10
-955.389
20
924.812
0
VERTEX
8
L0D0
10
-958.264
20
926.978
0
VERTEX
8
L0D0
10
-820.93
20
1109.227
0
VERTEX
8
L0D0
10
-821.888
20
1109.949
0
VERTEX
8
L0D0
10
-959.223
20
927.701
0
VERTEX
8
L0D0
10
-962.098
20
929.867
0
VERTEX
8
L0D0
10
-824.763
20
1112.116
0
VERTEX
8
L0D0
10
-825.722
20
1112.838
0
VERTEX
8
L0D0
10
-963.056
20
930.589
0
VERTEX
8
L0D0
10
-965.931
20
932.756
0
VERTEX
8
L0D0
10
-828.597
20
1115.004
0
VERTEX
8
L0D0
10
-829.555
20
1115.727
0
VERTEX
8
L0D0
10
-966.889
20
933.478
0
VERTEX
8
L0D0
10
-969.765
20
935.645
0
VERTEX
8
L0D0
10
-832.43
20
1117.893
0
VERTEX
8
L0D0
10
-833.389
20
1118.615
0
VERTEX
8
L0D0
10
-970.723
20
936.367
0
VERTEX
8
L0D0
10
-973.598
20
938.533
0
VERTEX
8
L0D0
10
-836.264
20
1120.782
0
VERTEX
8
L0D0
10
-837.222
20
1121.504
0
VERTEX
8
L0D0
10
-974.556
20
939.255
0
VERTEX
8
L0D0
10
-977.431
20
941.422
0
VERTEX
8
L0D0
10
-840.097
20
1123.671
0
VERTEX
8
L0D0
10
-841.056
20
1124.393
0
VERTEX
8
L0D0
10
-978.39
20
942.144
0
VERTEX
8
L0D0
10
-981.265
20
944.311
0
VERTEX
8
L0D0
10
-843.931
20
1126.559
0
VERTEX
8
L0D0
10
-844.889
20
1127.281
0
VERTEX
8
L0D0
10
-982.223
20
945.033
0
VERTEX
8
L0D0
10
-985.098
20
947.199
0
VERTEX
8
L0D0
10
-847.764
20
1129.448
0
VERTEX
8
L0D0
10
-848.723
20
1130.17
0
VERTEX
8
L0D0
10
-986.057
20
947.922
0
VERTEX
8
L0D0
10
-988.932
20
950.088
0
VERTEX
8
L0D0
10
-851.598
20
1132.337
0
VERTEX
8
L0D0
10
-852.556
20
1133.059
0
VERTEX
8
L0D0
10
-989.89
20
950.81
0
VERTEX
8
L0D0
10
-992.765
20
952.977
0
VERTEX
8
L0D0
10
-855.431
20
1135.225
0
VERTEX
8
L0D0
10
-856.389
20
1135.948
0
VERTEX
8
L0D0
10
-993.724
20
953.699
0
VERTEX
8
L0D0
10
-996.599
20
955.866
0
VERTEX
8
L0D0
10
-859.265
20
1138.114
0
VERTEX
8
L0D0
10
-860.223
20
1138.836
0
VERTEX
8
L0D0
10
-997.557
20
956.588
0
VERTEX
8
L0D0
10
-1000.432
20
958.754
0
VERTEX
8
L0D0
10
-863.098
20
1141.003
0
VERTEX
8
L0D0
10
-864.056
20
1141.725
0
VERTEX
8
L0D0
10
-1001.391
20
959.476
0
VERTEX
8
L0D0
10
-1004.266
20
961.643
0
VERTEX
8
L0D0
10
-866.931
20
1143.892
0
VERTEX
8
L0D0
10
-867.89
20
1144.614
0
VERTEX
8
L0D0
10
-1005.224
20
962.365
0
VERTEX
8
L0D0
10
-1008.099
20
964.532
0
VERTEX
8
L0D0
10
-870.765
20
1146.78
0
VERTEX
8
L0D0
10
-871.723
20
1147.502
0
VERTEX
8
L0D0
10
-1009.057
20
965.254
0
VERTEX
8
L0D0
10
-1011.933
20
967.42
0
VERTEX
8
L0D0
10
-874.598
20
1149.669
0
VERTEX
8
L0D0
10
-875.557
20
1150.391
0
VERTEX
8
L0D0
10
-1012.891
20
968.143
0
VERTEX
8
L0D0
10
-1015.766
20
970.309
0
VERTEX
8
L0D0
10
-878.432
20
1152.558
0
VERTEX
8
L0D0
10
-879.39
20
1153.28
0
VERTEX
8
L0D0
10
-1016.724
20
971.031
0
VERTEX
8
L0D0
10
-1019.599
20
973.198
0
VERTEX
8
L0D0
10
-882.265
20
1155.446
0
VERTEX
8
L0D0
10
-883.224
20
1156.169
0
VERTEX
8
L0D0
10
-1020.558
20
973.92
0
VERTEX
8
L0D0
10
-1023.433
20
976.087
0
VERTEX
8
L0D0
10
-886.099
20
1158.335
0
VERTEX
8
L0D0
10
-887.057
20
1159.057
0
VERTEX
8
L0D0
10
-1024.391
20
976.809
0
VERTEX
8
L0D0
10
-1027.266
20
978.975
0
VERTEX
8
L0D0
10
-889.932
20
1161.224
0
VERTEX
8
L0D0
10
-890.89
20
1161.946
0
VERTEX
8
L0D0
10
-1028.225
20
979.697
0
VERTEX
8
L0D0
10
-1031.1
20
981.864
0
VERTEX
8
L0D0
10
-893.766
20
1164.113
0
VERTEX
8
L0D0
10
-894.724
20
1164.835
0
VERTEX
8
L0D0
10
-1032.058
20
982.586
0
VERTEX
8
L0D0
10
-1034.933
20
984.753
0
VERTEX
8
L0D0
10
-897.599
20
1167.001
0
VERTEX
8
L0D0
10
-898.557
20
1167.723
0
VERTEX
8
L0D0
10
-1035.892
20
985.475
0
VERTEX
8
L0D0
10
-1038.767
20
987.641
0
VERTEX
8
L0D0
10
-901.432
20
1169.89
0
VERTEX
8
L0D0
10
-902.391
20
1170.612
0
VERTEX
8
L0D0
10
-1039.725
20
988.364
0
VERTEX
8
L0D0
10
-1042.6
20
990.53
0
VERTEX
8
L0D0
10
-905.266
20
1172.779
0
VERTEX
8
L0D0
10
-906.224
20
1173.501
0
VERTEX
8
L0D0
10
-1043.558
20
991.252
0
VERTEX
8
L0D0
10
-1046.434
20
993.419
0
VERTEX
8
L0D0
10
-909.099
20
1175.667
0
VERTEX
8
L0D0
10
-910.058
20
1176.39
0
VERTEX
8
L0D0
10
-1047.392
20
994.141
0
VERTEX
8
L0D0
10
-1050.267
20
996.308
0
VERTEX
8
L0D0
10
-912.933
20
1178.556
0
VERTEX
8
L0D0
10
-913.891
20
1179.278
0
VERTEX
8
L0D0
10
-1051.225
20
997.03
0
VERTEX
8
L0D0
10
-1054.1
20
999.196
0
VERTEX
8
L0D0
10
-916.766
20
1181.445
0
VERTEX
8
L0D0
10
-917.725
20
1182.167
0
VERTEX
8
L0D0
10
-1055.059
20
999.918
0
VERTEX
8
L0D0
10
-1057.934
20
1002.085
0
VERTEX
8
L0D0
10
-920.6
20
1184.334
0
VERTEX
8
L0D0
10
-921.558
20
1185.056
0
VERTEX
8
L0D0
10
-1058.892
20
1002.807
0
VERTEX
8
L0D0
10
-1061.767
20
1004.974
0
VERTEX
8
L0D0
10
-924.433
20
1187.222
0
VERTEX
8
L0D0
10
-925.392
20
1187.944
0
VERTEX
8
L0D0
10
-1062.726
20
1005.696
0
VERTEX
8
L0D0
10
-1065.601
20
1007.862
0
VERTEX
8
L0D0
10
-928.267
20
1190.111
0
VERTEX
8
L0D0
10
-929.225
20
1190.833
0
VERTEX
8
L0D0
10
-1066.559
20
1008.585
0
VERTEX
8
L0D0
10
-1074.226
20
1014.362
0
VERTEX
8
L0D0
10
-1211.921
20
831.634
0
VERTEX
8
L0D0
10
-1212.88
20
832.356
0
VERTEX
8
L0D0
10
-937.489
20
1197.812
0
VERTEX
8
L0D0
10
-940.364
20
1199.978
0
VERTEX
8
L0D0
10
-1215.755
20
834.523
0
VERTEX
8
L0D0
10
-1216.713
20
835.245
0
VERTEX
8
L0D0
10
-941.323
20
1200.701
0
VERTEX
8
L0D0
10
-944.198
20
1202.867
0
VERTEX
8
L0D0
10
-1219.588
20
837.412
0
VERTEX
8
L0D0
10
-1220.547
20
838.134
0
VERTEX
8
L0D0
10
-945.156
20
1203.589
0
VERTEX
8
L0D0
10
-948.031
20
1205.756
0
VERTEX
8
L0D0
10
-1223.422
20
840.3
0
VERTEX
8
L0D0
10
-1224.38
20
841.022
0
VERTEX
8
L0D0
10
-948.99
20
1206.478
0
VERTEX
8
L0D0
10
-951.865
20
1208.645
0
VERTEX
8
L0D0
10
-1227.255
20
843.189
0
VERTEX
8
L0D0
10
-1228.214
20
843.911
0
VERTEX
8
L0D0
10
-952.823
20
1209.367
0
VERTEX
8
L0D0
10
-955.698
20
1211.533
0
VERTEX
8
L0D0
10
-1231.089
20
846.078
0
VERTEX
8
L0D0
10
-1232.047
20
846.8
0
VERTEX
8
L0D0
10
-956.656
20
1212.256
0
VERTEX
8
L0D0
10
-959.532
20
1214.422
0
VERTEX
8
L0D0
10
-1234.922
20
848.966
0
VERTEX
8
L0D0
10
-1235.88
20
849.689
0
VERTEX
8
L0D0
10
-960.49
20
1215.144
0
VERTEX
8
L0D0
10
-963.365
20
1217.311
0
VERTEX
8
L0D0
10
-1238.756
20
851.855
0
VERTEX
8
L0D0
10
-1239.714
20
852.577
0
VERTEX
8
L0D0
10
-964.323
20
1218.033
0
VERTEX
8
L0D0
10
-967.198
20
1220.199
0
VERTEX
8
L0D0
10
-1242.589
20
854.744
0
VERTEX
8
L0D0
10
-1243.547
20
855.466
0
VERTEX
8
L0D0
10
-968.157
20
1220.922
0
VERTEX
8
L0D0
10
-971.032
20
1223.088
0
VERTEX
8
L0D0
10
-1246.422
20
857.633
0
VERTEX
8
L0D0
10
-1247.381
20
858.355
0
VERTEX
8
L0D0
10
-971.99
20
1223.81
0
VERTEX
8
L0D0
10
-974.865
20
1225.977
0
VERTEX
8
L0D0
10
-1250.256
20
860.521
0
VERTEX
8
L0D0
10
-1251.214
20
861.243
0
VERTEX
8
L0D0
10
-975.824
20
1226.699
0
VERTEX
8
L0D0
10
-978.699
20
1228.866
0
VERTEX
8
L0D0
10
-1254.089
20
863.41
0
VERTEX
8
L0D0
10
-1255.048
20
864.132
0
VERTEX
8
L0D0
10
-979.657
20
1229.588
0
VERTEX
8
L0D0
10
-982.532
20
1231.754
0
VERTEX
8
L0D0
10
-1257.923
20
866.299
0
VERTEX
8
L0D0
10
-1258.881
20
867.021
0
VERTEX
8
L0D0
10
-983.491
20
1232.476
0
VERTEX
8
L0D0
10
-986.366
20
1234.643
0
VERTEX
8
L0D0
10
-1261.756
20
869.187
0
VERTEX
8
L0D0
10
-1262.715
20
869.91
0
VERTEX
8
L0D0
10
-987.324
20
1235.365
0
VERTEX
8
L0D0
10
-990.199
20
1237.532
0
VERTEX
8
L0D0
10
-1265.59
20
872.076
0
VERTEX
8
L0D0
10
-1266.548
20
872.798
0
VERTEX
8
L0D0
10
-991.157
20
1238.254
0
VERTEX
8
L0D0
10
-994.033
20
1240.42
0
VERTEX
8
L0D0
10
-1269.423
20
874.965
0
VERTEX
8
L0D0
10
-1270.381
20
875.687
0
VERTEX
8
L0D0
10
-994.991
20
1241.143
0
VERTEX
8
L0D0
10
-997.866
20
1243.309
0
VERTEX
8
L0D0
10
-1273.257
20
877.854
0
VERTEX
8
L0D0
10
-1274.215
20
878.576
0
VERTEX
8
L0D0
10
-998.824
20
1244.031
0
VERTEX
8
L0D0
10
-1001.699
20
1246.198
0
VERTEX
8
L0D0
10
-1277.09
20
880.742
0
VERTEX
8
L0D0
10
-1278.048
20
881.464
0
VERTEX
8
L0D0
10
-1002.658
20
1246.92
0
VERTEX
8
L0D0
10
-1005.533
20
1249.087
0
VERTEX
8
L0D0
10
-1280.923
20
883.631
0
VERTEX
8
L0D0
10
-1281.882
20
884.353
0
VERTEX
8
L0D0
10
-1006.491
20
1249.809
0
VERTEX
8
L0D0
10
-1009.366
20
1251.975
0
VERTEX
8
L0D0
10
-1284.757
20
886.52
0
VERTEX
8
L0D0
10
-1285.715
20
887.242
0
VERTEX
8
L0D0
10
-1010.325
20
1252.697
0
VERTEX
8
L0D0
10
-1013.2
20
1254.864
0
VERTEX
8
L0D0
10
-1288.59
20
889.408
0
VERTEX
8
L0D0
10
-1289.549
20
890.131
0
VERTEX
8
L0D0
10
-1014.158
20
1255.586
0
VERTEX
8
L0D0
10
-1017.033
20
1257.753
0
VERTEX
8
L0D0
10
-1292.424
20
892.297
0
VERTEX
8
L0D0
10
-1293.382
20
893.019
0
VERTEX
8
L0D0
10
-1017.992
20
1258.475
0
VERTEX
8
L0D0
10
-1020.867
20
1260.641
0
VERTEX
8
L0D0
10
-1296.257
20
895.186
0
VERTEX
8
L0D0
10
-1297.216
20
895.908
0
VERTEX
8
L0D0
10
-1021.825
20
1261.364
0
VERTEX
8
L0D0
10
-1024.7
20
1263.53
0
VERTEX
8
L0D0
10
-1300.091
20
898.075
0
VERTEX
8
L0D0
10
-1301.049
20
898.797
0
VERTEX
8
L0D0
10
-1025.659
20
1264.252
0
VERTEX
8
L0D0
10
-1028.534
20
1266.419
0
VERTEX
8
L0D0
10
-1303.924
20
900.963
0
VERTEX
8
L0D0
10
-1304.883
20
901.685
0
VERTEX
8
L0D0
10
-1029.492
20
1267.141
0
VERTEX
8
L0D0
10
-1032.367
20
1269.308
0
VERTEX
8
L0D0
10
-1307.758
20
903.852
0
VERTEX
8
L0D0
10
-1308.716
20
904.574
0
VERTEX
8
L0D0
10
-1033.325
20
1270.03
0
VERTEX
8
L0D0
10
-1036.201
20
1272.196
0
VERTEX
8
L0D0
10
-1311.591
20
906.741
0
VERTEX
8
L0D0
10
-1312.549
20
907.463
0
VERTEX
8
L0D0
10
-1037.159
20
1272.918
0
VERTEX
8
L0D0
10
-1040.034
20
1275.085
0
VERTEX
8
L0D0
10
-1315.425
20
909.629
0
VERTEX
8
L0D0
10
-1316.383
20
910.352
0
VERTEX
8
L0D0
10
-1040.992
20
1275.807
0
VERTEX
8
L0D0
10
-1043.867
20
1277.974
0
VERTEX
8
L0D0
10
-1319.258
20
912.518
0
VERTEX
8
L0D0
10
-1320.216
20
913.24
0
VERTEX
8
L0D0
10
-1044.826
20
1278.696
0
VERTEX
8
L0D0
10
-1047.701
20
1280.862
0
VERTEX
8
L0D0
10
-1323.091
20
915.407
0
VERTEX
8
L0D0
10
-1324.05
20
916.129
0
VERTEX
8
L0D0
10
-1048.659
20
1281.585
0
VERTEX
8
L0D0
10
-1051.534
20
1283.751
0
VERTEX
8
L0D0
10
-1326.925
20
918.296
0
VERTEX
8
L0D0
10
-1327.883
20
919.018
0
VERTEX
8
L0D0
10
-1052.493
20
1284.473
0
VERTEX
8
L0D0
10
-1055.368
20
1286.64
0
VERTEX
8
L0D0
10
-1330.758
20
921.184
0
VERTEX
8
L0D0
10
-1331.717
20
921.906
0
VERTEX
8
L0D0
10
-1056.326
20
1287.362
0
VERTEX
8
L0D0
10
-1059.201
20
1289.529
0
VERTEX
8
L0D0
10
-1334.592
20
924.073
0
VERTEX
8
L0D0
10
-1335.55
20
924.795
0
VERTEX
8
L0D0
10
-1060.16
20
1290.251
0
VERTEX
8
L0D0
10
-1063.035
20
1292.417
0
VERTEX
8
L0D0
10
-1338.425
20
926.962
0
VERTEX
8
L0D0
10
-1339.384
20
927.684
0
VERTEX
8
L0D0
10
-1063.993
20
1293.139
0
VERTEX
8
L0D0
10
-1066.868
20
1295.306
0
VERTEX
8
L0D0
10
-1342.259
20
929.85
0
VERTEX
8
L0D0
10
-1343.217
20
930.573
0
VERTEX
8
L0D0
10
-1067.826
20
1296.028
0
VERTEX
8
L0D0
10
-1070.702
20
1298.195
0
VERTEX
8
L0D0
10
-1346.092
20
932.739
0
VERTEX
8
L0D0
10
-1347.05
20
933.461
0
VERTEX
8
L0D0
10
-1071.66
20
1298.917
0
VERTEX
8
L0D0
10
-1074.535
20
1301.083
0
VERTEX
8
L0D0
10
-1349.926
20
935.628
0
VERTEX
8
L0D0
10
-1350.884
20
936.35
0
VERTEX
8
L0D0
10
-1075.493
20
1301.806
0
VERTEX
8
L0D0
10
-1078.368
20
1303.972
0
VERTEX
8
L0D0
10
-1353.759
20
938.517
0
VERTEX
8
L0D0
10
-1354.717
20
939.239
0
VERTEX
8
L0D0
10
-1079.327
20
1304.694
0
VERTEX
8
L0D0
10
-1082.202
20
1306.861
0
VERTEX
8
L0D0
10
-1357.592
20
941.405
0
VERTEX
8
L0D0
10
-1358.551
20
942.127
0
VERTEX
8
L0D0
10
-1083.16
20
1307.583
0
VERTEX
8
L0D0
10
-1086.035
20
1309.75
0
VERTEX
8
L0D0
10
-1361.426
20
944.294
0
VERTEX
8
L0D0
10
-1362.384
20
945.016
0
VERTEX
8
L0D0
10
-1086.994
20
1310.472
0
VERTEX
8
L0D0
10
-1089.869
20
1312.638
0
VERTEX
8
L0D0
10
-1227.564
20
1129.91
0
VERTEX
8
L0D0
10
-1234.273
20
1134.966
0
VERTEX
8
L0D0
10
-1096.938
20
1317.214
0
VERTEX
8
L0D0
10
-1097.897
20
1317.936
0
VERTEX
8
L0D0
10
-1235.231
20
1135.688
0
VERTEX
8
L0D0
10
-1238.106
20
1137.854
0
VERTEX
8
L0D0
10
-1100.772
20
1320.103
0
VERTEX
8
L0D0
10
-1101.73
20
1320.825
0
VERTEX
8
L0D0
10
-1239.064
20
1138.577
0
VERTEX
8
L0D0
10
-1241.94
20
1140.743
0
VERTEX
8
L0D0
10
-1104.605
20
1322.992
0
VERTEX
8
L0D0
10
-1105.564
20
1323.714
0
VERTEX
8
L0D0
10
-1242.898
20
1141.465
0
VERTEX
8
L0D0
10
-1245.773
20
1143.632
0
VERTEX
8
L0D0
10
-1108.439
20
1325.88
0
VERTEX
8
L0D0
10
-1109.397
20
1326.603
0
VERTEX
8
L0D0
10
-1246.731
20
1144.354
0
VERTEX
8
L0D0
10
-1249.606
20
1146.521
0
VERTEX
8
L0D0
10
-1112.272
20
1328.769
0
VERTEX
8
L0D0
10
-1113.231
20
1329.491
0
VERTEX
8
L0D0
10
-1250.565
20
1147.243
0
VERTEX
8
L0D0
10
-1253.44
20
1149.409
0
VERTEX
8
L0D0
10
-1116.106
20
1331.658
0
VERTEX
8
L0D0
10
-1117.064
20
1332.38
0
VERTEX
8
L0D0
10
-1254.398
20
1150.131
0
VERTEX
8
L0D0
10
-1257.273
20
1152.298
0
VERTEX
8
L0D0
10
-1119.939
20
1334.547
0
VERTEX
8
L0D0
10
-1120.898
20
1335.269
0
VERTEX
8
L0D0
10
-1258.232
20
1153.02
0
VERTEX
8
L0D0
10
-1261.107
20
1155.187
0
VERTEX
8
L0D0
10
-1123.773
20
1337.435
0
VERTEX
8
L0D0
10
-1124.731
20
1338.157
0
VERTEX
8
L0D0
10
-1262.065
20
1155.909
0
VERTEX
8
L0D0
10
-1264.94
20
1158.075
0
VERTEX
8
L0D0
10
-1127.606
20
1340.324
0
VERTEX
8
L0D0
10
-1128.564
20
1341.046
0
VERTEX
8
L0D0
10
-1265.899
20
1158.798
0
VERTEX
8
L0D0
10
-1268.774
20
1160.964
0
VERTEX
8
L0D0
10
-1131.439
20
1343.213
0
VERTEX
8
L0D0
10
-1132.398
20
1343.935
0
VERTEX
8
L0D0
10
-1269.732
20
1161.686
0
VERTEX
8
L0D0
10
-1272.607
20
1163.853
0
VERTEX
8
L0D0
10
-1135.273
20
1346.101
0
VERTEX
8
L0D0
10
-1136.231
20
1346.824
0
VERTEX
8
L0D0
10
-1273.566
20
1164.575
0
VERTEX
8
L0D0
10
-1276.441
20
1166.742
0
VERTEX
8
L0D0
10
-1139.106
20
1348.99
0
VERTEX
8
L0D0
10
-1140.065
20
1349.712
0
VERTEX
8
L0D0
10
-1277.399
20
1167.464
0
VERTEX
8
L0D0
10
-1280.274
20
1169.63
0
VERTEX
8
L0D0
10
-1142.94
20
1351.879
0
VERTEX
8
L0D0
10
-1143.898
20
1352.601
0
VERTEX
8
L0D0
10
-1281.232
20
1170.352
0
VERTEX
8
L0D0
10
-1284.107
20
1172.519
0
VERTEX
8
L0D0
10
-1146.773
20
1354.768
0
VERTEX
8
L0D0
10
-1147.732
20
1355.49
0
VERTEX
8
L0D0
10
-1285.066
20
1173.241
0
VERTEX
8
L0D0
10
-1287.941
20
1175.408
0
VERTEX
8
L0D0
10
-1150.607
20
1357.656
0
VERTEX
8
L0D0
10
-1151.565
20
1358.378
0
VERTEX
8
L0D0
10
-1288.899
20
1176.13
0
VERTEX
8
L0D0
10
-1291.774
20
1178.296
0
VERTEX
8
L0D0
10
-1154.44
20
1360.545
0
VERTEX
8
L0D0
10
-1155.399
20
1361.267
0
VERTEX
8
L0D0
10
-1292.733
20
1179.019
0
VERTEX
8
L0D0
10
-1295.608
20
1181.185
0
VERTEX
8
L0D0
10
-1158.274
20
1363.434
0
VERTEX
8
L0D0
10
-1159.232
20
1364.156
0
VERTEX
8
L0D0
10
-1296.566
20
1181.907
0
VERTEX
8
L0D0
10
-1299.441
20
1184.074
0
VERTEX
8
L0D0
10
-1162.107
20
1366.322
0
VERTEX
8
L0D0
10
-1163.065
20
1367.045
0
VERTEX
8
L0D0
10
-1300.4
20
1184.796
0
VERTEX
8
L0D0
10
-1303.275
20
1186.963
0
VERTEX
8
L0D0
10
-1165.941
20
1369.211
0
VERTEX
8
L0D0
10
-1166.899
20
1369.933
0
VERTEX
8
L0D0
10
-1304.233
20
1187.685
0
VERTEX
8
L0D0
10
-1307.108
20
1189.851
0
VERTEX
8
L0D0
10
-1169.774
20
1372.1
0
VERTEX
8
L0D0
10
-1170.732
20
1372.822
0
VERTEX
8
L0D0
10
-1308.067
20
1190.573
0
VERTEX
8
L0D0
10
-1310.942
20
1192.74
0
VERTEX
8
L0D0
10
-1173.607
20
1374.989
0
VERTEX
8
L0D0
10
-1174.566
20
1375.711
0
VERTEX
8
L0D0
10
-1311.9
20
1193.462
0
VERTEX
8
L0D0
10
-1314.775
20
1195.629
0
VERTEX
8
L0D0
10
-1177.441
20
1377.877
0
VERTEX
8
L0D0
10
-1178.399
20
1378.599
0
VERTEX
8
L0D0
10
-1315.733
20
1196.351
0
VERTEX
8
L0D0
10
-1318.609
20
1198.517
0
VERTEX
8
L0D0
10
-1181.274
20
1380.766
0
VERTEX
8
L0D0
10
-1182.233
20
1381.488
0
VERTEX
8
L0D0
10
-1319.567
20
1199.24
0
VERTEX
8
L0D0
10
-1322.442
20
1201.406
0
VERTEX
8
L0D0
10
-1185.108
20
1383.655
0
VERTEX
8
L0D0
10
-1186.066
20
1384.377
0
VERTEX
8
L0D0
10
-1323.4
20
1202.128
0
VERTEX
8
L0D0
10
-1326.275
20
1204.295
0
VERTEX
8
L0D0
10
-1188.941
20
1386.543
0
VERTEX
8
L0D0
10
-1189.9
20
1387.266
0
VERTEX
8
L0D0
10
-1327.234
20
1205.017
0
VERTEX
8
L0D0
10
-1330.109
20
1207.183
0
VERTEX
8
L0D0
10
-1192.775
20
1389.432
0
VERTEX
8
L0D0
10
-1193.733
20
1390.154
0
VERTEX
8
L0D0
10
-1331.067
20
1207.906
0
VERTEX
8
L0D0
10
-1333.942
20
1210.072
0
VERTEX
8
L0D0
10
-1196.608
20
1392.321
0
VERTEX
8
L0D0
10
-1197.567
20
1393.043
0
VERTEX
8
L0D0
10
-1334.901
20
1210.794
0
VERTEX
8
L0D0
10
-1337.776
20
1212.961
0
VERTEX
8
L0D0
10
-1200.442
20
1395.21
0
VERTEX
8
L0D0
10
-1201.4
20
1395.932
0
VERTEX
8
L0D0
10
-1338.734
20
1213.683
0
VERTEX
8
L0D0
10
-1341.609
20
1215.85
0
VERTEX
8
L0D0
10
-1204.275
20
1398.098
0
VERTEX
8
L0D0
10
-1205.233
20
1398.82
0
VERTEX
8
L0D0
10
-1342.568
20
1216.572
0
VERTEX
8
L0D0
10
-1345.443
20
1218.738
0
VERTEX
8
L0D0
10
-1208.109
20
1400.987
0
VERTEX
8
L0D0
10
-1209.067
20
1401.709
0
VERTEX
8
L0D0
10
-1346.401
20
1219.461
0
VERTEX
8
L0D0
10
-1349.276
20
1221.627
0
VERTEX
8
L0D0
10
-1211.942
20
1403.876
0
VERTEX
8
L0D0
10
-1212.9
20
1404.598
0
VERTEX
8
L0D0
10
-1350.235
20
1222.349
0
VERTEX
8
L0D0
10
-1353.11
20
1224.516
0
VERTEX
8
L0D0
10
-1215.775
20
1406.764
0
VERTEX
8
L0D0
10
-1216.734
20
1407.487
0
VERTEX
8
L0D0
10
-1354.068
20
1225.238
0
VERTEX
8
L0D0
10
-1356.943
20
1227.404
0
VERTEX
8
L0D0
10
-1219.609
20
1409.653
0
VERTEX
8
L0D0
10
-1220.567
20
1410.375
0
VERTEX
8
L0D0
10
-1357.901
20
1228.127
0
VERTEX
8
L0D0
10
-1360.776
20
1230.293
0
VERTEX
8
L0D0
10
-1223.442
20
1412.542
0
VERTEX
8
L0D0
10
-1224.401
20
1413.264
0
VERTEX
8
L0D0
10
-1361.735
20
1231.015
0
VERTEX
8
L0D0
10
-1364.61
20
1233.182
0
VERTEX
8
L0D0
10
-1227.276
20
1415.431
0
VERTEX
8
L0D0
10
-1228.234
20
1416.153
0
VERTEX
8
L0D0
10
-1365.568
20
1233.904
0
VERTEX
8
L0D0
10
-1368.443
20
1236.071
0
VERTEX
8
L0D0
10
-1231.109
20
1418.319
0
VERTEX
8
L0D0
10
-1232.068
20
1419.041
0
VERTEX
8
L0D0
10
-1369.402
20
1236.793
0
VERTEX
8
L0D0
10
-1372.277
20
1238.959
0
VERTEX
8
L0D0
10
-1234.943
20
1421.208
0
VERTEX
8
L0D0
10
-1235.901
20
1421.93
0
VERTEX
8
L0D0
10
-1373.235
20
1239.682
0
VERTEX
8
L0D0
10
-1376.11
20
1241.848
0
VERTEX
8
L0D0
10
-1238.776
20
1424.097
0
VERTEX
8
L0D0
10
-1239.734
20
1424.819
0
VERTEX
8
L0D0
10
-1377.069
20
1242.57
0
VERTEX
8
L0D0
10
-1379.944
20
1244.737
0
VERTEX
8
L0D0
10
-1242.61
20
1426.985
0
VERTEX
8
L0D0
10
-1243.568
20
1427.708
0
VERTEX
8
L0D0
10
-1380.902
20
1245.459
0
VERTEX
8
L0D0
10
-1383.777
20
1247.625
0
VERTEX
8
L0D0
10
-1246.443
20
1429.874
0
VERTEX
8
L0D0
10
-1247.401
20
1430.596
0
VERTEX
8
L0D0
10
-1384.736
20
1248.348
0
VERTEX
8
L0D0
10
-1391.444
20
1253.403
0
VERTEX
8
L0D0
10
-1256.758
20
1432.138
0
VERTEX
8
L0D0
10
-1613.269
20
1700.788
0
VERTEX
8
L0D0
10
-1881.919
20
1344.277
0
VERTEX
8
L0D0
10
-1527.325
20
1077.071
0
VERTEX
8
L0D0
10
-1260.119
20
1431.665
0
VERTEX
8
L0D0
10
-1612.796
20
1697.427
0
VERTEX
8
L0D0
10
-1878.558
20
1344.749
0
VERTEX
8
L0D0
10
-1527.797
20
1080.432
0
VERTEX
8
L0D0
10
-1263.48
20
1431.193
0
VERTEX
8
L0D0
10
-1612.324
20
1694.066
0
VERTEX
8
L0D0
10
-1875.197
20
1345.222
0
VERTEX
8
L0D0
10
-1528.27
20
1083.793
0
VERTEX
8
L0D0
10
-1266.841
20
1430.72
0
VERTEX
8
L0D0
10
-1611.852
20
1690.704
0
VERTEX
8
L0D0
10
-1871.836
20
1345.694
0
VERTEX
8
L0D0
10
-1528.742
20
1087.154
0
VERTEX
8
L0D0
10
-1270.202
20
1430.248
0
VERTEX
8
L0D0
10
-1611.379
20
1687.343
0
VERTEX
8
L0D0
10
-1868.475
20
1346.166
0
VERTEX
8
L0D0
10
-1529.214
20
1090.515
0
VERTEX
8
L0D0
10
-1273.563
20
1429.776
0
VERTEX
8
L0D0
10
-1610.907
20
1683.982
0
VERTEX
8
L0D0
10
-1865.114
20
1346.639
0
VERTEX
8
L0D0
10
-1529.687
20
1093.876
0
VERTEX
8
L0D0
10
-1276.924
20
1429.303
0
VERTEX
8
L0D0
10
-1610.435
20
1680.621
0
VERTEX
8
L0D0
10
-1861.753
20
1347.111
0
VERTEX
8
L0D0
10
-1530.159
20
1097.237
0
VERTEX
8
L0D0
10
-1280.285
20
1428.831
0
VERTEX
8
L0D0
10
-1609.962
20
1677.26
0
VERTEX
8
L0D0
10
-1858.391
20
1347.583
0
VERTEX
8
L0D0
10
-1530.631
20
1100.599
0
VERTEX
8
L0D0
10
-1283.647
20
1428.359
0
VERTEX
8
L0D0
10
-1609.49
20
1673.899
0
VERTEX
8
L0D0
10
-1855.03
20
1348.056
0
VERTEX
8
L0D0
10
-1531.104
20
1103.96
0
VERTEX
8
L0D0
10
-1287.008
20
1427.886
0
VERTEX
8
L0D0
10
-1609.017
20
1670.538
0
VERTEX
8
L0D0
10
-1851.669
20
1348.528
0
VERTEX
8
L0D0
10
-1531.576
20
1107.321
0
VERTEX
8
L0D0
10
-1290.369
20
1427.414
0
VERTEX
8
L0D0
10
-1608.545
20
1667.177
0
VERTEX
8
L0D0
10
-1848.308
20
1349.001
0
VERTEX
8
L0D0
10
-1532.049
20
1110.682
0
VERTEX
8
L0D0
10
-1293.73
20
1426.941
0
VERTEX
8
L0D0
10
-1608.073
20
1663.816
0
VERTEX
8
L0D0
10
-1844.947
20
1349.473
0
VERTEX
8
L0D0
10
-1532.521
20
1114.043
0
VERTEX
8
L0D0
10
-1297.091
20
1426.469
0
VERTEX
8
L0D0
10
-1607.6
20
1660.455
0
VERTEX
8
L0D0
10
-1841.586
20
1349.945
0
VERTEX
8
L0D0
10
-1532.993
20
1117.404
0
VERTEX
8
L0D0
10
-1300.452
20
1425.997
0
VERTEX
8
L0D0
10
-1607.128
20
1657.094
0
VERTEX
8
L0D0
10
-1838.225
20
1350.418
0
VERTEX
8
L0D0
10
-1533.466
20
1120.765
0
VERTEX
8
L0D0
10
-1303.813
20
1425.524
0
VERTEX
8
L0D0
10
-1606.656
20
1653.733
0
VERTEX
8
L0D0
10
-1834.864
20
1350.89
0
VERTEX
8
L0D0
10
-1533.938
20
1124.126
0
VERTEX
8
L0D0
10
-1307.174
20
1425.052
0
VERTEX
8
L0D0
10
-1606.183
20
1650.372
0
VERTEX
8
L0D0
10
-1831.503
20
1351.362
0
VERTEX
8
L0D0
10
-1534.41
20
1127.487
0
VERTEX
8
L0D0
10
-1310.535
20
1424.58
0
VERTEX
8
L0D0
10
-1605.711
20
1647.01
0
VERTEX
8
L0D0
10
-1828.142
20
1351.835
0
VERTEX
8
L0D0
10
-1534.883
20
1130.848
0
VERTEX
8
L0D0
10
-1313.896
20
1424.107
0
VERTEX
8
L0D0
10
-1605.239
20
1643.649
0
VERTEX
8
L0D0
10
-1824.781
20
1352.307
0
VERTEX
8
L0D0
10
-1535.355
20
1134.209
0
VERTEX
8
L0D0
10
-1317.257
20
1423.635
0
VERTEX
8
L0D0
10
-1604.766
20
1640.288
0
VERTEX
8
L0D0
10
-1821.42
20
1352.779
0
VERTEX
8
L0D0
10
-1535.827
20
1137.57
0
VERTEX
8
L0D0
10
-1320.618
20
1423.163
0
VERTEX
8
L0D0
10
-1604.294
20
1636.927
0
VERTEX
8
L0D0
10
-1818.058
20
1353.252
0
VERTEX
8
L0D0
10
-1536.3
20
1140.932
0
VERTEX
8
L0D0
10
-1323.98
20
1422.69
0
VERTEX
8
L0D0
10
-1603.821
20
1633.566
0
VERTEX
8
L0D0
10
-1814.697
20
1353.724
0
VERTEX
8
L0D0
10
-1536.772
20
1144.293
0
VERTEX
8
L0D0
10
-1327.341
20
1422.218
0
VERTEX
8
L0D0
10
-1603.349
20
1630.205
0
VERTEX
8
L0D0
10
-1811.336
20
1354.197
0
VERTEX
8
L0D0
10
-1537.245
20
1147.654
0
VERTEX
8
L0D0
10
-1330.702
20
1421.745
0
VERTEX
8
L0D0
10
-1602.877
20
1626.844
0
VERTEX
8
L0D0
10
-1807.975
20
1354.669
0
VERTEX
8
L0D0
10
-1537.717
20
1151.015
0
VERTEX
8
L0D0
10
-1334.063
20
1421.273
0
VERTEX
8
L0D0
10
-1602.404
20
1623.483
0
VERTEX
8
L0D0
10
-1804.614
20
1355.141
0
VERTEX
8
L0D0
10
-1538.189
20
1154.376
0
VERTEX
8
L0D0
10
-1337.424
20
1420.801
0
VERTEX
8
L0D0
10
-1601.932
20
1620.122
0
VERTEX
8
L0D0
10
-1801.253
20
1355.614
0
VERTEX
8
L0D0
10
-1538.662
20
1157.737
0
VERTEX
8
L0D0
10
-1340.785
20
1420.328
0
VERTEX
8
L0D0
10
-1601.46
20
1616.761
0
VERTEX
8
L0D0
10
-1797.892
20
1356.086
0
VERTEX
8
L0D0
10
-1539.134
20
1161.098
0
VERTEX
8
L0D0
10
-1344.146
20
1419.856
0
VERTEX
8
L0D0
10
-1600.987
20
1613.4
0
VERTEX
8
L0D0
10
-1794.531
20
1356.558
0
VERTEX
8
L0D0
10
-1539.606
20
1164.459
0
VERTEX
8
L0D0
10
-1347.507
20
1419.384
0
VERTEX
8
L0D0
10
-1600.515
20
1610.039
0
VERTEX
8
L0D0
10
-1791.17
20
1357.031
0
VERTEX
8
L0D0
10
-1540.079
20
1167.82
0
VERTEX
8
L0D0
10
-1350.868
20
1418.911
0
VERTEX
8
L0D0
10
-1600.042
20
1606.677
0
VERTEX
8
L0D0
10
-1787.809
20
1357.503
0
VERTEX
8
L0D0
10
-1540.551
20
1171.181
0
VERTEX
8
L0D0
10
-1354.229
20
1418.439
0
VERTEX
8
L0D0
10
-1599.57
20
1603.316
0
VERTEX
8
L0D0
10
-1784.448
20
1357.976
0
VERTEX
8
L0D0
10
-1541.024
20
1174.542
0
VERTEX
8
L0D0
10
-1357.59
20
1417.966
0
VERTEX
8
L0D0
10
-1479.782
20
1510.044
0
VERTEX
8
L0D0
10
-1481.226
20
1508.127
0
VERTEX
8
L0D0
10
-1600.542
20
1598.039
0
VERTEX
8
L0D0
10
-1781.087
20
1358.448
0
VERTEX
8
L0D0
10
-1541.496
20
1177.903
0
VERTEX
8
L0D0
10
-1360.951
20
1417.494
0
VERTEX
8
L0D0
10
-1480.268
20
1507.405
0
VERTEX
8
L0D0
10
-1479.545
20
1508.364
0
VERTEX
8
L0D0
10
-1359.271
20
1417.73
0
VERTEX
8
L0D0
10
-1541.26
20
1176.223
0
VERTEX
8
L0D0
10
-1782.767
20
1358.212
0
VERTEX
8
L0D0
10
-1599.334
20
1601.636
0
VERTEX
8
L0D0
10
-1355.91
20
1418.203
0
VERTEX
8
L0D0
10
-1540.787
20
1172.862
0
VERTEX
8
L0D0
10
-1786.128
20
1357.739
0
VERTEX
8
L0D0
10
-1599.806
20
1604.997
0
VERTEX
8
L0D0
10
-1352.549
20
1418.675
0
VERTEX
8
L0D0
10
-1540.315
20
1169.501
0
VERTEX
8
L0D0
10
-1789.489
20
1357.267
0
VERTEX
8
L0D0
10
-1600.279
20
1608.358
0
VERTEX
8
L0D0
10
-1349.188
20
1419.147
0
VERTEX
8
L0D0
10
-1539.843
20
1166.14
0
VERTEX
8
L0D0
10
-1792.85
20
1356.795
0
VERTEX
8
L0D0
10
-1600.751
20
1611.719
0
VERTEX
8
L0D0
10
-1345.827
20
1419.62
0
VERTEX
8
L0D0
10
-1539.37
20
1162.779
0
VERTEX
8
L0D0
10
-1796.211
20
1356.322
0
VERTEX
8
L0D0
10
-1601.223
20
1615.08
0
VERTEX
8
L0D0
10
-1342.465
20
1420.092
0
VERTEX
8
L0D0
10
-1538.898
20
1159.417
0
VERTEX
8
L0D0
10
-1799.573
20
1355.85
0
VERTEX
8
L0D0
10
-1601.696
20
1618.441
0
VERTEX
8
L0D0
10
-1339.104
20
1420.564
0
VERTEX
8
L0D0
10
-1538.426
20
1156.056
0
VERTEX
8
L0D0
10
-1802.934
20
1355.378
0
VERTEX
8
L0D0
10
-1602.168
20
1621.802
0
VERTEX
8
L0D0
10
-1335.743
20
1421.037
0
VERTEX
8
L0D0
10
-1537.953
20
1152.695
0
VERTEX
8
L0D0
10
-1806.295
20
1354.905
0
VERTEX
8
L0D0
10
-1602.64
20
1625.163
0
VERTEX
8
L0D0
10
-1332.382
20
1421.509
0
VERTEX
8
L0D0
10
-1537.481
20
1149.334
0
VERTEX
8
L0D0
10
-1809.656
20
1354.433
0
VERTEX
8
L0D0
10
-1603.113
20
1628.524
0
VERTEX
8
L0D0
10
-1329.021
20
1421.982
0
VERTEX
8
L0D0
10
-1537.008
20
1145.973
0
VERTEX
8
L0D0
10
-1813.017
20
1353.96
0
VERTEX
8
L0D0
10
-1603.585
20
1631.886
0
VERTEX
8
L0D0
10
-1325.66
20
1422.454
0
VERTEX
8
L0D0
10
-1536.536
20
1142.612
0
VERTEX
8
L0D0
10
-1816.378
20
1353.488
0
VERTEX
8
L0D0
10
-1604.058
20
1635.247
0
VERTEX
8
L0D0
10
-1322.299
20
1422.926
0
VERTEX
8
L0D0
10
-1536.064
20
1139.251
0
VERTEX
8
L0D0
10
-1819.739
20
1353.016
0
VERTEX
8
L0D0
10
-1604.53
20
1638.608
0
VERTEX
8
L0D0
10
-1318.938
20
1423.399
0
VERTEX
8
L0D0
10
-1535.591
20
1135.89
0
VERTEX
8
L0D0
10
-1823.1
20
1352.543
0
VERTEX
8
L0D0
10
-1605.002
20
1641.969
0
VERTEX
8
L0D0
10
-1315.577
20
1423.871
0
VERTEX
8
L0D0
10
-1535.119
20
1132.529
0
VERTEX
8
L0D0
10
-1826.461
20
1352.071
0
VERTEX
8
L0D0
10
-1605.475
20
1645.33
0
VERTEX
8
L0D0
10
-1312.216
20
1424.343
0
VERTEX
8
L0D0
10
-1534.647
20
1129.168
0
VERTEX
8
L0D0
10
-1829.822
20
1351.599
0
VERTEX
8
L0D0
10
-1605.947
20
1648.691
0
VERTEX
8
L0D0
10
-1308.855
20
1424.816
0
VERTEX
8
L0D0
10
-1534.174
20
1125.807
0
VERTEX
8
L0D0
10
-1833.183
20
1351.126
0
VERTEX
8
L0D0
10
-1606.419
20
1652.052
0
VERTEX
8
L0D0
10
-1305.494
20
1425.288
0
VERTEX
8
L0D0
10
-1533.702
20
1122.446
0
VERTEX
8
L0D0
10
-1836.544
20
1350.654
0
VERTEX
8
L0D0
10
-1606.892
20
1655.413
0
VERTEX
8
L0D0
10
-1302.132
20
1425.761
0
VERTEX
8
L0D0
10
-1533.229
20
1119.084
0
VERTEX
8
L0D0
10
-1839.906
20
1350.181
0
VERTEX
8
L0D0
10
-1607.364
20
1658.774
0
VERTEX
8
L0D0
10
-1298.771
20
1426.233
0
VERTEX
8
L0D0
10
-1532.757
20
1115.723
0
VERTEX
8
L0D0
10
-1843.267
20
1349.709
0
VERTEX
8
L0D0
10
-1607.837
20
1662.135
0
VERTEX
8
L0D0
10
-1295.41
20
1426.705
0
VERTEX
8
L0D0
10
-1532.285
20
1112.362
0
VERTEX
8
L0D0
10
-1846.628
20
1349.237
0
VERTEX
8
L0D0
10
-1608.309
20
1665.496
0
VERTEX
8
L0D0
10
-1292.049
20
1427.178
0
VERTEX
8
L0D0
10
-1531.812
20
1109.001
0
VERTEX
8
L0D0
10
-1849.989
20
1348.764
0
VERTEX
8
L0D0
10
-1608.781
20
1668.857
0
VERTEX
8
L0D0
10
-1288.688
20
1427.65
0
VERTEX
8
L0D0
10
-1531.34
20
1105.64
0
VERTEX
8
L0D0
10
-1853.35
20
1348.292
0
VERTEX
8
L0D0
10
-1609.254
20
1672.219
0
VERTEX
8
L0D0
10
-1285.327
20
1428.122
0
VERTEX
8
L0D0
10
-1530.868
20
1102.279
0
VERTEX
8
L0D0
10
-1856.711
20
1347.82
0
VERTEX
8
L0D0
10
-1609.726
20
1675.58
0
VERTEX
8
L0D0
10
-1281.966
20
1428.595
0
VERTEX
8
L0D0
10
-1530.395
20
1098.918
0
VERTEX
8
L0D0
10
-1860.072
20
1347.347
0
VERTEX
8
L0D0
10
-1610.198
20
1678.941
0
VERTEX
8
L0D0
10
-1278.605
20
1429.067
0
VERTEX
8
L0D0
10
-1529.923
20
1095.557
0
VERTEX
8
L0D0
10
-1863.433
20
1346.875
0
VERTEX
8
L0D0
10
-1610.671
20
1682.302
0
VERTEX
8
L0D0
10
-1275.244
20
1429.539
0
VERTEX
8
L0D0
10
-1529.451
20
1092.196
0
VERTEX
8
L0D0
10
-1866.794
20
1346.403
0
VERTEX
8
L0D0
10
-1611.143
20
1685.663
0
VERTEX
8
L0D0
10
-1271.883
20
1430.012
0
VERTEX
8
L0D0
10
-1528.978
20
1088.835
0
VERTEX
8
L0D0
10
-1870.155
20
1345.93
0
VERTEX
8
L0D0
10
-1611.615
20
1689.024
0
VERTEX
8
L0D0
10
-1268.522
20
1430.484
0
VERTEX
8
L0D0
10
-1528.506
20
1085.474
0
VERTEX
8
L0D0
10
-1873.516
20
1345.458
0
VERTEX
8
L0D0
10
-1612.088
20
1692.385
0
VERTEX
8
L0D0
10
-1265.161
20
1430.957
0
VERTEX
8
L0D0
10
-1528.033
20
1082.113
0
VERTEX
8
L0D0
10
-1876.877
20
1344.985
0
VERTEX
8
L0D0
10
-1612.56
20
1695.746
0
VERTEX
8
L0D0
10
-1261.8
20
1431.429
0
VERTEX
8
L0D0
10
-1527.561
20
1078.752
0
VERTEX
8
L0D0
10
-1880.238
20
1344.513
0
VERTEX
8
L0D0
10
-1613.033
20
1699.107
0
VERTEX
8
L0D0
10
-1258.438
20
1431.901
0
VERTEX
8
L0D0
10
-1393.125
20
1253.167
0
VERTEX
8
L0D0
10
-1385.458
20
1247.389
0
VERTEX
8
L0D0
10
-1522.792
20
1065.141
0
VERTEX
8
L0D0
10
-1521.834
20
1064.418
0
VERTEX
8
L0D0
10
-1384.499
20
1246.667
0
VERTEX
8
L0D0
10
-1381.624
20
1244.501
0
VERTEX
8
L0D0
10
-1518.958
20
1062.252
0
VERTEX
8
L0D0
10
-1518
20
1061.53
0
VERTEX
8
L0D0
10
-1380.666
20
1243.778
0
VERTEX
8
L0D0
10
-1377.791
20
1241.612
0
VERTEX
8
L0D0
10
-1515.125
20
1059.363
0
VERTEX
8
L0D0
10
-1514.167
20
1058.641
0
VERTEX
8
L0D0
10
-1376.832
20
1240.89
0
VERTEX
8
L0D0
10
-1373.957
20
1238.723
0
VERTEX
8
L0D0
10
-1511.292
20
1056.475
0
VERTEX
8
L0D0
10
-1510.333
20
1055.752
0
VERTEX
8
L0D0
10
-1372.999
20
1238.001
0
VERTEX
8
L0D0
10
-1370.124
20
1235.834
0
VERTEX
8
L0D0
10
-1507.458
20
1053.586
0
VERTEX
8
L0D0
10
-1506.5
20
1052.864
0
VERTEX
8
L0D0
10
-1369.166
20
1235.112
0
VERTEX
8
L0D0
10
-1366.29
20
1232.946
0
VERTEX
8
L0D0
10
-1503.625
20
1050.697
0
VERTEX
8
L0D0
10
-1502.666
20
1049.975
0
VERTEX
8
L0D0
10
-1365.332
20
1232.224
0
VERTEX
8
L0D0
10
-1362.457
20
1230.057
0
VERTEX
8
L0D0
10
-1499.791
20
1047.808
0
VERTEX
8
L0D0
10
-1498.833
20
1047.086
0
VERTEX
8
L0D0
10
-1361.499
20
1229.335
0
VERTEX
8
L0D0
10
-1358.624
20
1227.168
0
VERTEX
8
L0D0
10
-1495.958
20
1044.92
0
VERTEX
8
L0D0
10
-1494.999
20
1044.197
0
VERTEX
8
L0D0
10
-1357.665
20
1226.446
0
VERTEX
8
L0D0
10
-1354.79
20
1224.28
0
VERTEX
8
L0D0
10
-1492.124
20
1042.031
0
VERTEX
8
L0D0
10
-1491.166
20
1041.309
0
VERTEX
8
L0D0
10
-1353.832
20
1223.557
0
VERTEX
8
L0D0
10
-1350.957
20
1221.391
0
VERTEX
8
L0D0
10
-1488.291
20
1039.142
0
VERTEX
8
L0D0
10
-1487.333
20
1038.42
0
VERTEX
8
L0D0
10
-1349.998
20
1220.669
0
VERTEX
8
L0D0
10
-1347.123
20
1218.502
0
VERTEX
8
L0D0
10
-1484.457
20
1036.254
0
VERTEX
8
L0D0
10
-1483.499
20
1035.531
0
VERTEX
8
L0D0
10
-1346.165
20
1217.78
0
VERTEX
8
L0D0
10
-1343.29
20
1215.613
0
VERTEX
8
L0D0
10
-1480.624
20
1033.365
0
VERTEX
8
L0D0
10
-1479.666
20
1032.643
0
VERTEX
8
L0D0
10
-1342.331
20
1214.891
0
VERTEX
8
L0D0
10
-1339.456
20
1212.725
0
VERTEX
8
L0D0
10
-1476.791
20
1030.476
0
VERTEX
8
L0D0
10
-1475.832
20
1029.754
0
VERTEX
8
L0D0
10
-1338.498
20
1212.003
0
VERTEX
8
L0D0
10
-1335.623
20
1209.836
0
VERTEX
8
L0D0
10
-1472.957
20
1027.587
0
VERTEX
8
L0D0
10
-1471.999
20
1026.865
0
VERTEX
8
L0D0
10
-1334.665
20
1209.114
0
VERTEX
8
L0D0
10
-1331.789
20
1206.947
0
VERTEX
8
L0D0
10
-1469.124
20
1024.699
0
VERTEX
8
L0D0
10
-1468.165
20
1023.977
0
VERTEX
8
L0D0
10
-1330.831
20
1206.225
0
VERTEX
8
L0D0
10
-1327.956
20
1204.059
0
VERTEX
8
L0D0
10
-1465.29
20
1021.81
0
VERTEX
8
L0D0
10
-1464.332
20
1021.088
0
VERTEX
8
L0D0
10
-1326.998
20
1203.336
0
VERTEX
8
L0D0
10
-1324.123
20
1201.17
0
VERTEX
8
L0D0
10
-1461.457
20
1018.921
0
VERTEX
8
L0D0
10
-1460.498
20
1018.199
0
VERTEX
8
L0D0
10
-1323.164
20
1200.448
0
VERTEX
8
L0D0
10
-1320.289
20
1198.281
0
VERTEX
8
L0D0
10
-1457.623
20
1016.033
0
VERTEX
8
L0D0
10
-1456.665
20
1015.31
0
VERTEX
8
L0D0
10
-1319.331
20
1197.559
0
VERTEX
8
L0D0
10
-1316.456
20
1195.392
0
VERTEX
8
L0D0
10
-1453.79
20
1013.144
0
VERTEX
8
L0D0
10
-1452.831
20
1012.422
0
VERTEX
8
L0D0
10
-1315.497
20
1194.67
0
VERTEX
8
L0D0
10
-1312.622
20
1192.504
0
VERTEX
8
L0D0
10
-1449.956
20
1010.255
0
VERTEX
8
L0D0
10
-1448.998
20
1009.533
0
VERTEX
8
L0D0
10
-1311.664
20
1191.782
0
VERTEX
8
L0D0
10
-1308.789
20
1189.615
0
VERTEX
8
L0D0
10
-1446.123
20
1007.366
0
VERTEX
8
L0D0
10
-1445.165
20
1006.644
0
VERTEX
8
L0D0
10
-1307.83
20
1188.893
0
VERTEX
8
L0D0
10
-1304.955
20
1186.726
0
VERTEX
8
L0D0
10
-1442.289
20
1004.478
0
VERTEX
8
L0D0
10
-1441.331
20
1003.756
0
VERTEX
8
L0D0
10
-1303.997
20
1186.004
0
VERTEX
8
L0D0
10
-1301.122
20
1183.838
0
VERTEX
8
L0D0
10
-1438.456
20
1001.589
0
VERTEX
8
L0D0
10
-1437.498
20
1000.867
0
VERTEX
8
L0D0
10
-1300.163
20
1183.115
0
VERTEX
8
L0D0
10
-1297.288
20
1180.949
0
VERTEX
8
L0D0
10
-1434.623
20
998.7
0
VERTEX
8
L0D0
10
-1433.664
20
997.978
0
VERTEX
8
L0D0
10
-1296.33
20
1180.227
0
VERTEX
8
L0D0
10
-1293.455
20
1178.06
0
VERTEX
8
L0D0
10
-1430.789
20
995.812
0
VERTEX
8
L0D0
10
-1429.831
20
995.089
0
VERTEX
8
L0D0
10
-1292.497
20
1177.338
0
VERTEX
8
L0D0
10
-1289.621
20
1175.171
0
VERTEX
8
L0D0
10
-1426.956
20
992.923
0
VERTEX
8
L0D0
10
-1425.997
20
992.201
0
VERTEX
8
L0D0
10
-1288.663
20
1174.449
0
VERTEX
8
L0D0
10
-1285.788
20
1172.283
0
VERTEX
8
L0D0
10
-1423.122
20
990.034
0
VERTEX
8
L0D0
10
-1422.164
20
989.312
0
VERTEX
8
L0D0
10
-1284.83
20
1171.561
0
VERTEX
8
L0D0
10
-1281.955
20
1169.394
0
VERTEX
8
L0D0
10
-1419.289
20
987.145
0
VERTEX
8
L0D0
10
-1418.33
20
986.423
0
VERTEX
8
L0D0
10
-1280.996
20
1168.672
0
VERTEX
8
L0D0
10
-1278.121
20
1166.505
0
VERTEX
8
L0D0
10
-1415.455
20
984.257
0
VERTEX
8
L0D0
10
-1414.497
20
983.535
0
VERTEX
8
L0D0
10
-1277.163
20
1165.783
0
VERTEX
8
L0D0
10
-1274.288
20
1163.617
0
VERTEX
8
L0D0
10
-1411.622
20
981.368
0
VERTEX
8
L0D0
10
-1410.664
20
980.646
0
VERTEX
8
L0D0
10
-1273.329
20
1162.894
0
VERTEX
8
L0D0
10
-1270.454
20
1160.728
0
VERTEX
8
L0D0
10
-1407.788
20
978.479
0
VERTEX
8
L0D0
10
-1406.83
20
977.757
0
VERTEX
8
L0D0
10
-1269.496
20
1160.006
0
VERTEX
8
L0D0
10
-1266.621
20
1157.839
0
VERTEX
8
L0D0
10
-1403.955
20
975.591
0
VERTEX
8
L0D0
10
-1402.997
20
974.868
0
VERTEX
8
L0D0
10
-1265.662
20
1157.117
0
VERTEX
8
L0D0
10
-1262.787
20
1154.95
0
VERTEX
8
L0D0
10
-1400.122
20
972.702
0
VERTEX
8
L0D0
10
-1399.163
20
971.98
0
VERTEX
8
L0D0
10
-1261.829
20
1154.228
0
VERTEX
8
L0D0
10
-1258.954
20
1152.062
0
VERTEX
8
L0D0
10
-1396.288
20
969.813
0
VERTEX
8
L0D0
10
-1395.33
20
969.091
0
VERTEX
8
L0D0
10
-1257.996
20
1151.34
0
VERTEX
8
L0D0
10
-1255.12
20
1149.173
0
VERTEX
8
L0D0
10
-1392.455
20
966.924
0
VERTEX
8
L0D0
10
-1391.496
20
966.202
0
VERTEX
8
L0D0
10
-1254.162
20
1148.451
0
VERTEX
8
L0D0
10
-1251.287
20
1146.284
0
VERTEX
8
L0D0
10
-1388.621
20
964.036
0
VERTEX
8
L0D0
10
-1387.663
20
963.314
0
VERTEX
8
L0D0
10
-1250.329
20
1145.562
0
VERTEX
8
L0D0
10
-1247.454
20
1143.396
0
VERTEX
8
L0D0
10
-1384.788
20
961.147
0
VERTEX
8
L0D0
10
-1383.829
20
960.425
0
VERTEX
8
L0D0
10
-1246.495
20
1142.673
0
VERTEX
8
L0D0
10
-1243.62
20
1140.507
0
VERTEX
8
L0D0
10
-1380.954
20
958.258
0
VERTEX
8
L0D0
10
-1379.996
20
957.536
0
VERTEX
8
L0D0
10
-1242.662
20
1139.785
0
VERTEX
8
L0D0
10
-1239.787
20
1137.618
0
VERTEX
8
L0D0
10
-1377.121
20
955.37
0
VERTEX
8
L0D0
10
-1376.162
20
954.647
0
VERTEX
8
L0D0
10
-1238.828
20
1136.896
0
VERTEX
8
L0D0
10
-1235.953
20
1134.73
0
VERTEX
8
L0D0
10
-1373.287
20
952.481
0
VERTEX
8
L0D0
10
-1372.329
20
951.759
0
VERTEX
8
L0D0
10
-1234.995
20
1134.007
0
VERTEX
8
L0D0
10
-1227.328
20
1128.23
0
VERTEX
8
L0D0
10
-1089.633
20
1310.958
0
VERTEX
8
L0D0
10
-1088.674
20
1310.236
0
VERTEX
8
L0D0
10
-1364.065
20
944.78
0
VERTEX
8
L0D0
10
-1361.19
20
942.613
0
VERTEX
8
L0D0
10
-1085.799
20
1308.069
0
VERTEX
8
L0D0
10
-1084.841
20
1307.347
0
VERTEX
8
L0D0
10
-1360.231
20
941.891
0
VERTEX
8
L0D0
10
-1357.356
20
939.725
0
VERTEX
8
L0D0
10
-1081.966
20
1305.18
0
VERTEX
8
L0D0
10
-1081.007
20
1304.458
0
VERTEX
8
L0D0
10
-1356.398
20
939.002
0
VERTEX
8
L0D0
10
-1353.523
20
936.836
0
VERTEX
8
L0D0
10
-1078.132
20
1302.292
0
VERTEX
8
L0D0
10
-1077.174
20
1301.569
0
VERTEX
8
L0D0
10
-1352.564
20
936.114
0
VERTEX
8
L0D0
10
-1349.689
20
933.947
0
VERTEX
8
L0D0
10
-1074.299
20
1299.403
0
VERTEX
8
L0D0
10
-1073.34
20
1298.681
0
VERTEX
8
L0D0
10
-1348.731
20
933.225
0
VERTEX
8
L0D0
10
-1345.856
20
931.059
0
VERTEX
8
L0D0
10
-1070.465
20
1296.514
0
VERTEX
8
L0D0
10
-1069.507
20
1295.792
0
VERTEX
8
L0D0
10
-1344.898
20
930.336
0
VERTEX
8
L0D0
10
-1342.022
20
928.17
0
VERTEX
8
L0D0
10
-1066.632
20
1293.625
0
VERTEX
8
L0D0
10
-1065.674
20
1292.903
0
VERTEX
8
L0D0
10
-1341.064
20
927.448
0
VERTEX
8
L0D0
10
-1338.189
20
925.281
0
VERTEX
8
L0D0
10
-1062.798
20
1290.737
0
VERTEX
8
L0D0
10
-1061.84
20
1290.015
0
VERTEX
8
L0D0
10
-1337.231
20
924.559
0
VERTEX
8
L0D0
10
-1334.356
20
922.392
0
VERTEX
8
L0D0
10
-1058.965
20
1287.848
0
VERTEX
8
L0D0
10
-1058.007
20
1287.126
0
VERTEX
8
L0D0
10
-1333.397
20
921.67
0
VERTEX
8
L0D0
10
-1330.522
20
919.504
0
VERTEX
8
L0D0
10
-1055.132
20
1284.959
0
VERTEX
8
L0D0
10
-1054.173
20
1284.237
0
VERTEX
8
L0D0
10
-1329.564
20
918.782
0
VERTEX
8
L0D0
10
-1326.689
20
916.615
0
VERTEX
8
L0D0
10
-1051.298
20
1282.071
0
VERTEX
8
L0D0
10
-1050.34
20
1281.348
0
VERTEX
8
L0D0
10
-1325.73
20
915.893
0
VERTEX
8
L0D0
10
-1322.855
20
913.726
0
VERTEX
8
L0D0
10
-1047.465
20
1279.182
0
VERTEX
8
L0D0
10
-1046.506
20
1278.46
0
VERTEX
8
L0D0
10
-1321.897
20
913.004
0
VERTEX
8
L0D0
10
-1319.022
20
910.838
0
VERTEX
8
L0D0
10
-1043.631
20
1276.293
0
VERTEX
8
L0D0
10
-1042.673
20
1275.571
0
VERTEX
8
L0D0
10
-1318.063
20
910.115
0
VERTEX
8
L0D0
10
-1315.188
20
907.949
0
VERTEX
8
L0D0
10
-1039.798
20
1273.404
0
VERTEX
8
L0D0
10
-1038.839
20
1272.682
0
VERTEX
8
L0D0
10
-1314.23
20
907.227
0
VERTEX
8
L0D0
10
-1311.355
20
905.06
0
VERTEX
8
L0D0
10
-1035.964
20
1270.516
0
VERTEX
8
L0D0
10
-1035.006
20
1269.794
0
VERTEX
8
L0D0
10
-1310.397
20
904.338
0
VERTEX
8
L0D0
10
-1307.521
20
902.171
0
VERTEX
8
L0D0
10
-1032.131
20
1267.627
0
VERTEX
8
L0D0
10
-1031.173
20
1266.905
0
VERTEX
8
L0D0
10
-1306.563
20
901.449
0
VERTEX
8
L0D0
10
-1303.688
20
899.283
0
VERTEX
8
L0D0
10
-1028.297
20
1264.738
0
VERTEX
8
L0D0
10
-1027.339
20
1264.016
0
VERTEX
8
L0D0
10
-1302.73
20
898.561
0
VERTEX
8
L0D0
10
-1299.855
20
896.394
0
VERTEX
8
L0D0
10
-1024.464
20
1261.85
0
VERTEX
8
L0D0
10
-1023.506
20
1261.127
0
VERTEX
8
L0D0
10
-1298.896
20
895.672
0
VERTEX
8
L0D0
10
-1296.021
20
893.505
0
VERTEX
8
L0D0
10
-1020.631
20
1258.961
0
VERTEX
8
L0D0
10
-1019.672
20
1258.239
0
VERTEX
8
L0D0
10
-1295.063
20
892.783
0
VERTEX
8
L0D0
10
-1292.188
20
890.617
0
VERTEX
8
L0D0
10
-1016.797
20
1256.072
0
VERTEX
8
L0D0
10
-1015.839
20
1255.35
0
VERTEX
8
L0D0
10
-1291.229
20
889.894
0
VERTEX
8
L0D0
10
-1288.354
20
887.728
0
VERTEX
8
L0D0
10
-1012.964
20
1253.183
0
VERTEX
8
L0D0
10
-1012.005
20
1252.461
0
VERTEX
8
L0D0
10
-1287.396
20
887.006
0
VERTEX
8
L0D0
10
-1284.521
20
884.839
0
VERTEX
8
L0D0
10
-1009.13
20
1250.295
0
VERTEX
8
L0D0
10
-1008.172
20
1249.573
0
VERTEX
8
L0D0
10
-1283.562
20
884.117
0
VERTEX
8
L0D0
10
-1280.687
20
881.95
0
VERTEX
8
L0D0
10
-1005.297
20
1247.406
0
VERTEX
8
L0D0
10
-1004.338
20
1246.684
0
VERTEX
8
L0D0
10
-1279.729
20
881.228
0
VERTEX
8
L0D0
10
-1276.854
20
879.062
0
VERTEX
8
L0D0
10
-1001.463
20
1244.517
0
VERTEX
8
L0D0
10
-1000.505
20
1243.795
0
VERTEX
8
L0D0
10
-1275.895
20
878.34
0
VERTEX
8
L0D0
10
-1273.02
20
876.173
0
VERTEX
8
L0D0
10
-997.63
20
1241.629
0
VERTEX
8
L0D0
10
-996.671
20
1240.906
0
VERTEX
8
L0D0
10
-1272.062
20
875.451
0
VERTEX
8
L0D0
10
-1269.187
20
873.284
0
VERTEX
8
L0D0
10
-993.796
20
1238.74
0
VERTEX
8
L0D0
10
-992.838
20
1238.018
0
VERTEX
8
L0D0
10
-1268.229
20
872.562
0
VERTEX
8
L0D0
10
-1265.353
20
870.396
0
VERTEX
8
L0D0
10
-989.963
20
1235.851
0
VERTEX
8
L0D0
10
-989.005
20
1235.129
0
VERTEX
8
L0D0
10
-1264.395
20
869.673
0
VERTEX
8
L0D0
10
-1261.52
20
867.507
0
VERTEX
8
L0D0
10
-986.129
20
1232.962
0
VERTEX
8
L0D0
10
-985.171
20
1232.24
0
VERTEX
8
L0D0
10
-1260.562
20
866.785
0
VERTEX
8
L0D0
10
-1257.687
20
864.618
0
VERTEX
8
L0D0
10
-982.296
20
1230.074
0
VERTEX
8
L0D0
10
-981.338
20
1229.352
0
VERTEX
8
L0D0
10
-1256.728
20
863.896
0
VERTEX
8
L0D0
10
-1253.853
20
861.729
0
VERTEX
8
L0D0
10
-978.463
20
1227.185
0
VERTEX
8
L0D0
10
-977.504
20
1226.463
0
VERTEX
8
L0D0
10
-1252.895
20
861.007
0
VERTEX
8
L0D0
10
-1250.02
20
858.841
0
VERTEX
8
L0D0
10
-974.629
20
1224.296
0
VERTEX
8
L0D0
10
-973.671
20
1223.574
0
VERTEX
8
L0D0
10
-1249.061
20
858.119
0
VERTEX
8
L0D0
10
-1246.186
20
855.952
0
VERTEX
8
L0D0
10
-970.796
20
1221.408
0
VERTEX
8
L0D0
10
-969.837
20
1220.685
0
VERTEX
8
L0D0
10
-1245.228
20
855.23
0
VERTEX
8
L0D0
10
-1242.353
20
853.063
0
VERTEX
8
L0D0
10
-966.962
20
1218.519
0
VERTEX
8
L0D0
10
-966.004
20
1217.797
0
VERTEX
8
L0D0
10
-1241.394
20
852.341
0
VERTEX
8
L0D0
10
-1238.519
20
850.175
0
VERTEX
8
L0D0
10
-963.129
20
1215.63
0
VERTEX
8
L0D0
10
-962.17
20
1214.908
0
VERTEX
8
L0D0
10
-1237.561
20
849.452
0
VERTEX
8
L0D0
10
-1234.686
20
847.286
0
VERTEX
8
L0D0
10
-959.295
20
1212.741
0
VERTEX
8
L0D0
10
-958.337
20
1212.019
0
VERTEX
8
L0D0
10
-1233.728
20
846.564
0
VERTEX
8
L0D0
10
-1230.852
20
844.397
0
VERTEX
8
L0D0
10
-955.462
20
1209.853
0
VERTEX
8
L0D0
10
-954.504
20
1209.131
0
VERTEX
8
L0D0
10
-1229.894
20
843.675
0
VERTEX
8
L0D0
10
-1227.019
20
841.508
0
VERTEX
8
L0D0
10
-951.628
20
1206.964
0
VERTEX
8
L0D0
10
-950.67
20
1206.242
0
VERTEX
8
L0D0
10
-1226.061
20
840.786
0
VERTEX
8
L0D0
10
-1223.186
20
838.62
0
VERTEX
8
L0D0
10
-947.795
20
1204.075
0
VERTEX
8
L0D0
10
-946.837
20
1203.353
0
VERTEX
8
L0D0
10
-1222.227
20
837.898
0
VERTEX
8
L0D0
10
-1219.352
20
835.731
0
VERTEX
8
L0D0
10
-943.962
20
1201.187
0
VERTEX
8
L0D0
10
-943.003
20
1200.464
0
VERTEX
8
L0D0
10
-1218.394
20
835.009
0
VERTEX
8
L0D0
10
-1215.519
20
832.842
0
VERTEX
8
L0D0
10
-940.128
20
1198.298
0
VERTEX
8
L0D0
10
-939.17
20
1197.576
0
VERTEX
8
L0D0
10
-1214.56
20
832.12
0
VERTEX
8
L0D0
10
-1211.685
20
829.954
0
VERTEX
8
L0D0
10
-1073.99
20
1012.681
0
VERTEX
8
L0D0
10
-1067.281
20
1007.626
0
VERTEX
8
L0D0
10
-1204.616
20
825.378
0
VERTEX
8
L0D0
10
-1203.657
20
824.655
0
VERTEX
8
L0D0
10
-1066.323
20
1006.904
0
VERTEX
8
L0D0
10
-1063.448
20
1004.737
0
VERTEX
8
L0D0
10
-1200.782
20
822.489
0
VERTEX
8
L0D0
10
-1199.824
20
821.767
0
VERTEX
8
L0D0
10
-1062.49
20
1004.015
0
VERTEX
8
L0D0
10
-1059.614
20
1001.849
0
VERTEX
8
L0D0
10
-1196.949
20
819.6
0
VERTEX
8
L0D0
10
-1195.99
20
818.878
0
VERTEX
8
L0D0
10
-1058.656
20
1001.127
0
VERTEX
8
L0D0
10
-1055.781
20
998.96
0
VERTEX
8
L0D0
10
-1193.115
20
816.711
0
VERTEX
8
L0D0
10
-1192.157
20
815.989
0
VERTEX
8
L0D0
10
-1054.823
20
998.238
0
VERTEX
8
L0D0
10
-1051.948
20
996.071
0
VERTEX
8
L0D0
10
-1189.282
20
813.823
0
VERTEX
8
L0D0
10
-1188.323
20
813.101
0
VERTEX
8
L0D0
10
-1050.989
20
995.349
0
VERTEX
8
L0D0
10
-1048.114
20
993.183
0
VERTEX
8
L0D0
10
-1185.448
20
810.934
0
VERTEX
8
L0D0
10
-1184.49
20
810.212
0
VERTEX
8
L0D0
10
-1047.156
20
992.46
0
VERTEX
8
L0D0
10
-1044.281
20
990.294
0
VERTEX
8
L0D0
10
-1181.615
20
808.045
0
VERTEX
8
L0D0
10
-1180.656
20
807.323
0
VERTEX
8
L0D0
10
-1043.322
20
989.572
0
VERTEX
8
L0D0
10
-1040.447
20
987.405
0
VERTEX
8
L0D0
10
-1177.781
20
805.157
0
VERTEX
8
L0D0
10
-1176.823
20
804.434
0
VERTEX
8
L0D0
10
-1039.489
20
986.683
0
VERTEX
8
L0D0
10
-1036.614
20
984.516
0
VERTEX
8
L0D0
10
-1173.948
20
802.268
0
VERTEX
8
L0D0
10
-1172.99
20
801.546
0
VERTEX
8
L0D0
10
-1035.655
20
983.794
0
VERTEX
8
L0D0
10
-1032.78
20
981.628
0
VERTEX
8
L0D0
10
-1170.114
20
799.379
0
VERTEX
8
L0D0
10
-1169.156
20
798.657
0
VERTEX
8
L0D0
10
-1031.822
20
980.906
0
VERTEX
8
L0D0
10
-1028.947
20
978.739
0
VERTEX
8
L0D0
10
-1166.281
20
796.49
0
VERTEX
8
L0D0
10
-1165.323
20
795.768
0
VERTEX
8
L0D0
10
-1027.988
20
978.017
0
VERTEX
8
L0D0
10
-1025.113
20
975.85
0
VERTEX
8
L0D0
10
-1162.448
20
793.602
0
VERTEX
8
L0D0
10
-1161.489
20
792.88
0
VERTEX
8
L0D0
10
-1024.155
20
975.128
0
VERTEX
8
L0D0
10
-1021.28
20
972.962
0
VERTEX
8
L0D0
10
-1158.614
20
790.713
0
VERTEX
8
L0D0
10
-1157.656
20
789.991
0
VERTEX
8
L0D0
10
-1020.322
20
972.239
0
VERTEX
8
L0D0
10
-1017.446
20
970.073
0
VERTEX
8
L0D0
10
-1154.781
20
787.824
0
VERTEX
8
L0D0
10
-1153.822
20
787.102
0
VERTEX
8
L0D0
10
-1016.488
20
969.351
0
VERTEX
8
L0D0
10
-1013.613
20
967.184
0
VERTEX
8
L0D0
10
-1150.947
20
784.936
0
VERTEX
8
L0D0
10
-1149.989
20
784.213
0
VERTEX
8
L0D0
10
-1012.655
20
966.462
0
VERTEX
8
L0D0
10
-1009.78
20
964.295
0
VERTEX
8
L0D0
10
-1147.114
20
782.047
0
VERTEX
8
L0D0
10
-1146.155
20
781.325
0
VERTEX
8
L0D0
10
-1008.821
20
963.573
0
VERTEX
8
L0D0
10
-1005.946
20
961.407
0
VERTEX
8
L0D0
10
-1143.28
20
779.158
0
VERTEX
8
L0D0
10
-1142.322
20
778.436
0
VERTEX
8
L0D0
10
-1004.988
20
960.685
0
VERTEX
8
L0D0
10
-1002.113
20
958.518
0
VERTEX
8
L0D0
10
-1139.447
20
776.269
0
VERTEX
8
L0D0
10
-1138.489
20
775.547
0
VERTEX
8
L0D0
10
-1001.154
20
957.796
0
VERTEX
8
L0D0
10
-998.279
20
955.629
0
VERTEX
8
L0D0
10
-1135.613
20
773.381
0
VERTEX
8
L0D0
10
-1134.655
20
772.659
0
VERTEX
8
L0D0
10
-997.321
20
954.907
0
VERTEX
8
L0D0
10
-994.446
20
952.741
0
VERTEX
8
L0D0
10
-1131.78
20
770.492
0
VERTEX
8
L0D0
10
-1130.822
20
769.77
0
VERTEX
8
L0D0
10
-993.487
20
952.018
0
VERTEX
8
L0D0
10
-990.612
20
949.852
0
VERTEX
8
L0D0
10
-1127.947
20
767.603
0
VERTEX
8
L0D0
10
-1126.988
20
766.881
0
VERTEX
8
L0D0
10
-989.654
20
949.13
0
VERTEX
8
L0D0
10
-986.779
20
946.963
0
VERTEX
8
L0D0
10
-1124.113
20
764.715
0
VERTEX
8
L0D0
10
-1123.155
20
763.992
0
VERTEX
8
L0D0
10
-985.821
20
946.241
0
VERTEX
8
L0D0
10
-982.945
20
944.075
0
VERTEX
8
L0D0
10
-1120.28
20
761.826
0
VERTEX
8
L0D0
10
-1119.321
20
761.104
0
VERTEX
8
L0D0
10
-981.987
20
943.352
0
VERTEX
8
L0D0
10
-979.112
20
941.186
0
VERTEX
8
L0D0
10
-1116.446
20
758.937
0
VERTEX
8
L0D0
10
-1115.488
20
758.215
0
VERTEX
8
L0D0
10
-978.154
20
940.464
0
VERTEX
8
L0D0
10
-975.279
20
938.297
0
VERTEX
8
L0D0
10
-1112.613
20
756.048
0
VERTEX
8
L0D0
10
-1111.654
20
755.326
0
VERTEX
8
L0D0
10
-974.32
20
937.575
0
VERTEX
8
L0D0
10
-971.445
20
935.408
0
VERTEX
8
L0D0
10
-1108.779
20
753.16
0
VERTEX
8
L0D0
10
-1107.821
20
752.438
0
VERTEX
8
L0D0
10
-970.487
20
934.686
0
VERTEX
8
L0D0
10
-967.612
20
932.52
0
VERTEX
8
L0D0
10
-1104.946
20
750.271
0
VERTEX
8
L0D0
10
-1103.987
20
749.549
0
VERTEX
8
L0D0
10
-966.653
20
931.797
0
VERTEX
8
L0D0
10
-963.778
20
929.631
0
VERTEX
8
L0D0
10
-1101.112
20
747.382
0
VERTEX
8
L0D0
10
-1100.154
20
746.66
0
VERTEX
8
L0D0
10
-962.82
20
928.909
0
VERTEX
8
L0D0
10
-959.945
20
926.742
0
VERTEX
8
L0D0
10
-1097.279
20
744.494
0
VERTEX
8
L0D0
10
-1096.321
20
743.771
0
VERTEX
8
L0D0
10
-958.986
20
926.02
0
VERTEX
8
L0D0
10
-956.111
20
923.854
0
VERTEX
8
L0D0
10
-1093.445
20
741.605
0
VERTEX
8
L0D0
10
-1092.487
20
740.883
0
VERTEX
8
L0D0
10
-955.153
20
923.131
0
VERTEX
8
L0D0
10
-950.361
20
919.52
0
VERTEX
8
L0D0
10
-1088.417
20
736.313
0
VERTEX
8
L0D0
10
-1091.293
20
738.48
0
VERTEX
8
L0D0
10
-953.958
20
920.729
0
VERTEX
8
L0D0
10
-954.917
20
921.451
0
VERTEX
8
L0D0
10
-1092.251
20
739.202
0
VERTEX
8
L0D0
10
-1095.126
20
741.369
0
VERTEX
8
L0D0
10
-957.792
20
923.617
0
VERTEX
8
L0D0
10
-958.75
20
924.34
0
VERTEX
8
L0D0
10
-1096.084
20
742.091
0
VERTEX
8
L0D0
10
-1098.959
20
744.257
0
VERTEX
8
L0D0
10
-961.625
20
926.506
0
VERTEX
8
L0D0
10
-962.584
20
927.228
0
VERTEX
8
L0D0
10
-1099.918
20
744.98
0
VERTEX
8
L0D0
10
-1102.793
20
747.146
0
VERTEX
8
L0D0
10
-965.459
20
929.395
0
VERTEX
8
L0D0
10
-966.417
20
930.117
0
VERTEX
8
L0D0
10
-1103.751
20
747.868
0
VERTEX
8
L0D0
10
-1106.626
20
750.035
0
VERTEX
8
L0D0
10
-969.292
20
932.283
0
VERTEX
8
L0D0
10
-970.251
20
933.006
0
VERTEX
8
L0D0
10
-1107.585
20
750.757
0
VERTEX
8
L0D0
10
-1110.46
20
752.924
0
VERTEX
8
L0D0
10
-973.126
20
935.172
0
VERTEX
8
L0D0
10
-974.084
20
935.894
0
VERTEX
8
L0D0
10
-1111.418
20
753.646
0
VERTEX
8
L0D0
10
-1114.293
20
755.812
0
VERTEX
8
L0D0
10
-976.959
20
938.061
0
VERTEX
8
L0D0
10
-977.917
20
938.783
0
VERTEX
8
L0D0
10
-1115.252
20
756.534
0
VERTEX
8
L0D0
10
-1118.127
20
758.701
0
VERTEX
8
L0D0
10
-980.793
20
940.95
0
VERTEX
8
L0D0
10
-981.751
20
941.672
0
VERTEX
8
L0D0
10
-1119.085
20
759.423
0
VERTEX
8
L0D0
10
-1121.96
20
761.59
0
VERTEX
8
L0D0
10
-984.626
20
943.838
0
VERTEX
8
L0D0
10
-985.584
20
944.561
0
VERTEX
8
L0D0
10
-1122.919
20
762.312
0
VERTEX
8
L0D0
10
-1125.794
20
764.478
0
VERTEX
8
L0D0
10
-988.459
20
946.727
0
VERTEX
8
L0D0
10
-989.418
20
947.449
0
VERTEX
8
L0D0
10
-1126.752
20
765.201
0
VERTEX
8
L0D0
10
-1129.627
20
767.367
0
VERTEX
8
L0D0
10
-992.293
20
949.616
0
VERTEX
8
L0D0
10
-993.251
20
950.338
0
VERTEX
8
L0D0
10
-1130.585
20
768.089
0
VERTEX
8
L0D0
10
-1133.461
20
770.256
0
VERTEX
8
L0D0
10
-996.126
20
952.504
0
VERTEX
8
L0D0
10
-997.085
20
953.227
0
VERTEX
8
L0D0
10
-1134.419
20
770.978
0
VERTEX
8
L0D0
10
-1137.294
20
773.145
0
VERTEX
8
L0D0
10
-999.96
20
955.393
0
VERTEX
8
L0D0
10
-1000.918
20
956.115
0
VERTEX
8
L0D0
10
-1138.252
20
773.867
0
VERTEX
8
L0D0
10
-1141.127
20
776.033
0
VERTEX
8
L0D0
10
-1003.793
20
958.282
0
VERTEX
8
L0D0
10
-1004.752
20
959.004
0
VERTEX
8
L0D0
10
-1142.086
20
776.755
0
VERTEX
8
L0D0
10
-1144.961
20
778.922
0
VERTEX
8
L0D0
10
-1007.627
20
961.171
0
VERTEX
8
L0D0
10
-1008.585
20
961.893
0
VERTEX
8
L0D0
10
-1145.919
20
779.644
0
VERTEX
8
L0D0
10
-1148.794
20
781.811
0
VERTEX
8
L0D0
10
-1011.46
20
964.059
0
VERTEX
8
L0D0
10
-1012.419
20
964.781
0
VERTEX
8
L0D0
10
-1149.753
20
782.533
0
VERTEX
8
L0D0
10
-1152.628
20
784.699
0
VERTEX
8
L0D0
10
-1015.294
20
966.948
0
VERTEX
8
L0D0
10
-1016.252
20
967.67
0
VERTEX
8
L0D0
10
-1153.586
20
785.422
0
VERTEX
8
L0D0
10
-1156.461
20
787.588
0
VERTEX
8
L0D0
10
-1019.127
20
969.837
0
VERTEX
8
L0D0
10
-1020.085
20
970.559
0
VERTEX
8
L0D0
10
-1157.42
20
788.31
0
VERTEX
8
L0D0
10
-1160.295
20
790.477
0
VERTEX
8
L0D0
10
-1022.96
20
972.725
0
VERTEX
8
L0D0
10
-1023.919
20
973.448
0
VERTEX
8
L0D0
10
-1161.253
20
791.199
0
VERTEX
8
L0D0
10
-1164.128
20
793.366
0
VERTEX
8
L0D0
10
-1026.794
20
975.614
0
VERTEX
8
L0D0
10
-1027.752
20
976.336
0
VERTEX
8
L0D0
10
-1165.086
20
794.088
0
VERTEX
8
L0D0
10
-1167.962
20
796.254
0
VERTEX
8
L0D0
10
-1030.627
20
978.503
0
VERTEX
8
L0D0
10
-1031.586
20
979.225
0
VERTEX
8
L0D0
10
-1168.92
20
796.976
0
VERTEX
8
L0D0
10
-1171.795
20
799.143
0
VERTEX
8
L0D0
10
-1034.461
20
981.392
0
VERTEX
8
L0D0
10
-1035.419
20
982.114
0
VERTEX
8
L0D0
10
-1172.753
20
799.865
0
VERTEX
8
L0D0
10
-1175.628
20
802.032
0
VERTEX
8
L0D0
10
-1038.294
20
984.28
0
VERTEX
8
L0D0
10
-1039.253
20
985.002
0
VERTEX
8
L0D0
10
-1176.587
20
802.754
0
VERTEX
8
L0D0
10
-1179.462
20
804.92
0
VERTEX
8
L0D0
10
-1042.128
20
987.169
0
VERTEX
8
L0D0
10
-1043.086
20
987.891
0
VERTEX
8
L0D0
10
-1180.42
20
805.643
0
VERTEX
8
L0D0
10
-1183.295
20
807.809
0
VERTEX
8
L0D0
10
-1045.961
20
990.058
0
VERTEX
8
L0D0
10
-1046.92
20
990.78
0
VERTEX
8
L0D0
10
-1184.254
20
808.531
0
VERTEX
8
L0D0
10
-1187.129
20
810.698
0
VERTEX
8
L0D0
10
-1049.795
20
992.946
0
VERTEX
8
L0D0
10
-1050.753
20
993.669
0
VERTEX
8
L0D0
10
-1188.087
20
811.42
0
VERTEX
8
L0D0
10
-1190.962
20
813.587
0
VERTEX
8
L0D0
10
-1053.628
20
995.835
0
VERTEX
8
L0D0
10
-1054.586
20
996.557
0
VERTEX
8
L0D0
10
-1191.921
20
814.309
0
VERTEX
8
L0D0
10
-1194.796
20
816.475
0
VERTEX
8
L0D0
10
-1057.462
20
998.724
0
VERTEX
8
L0D0
10
-1058.42
20
999.446
0
VERTEX
8
L0D0
10
-1195.754
20
817.197
0
VERTEX
8
L0D0
10
-1198.629
20
819.364
0
VERTEX
8
L0D0
10
-1061.295
20
1001.613
0
VERTEX
8
L0D0
10
-1062.253
20
1002.335
0
VERTEX
8
L0D0
10
-1199.588
20
820.086
0
VERTEX
8
L0D0
10
-1202.463
20
822.253
0
VERTEX
8
L0D0
10
-1065.128
20
1004.501
0
VERTEX
8
L0D0
10
-1066.087
20
1005.223
0
VERTEX
8
L0D0
10
-1203.421
20
822.975
0
VERTEX
8
L0D0
10
-1206.296
20
825.141
0
VERTEX
8
L0D0
10
-1068.962
20
1007.39
0
VERTEX
8
L0D0
10
-1069.92
20
1008.112
0
VERTEX
8
L0D0
10
-1207.254
20
825.864
0
VERTEX
8
L0D0
10
-1209.171
20
827.308
0
VERTEX
8
L0D0
10
-1209.893
20
826.35
0
VERTEX
8
L0D0
10
-1368.982
20
946.231
0
VERTEX
8
L0D0
10
-1368.259
20
947.189
0
VERTEX
8
L0D0
10
-1371.134
20
949.356
0
VERTEX
8
L0D0
10
-1233.8
20
1131.605
0
VERTEX
8
L0D0
10
-1234.759
20
1132.327
0
VERTEX
8
L0D0
10
-1372.093
20
950.078
0
VERTEX
8
L0D0
10
-1374.968
20
952.245
0
VERTEX
8
L0D0
10
-1237.634
20
1134.493
0
VERTEX
8
L0D0
10
-1238.592
20
1135.216
0
VERTEX
8
L0D0
10
-1375.926
20
952.967
0
VERTEX
8
L0D0
10
-1378.801
20
955.133
0
VERTEX
8
L0D0
10
-1241.467
20
1137.382
0
VERTEX
8
L0D0
10
-1242.426
20
1138.104
0
VERTEX
8
L0D0
10
-1379.76
20
955.856
0
VERTEX
8
L0D0
10
-1382.635
20
958.022
0
VERTEX
8
L0D0
10
-1245.301
20
1140.271
0
VERTEX
8
L0D0
10
-1246.259
20
1140.993
0
VERTEX
8
L0D0
10
-1383.593
20
958.744
0
VERTEX
8
L0D0
10
-1386.468
20
960.911
0
VERTEX
8
L0D0
10
-1249.134
20
1143.159
0
VERTEX
8
L0D0
10
-1250.092
20
1143.882
0
VERTEX
8
L0D0
10
-1387.427
20
961.633
0
VERTEX
8
L0D0
10
-1390.302
20
963.8
0
VERTEX
8
L0D0
10
-1252.968
20
1146.048
0
VERTEX
8
L0D0
10
-1253.926
20
1146.77
0
VERTEX
8
L0D0
10
-1391.26
20
964.522
0
VERTEX
8
L0D0
10
-1394.135
20
966.688
0
VERTEX
8
L0D0
10
-1256.801
20
1148.937
0
VERTEX
8
L0D0
10
-1257.759
20
1149.659
0
VERTEX
8
L0D0
10
-1395.094
20
967.41
0
VERTEX
8
L0D0
10
-1397.969
20
969.577
0
VERTEX
8
L0D0
10
-1260.634
20
1151.826
0
VERTEX
8
L0D0
10
-1261.593
20
1152.548
0
VERTEX
8
L0D0
10
-1398.927
20
970.299
0
VERTEX
8
L0D0
10
-1401.802
20
972.466
0
VERTEX
8
L0D0
10
-1264.468
20
1154.714
0
VERTEX
8
L0D0
10
-1265.426
20
1155.436
0
VERTEX
8
L0D0
10
-1402.76
20
973.188
0
VERTEX
8
L0D0
10
-1405.636
20
975.354
0
VERTEX
8
L0D0
10
-1268.301
20
1157.603
0
VERTEX
8
L0D0
10
-1269.26
20
1158.325
0
VERTEX
8
L0D0
10
-1406.594
20
976.077
0
VERTEX
8
L0D0
10
-1409.469
20
978.243
0
VERTEX
8
L0D0
10
-1272.135
20
1160.492
0
VERTEX
8
L0D0
10
-1273.093
20
1161.214
0
VERTEX
8
L0D0
10
-1410.427
20
978.965
0
VERTEX
8
L0D0
10
-1413.302
20
981.132
0
VERTEX
8
L0D0
10
-1275.968
20
1163.38
0
VERTEX
8
L0D0
10
-1276.927
20
1164.103
0
VERTEX
8
L0D0
10
-1414.261
20
981.854
0
VERTEX
8
L0D0
10
-1417.136
20
984.021
0
VERTEX
8
L0D0
10
-1279.802
20
1166.269
0
VERTEX
8
L0D0
10
-1280.76
20
1166.991
0
VERTEX
8
L0D0
10
-1418.094
20
984.743
0
VERTEX
8
L0D0
10
-1420.969
20
986.909
0
VERTEX
8
L0D0
10
-1283.635
20
1169.158
0
VERTEX
8
L0D0
10
-1284.593
20
1169.88
0
VERTEX
8
L0D0
10
-1421.928
20
987.631
0
VERTEX
8
L0D0
10
-1424.803
20
989.798
0
VERTEX
8
L0D0
10
-1287.469
20
1172.047
0
VERTEX
8
L0D0
10
-1288.427
20
1172.769
0
VERTEX
8
L0D0
10
-1425.761
20
990.52
0
VERTEX
8
L0D0
10
-1428.636
20
992.687
0
VERTEX
8
L0D0
10
-1291.302
20
1174.935
0
VERTEX
8
L0D0
10
-1292.26
20
1175.657
0
VERTEX
8
L0D0
10
-1429.595
20
993.409
0
VERTEX
8
L0D0
10
-1432.47
20
995.575
0
VERTEX
8
L0D0
10
-1295.135
20
1177.824
0
VERTEX
8
L0D0
10
-1296.094
20
1178.546
0
VERTEX
8
L0D0
10
-1433.428
20
996.298
0
VERTEX
8
L0D0
10
-1436.303
20
998.464
0
VERTEX
8
L0D0
10
-1298.969
20
1180.713
0
VERTEX
8
L0D0
10
-1299.927
20
1181.435
0
VERTEX
8
L0D0
10
-1437.261
20
999.186
0
VERTEX
8
L0D0
10
-1440.137
20
1001.353
0
VERTEX
8
L0D0
10
-1302.802
20
1183.601
0
VERTEX
8
L0D0
10
-1303.761
20
1184.324
0
VERTEX
8
L0D0
10
-1441.095
20
1002.075
0
VERTEX
8
L0D0
10
-1443.97
20
1004.242
0
VERTEX
8
L0D0
10
-1306.636
20
1186.49
0
VERTEX
8
L0D0
10
-1307.594
20
1187.212
0
VERTEX
8
L0D0
10
-1444.928
20
1004.964
0
VERTEX
8
L0D0
10
-1447.803
20
1007.13
0
VERTEX
8
L0D0
10
-1310.469
20
1189.379
0
VERTEX
8
L0D0
10
-1311.428
20
1190.101
0
VERTEX
8
L0D0
10
-1448.762
20
1007.852
0
VERTEX
8
L0D0
10
-1451.637
20
1010.019
0
VERTEX
8
L0D0
10
-1314.303
20
1192.268
0
VERTEX
8
L0D0
10
-1315.261
20
1192.99
0
VERTEX
8
L0D0
10
-1452.595
20
1010.741
0
VERTEX
8
L0D0
10
-1455.47
20
1012.908
0
VERTEX
8
L0D0
10
-1318.136
20
1195.156
0
VERTEX
8
L0D0
10
-1319.095
20
1195.878
0
VERTEX
8
L0D0
10
-1456.429
20
1013.63
0
VERTEX
8
L0D0
10
-1459.304
20
1015.796
0
VERTEX
8
L0D0
10
-1321.97
20
1198.045
0
VERTEX
8
L0D0
10
-1322.928
20
1198.767
0
VERTEX
8
L0D0
10
-1460.262
20
1016.519
0
VERTEX
8
L0D0
10
-1463.137
20
1018.685
0
VERTEX
8
L0D0
10
-1325.803
20
1200.934
0
VERTEX
8
L0D0
10
-1326.761
20
1201.656
0
VERTEX
8
L0D0
10
-1464.096
20
1019.407
0
VERTEX
8
L0D0
10
-1466.971
20
1021.574
0
VERTEX
8
L0D0
10
-1329.637
20
1203.822
0
VERTEX
8
L0D0
10
-1330.595
20
1204.545
0
VERTEX
8
L0D0
10
-1467.929
20
1022.296
0
VERTEX
8
L0D0
10
-1470.804
20
1024.463
0
VERTEX
8
L0D0
10
-1333.47
20
1206.711
0
VERTEX
8
L0D0
10
-1334.428
20
1207.433
0
VERTEX
8
L0D0
10
-1471.763
20
1025.185
0
VERTEX
8
L0D0
10
-1474.638
20
1027.351
0
VERTEX
8
L0D0
10
-1337.303
20
1209.6
0
VERTEX
8
L0D0
10
-1338.262
20
1210.322
0
VERTEX
8
L0D0
10
-1475.596
20
1028.073
0
VERTEX
8
L0D0
10
-1478.471
20
1030.24
0
VERTEX
8
L0D0
10
-1341.137
20
1212.489
0
VERTEX
8
L0D0
10
-1342.095
20
1213.211
0
VERTEX
8
L0D0
10
-1479.429
20
1030.962
0
VERTEX
8
L0D0
10
-1482.305
20
1033.129
0
VERTEX
8
L0D0
10
-1344.97
20
1215.377
0
VERTEX
8
L0D0
10
-1345.929
20
1216.099
0
VERTEX
8
L0D0
10
-1483.263
20
1033.851
0
VERTEX
8
L0D0
10
-1486.138
20
1036.017
0
VERTEX
8
L0D0
10
-1348.804
20
1218.266
0
VERTEX
8
L0D0
10
-1349.762
20
1218.988
0
VERTEX
8
L0D0
10
-1487.096
20
1036.74
0
VERTEX
8
L0D0
10
-1489.971
20
1038.906
0
VERTEX
8
L0D0
10
-1352.637
20
1221.155
0
VERTEX
8
L0D0
10
-1353.596
20
1221.877
0
VERTEX
8
L0D0
10
-1490.93
20
1039.628
0
VERTEX
8
L0D0
10
-1493.805
20
1041.795
0
VERTEX
8
L0D0
10
-1356.471
20
1224.043
0
VERTEX
8
L0D0
10
-1357.429
20
1224.766
0
VERTEX
8
L0D0
10
-1494.763
20
1042.517
0
VERTEX
8
L0D0
10
-1497.638
20
1044.683
0
VERTEX
8
L0D0
10
-1360.304
20
1226.932
0
VERTEX
8
L0D0
10
-1361.262
20
1227.654
0
VERTEX
8
L0D0
10
-1498.597
20
1045.406
0
VERTEX
8
L0D0
10
-1501.472
20
1047.572
0
VERTEX
8
L0D0
10
-1364.138
20
1229.821
0
VERTEX
8
L0D0
10
-1365.096
20
1230.543
0
VERTEX
8
L0D0
10
-1502.43
20
1048.294
0
VERTEX
8
L0D0
10
-1505.305
20
1050.461
0
VERTEX
8
L0D0
10
-1367.971
20
1232.71
0
VERTEX
8
L0D0
10
-1368.929
20
1233.432
0
VERTEX
8
L0D0
10
-1506.264
20
1051.183
0
VERTEX
8
L0D0
10
-1509.139
20
1053.35
0
VERTEX
8
L0D0
10
-1371.804
20
1235.598
0
VERTEX
8
L0D0
10
-1372.763
20
1236.32
0
VERTEX
8
L0D0
10
-1510.097
20
1054.072
0
VERTEX
8
L0D0
10
-1512.972
20
1056.238
0
VERTEX
8
L0D0
10
-1375.638
20
1238.487
0
VERTEX
8
L0D0
10
-1376.596
20
1239.209
0
VERTEX
8
L0D0
10
-1513.93
20
1056.961
0
VERTEX
8
L0D0
10
-1516.806
20
1059.127
0
VERTEX
8
L0D0
10
-1379.471
20
1241.376
0
VERTEX
8
L0D0
10
-1380.43
20
1242.098
0
VERTEX
8
L0D0
10
-1517.764
20
1059.849
0
VERTEX
8
L0D0
10
-1520.639
20
1062.016
0
VERTEX
8
L0D0
10
-1383.305
20
1244.264
0
VERTEX
8
L0D0
10
-1384.263
20
1244.987
0
VERTEX
8
L0D0
10
-1521.597
20
1062.738
0
VERTEX
8
L0D0
10
-1524.472
20
1064.904
0
VERTEX
8
L0D0
10
-1387.138
20
1247.153
0
VERTEX
8
L0D0
10
-1388.097
20
1247.875
0
VERTEX
8
L0D0
10
-1525.431
20
1065.627
0
VERTEX
8
L0D0
10
-1527.348
20
1067.071
0
VERTEX
8
L0D0
10
-1526.144
20
1068.668
0
VERTEX
8
L0D0
10
-1890.322
20
1343.096
0
VERTEX
8
L0D0
10
-1615.894
20
1707.274
0
VERTEX
8
L0D0
10
-1251.716
20
1432.846
0
VERTEX
8
L0D0
10
-1250.513
20
1434.443
0
VERTEX
8
L0D0
10
-1248.596
20
1432.999
0
VERTEX
8
L0D0
10
-1385.93
20
1250.75
0
VERTEX
8
L0D0
10
-1384.972
20
1250.028
0
VERTEX
8
L0D0
10
-1247.638
20
1432.277
0
VERTEX
8
L0D0
10
-1244.762
20
1430.11
0
VERTEX
8
L0D0
10
-1382.097
20
1247.862
0
VERTEX
8
L0D0
10
-1381.138
20
1247.139
0
VERTEX
8
L0D0
10
-1243.804
20
1429.388
0
VERTEX
8
L0D0
10
-1240.929
20
1427.222
0
VERTEX
8
L0D0
10
-1378.263
20
1244.973
0
VERTEX
8
L0D0
10
-1377.305
20
1244.251
0
VERTEX
8
L0D0
10
-1239.971
20
1426.499
0
VERTEX
8
L0D0
10
-1237.096
20
1424.333
0
VERTEX
8
L0D0
10
-1374.43
20
1242.084
0
VERTEX
8
L0D0
10
-1373.471
20
1241.362
0
VERTEX
8
L0D0
10
-1236.137
20
1423.611
0
VERTEX
8
L0D0
10
-1233.262
20
1421.444
0
VERTEX
8
L0D0
10
-1370.596
20
1239.196
0
VERTEX
8
L0D0
10
-1369.638
20
1238.473
0
VERTEX
8
L0D0
10
-1232.304
20
1420.722
0
VERTEX
8
L0D0
10
-1229.429
20
1418.555
0
VERTEX
8
L0D0
10
-1366.763
20
1236.307
0
VERTEX
8
L0D0
10
-1365.804
20
1235.585
0
VERTEX
8
L0D0
10
-1228.47
20
1417.833
0
VERTEX
8
L0D0
10
-1225.595
20
1415.667
0
VERTEX
8
L0D0
10
-1362.929
20
1233.418
0
VERTEX
8
L0D0
10
-1361.971
20
1232.696
0
VERTEX
8
L0D0
10
-1224.637
20
1414.945
0
VERTEX
8
L0D0
10
-1221.762
20
1412.778
0
VERTEX
8
L0D0
10
-1359.096
20
1230.529
0
VERTEX
8
L0D0
10
-1358.138
20
1229.807
0
VERTEX
8
L0D0
10
-1220.803
20
1412.056
0
VERTEX
8
L0D0
10
-1217.928
20
1409.889
0
VERTEX
8
L0D0
10
-1355.263
20
1227.641
0
VERTEX
8
L0D0
10
-1354.304
20
1226.918
0
VERTEX
8
L0D0
10
-1216.97
20
1409.167
0
VERTEX
8
L0D0
10
-1214.095
20
1407.001
0
VERTEX
8
L0D0
10
-1351.429
20
1224.752
0
VERTEX
8
L0D0
10
-1350.471
20
1224.03
0
VERTEX
8
L0D0
10
-1213.137
20
1406.278
0
VERTEX
8
L0D0
10
-1210.261
20
1404.112
0
VERTEX
8
L0D0
10
-1347.596
20
1221.863
0
VERTEX
8
L0D0
10
-1346.637
20
1221.141
0
VERTEX
8
L0D0
10
-1209.303
20
1403.39
0
VERTEX
8
L0D0
10
-1206.428
20
1401.223
0
VERTEX
8
L0D0
10
-1343.762
20
1218.975
0
VERTEX
8
L0D0
10
-1342.804
20
1218.252
0
VERTEX
8
L0D0
10
-1205.47
20
1400.501
0
VERTEX
8
L0D0
10
-1202.595
20
1398.334
0
VERTEX
8
L0D0
10
-1339.929
20
1216.086
0
VERTEX
8
L0D0
10
-1338.97
20
1215.364
0
VERTEX
8
L0D0
10
-1201.636
20
1397.612
0
VERTEX
8
L0D0
10
-1198.761
20
1395.446
0
VERTEX
8
L0D0
10
-1336.095
20
1213.197
0
VERTEX
8
L0D0
10
-1335.137
20
1212.475
0
VERTEX
8
L0D0
10
-1197.803
20
1394.724
0
VERTEX
8
L0D0
10
-1194.928
20
1392.557
0
VERTEX
8
L0D0
10
-1332.262
20
1210.308
0
VERTEX
8
L0D0
10
-1331.303
20
1209.586
0
VERTEX
8
L0D0
10
-1193.969
20
1391.835
0
VERTEX
8
L0D0
10
-1191.094
20
1389.668
0
VERTEX
8
L0D0
10
-1328.428
20
1207.42
0
VERTEX
8
L0D0
10
-1327.47
20
1206.698
0
VERTEX
8
L0D0
10
-1190.136
20
1388.946
0
VERTEX
8
L0D0
10
-1187.261
20
1386.78
0
VERTEX
8
L0D0
10
-1324.595
20
1204.531
0
VERTEX
8
L0D0
10
-1323.637
20
1203.809
0
VERTEX
8
L0D0
10
-1186.302
20
1386.057
0
VERTEX
8
L0D0
10
-1183.427
20
1383.891
0
VERTEX
8
L0D0
10
-1320.761
20
1201.642
0
VERTEX
8
L0D0
10
-1319.803
20
1200.92
0
VERTEX
8
L0D0
10
-1182.469
20
1383.169
0
VERTEX
8
L0D0
10
-1179.594
20
1381.002
0
VERTEX
8
L0D0
10
-1316.928
20
1198.754
0
VERTEX
8
L0D0
10
-1315.97
20
1198.031
0
VERTEX
8
L0D0
10
-1178.635
20
1380.28
0
VERTEX
8
L0D0
10
-1175.76
20
1378.113
0
VERTEX
8
L0D0
10
-1313.095
20
1195.865
0
VERTEX
8
L0D0
10
-1312.136
20
1195.143
0
VERTEX
8
L0D0
10
-1174.802
20
1377.391
0
VERTEX
8
L0D0
10
-1171.927
20
1375.225
0
VERTEX
8
L0D0
10
-1309.261
20
1192.976
0
VERTEX
8
L0D0
10
-1308.303
20
1192.254
0
VERTEX
8
L0D0
10
-1170.969
20
1374.503
0
VERTEX
8
L0D0
10
-1168.093
20
1372.336
0
VERTEX
8
L0D0
10
-1305.428
20
1190.087
0
VERTEX
8
L0D0
10
-1304.469
20
1189.365
0
VERTEX
8
L0D0
10
-1167.135
20
1371.614
0
VERTEX
8
L0D0
10
-1164.26
20
1369.447
0
VERTEX
8
L0D0
10
-1301.594
20
1187.199
0
VERTEX
8
L0D0
10
-1300.636
20
1186.477
0
VERTEX
8
L0D0
10
-1163.302
20
1368.725
0
VERTEX
8
L0D0
10
-1160.427
20
1366.559
0
VERTEX
8
L0D0
10
-1297.761
20
1184.31
0
VERTEX
8
L0D0
10
-1296.802
20
1183.588
0
VERTEX
8
L0D0
10
-1159.468
20
1365.836
0
VERTEX
8
L0D0
10
-1156.593
20
1363.67
0
VERTEX
8
L0D0
10
-1293.927
20
1181.421
0
VERTEX
8
L0D0
10
-1292.969
20
1180.699
0
VERTEX
8
L0D0
10
-1155.635
20
1362.948
0
VERTEX
8
L0D0
10
-1152.76
20
1360.781
0
VERTEX
8
L0D0
10
-1290.094
20
1178.533
0
VERTEX
8
L0D0
10
-1289.135
20
1177.81
0
VERTEX
8
L0D0
10
-1151.801
20
1360.059
0
VERTEX
8
L0D0
10
-1148.926
20
1357.892
0
VERTEX
8
L0D0
10
-1286.26
20
1175.644
0
VERTEX
8
L0D0
10
-1285.302
20
1174.922
0
VERTEX
8
L0D0
10
-1147.968
20
1357.17
0
VERTEX
8
L0D0
10
-1145.093
20
1355.004
0
VERTEX
8
L0D0
10
-1282.427
20
1172.755
0
VERTEX
8
L0D0
10
-1281.469
20
1172.033
0
VERTEX
8
L0D0
10
-1144.134
20
1354.282
0
VERTEX
8
L0D0
10
-1141.259
20
1352.115
0
VERTEX
8
L0D0
10
-1278.593
20
1169.866
0
VERTEX
8
L0D0
10
-1277.635
20
1169.144
0
VERTEX
8
L0D0
10
-1140.301
20
1351.393
0
VERTEX
8
L0D0
10
-1137.426
20
1349.226
0
VERTEX
8
L0D0
10
-1274.76
20
1166.978
0
VERTEX
8
L0D0
10
-1273.802
20
1166.256
0
VERTEX
8
L0D0
10
-1136.467
20
1348.504
0
VERTEX
8
L0D0
10
-1133.592
20
1346.338
0
VERTEX
8
L0D0
10
-1270.927
20
1164.089
0
VERTEX
8
L0D0
10
-1269.968
20
1163.367
0
VERTEX
8
L0D0
10
-1132.634
20
1345.615
0
VERTEX
8
L0D0
10
-1129.759
20
1343.449
0
VERTEX
8
L0D0
10
-1267.093
20
1161.2
0
VERTEX
8
L0D0
10
-1266.135
20
1160.478
0
VERTEX
8
L0D0
10
-1128.801
20
1342.727
0
VERTEX
8
L0D0
10
-1125.926
20
1340.56
0
VERTEX
8
L0D0
10
-1263.26
20
1158.312
0
VERTEX
8
L0D0
10
-1262.301
20
1157.589
0
VERTEX
8
L0D0
10
-1124.967
20
1339.838
0
VERTEX
8
L0D0
10
-1122.092
20
1337.671
0
VERTEX
8
L0D0
10
-1259.426
20
1155.423
0
VERTEX
8
L0D0
10
-1258.468
20
1154.701
0
VERTEX
8
L0D0
10
-1121.134
20
1336.949
0
VERTEX
8
L0D0
10
-1118.259
20
1334.783
0
VERTEX
8
L0D0
10
-1255.593
20
1152.534
0
VERTEX
8
L0D0
10
-1254.634
20
1151.812
0
VERTEX
8
L0D0
10
-1117.3
20
1334.061
0
VERTEX
8
L0D0
10
-1114.425
20
1331.894
0
VERTEX
8
L0D0
10
-1251.759
20
1149.645
0
VERTEX
8
L0D0
10
-1250.801
20
1148.923
0
VERTEX
8
L0D0
10
-1113.467
20
1331.172
0
VERTEX
8
L0D0
10
-1110.592
20
1329.005
0
VERTEX
8
L0D0
10
-1247.926
20
1146.757
0
VERTEX
8
L0D0
10
-1246.968
20
1146.035
0
VERTEX
8
L0D0
10
-1109.633
20
1328.283
0
VERTEX
8
L0D0
10
-1106.758
20
1326.117
0
VERTEX
8
L0D0
10
-1244.092
20
1143.868
0
VERTEX
8
L0D0
10
-1243.134
20
1143.146
0
VERTEX
8
L0D0
10
-1105.8
20
1325.394
0
VERTEX
8
L0D0
10
-1102.925
20
1323.228
0
VERTEX
8
L0D0
10
-1240.259
20
1140.979
0
VERTEX
8
L0D0
10
-1239.301
20
1140.257
0
VERTEX
8
L0D0
10
-1101.966
20
1322.506
0
VERTEX
8
L0D0
10
-1099.091
20
1320.339
0
VERTEX
8
L0D0
10
-1236.426
20
1138.091
0
VERTEX
8
L0D0
10
-1235.467
20
1137.368
0
VERTEX
8
L0D0
10
-1098.133
20
1319.617
0
VERTEX
8
L0D0
10
-1095.258
20
1317.451
0
VERTEX
8
L0D0
10
-1232.592
20
1135.202
0
VERTEX
8
L0D0
10
-1231.634
20
1134.48
0
VERTEX
8
L0D0
10
-1094.3
20
1316.728
0
VERTEX
8
L0D0
10
-1091.424
20
1314.562
0
VERTEX
8
L0D0
10
-1090.702
20
1315.52
0
VERTEX
8
L0D0
10
-931.614
20
1195.639
0
VERTEX
8
L0D0
10
-932.336
20
1194.68
0
VERTEX
8
L0D0
10
-930.42
20
1193.236
0
VERTEX
8
L0D0
10
-1067.754
20
1010.987
0
VERTEX
8
L0D0
10
-1066.795
20
1010.265
0
VERTEX
8
L0D0
10
-929.461
20
1192.514
0
VERTEX
8
L0D0
10
-926.586
20
1190.347
0
VERTEX
8
L0D0
10
-1063.92
20
1008.099
0
VERTEX
8
L0D0
10
-1062.962
20
1007.376
0
VERTEX
8
L0D0
10
-925.628
20
1189.625
0
VERTEX
8
L0D0
10
-922.753
20
1187.458
0
VERTEX
8
L0D0
10
-1060.087
20
1005.21
0
VERTEX
8
L0D0
10
-1059.128
20
1004.488
0
VERTEX
8
L0D0
10
-921.794
20
1186.736
0
VERTEX
8
L0D0
10
-918.919
20
1184.57
0
VERTEX
8
L0D0
10
-1056.253
20
1002.321
0
VERTEX
8
L0D0
10
-1055.295
20
1001.599
0
VERTEX
8
L0D0
10
-917.961
20
1183.848
0
VERTEX
8
L0D0
10
-915.086
20
1181.681
0
VERTEX
8
L0D0
10
-1052.42
20
999.432
0
VERTEX
8
L0D0
10
-1051.462
20
998.71
0
VERTEX
8
L0D0
10
-914.127
20
1180.959
0
VERTEX
8
L0D0
10
-911.252
20
1178.792
0
VERTEX
8
L0D0
10
-1048.586
20
996.544
0
VERTEX
8
L0D0
10
-1047.628
20
995.822
0
VERTEX
8
L0D0
10
-910.294
20
1178.07
0
VERTEX
8
L0D0
10
-907.419
20
1175.904
0
VERTEX
8
L0D0
10
-1044.753
20
993.655
0
VERTEX
8
L0D0
10
-1043.795
20
992.933
0
VERTEX
8
L0D0
10
-906.46
20
1175.181
0
VERTEX
8
L0D0
10
-903.585
20
1173.015
0
VERTEX
8
L0D0
10
-1040.92
20
990.766
0
VERTEX
8
L0D0
10
-1039.961
20
990.044
0
VERTEX
8
L0D0
10
-902.627
20
1172.293
0
VERTEX
8
L0D0
10
-899.752
20
1170.126
0
VERTEX
8
L0D0
10
-1037.086
20
987.878
0
VERTEX
8
L0D0
10
-1036.128
20
987.155
0
VERTEX
8
L0D0
10
-898.794
20
1169.404
0
VERTEX
8
L0D0
10
-895.918
20
1167.237
0
VERTEX
8
L0D0
10
-1033.253
20
984.989
0
VERTEX
8
L0D0
10
-1032.294
20
984.267
0
VERTEX
8
L0D0
10
-894.96
20
1166.515
0
VERTEX
8
L0D0
10
-892.085
20
1164.349
0
VERTEX
8
L0D0
10
-1029.419
20
982.1
0
VERTEX
8
L0D0
10
-1028.461
20
981.378
0
VERTEX
8
L0D0
10
-891.127
20
1163.627
0
VERTEX
8
L0D0
10
-888.252
20
1161.46
0
VERTEX
8
L0D0
10
-1025.586
20
979.211
0
VERTEX
8
L0D0
10
-1024.627
20
978.489
0
VERTEX
8
L0D0
10
-887.293
20
1160.738
0
VERTEX
8
L0D0
10
-884.418
20
1158.571
0
VERTEX
8
L0D0
10
-1021.752
20
976.323
0
VERTEX
8
L0D0
10
-1020.794
20
975.601
0
VERTEX
8
L0D0
10
-883.46
20
1157.849
0
VERTEX
8
L0D0
10
-880.585
20
1155.683
0
VERTEX
8
L0D0
10
-1017.919
20
973.434
0
VERTEX
8
L0D0
10
-1016.961
20
972.712
0
VERTEX
8
L0D0
10
-879.626
20
1154.96
0
VERTEX
8
L0D0
10
-876.751
20
1152.794
0
VERTEX
8
L0D0
10
-1014.085
20
970.545
0
VERTEX
8
L0D0
10
-1013.127
20
969.823
0
VERTEX
8
L0D0
10
-875.793
20
1152.072
0
VERTEX
8
L0D0
10
-872.918
20
1149.905
0
VERTEX
8
L0D0
10
-1010.252
20
967.657
0
VERTEX
8
L0D0
10
-1009.294
20
966.934
0
VERTEX
8
L0D0
10
-871.959
20
1149.183
0
VERTEX
8
L0D0
10
-869.084
20
1147.016
0
VERTEX
8
L0D0
10
-1006.419
20
964.768
0
VERTEX
8
L0D0
10
-1005.46
20
964.046
0
VERTEX
8
L0D0
10
-868.126
20
1146.294
0
VERTEX
8
L0D0
10
-865.251
20
1144.128
0
VERTEX
8
L0D0
10
-1002.585
20
961.879
0
VERTEX
8
L0D0
10
-1001.627
20
961.157
0
VERTEX
8
L0D0
10
-864.293
20
1143.406
0
VERTEX
8
L0D0
10
-861.417
20
1141.239
0
VERTEX
8
L0D0
10
-998.752
20
958.99
0
VERTEX
8
L0D0
10
-997.793
20
958.268
0
VERTEX
8
L0D0
10
-860.459
20
1140.517
0
VERTEX
8
L0D0
10
-857.584
20
1138.35
0
VERTEX
8
L0D0
10
-994.918
20
956.102
0
VERTEX
8
L0D0
10
-993.96
20
955.38
0
VERTEX
8
L0D0
10
-856.626
20
1137.628
0
VERTEX
8
L0D0
10
-853.751
20
1135.462
0
VERTEX
8
L0D0
10
-991.085
20
953.213
0
VERTEX
8
L0D0
10
-990.126
20
952.491
0
VERTEX
8
L0D0
10
-852.792
20
1134.739
0
VERTEX
8
L0D0
10
-849.917
20
1132.573
0
VERTEX
8
L0D0
10
-987.251
20
950.324
0
VERTEX
8
L0D0
10
-986.293
20
949.602
0
VERTEX
8
L0D0
10
-848.959
20
1131.851
0
VERTEX
8
L0D0
10
-846.084
20
1129.684
0
VERTEX
8
L0D0
10
-983.418
20
947.436
0
VERTEX
8
L0D0
10
-982.459
20
946.713
0
VERTEX
8
L0D0
10
-845.125
20
1128.962
0
VERTEX
8
L0D0
10
-842.25
20
1126.796
0
VERTEX
8
L0D0
10
-979.584
20
944.547
0
VERTEX
8
L0D0
10
-978.626
20
943.825
0
VERTEX
8
L0D0
10
-841.292
20
1126.073
0
VERTEX
8
L0D0
10
-838.417
20
1123.907
0
VERTEX
8
L0D0
10
-975.751
20
941.658
0
VERTEX
8
L0D0
10
-974.793
20
940.936
0
VERTEX
8
L0D0
10
-837.458
20
1123.185
0
VERTEX
8
L0D0
10
-834.583
20
1121.018
0
VERTEX
8
L0D0
10
-971.917
20
938.769
0
VERTEX
8
L0D0
10
-970.959
20
938.047
0
VERTEX
8
L0D0
10
-833.625
20
1120.296
0
VERTEX
8
L0D0
10
-830.75
20
1118.129
0
VERTEX
8
L0D0
10
-968.084
20
935.881
0
VERTEX
8
L0D0
10
-967.126
20
935.159
0
VERTEX
8
L0D0
10
-829.791
20
1117.407
0
VERTEX
8
L0D0
10
-826.916
20
1115.241
0
VERTEX
8
L0D0
10
-964.251
20
932.992
0
VERTEX
8
L0D0
10
-963.292
20
932.27
0
VERTEX
8
L0D0
10
-825.958
20
1114.518
0
VERTEX
8
L0D0
10
-823.083
20
1112.352
0
VERTEX
8
L0D0
10
-960.417
20
930.103
0
VERTEX
8
L0D0
10
-959.459
20
929.381
0
VERTEX
8
L0D0
10
-822.125
20
1111.63
0
VERTEX
8
L0D0
10
-819.249
20
1109.463
0
VERTEX
8
L0D0
10
-956.584
20
927.215
0
VERTEX
8
L0D0
10
-955.625
20
926.492
0
VERTEX
8
L0D0
10
-818.291
20
1108.741
0
VERTEX
8
L0D0
10
-815.416
20
1106.575
0
VERTEX
8
L0D0
10
-952.75
20
924.326
0
VERTEX
8
L0D0
10
-951.792
20
923.604
0
VERTEX
8
L0D0
10
-814.458
20
1105.852
0
VERTEX
8
L0D0
10
-811.583
20
1103.686
0
VERTEX
8
L0D0
10
-949.157
20
921.118
0
VERTEX
8
L0D0
10
-589.16
20
651.12
0
VERTEX
8
L0D0
10
-586.905
20
649.379
0
VERTEX
8
L0D0
10
-584.7
20
647.575
0
VERTEX
8
L0D0
10
-582.546
20
645.709
0
VERTEX
8
L0D0
10
-580.445
20
643.784
0
VERTEX
8
L0D0
10
-578.4
20
641.801
0
VERTEX
8
L0D0
10
-576.411
20
639.761
0
VERTEX
8
L0D0
10
-574.48
20
637.666
0
VERTEX
8
L0D0
10
-572.608
20
635.517
0
VERTEX
8
L0D0
10
-570.798
20
633.317
0
VERTEX
8
L0D0
10
-569.05
20
631.067
0
VERTEX
8
L0D0
10
-567.367
20
628.768
0
VERTEX
8
L0D0
10
-565.748
20
626.423
0
VERTEX
8
L0D0
10
-564.196
20
624.034
0
VERTEX
8
L0D0
10
-562.712
20
621.602
0
VERTEX
8
L0D0
10
-561.296
20
619.129
0
VERTEX
8
L0D0
10
-559.951
20
616.617
0
VERTEX
8
L0D0
10
-558.677
20
614.069
0
VERTEX
8
L0D0
10
-557.475
20
611.486
0
VERTEX
8
L0D0
10
-556.346
20
608.87
0
VERTEX
8
L0D0
10
-555.291
20
606.223
0
VERTEX
8
L0D0
10
-554.31
20
603.548
0
VERTEX
8
L0D0
10
-553.406
20
600.846
0
VERTEX
8
L0D0
10
-552.577
20
598.12
0
VERTEX
8
L0D0
10
-551.825
20
595.371
0
VERTEX
8
L0D0
10
-551.151
20
592.603
0
VERTEX
8
L0D0
10
-550.555
20
589.817
0
VERTEX
8
L0D0
10
-550.038
20
587.015
0
VERTEX
8
L0D0
10
-549.599
20
584.2
0
VERTEX
8
L0D0
10
-549.4
20
582.633
0
VERTEX
8
L0D0
10
-549.4
20
1020
0
VERTEX
8
L0D0
10
-778
20
1020
0
VERTEX
8
L0D0
10
-778
20
1023.6
0
VERTEX
8
L0D0
10
-549.8
20
1023.6
0
VERTEX
8
L0D0
10
-549.8
20
1024.8
0
VERTEX
8
L0D0
10
-778
20
1024.8
0
VERTEX
8
L0D0
10
-778
20
1028.4
0
VERTEX
8
L0D0
10
-549.8
20
1028.4
0
VERTEX
8
L0D0
10
-549.8
20
1029.6
0
VERTEX
8
L0D0
10
-778
20
1029.6
0
VERTEX
8
L0D0
10
-778
20
1033.2
0
VERTEX
8
L0D0
10
-549.8
20
1033.2
0
VERTEX
8
L0D0
10
-549.8
20
1034.4
0
VERTEX
8
L0D0
10
-778
20
1034.4
0
VERTEX
8
L0D0
10
-778
20
1038
0
VERTEX
8
L0D0
10
-549.8
20
1038
0
VERTEX
8
L0D0
10
-549.8
20
1039.2
0
VERTEX
8
L0D0
10
-778
20
1039.2
0
VERTEX
8
L0D0
10
-778
20
1042.8
0
VERTEX
8
L0D0
10
-549.8
20
1042.8
0
VERTEX
8
L0D0
10
-549.8
20
1044
0
VERTEX
8
L0D0
10
-778
20
1044
0
VERTEX
8
L0D0
10
-778
20
1047.6
0
VERTEX
8
L0D0
10
-549.8
20
1047.6
0
VERTEX
8
L0D0
10
-549.8
20
1048.8
0
VERTEX
8
L0D0
10
-778
20
1048.8
0
VERTEX
8
L0D0
10
-778
20
1052.4
0
VERTEX
8
L0D0
10
-549.8
20
1052.4
0
VERTEX
8
L0D0
10
-549.8
20
1053.6
0
VERTEX
8
L0D0
10
-778
20
1053.6
0
VERTEX
8
L0D0
10
-778
20
1057.2
0
VERTEX
8
L0D0
10
-549.8
20
1057.2
0
VERTEX
8
L0D0
10
-549.8
20
1058.4
0
VERTEX
8
L0D0
10
-778
20
1058.4
0
VERTEX
8
L0D0
10
-778
20
1062
0
VERTEX
8
L0D0
10
-549.8
20
1062
0
VERTEX
8
L0D0
10
-549.8
20
1063.2
0
VERTEX
8
L0D0
10
-778
20
1063.2
0
VERTEX
8
L0D0
10
-778
20
1066.8
0
VERTEX
8
L0D0
10
-549.8
20
1066.8
0
VERTEX
8
L0D0
10
-549.8
20
1068
0
VERTEX
8
L0D0
10
-778
20
1068
0
VERTEX
8
L0D0
10
-778
20
1071.6
0
VERTEX
8
L0D0
10
-549.8
20
1071.6
0
VERTEX
8
L0D0
10
-549.8
20
1072.8
0
VERTEX
8
L0D0
10
-778
20
1072.8
0
VERTEX
8
L0D0
10
-778
20
1076.4
0
VERTEX
8
L0D0
10
-549.8
20
1076.4
0
VERTEX
8
L0D0
10
-549.8
20
1077.6
0
VERTEX
8
L0D0
10
-778
20
1077.6
0
VERTEX
8
L0D0
10
-778
20
1081.2
0
VERTEX
8
L0D0
10
-549.8
20
1081.2
0
VERTEX
8
L0D0
10
-549.8
20
1082.4
0
VERTEX
8
L0D0
10
-778
20
1082.4
0
VERTEX
8
L0D0
10
-778
20
1086
0
VERTEX
8
L0D0
10
-549.8
20
1086
0
VERTEX
8
L0D0
10
-549.8
20
1087.2
0
VERTEX
8
L0D0
10
-778
20
1087.2
0
VERTEX
8
L0D0
10
-778
20
1090.8
0
VERTEX
8
L0D0
10
-549.8
20
1090.8
0
VERTEX
8
L0D0
10
-549.8
20
1092
0
VERTEX
8
L0D0
10
-778
20
1092
0
VERTEX
8
L0D0
10
-778
20
1095.6
0
VERTEX
8
L0D0
10
-549.8
20
1095.6
0
VERTEX
8
L0D0
10
-549.8
20
1096.8
0
VERTEX
8
L0D0
10
-778
20
1096.8
0
VERTEX
8
L0D0
10
-778
20
1100.4
0
VERTEX
8
L0D0
10
-549.8
20
1100.4
0
VERTEX
8
L0D0
10
-549.8
20
1101.6
0
VERTEX
8
L0D0
10
-778
20
1101.6
0
VERTEX
8
L0D0
10
-778
20
1105.2
0
VERTEX
8
L0D0
10
-549.8
20
1105.2
0
VERTEX
8
L0D0
10
-549.8
20
1106.4
0
VERTEX
8
L0D0
10
-778
20
1106.4
0
VERTEX
8
L0D0
10
-778
20
1110
0
VERTEX
8
L0D0
10
-549.8
20
1110
0
VERTEX
8
L0D0
10
-549.8
20
1111.2
0
VERTEX
8
L0D0
10
-778
20
1111.2
0
VERTEX
8
L0D0
10
-778
20
1114.8
0
VERTEX
8
L0D0
10
-549.8
20
1114.8
0
VERTEX
8
L0D0
10
-549.8
20
1116
0
VERTEX
8
L0D0
10
-778
20
1116
0
VERTEX
8
L0D0
10
-778
20
1119.6
0
VERTEX
8
L0D0
10
-549.8
20
1119.6
0
VERTEX
8
L0D0
10
-549.8
20
1120.8
0
VERTEX
8
L0D0
10
-778
20
1120.8
0
VERTEX
8
L0D0
10
-778
20
1124.4
0
VERTEX
8
L0D0
10
-549.8
20
1124.4
0
VERTEX
8
L0D0
10
-549.8
20
1125.6
0
VERTEX
8
L0D0
10
-778
20
1125.6
0
VERTEX
8
L0D0
10
-778
20
1129.2
0
VERTEX
8
L0D0
10
-549.8
20
1129.2
0
VERTEX
8
L0D0
10
-549.8
20
1130.4
0
VERTEX
8
L0D0
10
-778
20
1130.4
0
VERTEX
8
L0D0
10
-778
20
1134
0
VERTEX
8
L0D0
10
-549.8
20
1134
0
VERTEX
8
L0D0
10
-549.8
20
1135.2
0
VERTEX
8
L0D0
10
-778
20
1135.2
0
VERTEX
8
L0D0
10
-778
20
1138.8
0
VERTEX
8
L0D0
10
-549.8
20
1138.8
0
VERTEX
8
L0D0
10
-549.8
20
1140
0
VERTEX
8
L0D0
10
-778
20
1140
0
VERTEX
8
L0D0
10
-778
20
1143.6
0
VERTEX
8
L0D0
10
-549.8
20
1143.6
0
VERTEX
8
L0D0
10
-549.8
20
1144.8
0
VERTEX
8
L0D0
10
-778
20
1144.8
0
VERTEX
8
L0D0
10
-778
20
1148.4
0
VERTEX
8
L0D0
10
-549.8
20
1148.4
0
VERTEX
8
L0D0
10
-549.8
20
1149.6
0
VERTEX
8
L0D0
10
-778
20
1149.6
0
VERTEX
8
L0D0
10
-778
20
1153.2
0
VERTEX
8
L0D0
10
-549.8
20
1153.2
0
VERTEX
8
L0D0
10
-549.8
20
1154.4
0
VERTEX
8
L0D0
10
-778
20
1154.4
0
VERTEX
8
L0D0
10
-778
20
1158
0
VERTEX
8
L0D0
10
-549.8
20
1158
0
VERTEX
8
L0D0
10
-549.8
20
1159.2
0
VERTEX
8
L0D0
10
-778
20
1159.2
0
VERTEX
8
L0D0
10
-778
20
1162.8
0
VERTEX
8
L0D0
10
-549.8
20
1162.8
0
VERTEX
8
L0D0
10
-549.8
20
1164
0
VERTEX
8
L0D0
10
-778
20
1164
0
VERTEX
8
L0D0
10
-778
20
1167.6
0
VERTEX
8
L0D0
10
-549.8
20
1167.6
0
VERTEX
8
L0D0
10
-549.8
20
1168.8
0
VERTEX
8
L0D0
10
-778
20
1168.8
0
VERTEX
8
L0D0
10
-778
20
1171.2
0
VERTEX
8
L0D0
10
-779.2
20
1171.2
0
VERTEX
8
L0D0
10
-779.2
20
1184.4
0
VERTEX
8
L0D0
10
-777.4
20
1184.4
0
VERTEX
8
L0D0
10
-319.8
20
1184.4
0
VERTEX
8
L0D0
10
-319.8
20
1183.2
0
VERTEX
8
L0D0
10
-777.4
20
1183.2
0
VERTEX
8
L0D0
10
-777.4
20
1179.6
0
VERTEX
8
L0D0
10
-319.8
20
1179.6
0
VERTEX
8
L0D0
10
-319.8
20
1178.4
0
VERTEX
8
L0D0
10
-777.4
20
1178.4
0
VERTEX
8
L0D0
10
-777.4
20
1174.8
0
VERTEX
8
L0D0
10
-548.6
20
1174.8
0
VERTEX
8
L0D0
10
-548.6
20
1166.4
0
VERTEX
8
L0D0
10
-776.8
20
1166.4
0
VERTEX
8
L0D0
10
-776.8
20
1165.2
0
VERTEX
8
L0D0
10
-548.6
20
1165.2
0
VERTEX
8
L0D0
10
-548.6
20
1161.6
0
VERTEX
8
L0D0
10
-776.8
20
1161.6
0
VERTEX
8
L0D0
10
-776.8
20
1160.4
0
VERTEX
8
L0D0
10
-548.6
20
1160.4
0
VERTEX
8
L0D0
10
-548.6
20
1156.8
0
VERTEX
8
L0D0
10
-776.8
20
1156.8
0
VERTEX
8
L0D0
10
-776.8
20
1155.6
0
VERTEX
8
L0D0
10
-548.6
20
1155.6
0
VERTEX
8
L0D0
10
-548.6
20
1152
0
VERTEX
8
L0D0
10
-776.8
20
1152
0
VERTEX
8
L0D0
10
-776.8
20
1150.8
0
VERTEX
8
L0D0
10
-548.6
20
1150.8
0
VERTEX
8
L0D0
10
-548.6
20
1147.2
0
VERTEX
8
L0D0
10
-776.8
20
1147.2
0
VERTEX
8
L0D0
10
-776.8
20
1146
0
VERTEX
8
L0D0
10
-548.6
20
1146
0
VERTEX
8
L0D0
10
-548.6
20
1142.4
0
VERTEX
8
L0D0
10
-776.8
20
1142.4
0
VERTEX
8
L0D0
10
-776.8
20
1141.2
0
VERTEX
8
L0D0
10
-548.6
20
1141.2
0
VERTEX
8
L0D0
10
-548.6
20
1137.6
0
VERTEX
8
L0D0
10
-776.8
20
1137.6
0
VERTEX
8
L0D0
10
-776.8
20
1136.4
0
VERTEX
8
L0D0
10
-548.6
20
1136.4
0
VERTEX
8
L0D0
10
-548.6
20
1132.8
0
VERTEX
8
L0D0
10
-776.8
20
1132.8
0
VERTEX
8
L0D0
10
-776.8
20
1131.6
0
VERTEX
8
L0D0
10
-548.6
20
1131.6
0
VERTEX
8
L0D0
10
-548.6
20
1128
0
VERTEX
8
L0D0
10
-776.8
20
1128
0
VERTEX
8
L0D0
10
-776.8
20
1126.8
0
VERTEX
8
L0D0
10
-548.6
20
1126.8
0
VERTEX
8
L0D0
10
-548.6
20
1123.2
0
VERTEX
8
L0D0
10
-776.8
20
1123.2
0
VERTEX
8
L0D0
10
-776.8
20
1122
0
VERTEX
8
L0D0
10
-548.6
20
1122
0
VERTEX
8
L0D0
10
-548.6
20
1118.4
0
VERTEX
8
L0D0
10
-776.8
20
1118.4
0
VERTEX
8
L0D0
10
-776.8
20
1117.2
0
VERTEX
8
L0D0
10
-548.6
20
1117.2
0
VERTEX
8
L0D0
10
-548.6
20
1113.6
0
VERTEX
8
L0D0
10
-776.8
20
1113.6
0
VERTEX
8
L0D0
10
-776.8
20
1112.4
0
VERTEX
8
L0D0
10
-548.6
20
1112.4
0
VERTEX
8
L0D0
10
-548.6
20
1108.8
0
VERTEX
8
L0D0
10
-776.8
20
1108.8
0
VERTEX
8
L0D0
10
-776.8
20
1107.6
0
VERTEX
8
L0D0
10
-548.6
20
1107.6
0
VERTEX
8
L0D0
10
-548.6
20
1104
0
VERTEX
8
L0D0
10
-776.8
20
1104
0
VERTEX
8
L0D0
10
-776.8
20
1102.8
0
VERTEX
8
L0D0
10
-548.6
20
1102.8
0
VERTEX
8
L0D0
10
-548.6
20
1099.2
0
VERTEX
8
L0D0
10
-776.8
20
1099.2
0
VERTEX
8
L0D0
10
-776.8
20
1098
0
VERTEX
8
L0D0
10
-548.6
20
1098
0
VERTEX
8
L0D0
10
-548.6
20
1094.4
0
VERTEX
8
L0D0
10
-776.8
20
1094.4
0
VERTEX
8
L0D0
10
-776.8
20
1093.2
0
VERTEX
8
L0D0
10
-548.6
20
1093.2
0
VERTEX
8
L0D0
10
-548.6
20
1089.6
0
VERTEX
8
L0D0
10
-776.8
20
1089.6
0
VERTEX
8
L0D0
10
-776.8
20
1088.4
0
VERTEX
8
L0D0
10
-548.6
20
1088.4
0
VERTEX
8
L0D0
10
-548.6
20
1084.8
0
VERTEX
8
L0D0
10
-776.8
20
1084.8
0
VERTEX
8
L0D0
10
-776.8
20
1083.6
0
VERTEX
8
L0D0
10
-548.6
20
1083.6
0
VERTEX
8
L0D0
10
-548.6
20
1080
0
VERTEX
8
L0D0
10
-776.8
20
1080
0
VERTEX
8
L0D0
10
-776.8
20
1078.8
0
VERTEX
8
L0D0
10
-548.6
20
1078.8
0
VERTEX
8
L0D0
10
-548.6
20
1075.2
0
VERTEX
8
L0D0
10
-776.8
20
1075.2
0
VERTEX
8
L0D0
10
-776.8
20
1074
0
VERTEX
8
L0D0
10
-548.6
20
1074
0
VERTEX
8
L0D0
10
-548.6
20
1070.4
0
VERTEX
8
L0D0
10
-776.8
20
1070.4
0
VERTEX
8
L0D0
10
-776.8
20
1069.2
0
VERTEX
8
L0D0
10
-548.6
20
1069.2
0
VERTEX
8
L0D0
10
-548.6
20
1065.6
0
VERTEX
8
L0D0
10
-776.8
20
1065.6
0
VERTEX
8
L0D0
10
-776.8
20
1064.4
0
VERTEX
8
L0D0
10
-548.6
20
1064.4
0
VERTEX
8
L0D0
10
-548.6
20
1060.8
0
VERTEX
8
L0D0
10
-776.8
20
1060.8
0
VERTEX
8
L0D0
10
-776.8
20
1059.6
0
VERTEX
8
L0D0
10
-548.6
20
1059.6
0
VERTEX
8
L0D0
10
-548.6
20
1056
0
VERTEX
8
L0D0
10
-776.8
20
1056
0
VERTEX
8
L0D0
10
-776.8
20
1054.8
0
VERTEX
8
L0D0
10
-548.6
20
1054.8
0
VERTEX
8
L0D0
10
-548.6
20
1051.2
0
VERTEX
8
L0D0
10
-776.8
20
1051.2
0
VERTEX
8
L0D0
10
-776.8
20
1050
0
VERTEX
8
L0D0
10
-548.6
20
1050
0
VERTEX
8
L0D0
10
-548.6
20
1046.4
0
VERTEX
8
L0D0
10
-776.8
20
1046.4
0
VERTEX
8
L0D0
10
-776.8
20
1045.2
0
VERTEX
8
L0D0
10
-548.6
20
1045.2
0
VERTEX
8
L0D0
10
-548.6
20
1041.6
0
VERTEX
8
L0D0
10
-776.8
20
1041.6
0
VERTEX
8
L0D0
10
-776.8
20
1040.4
0
VERTEX
8
L0D0
10
-548.6
20
1040.4
0
VERTEX
8
L0D0
10
-548.6
20
1036.8
0
VERTEX
8
L0D0
10
-776.8
20
1036.8
0
VERTEX
8
L0D0
10
-776.8
20
1035.6
0
VERTEX
8
L0D0
10
-548.6
20
1035.6
0
VERTEX
8
L0D0
10
-548.6
20
1032
0
VERTEX
8
L0D0
10
-776.8
20
1032
0
VERTEX
8
L0D0
10
-776.8
20
1030.8
0
VERTEX
8
L0D0
10
-548.6
20
1030.8
0
VERTEX
8
L0D0
10
-548.6
20
1027.2
0
VERTEX
8
L0D0
10
-776.8
20
1027.2
0
VERTEX
8
L0D0
10
-776.8
20
1026
0
VERTEX
8
L0D0
10
-548.6
20
1026
0
VERTEX
8
L0D0
10
-548.6
20
302
0
VERTEX
8
L0D0
10
-547.4
20
302
0
VERTEX
8
L0D0
10
-547.4
20
1026
0
VERTEX
8
L0D0
10
-319.2
20
1026
0
VERTEX
8
L0D0
10
-319.2
20
1027.2
0
VERTEX
8
L0D0
10
-547.4
20
1027.2
0
VERTEX
8
L0D0
10
-547.4
20
1030.8
0
VERTEX
8
L0D0
10
-319.2
20
1030.8
0
VERTEX
8
L0D0
10
-319.2
20
1032
0
VERTEX
8
L0D0
10
-547.4
20
1032
0
VERTEX
8
L0D0
10
-547.4
20
1035.6
0
VERTEX
8
L0D0
10
-319.2
20
1035.6
0
VERTEX
8
L0D0
10
-319.2
20
1036.8
0
VERTEX
8
L0D0
10
-547.4
20
1036.8
0
VERTEX
8
L0D0
10
-547.4
20
1040.4
0
VERTEX
8
L0D0
10
-319.2
20
1040.4
0
VERTEX
8
L0D0
10
-319.2
20
1041.6
0
VERTEX
8
L0D0
10
-547.4
20
1041.6
0
VERTEX
8
L0D0
10
-547.4
20
1045.2
0
VERTEX
8
L0D0
10
-319.2
20
1045.2
0
VERTEX
8
L0D0
10
-319.2
20
1046.4
0
VERTEX
8
L0D0
10
-547.4
20
1046.4
0
VERTEX
8
L0D0
10
-547.4
20
1050
0
VERTEX
8
L0D0
10
-319.2
20
1050
0
VERTEX
8
L0D0
10
-319.2
20
1051.2
0
VERTEX
8
L0D0
10
-547.4
20
1051.2
0
VERTEX
8
L0D0
10
-547.4
20
1054.8
0
VERTEX
8
L0D0
10
-319.2
20
1054.8
0
VERTEX
8
L0D0
10
-319.2
20
1056
0
VERTEX
8
L0D0
10
-547.4
20
1056
0
VERTEX
8
L0D0
10
-547.4
20
1059.6
0
VERTEX
8
L0D0
10
-319.2
20
1059.6
0
VERTEX
8
L0D0
10
-319.2
20
1060.8
0
VERTEX
8
L0D0
10
-547.4
20
1060.8
0
VERTEX
8
L0D0
10
-547.4
20
1064.4
0
VERTEX
8
L0D0
10
-319.2
20
1064.4
0
VERTEX
8
L0D0
10
-319.2
20
1065.6
0
VERTEX
8
L0D0
10
-547.4
20
1065.6
0
VERTEX
8
L0D0
10
-547.4
20
1069.2
0
VERTEX
8
L0D0
10
-319.2
20
1069.2
0
VERTEX
8
L0D0
10
-319.2
20
1070.4
0
VERTEX
8
L0D0
10
-547.4
20
1070.4
0
VERTEX
8
L0D0
10
-547.4
20
1074
0
VERTEX
8
L0D0
10
-319.2
20
1074
0
VERTEX
8
L0D0
10
-319.2
20
1075.2
0
VERTEX
8
L0D0
10
-547.4
20
1075.2
0
VERTEX
8
L0D0
10
-547.4
20
1078.8
0
VERTEX
8
L0D0
10
-319.2
20
1078.8
0
VERTEX
8
L0D0
10
-319.2
20
1080
0
VERTEX
8
L0D0
10
-547.4
20
1080
0
VERTEX
8
L0D0
10
-547.4
20
1083.6
0
VERTEX
8
L0D0
10
-319.2
20
1083.6
0
VERTEX
8
L0D0
10
-319.2
20
1084.8
0
VERTEX
8
L0D0
10
-547.4
20
1084.8
0
VERTEX
8
L0D0
10
-547.4
20
1088.4
0
VERTEX
8
L0D0
10
-319.2
20
1088.4
0
VERTEX
8
L0D0
10
-319.2
20
1089.6
0
VERTEX
8
L0D0
10
-547.4
20
1089.6
0
VERTEX
8
L0D0
10
-547.4
20
1093.2
0
VERTEX
8
L0D0
10
-319.2
20
1093.2
0
VERTEX
8
L0D0
10
-319.2
20
1094.4
0
VERTEX
8
L0D0
10
-547.4
20
1094.4
0
VERTEX
8
L0D0
10
-547.4
20
1098
0
VERTEX
8
L0D0
10
-319.2
20
1098
0
VERTEX
8
L0D0
10
-319.2
20
1099.2
0
VERTEX
8
L0D0
10
-547.4
20
1099.2
0
VERTEX
8
L0D0
10
-547.4
20
1102.8
0
VERTEX
8
L0D0
10
-319.2
20
1102.8
0
VERTEX
8
L0D0
10
-319.2
20
1104
0
VERTEX
8
L0D0
10
-547.4
20
1104
0
VERTEX
8
L0D0
10
-547.4
20
1107.6
0
VERTEX
8
L0D0
10
-319.2
20
1107.6
0
VERTEX
8
L0D0
10
-319.2
20
1108.8
0
VERTEX
8
L0D0
10
-547.4
20
1108.8
0
VERTEX
8
L0D0
10
-547.4
20
1112.4
0
VERTEX
8
L0D0
10
-319.2
20
1112.4
0
VERTEX
8
L0D0
10
-319.2
20
1113.6
0
VERTEX
8
L0D0
10
-547.4
20
1113.6
0
VERTEX
8
L0D0
10
-547.4
20
1117.2
0
VERTEX
8
L0D0
10
-319.2
20
1117.2
0
VERTEX
8
L0D0
10
-319.2
20
1118.4
0
VERTEX
8
L0D0
10
-547.4
20
1118.4
0
VERTEX
8
L0D0
10
-547.4
20
1122
0
VERTEX
8
L0D0
10
-319.2
20
1122
0
VERTEX
8
L0D0
10
-319.2
20
1123.2
0
VERTEX
8
L0D0
10
-547.4
20
1123.2
0
VERTEX
8
L0D0
10
-547.4
20
1126.8
0
VERTEX
8
L0D0
10
-319.2
20
1126.8
0
VERTEX
8
L0D0
10
-319.2
20
1128
0
VERTEX
8
L0D0
10
-547.4
20
1128
0
VERTEX
8
L0D0
10
-547.4
20
1131.6
0
VERTEX
8
L0D0
10
-319.2
20
1131.6
0
VERTEX
8
L0D0
10
-319.2
20
1132.8
0
VERTEX
8
L0D0
10
-547.4
20
1132.8
0
VERTEX
8
L0D0
10
-547.4
20
1136.4
0
VERTEX
8
L0D0
10
-319.2
20
1136.4
0
VERTEX
8
L0D0
10
-319.2
20
1137.6
0
VERTEX
8
L0D0
10
-547.4
20
1137.6
0
VERTEX
8
L0D0
10
-547.4
20
1141.2
0
VERTEX
8
L0D0
10
-319.2
20
1141.2
0
VERTEX
8
L0D0
10
-319.2
20
1142.4
0
VERTEX
8
L0D0
10
-547.4
20
1142.4
0
VERTEX
8
L0D0
10
-547.4
20
1146
0
VERTEX
8
L0D0
10
-319.2
20
1146
0
VERTEX
8
L0D0
10
-319.2
20
1147.2
0
VERTEX
8
L0D0
10
-547.4
20
1147.2
0
VERTEX
8
L0D0
10
-547.4
20
1150.8
0
VERTEX
8
L0D0
10
-319.2
20
1150.8
0
VERTEX
8
L0D0
10
-319.2
20
1152
0
VERTEX
8
L0D0
10
-547.4
20
1152
0
VERTEX
8
L0D0
10
-547.4
20
1155.6
0
VERTEX
8
L0D0
10
-319.2
20
1155.6
0
VERTEX
8
L0D0
10
-319.2
20
1156.8
0
VERTEX
8
L0D0
10
-547.4
20
1156.8
0
VERTEX
8
L0D0
10
-547.4
20
1160.4
0
VERTEX
8
L0D0
10
-319.2
20
1160.4
0
VERTEX
8
L0D0
10
-319.2
20
1161.6
0
VERTEX
8
L0D0
10
-547.4
20
1161.6
0
VERTEX
8
L0D0
10
-547.4
20
1165.2
0
VERTEX
8
L0D0
10
-319.2
20
1165.2
0
VERTEX
8
L0D0
10
-319.2
20
1166.4
0
VERTEX
8
L0D0
10
-547.4
20
1166.4
0
VERTEX
8
L0D0
10
-547.4
20
1176
0
VERTEX
8
L0D0
10
-776.2
20
1176
0
VERTEX
8
L0D0
10
-776.2
20
1177.2
0
VERTEX
8
L0D0
10
-318.6
20
1177.2
0
VERTEX
8
L0D0
10
-318.6
20
1180.8
0
VERTEX
8
L0D0
10
-776.2
20
1180.8
0
VERTEX
8
L0D0
10
-776.2
20
1182
0
VERTEX
8
L0D0
10
-318.6
20
1182
0
VERTEX
8
L0D0
10
-318.6
20
1185.6
0
VERTEX
8
L0D0
10
-776.2
20
1185.6
0
VERTEX
8
L0D0
10
-776.2
20
1186.8
0
VERTEX
8
L0D0
10
-318.6
20
1186.8
0
VERTEX
8
L0D0
10
-318.6
20
1190.4
0
VERTEX
8
L0D0
10
-776.2
20
1190.4
0
VERTEX
8
L0D0
10
-776.2
20
1191.6
0
VERTEX
8
L0D0
10
-318.6
20
1191.6
0
VERTEX
8
L0D0
10
-318.6
20
1195.2
0
VERTEX
8
L0D0
10
-776.2
20
1195.2
0
VERTEX
8
L0D0
10
-776.2
20
1196.4
0
VERTEX
8
L0D0
10
-318.6
20
1196.4
0
VERTEX
8
L0D0
10
-318.6
20
1200
0
VERTEX
8
L0D0
10
-776.2
20
1200
0
VERTEX
8
L0D0
10
-776.2
20
1201.2
0
VERTEX
8
L0D0
10
-318.6
20
1201.2
0
VERTEX
8
L0D0
10
-318.6
20
1204.8
0
VERTEX
8
L0D0
10
-776.2
20
1204.8
0
VERTEX
8
L0D0
10
-776.2
20
1206
0
VERTEX
8
L0D0
10
-318.6
20
1206
0
VERTEX
8
L0D0
10
-318.6
20
1209.6
0
VERTEX
8
L0D0
10
-776.2
20
1209.6
0
VERTEX
8
L0D0
10
-776.2
20
1210.8
0
VERTEX
8
L0D0
10
-318.6
20
1210.8
0
VERTEX
8
L0D0
10
-318.6
20
1214.4
0
VERTEX
8
L0D0
10
-776.2
20
1214.4
0
VERTEX
8
L0D0
10
-776.2
20
1215.6
0
VERTEX
8
L0D0
10
-318.6
20
1215.6
0
VERTEX
8
L0D0
10
-318.6
20
1219.2
0
VERTEX
8
L0D0
10
-776.2
20
1219.2
0
VERTEX
8
L0D0
10
-776.2
20
1220.4
0
VERTEX
8
L0D0
10
-318.6
20
1220.4
0
VERTEX
8
L0D0
10
-318.6
20
1224
0
VERTEX
8
L0D0
10
-776.2
20
1224
0
VERTEX
8
L0D0
10
-776.2
20
1225.2
0
VERTEX
8
L0D0
10
-318.6
20
1225.2
0
VERTEX
8
L0D0
10
-318.6
20
1228.8
0
VERTEX
8
L0D0
10
-776.2
20
1228.8
0
VERTEX
8
L0D0
10
-776.2
20
1230
0
VERTEX
8
L0D0
10
-318.6
20
1230
0
VERTEX
8
L0D0
10
-318.6
20
1233.6
0
VERTEX
8
L0D0
10
-776.2
20
1233.6
0
VERTEX
8
L0D0
10
-776.2
20
1234.8
0
VERTEX
8
L0D0
10
-318.6
20
1234.8
0
VERTEX
8
L0D0
10
-318.6
20
1238.4
0
VERTEX
8
L0D0
10
-776.2
20
1238.4
0
VERTEX
8
L0D0
10
-776.2
20
1239.6
0
VERTEX
8
L0D0
10
-318.6
20
1239.6
0
VERTEX
8
L0D0
10
-318.6
20
1243.2
0
VERTEX
8
L0D0
10
-776.2
20
1243.2
0
VERTEX
8
L0D0
10
-776.2
20
1244.4
0
VERTEX
8
L0D0
10
-318.6
20
1244.4
0
VERTEX
8
L0D0
10
-318.6
20
1248
0
VERTEX
8
L0D0
10
-776.2
20
1248
0
VERTEX
8
L0D0
10
-776.2
20
1249.2
0
VERTEX
8
L0D0
10
-318.6
20
1249.2
0
VERTEX
8
L0D0
10
-318.6
20
1252.8
0
VERTEX
8
L0D0
10
-776.2
20
1252.8
0
VERTEX
8
L0D0
10
-776.2
20
1254
0
VERTEX
8
L0D0
10
-318.6
20
1254
0
VERTEX
8
L0D0
10
-318.6
20
1257.6
0
VERTEX
8
L0D0
10
-776.2
20
1257.6
0
VERTEX
8
L0D0
10
-776.2
20
1258.8
0
VERTEX
8
L0D0
10
-318.6
20
1258.8
0
VERTEX
8
L0D0
10
-318.6
20
1262.4
0
VERTEX
8
L0D0
10
-776.2
20
1262.4
0
VERTEX
8
L0D0
10
-776.2
20
1263.6
0
VERTEX
8
L0D0
10
-318.6
20
1263.6
0
VERTEX
8
L0D0
10
-318.6
20
1267.2
0
VERTEX
8
L0D0
10
-776.2
20
1267.2
0
VERTEX
8
L0D0
10
-776.2
20
1268.4
0
VERTEX
8
L0D0
10
-318.6
20
1268.4
0
VERTEX
8
L0D0
10
-318.6
20
1272
0
VERTEX
8
L0D0
10
-776.2
20
1272
0
VERTEX
8
L0D0
10
-776.2
20
1273.2
0
VERTEX
8
L0D0
10
-318.6
20
1273.2
0
VERTEX
8
L0D0
10
-318.6
20
1276.8
0
VERTEX
8
L0D0
10
-776.2
20
1276.8
0
VERTEX
8
L0D0
10
-776.2
20
1278
0
VERTEX
8
L0D0
10
-318.6
20
1278
0
VERTEX
8
L0D0
10
-318.6
20
1281.6
0
VERTEX
8
L0D0
10
-776.2
20
1281.6
0
VERTEX
8
L0D0
10
-776.2
20
1282.8
0
VERTEX
8
L0D0
10
-318.6
20
1282.8
0
VERTEX
8
L0D0
10
-318.6
20
1286.4
0
VERTEX
8
L0D0
10
-776.2
20
1286.4
0
VERTEX
8
L0D0
10
-776.2
20
1287.6
0
VERTEX
8
L0D0
10
-318.6
20
1287.6
0
VERTEX
8
L0D0
10
-318.6
20
1291.2
0
VERTEX
8
L0D0
10
-776.2
20
1291.2
0
VERTEX
8
L0D0
10
-776.2
20
1292.4
0
VERTEX
8
L0D0
10
-318.6
20
1292.4
0
VERTEX
8
L0D0
10
-318.6
20
1296
0
VERTEX
8
L0D0
10
-776.2
20
1296
0
VERTEX
8
L0D0
10
-776.2
20
1297.2
0
VERTEX
8
L0D0
10
-318.6
20
1297.2
0
VERTEX
8
L0D0
10
-318.6
20
1300.8
0
VERTEX
8
L0D0
10
-776.2
20
1300.8
0
VERTEX
8
L0D0
10
-776.2
20
1302
0
VERTEX
8
L0D0
10
-318.6
20
1302
0
VERTEX
8
L0D0
10
-318.6
20
1305.6
0
VERTEX
8
L0D0
10
-776.2
20
1305.6
0
VERTEX
8
L0D0
10
-776.2
20
1306.8
0
VERTEX
8
L0D0
10
-318.6
20
1306.8
0
VERTEX
8
L0D0
10
-318.6
20
1310.4
0
VERTEX
8
L0D0
10
-776.2
20
1310.4
0
VERTEX
8
L0D0
10
-776.2
20
1311.6
0
VERTEX
8
L0D0
10
-318.6
20
1311.6
0
VERTEX
8
L0D0
10
-318.6
20
1315.2
0
VERTEX
8
L0D0
10
-776.2
20
1315.2
0
VERTEX
8
L0D0
10
-776.2
20
1316.4
0
VERTEX
8
L0D0
10
-318.6
20
1316.4
0
VERTEX
8
L0D0
10
-318.6
20
1320
0
VERTEX
8
L0D0
10
-776.2
20
1320
0
VERTEX
8
L0D0
10
-776.2
20
1321.2
0
VERTEX
8
L0D0
10
-318.6
20
1321.2
0
VERTEX
8
L0D0
10
-318.6
20
1324.8
0
VERTEX
8
L0D0
10
-776.2
20
1324.8
0
VERTEX
8
L0D0
10
-776.2
20
1326
0
VERTEX
8
L0D0
10
-318.6
20
1326
0
VERTEX
8
L0D0
10
-318.6
20
1329.6
0
VERTEX
8
L0D0
10
-776.2
20
1329.6
0
VERTEX
8
L0D0
10
-776.2
20
1330.8
0
VERTEX
8
L0D0
10
-318.6
20
1330.8
0
VERTEX
8
L0D0
10
-318.6
20
1334.4
0
VERTEX
8
L0D0
10
-776.2
20
1334.4
0
VERTEX
8
L0D0
10
-776.2
20
1335.6
0
VERTEX
8
L0D0
10
-318.6
20
1335.6
0
VERTEX
8
L0D0
10
-318.6
20
1339.2
0
VERTEX
8
L0D0
10
-776.2
20
1339.2
0
VERTEX
8
L0D0
10
-776.2
20
1340.4
0
VERTEX
8
L0D0
10
-318.6
20
1340.4
0
VERTEX
8
L0D0
10
-318.6
20
1344
0
VERTEX
8
L0D0
10
-776.2
20
1344
0
VERTEX
8
L0D0
10
-776.2
20
1345.2
0
VERTEX
8
L0D0
10
-318.6
20
1345.2
0
VERTEX
8
L0D0
10
-318.6
20
1348.8
0
VERTEX
8
L0D0
10
-776.2
20
1348.8
0
VERTEX
8
L0D0
10
-776.2
20
1350
0
VERTEX
8
L0D0
10
-318.6
20
1350
0
VERTEX
8
L0D0
10
-318.6
20
1353.6
0
VERTEX
8
L0D0
10
-776.2
20
1353.6
0
VERTEX
8
L0D0
10
-776.2
20
1354.8
0
VERTEX
8
L0D0
10
-318.6
20
1354.8
0
VERTEX
8
L0D0
10
-318.6
20
1358.4
0
VERTEX
8
L0D0
10
-776.2
20
1358.4
0
VERTEX
8
L0D0
10
-776.2
20
1359.6
0
VERTEX
8
L0D0
10
-318.6
20
1359.6
0
VERTEX
8
L0D0
10
-318.6
20
1363.2
0
VERTEX
8
L0D0
10
-776.2
20
1363.2
0
VERTEX
8
L0D0
10
-776.2
20
1364.4
0
VERTEX
8
L0D0
10
-318.6
20
1364.4
0
VERTEX
8
L0D0
10
-318.6
20
1368
0
VERTEX
8
L0D0
10
-547.4
20
1368
0
VERTEX
8
L0D0
10
-547.4
20
1376.4
0
VERTEX
8
L0D0
10
-319.2
20
1376.4
0
VERTEX
8
L0D0
10
-319.2
20
1377.6
0
VERTEX
8
L0D0
10
-547.4
20
1377.6
0
VERTEX
8
L0D0
10
-547.4
20
1381.2
0
VERTEX
8
L0D0
10
-319.2
20
1381.2
0
VERTEX
8
L0D0
10
-319.2
20
1382.4
0
VERTEX
8
L0D0
10
-547.4
20
1382.4
0
VERTEX
8
L0D0
10
-547.4
20
1386
0
VERTEX
8
L0D0
10
-319.2
20
1386
0
VERTEX
8
L0D0
10
-319.2
20
1387.2
0
VERTEX
8
L0D0
10
-547.4
20
1387.2
0
VERTEX
8
L0D0
10
-547.4
20
1390.8
0
VERTEX
8
L0D0
10
-319.2
20
1390.8
0
VERTEX
8
L0D0
10
-319.2
20
1392
0
VERTEX
8
L0D0
10
-547.4
20
1392
0
VERTEX
8
L0D0
10
-547.4
20
1395.6
0
VERTEX
8
L0D0
10
-319.2
20
1395.6
0
VERTEX
8
L0D0
10
-319.2
20
1396.8
0
VERTEX
8
L0D0
10
-547.4
20
1396.8
0
VERTEX
8
L0D0
10
-547.4
20
1400.4
0
VERTEX
8
L0D0
10
-319.2
20
1400.4
0
VERTEX
8
L0D0
10
-319.2
20
1401.6
0
VERTEX
8
L0D0
10
-547.4
20
1401.6
0
VERTEX
8
L0D0
10
-547.4
20
1405.2
0
VERTEX
8
L0D0
10
-319.2
20
1405.2
0
VERTEX
8
L0D0
10
-319.2
20
1406.4
0
VERTEX
8
L0D0
10
-547.4
20
1406.4
0
VERTEX
8
L0D0
10
-547.4
20
1410
0
VERTEX
8
L0D0
10
-319.2
20
1410
0
VERTEX
8
L0D0
10
-319.2
20
1411.2
0
VERTEX
8
L0D0
10
-547.4
20
1411.2
0
VERTEX
8
L0D0
10
-547.4
20
1414.8
0
VERTEX
8
L0D0
10
-319.2
20
1414.8
0
VERTEX
8
L0D0
10
-319.2
20
1416
0
VERTEX
8
L0D0
10
-547.4
20
1416
0
VERTEX
8
L0D0
10
-547.4
20
1419.6
0
VERTEX
8
L0D0
10
-319.2
20
1419.6
0
VERTEX
8
L0D0
10
-319.2
20
1420.8
0
VERTEX
8
L0D0
10
-547.4
20
1420.8
0
VERTEX
8
L0D0
10
-547.4
20
1424.4
0
VERTEX
8
L0D0
10
-319.2
20
1424.4
0
VERTEX
8
L0D0
10
-319.2
20
1425.6
0
VERTEX
8
L0D0
10
-547.4
20
1425.6
0
VERTEX
8
L0D0
10
-547.4
20
1429.2
0
VERTEX
8
L0D0
10
-319.2
20
1429.2
0
VERTEX
8
L0D0
10
-319.2
20
1430.4
0
VERTEX
8
L0D0
10
-547.4
20
1430.4
0
VERTEX
8
L0D0
10
-547.4
20
1434
0
VERTEX
8
L0D0
10
-319.2
20
1434
0
VERTEX
8
L0D0
10
-319.2
20
1435.2
0
VERTEX
8
L0D0
10
-547.4
20
1435.2
0
VERTEX
8
L0D0
10
-547.4
20
1438.8
0
VERTEX
8
L0D0
10
-319.2
20
1438.8
0
VERTEX
8
L0D0
10
-319.2
20
1440
0
VERTEX
8
L0D0
10
-547.4
20
1440
0
VERTEX
8
L0D0
10
-547.4
20
1443.6
0
VERTEX
8
L0D0
10
-319.2
20
1443.6
0
VERTEX
8
L0D0
10
-319.2
20
1444.8
0
VERTEX
8
L0D0
10
-547.4
20
1444.8
0
VERTEX
8
L0D0
10
-547.4
20
1448.4
0
VERTEX
8
L0D0
10
-319.2
20
1448.4
0
VERTEX
8
L0D0
10
-319.2
20
1449.6
0
VERTEX
8
L0D0
10
-547.4
20
1449.6
0
VERTEX
8
L0D0
10
-547.4
20
1453.2
0
VERTEX
8
L0D0
10
-319.2
20
1453.2
0
VERTEX
8
L0D0
10
-319.2
20
1454.4
0
VERTEX
8
L0D0
10
-547.4
20
1454.4
0
VERTEX
8
L0D0
10
-547.4
20
1458
0
VERTEX
8
L0D0
10
-319.2
20
1458
0
VERTEX
8
L0D0
10
-319.2
20
1459.2
0
VERTEX
8
L0D0
10
-547.4
20
1459.2
0
VERTEX
8
L0D0
10
-547.4
20
1462.8
0
VERTEX
8
L0D0
10
-319.2
20
1462.8
0
VERTEX
8
L0D0
10
-319.2
20
1464
0
VERTEX
8
L0D0
10
-547.4
20
1464
0
VERTEX
8
L0D0
10
-547.4
20
1467.6
0
VERTEX
8
L0D0
10
-319.2
20
1467.6
0
VERTEX
8
L0D0
10
-319.2
20
1468.8
0
VERTEX
8
L0D0
10
-547.4
20
1468.8
0
VERTEX
8
L0D0
10
-547.4
20
1472.4
0
VERTEX
8
L0D0
10
-319.2
20
1472.4
0
VERTEX
8
L0D0
10
-319.2
20
1473.6
0
VERTEX
8
L0D0
10
-547.4
20
1473.6
0
VERTEX
8
L0D0
10
-547.4
20
1477.2
0
VERTEX
8
L0D0
10
-319.2
20
1477.2
0
VERTEX
8
L0D0
10
-319.2
20
1478.4
0
VERTEX
8
L0D0
10
-547.4
20
1478.4
0
VERTEX
8
L0D0
10
-547.4
20
1482
0
VERTEX
8
L0D0
10
-319.2
20
1482
0
VERTEX
8
L0D0
10
-319.2
20
1483.2
0
VERTEX
8
L0D0
10
-547.4
20
1483.2
0
VERTEX
8
L0D0
10
-547.4
20
1486.8
0
VERTEX
8
L0D0
10
-319.2
20
1486.8
0
VERTEX
8
L0D0
10
-319.2
20
1488
0
VERTEX
8
L0D0
10
-547.4
20
1488
0
VERTEX
8
L0D0
10
-547.4
20
1491.6
0
VERTEX
8
L0D0
10
-319.2
20
1491.6
0
VERTEX
8
L0D0
10
-319.2
20
1492.8
0
VERTEX
8
L0D0
10
-547.4
20
1492.8
0
VERTEX
8
L0D0
10
-547.4
20
1496.4
0
VERTEX
8
L0D0
10
-319.2
20
1496.4
0
VERTEX
8
L0D0
10
-319.2
20
1497.6
0
VERTEX
8
L0D0
10
-547.4
20
1497.6
0
VERTEX
8
L0D0
10
-547.4
20
1501.2
0
VERTEX
8
L0D0
10
-319.2
20
1501.2
0
VERTEX
8
L0D0
10
-319.2
20
1502.4
0
VERTEX
8
L0D0
10
-547.4
20
1502.4
0
VERTEX
8
L0D0
10
-547.4
20
1506
0
VERTEX
8
L0D0
10
-319.2
20
1506
0
VERTEX
8
L0D0
10
-319.2
20
1507.2
0
VERTEX
8
L0D0
10
-547.4
20
1507.2
0
VERTEX
8
L0D0
10
-547.4
20
1510.8
0
VERTEX
8
L0D0
10
-319.2
20
1510.8
0
VERTEX
8
L0D0
10
-319.2
20
1512
0
VERTEX
8
L0D0
10
-547.4
20
1512
0
VERTEX
8
L0D0
10
-547.4
20
1515.6
0
VERTEX
8
L0D0
10
-319.2
20
1515.6
0
VERTEX
8
L0D0
10
-319.2
20
1516.8
0
VERTEX
8
L0D0
10
-547.4
20
1516.8
0
VERTEX
8
L0D0
10
-547.4
20
1520.4
0
VERTEX
8
L0D0
10
-319.2
20
1520.4
0
VERTEX
8
L0D0
10
-319.2
20
1521.6
0
VERTEX
8
L0D0
10
-547.4
20
1521.6
0
VERTEX
8
L0D0
10
-547.4
20
1525.2
0
VERTEX
8
L0D0
10
-319.2
20
1525.2
0
VERTEX
8
L0D0
10
-319.2
20
1526.4
0
VERTEX
8
L0D0
10
-547.4
20
1526.4
0
VERTEX
8
L0D0
10
-547.4
20
1530
0
VERTEX
8
L0D0
10
-319.2
20
1530
0
VERTEX
8
L0D0
10
-319.2
20
1531.2
0
VERTEX
8
L0D0
10
-547.4
20
1531.2
0
VERTEX
8
L0D0
10
-547.4
20
1534.8
0
VERTEX
8
L0D0
10
-319.2
20
1534.8
0
VERTEX
8
L0D0
10
-319.2
20
1536
0
VERTEX
8
L0D0
10
-547.4
20
1536
0
VERTEX
8
L0D0
10
-547.4
20
1539.6
0
VERTEX
8
L0D0
10
-319.2
20
1539.6
0
VERTEX
8
L0D0
10
-319.2
20
1540.8
0
VERTEX
8
L0D0
10
-547.4
20
1540.8
0
VERTEX
8
L0D0
10
-547.4
20
1544.4
0
VERTEX
8
L0D0
10
-319.2
20
1544.4
0
VERTEX
8
L0D0
10
-319.2
20
1545.6
0
VERTEX
8
L0D0
10
-547.4
20
1545.6
0
VERTEX
8
L0D0
10
-547.4
20
1549.2
0
VERTEX
8
L0D0
10
-319.2
20
1549.2
0
VERTEX
8
L0D0
10
-319.2
20
1550.4
0
VERTEX
8
L0D0
10
-547.4
20
1550.4
0
VERTEX
8
L0D0
10
-547.4
20
1554
0
VERTEX
8
L0D0
10
-319.2
20
1554
0
VERTEX
8
L0D0
10
-319.2
20
1555.2
0
VERTEX
8
L0D0
10
-547.4
20
1555.2
0
VERTEX
8
L0D0
10
-547.4
20
1558.8
0
VERTEX
8
L0D0
10
-319.2
20
1558.8
0
VERTEX
8
L0D0
10
-319.2
20
1560
0
VERTEX
8
L0D0
10
-547.4
20
1560
0
VERTEX
8
L0D0
10
-547.4
20
1563.6
0
VERTEX
8
L0D0
10
-319.2
20
1563.6
0
VERTEX
8
L0D0
10
-319.2
20
1564.8
0
VERTEX
8
L0D0
10
-547.4
20
1564.8
0
VERTEX
8
L0D0
10
-547.4
20
1573.2
0
VERTEX
8
L0D0
10
-323.6
20
1573.2
0
VERTEX
8
L0D0
10
-323.6
20
2019.6
0
VERTEX
8
L0D0
10
-770
20
2019.6
0
VERTEX
8
L0D0
10
-770
20
1575.6
0
VERTEX
8
L0D0
10
-326
20
1575.6
0
VERTEX
8
L0D0
10
-326
20
2017.2
0
VERTEX
8
L0D0
10
-767.6
20
2017.2
0
VERTEX
8
L0D0
10
-767.6
20
1578
0
VERTEX
8
L0D0
10
-328.4
20
1578
0
VERTEX
8
L0D0
10
-328.4
20
2014.8
0
VERTEX
8
L0D0
10
-765.2
20
2014.8
0
VERTEX
8
L0D0
10
-765.2
20
1580.4
0
VERTEX
8
L0D0
10
-330.8
20
1580.4
0
VERTEX
8
L0D0
10
-330.8
20
2012.4
0
VERTEX
8
L0D0
10
-762.8
20
2012.4
0
VERTEX
8
L0D0
10
-762.8
20
1582.8
0
VERTEX
8
L0D0
10
-333.2
20
1582.8
0
VERTEX
8
L0D0
10
-333.2
20
2010
0
VERTEX
8
L0D0
10
-760.4
20
2010
0
VERTEX
8
L0D0
10
-760.4
20
1585.2
0
VERTEX
8
L0D0
10
-335.6
20
1585.2
0
VERTEX
8
L0D0
10
-335.6
20
2007.6
0
VERTEX
8
L0D0
10
-758
20
2007.6
0
VERTEX
8
L0D0
10
-758
20
1587.6
0
VERTEX
8
L0D0
10
-338
20
1587.6
0
VERTEX
8
L0D0
10
-338
20
2005.2
0
VERTEX
8
L0D0
10
-755.6
20
2005.2
0
VERTEX
8
L0D0
10
-755.6
20
1590
0
VERTEX
8
L0D0
10
-340.4
20
1590
0
VERTEX
8
L0D0
10
-340.4
20
2002.8
0
VERTEX
8
L0D0
10
-753.2
20
2002.8
0
VERTEX
8
L0D0
10
-753.2
20
1592.4
0
VERTEX
8
L0D0
10
-342.8
20
1592.4
0
VERTEX
8
L0D0
10
-342.8
20
2000.4
0
VERTEX
8
L0D0
10
-750.8
20
2000.4
0
VERTEX
8
L0D0
10
-750.8
20
1594.8
0
VERTEX
8
L0D0
10
-345.2
20
1594.8
0
VERTEX
8
L0D0
10
-345.2
20
1998
0
VERTEX
8
L0D0
10
-748.4
20
1998
0
VERTEX
8
L0D0
10
-748.4
20
1597.2
0
VERTEX
8
L0D0
10
-347.6
20
1597.2
0
VERTEX
8
L0D0
10
-347.6
20
1995.6
0
VERTEX
8
L0D0
10
-746
20
1995.6
0
VERTEX
8
L0D0
10
-746
20
1599.6
0
VERTEX
8
L0D0
10
-350
20
1599.6
0
VERTEX
8
L0D0
10
-350
20
1993.2
0
VERTEX
8
L0D0
10
-743.6
20
1993.2
0
VERTEX
8
L0D0
10
-743.6
20
1602
0
VERTEX
8
L0D0
10
-352.4
20
1602
0
VERTEX
8
L0D0
10
-352.4
20
1990.8
0
VERTEX
8
L0D0
10
-741.2
20
1990.8
0
VERTEX
8
L0D0
10
-741.2
20
1604.4
0
VERTEX
8
L0D0
10
-354.8
20
1604.4
0
VERTEX
8
L0D0
10
-354.8
20
1988.4
0
VERTEX
8
L0D0
10
-738.8
20
1988.4
0
VERTEX
8
L0D0
10
-738.8
20
1606.8
0
VERTEX
8
L0D0
10
-357.2
20
1606.8
0
VERTEX
8
L0D0
10
-357.2
20
1986
0
VERTEX
8
L0D0
10
-736.4
20
1986
0
VERTEX
8
L0D0
10
-736.4
20
1609.2
0
VERTEX
8
L0D0
10
-359.6
20
1609.2
0
VERTEX
8
L0D0
10
-359.6
20
1983.6
0
VERTEX
8
L0D0
10
-734
20
1983.6
0
VERTEX
8
L0D0
10
-734
20
1611.6
0
VERTEX
8
L0D0
10
-362
20
1611.6
0
VERTEX
8
L0D0
10
-362
20
1981.2
0
VERTEX
8
L0D0
10
-731.6
20
1981.2
0
VERTEX
8
L0D0
10
-731.6
20
1614
0
VERTEX
8
L0D0
10
-364.4
20
1614
0
VERTEX
8
L0D0
10
-364.4
20
1978.8
0
VERTEX
8
L0D0
10
-729.2
20
1978.8
0
VERTEX
8
L0D0
10
-729.2
20
1616.4
0
VERTEX
8
L0D0
10
-366.8
20
1616.4
0
VERTEX
8
L0D0
10
-366.8
20
1976.4
0
VERTEX
8
L0D0
10
-726.8
20
1976.4
0
VERTEX
8
L0D0
10
-726.8
20
1618.8
0
VERTEX
8
L0D0
10
-369.2
20
1618.8
0
VERTEX
8
L0D0
10
-369.2
20
1974
0
VERTEX
8
L0D0
10
-724.4
20
1974
0
VERTEX
8
L0D0
10
-724.4
20
1621.2
0
VERTEX
8
L0D0
10
-371.6
20
1621.2
0
VERTEX
8
L0D0
10
-371.6
20
1971.6
0
VERTEX
8
L0D0
10
-722
20
1971.6
0
VERTEX
8
L0D0
10
-722
20
1623.6
0
VERTEX
8
L0D0
10
-374
20
1623.6
0
VERTEX
8
L0D0
10
-374
20
1969.2
0
VERTEX
8
L0D0
10
-719.6
20
1969.2
0
VERTEX
8
L0D0
10
-719.6
20
1626
0
VERTEX
8
L0D0
10
-376.4
20
1626
0
VERTEX
8
L0D0
10
-376.4
20
1966.8
0
VERTEX
8
L0D0
10
-717.2
20
1966.8
0
VERTEX
8
L0D0
10
-717.2
20
1628.4
0
VERTEX
8
L0D0
10
-378.8
20
1628.4
0
VERTEX
8
L0D0
10
-378.8
20
1964.4
0
VERTEX
8
L0D0
10
-714.8
20
1964.4
0
VERTEX
8
L0D0
10
-714.8
20
1630.8
0
VERTEX
8
L0D0
10
-381.2
20
1630.8
0
VERTEX
8
L0D0
10
-381.2
20
1962
0
VERTEX
8
L0D0
10
-712.4
20
1962
0
VERTEX
8
L0D0
10
-712.4
20
1633.2
0
VERTEX
8
L0D0
10
-383.6
20
1633.2
0
VERTEX
8
L0D0
10
-383.6
20
1959.6
0
VERTEX
8
L0D0
10
-710
20
1959.6
0
VERTEX
8
L0D0
10
-710
20
1635.6
0
VERTEX
8
L0D0
10
-386
20
1635.6
0
VERTEX
8
L0D0
10
-386
20
1957.2
0
VERTEX
8
L0D0
10
-707.6
20
1957.2
0
VERTEX
8
L0D0
10
-707.6
20
1638
0
VERTEX
8
L0D0
10
-388.4
20
1638
0
VERTEX
8
L0D0
10
-388.4
20
1954.8
0
VERTEX
8
L0D0
10
-705.2
20
1954.8
0
VERTEX
8
L0D0
10
-705.2
20
1640.4
0
VERTEX
8
L0D0
10
-390.8
20
1640.4
0
VERTEX
8
L0D0
10
-390.8
20
1952.4
0
VERTEX
8
L0D0
10
-702.8
20
1952.4
0
VERTEX
8
L0D0
10
-702.8
20
1642.8
0
VERTEX
8
L0D0
10
-393.2
20
1642.8
0
VERTEX
8
L0D0
10
-393.2
20
1950
0
VERTEX
8
L0D0
10
-700.4
20
1950
0
VERTEX
8
L0D0
10
-700.4
20
1645.2
0
VERTEX
8
L0D0
10
-395.6
20
1645.2
0
VERTEX
8
L0D0
10
-395.6
20
1798.2
0
VERTEX
8
L0D0
10
-398
20
1798.2
0
VERTEX
8
L0D0
10
-398
20
1947.6
0
VERTEX
8
L0D0
10
-698
20
1947.6
0
VERTEX
8
L0D0
10
-698
20
1647.6
0
VERTEX
8
L0D0
10
-398
20
1647.6
0
VERTEX
8
L0D0
10
-398
20
1797
0
VERTEX
8
L0D0
10
-396.8
20
1797
0
VERTEX
8
L0D0
10
-396.8
20
1646.4
0
VERTEX
8
L0D0
10
-699.2
20
1646.4
0
VERTEX
8
L0D0
10
-699.2
20
1948.8
0
VERTEX
8
L0D0
10
-394.4
20
1948.8
0
VERTEX
8
L0D0
10
-394.4
20
1644
0
VERTEX
8
L0D0
10
-701.6
20
1644
0
VERTEX
8
L0D0
10
-701.6
20
1951.2
0
VERTEX
8
L0D0
10
-392
20
1951.2
0
VERTEX
8
L0D0
10
-392
20
1641.6
0
VERTEX
8
L0D0
10
-704
20
1641.6
0
VERTEX
8
L0D0
10
-704
20
1953.6
0
VERTEX
8
L0D0
10
-389.6
20
1953.6
0
VERTEX
8
L0D0
10
-389.6
20
1639.2
0
VERTEX
8
L0D0
10
-706.4
20
1639.2
0
VERTEX
8
L0D0
10
-706.4
20
1956
0
VERTEX
8
L0D0
10
-387.2
20
1956
0
VERTEX
8
L0D0
10
-387.2
20
1636.8
0
VERTEX
8
L0D0
10
-708.8
20
1636.8
0
VERTEX
8
L0D0
10
-708.8
20
1958.4
0
VERTEX
8
L0D0
10
-384.8
20
1958.4
0
VERTEX
8
L0D0
10
-384.8
20
1634.4
0
VERTEX
8
L0D0
10
-711.2
20
1634.4
0
VERTEX
8
L0D0
10
-711.2
20
1960.8
0
VERTEX
8
L0D0
10
-382.4
20
1960.8
0
VERTEX
8
L0D0
10
-382.4
20
1632
0
VERTEX
8
L0D0
10
-713.6
20
1632
0
VERTEX
8
L0D0
10
-713.6
20
1963.2
0
VERTEX
8
L0D0
10
-380
20
1963.2
0
VERTEX
8
L0D0
10
-380
20
1629.6
0
VERTEX
8
L0D0
10
-716
20
1629.6
0
VERTEX
8
L0D0
10
-716
20
1965.6
0
VERTEX
8
L0D0
10
-377.6
20
1965.6
0
VERTEX
8
L0D0
10
-377.6
20
1627.2
0
VERTEX
8
L0D0
10
-718.4
20
1627.2
0
VERTEX
8
L0D0
10
-718.4
20
1968
0
VERTEX
8
L0D0
10
-375.2
20
1968
0
VERTEX
8
L0D0
10
-375.2
20
1624.8
0
VERTEX
8
L0D0
10
-720.8
20
1624.8
0
VERTEX
8
L0D0
10
-720.8
20
1970.4
0
VERTEX
8
L0D0
10
-372.8
20
1970.4
0
VERTEX
8
L0D0
10
-372.8
20
1622.4
0
VERTEX
8
L0D0
10
-723.2
20
1622.4
0
VERTEX
8
L0D0
10
-723.2
20
1972.8
0
VERTEX
8
L0D0
10
-370.4
20
1972.8
0
VERTEX
8
L0D0
10
-370.4
20
1620
0
VERTEX
8
L0D0
10
-725.6
20
1620
0
VERTEX
8
L0D0
10
-725.6
20
1975.2
0
VERTEX
8
L0D0
10
-368
20
1975.2
0
VERTEX
8
L0D0
10
-368
20
1617.6
0
VERTEX
8
L0D0
10
-728
20
1617.6
0
VERTEX
8
L0D0
10
-728
20
1977.6
0
VERTEX
8
L0D0
10
-365.6
20
1977.6
0
VERTEX
8
L0D0
10
-365.6
20
1615.2
0
VERTEX
8
L0D0
10
-730.4
20
1615.2
0
VERTEX
8
L0D0
10
-730.4
20
1980
0
VERTEX
8
L0D0
10
-363.2
20
1980
0
VERTEX
8
L0D0
10
-363.2
20
1612.8
0
VERTEX
8
L0D0
10
-732.8
20
1612.8
0
VERTEX
8
L0D0
10
-732.8
20
1982.4
0
VERTEX
8
L0D0
10
-360.8
20
1982.4
0
VERTEX
8
L0D0
10
-360.8
20
1610.4
0
VERTEX
8
L0D0
10
-735.2
20
1610.4
0
VERTEX
8
L0D0
10
-735.2
20
1984.8
0
VERTEX
8
L0D0
10
-358.4
20
1984.8
0
VERTEX
8
L0D0
10
-358.4
20
1608
0
VERTEX
8
L0D0
10
-737.6
20
1608
0
VERTEX
8
L0D0
10
-737.6
20
1987.2
0
VERTEX
8
L0D0
10
-356
20
1987.2
0
VERTEX
8
L0D0
10
-356
20
1605.6
0
VERTEX
8
L0D0
10
-740
20
1605.6
0
VERTEX
8
L0D0
10
-740
20
1989.6
0
VERTEX
8
L0D0
10
-353.6
20
1989.6
0
VERTEX
8
L0D0
10
-353.6
20
1603.2
0
VERTEX
8
L0D0
10
-742.4
20
1603.2
0
VERTEX
8
L0D0
10
-742.4
20
1992
0
VERTEX
8
L0D0
10
-351.2
20
1992
0
VERTEX
8
L0D0
10
-351.2
20
1600.8
0
VERTEX
8
L0D0
10
-744.8
20
1600.8
0
VERTEX
8
L0D0
10
-744.8
20
1994.4
0
VERTEX
8
L0D0
10
-348.8
20
1994.4
0
VERTEX
8
L0D0
10
-348.8
20
1598.4
0
VERTEX
8
L0D0
10
-747.2
20
1598.4
0
VERTEX
8
L0D0
10
-747.2
20
1996.8
0
VERTEX
8
L0D0
10
-346.4
20
1996.8
0
VERTEX
8
L0D0
10
-346.4
20
1596
0
VERTEX
8
L0D0
10
-749.6
20
1596
0
VERTEX
8
L0D0
10
-749.6
20
1999.2
0
VERTEX
8
L0D0
10
-344
20
1999.2
0
VERTEX
8
L0D0
10
-344
20
1593.6
0
VERTEX
8
L0D0
10
-752
20
1593.6
0
VERTEX
8
L0D0
10
-752
20
2001.6
0
VERTEX
8
L0D0
10
-341.6
20
2001.6
0
VERTEX
8
L0D0
10
-341.6
20
1591.2
0
VERTEX
8
L0D0
10
-754.4
20
1591.2
0
VERTEX
8
L0D0
10
-754.4
20
2004
0
VERTEX
8
L0D0
10
-339.2
20
2004
0
VERTEX
8
L0D0
10
-339.2
20
1588.8
0
VERTEX
8
L0D0
10
-756.8
20
1588.8
0
VERTEX
8
L0D0
10
-756.8
20
2006.4
0
VERTEX
8
L0D0
10
-336.8
20
2006.4
0
VERTEX
8
L0D0
10
-336.8
20
1586.4
0
VERTEX
8
L0D0
10
-759.2
20
1586.4
0
VERTEX
8
L0D0
10
-759.2
20
2008.8
0
VERTEX
8
L0D0
10
-334.4
20
2008.8
0
VERTEX
8
L0D0
10
-334.4
20
1584
0
VERTEX
8
L0D0
10
-761.6
20
1584
0
VERTEX
8
L0D0
10
-761.6
20
2011.2
0
VERTEX
8
L0D0
10
-332
20
2011.2
0
VERTEX
8
L0D0
10
-332
20
1581.6
0
VERTEX
8
L0D0
10
-764
20
1581.6
0
VERTEX
8
L0D0
10
-764
20
2013.6
0
VERTEX
8
L0D0
10
-329.6
20
2013.6
0
VERTEX
8
L0D0
10
-329.6
20
1579.2
0
VERTEX
8
L0D0
10
-766.4
20
1579.2
0
VERTEX
8
L0D0
10
-766.4
20
2016
0
VERTEX
8
L0D0
10
-327.2
20
2016
0
VERTEX
8
L0D0
10
-327.2
20
1576.8
0
VERTEX
8
L0D0
10
-768.8
20
1576.8
0
VERTEX
8
L0D0
10
-768.8
20
2018.4
0
VERTEX
8
L0D0
10
-324.8
20
2018.4
0
VERTEX
8
L0D0
10
-324.8
20
1574.4
0
VERTEX
8
L0D0
10
-548.6
20
1574.4
0
VERTEX
8
L0D0
10
-548.6
20
1564.8
0
VERTEX
8
L0D0
10
-776.8
20
1564.8
0
VERTEX
8
L0D0
10
-776.8
20
1563.6
0
VERTEX
8
L0D0
10
-548.6
20
1563.6
0
VERTEX
8
L0D0
10
-548.6
20
1560
0
VERTEX
8
L0D0
10
-776.8
20
1560
0
VERTEX
8
L0D0
10
-776.8
20
1558.8
0
VERTEX
8
L0D0
10
-548.6
20
1558.8
0
VERTEX
8
L0D0
10
-548.6
20
1555.2
0
VERTEX
8
L0D0
10
-776.8
20
1555.2
0
VERTEX
8
L0D0
10
-776.8
20
1554
0
VERTEX
8
L0D0
10
-548.6
20
1554
0
VERTEX
8
L0D0
10
-548.6
20
1550.4
0
VERTEX
8
L0D0
10
-776.8
20
1550.4
0
VERTEX
8
L0D0
10
-776.8
20
1549.2
0
VERTEX
8
L0D0
10
-548.6
20
1549.2
0
VERTEX
8
L0D0
10
-548.6
20
1545.6
0
VERTEX
8
L0D0
10
-776.8
20
1545.6
0
VERTEX
8
L0D0
10
-776.8
20
1544.4
0
VERTEX
8
L0D0
10
-548.6
20
1544.4
0
VERTEX
8
L0D0
10
-548.6
20
1540.8
0
VERTEX
8
L0D0
10
-776.8
20
1540.8
0
VERTEX
8
L0D0
10
-776.8
20
1539.6
0
VERTEX
8
L0D0
10
-548.6
20
1539.6
0
VERTEX
8
L0D0
10
-548.6
20
1536
0
VERTEX
8
L0D0
10
-776.8
20
1536
0
VERTEX
8
L0D0
10
-776.8
20
1534.8
0
VERTEX
8
L0D0
10
-548.6
20
1534.8
0
VERTEX
8
L0D0
10
-548.6
20
1531.2
0
VERTEX
8
L0D0
10
-776.8
20
1531.2
0
VERTEX
8
L0D0
10
-776.8
20
1530
0
VERTEX
8
L0D0
10
-548.6
20
1530
0
VERTEX
8
L0D0
10
-548.6
20
1526.4
0
VERTEX
8
L0D0
10
-776.8
20
1526.4
0
VERTEX
8
L0D0
10
-776.8
20
1525.2
0
VERTEX
8
L0D0
10
-548.6
20
1525.2
0
VERTEX
8
L0D0
10
-548.6
20
1521.6
0
VERTEX
8
L0D0
10
-776.8
20
1521.6
0
VERTEX
8
L0D0
10
-776.8
20
1520.4
0
VERTEX
8
L0D0
10
-548.6
20
1520.4
0
VERTEX
8
L0D0
10
-548.6
20
1516.8
0
VERTEX
8
L0D0
10
-776.8
20
1516.8
0
VERTEX
8
L0D0
10
-776.8
20
1515.6
0
VERTEX
8
L0D0
10
-548.6
20
1515.6
0
VERTEX
8
L0D0
10
-548.6
20
1512
0
VERTEX
8
L0D0
10
-776.8
20
1512
0
VERTEX
8
L0D0
10
-776.8
20
1510.8
0
VERTEX
8
L0D0
10
-548.6
20
1510.8
0
VERTEX
8
L0D0
10
-548.6
20
1507.2
0
VERTEX
8
L0D0
10
-776.8
20
1507.2
0
VERTEX
8
L0D0
10
-776.8
20
1506
0
VERTEX
8
L0D0
10
-548.6
20
1506
0
VERTEX
8
L0D0
10
-548.6
20
1502.4
0
VERTEX
8
L0D0
10
-776.8
20
1502.4
0
VERTEX
8
L0D0
10
-776.8
20
1501.2
0
VERTEX
8
L0D0
10
-548.6
20
1501.2
0
VERTEX
8
L0D0
10
-548.6
20
1497.6
0
VERTEX
8
L0D0
10
-776.8
20
1497.6
0
VERTEX
8
L0D0
10
-776.8
20
1496.4
0
VERTEX
8
L0D0
10
-548.6
20
1496.4
0
VERTEX
8
L0D0
10
-548.6
20
1492.8
0
VERTEX
8
L0D0
10
-776.8
20
1492.8
0
VERTEX
8
L0D0
10
-776.8
20
1491.6
0
VERTEX
8
L0D0
10
-548.6
20
1491.6
0
VERTEX
8
L0D0
10
-548.6
20
1488
0
VERTEX
8
L0D0
10
-776.8
20
1488
0
VERTEX
8
L0D0
10
-776.8
20
1486.8
0
VERTEX
8
L0D0
10
-548.6
20
1486.8
0
VERTEX
8
L0D0
10
-548.6
20
1483.2
0
VERTEX
8
L0D0
10
-776.8
20
1483.2
0
VERTEX
8
L0D0
10
-776.8
20
1482
0
VERTEX
8
L0D0
10
-548.6
20
1482
0
VERTEX
8
L0D0
10
-548.6
20
1478.4
0
VERTEX
8
L0D0
10
-776.8
20
1478.4
0
VERTEX
8
L0D0
10
-776.8
20
1477.2
0
VERTEX
8
L0D0
10
-548.6
20
1477.2
0
VERTEX
8
L0D0
10
-548.6
20
1473.6
0
VERTEX
8
L0D0
10
-776.8
20
1473.6
0
VERTEX
8
L0D0
10
-776.8
20
1472.4
0
VERTEX
8
L0D0
10
-548.6
20
1472.4
0
VERTEX
8
L0D0
10
-548.6
20
1468.8
0
VERTEX
8
L0D0
10
-776.8
20
1468.8
0
VERTEX
8
L0D0
10
-776.8
20
1467.6
0
VERTEX
8
L0D0
10
-548.6
20
1467.6
0
VERTEX
8
L0D0
10
-548.6
20
1464
0
VERTEX
8
L0D0
10
-776.8
20
1464
0
VERTEX
8
L0D0
10
-776.8
20
1462.8
0
VERTEX
8
L0D0
10
-548.6
20
1462.8
0
VERTEX
8
L0D0
10
-548.6
20
1459.2
0
VERTEX
8
L0D0
10
-776.8
20
1459.2
0
VERTEX
8
L0D0
10
-776.8
20
1458
0
VERTEX
8
L0D0
10
-548.6
20
1458
0
VERTEX
8
L0D0
10
-548.6
20
1454.4
0
VERTEX
8
L0D0
10
-776.8
20
1454.4
0
VERTEX
8
L0D0
10
-776.8
20
1453.2
0
VERTEX
8
L0D0
10
-548.6
20
1453.2
0
VERTEX
8
L0D0
10
-548.6
20
1449.6
0
VERTEX
8
L0D0
10
-776.8
20
1449.6
0
VERTEX
8
L0D0
10
-776.8
20
1448.4
0
VERTEX
8
L0D0
10
-548.6
20
1448.4
0
VERTEX
8
L0D0
10
-548.6
20
1444.8
0
VERTEX
8
L0D0
10
-776.8
20
1444.8
0
VERTEX
8
L0D0
10
-776.8
20
1443.6
0
VERTEX
8
L0D0
10
-548.6
20
1443.6
0
VERTEX
8
L0D0
10
-548.6
20
1440
0
VERTEX
8
L0D0
10
-776.8
20
1440
0
VERTEX
8
L0D0
10
-776.8
20
1438.8
0
VERTEX
8
L0D0
10
-548.6
20
1438.8
0
VERTEX
8
L0D0
10
-548.6
20
1435.2
0
VERTEX
8
L0D0
10
-776.8
20
1435.2
0
VERTEX
8
L0D0
10
-776.8
20
1434
0
VERTEX
8
L0D0
10
-548.6
20
1434
0
VERTEX
8
L0D0
10
-548.6
20
1430.4
0
VERTEX
8
L0D0
10
-776.8
20
1430.4
0
VERTEX
8
L0D0
10
-776.8
20
1429.2
0
VERTEX
8
L0D0
10
-548.6
20
1429.2
0
VERTEX
8
L0D0
10
-548.6
20
1425.6
0
VERTEX
8
L0D0
10
-776.8
20
1425.6
0
VERTEX
8
L0D0
10
-776.8
20
1424.4
0
VERTEX
8
L0D0
10
-548.6
20
1424.4
0
VERTEX
8
L0D0
10
-548.6
20
1420.8
0
VERTEX
8
L0D0
10
-776.8
20
1420.8
0
VERTEX
8
L0D0
10
-776.8
20
1419.6
0
VERTEX
8
L0D0
10
-548.6
20
1419.6
0
VERTEX
8
L0D0
10
-548.6
20
1416
0
VERTEX
8
L0D0
10
-776.8
20
1416
0
VERTEX
8
L0D0
10
-776.8
20
1414.8
0
VERTEX
8
L0D0
10
-548.6
20
1414.8
0
VERTEX
8
L0D0
10
-548.6
20
1411.2
0
VERTEX
8
L0D0
10
-776.8
20
1411.2
0
VERTEX
8
L0D0
10
-776.8
20
1410
0
VERTEX
8
L0D0
10
-548.6
20
1410
0
VERTEX
8
L0D0
10
-548.6
20
1406.4
0
VERTEX
8
L0D0
10
-776.8
20
1406.4
0
VERTEX
8
L0D0
10
-776.8
20
1405.2
0
VERTEX
8
L0D0
10
-548.6
20
1405.2
0
VERTEX
8
L0D0
10
-548.6
20
1401.6
0
VERTEX
8
L0D0
10
-776.8
20
1401.6
0
VERTEX
8
L0D0
10
-776.8
20
1400.4
0
VERTEX
8
L0D0
10
-548.6
20
1400.4
0
VERTEX
8
L0D0
10
-548.6
20
1396.8
0
VERTEX
8
L0D0
10
-776.8
20
1396.8
0
VERTEX
8
L0D0
10
-776.8
20
1395.6
0
VERTEX
8
L0D0
10
-548.6
20
1395.6
0
VERTEX
8
L0D0
10
-548.6
20
1392
0
VERTEX
8
L0D0
10
-776.8
20
1392
0
VERTEX
8
L0D0
10
-776.8
20
1390.8
0
VERTEX
8
L0D0
10
-548.6
20
1390.8
0
VERTEX
8
L0D0
10
-548.6
20
1387.2
0
VERTEX
8
L0D0
10
-776.8
20
1387.2
0
VERTEX
8
L0D0
10
-776.8
20
1386
0
VERTEX
8
L0D0
10
-548.6
20
1386
0
VERTEX
8
L0D0
10
-548.6
20
1382.4
0
VERTEX
8
L0D0
10
-776.8
20
1382.4
0
VERTEX
8
L0D0
10
-776.8
20
1381.2
0
VERTEX
8
L0D0
10
-548.6
20
1381.2
0
VERTEX
8
L0D0
10
-548.6
20
1377.6
0
VERTEX
8
L0D0
10
-776.8
20
1377.6
0
VERTEX
8
L0D0
10
-776.8
20
1376.4
0
VERTEX
8
L0D0
10
-548.6
20
1376.4
0
VERTEX
8
L0D0
10
-548.6
20
1366.8
0
VERTEX
8
L0D0
10
-319.8
20
1366.8
0
VERTEX
8
L0D0
10
-319.8
20
1365.6
0
VERTEX
8
L0D0
10
-777.4
20
1365.6
0
VERTEX
8
L0D0
10
-777.4
20
1362
0
VERTEX
8
L0D0
10
-319.8
20
1362
0
VERTEX
8
L0D0
10
-319.8
20
1360.8
0
VERTEX
8
L0D0
10
-777.4
20
1360.8
0
VERTEX
8
L0D0
10
-777.4
20
1357.2
0
VERTEX
8
L0D0
10
-319.8
20
1357.2
0
VERTEX
8
L0D0
10
-319.8
20
1356
0
VERTEX
8
L0D0
10
-777.4
20
1356
0
VERTEX
8
L0D0
10
-777.4
20
1352.4
0
VERTEX
8
L0D0
10
-319.8
20
1352.4
0
VERTEX
8
L0D0
10
-319.8
20
1351.2
0
VERTEX
8
L0D0
10
-777.4
20
1351.2
0
VERTEX
8
L0D0
10
-777.4
20
1347.6
0
VERTEX
8
L0D0
10
-319.8
20
1347.6
0
VERTEX
8
L0D0
10
-319.8
20
1346.4
0
VERTEX
8
L0D0
10
-777.4
20
1346.4
0
VERTEX
8
L0D0
10
-777.4
20
1342.8
0
VERTEX
8
L0D0
10
-319.8
20
1342.8
0
VERTEX
8
L0D0
10
-319.8
20
1341.6
0
VERTEX
8
L0D0
10
-777.4
20
1341.6
0
VERTEX
8
L0D0
10
-777.4
20
1338
0
VERTEX
8
L0D0
10
-319.8
20
1338
0
VERTEX
8
L0D0
10
-319.8
20
1336.8
0
VERTEX
8
L0D0
10
-777.4
20
1336.8
0
VERTEX
8
L0D0
10
-777.4
20
1333.2
0
VERTEX
8
L0D0
10
-319.8
20
1333.2
0
VERTEX
8
L0D0
10
-319.8
20
1332
0
VERTEX
8
L0D0
10
-777.4
20
1332
0
VERTEX
8
L0D0
10
-777.4
20
1328.4
0
VERTEX
8
L0D0
10
-319.8
20
1328.4
0
VERTEX
8
L0D0
10
-319.8
20
1327.2
0
VERTEX
8
L0D0
10
-777.4
20
1327.2
0
VERTEX
8
L0D0
10
-777.4
20
1323.6
0
VERTEX
8
L0D0
10
-319.8
20
1323.6
0
VERTEX
8
L0D0
10
-319.8
20
1322.4
0
VERTEX
8
L0D0
10
-777.4
20
1322.4
0
VERTEX
8
L0D0
10
-777.4
20
1318.8
0
VERTEX
8
L0D0
10
-319.8
20
1318.8
0
VERTEX
8
L0D0
10
-319.8
20
1317.6
0
VERTEX
8
L0D0
10
-777.4
20
1317.6
0
VERTEX
8
L0D0
10
-777.4
20
1314
0
VERTEX
8
L0D0
10
-319.8
20
1314
0
VERTEX
8
L0D0
10
-319.8
20
1312.8
0
VERTEX
8
L0D0
10
-777.4
20
1312.8
0
VERTEX
8
L0D0
10
-777.4
20
1309.2
0
VERTEX
8
L0D0
10
-319.8
20
1309.2
0
VERTEX
8
L0D0
10
-319.8
20
1308
0
VERTEX
8
L0D0
10
-777.4
20
1308
0
VERTEX
8
L0D0
10
-777.4
20
1304.4
0
VERTEX
8
L0D0
10
-319.8
20
1304.4
0
VERTEX
8
L0D0
10
-319.8
20
1303.2
0
VERTEX
8
L0D0
10
-777.4
20
1303.2
0
VERTEX
8
L0D0
10
-777.4
20
1299.6
0
VERTEX
8
L0D0
10
-319.8
20
1299.6
0
VERTEX
8
L0D0
10
-319.8
20
1298.4
0
VERTEX
8
L0D0
10
-777.4
20
1298.4
0
VERTEX
8
L0D0
10
-777.4
20
1294.8
0
VERTEX
8
L0D0
10
-319.8
20
1294.8
0
VERTEX
8
L0D0
10
-319.8
20
1293.6
0
VERTEX
8
L0D0
10
-777.4
20
1293.6
0
VERTEX
8
L0D0
10
-777.4
20
1290
0
VERTEX
8
L0D0
10
-319.8
20
1290
0
VERTEX
8
L0D0
10
-319.8
20
1288.8
0
VERTEX
8
L0D0
10
-777.4
20
1288.8
0
VERTEX
8
L0D0
10
-777.4
20
1285.2
0
VERTEX
8
L0D0
10
-319.8
20
1285.2
0
VERTEX
8
L0D0
10
-319.8
20
1284
0
VERTEX
8
L0D0
10
-777.4
20
1284
0
VERTEX
8
L0D0
10
-777.4
20
1280.4
0
VERTEX
8
L0D0
10
-319.8
20
1280.4
0
VERTEX
8
L0D0
10
-319.8
20
1279.2
0
VERTEX
8
L0D0
10
-777.4
20
1279.2
0
VERTEX
8
L0D0
10
-777.4
20
1275.6
0
VERTEX
8
L0D0
10
-319.8
20
1275.6
0
VERTEX
8
L0D0
10
-319.8
20
1274.4
0
VERTEX
8
L0D0
10
-777.4
20
1274.4
0
VERTEX
8
L0D0
10
-777.4
20
1270.8
0
VERTEX
8
L0D0
10
-319.8
20
1270.8
0
VERTEX
8
L0D0
10
-319.8
20
1269.6
0
VERTEX
8
L0D0
10
-777.4
20
1269.6
0
VERTEX
8
L0D0
10
-777.4
20
1266
0
VERTEX
8
L0D0
10
-319.8
20
1266
0
VERTEX
8
L0D0
10
-319.8
20
1264.8
0
VERTEX
8
L0D0
10
-777.4
20
1264.8
0
VERTEX
8
L0D0
10
-777.4
20
1261.2
0
VERTEX
8
L0D0
10
-319.8
20
1261.2
0
VERTEX
8
L0D0
10
-319.8
20
1260
0
VERTEX
8
L0D0
10
-777.4
20
1260
0
VERTEX
8
L0D0
10
-777.4
20
1256.4
0
VERTEX
8
L0D0
10
-319.8
20
1256.4
0
VERTEX
8
L0D0
10
-319.8
20
1255.2
0
VERTEX
8
L0D0
10
-777.4
20
1255.2
0
VERTEX
8
L0D0
10
-777.4
20
1251.6
0
VERTEX
8
L0D0
10
-319.8
20
1251.6
0
VERTEX
8
L0D0
10
-319.8
20
1250.4
0
VERTEX
8
L0D0
10
-777.4
20
1250.4
0
VERTEX
8
L0D0
10
-777.4
20
1246.8
0
VERTEX
8
L0D0
10
-319.8
20
1246.8
0
VERTEX
8
L0D0
10
-319.8
20
1245.6
0
VERTEX
8
L0D0
10
-777.4
20
1245.6
0
VERTEX
8
L0D0
10
-777.4
20
1242
0
VERTEX
8
L0D0
10
-319.8
20
1242
0
VERTEX
8
L0D0
10
-319.8
20
1240.8
0
VERTEX
8
L0D0
10
-777.4
20
1240.8
0
VERTEX
8
L0D0
10
-777.4
20
1237.2
0
VERTEX
8
L0D0
10
-319.8
20
1237.2
0
VERTEX
8
L0D0
10
-319.8
20
1236
0
VERTEX
8
L0D0
10
-777.4
20
1236
0
VERTEX
8
L0D0
10
-777.4
20
1232.4
0
VERTEX
8
L0D0
10
-319.8
20
1232.4
0
VERTEX
8
L0D0
10
-319.8
20
1231.2
0
VERTEX
8
L0D0
10
-777.4
20
1231.2
0
VERTEX
8
L0D0
10
-777.4
20
1227.6
0
VERTEX
8
L0D0
10
-319.8
20
1227.6
0
VERTEX
8
L0D0
10
-319.8
20
1226.4
0
VERTEX
8
L0D0
10
-777.4
20
1226.4
0
VERTEX
8
L0D0
10
-777.4
20
1222.8
0
VERTEX
8
L0D0
10
-319.8
20
1222.8
0
VERTEX
8
L0D0
10
-319.8
20
1221.6
0
VERTEX
8
L0D0
10
-777.4
20
1221.6
0
VERTEX
8
L0D0
10
-777.4
20
1218
0
VERTEX
8
L0D0
10
-319.8
20
1218
0
VERTEX
8
L0D0
10
-319.8
20
1216.8
0
VERTEX
8
L0D0
10
-777.4
20
1216.8
0
VERTEX
8
L0D0
10
-777.4
20
1213.2
0
VERTEX
8
L0D0
10
-319.8
20
1213.2
0
VERTEX
8
L0D0
10
-319.8
20
1212
0
VERTEX
8
L0D0
10
-777.4
20
1212
0
VERTEX
8
L0D0
10
-777.4
20
1208.4
0
VERTEX
8
L0D0
10
-319.8
20
1208.4
0
VERTEX
8
L0D0
10
-319.8
20
1207.2
0
VERTEX
8
L0D0
10
-777.4
20
1207.2
0
VERTEX
8
L0D0
10
-777.4
20
1203.6
0
VERTEX
8
L0D0
10
-319.8
20
1203.6
0
VERTEX
8
L0D0
10
-319.8
20
1202.4
0
VERTEX
8
L0D0
10
-777.4
20
1202.4
0
VERTEX
8
L0D0
10
-777.4
20
1198.8
0
VERTEX
8
L0D0
10
-319.8
20
1198.8
0
VERTEX
8
L0D0
10
-319.8
20
1197.6
0
VERTEX
8
L0D0
10
-777.4
20
1197.6
0
VERTEX
8
L0D0
10
-777.4
20
1194
0
VERTEX
8
L0D0
10
-319.8
20
1194
0
VERTEX
8
L0D0
10
-319.8
20
1192.8
0
VERTEX
8
L0D0
10
-777.4
20
1192.8
0
VERTEX
8
L0D0
10
-777.4
20
1189.2
0
VERTEX
8
L0D0
10
-319.8
20
1189.2
0
VERTEX
8
L0D0
10
-319.8
20
1188
0
VERTEX
8
L0D0
10
-777.4
20
1188
0
VERTEX
8
L0D0
10
-777.4
20
1184.4
0
VERTEX
8
L0D0
10
-779.2
20
1184.4
0
VERTEX
8
L0D0
10
-779.2
20
1370.4
0
VERTEX
8
L0D0
10
-778
20
1370.4
0
VERTEX
8
L0D0
10
-778
20
1374
0
VERTEX
8
L0D0
10
-549.8
20
1374
0
VERTEX
8
L0D0
10
-549.8
20
1375.2
0
VERTEX
8
L0D0
10
-778
20
1375.2
0
VERTEX
8
L0D0
10
-778
20
1378.8
0
VERTEX
8
L0D0
10
-549.8
20
1378.8
0
VERTEX
8
L0D0
10
-549.8
20
1380
0
VERTEX
8
L0D0
10
-778
20
1380
0
VERTEX
8
L0D0
10
-778
20
1383.6
0
VERTEX
8
L0D0
10
-549.8
20
1383.6
0
VERTEX
8
L0D0
10
-549.8
20
1384.8
0
VERTEX
8
L0D0
10
-778
20
1384.8
0
VERTEX
8
L0D0
10
-778
20
1388.4
0
VERTEX
8
L0D0
10
-549.8
20
1388.4
0
VERTEX
8
L0D0
10
-549.8
20
1389.6
0
VERTEX
8
L0D0
10
-778
20
1389.6
0
VERTEX
8
L0D0
10
-778
20
1393.2
0
VERTEX
8
L0D0
10
-549.8
20
1393.2
0
VERTEX
8
L0D0
10
-549.8
20
1394.4
0
VERTEX
8
L0D0
10
-778
20
1394.4
0
VERTEX
8
L0D0
10
-778
20
1398
0
VERTEX
8
L0D0
10
-549.8
20
1398
0
VERTEX
8
L0D0
10
-549.8
20
1399.2
0
VERTEX
8
L0D0
10
-778
20
1399.2
0
VERTEX
8
L0D0
10
-778
20
1402.8
0
VERTEX
8
L0D0
10
-549.8
20
1402.8
0
VERTEX
8
L0D0
10
-549.8
20
1404
0
VERTEX
8
L0D0
10
-778
20
1404
0
VERTEX
8
L0D0
10
-778
20
1407.6
0
VERTEX
8
L0D0
10
-549.8
20
1407.6
0
VERTEX
8
L0D0
10
-549.8
20
1408.8
0
VERTEX
8
L0D0
10
-778
20
1408.8
0
VERTEX
8
L0D0
10
-778
20
1412.4
0
VERTEX
8
L0D0
10
-549.8
20
1412.4
0
VERTEX
8
L0D0
10
-549.8
20
1413.6
0
VERTEX
8
L0D0
10
-778
20
1413.6
0
VERTEX
8
L0D0
10
-778
20
1417.2
0
VERTEX
8
L0D0
10
-549.8
20
1417.2
0
VERTEX
8
L0D0
10
-549.8
20
1418.4
0
VERTEX
8
L0D0
10
-778
20
1418.4
0
VERTEX
8
L0D0
10
-778
20
1422
0
VERTEX
8
L0D0
10
-549.8
20
1422
0
VERTEX
8
L0D0
10
-549.8
20
1423.2
0
VERTEX
8
L0D0
10
-778
20
1423.2
0
VERTEX
8
L0D0
10
-778
20
1426.8
0
VERTEX
8
L0D0
10
-549.8
20
1426.8
0
VERTEX
8
L0D0
10
-549.8
20
1428
0
VERTEX
8
L0D0
10
-778
20
1428
0
VERTEX
8
L0D0
10
-778
20
1431.6
0
VERTEX
8
L0D0
10
-549.8
20
1431.6
0
VERTEX
8
L0D0
10
-549.8
20
1432.8
0
VERTEX
8
L0D0
10
-778
20
1432.8
0
VERTEX
8
L0D0
10
-778
20
1436.4
0
VERTEX
8
L0D0
10
-549.8
20
1436.4
0
VERTEX
8
L0D0
10
-549.8
20
1437.6
0
VERTEX
8
L0D0
10
-778
20
1437.6
0
VERTEX
8
L0D0
10
-778
20
1441.2
0
VERTEX
8
L0D0
10
-549.8
20
1441.2
0
VERTEX
8
L0D0
10
-549.8
20
1442.4
0
VERTEX
8
L0D0
10
-778
20
1442.4
0
VERTEX
8
L0D0
10
-778
20
1446
0
VERTEX
8
L0D0
10
-549.8
20
1446
0
VERTEX
8
L0D0
10
-549.8
20
1447.2
0
VERTEX
8
L0D0
10
-778
20
1447.2
0
VERTEX
8
L0D0
10
-778
20
1450.8
0
VERTEX
8
L0D0
10
-549.8
20
1450.8
0
VERTEX
8
L0D0
10
-549.8
20
1452
0
VERTEX
8
L0D0
10
-778
20
1452
0
VERTEX
8
L0D0
10
-778
20
1455.6
0
VERTEX
8
L0D0
10
-549.8
20
1455.6
0
VERTEX
8
L0D0
10
-549.8
20
1456.8
0
VERTEX
8
L0D0
10
-778
20
1456.8
0
VERTEX
8
L0D0
10
-778
20
1460.4
0
VERTEX
8
L0D0
10
-549.8
20
1460.4
0
VERTEX
8
L0D0
10
-549.8
20
1461.6
0
VERTEX
8
L0D0
10
-778
20
1461.6
0
VERTEX
8
L0D0
10
-778
20
1465.2
0
VERTEX
8
L0D0
10
-549.8
20
1465.2
0
VERTEX
8
L0D0
10
-549.8
20
1466.4
0
VERTEX
8
L0D0
10
-778
20
1466.4
0
VERTEX
8
L0D0
10
-778
20
1470
0
VERTEX
8
L0D0
10
-549.8
20
1470
0
VERTEX
8
L0D0
10
-549.8
20
1471.2
0
VERTEX
8
L0D0
10
-778
20
1471.2
0
VERTEX
8
L0D0
10
-778
20
1474.8
0
VERTEX
8
L0D0
10
-549.8
20
1474.8
0
VERTEX
8
L0D0
10
-549.8
20
1476
0
VERTEX
8
L0D0
10
-778
20
1476
0
VERTEX
8
L0D0
10
-778
20
1479.6
0
VERTEX
8
L0D0
10
-549.8
20
1479.6
0
VERTEX
8
L0D0
10
-549.8
20
1480.8
0
VERTEX
8
L0D0
10
-778
20
1480.8
0
VERTEX
8
L0D0
10
-778
20
1484.4
0
VERTEX
8
L0D0
10
-549.8
20
1484.4
0
VERTEX
8
L0D0
10
-549.8
20
1485.6
0
VERTEX
8
L0D0
10
-778
20
1485.6
0
VERTEX
8
L0D0
10
-778
20
1489.2
0
VERTEX
8
L0D0
10
-549.8
20
1489.2
0
VERTEX
8
L0D0
10
-549.8
20
1490.4
0
VERTEX
8
L0D0
10
-778
20
1490.4
0
VERTEX
8
L0D0
10
-778
20
1494
0
VERTEX
8
L0D0
10
-549.8
20
1494
0
VERTEX
8
L0D0
10
-549.8
20
1495.2
0
VERTEX
8
L0D0
10
-778
20
1495.2
0
VERTEX
8
L0D0
10
-778
20
1498.8
0
VERTEX
8
L0D0
10
-549.8
20
1498.8
0
VERTEX
8
L0D0
10
-549.8
20
1500
0
VERTEX
8
L0D0
10
-778
20
1500
0
VERTEX
8
L0D0
10
-778
20
1503.6
0
VERTEX
8
L0D0
10
-549.8
20
1503.6
0
VERTEX
8
L0D0
10
-549.8
20
1504.8
0
VERTEX
8
L0D0
10
-778
20
1504.8
0
VERTEX
8
L0D0
10
-778
20
1508.4
0
VERTEX
8
L0D0
10
-549.8
20
1508.4
0
VERTEX
8
L0D0
10
-549.8
20
1509.6
0
VERTEX
8
L0D0
10
-778
20
1509.6
0
VERTEX
8
L0D0
10
-778
20
1513.2
0
VERTEX
8
L0D0
10
-549.8
20
1513.2
0
VERTEX
8
L0D0
10
-549.8
20
1514.4
0
VERTEX
8
L0D0
10
-778
20
1514.4
0
VERTEX
8
L0D0
10
-778
20
1518
0
VERTEX
8
L0D0
10
-549.8
20
1518
0
VERTEX
8
L0D0
10
-549.8
20
1519.2
0
VERTEX
8
L0D0
10
-778
20
1519.2
0
VERTEX
8
L0D0
10
-778
20
1522.8
0
VERTEX
8
L0D0
10
-549.8
20
1522.8
0
VERTEX
8
L0D0
10
-549.8
20
1524
0
VERTEX
8
L0D0
10
-778
20
1524
0
VERTEX
8
L0D0
10
-778
20
1527.6
0
VERTEX
8
L0D0
10
-549.8
20
1527.6
0
VERTEX
8
L0D0
10
-549.8
20
1528.8
0
VERTEX
8
L0D0
10
-778
20
1528.8
0
VERTEX
8
L0D0
10
-778
20
1532.4
0
VERTEX
8
L0D0
10
-549.8
20
1532.4
0
VERTEX
8
L0D0
10
-549.8
20
1533.6
0
VERTEX
8
L0D0
10
-778
20
1533.6
0
VERTEX
8
L0D0
10
-778
20
1537.2
0
VERTEX
8
L0D0
10
-549.8
20
1537.2
0
VERTEX
8
L0D0
10
-549.8
20
1538.4
0
VERTEX
8
L0D0
10
-778
20
1538.4
0
VERTEX
8
L0D0
10
-778
20
1542
0
VERTEX
8
L0D0
10
-549.8
20
1542
0
VERTEX
8
L0D0
10
-549.8
20
1543.2
0
VERTEX
8
L0D0
10
-778
20
1543.2
0
VERTEX
8
L0D0
10
-778
20
1546.8
0
VERTEX
8
L0D0
10
-549.8
20
1546.8
0
VERTEX
8
L0D0
10
-549.8
20
1548
0
VERTEX
8
L0D0
10
-778
20
1548
0
VERTEX
8
L0D0
10
-778
20
1551.6
0
VERTEX
8
L0D0
10
-549.8
20
1551.6
0
VERTEX
8
L0D0
10
-549.8
20
1552.8
0
VERTEX
8
L0D0
10
-778
20
1552.8
0
VERTEX
8
L0D0
10
-778
20
1556.4
0
VERTEX
8
L0D0
10
-549.8
20
1556.4
0
VERTEX
8
L0D0
10
-549.8
20
1557.6
0
VERTEX
8
L0D0
10
-778
20
1557.6
0
VERTEX
8
L0D0
10
-778
20
1561.2
0
VERTEX
8
L0D0
10
-549.8
20
1561.2
0
VERTEX
8
L0D0
10
-549.8
20
1562.4
0
VERTEX
8
L0D0
10
-778
20
1562.4
0
VERTEX
8
L0D0
10
-778
20
1566
0
VERTEX
8
L0D0
10
-549.8
20
1566
0
VERTEX
8
L0D0
10
-549.8
20
1567.2
0
VERTEX
8
L0D0
10
-778
20
1567.2
0
VERTEX
8
L0D0
10
-778
20
1569.6
0
VERTEX
8
L0D0
10
-776
20
1569.6
0
VERTEX
8
L0D0
10
-776
20
2025.6
0
VERTEX
8
L0D0
10
-320
20
2025.6
0
VERTEX
8
L0D0
10
-320
20
1569.6
0
VERTEX
8
L0D0
10
-318
20
1569.6
0
VERTEX
8
L0D0
10
-318
20
1567.2
0
VERTEX
8
L0D0
10
-546.2
20
1567.2
0
VERTEX
8
L0D0
10
-546.2
20
1566
0
VERTEX
8
L0D0
10
-318
20
1566
0
VERTEX
8
L0D0
10
-318
20
1562.4
0
VERTEX
8
L0D0
10
-546.2
20
1562.4
0
VERTEX
8
L0D0
10
-546.2
20
1561.2
0
VERTEX
8
L0D0
10
-318
20
1561.2
0
VERTEX
8
L0D0
10
-318
20
1557.6
0
VERTEX
8
L0D0
10
-546.2
20
1557.6
0
VERTEX
8
L0D0
10
-546.2
20
1556.4
0
VERTEX
8
L0D0
10
-318
20
1556.4
0
VERTEX
8
L0D0
10
-318
20
1552.8
0
VERTEX
8
L0D0
10
-546.2
20
1552.8
0
VERTEX
8
L0D0
10
-546.2
20
1551.6
0
VERTEX
8
L0D0
10
-318
20
1551.6
0
VERTEX
8
L0D0
10
-318
20
1548
0
VERTEX
8
L0D0
10
-546.2
20
1548
0
VERTEX
8
L0D0
10
-546.2
20
1546.8
0
VERTEX
8
L0D0
10
-318
20
1546.8
0
VERTEX
8
L0D0
10
-318
20
1543.2
0
VERTEX
8
L0D0
10
-546.2
20
1543.2
0
VERTEX
8
L0D0
10
-546.2
20
1542
0
VERTEX
8
L0D0
10
-318
20
1542
0
VERTEX
8
L0D0
10
-318
20
1538.4
0
VERTEX
8
L0D0
10
-546.2
20
1538.4
0
VERTEX
8
L0D0
10
-546.2
20
1537.2
0
VERTEX
8
L0D0
10
-318
20
1537.2
0
VERTEX
8
L0D0
10
-318
20
1533.6
0
VERTEX
8
L0D0
10
-546.2
20
1533.6
0
VERTEX
8
L0D0
10
-546.2
20
1532.4
0
VERTEX
8
L0D0
10
-318
20
1532.4
0
VERTEX
8
L0D0
10
-318
20
1528.8
0
VERTEX
8
L0D0
10
-546.2
20
1528.8
0
VERTEX
8
L0D0
10
-546.2
20
1527.6
0
VERTEX
8
L0D0
10
-318
20
1527.6
0
VERTEX
8
L0D0
10
-318
20
1524
0
VERTEX
8
L0D0
10
-546.2
20
1524
0
VERTEX
8
L0D0
10
-546.2
20
1522.8
0
VERTEX
8
L0D0
10
-318
20
1522.8
0
VERTEX
8
L0D0
10
-318
20
1519.2
0
VERTEX
8
L0D0
10
-546.2
20
1519.2
0
VERTEX
8
L0D0
10
-546.2
20
1518
0
VERTEX
8
L0D0
10
-318
20
1518
0
VERTEX
8
L0D0
10
-318
20
1514.4
0
VERTEX
8
L0D0
10
-546.2
20
1514.4
0
VERTEX
8
L0D0
10
-546.2
20
1513.2
0
VERTEX
8
L0D0
10
-318
20
1513.2
0
VERTEX
8
L0D0
10
-318
20
1509.6
0
VERTEX
8
L0D0
10
-546.2
20
1509.6
0
VERTEX
8
L0D0
10
-546.2
20
1508.4
0
VERTEX
8
L0D0
10
-318
20
1508.4
0
VERTEX
8
L0D0
10
-318
20
1504.8
0
VERTEX
8
L0D0
10
-546.2
20
1504.8
0
VERTEX
8
L0D0
10
-546.2
20
1503.6
0
VERTEX
8
L0D0
10
-318
20
1503.6
0
VERTEX
8
L0D0
10
-318
20
1500
0
VERTEX
8
L0D0
10
-546.2
20
1500
0
VERTEX
8
L0D0
10
-546.2
20
1498.8
0
VERTEX
8
L0D0
10
-318
20
1498.8
0
VERTEX
8
L0D0
10
-318
20
1495.2
0
VERTEX
8
L0D0
10
-546.2
20
1495.2
0
VERTEX
8
L0D0
10
-546.2
20
1494
0
VERTEX
8
L0D0
10
-318
20
1494
0
VERTEX
8
L0D0
10
-318
20
1490.4
0
VERTEX
8
L0D0
10
-546.2
20
1490.4
0
VERTEX
8
L0D0
10
-546.2
20
1489.2
0
VERTEX
8
L0D0
10
-318
20
1489.2
0
VERTEX
8
L0D0
10
-318
20
1485.6
0
VERTEX
8
L0D0
10
-546.2
20
1485.6
0
VERTEX
8
L0D0
10
-546.2
20
1484.4
0
VERTEX
8
L0D0
10
-318
20
1484.4
0
VERTEX
8
L0D0
10
-318
20
1480.8
0
VERTEX
8
L0D0
10
-546.2
20
1480.8
0
VERTEX
8
L0D0
10
-546.2
20
1479.6
0
VERTEX
8
L0D0
10
-318
20
1479.6
0
VERTEX
8
L0D0
10
-318
20
1476
0
VERTEX
8
L0D0
10
-546.2
20
1476
0
VERTEX
8
L0D0
10
-546.2
20
1474.8
0
VERTEX
8
L0D0
10
-318
20
1474.8
0
VERTEX
8
L0D0
10
-318
20
1471.2
0
VERTEX
8
L0D0
10
-546.2
20
1471.2
0
VERTEX
8
L0D0
10
-546.2
20
1470
0
VERTEX
8
L0D0
10
-318
20
1470
0
VERTEX
8
L0D0
10
-318
20
1466.4
0
VERTEX
8
L0D0
10
-546.2
20
1466.4
0
VERTEX
8
L0D0
10
-546.2
20
1465.2
0
VERTEX
8
L0D0
10
-318
20
1465.2
0
VERTEX
8
L0D0
10
-318
20
1461.6
0
VERTEX
8
L0D0
10
-546.2
20
1461.6
0
VERTEX
8
L0D0
10
-546.2
20
1460.4
0
VERTEX
8
L0D0
10
-318
20
1460.4
0
VERTEX
8
L0D0
10
-318
20
1456.8
0
VERTEX
8
L0D0
10
-546.2
20
1456.8
0
VERTEX
8
L0D0
10
-546.2
20
1455.6
0
VERTEX
8
L0D0
10
-318
20
1455.6
0
VERTEX
8
L0D0
10
-318
20
1452
0
VERTEX
8
L0D0
10
-546.2
20
1452
0
VERTEX
8
L0D0
10
-546.2
20
1450.8
0
VERTEX
8
L0D0
10
-318
20
1450.8
0
VERTEX
8
L0D0
10
-318
20
1447.2
0
VERTEX
8
L0D0
10
-546.2
20
1447.2
0
VERTEX
8
L0D0
10
-546.2
20
1446
0
VERTEX
8
L0D0
10
-318
20
1446
0
VERTEX
8
L0D0
10
-318
20
1442.4
0
VERTEX
8
L0D0
10
-546.2
20
1442.4
0
VERTEX
8
L0D0
10
-546.2
20
1441.2
0
VERTEX
8
L0D0
10
-318
20
1441.2
0
VERTEX
8
L0D0
10
-318
20
1437.6
0
VERTEX
8
L0D0
10
-546.2
20
1437.6
0
VERTEX
8
L0D0
10
-546.2
20
1436.4
0
VERTEX
8
L0D0
10
-318
20
1436.4
0
VERTEX
8
L0D0
10
-318
20
1432.8
0
VERTEX
8
L0D0
10
-546.2
20
1432.8
0
VERTEX
8
L0D0
10
-546.2
20
1431.6
0
VERTEX
8
L0D0
10
-318
20
1431.6
0
VERTEX
8
L0D0
10
-318
20
1428
0
VERTEX
8
L0D0
10
-546.2
20
1428
0
VERTEX
8
L0D0
10
-546.2
20
1426.8
0
VERTEX
8
L0D0
10
-318
20
1426.8
0
VERTEX
8
L0D0
10
-318
20
1423.2
0
VERTEX
8
L0D0
10
-546.2
20
1423.2
0
VERTEX
8
L0D0
10
-546.2
20
1422
0
VERTEX
8
L0D0
10
-318
20
1422
0
VERTEX
8
L0D0
10
-318
20
1418.4
0
VERTEX
8
L0D0
10
-546.2
20
1418.4
0
VERTEX
8
L0D0
10
-546.2
20
1417.2
0
VERTEX
8
L0D0
10
-318
20
1417.2
0
VERTEX
8
L0D0
10
-318
20
1413.6
0
VERTEX
8
L0D0
10
-546.2
20
1413.6
0
VERTEX
8
L0D0
10
-546.2
20
1412.4
0
VERTEX
8
L0D0
10
-318
20
1412.4
0
VERTEX
8
L0D0
10
-318
20
1408.8
0
VERTEX
8
L0D0
10
-546.2
20
1408.8
0
VERTEX
8
L0D0
10
-546.2
20
1407.6
0
VERTEX
8
L0D0
10
-318
20
1407.6
0
VERTEX
8
L0D0
10
-318
20
1404
0
VERTEX
8
L0D0
10
-546.2
20
1404
0
VERTEX
8
L0D0
10
-546.2
20
1402.8
0
VERTEX
8
L0D0
10
-318
20
1402.8
0
VERTEX
8
L0D0
10
-318
20
1399.2
0
VERTEX
8
L0D0
10
-546.2
20
1399.2
0
VERTEX
8
L0D0
10
-546.2
20
1398
0
VERTEX
8
L0D0
10
-318
20
1398
0
VERTEX
8
L0D0
10
-318
20
1394.4
0
VERTEX
8
L0D0
10
-546.2
20
1394.4
0
VERTEX
8
L0D0
10
-546.2
20
1393.2
0
VERTEX
8
L0D0
10
-318
20
1393.2
0
VERTEX
8
L0D0
10
-318
20
1389.6
0
VERTEX
8
L0D0
10
-546.2
20
1389.6
0
VERTEX
8
L0D0
10
-546.2
20
1388.4
0
VERTEX
8
L0D0
10
-318
20
1388.4
0
VERTEX
8
L0D0
10
-318
20
1384.8
0
VERTEX
8
L0D0
10
-546.2
20
1384.8
0
VERTEX
8
L0D0
10
-546.2
20
1383.6
0
VERTEX
8
L0D0
10
-318
20
1383.6
0
VERTEX
8
L0D0
10
-318
20
1380
0
VERTEX
8
L0D0
10
-546.2
20
1380
0
VERTEX
8
L0D0
10
-546.2
20
1378.8
0
VERTEX
8
L0D0
10
-318
20
1378.8
0
VERTEX
8
L0D0
10
-318
20
1375.2
0
VERTEX
8
L0D0
10
-546.2
20
1375.2
0
VERTEX
8
L0D0
10
-546.2
20
1374
0
VERTEX
8
L0D0
10
-318
20
1374
0
VERTEX
8
L0D0
10
-318
20
1370.4
0
VERTEX
8
L0D0
10
-316.8
20
1370.4
0
VERTEX
8
L0D0
10
-316.8
20
1171.2
0
VERTEX
8
L0D0
10
-318
20
1171.2
0
VERTEX
8
L0D0
10
-318
20
1168.8
0
VERTEX
8
L0D0
10
-546.2
20
1168.8
0
VERTEX
8
L0D0
10
-546.2
20
1167.6
0
VERTEX
8
L0D0
10
-318
20
1167.6
0
VERTEX
8
L0D0
10
-318
20
1164
0
VERTEX
8
L0D0
10
-546.2
20
1164
0
VERTEX
8
L0D0
10
-546.2
20
1162.8
0
VERTEX
8
L0D0
10
-318
20
1162.8
0
VERTEX
8
L0D0
10
-318
20
1159.2
0
VERTEX
8
L0D0
10
-546.2
20
1159.2
0
VERTEX
8
L0D0
10
-546.2
20
1158
0
VERTEX
8
L0D0
10
-318
20
1158
0
VERTEX
8
L0D0
10
-318
20
1154.4
0
VERTEX
8
L0D0
10
-546.2
20
1154.4
0
VERTEX
8
L0D0
10
-546.2
20
1153.2
0
VERTEX
8
L0D0
10
-318
20
1153.2
0
VERTEX
8
L0D0
10
-318
20
1149.6
0
VERTEX
8
L0D0
10
-546.2
20
1149.6
0
VERTEX
8
L0D0
10
-546.2
20
1148.4
0
VERTEX
8
L0D0
10
-318
20
1148.4
0
VERTEX
8
L0D0
10
-318
20
1144.8
0
VERTEX
8
L0D0
10
-546.2
20
1144.8
0
VERTEX
8
L0D0
10
-546.2
20
1143.6
0
VERTEX
8
L0D0
10
-318
20
1143.6
0
VERTEX
8
L0D0
10
-318
20
1140
0
VERTEX
8
L0D0
10
-546.2
20
1140
0
VERTEX
8
L0D0
10
-546.2
20
1138.8
0
VERTEX
8
L0D0
10
-318
20
1138.8
0
VERTEX
8
L0D0
10
-318
20
1135.2
0
VERTEX
8
L0D0
10
-546.2
20
1135.2
0
VERTEX
8
L0D0
10
-546.2
20
1134
0
VERTEX
8
L0D0
10
-318
20
1134
0
VERTEX
8
L0D0
10
-318
20
1130.4
0
VERTEX
8
L0D0
10
-546.2
20
1130.4
0
VERTEX
8
L0D0
10
-546.2
20
1129.2
0
VERTEX
8
L0D0
10
-318
20
1129.2
0
VERTEX
8
L0D0
10
-318
20
1125.6
0
VERTEX
8
L0D0
10
-546.2
20
1125.6
0
VERTEX
8
L0D0
10
-546.2
20
1124.4
0
VERTEX
8
L0D0
10
-318
20
1124.4
0
VERTEX
8
L0D0
10
-318
20
1120.8
0
VERTEX
8
L0D0
10
-546.2
20
1120.8
0
VERTEX
8
L0D0
10
-546.2
20
1119.6
0
VERTEX
8
L0D0
10
-318
20
1119.6
0
VERTEX
8
L0D0
10
-318
20
1116
0
VERTEX
8
L0D0
10
-546.2
20
1116
0
VERTEX
8
L0D0
10
-546.2
20
1114.8
0
VERTEX
8
L0D0
10
-318
20
1114.8
0
VERTEX
8
L0D0
10
-318
20
1111.2
0
VERTEX
8
L0D0
10
-546.2
20
1111.2
0
VERTEX
8
L0D0
10
-546.2
20
1110
0
VERTEX
8
L0D0
10
-318
20
1110
0
VERTEX
8
L0D0
10
-318
20
1106.4
0
VERTEX
8
L0D0
10
-546.2
20
1106.4
0
VERTEX
8
L0D0
10
-546.2
20
1105.2
0
VERTEX
8
L0D0
10
-318
20
1105.2
0
VERTEX
8
L0D0
10
-318
20
1101.6
0
VERTEX
8
L0D0
10
-546.2
20
1101.6
0
VERTEX
8
L0D0
10
-546.2
20
1100.4
0
VERTEX
8
L0D0
10
-318
20
1100.4
0
VERTEX
8
L0D0
10
-318
20
1096.8
0
VERTEX
8
L0D0
10
-546.2
20
1096.8
0
VERTEX
8
L0D0
10
-546.2
20
1095.6
0
VERTEX
8
L0D0
10
-318
20
1095.6
0
VERTEX
8
L0D0
10
-318
20
1092
0
VERTEX
8
L0D0
10
-546.2
20
1092
0
VERTEX
8
L0D0
10
-546.2
20
1090.8
0
VERTEX
8
L0D0
10
-318
20
1090.8
0
VERTEX
8
L0D0
10
-318
20
1087.2
0
VERTEX
8
L0D0
10
-546.2
20
1087.2
0
VERTEX
8
L0D0
10
-546.2
20
1086
0
VERTEX
8
L0D0
10
-318
20
1086
0
VERTEX
8
L0D0
10
-318
20
1082.4
0
VERTEX
8
L0D0
10
-546.2
20
1082.4
0
VERTEX
8
L0D0
10
-546.2
20
1081.2
0
VERTEX
8
L0D0
10
-318
20
1081.2
0
VERTEX
8
L0D0
10
-318
20
1077.6
0
VERTEX
8
L0D0
10
-546.2
20
1077.6
0
VERTEX
8
L0D0
10
-546.2
20
1076.4
0
VERTEX
8
L0D0
10
-318
20
1076.4
0
VERTEX
8
L0D0
10
-318
20
1072.8
0
VERTEX
8
L0D0
10
-546.2
20
1072.8
0
VERTEX
8
L0D0
10
-546.2
20
1071.6
0
VERTEX
8
L0D0
10
-318
20
1071.6
0
VERTEX
8
L0D0
10
-318
20
1068
0
VERTEX
8
L0D0
10
-546.2
20
1068
0
VERTEX
8
L0D0
10
-546.2
20
1066.8
0
VERTEX
8
L0D0
10
-318
20
1066.8
0
VERTEX
8
L0D0
10
-318
20
1063.2
0
VERTEX
8
L0D0
10
-546.2
20
1063.2
0
VERTEX
8
L0D0
10
-546.2
20
1062
0
VERTEX
8
L0D0
10
-318
20
1062
0
VERTEX
8
L0D0
10
-318
20
1058.4
0
VERTEX
8
L0D0
10
-546.2
20
1058.4
0
VERTEX
8
L0D0
10
-546.2
20
1057.2
0
VERTEX
8
L0D0
10
-318
20
1057.2
0
VERTEX
8
L0D0
10
-318
20
1053.6
0
VERTEX
8
L0D0
10
-546.2
20
1053.6
0
VERTEX
8
L0D0
10
-546.2
20
1052.4
0
VERTEX
8
L0D0
10
-318
20
1052.4
0
VERTEX
8
L0D0
10
-318
20
1048.8
0
VERTEX
8
L0D0
10
-546.2
20
1048.8
0
VERTEX
8
L0D0
10
-546.2
20
1047.6
0
VERTEX
8
L0D0
10
-318
20
1047.6
0
VERTEX
8
L0D0
10
-318
20
1044
0
VERTEX
8
L0D0
10
-546.2
20
1044
0
VERTEX
8
L0D0
10
-546.2
20
1042.8
0
VERTEX
8
L0D0
10
-318
20
1042.8
0
VERTEX
8
L0D0
10
-318
20
1039.2
0
VERTEX
8
L0D0
10
-546.2
20
1039.2
0
VERTEX
8
L0D0
10
-546.2
20
1038
0
VERTEX
8
L0D0
10
-318
20
1038
0
VERTEX
8
L0D0
10
-318
20
1034.4
0
VERTEX
8
L0D0
10
-546.2
20
1034.4
0
VERTEX
8
L0D0
10
-546.2
20
1033.2
0
VERTEX
8
L0D0
10
-318
20
1033.2
0
VERTEX
8
L0D0
10
-318
20
1029.6
0
VERTEX
8
L0D0
10
-546.2
20
1029.6
0
VERTEX
8
L0D0
10
-546.2
20
1028.4
0
VERTEX
8
L0D0
10
-318
20
1028.4
0
VERTEX
8
L0D0
10
-318
20
1024.8
0
VERTEX
8
L0D0
10
-546.2
20
1024.8
0
VERTEX
8
L0D0
10
-546.2
20
1023.6
0
VERTEX
8
L0D0
10
-318
20
1023.6
0
VERTEX
8
L0D0
10
-318
20
1020
0
VERTEX
8
L0D0
10
-546.6
20
1020
0
VERTEX
8
L0D0
10
-546.6
20
320
0
VERTEX
8
L0D0
10
-543.4
20
320
0
VERTEX
8
L0D0
10
-543.4
20
305
0
VERTEX
8
L0D0
10
-529
20
305
0
VERTEX
8
L0D0
10
-529
20
213
0
VERTEX
8
L0D0
10
-528.96
20
209.784
0
VERTEX
8
L0D0
10
-528.84
20
206.57
0
VERTEX
8
L0D0
10
-528.639
20
203.36
0
VERTEX
8
L0D0
10
-528.359
20
200.156
0
VERTEX
8
L0D0
10
-527.999
20
196.96
0
VERTEX
8
L0D0
10
-527.559
20
193.774
0
VERTEX
8
L0D0
10
-527.04
20
190.599
0
VERTEX
8
L0D0
10
-526.442
20
187.439
0
VERTEX
8
L0D0
10
-525.766
20
184.295
0
VERTEX
8
L0D0
10
-525.011
20
181.168
0
VERTEX
8
L0D0
10
-524.179
20
178.062
0
VERTEX
8
L0D0
10
-523.269
20
174.977
0
VERTEX
8
L0D0
10
-522.283
20
171.915
0
VERTEX
8
L0D0
10
-521.22
20
168.879
0
VERTEX
8
L0D0
10
-520.083
20
165.871
0
VERTEX
8
L0D0
10
-518.87
20
162.892
0
VERTEX
8
L0D0
10
-517.584
20
159.944
0
VERTEX
8
L0D0
10
-516.225
20
157.029
0
VERTEX
8
L0D0
10
-514.793
20
154.149
0
VERTEX
8
L0D0
10
-513.291
20
151.305
0
VERTEX
8
L0D0
10
-511.717
20
148.5
0
VERTEX
8
L0D0
10
-510.075
20
145.735
0
VERTEX
8
L0D0
10
-508.363
20
143.012
0
VERTEX
8
L0D0
10
-506.585
20
140.332
0
VERTEX
8
L0D0
10
-504.74
20
137.697
0
VERTEX
8
L0D0
10
-502.83
20
135.109
0
VERTEX
8
L0D0
10
-500.856
20
132.57
0
VERTEX
8
L0D0
10
-498.82
20
130.08
0
VERTEX
8
L0D0
10
-496.722
20
127.643
0
VERTEX
8
L0D0
10
-494.564
20
125.258
0
VERTEX
8
L0D0
10
-492.347
20
122.927
0
VERTEX
8
L0D0
10
-490.073
20
120.653
0
VERTEX
8
L0D0
10
-487.742
20
118.436
0
VERTEX
8
L0D0
10
-485.357
20
116.278
0
VERTEX
8
L0D0
10
-482.92
20
114.18
0
VERTEX
8
L0D0
10
-480.43
20
112.144
0
VERTEX
8
L0D0
10
-477.891
20
110.17
0
VERTEX
8
L0D0
10
-475.303
20
108.26
0
VERTEX
8
L0D0
10
-472.668
20
106.415
0
VERTEX
8
L0D0
10
-469.988
20
104.637
0
VERTEX
8
L0D0
10
-467.265
20
102.925
0
VERTEX
8
L0D0
10
-464.5
20
101.283
0
VERTEX
8
L0D0
10
-461.695
20
99.709
0
VERTEX
8
L0D0
10
-458.851
20
98.207
0
VERTEX
8
L0D0
10
-455.971
20
96.775
0
VERTEX
8
L0D0
10
-453.056
20
95.416
0
VERTEX
8
L0D0
10
-450.108
20
94.13
0
VERTEX
8
L0D0
10
-447.129
20
92.917
0
VERTEX
8
L0D0
10
-444.121
20
91.78
0
VERTEX
8
L0D0
10
-441.085
20
90.717
0
VERTEX
8
L0D0
10
-438.023
20
89.731
0
VERTEX
8
L0D0
10
-434.938
20
88.821
0
VERTEX
8
L0D0
10
-431.832
20
87.989
0
VERTEX
8
L0D0
10
-428.705
20
87.234
0
VERTEX
8
L0D0
10
-425.561
20
86.558
0
VERTEX
8
L0D0
10
-422.401
20
85.96
0
VERTEX
8
L0D0
10
-419.226
20
85.441
0
VERTEX
8
L0D0
10
-416.04
20
85.001
0
VERTEX
8
L0D0
10
-412.844
20
84.641
0
VERTEX
8
L0D0
10
-409.64
20
84.361
0
VERTEX
8
L0D0
10
-406.43
20
84.16
0
VERTEX
8
L0D0
10
-403.216
20
84.04
0
VERTEX
8
L0D0
10
-400
20
84
0
VERTEX
8
L0D0
10
-200
20
84
0
VERTEX
8
L0D0
10
-196.784
20
84.04
0
VERTEX
8
L0D0
10
-193.57
20
84.16
0
VERTEX
8
L0D0
10
-190.36
20
84.361
0
VERTEX
8
L0D0
10
-187.156
20
84.641
0
VERTEX
8
L0D0
10
-183.96
20
85.001
0
VERTEX
8
L0D0
10
-180.774
20
85.441
0
VERTEX
8
L0D0
10
-177.599
20
85.96
0
VERTEX
8
L0D0
10
-174.439
20
86.558
0
VERTEX
8
L0D0
10
-171.295
20
87.234
0
VERTEX
8
L0D0
10
-168.168
20
87.989
0
VERTEX
8
L0D0
10
-165.062
20
88.821
0
VERTEX
8
L0D0
10
-161.977
20
89.731
0
VERTEX
8
L0D0
10
-158.915
20
90.717
0
VERTEX
8
L0D0
10
-155.879
20
91.78
0
VERTEX
8
L0D0
10
-152.871
20
92.917
0
VERTEX
8
L0D0
10
-149.892
20
94.13
0
VERTEX
8
L0D0
10
-146.944
20
95.416
0
VERTEX
8
L0D0
10
-144.029
20
96.775
0
VERTEX
8
L0D0
10
-141.149
20
98.207
0
VERTEX
8
L0D0
10
-138.305
20
99.709
0
VERTEX
8
L0D0
10
-135.5
20
101.283
0
VERTEX
8
L0D0
10
-132.735
20
102.925
0
VERTEX
8
L0D0
10
-130.012
20
104.637
0
VERTEX
8
L0D0
10
-127.332
20
106.415
0
VERTEX
8
L0D0
10
-124.697
20
108.26
0
VERTEX
8
L0D0
10
-122.109
20
110.17
0
VERTEX
8
L0D0
10
-119.57
20
112.144
0
VERTEX
8
L0D0
10
-117.08
20
114.18
0
VERTEX
8
L0D0
10
-114.643
20
116.278
0
VERTEX
8
L0D0
10
-112.258
20
118.436
0
VERTEX
8
L0D0
10
-109.927
20
120.653
0
VERTEX
8
L0D0
10
-107.653
20
122.927
0
VERTEX
8
L0D0
10
-105.436
20
125.258
0
VERTEX
8
L0D0
10
-103.278
20
127.643
0
VERTEX
8
L0D0
10
-101.18
20
130.08
0
VERTEX
8
L0D0
10
-99.144
20
132.57
0
VERTEX
8
L0D0
10
-97.17
20
135.109
0
VERTEX
8
L0D0
10
-95.26
20
137.697
0
VERTEX
8
L0D0
10
-93.415
20
140.332
0
VERTEX
8
L0D0
10
-91.637
20
143.012
0
VERTEX
8
L0D0
10
-89.925
20
145.735
0
VERTEX
8
L0D0
10
-88.283
20
148.5
0
VERTEX
8
L0D0
10
-86.709
20
151.305
0
VERTEX
8
L0D0
10
-85.207
20
154.149
0
VERTEX
8
L0D0
10
-83.775
20
157.029
0
VERTEX
8
L0D0
10
-82.416
20
159.944
0
VERTEX
8
L0D0
10
-81.13
20
162.892
0
VERTEX
8
L0D0
10
-79.917
20
165.871
0
VERTEX
8
L0D0
10
-78.78
20
168.879
0
VERTEX
8
L0D0
10
-77.717
20
171.915
0
VERTEX
8
L0D0
10
-76.731
20
174.977
0
VERTEX
8
L0D0
10
-75.821
20
178.062
0
VERTEX
8
L0D0
10
-74.989
20
181.168
0
VERTEX
8
L0D0
10
-74.234
20
184.295
0
VERTEX
8
L0D0
10
-73.558
20
187.439
0
VERTEX
8
L0D0
10
-72.96
20
190.599
0
VERTEX
8
L0D0
10
-72.441
20
193.774
0
VERTEX
8
L0D0
10
-72.001
20
196.96
0
VERTEX
8
L0D0
10
-71.641
20
200.156
0
VERTEX
8
L0D0
10
-71.361
20
203.36
0
VERTEX
8
L0D0
10
-71.16
20
206.57
0
VERTEX
8
L0D0
10
-71.04
20
209.784
0
VERTEX
8
L0D0
10
-71
20
213
0
VERTEX
8
L0D0
10
-71
20
1650
0
VERTEX
8
L0D0
10
-70.96
20
1653.679
0
VERTEX
8
L0D0
10
-70.842
20
1657.357
0
VERTEX
8
L0D0
10
-70.644
20
1661.031
0
VERTEX
8
L0D0
10
-70.367
20
1664.7
0
VERTEX
8
L0D0
10
-70.011
20
1668.362
0
VERTEX
8
L0D0
10
-69.577
20
1672.016
0
VERTEX
8
L0D0
10
-69.064
20
1675.659
0
VERTEX
8
L0D0
10
-68.473
20
1679.291
0
VERTEX
8
L0D0
10
-67.803
20
1682.909
0
VERTEX
8
L0D0
10
-67.056
20
1686.512
0
VERTEX
8
L0D0
10
-66.232
20
1690.098
0
VERTEX
8
L0D0
10
-65.331
20
1693.665
0
VERTEX
8
L0D0
10
-64.353
20
1697.213
0
VERTEX
8
L0D0
10
-63.299
20
1700.738
0
VERTEX
8
L0D0
10
-62.17
20
1704.24
0
VERTEX
8
L0D0
10
-60.965
20
1707.716
0
VERTEX
8
L0D0
10
-59.686
20
1711.166
0
VERTEX
8
L0D0
10
-58.333
20
1714.588
0
VERTEX
8
L0D0
10
-56.907
20
1717.98
0
VERTEX
8
L0D0
10
-55.408
20
1721.34
0
VERTEX
8
L0D0
10
-53.837
20
1724.667
0
VERTEX
8
L0D0
10
-52.195
20
1727.96
0
VERTEX
8
L0D0
10
-50.482
20
1731.217
0
VERTEX
8
L0D0
10
-48.7
20
1734.436
0
VERTEX
8
L0D0
10
-46.849
20
1737.616
0
VERTEX
8
L0D0
10
-44.929
20
1740.755
0
VERTEX
8
L0D0
10
-42.943
20
1743.852
0
VERTEX
8
L0D0
10
-40.891
20
1746.906
0
VERTEX
8
L0D0
10
-38.773
20
1749.915
0
VERTEX
8
L0D0
10
-36.591
20
1752.878
0
VERTEX
8
L0D0
10
-34.346
20
1755.793
0
VERTEX
8
L0D0
10
-32.039
20
1758.659
0
VERTEX
8
L0D0
10
-29.67
20
1761.475
0
VERTEX
8
L0D0
10
-27.242
20
1764.239
0
VERTEX
8
L0D0
10
-24.754
20
1766.95
0
VERTEX
8
L0D0
10
-22.209
20
1769.607
0
VERTEX
8
L0D0
10
-19.607
20
1772.209
0
VERTEX
8
L0D0
10
-16.95
20
1774.754
0
VERTEX
8
L0D0
10
-14.239
20
1777.242
0
VERTEX
8
L0D0
10
-11.475
20
1779.67
0
VERTEX
8
L0D0
10
-8.659
20
1782.039
0
VERTEX
8
L0D0
10
-5.793
20
1784.346
0
VERTEX
8
L0D0
10
-2.878
20
1786.591
0
VERTEX
8
L0D0
10
0.085
20
1788.773
0
VERTEX
8
L0D0
10
3.094
20
1790.891
0
VERTEX
8
L0D0
10
6.148
20
1792.943
0
VERTEX
8
L0D0
10
9.245
20
1794.929
0
VERTEX
8
L0D0
10
12.384
20
1796.849
0
VERTEX
8
L0D0
10
15.564
20
1798.7
0
VERTEX
8
L0D0
10
18.783
20
1800.482
0
VERTEX
8
L0D0
10
22.04
20
1802.195
0
VERTEX
8
L0D0
10
25.333
20
1803.837
0
VERTEX
8
L0D0
10
28.66
20
1805.408
0
VERTEX
8
L0D0
10
32.02
20
1806.907
0
VERTEX
8
L0D0
10
35.412
20
1808.333
0
VERTEX
8
L0D0
10
38.834
20
1809.686
0
VERTEX
8
L0D0
10
42.284
20
1810.965
0
VERTEX
8
L0D0
10
45.76
20
1812.17
0
VERTEX
8
L0D0
10
49.262
20
1813.299
0
VERTEX
8
L0D0
10
52.787
20
1814.353
0
VERTEX
8
L0D0
10
56.335
20
1815.331
0
VERTEX
8
L0D0
10
59.902
20
1816.232
0
VERTEX
8
L0D0
10
63.488
20
1817.056
0
VERTEX
8
L0D0
10
67.091
20
1817.803
0
VERTEX
8
L0D0
10
70.709
20
1818.473
0
VERTEX
8
L0D0
10
74.341
20
1819.064
0
VERTEX
8
L0D0
10
77.984
20
1819.577
0
VERTEX
8
L0D0
10
81.638
20
1820.011
0
VERTEX
8
L0D0
10
85.3
20
1820.367
0
VERTEX
8
L0D0
10
88.969
20
1820.644
0
VERTEX
8
L0D0
10
92.643
20
1820.842
0
VERTEX
8
L0D0
10
96.321
20
1820.96
0
VERTEX
8
L0D0
10
100
20
1821
0
VERTEX
8
L0D0
10
300
20
1821
0
VERTEX
8
L0D0
10
303.679
20
1820.96
0
VERTEX
8
L0D0
10
307.357
20
1820.842
0
VERTEX
8
L0D0
10
311.031
20
1820.644
0
VERTEX
8
L0D0
10
314.7
20
1820.367
0
VERTEX
8
L0D0
10
318.362
20
1820.011
0
VERTEX
8
L0D0
10
322.016
20
1819.577
0
VERTEX
8
L0D0
10
325.659
20
1819.064
0
VERTEX
8
L0D0
10
329.291
20
1818.473
0
VERTEX
8
L0D0
10
332.909
20
1817.803
0
VERTEX
8
L0D0
10
336.512
20
1817.056
0
VERTEX
8
L0D0
10
340.098
20
1816.232
0
VERTEX
8
L0D0
10
343.665
20
1815.331
0
VERTEX
8
L0D0
10
347.213
20
1814.353
0
VERTEX
8
L0D0
10
350.738
20
1813.299
0
VERTEX
8
L0D0
10
354.24
20
1812.17
0
VERTEX
8
L0D0
10
357.716
20
1810.965
0
VERTEX
8
L0D0
10
361.166
20
1809.686
0
VERTEX
8
L0D0
10
364.588
20
1808.333
0
VERTEX
8
L0D0
10
367.98
20
1806.907
0
VERTEX
8
L0D0
10
371.34
20
1805.408
0
VERTEX
8
L0D0
10
374.667
20
1803.837
0
VERTEX
8
L0D0
10
377.96
20
1802.195
0
VERTEX
8
L0D0
10
381.217
20
1800.482
0
VERTEX
8
L0D0
10
384.436
20
1798.7
0
VERTEX
8
L0D0
10
387.616
20
1796.849
0
VERTEX
8
L0D0
10
390.755
20
1794.929
0
VERTEX
8
L0D0
10
393.852
20
1792.943
0
VERTEX
8
L0D0
10
396.906
20
1790.891
0
VERTEX
8
L0D0
10
399.915
20
1788.773
0
VERTEX
8
L0D0
10
402.878
20
1786.591
0
VERTEX
8
L0D0
10
405.793
20
1784.346
0
VERTEX
8
L0D0
10
408.659
20
1782.039
0
VERTEX
8
L0D0
10
411.475
20
1779.67
0
VERTEX
8
L0D0
10
414.239
20
1777.242
0
VERTEX
8
L0D0
10
416.95
20
1774.754
0
VERTEX
8
L0D0
10
419.607
20
1772.209
0
VERTEX
8
L0D0
10
422.209
20
1769.607
0
VERTEX
8
L0D0
10
424.754
20
1766.95
0
VERTEX
8
L0D0
10
427.242
20
1764.239
0
VERTEX
8
L0D0
10
429.67
20
1761.475
0
VERTEX
8
L0D0
10
432.039
20
1758.659
0
VERTEX
8
L0D0
10
434.346
20
1755.793
0
VERTEX
8
L0D0
10
436.591
20
1752.878
0
VERTEX
8
L0D0
10
438.773
20
1749.915
0
VERTEX
8
L0D0
10
440.891
20
1746.906
0
VERTEX
8
L0D0
10
442.943
20
1743.852
0
VERTEX
8
L0D0
10
444.929
20
1740.755
0
VERTEX
8
L0D0
10
446.849
20
1737.616
0
VERTEX
8
L0D0
10
448.7
20
1734.436
0
VERTEX
8
L0D0
10
450.482
20
1731.217
0
VERTEX
8
L0D0
10
452.195
20
1727.96
0
VERTEX
8
L0D0
10
453.837
20
1724.667
0
VERTEX
8
L0D0
10
455.408
20
1721.34
0
VERTEX
8
L0D0
10
456.907
20
1717.98
0
VERTEX
8
L0D0
10
458.333
20
1714.588
0
VERTEX
8
L0D0
10
459.686
20
1711.166
0
VERTEX
8
L0D0
10
460.965
20
1707.716
0
VERTEX
8
L0D0
10
462.17
20
1704.24
0
VERTEX
8
L0D0
10
463.299
20
1700.738
0
VERTEX
8
L0D0
10
464.353
20
1697.213
0
VERTEX
8
L0D0
10
465.331
20
1693.665
0
VERTEX
8
L0D0
10
466.232
20
1690.098
0
VERTEX
8
L0D0
10
467.056
20
1686.512
0
VERTEX
8
L0D0
10
467.803
20
1682.909
0
VERTEX
8
L0D0
10
468.473
20
1679.291
0
VERTEX
8
L0D0
10
469.064
20
1675.659
0
VERTEX
8
L0D0
10
469.577
20
1672.016
0
VERTEX
8
L0D0
10
470.011
20
1668.362
0
VERTEX
8
L0D0
10
470.367
20
1664.7
0
VERTEX
8
L0D0
10
470.644
20
1661.031
0
VERTEX
8
L0D0
10
470.842
20
1657.357
0
VERTEX
8
L0D0
10
470.96
20
1653.679
0
VERTEX
8
L0D0
10
471
20
1650
0
VERTEX
8
L0D0
10
471
20
1100
0
VERTEX
8
L0D0
10
459
20
1100
0
VERTEX
8
L0D0
10
459
20
1650
0
VERTEX
8
L0D0
10
458.96
20
1653.568
0
VERTEX
8
L0D0
10
458.84
20
1657.134
0
VERTEX
8
L0D0
10
458.64
20
1660.696
0
VERTEX
8
L0D0
10
458.36
20
1664.253
0
VERTEX
8
L0D0
10
458
20
1667.802
0
VERTEX
8
L0D0
10
457.561
20
1671.343
0
VERTEX
8
L0D0
10
457.042
20
1674.873
0
VERTEX
8
L0D0
10
456.445
20
1678.391
0
VERTEX
8
L0D0
10
455.768
20
1681.894
0
VERTEX
8
L0D0
10
455.014
20
1685.381
0
VERTEX
8
L0D0
10
454.181
20
1688.85
0
VERTEX
8
L0D0
10
453.27
20
1692.3
0
VERTEX
8
L0D0
10
452.282
20
1695.728
0
VERTEX
8
L0D0
10
451.218
20
1699.134
0
VERTEX
8
L0D0
10
450.077
20
1702.514
0
VERTEX
8
L0D0
10
448.861
20
1705.869
0
VERTEX
8
L0D0
10
447.57
20
1709.195
0
VERTEX
8
L0D0
10
446.205
20
1712.491
0
VERTEX
8
L0D0
10
444.766
20
1715.756
0
VERTEX
8
L0D0
10
443.254
20
1718.988
0
VERTEX
8
L0D0
10
441.67
20
1722.184
0
VERTEX
8
L0D0
10
440.015
20
1725.345
0
VERTEX
8
L0D0
10
438.289
20
1728.468
0
VERTEX
8
L0D0
10
436.493
20
1731.551
0
VERTEX
8
L0D0
10
434.629
20
1734.593
0
VERTEX
8
L0D0
10
432.697
20
1737.593
0
VERTEX
8
L0D0
10
430.698
20
1740.548
0
VERTEX
8
L0D0
10
428.634
20
1743.458
0
VERTEX
8
L0D0
10
426.504
20
1746.321
0
VERTEX
8
L0D0
10
424.311
20
1749.135
0
VERTEX
8
L0D0
10
422.056
20
1751.899
0
VERTEX
8
L0D0
10
419.738
20
1754.612
0
VERTEX
8
L0D0
10
417.361
20
1757.273
0
VERTEX
8
L0D0
10
414.924
20
1759.879
0
VERTEX
8
L0D0
10
412.43
20
1762.43
0
VERTEX
8
L0D0
10
409.879
20
1764.924
0
VERTEX
8
L0D0
10
407.273
20
1767.361
0
VERTEX
8
L0D0
10
404.612
20
1769.738
0
VERTEX
8
L0D0
10
401.899
20
1772.056
0
VERTEX
8
L0D0
10
399.135
20
1774.311
0
VERTEX
8
L0D0
10
396.321
20
1776.504
0
VERTEX
8
L0D0
10
393.458
20
1778.634
0
VERTEX
8
L0D0
10
390.548
20
1780.698
0
VERTEX
8
L0D0
10
387.593
20
1782.697
0
VERTEX
8
L0D0
10
384.593
20
1784.629
0
VERTEX
8
L0D0
10
381.551
20
1786.493
0
VERTEX
8
L0D0
10
378.468
20
1788.289
0
VERTEX
8
L0D0
10
375.345
20
1790.015
0
VERTEX
8
L0D0
10
372.184
20
1791.67
0
VERTEX
8
L0D0
10
368.988
20
1793.254
0
VERTEX
8
L0D0
10
365.756
20
1794.766
0
VERTEX
8
L0D0
10
362.491
20
1796.205
0
VERTEX
8
L0D0
10
359.195
20
1797.57
0
VERTEX
8
L0D0
10
355.869
20
1798.861
0
VERTEX
8
L0D0
10
352.514
20
1800.077
0
VERTEX
8
L0D0
10
349.134
20
1801.218
0
VERTEX
8
L0D0
10
345.728
20
1802.282
0
VERTEX
8
L0D0
10
342.3
20
1803.27
0
VERTEX
8
L0D0
10
338.85
20
1804.181
0
VERTEX
8
L0D0
10
335.381
20
1805.014
0
VERTEX
8
L0D0
10
331.894
20
1805.768
0
VERTEX
8
L0D0
10
328.391
20
1806.445
0
VERTEX
8
L0D0
10
324.873
20
1807.042
0
VERTEX
8
L0D0
10
321.343
20
1807.561
0
VERTEX
8
L0D0
10
317.802
20
1808
0
VERTEX
8
L0D0
10
314.253
20
1808.36
0
VERTEX
8
L0D0
10
310.696
20
1808.64
0
VERTEX
8
L0D0
10
307.134
20
1808.84
0
VERTEX
8
L0D0
10
303.568
20
1808.96
0
VERTEX
8
L0D0
10
300
20
1809
0
VERTEX
8
L0D0
10
100
20
1809
0
VERTEX
8
L0D0
10
96.432
20
1808.96
0
VERTEX
8
L0D0
10
92.866
20
1808.84
0
VERTEX
8
L0D0
10
89.304
20
1808.64
0
VERTEX
8
L0D0
10
85.747
20
1808.36
0
VERTEX
8
L0D0
10
82.198
20
1808
0
VERTEX
8
L0D0
10
78.657
20
1807.561
0
VERTEX
8
L0D0
10
75.127
20
1807.042
0
VERTEX
8
L0D0
10
71.609
20
1806.445
0
VERTEX
8
L0D0
10
68.106
20
1805.768
0
VERTEX
8
L0D0
10
64.619
20
1805.014
0
VERTEX
8
L0D0
10
61.15
20
1804.181
0
VERTEX
8
L0D0
10
57.7
20
1803.27
0
VERTEX
8
L0D0
10
54.272
20
1802.282
0
VERTEX
8
L0D0
10
50.866
20
1801.218
0
VERTEX
8
L0D0
10
47.486
20
1800.077
0
VERTEX
8
L0D0
10
44.131
20
1798.861
0
VERTEX
8
L0D0
10
40.805
20
1797.57
0
VERTEX
8
L0D0
10
37.509
20
1796.205
0
VERTEX
8
L0D0
10
34.244
20
1794.766
0
VERTEX
8
L0D0
10
31.012
20
1793.254
0
VERTEX
8
L0D0
10
27.816
20
1791.67
0
VERTEX
8
L0D0
10
24.655
20
1790.015
0
VERTEX
8
L0D0
10
21.532
20
1788.289
0
VERTEX
8
L0D0
10
18.449
20
1786.493
0
VERTEX
8
L0D0
10
15.407
20
1784.629
0
VERTEX
8
L0D0
10
12.407
20
1782.697
0
VERTEX
8
L0D0
10
9.452
20
1780.698
0
VERTEX
8
L0D0
10
6.542
20
1778.634
0
VERTEX
8
L0D0
10
3.679
20
1776.504
0
VERTEX
8
L0D0
10
0.865
20
1774.311
0
VERTEX
8
L0D0
10
-1.899
20
1772.056
0
VERTEX
8
L0D0
10
-4.612
20
1769.738
0
VERTEX
8
L0D0
10
-7.273
20
1767.361
0
VERTEX
8
L0D0
10
-9.879
20
1764.924
0
VERTEX
8
L0D0
10
-12.43
20
1762.43
0
VERTEX
8
L0D0
10
-14.924
20
1759.879
0
VERTEX
8
L0D0
10
-17.361
20
1757.273
0
VERTEX
8
L0D0
10
-19.738
20
1754.612
0
VERTEX
8
L0D0
10
-22.056
20
1751.899
0
VERTEX
8
L0D0
10
-24.311
20
1749.135
0
VERTEX
8
L0D0
10
-26.504
20
1746.321
0
VERTEX
8
L0D0
10
-28.634
20
1743.458
0
VERTEX
8
L0D0
10
-30.698
20
1740.548
0
VERTEX
8
L0D0
10
-32.697
20
1737.593
0
VERTEX
8
L0D0
10
-34.629
20
1734.593
0
VERTEX
8
L0D0
10
-36.493
20
1731.551
0
VERTEX
8
L0D0
10
-38.289
20
1728.468
0
VERTEX
8
L0D0
10
-40.015
20
1725.345
0
VERTEX
8
L0D0
10
-41.67
20
1722.184
0
VERTEX
8
L0D0
10
-43.254
20
1718.988
0
VERTEX
8
L0D0
10
-44.766
20
1715.756
0
VERTEX
8
L0D0
10
-46.205
20
1712.491
0
VERTEX
8
L0D0
10
-47.57
20
1709.195
0
VERTEX
8
L0D0
10
-48.861
20
1705.869
0
VERTEX
8
L0D0
10
-50.077
20
1702.514
0
VERTEX
8
L0D0
10
-51.218
20
1699.134
0
VERTEX
8
L0D0
10
-52.282
20
1695.728
0
VERTEX
8
L0D0
10
-53.27
20
1692.3
0
VERTEX
8
L0D0
10
-54.181
20
1688.85
0
VERTEX
8
L0D0
10
-55.014
20
1685.381
0
VERTEX
8
L0D0
10
-55.768
20
1681.894
0
VERTEX
8
L0D0
10
-56.445
20
1678.391
0
VERTEX
8
L0D0
10
-57.042
20
1674.873
0
VERTEX
8
L0D0
10
-57.561
20
1671.343
0
VERTEX
8
L0D0
10
-58
20
1667.802
0
VERTEX
8
L0D0
10
-58.36
20
1664.253
0
VERTEX
8
L0D0
10
-58.64
20
1660.696
0
VERTEX
8
L0D0
10
-58.84
20
1657.134
0
VERTEX
8
L0D0
10
-58.96
20
1653.568
0
VERTEX
8
L0D0
10
-59
20
1650
0
VERTEX
8
L0D0
10
-59
20
213
0
VERTEX
8
L0D0
10
-59.04
20
209.645
0
VERTEX
8
L0D0
10
-59.16
20
206.291
0
VERTEX
8
L0D0
10
-59.359
20
202.941
0
VERTEX
8
L0D0
10
-59.638
20
199.597
0
VERTEX
8
L0D0
10
-59.997
20
196.261
0
VERTEX
8
L0D0
10
-60.435
20
192.934
0
VERTEX
8
L0D0
10
-60.952
20
189.618
0
VERTEX
8
L0D0
10
-61.548
20
186.316
0
VERTEX
8
L0D0
10
-62.222
20
183.028
0
VERTEX
8
L0D0
10
-62.975
20
179.758
0
VERTEX
8
L0D0
10
-63.804
20
176.507
0
VERTEX
8
L0D0
10
-64.711
20
173.276
0
VERTEX
8
L0D0
10
-65.695
20
170.067
0
VERTEX
8
L0D0
10
-66.755
20
166.883
0
VERTEX
8
L0D0
10
-67.89
20
163.726
0
VERTEX
8
L0D0
10
-69.1
20
160.596
0
VERTEX
8
L0D0
10
-70.384
20
157.495
0
VERTEX
8
L0D0
10
-71.742
20
154.426
0
VERTEX
8
L0D0
10
-73.172
20
151.391
0
VERTEX
8
L0D0
10
-74.674
20
148.39
0
VERTEX
8
L0D0
10
-76.247
20
145.426
0
VERTEX
8
L0D0
10
-77.89
20
142.5
0
VERTEX
8
L0D0
10
-79.603
20
139.614
0
VERTEX
8
L0D0
10
-81.383
20
136.77
0
VERTEX
8
L0D0
10
-83.231
20
133.968
0
VERTEX
8
L0D0
10
-85.145
20
131.212
0
VERTEX
8
L0D0
10
-87.124
20
128.502
0
VERTEX
8
L0D0
10
-89.167
20
125.84
0
VERTEX
8
L0D0
10
-91.272
20
123.227
0
VERTEX
8
L0D0
10
-93.439
20
120.665
0
VERTEX
8
L0D0
10
-95.667
20
118.155
0
VERTEX
8
L0D0
10
-97.954
20
115.699
0
VERTEX
8
L0D0
10
-100.298
20
113.298
0
VERTEX
8
L0D0
10
-102.699
20
110.954
0
VERTEX
8
L0D0
10
-105.155
20
108.667
0
VERTEX
8
L0D0
10
-107.665
20
106.439
0
VERTEX
8
L0D0
10
-110.227
20
104.272
0
VERTEX
8
L0D0
10
-112.84
20
102.167
0
VERTEX
8
L0D0
10
-115.502
20
100.124
0
VERTEX
8
L0D0
10
-118.212
20
98.145
0
VERTEX
8
L0D0
10
-120.968
20
96.231
0
VERTEX
8
L0D0
10
-123.77
20
94.383
0
VERTEX
8
L0D0
10
-126.614
20
92.603
0
VERTEX
8
L0D0
10
-129.5
20
90.89
0
VERTEX
8
L0D0
10
-132.426
20
89.247
0
VERTEX
8
L0D0
10
-135.39
20
87.674
0
VERTEX
8
L0D0
10
-138.391
20
86.172
0
VERTEX
8
L0D0
10
-141.426
20
84.742
0
VERTEX
8
L0D0
10
-144.495
20
83.384
0
VERTEX
8
L0D0
10
-147.596
20
82.1
0
VERTEX
8
L0D0
10
-150.726
20
80.89
0
VERTEX
8
L0D0
10
-153.883
20
79.755
0
VERTEX
8
L0D0
10
-157.067
20
78.695
0
VERTEX
8
L0D0
10
-160.276
20
77.711
0
VERTEX
8
L0D0
10
-163.507
20
76.804
0
VERTEX
8
L0D0
10
-166.758
20
75.975
0
VERTEX
8
L0D0
10
-170.028
20
75.222
0
VERTEX
8
L0D0
10
-173.316
20
74.548
0
VERTEX
8
L0D0
10
-176.618
20
73.952
0
VERTEX
8
L0D0
10
-179.934
20
73.435
0
VERTEX
8
L0D0
10
-183.261
20
72.997
0
VERTEX
8
L0D0
10
-186.597
20
72.638
0
VERTEX
8
L0D0
10
-189.941
20
72.359
0
VERTEX
8
L0D0
10
-193.291
20
72.16
0
VERTEX
8
L0D0
10
-196.645
20
72.04
0
VERTEX
8
L0D0
10
-200
20
72
0
VERTEX
8
L0D0
10
-400
20
72
0
VERTEX
8
L0D0
10
-403.355
20
72.04
0
VERTEX
8
L0D0
10
-406.709
20
72.16
0
VERTEX
8
L0D0
10
-410.059
20
72.359
0
VERTEX
8
L0D0
10
-413.403
20
72.638
0
VERTEX
8
L0D0
10
-416.739
20
72.997
0
VERTEX
8
L0D0
10
-420.066
20
73.435
0
VERTEX
8
L0D0
10
-423.382
20
73.952
0
VERTEX
8
L0D0
10
-426.684
20
74.548
0
VERTEX
8
L0D0
10
-429.972
20
75.222
0
VERTEX
8
L0D0
10
-433.242
20
75.975
0
VERTEX
8
L0D0
10
-436.493
20
76.804
0
VERTEX
8
L0D0
10
-439.724
20
77.711
0
VERTEX
8
L0D0
10
-442.933
20
78.695
0
VERTEX
8
L0D0
10
-446.117
20
79.755
0
VERTEX
8
L0D0
10
-449.274
20
80.89
0
VERTEX
8
L0D0
10
-452.404
20
82.1
0
VERTEX
8
L0D0
10
-455.505
20
83.384
0
VERTEX
8
L0D0
10
-458.574
20
84.742
0
VERTEX
8
L0D0
10
-461.609
20
86.172
0
VERTEX
8
L0D0
10
-464.61
20
87.674
0
VERTEX
8
L0D0
10
-467.574
20
89.247
0
VERTEX
8
L0D0
10
-470.5
20
90.89
0
VERTEX
8
L0D0
10
-473.386
20
92.603
0
VERTEX
8
L0D0
10
-476.23
20
94.383
0
VERTEX
8
L0D0
10
-479.032
20
96.231
0
VERTEX
8
L0D0
10
-481.788
20
98.145
0
VERTEX
8
L0D0
10
-484.498
20
100.124
0
VERTEX
8
L0D0
10
-487.16
20
102.167
0
VERTEX
8
L0D0
10
-489.773
20
104.272
0
VERTEX
8
L0D0
10
-492.335
20
106.439
0
VERTEX
8
L0D0
10
-494.845
20
108.667
0
VERTEX
8
L0D0
10
-497.301
20
110.954
0
VERTEX
8
L0D0
10
-499.702
20
113.298
0
VERTEX
8
L0D0
10
-502.046
20
115.699
0
VERTEX
8
L0D0
10
-504.333
20
118.155
0
VERTEX
8
L0D0
10
-506.561
20
120.665
0
VERTEX
8
L0D0
10
-508.728
20
123.227
0
VERTEX
8
L0D0
10
-510.833
20
125.84
0
VERTEX
8
L0D0
10
-512.876
20
128.502
0
VERTEX
8
L0D0
10
-514.855
20
131.212
0
VERTEX
8
L0D0
10
-516.769
20
133.968
0
VERTEX
8
L0D0
10
-518.617
20
136.77
0
VERTEX
8
L0D0
10
-520.397
20
139.614
0
VERTEX
8
L0D0
10
-522.11
20
142.5
0
VERTEX
8
L0D0
10
-523.753
20
145.426
0
VERTEX
8
L0D0
10
-525.326
20
148.39
0
VERTEX
8
L0D0
10
-526.828
20
151.391
0
VERTEX
8
L0D0
10
-528.258
20
154.426
0
VERTEX
8
L0D0
10
-529.616
20
157.495
0
VERTEX
8
L0D0
10
-530.9
20
160.596
0
VERTEX
8
L0D0
10
-532.11
20
163.726
0
VERTEX
8
L0D0
10
-533.245
20
166.883
0
VERTEX
8
L0D0
10
-534.305
20
170.067
0
VERTEX
8
L0D0
10
-535.289
20
173.276
0
VERTEX
8
L0D0
10
-536.196
20
176.507
0
VERTEX
8
L0D0
10
-537.025
20
179.758
0
VERTEX
8
L0D0
10
-537.778
20
183.028
0
VERTEX
8
L0D0
10
-538.452
20
186.316
0
VERTEX
8
L0D0
10
-539.048
20
189.618
0
VERTEX
8
L0D0
10
-539.565
20
192.934
0
VERTEX
8
L0D0
10
-540.003
20
196.261
0
VERTEX
8
L0D0
10
-540.362
20
199.597
0
VERTEX
8
L0D0
10
-540.641
20
202.941
0
VERTEX
8
L0D0
10
-540.84
20
206.291
0
VERTEX
8
L0D0
10
-540.96
20
209.645
0
VERTEX
8
L0D0
10
-541
20
213
0
VERTEX
8
L0D0
10
-541
20
297
0
VERTEX
8
L0D0
10
-559
20
297
0
VERTEX
8
L0D0
10
-559
20
213
0
VERTEX
8
L0D0
10
-558.96
20
209.432
0
VERTEX
8
L0D0
10
-558.84
20
205.866
0
VERTEX
8
L0D0
10
-558.64
20
202.304
0
VERTEX
8
L0D0
10
-558.36
20
198.747
0
VERTEX
8
L0D0
10
-558
20
195.198
0
VERTEX
8
L0D0
10
-557.561
20
191.657
0
VERTEX
8
L0D0
10
-557.042
20
188.127
0
VERTEX
8
L0D0
10
-556.445
20
184.609
0
VERTEX
8
L0D0
10
-555.768
20
181.106
0
VERTEX
8
L0D0
10
-555.014
20
177.619
0
VERTEX
8
L0D0
10
-554.181
20
174.15
0
VERTEX
8
L0D0
10
-553.27
20
170.7
0
VERTEX
8
L0D0
10
-552.282
20
167.272
0
VERTEX
8
L0D0
10
-551.218
20
163.866
0
VERTEX
8
L0D0
10
-550.077
20
160.486
0
VERTEX
8
L0D0
10
-548.861
20
157.131
0
VERTEX
8
L0D0
10
-547.57
20
153.805
0
VERTEX
8
L0D0
10
-546.205
20
150.509
0
VERTEX
8
L0D0
10
-544.766
20
147.244
0
VERTEX
8
L0D0
10
-543.254
20
144.012
0
VERTEX
8
L0D0
10
-541.67
20
140.816
0
VERTEX
8
L0D0
10
-540.015
20
137.655
0
VERTEX
8
L0D0
10
-538.289
20
134.532
0
VERTEX
8
L0D0
10
-536.493
20
131.449
0
VERTEX
8
L0D0
10
-534.629
20
128.407
0
VERTEX
8
L0D0
10
-532.697
20
125.407
0
VERTEX
8
L0D0
10
-530.698
20
122.452
0
VERTEX
8
L0D0
10
-528.634
20
119.542
0
VERTEX
8
L0D0
10
-526.504
20
116.679
0
VERTEX
8
L0D0
10
-524.311
20
113.865
0
VERTEX
8
L0D0
10
-522.056
20
111.101
0
VERTEX
8
L0D0
10
-519.738
20
108.388
0
VERTEX
8
L0D0
10
-517.361
20
105.727
0
VERTEX
8
L0D0
10
-514.924
20
103.121
0
VERTEX
8
L0D0
10
-512.43
20
100.57
0
VERTEX
8
L0D0
10
-509.879
20
98.076
0
VERTEX
8
L0D0
10
-507.273
20
95.639
0
VERTEX
8
L0D0
10
-504.612
20
93.262
0
VERTEX
8
L0D0
10
-501.899
20
90.944
0
VERTEX
8
L0D0
10
-499.135
20
88.689
0
VERTEX
8
L0D0
10
-496.321
20
86.496
0
VERTEX
8
L0D0
10
-493.458
20
84.366
0
VERTEX
8
L0D0
10
-490.548
20
82.302
0
VERTEX
8
L0D0
10
-487.593
20
80.303
0
VERTEX
8
L0D0
10
-484.593
20
78.371
0
VERTEX
8
L0D0
10
-481.551
20
76.507
0
VERTEX
8
L0D0
10
-478.468
20
74.711
0
VERTEX
8
L0D0
10
-475.345
20
72.985
0
VERTEX
8
L0D0
10
-472.184
20
71.33
0
VERTEX
8
L0D0
10
-468.988
20
69.746
0
VERTEX
8
L0D0
10
-465.756
20
68.234
0
VERTEX
8
L0D0
10
-462.491
20
66.795
0
VERTEX
8
L0D0
10
-459.195
20
65.43
0
VERTEX
8
L0D0
10
-455.869
20
64.139
0
VERTEX
8
L0D0
10
-452.514
20
62.923
0
VERTEX
8
L0D0
10
-449.134
20
61.782
0
VERTEX
8
L0D0
10
-445.728
20
60.718
0
VERTEX
8
L0D0
10
-442.3
20
59.73
0
VERTEX
8
L0D0
10
-438.85
20
58.819
0
VERTEX
8
L0D0
10
-435.381
20
57.986
0
VERTEX
8
L0D0
10
-431.894
20
57.232
0
VERTEX
8
L0D0
10
-428.391
20
56.555
0
VERTEX
8
L0D0
10
-424.873
20
55.958
0
VERTEX
8
L0D0
10
-421.343
20
55.439
0
VERTEX
8
L0D0
10
-417.802
20
55
0
VERTEX
8
L0D0
10
-414.253
20
54.64
0
VERTEX
8
L0D0
10
-410.696
20
54.36
0
VERTEX
8
L0D0
10
-407.134
20
54.16
0
VERTEX
8
L0D0
10
-403.568
20
54.04
0
VERTEX
8
L0D0
10
-400
20
54
0
VERTEX
8
L0D0
10
-200
20
54
0
VERTEX
8
L0D0
10
-196.432
20
54.04
0
VERTEX
8
L0D0
10
-192.866
20
54.16
0
VERTEX
8
L0D0
10
-189.304
20
54.36
0
VERTEX
8
L0D0
10
-185.747
20
54.64
0
VERTEX
8
L0D0
10
-182.198
20
55
0
VERTEX
8
L0D0
10
-178.657
20
55.439
0
VERTEX
8
L0D0
10
-175.127
20
55.958
0
VERTEX
8
L0D0
10
-171.609
20
56.555
0
VERTEX
8
L0D0
10
-168.106
20
57.232
0
VERTEX
8
L0D0
10
-164.619
20
57.986
0
VERTEX
8
L0D0
10
-161.15
20
58.819
0
VERTEX
8
L0D0
10
-157.7
20
59.73
0
VERTEX
8
L0D0
10
-154.272
20
60.718
0
VERTEX
8
L0D0
10
-150.866
20
61.782
0
VERTEX
8
L0D0
10
-147.486
20
62.923
0
VERTEX
8
L0D0
10
-144.131
20
64.139
0
VERTEX
8
L0D0
10
-140.805
20
65.43
0
VERTEX
8
L0D0
10
-137.509
20
66.795
0
VERTEX
8
L0D0
10
-134.244
20
68.234
0
VERTEX
8
L0D0
10
-131.012
20
69.746
0
VERTEX
8
L0D0
10
-127.816
20
71.33
0
VERTEX
8
L0D0
10
-124.655
20
72.985
0
VERTEX
8
L0D0
10
-121.532
20
74.711
0
VERTEX
8
L0D0
10
-118.449
20
76.507
0
VERTEX
8
L0D0
10
-115.407
20
78.371
0
VERTEX
8
L0D0
10
-112.407
20
80.303
0
VERTEX
8
L0D0
10
-109.452
20
82.302
0
VERTEX
8
L0D0
10
-106.542
20
84.366
0
VERTEX
8
L0D0
10
-103.679
20
86.496
0
VERTEX
8
L0D0
10
-100.865
20
88.689
0
VERTEX
8
L0D0
10
-98.101
20
90.944
0
VERTEX
8
L0D0
10
-95.388
20
93.262
0
VERTEX
8
L0D0
10
-92.727
20
95.639
0
VERTEX
8
L0D0
10
-90.121
20
98.076
0
VERTEX
8
L0D0
10
-87.57
20
100.57
0
VERTEX
8
L0D0
10
-85.076
20
103.121
0
VERTEX
8
L0D0
10
-82.639
20
105.727
0
VERTEX
8
L0D0
10
-80.262
20
108.388
0
VERTEX
8
L0D0
10
-77.944
20
111.101
0
VERTEX
8
L0D0
10
-75.689
20
113.865
0
VERTEX
8
L0D0
10
-73.496
20
116.679
0
VERTEX
8
L0D0
10
-71.366
20
119.542
0
VERTEX
8
L0D0
10
-69.302
20
122.452
0
VERTEX
8
L0D0
10
-67.303
20
125.407
0
VERTEX
8
L0D0
10
-65.371
20
128.407
0
VERTEX
8
L0D0
10
-63.507
20
131.449
0
VERTEX
8
L0D0
10
-61.711
20
134.532
0
VERTEX
8
L0D0
10
-59.985
20
137.655
0
VERTEX
8
L0D0
10
-58.33
20
140.816
0
VERTEX
8
L0D0
10
-56.746
20
144.012
0
VERTEX
8
L0D0
10
-55.234
20
147.244
0
VERTEX
8
L0D0
10
-53.795
20
150.509
0
VERTEX
8
L0D0
10
-52.43
20
153.805
0
VERTEX
8
L0D0
10
-51.139
20
157.131
0
VERTEX
8
L0D0
10
-49.923
20
160.486
0
VERTEX
8
L0D0
10
-48.782
20
163.866
0
VERTEX
8
L0D0
10
-47.718
20
167.272
0
VERTEX
8
L0D0
10
-46.73
20
170.7
0
VERTEX
8
L0D0
10
-45.819
20
174.15
0
VERTEX
8
L0D0
10
-44.986
20
177.619
0
VERTEX
8
L0D0
10
-44.232
20
181.106
0
VERTEX
8
L0D0
10
-43.555
20
184.609
0
VERTEX
8
L0D0
10
-42.958
20
188.127
0
VERTEX
8
L0D0
10
-42.439
20
191.657
0
VERTEX
8
L0D0
10
-42
20
195.198
0
VERTEX
8
L0D0
10
-41.64
20
198.747
0
VERTEX
8
L0D0
10
-41.36
20
202.304
0
VERTEX
8
L0D0
10
-41.16
20
205.866
0
VERTEX
8
L0D0
10
-41.04
20
209.432
0
VERTEX
8
L0D0
10
-41
20
213
0
VERTEX
8
L0D0
10
-41
20
1650
0
VERTEX
8
L0D0
10
-40.96
20
1653.355
0
VERTEX
8
L0D0
10
-40.84
20
1656.709
0
VERTEX
8
L0D0
10
-40.641
20
1660.059
0
VERTEX
8
L0D0
10
-40.362
20
1663.403
0
VERTEX
8
L0D0
10
-40.003
20
1666.739
0
VERTEX
8
L0D0
10
-39.565
20
1670.066
0
VERTEX
8
L0D0
10
-39.048
20
1673.382
0
VERTEX
8
L0D0
10
-38.452
20
1676.684
0
VERTEX
8
L0D0
10
-37.778
20
1679.972
0
VERTEX
8
L0D0
10
-37.025
20
1683.242
0
VERTEX
8
L0D0
10
-36.196
20
1686.493
0
VERTEX
8
L0D0
10
-35.289
20
1689.724
0
VERTEX
8
L0D0
10
-34.305
20
1692.933
0
VERTEX
8
L0D0
10
-33.245
20
1696.117
0
VERTEX
8
L0D0
10
-32.11
20
1699.274
0
VERTEX
8
L0D0
10
-30.9
20
1702.404
0
VERTEX
8
L0D0
10
-29.616
20
1705.505
0
VERTEX
8
L0D0
10
-28.258
20
1708.574
0
VERTEX
8
L0D0
10
-26.828
20
1711.609
0
VERTEX
8
L0D0
10
-25.326
20
1714.61
0
VERTEX
8
L0D0
10
-23.753
20
1717.574
0
VERTEX
8
L0D0
10
-22.11
20
1720.5
0
VERTEX
8
L0D0
10
-20.397
20
1723.386
0
VERTEX
8
L0D0
10
-18.617
20
1726.23
0
VERTEX
8
L0D0
10
-16.769
20
1729.032
0
VERTEX
8
L0D0
10
-14.855
20
1731.788
0
VERTEX
8
L0D0
10
-12.876
20
1734.498
0
VERTEX
8
L0D0
10
-10.833
20
1737.16
0
VERTEX
8
L0D0
10
-8.728
20
1739.773
0
VERTEX
8
L0D0
10
-6.561
20
1742.335
0
VERTEX
8
L0D0
10
-4.333
20
1744.845
0
VERTEX
8
L0D0
10
-2.046
20
1747.301
0
VERTEX
8
L0D0
10
0.298
20
1749.702
0
VERTEX
8
L0D0
10
2.699
20
1752.046
0
VERTEX
8
L0D0
10
5.155
20
1754.333
0
VERTEX
8
L0D0
10
7.665
20
1756.561
0
VERTEX
8
L0D0
10
10.227
20
1758.728
0
VERTEX
8
L0D0
10
12.84
20
1760.833
0
VERTEX
8
L0D0
10
15.502
20
1762.876
0
VERTEX
8
L0D0
10
18.212
20
1764.855
0
VERTEX
8
L0D0
10
20.968
20
1766.769
0
VERTEX
8
L0D0
10
23.77
20
1768.617
0
VERTEX
8
L0D0
10
26.614
20
1770.397
0
VERTEX
8
L0D0
10
29.5
20
1772.11
0
VERTEX
8
L0D0
10
32.426
20
1773.753
0
VERTEX
8
L0D0
10
35.39
20
1775.326
0
VERTEX
8
L0D0
10
38.391
20
1776.828
0
VERTEX
8
L0D0
10
41.426
20
1778.258
0
VERTEX
8
L0D0
10
44.495
20
1779.616
0
VERTEX
8
L0D0
10
47.596
20
1780.9
0
VERTEX
8
L0D0
10
50.726
20
1782.11
0
VERTEX
8
L0D0
10
53.883
20
1783.245
0
VERTEX
8
L0D0
10
57.067
20
1784.305
0
VERTEX
8
L0D0
10
60.276
20
1785.289
0
VERTEX
8
L0D0
10
63.507
20
1786.196
0
VERTEX
8
L0D0
10
66.758
20
1787.025
0
VERTEX
8
L0D0
10
70.028
20
1787.778
0
VERTEX
8
L0D0
10
73.316
20
1788.452
0
VERTEX
8
L0D0
10
76.618
20
1789.048
0
VERTEX
8
L0D0
10
79.934
20
1789.565
0
VERTEX
8
L0D0
10
83.261
20
1790.003
0
VERTEX
8
L0D0
10
86.597
20
1790.362
0
VERTEX
8
L0D0
10
89.941
20
1790.641
0
VERTEX
8
L0D0
10
93.291
20
1790.84
0
VERTEX
8
L0D0
10
96.645
20
1790.96
0
VERTEX
8
L0D0
10
100
20
1791
0
VERTEX
8
L0D0
10
300
20
1791
0
VERTEX
8
L0D0
10
303.355
20
1790.96
0
VERTEX
8
L0D0
10
306.709
20
1790.84
0
VERTEX
8
L0D0
10
310.059
20
1790.641
0
VERTEX
8
L0D0
10
313.403
20
1790.362
0
VERTEX
8
L0D0
10
316.739
20
1790.003
0
VERTEX
8
L0D0
10
320.066
20
1789.565
0
VERTEX
8
L0D0
10
323.382
20
1789.048
0
VERTEX
8
L0D0
10
326.684
20
1788.452
0
VERTEX
8
L0D0
10
329.972
20
1787.778
0
VERTEX
8
L0D0
10
333.242
20
1787.025
0
VERTEX
8
L0D0
10
336.493
20
1786.196
0
VERTEX
8
L0D0
10
339.724
20
1785.289
0
VERTEX
8
L0D0
10
342.933
20
1784.305
0
VERTEX
8
L0D0
10
346.117
20
1783.245
0
VERTEX
8
L0D0
10
349.274
20
1782.11
0
VERTEX
8
L0D0
10
352.404
20
1780.9
0
VERTEX
8
L0D0
10
355.505
20
1779.616
0
VERTEX
8
L0D0
10
358.574
20
1778.258
0
VERTEX
8
L0D0
10
361.609
20
1776.828
0
VERTEX
8
L0D0
10
364.61
20
1775.326
0
VERTEX
8
L0D0
10
367.574
20
1773.753
0
VERTEX
8
L0D0
10
370.5
20
1772.11
0
VERTEX
8
L0D0
10
373.386
20
1770.397
0
VERTEX
8
L0D0
10
376.23
20
1768.617
0
VERTEX
8
L0D0
10
379.032
20
1766.769
0
VERTEX
8
L0D0
10
381.788
20
1764.855
0
VERTEX
8
L0D0
10
384.498
20
1762.876
0
VERTEX
8
L0D0
10
387.16
20
1760.833
0
VERTEX
8
L0D0
10
389.773
20
1758.728
0
VERTEX
8
L0D0
10
392.335
20
1756.561
0
VERTEX
8
L0D0
10
394.845
20
1754.333
0
VERTEX
8
L0D0
10
397.301
20
1752.046
0
VERTEX
8
L0D0
10
399.702
20
1749.702
0
VERTEX
8
L0D0
10
402.046
20
1747.301
0
VERTEX
8
L0D0
10
404.333
20
1744.845
0
VERTEX
8
L0D0
10
406.561
20
1742.335
0
VERTEX
8
L0D0
10
408.728
20
1739.773
0
VERTEX
8
L0D0
10
410.833
20
1737.16
0
VERTEX
8
L0D0
10
412.876
20
1734.498
0
VERTEX
8
L0D0
10
414.855
20
1731.788
0
VERTEX
8
L0D0
10
416.769
20
1729.032
0
VERTEX
8
L0D0
10
418.617
20
1726.23
0
VERTEX
8
L0D0
10
420.397
20
1723.386
0
VERTEX
8
L0D0
10
422.11
20
1720.5
0
VERTEX
8
L0D0
10
423.753
20
1717.574
0
VERTEX
8
L0D0
10
425.326
20
1714.61
0
VERTEX
8
L0D0
10
426.828
20
1711.609
0
VERTEX
8
L0D0
10
428.258
20
1708.574
0
VERTEX
8
L0D0
10
429.616
20
1705.505
0
VERTEX
8
L0D0
10
430.9
20
1702.404
0
VERTEX
8
L0D0
10
432.11
20
1699.274
0
VERTEX
8
L0D0
10
433.245
20
1696.117
0
VERTEX
8
L0D0
10
434.305
20
1692.933
0
VERTEX
8
L0D0
10
435.289
20
1689.724
0
VERTEX
8
L0D0
10
436.196
20
1686.493
0
VERTEX
8
L0D0
10
437.025
20
1683.242
0
VERTEX
8
L0D0
10
437.778
20
1679.972
0
VERTEX
8
L0D0
10
438.452
20
1676.684
0
VERTEX
8
L0D0
10
439.048
20
1673.382
0
VERTEX
8
L0D0
10
439.565
20
1670.066
0
VERTEX
8
L0D0
10
440.003
20
1666.739
0
VERTEX
8
L0D0
10
440.362
20
1663.403
0
VERTEX
8
L0D0
10
440.641
20
1660.059
0
VERTEX
8
L0D0
10
440.84
20
1656.709
0
VERTEX
8
L0D0
10
440.96
20
1653.355
0
VERTEX
8
L0D0
10
441
20
1650
0
VERTEX
8
L0D0
10
441
20
1100
0
VERTEX
8
L0D0
10
429
20
1100
0
VERTEX
8
L0D0
10
429
20
1650
0
VERTEX
8
L0D0
10
428.96
20
1653.216
0
VERTEX
8
L0D0
10
428.84
20
1656.43
0
VERTEX
8
L0D0
10
428.639
20
1659.64
0
VERTEX
8
L0D0
10
428.359
20
1662.844
0
VERTEX
8
L0D0
10
427.999
20
1666.04
0
VERTEX
8
L0D0
10
427.559
20
1669.226
0
VERTEX
8
L0D0
10
427.04
20
1672.401
0
VERTEX
8
L0D0
10
426.442
20
1675.561
0
VERTEX
8
L0D0
10
425.766
20
1678.705
0
VERTEX
8
L0D0
10
425.011
20
1681.832
0
VERTEX
8
L0D0
10
424.179
20
1684.938
0
VERTEX
8
L0D0
10
423.269
20
1688.023
0
VERTEX
8
L0D0
10
422.283
20
1691.085
0
VERTEX
8
L0D0
10
421.22
20
1694.121
0
VERTEX
8
L0D0
10
420.083
20
1697.129
0
VERTEX
8
L0D0
10
418.87
20
1700.108
0
VERTEX
8
L0D0
10
417.584
20
1703.056
0
VERTEX
8
L0D0
10
416.225
20
1705.971
0
VERTEX
8
L0D0
10
414.793
20
1708.851
0
VERTEX
8
L0D0
10
413.291
20
1711.695
0
VERTEX
8
L0D0
10
411.717
20
1714.5
0
VERTEX
8
L0D0
10
410.075
20
1717.265
0
VERTEX
8
L0D0
10
408.363
20
1719.988
0
VERTEX
8
L0D0
10
406.585
20
1722.668
0
VERTEX
8
L0D0
10
404.74
20
1725.303
0
VERTEX
8
L0D0
10
402.83
20
1727.891
0
VERTEX
8
L0D0
10
400.856
20
1730.43
0
VERTEX
8
L0D0
10
398.82
20
1732.92
0
VERTEX
8
L0D0
10
396.722
20
1735.357
0
VERTEX
8
L0D0
10
394.564
20
1737.742
0
VERTEX
8
L0D0
10
392.347
20
1740.073
0
VERTEX
8
L0D0
10
390.073
20
1742.347
0
VERTEX
8
L0D0
10
387.742
20
1744.564
0
VERTEX
8
L0D0
10
385.357
20
1746.722
0
VERTEX
8
L0D0
10
382.92
20
1748.82
0
VERTEX
8
L0D0
10
380.43
20
1750.856
0
VERTEX
8
L0D0
10
377.891
20
1752.83
0
VERTEX
8
L0D0
10
375.303
20
1754.74
0
VERTEX
8
L0D0
10
372.668
20
1756.585
0
VERTEX
8
L0D0
10
369.988
20
1758.363
0
VERTEX
8
L0D0
10
367.265
20
1760.075
0
VERTEX
8
L0D0
10
364.5
20
1761.717
0
VERTEX
8
L0D0
10
361.695
20
1763.291
0
VERTEX
8
L0D0
10
358.851
20
1764.793
0
VERTEX
8
L0D0
10
355.971
20
1766.225
0
VERTEX
8
L0D0
10
353.056
20
1767.584
0
VERTEX
8
L0D0
10
350.108
20
1768.87
0
VERTEX
8
L0D0
10
347.129
20
1770.083
0
VERTEX
8
L0D0
10
344.121
20
1771.22
0
VERTEX
8
L0D0
10
341.085
20
1772.283
0
VERTEX
8
L0D0
10
338.023
20
1773.269
0
VERTEX
8
L0D0
10
334.938
20
1774.179
0
VERTEX
8
L0D0
10
331.832
20
1775.011
0
VERTEX
8
L0D0
10
328.705
20
1775.766
0
VERTEX
8
L0D0
10
325.561
20
1776.442
0
VERTEX
8
L0D0
10
322.401
20
1777.04
0
VERTEX
8
L0D0
10
319.226
20
1777.559
0
VERTEX
8
L0D0
10
316.04
20
1777.999
0
VERTEX
8
L0D0
10
312.844
20
1778.359
0
VERTEX
8
L0D0
10
309.64
20
1778.639
0
VERTEX
8
L0D0
10
306.43
20
1778.84
0
VERTEX
8
L0D0
10
303.216
20
1778.96
0
VERTEX
8
L0D0
10
300
20
1779
0
VERTEX
8
L0D0
10
100
20
1779
0
VERTEX
8
L0D0
10
96.784
20
1778.96
0
VERTEX
8
L0D0
10
93.57
20
1778.84
0
VERTEX
8
L0D0
10
90.36
20
1778.639
0
VERTEX
8
L0D0
10
87.156
20
1778.359
0
VERTEX
8
L0D0
10
83.96
20
1777.999
0
VERTEX
8
L0D0
10
80.774
20
1777.559
0
VERTEX
8
L0D0
10
77.599
20
1777.04
0
VERTEX
8
L0D0
10
74.439
20
1776.442
0
VERTEX
8
L0D0
10
71.295
20
1775.766
0
VERTEX
8
L0D0
10
68.168
20
1775.011
0
VERTEX
8
L0D0
10
65.062
20
1774.179
0
VERTEX
8
L0D0
10
61.977
20
1773.269
0
VERTEX
8
L0D0
10
58.915
20
1772.283
0
VERTEX
8
L0D0
10
55.879
20
1771.22
0
VERTEX
8
L0D0
10
52.871
20
1770.083
0
VERTEX
8
L0D0
10
49.892
20
1768.87
0
VERTEX
8
L0D0
10
46.944
20
1767.584
0
VERTEX
8
L0D0
10
44.029
20
1766.225
0
VERTEX
8
L0D0
10
41.149
20
1764.793
0
VERTEX
8
L0D0
10
38.305
20
1763.291
0
VERTEX
8
L0D0
10
35.5
20
1761.717
0
VERTEX
8
L0D0
10
32.735
20
1760.075
0
VERTEX
8
L0D0
10
30.012
20
1758.363
0
VERTEX
8
L0D0
10
27.332
20
1756.585
0
VERTEX
8
L0D0
10
24.697
20
1754.74
0
VERTEX
8
L0D0
10
22.109
20
1752.83
0
VERTEX
8
L0D0
10
19.57
20
1750.856
0
VERTEX
8
L0D0
10
17.08
20
1748.82
0
VERTEX
8
L0D0
10
14.643
20
1746.722
0
VERTEX
8
L0D0
10
12.258
20
1744.564
0
VERTEX
8
L0D0
10
9.927
20
1742.347
0
VERTEX
8
L0D0
10
7.653
20
1740.073
0
VERTEX
8
L0D0
10
5.436
20
1737.742
0
VERTEX
8
L0D0
10
3.278
20
1735.357
0
VERTEX
8
L0D0
10
1.18
20
1732.92
0
VERTEX
8
L0D0
10
-0.856
20
1730.43
0
VERTEX
8
L0D0
10
-2.83
20
1727.891
0
VERTEX
8
L0D0
10
-4.74
20
1725.303
0
VERTEX
8
L0D0
10
-6.585
20
1722.668
0
VERTEX
8
L0D0
10
-8.363
20
1719.988
0
VERTEX
8
L0D0
10
-10.075
20
1717.265
0
VERTEX
8
L0D0
10
-11.717
20
1714.5
0
VERTEX
8
L0D0
10
-13.291
20
1711.695
0
VERTEX
8
L0D0
10
-14.793
20
1708.851
0
VERTEX
8
L0D0
10
-16.225
20
1705.971
0
VERTEX
8
L0D0
10
-17.584
20
1703.056
0
VERTEX
8
L0D0
10
-18.87
20
1700.108
0
VERTEX
8
L0D0
10
-20.083
20
1697.129
0
VERTEX
8
L0D0
10
-21.22
20
1694.121
0
VERTEX
8
L0D0
10
-22.283
20
1691.085
0
VERTEX
8
L0D0
10
-23.269
20
1688.023
0
VERTEX
8
L0D0
10
-24.179
20
1684.938
0
VERTEX
8
L0D0
10
-25.011
20
1681.832
0
VERTEX
8
L0D0
10
-25.766
20
1678.705
0
VERTEX
8
L0D0
10
-26.442
20
1675.561
0
VERTEX
8
L0D0
10
-27.04
20
1672.401
0
VERTEX
8
L0D0
10
-27.559
20
1669.226
0
VERTEX
8
L0D0
10
-27.999
20
1666.04
0
VERTEX
8
L0D0
10
-28.359
20
1662.844
0
VERTEX
8
L0D0
10
-28.639
20
1659.64
0
VERTEX
8
L0D0
10
-28.84
20
1656.43
0
VERTEX
8
L0D0
10
-28.96
20
1653.216
0
VERTEX
8
L0D0
10
-29
20
1650
0
VERTEX
8
L0D0
10
-29
20
213
0
VERTEX
8
L0D0
10
-29.04
20
209.321
0
VERTEX
8
L0D0
10
-29.158
20
205.643
0
VERTEX
8
L0D0
10
-29.356
20
201.969
0
VERTEX
8
L0D0
10
-29.633
20
198.3
0
VERTEX
8
L0D0
10
-29.989
20
194.638
0
VERTEX
8
L0D0
10
-30.423
20
190.984
0
VERTEX
8
L0D0
10
-30.936
20
187.341
0
VERTEX
8
L0D0
10
-31.527
20
183.709
0
VERTEX
8
L0D0
10
-32.197
20
180.091
0
VERTEX
8
L0D0
10
-32.944
20
176.488
0
VERTEX
8
L0D0
10
-33.768
20
172.902
0
VERTEX
8
L0D0
10
-34.669
20
169.335
0
VERTEX
8
L0D0
10
-35.647
20
165.787
0
VERTEX
8
L0D0
10
-36.701
20
162.262
0
VERTEX
8
L0D0
10
-37.83
20
158.76
0
VERTEX
8
L0D0
10
-39.035
20
155.284
0
VERTEX
8
L0D0
10
-40.314
20
151.834
0
VERTEX
8
L0D0
10
-41.667
20
148.412
0
VERTEX
8
L0D0
10
-43.093
20
145.02
0
VERTEX
8
L0D0
10
-44.592
20
141.66
0
VERTEX
8
L0D0
10
-46.163
20
138.333
0
VERTEX
8
L0D0
10
-47.805
20
135.04
0
VERTEX
8
L0D0
10
-49.518
20
131.783
0
VERTEX
8
L0D0
10
-51.3
20
128.564
0
VERTEX
8
L0D0
10
-53.151
20
125.384
0
VERTEX
8
L0D0
10
-55.071
20
122.245
0
VERTEX
8
L0D0
10
-57.057
20
119.148
0
VERTEX
8
L0D0
10
-59.109
20
116.094
0
VERTEX
8
L0D0
10
-61.227
20
113.085
0
VERTEX
8
L0D0
10
-63.409
20
110.122
0
VERTEX
8
L0D0
10
-65.654
20
107.207
0
VERTEX
8
L0D0
10
-67.961
20
104.341
0
VERTEX
8
L0D0
10
-70.33
20
101.525
0
VERTEX
8
L0D0
10
-72.758
20
98.761
0
VERTEX
8
L0D0
10
-75.246
20
96.05
0
VERTEX
8
L0D0
10
-77.791
20
93.393
0
VERTEX
8
L0D0
10
-80.393
20
90.791
0
VERTEX
8
L0D0
10
-83.05
20
88.246
0
VERTEX
8
L0D0
10
-85.761
20
85.758
0
VERTEX
8
L0D0
10
-88.525
20
83.33
0
VERTEX
8
L0D0
10
-91.341
20
80.961
0
VERTEX
8
L0D0
10
-94.207
20
78.654
0
VERTEX
8
L0D0
10
-97.122
20
76.409
0
VERTEX
8
L0D0
10
-100.085
20
74.227
0
VERTEX
8
L0D0
10
-103.094
20
72.109
0
VERTEX
8
L0D0
10
-106.148
20
70.057
0
VERTEX
8
L0D0
10
-109.245
20
68.071
0
VERTEX
8
L0D0
10
-112.384
20
66.151
0
VERTEX
8
L0D0
10
-115.564
20
64.3
0
VERTEX
8
L0D0
10
-118.783
20
62.518
0
VERTEX
8
L0D0
10
-122.04
20
60.805
0
VERTEX
8
L0D0
10
-125.333
20
59.163
0
VERTEX
8
L0D0
10
-128.66
20
57.592
0
VERTEX
8
L0D0
10
-132.02
20
56.093
0
VERTEX
8
L0D0
10
-135.412
20
54.667
0
VERTEX
8
L0D0
10
-138.834
20
53.314
0
VERTEX
8
L0D0
10
-142.284
20
52.035
0
VERTEX
8
L0D0
10
-145.76
20
50.83
0
VERTEX
8
L0D0
10
-149.262
20
49.701
0
VERTEX
8
L0D0
10
-152.787
20
48.647
0
VERTEX
8
L0D0
10
-156.335
20
47.669
0
VERTEX
8
L0D0
10
-159.902
20
46.768
0
VERTEX
8
L0D0
10
-163.488
20
45.944
0
VERTEX
8
L0D0
10
-167.091
20
45.197
0
VERTEX
8
L0D0
10
-170.709
20
44.527
0
VERTEX
8
L0D0
10
-174.341
20
43.936
0
VERTEX
8
L0D0
10
-177.984
20
43.423
0
VERTEX
8
L0D0
10
-181.638
20
42.989
0
VERTEX
8
L0D0
10
-185.3
20
42.633
0
VERTEX
8
L0D0
10
-188.969
20
42.356
0
VERTEX
8
L0D0
10
-192.643
20
42.158
0
VERTEX
8
L0D0
10
-196.321
20
42.04
0
VERTEX
8
L0D0
10
-200
20
42
0
SEQEND
0
POLYLINE
8
L0D0
70
1
40
0
41
0
66
1
0
VERTEX
8
L0D0
10
-656
20
394
0
VERTEX
8
L0D0
10
-656
20
399
0
VERTEX
8
L0D0
10
-655
20
399
0
VERTEX
8
L0D0
10
-651
20
399
0
VERTEX
8
L0D0
10
-651
20
395
0
VERTEX
8
L0D0
10
-649
20
395
0
VERTEX
8
L0D0
10
-649
20
399
0
VERTEX
8
L0D0
10
-645
20
399
0
VERTEX
8
L0D0
10
-645
20
401
0
VERTEX
8
L0D0
10
-649
20
401
0
VERTEX
8
L0D0
10
-649
20
405
0
VERTEX
8
L0D0
10
-651
20
405
0
VERTEX
8
L0D0
10
-651
20
401
0
VERTEX
8
L0D0
10
-655
20
401
0
VERTEX
8
L0D0
10
-655
20
399
0
VERTEX
8
L0D0
10
-656
20
399
0
VERTEX
8
L0D0
10
-656
20
406
0
VERTEX
8
L0D0
10
-644
20
406
0
VERTEX
8
L0D0
10
-644
20
394
0
SEQEND
0
POLYLINE
8
L0D0
70
1
40
0
41
0
66
1
0
VERTEX
8
L0D0
10
-629.2
20
370.8
0
VERTEX
8
L0D0
10
-629.2
20
374.3
0
VERTEX
8
L0D0
10
-628.5
20
374.3
0
VERTEX
8
L0D0
10
-625.7
20
374.3
0
VERTEX
8
L0D0
10
-625.7
20
371.5
0
VERTEX
8
L0D0
10
-624.3
20
371.5
0
VERTEX
8
L0D0
10
-624.3
20
374.3
0
VERTEX
8
L0D0
10
-621.5
20
374.3
0
VERTEX
8
L0D0
10
-621.5
20
375.7
0
VERTEX
8
L0D0
10
-624.3
20
375.7
0
VERTEX
8
L0D0
10
-624.3
20
378.5
0
VERTEX
8
L0D0
10
-625.7
20
378.5
0
VERTEX
8
L0D0
10
-625.7
20
375.7
0
VERTEX
8
L0D0
10
-628.5
20
375.7
0
VERTEX
8
L0D0
10
-628.5
20
374.3
0
VERTEX
8
L0D0
10
-629.2
20
374.3
0
VERTEX
8
L0D0
10
-629.2
20
379.2
0
VERTEX
8
L0D0
10
-620.8
20
379.2
0
VERTEX
8
L0D0
10
-620.8
20
370.8
0
SEQEND
0
POLYLINE
8
L0D0
70
1
40
0
41
0
66
1
0
VERTEX
8
L0D0
10
-588
20
332
0
VERTEX
8
L0D0
10
-588
20
334.5
0
VERTEX
8
L0D0
10
-587.5
20
334.5
0
VERTEX
8
L0D0
10
-585.5
20
334.5
0
VERTEX
8
L0D0
10
-585.5
20
332.5
0
VERTEX
8
L0D0
10
-584.5
20
332.5
0
VERTEX
8
L0D0
10
-584.5
20
334.5
0
VERTEX
8
L0D0
10
-582.5
20
334.5
0
VERTEX
8
L0D0
10
-582.5
20
335.5
0
VERTEX
8
L0D0
10
-584.5
20
335.5
0
VERTEX
8
L0D0
10
-584.5
20
337.5
0
VERTEX
8
L0D0
10
-585.5
20
337.5
0
VERTEX
8
L0D0
10
-585.5
20
335.5
0
VERTEX
8
L0D0
10
-587.5
20
335.5
0
VERTEX
8
L0D0
10
-587.5
20
334.5
0
VERTEX
8
L0D0
10
-588
20
334.5
0
VERTEX
8
L0D0
10
-588
20
338
0
VERTEX
8
L0D0
10
-582
20
338
0
VERTEX
8
L0D0
10
-582
20
332
0
SEQEND
0
POLYLINE
8
L0D0
70
1
40
0
41
0
66
1
0
VERTEX
8
L0D0
10
-456
20
394
0
VERTEX
8
L0D0
10
-456
20
399
0
VERTEX
8
L0D0
10
-455
20
399
0
VERTEX
8
L0D0
10
-451
20
399
0
VERTEX
8
L0D0
10
-451
20
395
0
VERTEX
8
L0D0
10
-449
20
395
0
VERTEX
8
L0D0
10
-449
20
399
0
VERTEX
8
L0D0
10
-445
20
399
0
VERTEX
8
L0D0
10
-445
20
401
0
VERTEX
8
L0D0
10
-449
20
401
0
VERTEX
8
L0D0
10
-449
20
405
0
VERTEX
8
L0D0
10
-451
20
405
0
VERTEX
8
L0D0
10
-451
20
401
0
VERTEX
8
L0D0
10
-455
20
401
0
VERTEX
8
L0D0
10
-455
20
399
0
VERTEX
8
L0D0
10
-456
20
399
0
VERTEX
8
L0D0
10
-456
20
406
0
VERTEX
8
L0D0
10
-444
20
406
0
VERTEX
8
L0D0
10
-444
20
394
0
SEQEND
0
POLYLINE
8
L0D0
70
1
40
0
41
0
66
1
0
VERTEX
8
L0D0
10
-479.2
20
370.8
0
VERTEX
8
L0D0
10
-479.2
20
374.3
0
VERTEX
8
L0D0
10
-478.5
20
374.3
0
VERTEX
8
L0D0
10
-475.7
20
374.3
0
VERTEX
8
L0D0
10
-475.7
20
371.5
0
VERTEX
8
L0D0
10
-474.3
20
371.5
0
VERTEX
8
L0D0
10
-474.3
20
374.3
0
VERTEX
8
L0D0
10
-471.5
20
374.3
0
VERTEX
8
L0D0
10
-471.5
20
375.7
0
VERTEX
8
L0D0
10
-474.3
20
375.7
0
VERTEX
8
L0D0
10
-474.3
20
378.5
0
VERTEX
8
L0D0
10
-475.7
20
378.5
0
VERTEX
8
L0D0
10
-475.7
20
375.7
0
VERTEX
8
L0D0
10
-478.5
20
375.7
0
VERTEX
8
L0D0
10
-478.5
20
374.3
0
VERTEX
8
L0D0
10
-479.2
20
374.3
0
VERTEX
8
L0D0
10
-479.2
20
379.2
0
VERTEX
8
L0D0
10
-470.8
20
379.2
0
VERTEX
8
L0D0
10
-470.8
20
370.8
0
SEQEND
0
POLYLINE
8
L0D0
70
1
40
0
41
0
66
1
0
VERTEX
8
L0D0
10
-518
20
332
0
VERTEX
8
L0D0
10
-518
20
334.5
0
VERTEX
8
L0D0
10
-517.5
20
334.5
0
VERTEX
8
L0D0
10
-515.5
20
334.5
0
VERTEX
8
L0D0
10
-515.5
20
332.5
0
VERTEX
8
L0D0
10
-514.5
20
332.5
0
VERTEX
8
L0D0
10
-514.5
20
334.5
0
VERTEX
8
L0D0
10
-512.5
20
334.5
0
VERTEX
8
L0D0
10
-512.5
20
335.5
0
VERTEX
8
L0D0
10
-514.5
20
335.5
0
VERTEX
8
L0D0
10
-514.5
20
337.5
0
VERTEX
8
L0D0
10
-515.5
20
337.5
0
VERTEX
8
L0D0
10
-515.5
20
335.5
0
VERTEX
8
L0D0
10
-517.5
20
335.5
0
VERTEX
8
L0D0
10
-517.5
20
334.5
0
VERTEX
8
L0D0
10
-518
20
334.5
0
VERTEX
8
L0D0
10
-518
20
338
0
VERTEX
8
L0D0
10
-512
20
338
0
VERTEX
8
L0D0
10
-512
20
332
0
SEQEND
0
POLYLINE
8
L0D0
70
1
40
0
41
0
66
1
0
VERTEX
8
L0D0
10
-588
20
262
0
VERTEX
8
L0D0
10
-588
20
264.5
0
VERTEX
8
L0D0
10
-587.5
20
264.5
0
VERTEX
8
L0D0
10
-585.5
20
264.5
0
VERTEX
8
L0D0
10
-585.5
20
262.5
0
VERTEX
8
L0D0
10
-584.5
20
262.5
0
VERTEX
8
L0D0
10
-584.5
20
264.5
0
VERTEX
8
L0D0
10
-582.5
20
264.5
0
VERTEX
8
L0D0
10
-582.5
20
265.5
0
VERTEX
8
L0D0
10
-584.5
20
265.5
0
VERTEX
8
L0D0
10
-584.5
20
267.5
0
VERTEX
8
L0D0
10
-585.5
20
267.5
0
VERTEX
8
L0D0
10
-585.5
20
265.5
0
VERTEX
8
L0D0
10
-587.5
20
265.5
0
VERTEX
8
L0D0
10
-587.5
20
264.5
0
VERTEX
8
L0D0
10
-588
20
264.5
0
VERTEX
8
L0D0
10
-588
20
268
0
VERTEX
8
L0D0
10
-582
20
268
0
VERTEX
8
L0D0
10
-582
20
262
0
SEQEND
0
POLYLINE
8
L0D0
70
1
40
0
41
0
66
1
0
VERTEX
8
L0D0
10
-518
20
262
0
VERTEX
8
L0D0
10
-518
20
264.5
0
VERTEX
8
L0D0
10
-517.5
20
264.5
0
VERTEX
8
L0D0
10
-515.5
20
264.5
0
VERTEX
8
L0D0
10
-515.5
20
262.5
0
VERTEX
8
L0D0
10
-514.5
20
262.5
0
VERTEX
8
L0D0
10
-514.5
20
264.5
0
VERTEX
8
L0D0
10
-512.5
20
264.5
0
VERTEX
8
L0D0
10
-512.5
20
265.5
0
VERTEX
8
L0D0
10
-514.5
20
265.5
0
VERTEX
8
L0D0
10
-514.5
20
267.5
0
VERTEX
8
L0D0
10
-515.5
20
267.5
0
VERTEX
8
L0D0
10
-515.5
20
265.5
0
VERTEX
8
L0D0
10
-517.5
20
265.5
0
VERTEX
8
L0D0
10
-517.5
20
264.5
0
VERTEX
8
L0D0
10
-518
20
264.5
0
VERTEX
8
L0D0
10
-518
20
268
0
VERTEX
8
L0D0
10
-512
20
268
0
VERTEX
8
L0D0
10
-512
20
262
0
SEQEND
0
POLYLINE
8
L0D0
70
1
40
0
41
0
66
1
0
VERTEX
8
L0D0
10
-479.2
20
220.8
0
VERTEX
8
L0D0
10
-479.2
20
224.3
0
VERTEX
8
L0D0
10
-478.5
20
224.3
0
VERTEX
8
L0D0
10
-475.7
20
224.3
0
VERTEX
8
L0D0
10
-475.7
20
221.5
0
VERTEX
8
L0D0
10
-474.3
20
221.5
0
VERTEX
8
L0D0
10
-474.3
20
224.3
0
VERTEX
8
L0D0
10
-471.5
20
224.3
0
VERTEX
8
L0D0
10
-471.5
20
225.7
0
VERTEX
8
L0D0
10
-474.3
20
225.7
0
VERTEX
8
L0D0
10
-474.3
20
228.5
0
VERTEX
8
L0D0
10
-475.7
20
228.5
0
VERTEX
8
L0D0
10
-475.7
20
225.7
0
VERTEX
8
L0D0
10
-478.5
20
225.7
0
VERTEX
8
L0D0
10
-478.5
20
224.3
0
VERTEX
8
L0D0
10
-479.2
20
224.3
0
VERTEX
8
L0D0
10
-479.2
20
229.2
0
VERTEX
8
L0D0
10
-470.8
20
229.2
0
VERTEX
8
L0D0
10
-470.8
20
220.8
0
SEQEND
0
POLYLINE
8
L0D0
70
1
40
0
41
0
66
1
0
VERTEX
8
L0D0
10
-629.2
20
220.8
0
VERTEX
8
L0D0
10
-629.2
20
224.3
0
VERTEX
8
L0D0
10
-628.5
20
224.3
0
VERTEX
8
L0D0
10
-625.7
20
224.3
0
VERTEX
8
L0D0
10
-625.7
20
221.5
0
VERTEX
8
L0D0
10
-624.3
20
221.5
0
VERTEX
8
L0D0
10
-624.3
20
224.3
0
VERTEX
8
L0D0
10
-621.5
20
224.3
0
VERTEX
8
L0D0
10
-621.5
20
225.7
0
VERTEX
8
L0D0
10
-624.3
20
225.7
0
VERTEX
8
L0D0
10
-624.3
20
228.5
0
VERTEX
8
L0D0
10
-625.7
20
228.5
0
VERTEX
8
L0D0
10
-625.7
20
225.7
0
VERTEX
8
L0D0
10
-628.5
20
225.7
0
VERTEX
8
L0D0
10
-628.5
20
224.3
0
VERTEX
8
L0D0
10
-629.2
20
224.3
0
VERTEX
8
L0D0
10
-629.2
20
229.2
0
VERTEX
8
L0D0
10
-620.8
20
229.2
0
VERTEX
8
L0D0
10
-620.8
20
220.8
0
SEQEND
0
POLYLINE
8
L0D0
70
1
40
0
41
0
66
1
0
VERTEX
8
L0D0
10
-456
20
194
0
VERTEX
8
L0D0
10
-456
20
199
0
VERTEX
8
L0D0
10
-455
20
199
0
VERTEX
8
L0D0
10
-451
20
199
0
VERTEX
8
L0D0
10
-451
20
195
0
VERTEX
8
L0D0
10
-449
20
195
0
VERTEX
8
L0D0
10
-449
20
199
0
VERTEX
8
L0D0
10
-445
20
199
0
VERTEX
8
L0D0
10
-445
20
201
0
VERTEX
8
L0D0
10
-449
20
201
0
VERTEX
8
L0D0
10
-449
20
205
0
VERTEX
8
L0D0
10
-451
20
205
0
VERTEX
8
L0D0
10
-451
20
201
0
VERTEX
8
L0D0
10
-455
20
201
0
VERTEX
8
L0D0
10
-455
20
199
0
VERTEX
8
L0D0
10
-456
20
199
0
VERTEX
8
L0D0
10
-456
20
206
0
VERTEX
8
L0D0
10
-444
20
206
0
VERTEX
8
L0D0
10
-444
20
194
0
SEQEND
0
POLYLINE
8
L0D0
70
1
40
0
41
0
66
1
0
VERTEX
8
L0D0
10
-656
20
194
0
VERTEX
8
L0D0
10
-656
20
199
0
VERTEX
8
L0D0
10
-655
20
199
0
VERTEX
8
L0D0
10
-651
20
199
0
VERTEX
8
L0D0
10
-651
20
195
0
VERTEX
8
L0D0
10
-649
20
195
0
VERTEX
8
L0D0
10
-649
20
199
0
VERTEX
8
L0D0
10
-645
20
199
0
VERTEX
8
L0D0
10
-645
20
201
0
VERTEX
8
L0D0
10
-649
20
201
0
VERTEX
8
L0D0
10
-649
20
205
0
VERTEX
8
L0D0
10
-651
20
205
0
VERTEX
8
L0D0
10
-651
20
201
0
VERTEX
8
L0D0
10
-655
20
201
0
VERTEX
8
L0D0
10
-655
20
199
0
VERTEX
8
L0D0
10
-656
20
199
0
VERTEX
8
L0D0
10
-656
20
206
0
VERTEX
8
L0D0
10
-644
20
206
0
VERTEX
8
L0D0
10
-644
20
194
0
SEQEND
0
POLYLINE
8
L0D0
70
1
40
0
41
0
66
1
0
VERTEX
8
L0D0
10
320
20
-2025.6
0
VERTEX
8
L0D0
10
320
20
-1569.6
0
VERTEX
8
L0D0
10
318
20
-1569.6
0
VERTEX
8
L0D0
10
318
20
-1567.2
0
VERTEX
8
L0D0
10
546.2
20
-1567.2
0
VERTEX
8
L0D0
10
546.2
20
-1566
0
VERTEX
8
L0D0
10
318
20
-1566
0
VERTEX
8
L0D0
10
318
20
-1562.4
0
VERTEX
8
L0D0
10
546.2
20
-1562.4
0
VERTEX
8
L0D0
10
546.2
20
-1561.2
0
VERTEX
8
L0D0
10
318
20
-1561.2
0
VERTEX
8
L0D0
10
318
20
-1557.6
0
VERTEX
8
L0D0
10
546.2
20
-1557.6
0
VERTEX
8
L0D0
10
546.2
20
-1556.4
0
VERTEX
8
L0D0
10
318
20
-1556.4
0
VERTEX
8
L0D0
10
318
20
-1552.8
0
VERTEX
8
L0D0
10
546.2
20
-1552.8
0
VERTEX
8
L0D0
10
546.2
20
-1551.6
0
VERTEX
8
L0D0
10
318
20
-1551.6
0
VERTEX
8
L0D0
10
318
20
-1548
0
VERTEX
8
L0D0
10
546.2
20
-1548
0
VERTEX
8
L0D0
10
546.2
20
-1546.8
0
VERTEX
8
L0D0
10
318
20
-1546.8
0
VERTEX
8
L0D0
10
318
20
-1543.2
0
VERTEX
8
L0D0
10
546.2
20
-1543.2
0
VERTEX
8
L0D0
10
546.2
20
-1542
0
VERTEX
8
L0D0
10
318
20
-1542
0
VERTEX
8
L0D0
10
318
20
-1538.4
0
VERTEX
8
L0D0
10
546.2
20
-1538.4
0
VERTEX
8
L0D0
10
546.2
20
-1537.2
0
VERTEX
8
L0D0
10
318
20
-1537.2
0
VERTEX
8
L0D0
10
318
20
-1533.6
0
VERTEX
8
L0D0
10
546.2
20
-1533.6
0
VERTEX
8
L0D0
10
546.2
20
-1532.4
0
VERTEX
8
L0D0
10
318
20
-1532.4
0
VERTEX
8
L0D0
10
318
20
-1528.8
0
VERTEX
8
L0D0
10
546.2
20
-1528.8
0
VERTEX
8
L0D0
10
546.2
20
-1527.6
0
VERTEX
8
L0D0
10
318
20
-1527.6
0
VERTEX
8
L0D0
10
318
20
-1524
0
VERTEX
8
L0D0
10
546.2
20
-1524
0
VERTEX
8
L0D0
10
546.2
20
-1522.8
0
VERTEX
8
L0D0
10
318
20
-1522.8
0
VERTEX
8
L0D0
10
318
20
-1519.2
0
VERTEX
8
L0D0
10
546.2
20
-1519.2
0
VERTEX
8
L0D0
10
546.2
20
-1518
0
VERTEX
8
L0D0
10
318
20
-1518
0
VERTEX
8
L0D0
10
318
20
-1514.4
0
VERTEX
8
L0D0
10
546.2
20
-1514.4
0
VERTEX
8
L0D0
10
546.2
20
-1513.2
0
VERTEX
8
L0D0
10
318
20
-1513.2
0
VERTEX
8
L0D0
10
318
20
-1509.6
0
VERTEX
8
L0D0
10
546.2
20
-1509.6
0
VERTEX
8
L0D0
10
546.2
20
-1508.4
0
VERTEX
8
L0D0
10
318
20
-1508.4
0
VERTEX
8
L0D0
10
318
20
-1504.8
0
VERTEX
8
L0D0
10
546.2
20
-1504.8
0
VERTEX
8
L0D0
10
546.2
20
-1503.6
0
VERTEX
8
L0D0
10
318
20
-1503.6
0
VERTEX
8
L0D0
10
318
20
-1500
0
VERTEX
8
L0D0
10
546.2
20
-1500
0
VERTEX
8
L0D0
10
546.2
20
-1498.8
0
VERTEX
8
L0D0
10
318
20
-1498.8
0
VERTEX
8
L0D0
10
318
20
-1495.2
0
VERTEX
8
L0D0
10
546.2
20
-1495.2
0
VERTEX
8
L0D0
10
546.2
20
-1494
0
VERTEX
8
L0D0
10
318
20
-1494
0
VERTEX
8
L0D0
10
318
20
-1490.4
0
VERTEX
8
L0D0
10
546.2
20
-1490.4
0
VERTEX
8
L0D0
10
546.2
20
-1489.2
0
VERTEX
8
L0D0
10
318
20
-1489.2
0
VERTEX
8
L0D0
10
318
20
-1485.6
0
VERTEX
8
L0D0
10
546.2
20
-1485.6
0
VERTEX
8
L0D0
10
546.2
20
-1484.4
0
VERTEX
8
L0D0
10
318
20
-1484.4
0
VERTEX
8
L0D0
10
318
20
-1480.8
0
VERTEX
8
L0D0
10
546.2
20
-1480.8
0
VERTEX
8
L0D0
10
546.2
20
-1479.6
0
VERTEX
8
L0D0
10
318
20
-1479.6
0
VERTEX
8
L0D0
10
318
20
-1476
0
VERTEX
8
L0D0
10
546.2
20
-1476
0
VERTEX
8
L0D0
10
546.2
20
-1474.8
0
VERTEX
8
L0D0
10
318
20
-1474.8
0
VERTEX
8
L0D0
10
318
20
-1471.2
0
VERTEX
8
L0D0
10
546.2
20
-1471.2
0
VERTEX
8
L0D0
10
546.2
20
-1470
0
VERTEX
8
L0D0
10
318
20
-1470
0
VERTEX
8
L0D0
10
318
20
-1466.4
0
VERTEX
8
L0D0
10
546.2
20
-1466.4
0
VERTEX
8
L0D0
10
546.2
20
-1465.2
0
VERTEX
8
L0D0
10
318
20
-1465.2
0
VERTEX
8
L0D0
10
318
20
-1461.6
0
VERTEX
8
L0D0
10
546.2
20
-1461.6
0
VERTEX
8
L0D0
10
546.2
20
-1460.4
0
VERTEX
8
L0D0
10
318
20
-1460.4
0
VERTEX
8
L0D0
10
318
20
-1456.8
0
VERTEX
8
L0D0
10
546.2
20
-1456.8
0
VERTEX
8
L0D0
10
546.2
20
-1455.6
0
VERTEX
8
L0D0
10
318
20
-1455.6
0
VERTEX
8
L0D0
10
318
20
-1452
0
VERTEX
8
L0D0
10
546.2
20
-1452
0
VERTEX
8
L0D0
10
546.2
20
-1450.8
0
VERTEX
8
L0D0
10
318
20
-1450.8
0
VERTEX
8
L0D0
10
318
20
-1447.2
0
VERTEX
8
L0D0
10
546.2
20
-1447.2
0
VERTEX
8
L0D0
10
546.2
20
-1446
0
VERTEX
8
L0D0
10
318
20
-1446
0
VERTEX
8
L0D0
10
318
20
-1442.4
0
VERTEX
8
L0D0
10
546.2
20
-1442.4
0
VERTEX
8
L0D0
10
546.2
20
-1441.2
0
VERTEX
8
L0D0
10
318
20
-1441.2
0
VERTEX
8
L0D0
10
318
20
-1437.6
0
VERTEX
8
L0D0
10
546.2
20
-1437.6
0
VERTEX
8
L0D0
10
546.2
20
-1436.4
0
VERTEX
8
L0D0
10
318
20
-1436.4
0
VERTEX
8
L0D0
10
318
20
-1432.8
0
VERTEX
8
L0D0
10
546.2
20
-1432.8
0
VERTEX
8
L0D0
10
546.2
20
-1431.6
0
VERTEX
8
L0D0
10
318
20
-1431.6
0
VERTEX
8
L0D0
10
318
20
-1428
0
VERTEX
8
L0D0
10
546.2
20
-1428
0
VERTEX
8
L0D0
10
546.2
20
-1426.8
0
VERTEX
8
L0D0
10
318
20
-1426.8
0
VERTEX
8
L0D0
10
318
20
-1423.2
0
VERTEX
8
L0D0
10
546.2
20
-1423.2
0
VERTEX
8
L0D0
10
546.2
20
-1422
0
VERTEX
8
L0D0
10
318
20
-1422
0
VERTEX
8
L0D0
10
318
20
-1418.4
0
VERTEX
8
L0D0
10
546.2
20
-1418.4
0
VERTEX
8
L0D0
10
546.2
20
-1417.2
0
VERTEX
8
L0D0
10
318
20
-1417.2
0
VERTEX
8
L0D0
10
318
20
-1413.6
0
VERTEX
8
L0D0
10
546.2
20
-1413.6
0
VERTEX
8
L0D0
10
546.2
20
-1412.4
0
VERTEX
8
L0D0
10
318
20
-1412.4
0
VERTEX
8
L0D0
10
318
20
-1408.8
0
VERTEX
8
L0D0
10
546.2
20
-1408.8
0
VERTEX
8
L0D0
10
546.2
20
-1407.6
0
VERTEX
8
L0D0
10
318
20
-1407.6
0
VERTEX
8
L0D0
10
318
20
-1404
0
VERTEX
8
L0D0
10
546.2
20
-1404
0
VERTEX
8
L0D0
10
546.2
20
-1402.8
0
VERTEX
8
L0D0
10
318
20
-1402.8
0
VERTEX
8
L0D0
10
318
20
-1399.2
0
VERTEX
8
L0D0
10
546.2
20
-1399.2
0
VERTEX
8
L0D0
10
546.2
20
-1398
0
VERTEX
8
L0D0
10
318
20
-1398
0
VERTEX
8
L0D0
10
318
20
-1394.4
0
VERTEX
8
L0D0
10
546.2
20
-1394.4
0
VERTEX
8
L0D0
10
546.2
20
-1393.2
0
VERTEX
8
L0D0
10
318
20
-1393.2
0
VERTEX
8
L0D0
10
318
20
-1389.6
0
VERTEX
8
L0D0
10
546.2
20
-1389.6
0
VERTEX
8
L0D0
10
546.2
20
-1388.4
0
VERTEX
8
L0D0
10
318
20
-1388.4
0
VERTEX
8
L0D0
10
318
20
-1384.8
0
VERTEX
8
L0D0
10
546.2
20
-1384.8
0
VERTEX
8
L0D0
10
546.2
20
-1383.6
0
VERTEX
8
L0D0
10
318
20
-1383.6
0
VERTEX
8
L0D0
10
318
20
-1380
0
VERTEX
8
L0D0
10
546.2
20
-1380
0
VERTEX
8
L0D0
10
546.2
20
-1378.8
0
VERTEX
8
L0D0
10
318
20
-1378.8
0
VERTEX
8
L0D0
10
318
20
-1375.2
0
VERTEX
8
L0D0
10
546.2
20
-1375.2
0
VERTEX
8
L0D0
10
546.2
20
-1374
0
VERTEX
8
L0D0
10
318
20
-1374
0
VERTEX
8
L0D0
10
318
20
-1370.4
0
VERTEX
8
L0D0
10
316.8
20
-1370.4
0
VERTEX
8
L0D0
10
316.8
20
-1368
0
VERTEX
8
L0D0
10
318.6
20
-1368
0
VERTEX
8
L0D0
10
547.4
20
-1368
0
VERTEX
8
L0D0
10
547.4
20
-1376.4
0
VERTEX
8
L0D0
10
319.2
20
-1376.4
0
VERTEX
8
L0D0
10
319.2
20
-1377.6
0
VERTEX
8
L0D0
10
547.4
20
-1377.6
0
VERTEX
8
L0D0
10
547.4
20
-1381.2
0
VERTEX
8
L0D0
10
319.2
20
-1381.2
0
VERTEX
8
L0D0
10
319.2
20
-1382.4
0
VERTEX
8
L0D0
10
547.4
20
-1382.4
0
VERTEX
8
L0D0
10
547.4
20
-1386
0
VERTEX
8
L0D0
10
319.2
20
-1386
0
VERTEX
8
L0D0
10
319.2
20
-1387.2
0
VERTEX
8
L0D0
10
547.4
20
-1387.2
0
VERTEX
8
L0D0
10
547.4
20
-1390.8
0
VERTEX
8
L0D0
10
319.2
20
-1390.8
0
VERTEX
8
L0D0
10
319.2
20
-1392
0
VERTEX
8
L0D0
10
547.4
20
-1392
0
VERTEX
8
L0D0
10
547.4
20
-1395.6
0
VERTEX
8
L0D0
10
319.2
20
-1395.6
0
VERTEX
8
L0D0
10
319.2
20
-1396.8
0
VERTEX
8
L0D0
10
547.4
20
-1396.8
0
VERTEX
8
L0D0
10
547.4
20
-1400.4
0
VERTEX
8
L0D0
10
319.2
20
-1400.4
0
VERTEX
8
L0D0
10
319.2
20
-1401.6
0
VERTEX
8
L0D0
10
547.4
20
-1401.6
0
VERTEX
8
L0D0
10
547.4
20
-1405.2
0
VERTEX
8
L0D0
10
319.2
20
-1405.2
0
VERTEX
8
L0D0
10
319.2
20
-1406.4
0
VERTEX
8
L0D0
10
547.4
20
-1406.4
0
VERTEX
8
L0D0
10
547.4
20
-1410
0
VERTEX
8
L0D0
10
319.2
20
-1410
0
VERTEX
8
L0D0
10
319.2
20
-1411.2
0
VERTEX
8
L0D0
10
547.4
20
-1411.2
0
VERTEX
8
L0D0
10
547.4
20
-1414.8
0
VERTEX
8
L0D0
10
319.2
20
-1414.8
0
VERTEX
8
L0D0
10
319.2
20
-1416
0
VERTEX
8
L0D0
10
547.4
20
-1416
0
VERTEX
8
L0D0
10
547.4
20
-1419.6
0
VERTEX
8
L0D0
10
319.2
20
-1419.6
0
VERTEX
8
L0D0
10
319.2
20
-1420.8
0
VERTEX
8
L0D0
10
547.4
20
-1420.8
0
VERTEX
8
L0D0
10
547.4
20
-1424.4
0
VERTEX
8
L0D0
10
319.2
20
-1424.4
0
VERTEX
8
L0D0
10
319.2
20
-1425.6
0
VERTEX
8
L0D0
10
547.4
20
-1425.6
0
VERTEX
8
L0D0
10
547.4
20
-1429.2
0
VERTEX
8
L0D0
10
319.2
20
-1429.2
0
VERTEX
8
L0D0
10
319.2
20
-1430.4
0
VERTEX
8
L0D0
10
547.4
20
-1430.4
0
VERTEX
8
L0D0
10
547.4
20
-1434
0
VERTEX
8
L0D0
10
319.2
20
-1434
0
VERTEX
8
L0D0
10
319.2
20
-1435.2
0
VERTEX
8
L0D0
10
547.4
20
-1435.2
0
VERTEX
8
L0D0
10
547.4
20
-1438.8
0
VERTEX
8
L0D0
10
319.2
20
-1438.8
0
VERTEX
8
L0D0
10
319.2
20
-1440
0
VERTEX
8
L0D0
10
547.4
20
-1440
0
VERTEX
8
L0D0
10
547.4
20
-1443.6
0
VERTEX
8
L0D0
10
319.2
20
-1443.6
0
VERTEX
8
L0D0
10
319.2
20
-1444.8
0
VERTEX
8
L0D0
10
547.4
20
-1444.8
0
VERTEX
8
L0D0
10
547.4
20
-1448.4
0
VERTEX
8
L0D0
10
319.2
20
-1448.4
0
VERTEX
8
L0D0
10
319.2
20
-1449.6
0
VERTEX
8
L0D0
10
547.4
20
-1449.6
0
VERTEX
8
L0D0
10
547.4
20
-1453.2
0
VERTEX
8
L0D0
10
319.2
20
-1453.2
0
VERTEX
8
L0D0
10
319.2
20
-1454.4
0
VERTEX
8
L0D0
10
547.4
20
-1454.4
0
VERTEX
8
L0D0
10
547.4
20
-1458
0
VERTEX
8
L0D0
10
319.2
20
-1458
0
VERTEX
8
L0D0
10
319.2
20
-1459.2
0
VERTEX
8
L0D0
10
547.4
20
-1459.2
0
VERTEX
8
L0D0
10
547.4
20
-1462.8
0
VERTEX
8
L0D0
10
319.2
20
-1462.8
0
VERTEX
8
L0D0
10
319.2
20
-1464
0
VERTEX
8
L0D0
10
547.4
20
-1464
0
VERTEX
8
L0D0
10
547.4
20
-1467.6
0
VERTEX
8
L0D0
10
319.2
20
-1467.6
0
VERTEX
8
L0D0
10
319.2
20
-1468.8
0
VERTEX
8
L0D0
10
547.4
20
-1468.8
0
VERTEX
8
L0D0
10
547.4
20
-1472.4
0
VERTEX
8
L0D0
10
319.2
20
-1472.4
0
VERTEX
8
L0D0
10
319.2
20
-1473.6
0
VERTEX
8
L0D0
10
547.4
20
-1473.6
0
VERTEX
8
L0D0
10
547.4
20
-1477.2
0
VERTEX
8
L0D0
10
319.2
20
-1477.2
0
VERTEX
8
L0D0
10
319.2
20
-1478.4
0
VERTEX
8
L0D0
10
547.4
20
-1478.4
0
VERTEX
8
L0D0
10
547.4
20
-1482
0
VERTEX
8
L0D0
10
319.2
20
-1482
0
VERTEX
8
L0D0
10
319.2
20
-1483.2
0
VERTEX
8
L0D0
10
547.4
20
-1483.2
0
VERTEX
8
L0D0
10
547.4
20
-1486.8
0
VERTEX
8
L0D0
10
319.2
20
-1486.8
0
VERTEX
8
L0D0
10
319.2
20
-1488
0
VERTEX
8
L0D0
10
547.4
20
-1488
0
VERTEX
8
L0D0
10
547.4
20
-1491.6
0
VERTEX
8
L0D0
10
319.2
20
-1491.6
0
VERTEX
8
L0D0
10
319.2
20
-1492.8
0
VERTEX
8
L0D0
10
547.4
20
-1492.8
0
VERTEX
8
L0D0
10
547.4
20
-1496.4
0
VERTEX
8
L0D0
10
319.2
20
-1496.4
0
VERTEX
8
L0D0
10
319.2
20
-1497.6
0
VERTEX
8
L0D0
10
547.4
20
-1497.6
0
VERTEX
8
L0D0
10
547.4
20
-1501.2
0
VERTEX
8
L0D0
10
319.2
20
-1501.2
0
VERTEX
8
L0D0
10
319.2
20
-1502.4
0
VERTEX
8
L0D0
10
547.4
20
-1502.4
0
VERTEX
8
L0D0
10
547.4
20
-1506
0
VERTEX
8
L0D0
10
319.2
20
-1506
0
VERTEX
8
L0D0
10
319.2
20
-1507.2
0
VERTEX
8
L0D0
10
547.4
20
-1507.2
0
VERTEX
8
L0D0
10
547.4
20
-1510.8
0
VERTEX
8
L0D0
10
319.2
20
-1510.8
0
VERTEX
8
L0D0
10
319.2
20
-1512
0
VERTEX
8
L0D0
10
547.4
20
-1512
0
VERTEX
8
L0D0
10
547.4
20
-1515.6
0
VERTEX
8
L0D0
10
319.2
20
-1515.6
0
VERTEX
8
L0D0
10
319.2
20
-1516.8
0
VERTEX
8
L0D0
10
547.4
20
-1516.8
0
VERTEX
8
L0D0
10
547.4
20
-1520.4
0
VERTEX
8
L0D0
10
319.2
20
-1520.4
0
VERTEX
8
L0D0
10
319.2
20
-1521.6
0
VERTEX
8
L0D0
10
547.4
20
-1521.6
0
VERTEX
8
L0D0
10
547.4
20
-1525.2
0
VERTEX
8
L0D0
10
319.2
20
-1525.2
0
VERTEX
8
L0D0
10
319.2
20
-1526.4
0
VERTEX
8
L0D0
10
547.4
20
-1526.4
0
VERTEX
8
L0D0
10
547.4
20
-1530
0
VERTEX
8
L0D0
10
319.2
20
-1530
0
VERTEX
8
L0D0
10
319.2
20
-1531.2
0
VERTEX
8
L0D0
10
547.4
20
-1531.2
0
VERTEX
8
L0D0
10
547.4
20
-1534.8
0
VERTEX
8
L0D0
10
319.2
20
-1534.8
0
VERTEX
8
L0D0
10
319.2
20
-1536
0
VERTEX
8
L0D0
10
547.4
20
-1536
0
VERTEX
8
L0D0
10
547.4
20
-1539.6
0
VERTEX
8
L0D0
10
319.2
20
-1539.6
0
VERTEX
8
L0D0
10
319.2
20
-1540.8
0
VERTEX
8
L0D0
10
547.4
20
-1540.8
0
VERTEX
8
L0D0
10
547.4
20
-1544.4
0
VERTEX
8
L0D0
10
319.2
20
-1544.4
0
VERTEX
8
L0D0
10
319.2
20
-1545.6
0
VERTEX
8
L0D0
10
547.4
20
-1545.6
0
VERTEX
8
L0D0
10
547.4
20
-1549.2
0
VERTEX
8
L0D0
10
319.2
20
-1549.2
0
VERTEX
8
L0D0
10
319.2
20
-1550.4
0
VERTEX
8
L0D0
10
547.4
20
-1550.4
0
VERTEX
8
L0D0
10
547.4
20
-1554
0
VERTEX
8
L0D0
10
319.2
20
-1554
0
VERTEX
8
L0D0
10
319.2
20
-1555.2
0
VERTEX
8
L0D0
10
547.4
20
-1555.2
0
VERTEX
8
L0D0
10
547.4
20
-1558.8
0
VERTEX
8
L0D0
10
319.2
20
-1558.8
0
VERTEX
8
L0D0
10
319.2
20
-1560
0
VERTEX
8
L0D0
10
547.4
20
-1560
0
VERTEX
8
L0D0
10
547.4
20
-1563.6
0
VERTEX
8
L0D0
10
319.2
20
-1563.6
0
VERTEX
8
L0D0
10
319.2
20
-1564.8
0
VERTEX
8
L0D0
10
547.4
20
-1564.8
0
VERTEX
8
L0D0
10
547.4
20
-1573.2
0
VERTEX
8
L0D0
10
323.6
20
-1573.2
0
VERTEX
8
L0D0
10
323.6
20
-2019.6
0
VERTEX
8
L0D0
10
770
20
-2019.6
0
VERTEX
8
L0D0
10
770
20
-1575.6
0
VERTEX
8
L0D0
10
326
20
-1575.6
0
VERTEX
8
L0D0
10
326
20
-2017.2
0
VERTEX
8
L0D0
10
767.6
20
-2017.2
0
VERTEX
8
L0D0
10
767.6
20
-1578
0
VERTEX
8
L0D0
10
328.4
20
-1578
0
VERTEX
8
L0D0
10
328.4
20
-2014.8
0
VERTEX
8
L0D0
10
765.2
20
-2014.8
0
VERTEX
8
L0D0
10
765.2
20
-1580.4
0
VERTEX
8
L0D0
10
330.8
20
-1580.4
0
VERTEX
8
L0D0
10
330.8
20
-2012.4
0
VERTEX
8
L0D0
10
762.8
20
-2012.4
0
VERTEX
8
L0D0
10
762.8
20
-1582.8
0
VERTEX
8
L0D0
10
333.2
20
-1582.8
0
VERTEX
8
L0D0
10
333.2
20
-2010
0
VERTEX
8
L0D0
10
760.4
20
-2010
0
VERTEX
8
L0D0
10
760.4
20
-1585.2
0
VERTEX
8
L0D0
10
335.6
20
-1585.2
0
VERTEX
8
L0D0
10
335.6
20
-2007.6
0
VERTEX
8
L0D0
10
758
20
-2007.6
0
VERTEX
8
L0D0
10
758
20
-1587.6
0
VERTEX
8
L0D0
10
338
20
-1587.6
0
VERTEX
8
L0D0
10
338
20
-2005.2
0
VERTEX
8
L0D0
10
755.6
20
-2005.2
0
VERTEX
8
L0D0
10
755.6
20
-1590
0
VERTEX
8
L0D0
10
340.4
20
-1590
0
VERTEX
8
L0D0
10
340.4
20
-2002.8
0
VERTEX
8
L0D0
10
753.2
20
-2002.8
0
VERTEX
8
L0D0
10
753.2
20
-1592.4
0
VERTEX
8
L0D0
10
342.8
20
-1592.4
0
VERTEX
8
L0D0
10
342.8
20
-2000.4
0
VERTEX
8
L0D0
10
750.8
20
-2000.4
0
VERTEX
8
L0D0
10
750.8
20
-1594.8
0
VERTEX
8
L0D0
10
345.2
20
-1594.8
0
VERTEX
8
L0D0
10
345.2
20
-1998
0
VERTEX
8
L0D0
10
748.4
20
-1998
0
VERTEX
8
L0D0
10
748.4
20
-1597.2
0
VERTEX
8
L0D0
10
347.6
20
-1597.2
0
VERTEX
8
L0D0
10
347.6
20
-1995.6
0
VERTEX
8
L0D0
10
746
20
-1995.6
0
VERTEX
8
L0D0
10
746
20
-1599.6
0
VERTEX
8
L0D0
10
350
20
-1599.6
0
VERTEX
8
L0D0
10
350
20
-1993.2
0
VERTEX
8
L0D0
10
743.6
20
-1993.2
0
VERTEX
8
L0D0
10
743.6
20
-1602
0
VERTEX
8
L0D0
10
352.4
20
-1602
0
VERTEX
8
L0D0
10
352.4
20
-1990.8
0
VERTEX
8
L0D0
10
741.2
20
-1990.8
0
VERTEX
8
L0D0
10
741.2
20
-1604.4
0
VERTEX
8
L0D0
10
354.8
20
-1604.4
0
VERTEX
8
L0D0
10
354.8
20
-1988.4
0
VERTEX
8
L0D0
10
738.8
20
-1988.4
0
VERTEX
8
L0D0
10
738.8
20
-1606.8
0
VERTEX
8
L0D0
10
357.2
20
-1606.8
0
VERTEX
8
L0D0
10
357.2
20
-1986
0
VERTEX
8
L0D0
10
736.4
20
-1986
0
VERTEX
8
L0D0
10
736.4
20
-1609.2
0
VERTEX
8
L0D0
10
359.6
20
-1609.2
0
VERTEX
8
L0D0
10
359.6
20
-1983.6
0
VERTEX
8
L0D0
10
734
20
-1983.6
0
VERTEX
8
L0D0
10
734
20
-1611.6
0
VERTEX
8
L0D0
10
362
20
-1611.6
0
VERTEX
8
L0D0
10
362
20
-1981.2
0
VERTEX
8
L0D0
10
731.6
20
-1981.2
0
VERTEX
8
L0D0
10
731.6
20
-1614
0
VERTEX
8
L0D0
10
364.4
20
-1614
0
VERTEX
8
L0D0
10
364.4
20
-1978.8
0
VERTEX
8
L0D0
10
729.2
20
-1978.8
0
VERTEX
8
L0D0
10
729.2
20
-1616.4
0
VERTEX
8
L0D0
10
366.8
20
-1616.4
0
VERTEX
8
L0D0
10
366.8
20
-1976.4
0
VERTEX
8
L0D0
10
726.8
20
-1976.4
0
VERTEX
8
L0D0
10
726.8
20
-1618.8
0
VERTEX
8
L0D0
10
369.2
20
-1618.8
0
VERTEX
8
L0D0
10
369.2
20
-1974
0
VERTEX
8
L0D0
10
724.4
20
-1974
0
VERTEX
8
L0D0
10
724.4
20
-1621.2
0
VERTEX
8
L0D0
10
371.6
20
-1621.2
0
VERTEX
8
L0D0
10
371.6
20
-1971.6
0
VERTEX
8
L0D0
10
722
20
-1971.6
0
VERTEX
8
L0D0
10
722
20
-1623.6
0
VERTEX
8
L0D0
10
374
20
-1623.6
0
VERTEX
8
L0D0
10
374
20
-1969.2
0
VERTEX
8
L0D0
10
719.6
20
-1969.2
0
VERTEX
8
L0D0
10
719.6
20
-1626
0
VERTEX
8
L0D0
10
376.4
20
-1626
0
VERTEX
8
L0D0
10
376.4
20
-1966.8
0
VERTEX
8
L0D0
10
717.2
20
-1966.8
0
VERTEX
8
L0D0
10
717.2
20
-1628.4
0
VERTEX
8
L0D0
10
378.8
20
-1628.4
0
VERTEX
8
L0D0
10
378.8
20
-1964.4
0
VERTEX
8
L0D0
10
714.8
20
-1964.4
0
VERTEX
8
L0D0
10
714.8
20
-1630.8
0
VERTEX
8
L0D0
10
381.2
20
-1630.8
0
VERTEX
8
L0D0
10
381.2
20
-1962
0
VERTEX
8
L0D0
10
712.4
20
-1962
0
VERTEX
8
L0D0
10
712.4
20
-1633.2
0
VERTEX
8
L0D0
10
383.6
20
-1633.2
0
VERTEX
8
L0D0
10
383.6
20
-1959.6
0
VERTEX
8
L0D0
10
710
20
-1959.6
0
VERTEX
8
L0D0
10
710
20
-1635.6
0
VERTEX
8
L0D0
10
386
20
-1635.6
0
VERTEX
8
L0D0
10
386
20
-1957.2
0
VERTEX
8
L0D0
10
707.6
20
-1957.2
0
VERTEX
8
L0D0
10
707.6
20
-1638
0
VERTEX
8
L0D0
10
388.4
20
-1638
0
VERTEX
8
L0D0
10
388.4
20
-1954.8
0
VERTEX
8
L0D0
10
705.2
20
-1954.8
0
VERTEX
8
L0D0
10
705.2
20
-1640.4
0
VERTEX
8
L0D0
10
390.8
20
-1640.4
0
VERTEX
8
L0D0
10
390.8
20
-1952.4
0
VERTEX
8
L0D0
10
702.8
20
-1952.4
0
VERTEX
8
L0D0
10
702.8
20
-1642.8
0
VERTEX
8
L0D0
10
393.2
20
-1642.8
0
VERTEX
8
L0D0
10
393.2
20
-1950
0
VERTEX
8
L0D0
10
700.4
20
-1950
0
VERTEX
8
L0D0
10
700.4
20
-1645.2
0
VERTEX
8
L0D0
10
395.6
20
-1645.2
0
VERTEX
8
L0D0
10
395.6
20
-1798.2
0
VERTEX
8
L0D0
10
398
20
-1798.2
0
VERTEX
8
L0D0
10
398
20
-1947.6
0
VERTEX
8
L0D0
10
698
20
-1947.6
0
VERTEX
8
L0D0
10
698
20
-1647.6
0
VERTEX
8
L0D0
10
398
20
-1647.6
0
VERTEX
8
L0D0
10
398
20
-1797
0
VERTEX
8
L0D0
10
396.8
20
-1797
0
VERTEX
8
L0D0
10
396.8
20
-1646.4
0
VERTEX
8
L0D0
10
699.2
20
-1646.4
0
VERTEX
8
L0D0
10
699.2
20
-1948.8
0
VERTEX
8
L0D0
10
394.4
20
-1948.8
0
VERTEX
8
L0D0
10
394.4
20
-1644
0
VERTEX
8
L0D0
10
701.6
20
-1644
0
VERTEX
8
L0D0
10
701.6
20
-1951.2
0
VERTEX
8
L0D0
10
392
20
-1951.2
0
VERTEX
8
L0D0
10
392
20
-1641.6
0
VERTEX
8
L0D0
10
704
20
-1641.6
0
VERTEX
8
L0D0
10
704
20
-1953.6
0
VERTEX
8
L0D0
10
389.6
20
-1953.6
0
VERTEX
8
L0D0
10
389.6
20
-1639.2
0
VERTEX
8
L0D0
10
706.4
20
-1639.2
0
VERTEX
8
L0D0
10
706.4
20
-1956
0
VERTEX
8
L0D0
10
387.2
20
-1956
0
VERTEX
8
L0D0
10
387.2
20
-1636.8
0
VERTEX
8
L0D0
10
708.8
20
-1636.8
0
VERTEX
8
L0D0
10
708.8
20
-1958.4
0
VERTEX
8
L0D0
10
384.8
20
-1958.4
0
VERTEX
8
L0D0
10
384.8
20
-1634.4
0
VERTEX
8
L0D0
10
711.2
20
-1634.4
0
VERTEX
8
L0D0
10
711.2
20
-1960.8
0
VERTEX
8
L0D0
10
382.4
20
-1960.8
0
VERTEX
8
L0D0
10
382.4
20
-1632
0
VERTEX
8
L0D0
10
713.6
20
-1632
0
VERTEX
8
L0D0
10
713.6
20
-1963.2
0
VERTEX
8
L0D0
10
380
20
-1963.2
0
VERTEX
8
L0D0
10
380
20
-1629.6
0
VERTEX
8
L0D0
10
716
20
-1629.6
0
VERTEX
8
L0D0
10
716
20
-1965.6
0
VERTEX
8
L0D0
10
377.6
20
-1965.6
0
VERTEX
8
L0D0
10
377.6
20
-1627.2
0
VERTEX
8
L0D0
10
718.4
20
-1627.2
0
VERTEX
8
L0D0
10
718.4
20
-1968
0
VERTEX
8
L0D0
10
375.2
20
-1968
0
VERTEX
8
L0D0
10
375.2
20
-1624.8
0
VERTEX
8
L0D0
10
720.8
20
-1624.8
0
VERTEX
8
L0D0
10
720.8
20
-1970.4
0
VERTEX
8
L0D0
10
372.8
20
-1970.4
0
VERTEX
8
L0D0
10
372.8
20
-1622.4
0
VERTEX
8
L0D0
10
723.2
20
-1622.4
0
VERTEX
8
L0D0
10
723.2
20
-1972.8
0
VERTEX
8
L0D0
10
370.4
20
-1972.8
0
VERTEX
8
L0D0
10
370.4
20
-1620
0
VERTEX
8
L0D0
10
725.6
20
-1620
0
VERTEX
8
L0D0
10
725.6
20
-1975.2
0
VERTEX
8
L0D0
10
368
20
-1975.2
0
VERTEX
8
L0D0
10
368
20
-1617.6
0
VERTEX
8
L0D0
10
728
20
-1617.6
0
VERTEX
8
L0D0
10
728
20
-1977.6
0
VERTEX
8
L0D0
10
365.6
20
-1977.6
0
VERTEX
8
L0D0
10
365.6
20
-1615.2
0
VERTEX
8
L0D0
10
730.4
20
-1615.2
0
VERTEX
8
L0D0
10
730.4
20
-1980
0
VERTEX
8
L0D0
10
363.2
20
-1980
0
VERTEX
8
L0D0
10
363.2
20
-1612.8
0
VERTEX
8
L0D0
10
732.8
20
-1612.8
0
VERTEX
8
L0D0
10
732.8
20
-1982.4
0
VERTEX
8
L0D0
10
360.8
20
-1982.4
0
VERTEX
8
L0D0
10
360.8
20
-1610.4
0
VERTEX
8
L0D0
10
735.2
20
-1610.4
0
VERTEX
8
L0D0
10
735.2
20
-1984.8
0
VERTEX
8
L0D0
10
358.4
20
-1984.8
0
VERTEX
8
L0D0
10
358.4
20
-1608
0
VERTEX
8
L0D0
10
737.6
20
-1608
0
VERTEX
8
L0D0
10
737.6
20
-1987.2
0
VERTEX
8
L0D0
10
356
20
-1987.2
0
VERTEX
8
L0D0
10
356
20
-1605.6
0
VERTEX
8
L0D0
10
740
20
-1605.6
0
VERTEX
8
L0D0
10
740
20
-1989.6
0
VERTEX
8
L0D0
10
353.6
20
-1989.6
0
VERTEX
8
L0D0
10
353.6
20
-1603.2
0
VERTEX
8
L0D0
10
742.4
20
-1603.2
0
VERTEX
8
L0D0
10
742.4
20
-1992
0
VERTEX
8
L0D0
10
351.2
20
-1992
0
VERTEX
8
L0D0
10
351.2
20
-1600.8
0
VERTEX
8
L0D0
10
744.8
20
-1600.8
0
VERTEX
8
L0D0
10
744.8
20
-1994.4
0
VERTEX
8
L0D0
10
348.8
20
-1994.4
0
VERTEX
8
L0D0
10
348.8
20
-1598.4
0
VERTEX
8
L0D0
10
747.2
20
-1598.4
0
VERTEX
8
L0D0
10
747.2
20
-1996.8
0
VERTEX
8
L0D0
10
346.4
20
-1996.8
0
VERTEX
8
L0D0
10
346.4
20
-1596
0
VERTEX
8
L0D0
10
749.6
20
-1596
0
VERTEX
8
L0D0
10
749.6
20
-1999.2
0
VERTEX
8
L0D0
10
344
20
-1999.2
0
VERTEX
8
L0D0
10
344
20
-1593.6
0
VERTEX
8
L0D0
10
752
20
-1593.6
0
VERTEX
8
L0D0
10
752
20
-2001.6
0
VERTEX
8
L0D0
10
341.6
20
-2001.6
0
VERTEX
8
L0D0
10
341.6
20
-1591.2
0
VERTEX
8
L0D0
10
754.4
20
-1591.2
0
VERTEX
8
L0D0
10
754.4
20
-2004
0
VERTEX
8
L0D0
10
339.2
20
-2004
0
VERTEX
8
L0D0
10
339.2
20
-1588.8
0
VERTEX
8
L0D0
10
756.8
20
-1588.8
0
VERTEX
8
L0D0
10
756.8
20
-2006.4
0
VERTEX
8
L0D0
10
336.8
20
-2006.4
0
VERTEX
8
L0D0
10
336.8
20
-1586.4
0
VERTEX
8
L0D0
10
759.2
20
-1586.4
0
VERTEX
8
L0D0
10
759.2
20
-2008.8
0
VERTEX
8
L0D0
10
334.4
20
-2008.8
0
VERTEX
8
L0D0
10
334.4
20
-1584
0
VERTEX
8
L0D0
10
761.6
20
-1584
0
VERTEX
8
L0D0
10
761.6
20
-2011.2
0
VERTEX
8
L0D0
10
332
20
-2011.2
0
VERTEX
8
L0D0
10
332
20
-1581.6
0
VERTEX
8
L0D0
10
764
20
-1581.6
0
VERTEX
8
L0D0
10
764
20
-2013.6
0
VERTEX
8
L0D0
10
329.6
20
-2013.6
0
VERTEX
8
L0D0
10
329.6
20
-1579.2
0
VERTEX
8
L0D0
10
766.4
20
-1579.2
0
VERTEX
8
L0D0
10
766.4
20
-2016
0
VERTEX
8
L0D0
10
327.2
20
-2016
0
VERTEX
8
L0D0
10
327.2
20
-1576.8
0
VERTEX
8
L0D0
10
768.8
20
-1576.8
0
VERTEX
8
L0D0
10
768.8
20
-2018.4
0
VERTEX
8
L0D0
10
324.8
20
-2018.4
0
VERTEX
8
L0D0
10
324.8
20
-1574.4
0
VERTEX
8
L0D0
10
548.6
20
-1574.4
0
VERTEX
8
L0D0
10
548.6
20
-1564.8
0
VERTEX
8
L0D0
10
776.8
20
-1564.8
0
VERTEX
8
L0D0
10
776.8
20
-1563.6
0
VERTEX
8
L0D0
10
548.6
20
-1563.6
0
VERTEX
8
L0D0
10
548.6
20
-1560
0
VERTEX
8
L0D0
10
776.8
20
-1560
0
VERTEX
8
L0D0
10
776.8
20
-1558.8
0
VERTEX
8
L0D0
10
548.6
20
-1558.8
0
VERTEX
8
L0D0
10
548.6
20
-1555.2
0
VERTEX
8
L0D0
10
776.8
20
-1555.2
0
VERTEX
8
L0D0
10
776.8
20
-1554
0
VERTEX
8
L0D0
10
548.6
20
-1554
0
VERTEX
8
L0D0
10
548.6
20
-1550.4
0
VERTEX
8
L0D0
10
776.8
20
-1550.4
0
VERTEX
8
L0D0
10
776.8
20
-1549.2
0
VERTEX
8
L0D0
10
548.6
20
-1549.2
0
VERTEX
8
L0D0
10
548.6
20
-1545.6
0
VERTEX
8
L0D0
10
776.8
20
-1545.6
0
VERTEX
8
L0D0
10
776.8
20
-1544.4
0
VERTEX
8
L0D0
10
548.6
20
-1544.4
0
VERTEX
8
L0D0
10
548.6
20
-1540.8
0
VERTEX
8
L0D0
10
776.8
20
-1540.8
0
VERTEX
8
L0D0
10
776.8
20
-1539.6
0
VERTEX
8
L0D0
10
548.6
20
-1539.6
0
VERTEX
8
L0D0
10
548.6
20
-1536
0
VERTEX
8
L0D0
10
776.8
20
-1536
0
VERTEX
8
L0D0
10
776.8
20
-1534.8
0
VERTEX
8
L0D0
10
548.6
20
-1534.8
0
VERTEX
8
L0D0
10
548.6
20
-1531.2
0
VERTEX
8
L0D0
10
776.8
20
-1531.2
0
VERTEX
8
L0D0
10
776.8
20
-1530
0
VERTEX
8
L0D0
10
548.6
20
-1530
0
VERTEX
8
L0D0
10
548.6
20
-1526.4
0
VERTEX
8
L0D0
10
776.8
20
-1526.4
0
VERTEX
8
L0D0
10
776.8
20
-1525.2
0
VERTEX
8
L0D0
10
548.6
20
-1525.2
0
VERTEX
8
L0D0
10
548.6
20
-1521.6
0
VERTEX
8
L0D0
10
776.8
20
-1521.6
0
VERTEX
8
L0D0
10
776.8
20
-1520.4
0
VERTEX
8
L0D0
10
548.6
20
-1520.4
0
VERTEX
8
L0D0
10
548.6
20
-1516.8
0
VERTEX
8
L0D0
10
776.8
20
-1516.8
0
VERTEX
8
L0D0
10
776.8
20
-1515.6
0
VERTEX
8
L0D0
10
548.6
20
-1515.6
0
VERTEX
8
L0D0
10
548.6
20
-1512
0
VERTEX
8
L0D0
10
776.8
20
-1512
0
VERTEX
8
L0D0
10
776.8
20
-1510.8
0
VERTEX
8
L0D0
10
548.6
20
-1510.8
0
VERTEX
8
L0D0
10
548.6
20
-1507.2
0
VERTEX
8
L0D0
10
776.8
20
-1507.2
0
VERTEX
8
L0D0
10
776.8
20
-1506
0
VERTEX
8
L0D0
10
548.6
20
-1506
0
VERTEX
8
L0D0
10
548.6
20
-1502.4
0
VERTEX
8
L0D0
10
776.8
20
-1502.4
0
VERTEX
8
L0D0
10
776.8
20
-1501.2
0
VERTEX
8
L0D0
10
548.6
20
-1501.2
0
VERTEX
8
L0D0
10
548.6
20
-1497.6
0
VERTEX
8
L0D0
10
776.8
20
-1497.6
0
VERTEX
8
L0D0
10
776.8
20
-1496.4
0
VERTEX
8
L0D0
10
548.6
20
-1496.4
0
VERTEX
8
L0D0
10
548.6
20
-1492.8
0
VERTEX
8
L0D0
10
776.8
20
-1492.8
0
VERTEX
8
L0D0
10
776.8
20
-1491.6
0
VERTEX
8
L0D0
10
548.6
20
-1491.6
0
VERTEX
8
L0D0
10
548.6
20
-1488
0
VERTEX
8
L0D0
10
776.8
20
-1488
0
VERTEX
8
L0D0
10
776.8
20
-1486.8
0
VERTEX
8
L0D0
10
548.6
20
-1486.8
0
VERTEX
8
L0D0
10
548.6
20
-1483.2
0
VERTEX
8
L0D0
10
776.8
20
-1483.2
0
VERTEX
8
L0D0
10
776.8
20
-1482
0
VERTEX
8
L0D0
10
548.6
20
-1482
0
VERTEX
8
L0D0
10
548.6
20
-1478.4
0
VERTEX
8
L0D0
10
776.8
20
-1478.4
0
VERTEX
8
L0D0
10
776.8
20
-1477.2
0
VERTEX
8
L0D0
10
548.6
20
-1477.2
0
VERTEX
8
L0D0
10
548.6
20
-1473.6
0
VERTEX
8
L0D0
10
776.8
20
-1473.6
0
VERTEX
8
L0D0
10
776.8
20
-1472.4
0
VERTEX
8
L0D0
10
548.6
20
-1472.4
0
VERTEX
8
L0D0
10
548.6
20
-1468.8
0
VERTEX
8
L0D0
10
776.8
20
-1468.8
0
VERTEX
8
L0D0
10
776.8
20
-1467.6
0
VERTEX
8
L0D0
10
548.6
20
-1467.6
0
VERTEX
8
L0D0
10
548.6
20
-1464
0
VERTEX
8
L0D0
10
776.8
20
-1464
0
VERTEX
8
L0D0
10
776.8
20
-1462.8
0
VERTEX
8
L0D0
10
548.6
20
-1462.8
0
VERTEX
8
L0D0
10
548.6
20
-1459.2
0
VERTEX
8
L0D0
10
776.8
20
-1459.2
0
VERTEX
8
L0D0
10
776.8
20
-1458
0
VERTEX
8
L0D0
10
548.6
20
-1458
0
VERTEX
8
L0D0
10
548.6
20
-1454.4
0
VERTEX
8
L0D0
10
776.8
20
-1454.4
0
VERTEX
8
L0D0
10
776.8
20
-1453.2
0
VERTEX
8
L0D0
10
548.6
20
-1453.2
0
VERTEX
8
L0D0
10
548.6
20
-1449.6
0
VERTEX
8
L0D0
10
776.8
20
-1449.6
0
VERTEX
8
L0D0
10
776.8
20
-1448.4
0
VERTEX
8
L0D0
10
548.6
20
-1448.4
0
VERTEX
8
L0D0
10
548.6
20
-1444.8
0
VERTEX
8
L0D0
10
776.8
20
-1444.8
0
VERTEX
8
L0D0
10
776.8
20
-1443.6
0
VERTEX
8
L0D0
10
548.6
20
-1443.6
0
VERTEX
8
L0D0
10
548.6
20
-1440
0
VERTEX
8
L0D0
10
776.8
20
-1440
0
VERTEX
8
L0D0
10
776.8
20
-1438.8
0
VERTEX
8
L0D0
10
548.6
20
-1438.8
0
VERTEX
8
L0D0
10
548.6
20
-1435.2
0
VERTEX
8
L0D0
10
776.8
20
-1435.2
0
VERTEX
8
L0D0
10
776.8
20
-1434
0
VERTEX
8
L0D0
10
548.6
20
-1434
0
VERTEX
8
L0D0
10
548.6
20
-1430.4
0
VERTEX
8
L0D0
10
776.8
20
-1430.4
0
VERTEX
8
L0D0
10
776.8
20
-1429.2
0
VERTEX
8
L0D0
10
548.6
20
-1429.2
0
VERTEX
8
L0D0
10
548.6
20
-1425.6
0
VERTEX
8
L0D0
10
776.8
20
-1425.6
0
VERTEX
8
L0D0
10
776.8
20
-1424.4
0
VERTEX
8
L0D0
10
548.6
20
-1424.4
0
VERTEX
8
L0D0
10
548.6
20
-1420.8
0
VERTEX
8
L0D0
10
776.8
20
-1420.8
0
VERTEX
8
L0D0
10
776.8
20
-1419.6
0
VERTEX
8
L0D0
10
548.6
20
-1419.6
0
VERTEX
8
L0D0
10
548.6
20
-1416
0
VERTEX
8
L0D0
10
776.8
20
-1416
0
VERTEX
8
L0D0
10
776.8
20
-1414.8
0
VERTEX
8
L0D0
10
548.6
20
-1414.8
0
VERTEX
8
L0D0
10
548.6
20
-1411.2
0
VERTEX
8
L0D0
10
776.8
20
-1411.2
0
VERTEX
8
L0D0
10
776.8
20
-1410
0
VERTEX
8
L0D0
10
548.6
20
-1410
0
VERTEX
8
L0D0
10
548.6
20
-1406.4
0
VERTEX
8
L0D0
10
776.8
20
-1406.4
0
VERTEX
8
L0D0
10
776.8
20
-1405.2
0
VERTEX
8
L0D0
10
548.6
20
-1405.2
0
VERTEX
8
L0D0
10
548.6
20
-1401.6
0
VERTEX
8
L0D0
10
776.8
20
-1401.6
0
VERTEX
8
L0D0
10
776.8
20
-1400.4
0
VERTEX
8
L0D0
10
548.6
20
-1400.4
0
VERTEX
8
L0D0
10
548.6
20
-1396.8
0
VERTEX
8
L0D0
10
776.8
20
-1396.8
0
VERTEX
8
L0D0
10
776.8
20
-1395.6
0
VERTEX
8
L0D0
10
548.6
20
-1395.6
0
VERTEX
8
L0D0
10
548.6
20
-1392
0
VERTEX
8
L0D0
10
776.8
20
-1392
0
VERTEX
8
L0D0
10
776.8
20
-1390.8
0
VERTEX
8
L0D0
10
548.6
20
-1390.8
0
VERTEX
8
L0D0
10
548.6
20
-1387.2
0
VERTEX
8
L0D0
10
776.8
20
-1387.2
0
VERTEX
8
L0D0
10
776.8
20
-1386
0
VERTEX
8
L0D0
10
548.6
20
-1386
0
VERTEX
8
L0D0
10
548.6
20
-1382.4
0
VERTEX
8
L0D0
10
776.8
20
-1382.4
0
VERTEX
8
L0D0
10
776.8
20
-1381.2
0
VERTEX
8
L0D0
10
548.6
20
-1381.2
0
VERTEX
8
L0D0
10
548.6
20
-1377.6
0
VERTEX
8
L0D0
10
776.8
20
-1377.6
0
VERTEX
8
L0D0
10
776.8
20
-1376.4
0
VERTEX
8
L0D0
10
548.6
20
-1376.4
0
VERTEX
8
L0D0
10
548.6
20
-1366.8
0
VERTEX
8
L0D0
10
319.8
20
-1366.8
0
VERTEX
8
L0D0
10
319.8
20
-1365.6
0
VERTEX
8
L0D0
10
777.4
20
-1365.6
0
VERTEX
8
L0D0
10
777.4
20
-1362
0
VERTEX
8
L0D0
10
319.8
20
-1362
0
VERTEX
8
L0D0
10
319.8
20
-1360.8
0
VERTEX
8
L0D0
10
777.4
20
-1360.8
0
VERTEX
8
L0D0
10
777.4
20
-1357.2
0
VERTEX
8
L0D0
10
319.8
20
-1357.2
0
VERTEX
8
L0D0
10
319.8
20
-1356
0
VERTEX
8
L0D0
10
777.4
20
-1356
0
VERTEX
8
L0D0
10
777.4
20
-1352.4
0
VERTEX
8
L0D0
10
319.8
20
-1352.4
0
VERTEX
8
L0D0
10
319.8
20
-1351.2
0
VERTEX
8
L0D0
10
777.4
20
-1351.2
0
VERTEX
8
L0D0
10
777.4
20
-1347.6
0
VERTEX
8
L0D0
10
319.8
20
-1347.6
0
VERTEX
8
L0D0
10
319.8
20
-1346.4
0
VERTEX
8
L0D0
10
777.4
20
-1346.4
0
VERTEX
8
L0D0
10
777.4
20
-1342.8
0
VERTEX
8
L0D0
10
319.8
20
-1342.8
0
VERTEX
8
L0D0
10
319.8
20
-1341.6
0
VERTEX
8
L0D0
10
777.4
20
-1341.6
0
VERTEX
8
L0D0
10
777.4
20
-1338
0
VERTEX
8
L0D0
10
319.8
20
-1338
0
VERTEX
8
L0D0
10
319.8
20
-1336.8
0
VERTEX
8
L0D0
10
777.4
20
-1336.8
0
VERTEX
8
L0D0
10
777.4
20
-1333.2
0
VERTEX
8
L0D0
10
319.8
20
-1333.2
0
VERTEX
8
L0D0
10
319.8
20
-1332
0
VERTEX
8
L0D0
10
777.4
20
-1332
0
VERTEX
8
L0D0
10
777.4
20
-1328.4
0
VERTEX
8
L0D0
10
319.8
20
-1328.4
0
VERTEX
8
L0D0
10
319.8
20
-1327.2
0
VERTEX
8
L0D0
10
777.4
20
-1327.2
0
VERTEX
8
L0D0
10
777.4
20
-1323.6
0
VERTEX
8
L0D0
10
319.8
20
-1323.6
0
VERTEX
8
L0D0
10
319.8
20
-1322.4
0
VERTEX
8
L0D0
10
777.4
20
-1322.4
0
VERTEX
8
L0D0
10
777.4
20
-1318.8
0
VERTEX
8
L0D0
10
319.8
20
-1318.8
0
VERTEX
8
L0D0
10
319.8
20
-1317.6
0
VERTEX
8
L0D0
10
777.4
20
-1317.6
0
VERTEX
8
L0D0
10
777.4
20
-1314
0
VERTEX
8
L0D0
10
319.8
20
-1314
0
VERTEX
8
L0D0
10
319.8
20
-1312.8
0
VERTEX
8
L0D0
10
777.4
20
-1312.8
0
VERTEX
8
L0D0
10
777.4
20
-1309.2
0
VERTEX
8
L0D0
10
319.8
20
-1309.2
0
VERTEX
8
L0D0
10
319.8
20
-1308
0
VERTEX
8
L0D0
10
777.4
20
-1308
0
VERTEX
8
L0D0
10
777.4
20
-1304.4
0
VERTEX
8
L0D0
10
319.8
20
-1304.4
0
VERTEX
8
L0D0
10
319.8
20
-1303.2
0
VERTEX
8
L0D0
10
777.4
20
-1303.2
0
VERTEX
8
L0D0
10
777.4
20
-1299.6
0
VERTEX
8
L0D0
10
319.8
20
-1299.6
0
VERTEX
8
L0D0
10
319.8
20
-1298.4
0
VERTEX
8
L0D0
10
777.4
20
-1298.4
0
VERTEX
8
L0D0
10
777.4
20
-1294.8
0
VERTEX
8
L0D0
10
319.8
20
-1294.8
0
VERTEX
8
L0D0
10
319.8
20
-1293.6
0
VERTEX
8
L0D0
10
777.4
20
-1293.6
0
VERTEX
8
L0D0
10
777.4
20
-1290
0
VERTEX
8
L0D0
10
319.8
20
-1290
0
VERTEX
8
L0D0
10
319.8
20
-1288.8
0
VERTEX
8
L0D0
10
777.4
20
-1288.8
0
VERTEX
8
L0D0
10
777.4
20
-1285.2
0
VERTEX
8
L0D0
10
319.8
20
-1285.2
0
VERTEX
8
L0D0
10
319.8
20
-1284
0
VERTEX
8
L0D0
10
777.4
20
-1284
0
VERTEX
8
L0D0
10
777.4
20
-1280.4
0
VERTEX
8
L0D0
10
319.8
20
-1280.4
0
VERTEX
8
L0D0
10
319.8
20
-1279.2
0
VERTEX
8
L0D0
10
777.4
20
-1279.2
0
VERTEX
8
L0D0
10
777.4
20
-1275.6
0
VERTEX
8
L0D0
10
319.8
20
-1275.6
0
VERTEX
8
L0D0
10
319.8
20
-1274.4
0
VERTEX
8
L0D0
10
777.4
20
-1274.4
0
VERTEX
8
L0D0
10
777.4
20
-1270.8
0
VERTEX
8
L0D0
10
319.8
20
-1270.8
0
VERTEX
8
L0D0
10
319.8
20
-1269.6
0
VERTEX
8
L0D0
10
777.4
20
-1269.6
0
VERTEX
8
L0D0
10
777.4
20
-1266
0
VERTEX
8
L0D0
10
319.8
20
-1266
0
VERTEX
8
L0D0
10
319.8
20
-1264.8
0
VERTEX
8
L0D0
10
777.4
20
-1264.8
0
VERTEX
8
L0D0
10
777.4
20
-1261.2
0
VERTEX
8
L0D0
10
319.8
20
-1261.2
0
VERTEX
8
L0D0
10
319.8
20
-1260
0
VERTEX
8
L0D0
10
777.4
20
-1260
0
VERTEX
8
L0D0
10
777.4
20
-1256.4
0
VERTEX
8
L0D0
10
319.8
20
-1256.4
0
VERTEX
8
L0D0
10
319.8
20
-1255.2
0
VERTEX
8
L0D0
10
777.4
20
-1255.2
0
VERTEX
8
L0D0
10
777.4
20
-1251.6
0
VERTEX
8
L0D0
10
319.8
20
-1251.6
0
VERTEX
8
L0D0
10
319.8
20
-1250.4
0
VERTEX
8
L0D0
10
777.4
20
-1250.4
0
VERTEX
8
L0D0
10
777.4
20
-1246.8
0
VERTEX
8
L0D0
10
319.8
20
-1246.8
0
VERTEX
8
L0D0
10
319.8
20
-1245.6
0
VERTEX
8
L0D0
10
777.4
20
-1245.6
0
VERTEX
8
L0D0
10
777.4
20
-1242
0
VERTEX
8
L0D0
10
319.8
20
-1242
0
VERTEX
8
L0D0
10
319.8
20
-1240.8
0
VERTEX
8
L0D0
10
777.4
20
-1240.8
0
VERTEX
8
L0D0
10
777.4
20
-1237.2
0
VERTEX
8
L0D0
10
319.8
20
-1237.2
0
VERTEX
8
L0D0
10
319.8
20
-1236
0
VERTEX
8
L0D0
10
777.4
20
-1236
0
VERTEX
8
L0D0
10
777.4
20
-1232.4
0
VERTEX
8
L0D0
10
319.8
20
-1232.4
0
VERTEX
8
L0D0
10
319.8
20
-1231.2
0
VERTEX
8
L0D0
10
777.4
20
-1231.2
0
VERTEX
8
L0D0
10
777.4
20
-1227.6
0
VERTEX
8
L0D0
10
319.8
20
-1227.6
0
VERTEX
8
L0D0
10
319.8
20
-1226.4
0
VERTEX
8
L0D0
10
777.4
20
-1226.4
0
VERTEX
8
L0D0
10
777.4
20
-1222.8
0
VERTEX
8
L0D0
10
319.8
20
-1222.8
0
VERTEX
8
L0D0
10
319.8
20
-1221.6
0
VERTEX
8
L0D0
10
777.4
20
-1221.6
0
VERTEX
8
L0D0
10
777.4
20
-1218
0
VERTEX
8
L0D0
10
319.8
20
-1218
0
VERTEX
8
L0D0
10
319.8
20
-1216.8
0
VERTEX
8
L0D0
10
777.4
20
-1216.8
0
VERTEX
8
L0D0
10
777.4
20
-1213.2
0
VERTEX
8
L0D0
10
319.8
20
-1213.2
0
VERTEX
8
L0D0
10
319.8
20
-1212
0
VERTEX
8
L0D0
10
777.4
20
-1212
0
VERTEX
8
L0D0
10
777.4
20
-1208.4
0
VERTEX
8
L0D0
10
319.8
20
-1208.4
0
VERTEX
8
L0D0
10
319.8
20
-1207.2
0
VERTEX
8
L0D0
10
777.4
20
-1207.2
0
VERTEX
8
L0D0
10
777.4
20
-1203.6
0
VERTEX
8
L0D0
10
319.8
20
-1203.6
0
VERTEX
8
L0D0
10
319.8
20
-1202.4
0
VERTEX
8
L0D0
10
777.4
20
-1202.4
0
VERTEX
8
L0D0
10
777.4
20
-1198.8
0
VERTEX
8
L0D0
10
319.8
20
-1198.8
0
VERTEX
8
L0D0
10
319.8
20
-1197.6
0
VERTEX
8
L0D0
10
777.4
20
-1197.6
0
VERTEX
8
L0D0
10
777.4
20
-1194
0
VERTEX
8
L0D0
10
319.8
20
-1194
0
VERTEX
8
L0D0
10
319.8
20
-1192.8
0
VERTEX
8
L0D0
10
777.4
20
-1192.8
0
VERTEX
8
L0D0
10
777.4
20
-1189.2
0
VERTEX
8
L0D0
10
319.8
20
-1189.2
0
VERTEX
8
L0D0
10
319.8
20
-1188
0
VERTEX
8
L0D0
10
777.4
20
-1188
0
VERTEX
8
L0D0
10
777.4
20
-1184.4
0
VERTEX
8
L0D0
10
319.8
20
-1184.4
0
VERTEX
8
L0D0
10
319.8
20
-1183.2
0
VERTEX
8
L0D0
10
777.4
20
-1183.2
0
VERTEX
8
L0D0
10
777.4
20
-1179.6
0
VERTEX
8
L0D0
10
319.8
20
-1179.6
0
VERTEX
8
L0D0
10
319.8
20
-1178.4
0
VERTEX
8
L0D0
10
777.4
20
-1178.4
0
VERTEX
8
L0D0
10
777.4
20
-1174.8
0
VERTEX
8
L0D0
10
548.6
20
-1174.8
0
VERTEX
8
L0D0
10
548.6
20
-1166.4
0
VERTEX
8
L0D0
10
776.8
20
-1166.4
0
VERTEX
8
L0D0
10
776.8
20
-1165.2
0
VERTEX
8
L0D0
10
548.6
20
-1165.2
0
VERTEX
8
L0D0
10
548.6
20
-1161.6
0
VERTEX
8
L0D0
10
776.8
20
-1161.6
0
VERTEX
8
L0D0
10
776.8
20
-1160.4
0
VERTEX
8
L0D0
10
548.6
20
-1160.4
0
VERTEX
8
L0D0
10
548.6
20
-1156.8
0
VERTEX
8
L0D0
10
776.8
20
-1156.8
0
VERTEX
8
L0D0
10
776.8
20
-1155.6
0
VERTEX
8
L0D0
10
548.6
20
-1155.6
0
VERTEX
8
L0D0
10
548.6
20
-1152
0
VERTEX
8
L0D0
10
776.8
20
-1152
0
VERTEX
8
L0D0
10
776.8
20
-1150.8
0
VERTEX
8
L0D0
10
548.6
20
-1150.8
0
VERTEX
8
L0D0
10
548.6
20
-1147.2
0
VERTEX
8
L0D0
10
776.8
20
-1147.2
0
VERTEX
8
L0D0
10
776.8
20
-1146
0
VERTEX
8
L0D0
10
548.6
20
-1146
0
VERTEX
8
L0D0
10
548.6
20
-1142.4
0
VERTEX
8
L0D0
10
776.8
20
-1142.4
0
VERTEX
8
L0D0
10
776.8
20
-1141.2
0
VERTEX
8
L0D0
10
548.6
20
-1141.2
0
VERTEX
8
L0D0
10
548.6
20
-1137.6
0
VERTEX
8
L0D0
10
776.8
20
-1137.6
0
VERTEX
8
L0D0
10
776.8
20
-1136.4
0
VERTEX
8
L0D0
10
548.6
20
-1136.4
0
VERTEX
8
L0D0
10
548.6
20
-1132.8
0
VERTEX
8
L0D0
10
776.8
20
-1132.8
0
VERTEX
8
L0D0
10
776.8
20
-1131.6
0
VERTEX
8
L0D0
10
548.6
20
-1131.6
0
VERTEX
8
L0D0
10
548.6
20
-1128
0
VERTEX
8
L0D0
10
776.8
20
-1128
0
VERTEX
8
L0D0
10
776.8
20
-1126.8
0
VERTEX
8
L0D0
10
548.6
20
-1126.8
0
VERTEX
8
L0D0
10
548.6
20
-1123.2
0
VERTEX
8
L0D0
10
776.8
20
-1123.2
0
VERTEX
8
L0D0
10
776.8
20
-1122
0
VERTEX
8
L0D0
10
548.6
20
-1122
0
VERTEX
8
L0D0
10
548.6
20
-1118.4
0
VERTEX
8
L0D0
10
776.8
20
-1118.4
0
VERTEX
8
L0D0
10
776.8
20
-1117.2
0
VERTEX
8
L0D0
10
548.6
20
-1117.2
0
VERTEX
8
L0D0
10
548.6
20
-1113.6
0
VERTEX
8
L0D0
10
776.8
20
-1113.6
0
VERTEX
8
L0D0
10
776.8
20
-1112.4
0
VERTEX
8
L0D0
10
548.6
20
-1112.4
0
VERTEX
8
L0D0
10
548.6
20
-1108.8
0
VERTEX
8
L0D0
10
776.8
20
-1108.8
0
VERTEX
8
L0D0
10
776.8
20
-1107.6
0
VERTEX
8
L0D0
10
548.6
20
-1107.6
0
VERTEX
8
L0D0
10
548.6
20
-1104
0
VERTEX
8
L0D0
10
776.8
20
-1104
0
VERTEX
8
L0D0
10
776.8
20
-1102.8
0
VERTEX
8
L0D0
10
548.6
20
-1102.8
0
VERTEX
8
L0D0
10
548.6
20
-1099.2
0
VERTEX
8
L0D0
10
776.8
20
-1099.2
0
VERTEX
8
L0D0
10
776.8
20
-1098
0
VERTEX
8
L0D0
10
548.6
20
-1098
0
VERTEX
8
L0D0
10
548.6
20
-1094.4
0
VERTEX
8
L0D0
10
776.8
20
-1094.4
0
VERTEX
8
L0D0
10
776.8
20
-1093.2
0
VERTEX
8
L0D0
10
548.6
20
-1093.2
0
VERTEX
8
L0D0
10
548.6
20
-1089.6
0
VERTEX
8
L0D0
10
776.8
20
-1089.6
0
VERTEX
8
L0D0
10
776.8
20
-1088.4
0
VERTEX
8
L0D0
10
548.6
20
-1088.4
0
VERTEX
8
L0D0
10
548.6
20
-1084.8
0
VERTEX
8
L0D0
10
776.8
20
-1084.8
0
VERTEX
8
L0D0
10
776.8
20
-1083.6
0
VERTEX
8
L0D0
10
548.6
20
-1083.6
0
VERTEX
8
L0D0
10
548.6
20
-1080
0
VERTEX
8
L0D0
10
776.8
20
-1080
0
VERTEX
8
L0D0
10
776.8
20
-1078.8
0
VERTEX
8
L0D0
10
548.6
20
-1078.8
0
VERTEX
8
L0D0
10
548.6
20
-1075.2
0
VERTEX
8
L0D0
10
776.8
20
-1075.2
0
VERTEX
8
L0D0
10
776.8
20
-1074
0
VERTEX
8
L0D0
10
548.6
20
-1074
0
VERTEX
8
L0D0
10
548.6
20
-1070.4
0
VERTEX
8
L0D0
10
776.8
20
-1070.4
0
VERTEX
8
L0D0
10
776.8
20
-1069.2
0
VERTEX
8
L0D0
10
548.6
20
-1069.2
0
VERTEX
8
L0D0
10
548.6
20
-1065.6
0
VERTEX
8
L0D0
10
776.8
20
-1065.6
0
VERTEX
8
L0D0
10
776.8
20
-1064.4
0
VERTEX
8
L0D0
10
548.6
20
-1064.4
0
VERTEX
8
L0D0
10
548.6
20
-1060.8
0
VERTEX
8
L0D0
10
776.8
20
-1060.8
0
VERTEX
8
L0D0
10
776.8
20
-1059.6
0
VERTEX
8
L0D0
10
548.6
20
-1059.6
0
VERTEX
8
L0D0
10
548.6
20
-1056
0
VERTEX
8
L0D0
10
776.8
20
-1056
0
VERTEX
8
L0D0
10
776.8
20
-1054.8
0
VERTEX
8
L0D0
10
548.6
20
-1054.8
0
VERTEX
8
L0D0
10
548.6
20
-1051.2
0
VERTEX
8
L0D0
10
776.8
20
-1051.2
0
VERTEX
8
L0D0
10
776.8
20
-1050
0
VERTEX
8
L0D0
10
548.6
20
-1050
0
VERTEX
8
L0D0
10
548.6
20
-1046.4
0
VERTEX
8
L0D0
10
776.8
20
-1046.4
0
VERTEX
8
L0D0
10
776.8
20
-1045.2
0
VERTEX
8
L0D0
10
548.6
20
-1045.2
0
VERTEX
8
L0D0
10
548.6
20
-1041.6
0
VERTEX
8
L0D0
10
776.8
20
-1041.6
0
VERTEX
8
L0D0
10
776.8
20
-1040.4
0
VERTEX
8
L0D0
10
548.6
20
-1040.4
0
VERTEX
8
L0D0
10
548.6
20
-1036.8
0
VERTEX
8
L0D0
10
776.8
20
-1036.8
0
VERTEX
8
L0D0
10
776.8
20
-1035.6
0
VERTEX
8
L0D0
10
548.6
20
-1035.6
0
VERTEX
8
L0D0
10
548.6
20
-1032
0
VERTEX
8
L0D0
10
776.8
20
-1032
0
VERTEX
8
L0D0
10
776.8
20
-1030.8
0
VERTEX
8
L0D0
10
548.6
20
-1030.8
0
VERTEX
8
L0D0
10
548.6
20
-1027.2
0
VERTEX
8
L0D0
10
776.8
20
-1027.2
0
VERTEX
8
L0D0
10
776.8
20
-1026
0
VERTEX
8
L0D0
10
548.6
20
-1026
0
VERTEX
8
L0D0
10
548.6
20
-302
0
VERTEX
8
L0D0
10
547.4
20
-302
0
VERTEX
8
L0D0
10
547.4
20
-1026
0
VERTEX
8
L0D0
10
319.2
20
-1026
0
VERTEX
8
L0D0
10
319.2
20
-1027.2
0
VERTEX
8
L0D0
10
547.4
20
-1027.2
0
VERTEX
8
L0D0
10
547.4
20
-1030.8
0
VERTEX
8
L0D0
10
319.2
20
-1030.8
0
VERTEX
8
L0D0
10
319.2
20
-1032
0
VERTEX
8
L0D0
10
547.4
20
-1032
0
VERTEX
8
L0D0
10
547.4
20
-1035.6
0
VERTEX
8
L0D0
10
319.2
20
-1035.6
0
VERTEX
8
L0D0
10
319.2
20
-1036.8
0
VERTEX
8
L0D0
10
547.4
20
-1036.8
0
VERTEX
8
L0D0
10
547.4
20
-1040.4
0
VERTEX
8
L0D0
10
319.2
20
-1040.4
0
VERTEX
8
L0D0
10
319.2
20
-1041.6
0
VERTEX
8
L0D0
10
547.4
20
-1041.6
0
VERTEX
8
L0D0
10
547.4
20
-1045.2
0
VERTEX
8
L0D0
10
319.2
20
-1045.2
0
VERTEX
8
L0D0
10
319.2
20
-1046.4
0
VERTEX
8
L0D0
10
547.4
20
-1046.4
0
VERTEX
8
L0D0
10
547.4
20
-1050
0
VERTEX
8
L0D0
10
319.2
20
-1050
0
VERTEX
8
L0D0
10
319.2
20
-1051.2
0
VERTEX
8
L0D0
10
547.4
20
-1051.2
0
VERTEX
8
L0D0
10
547.4
20
-1054.8
0
VERTEX
8
L0D0
10
319.2
20
-1054.8
0
VERTEX
8
L0D0
10
319.2
20
-1056
0
VERTEX
8
L0D0
10
547.4
20
-1056
0
VERTEX
8
L0D0
10
547.4
20
-1059.6
0
VERTEX
8
L0D0
10
319.2
20
-1059.6
0
VERTEX
8
L0D0
10
319.2
20
-1060.8
0
VERTEX
8
L0D0
10
547.4
20
-1060.8
0
VERTEX
8
L0D0
10
547.4
20
-1064.4
0
VERTEX
8
L0D0
10
319.2
20
-1064.4
0
VERTEX
8
L0D0
10
319.2
20
-1065.6
0
VERTEX
8
L0D0
10
547.4
20
-1065.6
0
VERTEX
8
L0D0
10
547.4
20
-1069.2
0
VERTEX
8
L0D0
10
319.2
20
-1069.2
0
VERTEX
8
L0D0
10
319.2
20
-1070.4
0
VERTEX
8
L0D0
10
547.4
20
-1070.4
0
VERTEX
8
L0D0
10
547.4
20
-1074
0
VERTEX
8
L0D0
10
319.2
20
-1074
0
VERTEX
8
L0D0
10
319.2
20
-1075.2
0
VERTEX
8
L0D0
10
547.4
20
-1075.2
0
VERTEX
8
L0D0
10
547.4
20
-1078.8
0
VERTEX
8
L0D0
10
319.2
20
-1078.8
0
VERTEX
8
L0D0
10
319.2
20
-1080
0
VERTEX
8
L0D0
10
547.4
20
-1080
0
VERTEX
8
L0D0
10
547.4
20
-1083.6
0
VERTEX
8
L0D0
10
319.2
20
-1083.6
0
VERTEX
8
L0D0
10
319.2
20
-1084.8
0
VERTEX
8
L0D0
10
547.4
20
-1084.8
0
VERTEX
8
L0D0
10
547.4
20
-1088.4
0
VERTEX
8
L0D0
10
319.2
20
-1088.4
0
VERTEX
8
L0D0
10
319.2
20
-1089.6
0
VERTEX
8
L0D0
10
547.4
20
-1089.6
0
VERTEX
8
L0D0
10
547.4
20
-1093.2
0
VERTEX
8
L0D0
10
319.2
20
-1093.2
0
VERTEX
8
L0D0
10
319.2
20
-1094.4
0
VERTEX
8
L0D0
10
547.4
20
-1094.4
0
VERTEX
8
L0D0
10
547.4
20
-1098
0
VERTEX
8
L0D0
10
319.2
20
-1098
0
VERTEX
8
L0D0
10
319.2
20
-1099.2
0
VERTEX
8
L0D0
10
547.4
20
-1099.2
0
VERTEX
8
L0D0
10
547.4
20
-1102.8
0
VERTEX
8
L0D0
10
319.2
20
-1102.8
0
VERTEX
8
L0D0
10
319.2
20
-1104
0
VERTEX
8
L0D0
10
547.4
20
-1104
0
VERTEX
8
L0D0
10
547.4
20
-1107.6
0
VERTEX
8
L0D0
10
319.2
20
-1107.6
0
VERTEX
8
L0D0
10
319.2
20
-1108.8
0
VERTEX
8
L0D0
10
547.4
20
-1108.8
0
VERTEX
8
L0D0
10
547.4
20
-1112.4
0
VERTEX
8
L0D0
10
319.2
20
-1112.4
0
VERTEX
8
L0D0
10
319.2
20
-1113.6
0
VERTEX
8
L0D0
10
547.4
20
-1113.6
0
VERTEX
8
L0D0
10
547.4
20
-1117.2
0
VERTEX
8
L0D0
10
319.2
20
-1117.2
0
VERTEX
8
L0D0
10
319.2
20
-1118.4
0
VERTEX
8
L0D0
10
547.4
20
-1118.4
0
VERTEX
8
L0D0
10
547.4
20
-1122
0
VERTEX
8
L0D0
10
319.2
20
-1122
0
VERTEX
8
L0D0
10
319.2
20
-1123.2
0
VERTEX
8
L0D0
10
547.4
20
-1123.2
0
VERTEX
8
L0D0
10
547.4
20
-1126.8
0
VERTEX
8
L0D0
10
319.2
20
-1126.8
0
VERTEX
8
L0D0
10
319.2
20
-1128
0
VERTEX
8
L0D0
10
547.4
20
-1128
0
VERTEX
8
L0D0
10
547.4
20
-1131.6
0
VERTEX
8
L0D0
10
319.2
20
-1131.6
0
VERTEX
8
L0D0
10
319.2
20
-1132.8
0
VERTEX
8
L0D0
10
547.4
20
-1132.8
0
VERTEX
8
L0D0
10
547.4
20
-1136.4
0
VERTEX
8
L0D0
10
319.2
20
-1136.4
0
VERTEX
8
L0D0
10
319.2
20
-1137.6
0
VERTEX
8
L0D0
10
547.4
20
-1137.6
0
VERTEX
8
L0D0
10
547.4
20
-1141.2
0
VERTEX
8
L0D0
10
319.2
20
-1141.2
0
VERTEX
8
L0D0
10
319.2
20
-1142.4
0
VERTEX
8
L0D0
10
547.4
20
-1142.4
0
VERTEX
8
L0D0
10
547.4
20
-1146
0
VERTEX
8
L0D0
10
319.2
20
-1146
0
VERTEX
8
L0D0
10
319.2
20
-1147.2
0
VERTEX
8
L0D0
10
547.4
20
-1147.2
0
VERTEX
8
L0D0
10
547.4
20
-1150.8
0
VERTEX
8
L0D0
10
319.2
20
-1150.8
0
VERTEX
8
L0D0
10
319.2
20
-1152
0
VERTEX
8
L0D0
10
547.4
20
-1152
0
VERTEX
8
L0D0
10
547.4
20
-1155.6
0
VERTEX
8
L0D0
10
319.2
20
-1155.6
0
VERTEX
8
L0D0
10
319.2
20
-1156.8
0
VERTEX
8
L0D0
10
547.4
20
-1156.8
0
VERTEX
8
L0D0
10
547.4
20
-1160.4
0
VERTEX
8
L0D0
10
319.2
20
-1160.4
0
VERTEX
8
L0D0
10
319.2
20
-1161.6
0
VERTEX
8
L0D0
10
547.4
20
-1161.6
0
VERTEX
8
L0D0
10
547.4
20
-1165.2
0
VERTEX
8
L0D0
10
319.2
20
-1165.2
0
VERTEX
8
L0D0
10
319.2
20
-1166.4
0
VERTEX
8
L0D0
10
547.4
20
-1166.4
0
VERTEX
8
L0D0
10
547.4
20
-1176
0
VERTEX
8
L0D0
10
776.2
20
-1176
0
VERTEX
8
L0D0
10
776.2
20
-1177.2
0
VERTEX
8
L0D0
10
318.6
20
-1177.2
0
VERTEX
8
L0D0
10
318.6
20
-1180.8
0
VERTEX
8
L0D0
10
776.2
20
-1180.8
0
VERTEX
8
L0D0
10
776.2
20
-1182
0
VERTEX
8
L0D0
10
318.6
20
-1182
0
VERTEX
8
L0D0
10
318.6
20
-1185.6
0
VERTEX
8
L0D0
10
776.2
20
-1185.6
0
VERTEX
8
L0D0
10
776.2
20
-1186.8
0
VERTEX
8
L0D0
10
318.6
20
-1186.8
0
VERTEX
8
L0D0
10
318.6
20
-1190.4
0
VERTEX
8
L0D0
10
776.2
20
-1190.4
0
VERTEX
8
L0D0
10
776.2
20
-1191.6
0
VERTEX
8
L0D0
10
318.6
20
-1191.6
0
VERTEX
8
L0D0
10
318.6
20
-1195.2
0
VERTEX
8
L0D0
10
776.2
20
-1195.2
0
VERTEX
8
L0D0
10
776.2
20
-1196.4
0
VERTEX
8
L0D0
10
318.6
20
-1196.4
0
VERTEX
8
L0D0
10
318.6
20
-1200
0
VERTEX
8
L0D0
10
776.2
20
-1200
0
VERTEX
8
L0D0
10
776.2
20
-1201.2
0
VERTEX
8
L0D0
10
318.6
20
-1201.2
0
VERTEX
8
L0D0
10
318.6
20
-1204.8
0
VERTEX
8
L0D0
10
776.2
20
-1204.8
0
VERTEX
8
L0D0
10
776.2
20
-1206
0
VERTEX
8
L0D0
10
318.6
20
-1206
0
VERTEX
8
L0D0
10
318.6
20
-1209.6
0
VERTEX
8
L0D0
10
776.2
20
-1209.6
0
VERTEX
8
L0D0
10
776.2
20
-1210.8
0
VERTEX
8
L0D0
10
318.6
20
-1210.8
0
VERTEX
8
L0D0
10
318.6
20
-1214.4
0
VERTEX
8
L0D0
10
776.2
20
-1214.4
0
VERTEX
8
L0D0
10
776.2
20
-1215.6
0
VERTEX
8
L0D0
10
318.6
20
-1215.6
0
VERTEX
8
L0D0
10
318.6
20
-1219.2
0
VERTEX
8
L0D0
10
776.2
20
-1219.2
0
VERTEX
8
L0D0
10
776.2
20
-1220.4
0
VERTEX
8
L0D0
10
318.6
20
-1220.4
0
VERTEX
8
L0D0
10
318.6
20
-1224
0
VERTEX
8
L0D0
10
776.2
20
-1224
0
VERTEX
8
L0D0
10
776.2
20
-1225.2
0
VERTEX
8
L0D0
10
318.6
20
-1225.2
0
VERTEX
8
L0D0
10
318.6
20
-1228.8
0
VERTEX
8
L0D0
10
776.2
20
-1228.8
0
VERTEX
8
L0D0
10
776.2
20
-1230
0
VERTEX
8
L0D0
10
318.6
20
-1230
0
VERTEX
8
L0D0
10
318.6
20
-1233.6
0
VERTEX
8
L0D0
10
776.2
20
-1233.6
0
VERTEX
8
L0D0
10
776.2
20
-1234.8
0
VERTEX
8
L0D0
10
318.6
20
-1234.8
0
VERTEX
8
L0D0
10
318.6
20
-1238.4
0
VERTEX
8
L0D0
10
776.2
20
-1238.4
0
VERTEX
8
L0D0
10
776.2
20
-1239.6
0
VERTEX
8
L0D0
10
318.6
20
-1239.6
0
VERTEX
8
L0D0
10
318.6
20
-1243.2
0
VERTEX
8
L0D0
10
776.2
20
-1243.2
0
VERTEX
8
L0D0
10
776.2
20
-1244.4
0
VERTEX
8
L0D0
10
318.6
20
-1244.4
0
VERTEX
8
L0D0
10
318.6
20
-1248
0
VERTEX
8
L0D0
10
776.2
20
-1248
0
VERTEX
8
L0D0
10
776.2
20
-1249.2
0
VERTEX
8
L0D0
10
318.6
20
-1249.2
0
VERTEX
8
L0D0
10
318.6
20
-1252.8
0
VERTEX
8
L0D0
10
776.2
20
-1252.8
0
VERTEX
8
L0D0
10
776.2
20
-1254
0
VERTEX
8
L0D0
10
318.6
20
-1254
0
VERTEX
8
L0D0
10
318.6
20
-1257.6
0
VERTEX
8
L0D0
10
776.2
20
-1257.6
0
VERTEX
8
L0D0
10
776.2
20
-1258.8
0
VERTEX
8
L0D0
10
318.6
20
-1258.8
0
VERTEX
8
L0D0
10
318.6
20
-1262.4
0
VERTEX
8
L0D0
10
776.2
20
-1262.4
0
VERTEX
8
L0D0
10
776.2
20
-1263.6
0
VERTEX
8
L0D0
10
318.6
20
-1263.6
0
VERTEX
8
L0D0
10
318.6
20
-1267.2
0
VERTEX
8
L0D0
10
776.2
20
-1267.2
0
VERTEX
8
L0D0
10
776.2
20
-1268.4
0
VERTEX
8
L0D0
10
318.6
20
-1268.4
0
VERTEX
8
L0D0
10
318.6
20
-1272
0
VERTEX
8
L0D0
10
776.2
20
-1272
0
VERTEX
8
L0D0
10
776.2
20
-1273.2
0
VERTEX
8
L0D0
10
318.6
20
-1273.2
0
VERTEX
8
L0D0
10
318.6
20
-1276.8
0
VERTEX
8
L0D0
10
776.2
20
-1276.8
0
VERTEX
8
L0D0
10
776.2
20
-1278
0
VERTEX
8
L0D0
10
318.6
20
-1278
0
VERTEX
8
L0D0
10
318.6
20
-1281.6
0
VERTEX
8
L0D0
10
776.2
20
-1281.6
0
VERTEX
8
L0D0
10
776.2
20
-1282.8
0
VERTEX
8
L0D0
10
318.6
20
-1282.8
0
VERTEX
8
L0D0
10
318.6
20
-1286.4
0
VERTEX
8
L0D0
10
776.2
20
-1286.4
0
VERTEX
8
L0D0
10
776.2
20
-1287.6
0
VERTEX
8
L0D0
10
318.6
20
-1287.6
0
VERTEX
8
L0D0
10
318.6
20
-1291.2
0
VERTEX
8
L0D0
10
776.2
20
-1291.2
0
VERTEX
8
L0D0
10
776.2
20
-1292.4
0
VERTEX
8
L0D0
10
318.6
20
-1292.4
0
VERTEX
8
L0D0
10
318.6
20
-1296
0
VERTEX
8
L0D0
10
776.2
20
-1296
0
VERTEX
8
L0D0
10
776.2
20
-1297.2
0
VERTEX
8
L0D0
10
318.6
20
-1297.2
0
VERTEX
8
L0D0
10
318.6
20
-1300.8
0
VERTEX
8
L0D0
10
776.2
20
-1300.8
0
VERTEX
8
L0D0
10
776.2
20
-1302
0
VERTEX
8
L0D0
10
318.6
20
-1302
0
VERTEX
8
L0D0
10
318.6
20
-1305.6
0
VERTEX
8
L0D0
10
776.2
20
-1305.6
0
VERTEX
8
L0D0
10
776.2
20
-1306.8
0
VERTEX
8
L0D0
10
318.6
20
-1306.8
0
VERTEX
8
L0D0
10
318.6
20
-1310.4
0
VERTEX
8
L0D0
10
776.2
20
-1310.4
0
VERTEX
8
L0D0
10
776.2
20
-1311.6
0
VERTEX
8
L0D0
10
318.6
20
-1311.6
0
VERTEX
8
L0D0
10
318.6
20
-1315.2
0
VERTEX
8
L0D0
10
776.2
20
-1315.2
0
VERTEX
8
L0D0
10
776.2
20
-1316.4
0
VERTEX
8
L0D0
10
318.6
20
-1316.4
0
VERTEX
8
L0D0
10
318.6
20
-1320
0
VERTEX
8
L0D0
10
776.2
20
-1320
0
VERTEX
8
L0D0
10
776.2
20
-1321.2
0
VERTEX
8
L0D0
10
318.6
20
-1321.2
0
VERTEX
8
L0D0
10
318.6
20
-1324.8
0
VERTEX
8
L0D0
10
776.2
20
-1324.8
0
VERTEX
8
L0D0
10
776.2
20
-1326
0
VERTEX
8
L0D0
10
318.6
20
-1326
0
VERTEX
8
L0D0
10
318.6
20
-1329.6
0
VERTEX
8
L0D0
10
776.2
20
-1329.6
0
VERTEX
8
L0D0
10
776.2
20
-1330.8
0
VERTEX
8
L0D0
10
318.6
20
-1330.8
0
VERTEX
8
L0D0
10
318.6
20
-1334.4
0
VERTEX
8
L0D0
10
776.2
20
-1334.4
0
VERTEX
8
L0D0
10
776.2
20
-1335.6
0
VERTEX
8
L0D0
10
318.6
20
-1335.6
0
VERTEX
8
L0D0
10
318.6
20
-1339.2
0
VERTEX
8
L0D0
10
776.2
20
-1339.2
0
VERTEX
8
L0D0
10
776.2
20
-1340.4
0
VERTEX
8
L0D0
10
318.6
20
-1340.4
0
VERTEX
8
L0D0
10
318.6
20
-1344
0
VERTEX
8
L0D0
10
776.2
20
-1344
0
VERTEX
8
L0D0
10
776.2
20
-1345.2
0
VERTEX
8
L0D0
10
318.6
20
-1345.2
0
VERTEX
8
L0D0
10
318.6
20
-1348.8
0
VERTEX
8
L0D0
10
776.2
20
-1348.8
0
VERTEX
8
L0D0
10
776.2
20
-1350
0
VERTEX
8
L0D0
10
318.6
20
-1350
0
VERTEX
8
L0D0
10
318.6
20
-1353.6
0
VERTEX
8
L0D0
10
776.2
20
-1353.6
0
VERTEX
8
L0D0
10
776.2
20
-1354.8
0
VERTEX
8
L0D0
10
318.6
20
-1354.8
0
VERTEX
8
L0D0
10
318.6
20
-1358.4
0
VERTEX
8
L0D0
10
776.2
20
-1358.4
0
VERTEX
8
L0D0
10
776.2
20
-1359.6
0
VERTEX
8
L0D0
10
318.6
20
-1359.6
0
VERTEX
8
L0D0
10
318.6
20
-1363.2
0
VERTEX
8
L0D0
10
776.2
20
-1363.2
0
VERTEX
8
L0D0
10
776.2
20
-1364.4
0
VERTEX
8
L0D0
10
318.6
20
-1364.4
0
VERTEX
8
L0D0
10
318.6
20
-1368
0
VERTEX
8
L0D0
10
316.8
20
-1368
0
VERTEX
8
L0D0
10
316.8
20
-1171.2
0
VERTEX
8
L0D0
10
318
20
-1171.2
0
VERTEX
8
L0D0
10
318
20
-1168.8
0
VERTEX
8
L0D0
10
546.2
20
-1168.8
0
VERTEX
8
L0D0
10
546.2
20
-1167.6
0
VERTEX
8
L0D0
10
318
20
-1167.6
0
VERTEX
8
L0D0
10
318
20
-1164
0
VERTEX
8
L0D0
10
546.2
20
-1164
0
VERTEX
8
L0D0
10
546.2
20
-1162.8
0
VERTEX
8
L0D0
10
318
20
-1162.8
0
VERTEX
8
L0D0
10
318
20
-1159.2
0
VERTEX
8
L0D0
10
546.2
20
-1159.2
0
VERTEX
8
L0D0
10
546.2
20
-1158
0
VERTEX
8
L0D0
10
318
20
-1158
0
VERTEX
8
L0D0
10
318
20
-1154.4
0
VERTEX
8
L0D0
10
546.2
20
-1154.4
0
VERTEX
8
L0D0
10
546.2
20
-1153.2
0
VERTEX
8
L0D0
10
318
20
-1153.2
0
VERTEX
8
L0D0
10
318
20
-1149.6
0
VERTEX
8
L0D0
10
546.2
20
-1149.6
0
VERTEX
8
L0D0
10
546.2
20
-1148.4
0
VERTEX
8
L0D0
10
318
20
-1148.4
0
VERTEX
8
L0D0
10
318
20
-1144.8
0
VERTEX
8
L0D0
10
546.2
20
-1144.8
0
VERTEX
8
L0D0
10
546.2
20
-1143.6
0
VERTEX
8
L0D0
10
318
20
-1143.6
0
VERTEX
8
L0D0
10
318
20
-1140
0
VERTEX
8
L0D0
10
546.2
20
-1140
0
VERTEX
8
L0D0
10
546.2
20
-1138.8
0
VERTEX
8
L0D0
10
318
20
-1138.8
0
VERTEX
8
L0D0
10
318
20
-1135.2
0
VERTEX
8
L0D0
10
546.2
20
-1135.2
0
VERTEX
8
L0D0
10
546.2
20
-1134
0
VERTEX
8
L0D0
10
318
20
-1134
0
VERTEX
8
L0D0
10
318
20
-1130.4
0
VERTEX
8
L0D0
10
546.2
20
-1130.4
0
VERTEX
8
L0D0
10
546.2
20
-1129.2
0
VERTEX
8
L0D0
10
318
20
-1129.2
0
VERTEX
8
L0D0
10
318
20
-1125.6
0
VERTEX
8
L0D0
10
546.2
20
-1125.6
0
VERTEX
8
L0D0
10
546.2
20
-1124.4
0
VERTEX
8
L0D0
10
318
20
-1124.4
0
VERTEX
8
L0D0
10
318
20
-1120.8
0
VERTEX
8
L0D0
10
546.2
20
-1120.8
0
VERTEX
8
L0D0
10
546.2
20
-1119.6
0
VERTEX
8
L0D0
10
318
20
-1119.6
0
VERTEX
8
L0D0
10
318
20
-1116
0
VERTEX
8
L0D0
10
546.2
20
-1116
0
VERTEX
8
L0D0
10
546.2
20
-1114.8
0
VERTEX
8
L0D0
10
318
20
-1114.8
0
VERTEX
8
L0D0
10
318
20
-1111.2
0
VERTEX
8
L0D0
10
546.2
20
-1111.2
0
VERTEX
8
L0D0
10
546.2
20
-1110
0
VERTEX
8
L0D0
10
318
20
-1110
0
VERTEX
8
L0D0
10
318
20
-1106.4
0
VERTEX
8
L0D0
10
546.2
20
-1106.4
0
VERTEX
8
L0D0
10
546.2
20
-1105.2
0
VERTEX
8
L0D0
10
318
20
-1105.2
0
VERTEX
8
L0D0
10
318
20
-1101.6
0
VERTEX
8
L0D0
10
546.2
20
-1101.6
0
VERTEX
8
L0D0
10
546.2
20
-1100.4
0
VERTEX
8
L0D0
10
318
20
-1100.4
0
VERTEX
8
L0D0
10
318
20
-1096.8
0
VERTEX
8
L0D0
10
546.2
20
-1096.8
0
VERTEX
8
L0D0
10
546.2
20
-1095.6
0
VERTEX
8
L0D0
10
318
20
-1095.6
0
VERTEX
8
L0D0
10
318
20
-1092
0
VERTEX
8
L0D0
10
546.2
20
-1092
0
VERTEX
8
L0D0
10
546.2
20
-1090.8
0
VERTEX
8
L0D0
10
318
20
-1090.8
0
VERTEX
8
L0D0
10
318
20
-1087.2
0
VERTEX
8
L0D0
10
546.2
20
-1087.2
0
VERTEX
8
L0D0
10
546.2
20
-1086
0
VERTEX
8
L0D0
10
318
20
-1086
0
VERTEX
8
L0D0
10
318
20
-1082.4
0
VERTEX
8
L0D0
10
546.2
20
-1082.4
0
VERTEX
8
L0D0
10
546.2
20
-1081.2
0
VERTEX
8
L0D0
10
318
20
-1081.2
0
VERTEX
8
L0D0
10
318
20
-1077.6
0
VERTEX
8
L0D0
10
546.2
20
-1077.6
0
VERTEX
8
L0D0
10
546.2
20
-1076.4
0
VERTEX
8
L0D0
10
318
20
-1076.4
0
VERTEX
8
L0D0
10
318
20
-1072.8
0
VERTEX
8
L0D0
10
546.2
20
-1072.8
0
VERTEX
8
L0D0
10
546.2
20
-1071.6
0
VERTEX
8
L0D0
10
318
20
-1071.6
0
VERTEX
8
L0D0
10
318
20
-1068
0
VERTEX
8
L0D0
10
546.2
20
-1068
0
VERTEX
8
L0D0
10
546.2
20
-1066.8
0
VERTEX
8
L0D0
10
318
20
-1066.8
0
VERTEX
8
L0D0
10
318
20
-1063.2
0
VERTEX
8
L0D0
10
546.2
20
-1063.2
0
VERTEX
8
L0D0
10
546.2
20
-1062
0
VERTEX
8
L0D0
10
318
20
-1062
0
VERTEX
8
L0D0
10
318
20
-1058.4
0
VERTEX
8
L0D0
10
546.2
20
-1058.4
0
VERTEX
8
L0D0
10
546.2
20
-1057.2
0
VERTEX
8
L0D0
10
318
20
-1057.2
0
VERTEX
8
L0D0
10
318
20
-1053.6
0
VERTEX
8
L0D0
10
546.2
20
-1053.6
0
VERTEX
8
L0D0
10
546.2
20
-1052.4
0
VERTEX
8
L0D0
10
318
20
-1052.4
0
VERTEX
8
L0D0
10
318
20
-1048.8
0
VERTEX
8
L0D0
10
546.2
20
-1048.8
0
VERTEX
8
L0D0
10
546.2
20
-1047.6
0
VERTEX
8
L0D0
10
318
20
-1047.6
0
VERTEX
8
L0D0
10
318
20
-1044
0
VERTEX
8
L0D0
10
546.2
20
-1044
0
VERTEX
8
L0D0
10
546.2
20
-1042.8
0
VERTEX
8
L0D0
10
318
20
-1042.8
0
VERTEX
8
L0D0
10
318
20
-1039.2
0
VERTEX
8
L0D0
10
546.2
20
-1039.2
0
VERTEX
8
L0D0
10
546.2
20
-1038
0
VERTEX
8
L0D0
10
318
20
-1038
0
VERTEX
8
L0D0
10
318
20
-1034.4
0
VERTEX
8
L0D0
10
546.2
20
-1034.4
0
VERTEX
8
L0D0
10
546.2
20
-1033.2
0
VERTEX
8
L0D0
10
318
20
-1033.2
0
VERTEX
8
L0D0
10
318
20
-1029.6
0
VERTEX
8
L0D0
10
546.2
20
-1029.6
0
VERTEX
8
L0D0
10
546.2
20
-1028.4
0
VERTEX
8
L0D0
10
318
20
-1028.4
0
VERTEX
8
L0D0
10
318
20
-1024.8
0
VERTEX
8
L0D0
10
546.2
20
-1024.8
0
VERTEX
8
L0D0
10
546.2
20
-1023.6
0
VERTEX
8
L0D0
10
318
20
-1023.6
0
VERTEX
8
L0D0
10
318
20
-1020
0
VERTEX
8
L0D0
10
546.6
20
-1020
0
VERTEX
8
L0D0
10
546.6
20
-320
0
VERTEX
8
L0D0
10
543.4
20
-320
0
VERTEX
8
L0D0
10
543.4
20
-305
0
VERTEX
8
L0D0
10
529
20
-305
0
VERTEX
8
L0D0
10
529
20
-213
0
VERTEX
8
L0D0
10
528.96
20
-209.784
0
VERTEX
8
L0D0
10
528.84
20
-206.57
0
VERTEX
8
L0D0
10
528.639
20
-203.36
0
VERTEX
8
L0D0
10
528.359
20
-200.156
0
VERTEX
8
L0D0
10
527.999
20
-196.96
0
VERTEX
8
L0D0
10
527.559
20
-193.774
0
VERTEX
8
L0D0
10
527.04
20
-190.599
0
VERTEX
8
L0D0
10
526.442
20
-187.439
0
VERTEX
8
L0D0
10
525.766
20
-184.295
0
VERTEX
8
L0D0
10
525.011
20
-181.168
0
VERTEX
8
L0D0
10
524.179
20
-178.062
0
VERTEX
8
L0D0
10
523.269
20
-174.977
0
VERTEX
8
L0D0
10
522.283
20
-171.915
0
VERTEX
8
L0D0
10
521.22
20
-168.879
0
VERTEX
8
L0D0
10
520.083
20
-165.871
0
VERTEX
8
L0D0
10
518.87
20
-162.892
0
VERTEX
8
L0D0
10
517.584
20
-159.944
0
VERTEX
8
L0D0
10
516.225
20
-157.029
0
VERTEX
8
L0D0
10
514.793
20
-154.149
0
VERTEX
8
L0D0
10
513.291
20
-151.305
0
VERTEX
8
L0D0
10
511.717
20
-148.5
0
VERTEX
8
L0D0
10
510.075
20
-145.735
0
VERTEX
8
L0D0
10
508.363
20
-143.012
0
VERTEX
8
L0D0
10
506.585
20
-140.332
0
VERTEX
8
L0D0
10
504.74
20
-137.697
0
VERTEX
8
L0D0
10
502.83
20
-135.109
0
VERTEX
8
L0D0
10
500.856
20
-132.57
0
VERTEX
8
L0D0
10
498.82
20
-130.08
0
VERTEX
8
L0D0
10
496.722
20
-127.643
0
VERTEX
8
L0D0
10
494.564
20
-125.258
0
VERTEX
8
L0D0
10
492.347
20
-122.927
0
VERTEX
8
L0D0
10
490.073
20
-120.653
0
VERTEX
8
L0D0
10
487.742
20
-118.436
0
VERTEX
8
L0D0
10
485.357
20
-116.278
0
VERTEX
8
L0D0
10
482.92
20
-114.18
0
VERTEX
8
L0D0
10
480.43
20
-112.144
0
VERTEX
8
L0D0
10
477.891
20
-110.17
0
VERTEX
8
L0D0
10
475.303
20
-108.26
0
VERTEX
8
L0D0
10
472.668
20
-106.415
0
VERTEX
8
L0D0
10
469.988
20
-104.637
0
VERTEX
8
L0D0
10
467.265
20
-102.925
0
VERTEX
8
L0D0
10
464.5
20
-101.283
0
VERTEX
8
L0D0
10
461.695
20
-99.709
0
VERTEX
8
L0D0
10
458.851
20
-98.207
0
VERTEX
8
L0D0
10
455.971
20
-96.775
0
VERTEX
8
L0D0
10
453.056
20
-95.416
0
VERTEX
8
L0D0
10
450.108
20
-94.13
0
VERTEX
8
L0D0
10
447.129
20
-92.917
0
VERTEX
8
L0D0
10
444.121
20
-91.78
0
VERTEX
8
L0D0
10
441.085
20
-90.717
0
VERTEX
8
L0D0
10
438.023
20
-89.731
0
VERTEX
8
L0D0
10
434.938
20
-88.821
0
VERTEX
8
L0D0
10
431.832
20
-87.989
0
VERTEX
8
L0D0
10
428.705
20
-87.234
0
VERTEX
8
L0D0
10
425.561
20
-86.558
0
VERTEX
8
L0D0
10
422.401
20
-85.96
0
VERTEX
8
L0D0
10
419.226
20
-85.441
0
VERTEX
8
L0D0
10
416.04
20
-85.001
0
VERTEX
8
L0D0
10
412.844
20
-84.641
0
VERTEX
8
L0D0
10
409.64
20
-84.361
0
VERTEX
8
L0D0
10
406.43
20
-84.16
0
VERTEX
8
L0D0
10
403.216
20
-84.04
0
VERTEX
8
L0D0
10
400
20
-84
0
VERTEX
8
L0D0
10
200
20
-84
0
VERTEX
8
L0D0
10
196.784
20
-84.04
0
VERTEX
8
L0D0
10
193.57
20
-84.16
0
VERTEX
8
L0D0
10
190.36
20
-84.361
0
VERTEX
8
L0D0
10
187.156
20
-84.641
0
VERTEX
8
L0D0
10
183.96
20
-85.001
0
VERTEX
8
L0D0
10
180.774
20
-85.441
0
VERTEX
8
L0D0
10
177.599
20
-85.96
0
VERTEX
8
L0D0
10
174.439
20
-86.558
0
VERTEX
8
L0D0
10
171.295
20
-87.234
0
VERTEX
8
L0D0
10
168.168
20
-87.989
0
VERTEX
8
L0D0
10
165.062
20
-88.821
0
VERTEX
8
L0D0
10
161.977
20
-89.731
0
VERTEX
8
L0D0
10
158.915
20
-90.717
0
VERTEX
8
L0D0
10
155.879
20
-91.78
0
VERTEX
8
L0D0
10
152.871
20
-92.917
0
VERTEX
8
L0D0
10
149.892
20
-94.13
0
VERTEX
8
L0D0
10
146.944
20
-95.416
0
VERTEX
8
L0D0
10
144.029
20
-96.775
0
VERTEX
8
L0D0
10
141.149
20
-98.207
0
VERTEX
8
L0D0
10
138.305
20
-99.709
0
VERTEX
8
L0D0
10
135.5
20
-101.283
0
VERTEX
8
L0D0
10
132.735
20
-102.925
0
VERTEX
8
L0D0
10
130.012
20
-104.637
0
VERTEX
8
L0D0
10
127.332
20
-106.415
0
VERTEX
8
L0D0
10
124.697
20
-108.26
0
VERTEX
8
L0D0
10
122.109
20
-110.17
0
VERTEX
8
L0D0
10
119.57
20
-112.144
0
VERTEX
8
L0D0
10
117.08
20
-114.18
0
VERTEX
8
L0D0
10
114.643
20
-116.278
0
VERTEX
8
L0D0
10
112.258
20
-118.436
0
VERTEX
8
L0D0
10
109.927
20
-120.653
0
VERTEX
8
L0D0
10
107.653
20
-122.927
0
VERTEX
8
L0D0
10
105.436
20
-125.258
0
VERTEX
8
L0D0
10
103.278
20
-127.643
0
VERTEX
8
L0D0
10
101.18
20
-130.08
0
VERTEX
8
L0D0
10
99.144
20
-132.57
0
VERTEX
8
L0D0
10
97.17
20
-135.109
0
VERTEX
8
L0D0
10
95.26
20
-137.697
0
VERTEX
8
L0D0
10
93.415
20
-140.332
0
VERTEX
8
L0D0
10
91.637
20
-143.012
0
VERTEX
8
L0D0
10
89.925
20
-145.735
0
VERTEX
8
L0D0
10
88.283
20
-148.5
0
VERTEX
8
L0D0
10
86.709
20
-151.305
0
VERTEX
8
L0D0
10
85.207
20
-154.149
0
VERTEX
8
L0D0
10
83.775
20
-157.029
0
VERTEX
8
L0D0
10
82.416
20
-159.944
0
VERTEX
8
L0D0
10
81.13
20
-162.892
0
VERTEX
8
L0D0
10
79.917
20
-165.871
0
VERTEX
8
L0D0
10
78.78
20
-168.879
0
VERTEX
8
L0D0
10
77.717
20
-171.915
0
VERTEX
8
L0D0
10
76.731
20
-174.977
0
VERTEX
8
L0D0
10
75.821
20
-178.062
0
VERTEX
8
L0D0
10
74.989
20
-181.168
0
VERTEX
8
L0D0
10
74.234
20
-184.295
0
VERTEX
8
L0D0
10
73.558
20
-187.439
0
VERTEX
8
L0D0
10
72.96
20
-190.599
0
VERTEX
8
L0D0
10
72.441
20
-193.774
0
VERTEX
8
L0D0
10
72.001
20
-196.96
0
VERTEX
8
L0D0
10
71.641
20
-200.156
0
VERTEX
8
L0D0
10
71.361
20
-203.36
0
VERTEX
8
L0D0
10
71.16
20
-206.57
0
VERTEX
8
L0D0
10
71.04
20
-209.784
0
VERTEX
8
L0D0
10
71
20
-213
0
VERTEX
8
L0D0
10
71
20
-1400
0
VERTEX
8
L0D0
10
59
20
-1400
0
VERTEX
8
L0D0
10
59
20
-213
0
VERTEX
8
L0D0
10
59.04
20
-209.645
0
VERTEX
8
L0D0
10
59.16
20
-206.291
0
VERTEX
8
L0D0
10
59.359
20
-202.941
0
VERTEX
8
L0D0
10
59.638
20
-199.597
0
VERTEX
8
L0D0
10
59.997
20
-196.261
0
VERTEX
8
L0D0
10
60.435
20
-192.934
0
VERTEX
8
L0D0
10
60.952
20
-189.618
0
VERTEX
8
L0D0
10
61.548
20
-186.316
0
VERTEX
8
L0D0
10
62.222
20
-183.028
0
VERTEX
8
L0D0
10
62.975
20
-179.758
0
VERTEX
8
L0D0
10
63.804
20
-176.507
0
VERTEX
8
L0D0
10
64.711
20
-173.276
0
VERTEX
8
L0D0
10
65.695
20
-170.067
0
VERTEX
8
L0D0
10
66.755
20
-166.883
0
VERTEX
8
L0D0
10
67.89
20
-163.726
0
VERTEX
8
L0D0
10
69.1
20
-160.596
0
VERTEX
8
L0D0
10
70.384
20
-157.495
0
VERTEX
8
L0D0
10
71.742
20
-154.426
0
VERTEX
8
L0D0
10
73.172
20
-151.391
0
VERTEX
8
L0D0
10
74.674
20
-148.39
0
VERTEX
8
L0D0
10
76.247
20
-145.426
0
VERTEX
8
L0D0
10
77.89
20
-142.5
0
VERTEX
8
L0D0
10
79.603
20
-139.614
0
VERTEX
8
L0D0
10
81.383
20
-136.77
0
VERTEX
8
L0D0
10
83.231
20
-133.968
0
VERTEX
8
L0D0
10
85.145
20
-131.212
0
VERTEX
8
L0D0
10
87.124
20
-128.502
0
VERTEX
8
L0D0
10
89.167
20
-125.84
0
VERTEX
8
L0D0
10
91.272
20
-123.227
0
VERTEX
8
L0D0
10
93.439
20
-120.665
0
VERTEX
8
L0D0
10
95.667
20
-118.155
0
VERTEX
8
L0D0
10
97.954
20
-115.699
0
VERTEX
8
L0D0
10
100.298
20
-113.298
0
VERTEX
8
L0D0
10
102.699
20
-110.954
0
VERTEX
8
L0D0
10
105.155
20
-108.667
0
VERTEX
8
L0D0
10
107.665
20
-106.439
0
VERTEX
8
L0D0
10
110.227
20
-104.272
0
VERTEX
8
L0D0
10
112.84
20
-102.167
0
VERTEX
8
L0D0
10
115.502
20
-100.124
0
VERTEX
8
L0D0
10
118.212
20
-98.145
0
VERTEX
8
L0D0
10
120.968
20
-96.231
0
VERTEX
8
L0D0
10
123.77
20
-94.383
0
VERTEX
8
L0D0
10
126.614
20
-92.603
0
VERTEX
8
L0D0
10
129.5
20
-90.89
0
VERTEX
8
L0D0
10
132.426
20
-89.247
0
VERTEX
8
L0D0
10
135.39
20
-87.674
0
VERTEX
8
L0D0
10
138.391
20
-86.172
0
VERTEX
8
L0D0
10
141.426
20
-84.742
0
VERTEX
8
L0D0
10
144.495
20
-83.384
0
VERTEX
8
L0D0
10
147.596
20
-82.1
0
VERTEX
8
L0D0
10
150.726
20
-80.89
0
VERTEX
8
L0D0
10
153.883
20
-79.755
0
VERTEX
8
L0D0
10
157.067
20
-78.695
0
VERTEX
8
L0D0
10
160.276
20
-77.711
0
VERTEX
8
L0D0
10
163.507
20
-76.804
0
VERTEX
8
L0D0
10
166.758
20
-75.975
0
VERTEX
8
L0D0
10
170.028
20
-75.222
0
VERTEX
8
L0D0
10
173.316
20
-74.548
0
VERTEX
8
L0D0
10
176.618
20
-73.952
0
VERTEX
8
L0D0
10
179.934
20
-73.435
0
VERTEX
8
L0D0
10
183.261
20
-72.997
0
VERTEX
8
L0D0
10
186.597
20
-72.638
0
VERTEX
8
L0D0
10
189.941
20
-72.359
0
VERTEX
8
L0D0
10
193.291
20
-72.16
0
VERTEX
8
L0D0
10
196.645
20
-72.04
0
VERTEX
8
L0D0
10
200
20
-72
0
VERTEX
8
L0D0
10
400
20
-72
0
VERTEX
8
L0D0
10
403.355
20
-72.04
0
VERTEX
8
L0D0
10
406.709
20
-72.16
0
VERTEX
8
L0D0
10
410.059
20
-72.359
0
VERTEX
8
L0D0
10
413.403
20
-72.638
0
VERTEX
8
L0D0
10
416.739
20
-72.997
0
VERTEX
8
L0D0
10
420.066
20
-73.435
0
VERTEX
8
L0D0
10
423.382
20
-73.952
0
VERTEX
8
L0D0
10
426.684
20
-74.548
0
VERTEX
8
L0D0
10
429.972
20
-75.222
0
VERTEX
8
L0D0
10
433.242
20
-75.975
0
VERTEX
8
L0D0
10
436.493
20
-76.804
0
VERTEX
8
L0D0
10
439.724
20
-77.711
0
VERTEX
8
L0D0
10
442.933
20
-78.695
0
VERTEX
8
L0D0
10
446.117
20
-79.755
0
VERTEX
8
L0D0
10
449.274
20
-80.89
0
VERTEX
8
L0D0
10
452.404
20
-82.1
0
VERTEX
8
L0D0
10
455.505
20
-83.384
0
VERTEX
8
L0D0
10
458.574
20
-84.742
0
VERTEX
8
L0D0
10
461.609
20
-86.172
0
VERTEX
8
L0D0
10
464.61
20
-87.674
0
VERTEX
8
L0D0
10
467.574
20
-89.247
0
VERTEX
8
L0D0
10
470.5
20
-90.89
0
VERTEX
8
L0D0
10
473.386
20
-92.603
0
VERTEX
8
L0D0
10
476.23
20
-94.383
0
VERTEX
8
L0D0
10
479.032
20
-96.231
0
VERTEX
8
L0D0
10
481.788
20
-98.145
0
VERTEX
8
L0D0
10
484.498
20
-100.124
0
VERTEX
8
L0D0
10
487.16
20
-102.167
0
VERTEX
8
L0D0
10
489.773
20
-104.272
0
VERTEX
8
L0D0
10
492.335
20
-106.439
0
VERTEX
8
L0D0
10
494.845
20
-108.667
0
VERTEX
8
L0D0
10
497.301
20
-110.954
0
VERTEX
8
L0D0
10
499.702
20
-113.298
0
VERTEX
8
L0D0
10
502.046
20
-115.699
0
VERTEX
8
L0D0
10
504.333
20
-118.155
0
VERTEX
8
L0D0
10
506.561
20
-120.665
0
VERTEX
8
L0D0
10
508.728
20
-123.227
0
VERTEX
8
L0D0
10
510.833
20
-125.84
0
VERTEX
8
L0D0
10
512.876
20
-128.502
0
VERTEX
8
L0D0
10
514.855
20
-131.212
0
VERTEX
8
L0D0
10
516.769
20
-133.968
0
VERTEX
8
L0D0
10
518.617
20
-136.77
0
VERTEX
8
L0D0
10
520.397
20
-139.614
0
VERTEX
8
L0D0
10
522.11
20
-142.5
0
VERTEX
8
L0D0
10
523.753
20
-145.426
0
VERTEX
8
L0D0
10
525.326
20
-148.39
0
VERTEX
8
L0D0
10
526.828
20
-151.391
0
VERTEX
8
L0D0
10
528.258
20
-154.426
0
VERTEX
8
L0D0
10
529.616
20
-157.495
0
VERTEX
8
L0D0
10
530.9
20
-160.596
0
VERTEX
8
L0D0
10
532.11
20
-163.726
0
VERTEX
8
L0D0
10
533.245
20
-166.883
0
VERTEX
8
L0D0
10
534.305
20
-170.067
0
VERTEX
8
L0D0
10
535.289
20
-173.276
0
VERTEX
8
L0D0
10
536.196
20
-176.507
0
VERTEX
8
L0D0
10
537.025
20
-179.758
0
VERTEX
8
L0D0
10
537.778
20
-183.028
0
VERTEX
8
L0D0
10
538.452
20
-186.316
0
VERTEX
8
L0D0
10
539.048
20
-189.618
0
VERTEX
8
L0D0
10
539.565
20
-192.934
0
VERTEX
8
L0D0
10
540.003
20
-196.261
0
VERTEX
8
L0D0
10
540.362
20
-199.597
0
VERTEX
8
L0D0
10
540.641
20
-202.941
0
VERTEX
8
L0D0
10
540.84
20
-206.291
0
VERTEX
8
L0D0
10
540.96
20
-209.645
0
VERTEX
8
L0D0
10
541
20
-213
0
VERTEX
8
L0D0
10
541
20
-297
0
VERTEX
8
L0D0
10
559
20
-297
0
VERTEX
8
L0D0
10
559
20
-213
0
VERTEX
8
L0D0
10
558.96
20
-209.432
0
VERTEX
8
L0D0
10
558.84
20
-205.866
0
VERTEX
8
L0D0
10
558.64
20
-202.304
0
VERTEX
8
L0D0
10
558.36
20
-198.747
0
VERTEX
8
L0D0
10
558
20
-195.198
0
VERTEX
8
L0D0
10
557.561
20
-191.657
0
VERTEX
8
L0D0
10
557.042
20
-188.127
0
VERTEX
8
L0D0
10
556.445
20
-184.609
0
VERTEX
8
L0D0
10
555.768
20
-181.106
0
VERTEX
8
L0D0
10
555.014
20
-177.619
0
VERTEX
8
L0D0
10
554.181
20
-174.15
0
VERTEX
8
L0D0
10
553.27
20
-170.7
0
VERTEX
8
L0D0
10
552.282
20
-167.272
0
VERTEX
8
L0D0
10
551.218
20
-163.866
0
VERTEX
8
L0D0
10
550.077
20
-160.486
0
VERTEX
8
L0D0
10
548.861
20
-157.131
0
VERTEX
8
L0D0
10
547.57
20
-153.805
0
VERTEX
8
L0D0
10
546.205
20
-150.509
0
VERTEX
8
L0D0
10
544.766
20
-147.244
0
VERTEX
8
L0D0
10
543.254
20
-144.012
0
VERTEX
8
L0D0
10
541.67
20
-140.816
0
VERTEX
8
L0D0
10
540.015
20
-137.655
0
VERTEX
8
L0D0
10
538.289
20
-134.532
0
VERTEX
8
L0D0
10
536.493
20
-131.449
0
VERTEX
8
L0D0
10
534.629
20
-128.407
0
VERTEX
8
L0D0
10
532.697
20
-125.407
0
VERTEX
8
L0D0
10
530.698
20
-122.452
0
VERTEX
8
L0D0
10
528.634
20
-119.542
0
VERTEX
8
L0D0
10
526.504
20
-116.679
0
VERTEX
8
L0D0
10
524.311
20
-113.865
0
VERTEX
8
L0D0
10
522.056
20
-111.101
0
VERTEX
8
L0D0
10
519.738
20
-108.388
0
VERTEX
8
L0D0
10
517.361
20
-105.727
0
VERTEX
8
L0D0
10
514.924
20
-103.121
0
VERTEX
8
L0D0
10
512.43
20
-100.57
0
VERTEX
8
L0D0
10
509.879
20
-98.076
0
VERTEX
8
L0D0
10
507.273
20
-95.639
0
VERTEX
8
L0D0
10
504.612
20
-93.262
0
VERTEX
8
L0D0
10
501.899
20
-90.944
0
VERTEX
8
L0D0
10
499.135
20
-88.689
0
VERTEX
8
L0D0
10
496.321
20
-86.496
0
VERTEX
8
L0D0
10
493.458
20
-84.366
0
VERTEX
8
L0D0
10
490.548
20
-82.302
0
VERTEX
8
L0D0
10
487.593
20
-80.303
0
VERTEX
8
L0D0
10
484.593
20
-78.371
0
VERTEX
8
L0D0
10
481.551
20
-76.507
0
VERTEX
8
L0D0
10
478.468
20
-74.711
0
VERTEX
8
L0D0
10
475.345
20
-72.985
0
VERTEX
8
L0D0
10
472.184
20
-71.33
0
VERTEX
8
L0D0
10
468.988
20
-69.746
0
VERTEX
8
L0D0
10
465.756
20
-68.234
0
VERTEX
8
L0D0
10
462.491
20
-66.795
0
VERTEX
8
L0D0
10
459.195
20
-65.43
0
VERTEX
8
L0D0
10
455.869
20
-64.139
0
VERTEX
8
L0D0
10
452.514
20
-62.923
0
VERTEX
8
L0D0
10
449.134
20
-61.782
0
VERTEX
8
L0D0
10
445.728
20
-60.718
0
VERTEX
8
L0D0
10
442.3
20
-59.73
0
VERTEX
8
L0D0
10
438.85
20
-58.819
0
VERTEX
8
L0D0
10
435.381
20
-57.986
0
VERTEX
8
L0D0
10
431.894
20
-57.232
0
VERTEX
8
L0D0
10
428.391
20
-56.555
0
VERTEX
8
L0D0
10
424.873
20
-55.958
0
VERTEX
8
L0D0
10
421.343
20
-55.439
0
VERTEX
8
L0D0
10
417.802
20
-55
0
VERTEX
8
L0D0
10
414.253
20
-54.64
0
VERTEX
8
L0D0
10
410.696
20
-54.36
0
VERTEX
8
L0D0
10
407.134
20
-54.16
0
VERTEX
8
L0D0
10
403.568
20
-54.04
0
VERTEX
8
L0D0
10
400
20
-54
0
VERTEX
8
L0D0
10
200
20
-54
0
VERTEX
8
L0D0
10
196.432
20
-54.04
0
VERTEX
8
L0D0
10
192.866
20
-54.16
0
VERTEX
8
L0D0
10
189.304
20
-54.36
0
VERTEX
8
L0D0
10
185.747
20
-54.64
0
VERTEX
8
L0D0
10
182.198
20
-55
0
VERTEX
8
L0D0
10
178.657
20
-55.439
0
VERTEX
8
L0D0
10
175.127
20
-55.958
0
VERTEX
8
L0D0
10
171.609
20
-56.555
0
VERTEX
8
L0D0
10
168.106
20
-57.232
0
VERTEX
8
L0D0
10
164.619
20
-57.986
0
VERTEX
8
L0D0
10
161.15
20
-58.819
0
VERTEX
8
L0D0
10
157.7
20
-59.73
0
VERTEX
8
L0D0
10
154.272
20
-60.718
0
VERTEX
8
L0D0
10
150.866
20
-61.782
0
VERTEX
8
L0D0
10
147.486
20
-62.923
0
VERTEX
8
L0D0
10
144.131
20
-64.139
0
VERTEX
8
L0D0
10
140.805
20
-65.43
0
VERTEX
8
L0D0
10
137.509
20
-66.795
0
VERTEX
8
L0D0
10
134.244
20
-68.234
0
VERTEX
8
L0D0
10
131.012
20
-69.746
0
VERTEX
8
L0D0
10
127.816
20
-71.33
0
VERTEX
8
L0D0
10
124.655
20
-72.985
0
VERTEX
8
L0D0
10
121.532
20
-74.711
0
VERTEX
8
L0D0
10
118.449
20
-76.507
0
VERTEX
8
L0D0
10
115.407
20
-78.371
0
VERTEX
8
L0D0
10
112.407
20
-80.303
0
VERTEX
8
L0D0
10
109.452
20
-82.302
0
VERTEX
8
L0D0
10
106.542
20
-84.366
0
VERTEX
8
L0D0
10
103.679
20
-86.496
0
VERTEX
8
L0D0
10
100.865
20
-88.689
0
VERTEX
8
L0D0
10
98.101
20
-90.944
0
VERTEX
8
L0D0
10
95.388
20
-93.262
0
VERTEX
8
L0D0
10
92.727
20
-95.639
0
VERTEX
8
L0D0
10
90.121
20
-98.076
0
VERTEX
8
L0D0
10
87.57
20
-100.57
0
VERTEX
8
L0D0
10
85.076
20
-103.121
0
VERTEX
8
L0D0
10
82.639
20
-105.727
0
VERTEX
8
L0D0
10
80.262
20
-108.388
0
VERTEX
8
L0D0
10
77.944
20
-111.101
0
VERTEX
8
L0D0
10
75.689
20
-113.865
0
VERTEX
8
L0D0
10
73.496
20
-116.679
0
VERTEX
8
L0D0
10
71.366
20
-119.542
0
VERTEX
8
L0D0
10
69.302
20
-122.452
0
VERTEX
8
L0D0
10
67.303
20
-125.407
0
VERTEX
8
L0D0
10
65.371
20
-128.407
0
VERTEX
8
L0D0
10
63.507
20
-131.449
0
VERTEX
8
L0D0
10
61.711
20
-134.532
0
VERTEX
8
L0D0
10
59.985
20
-137.655
0
VERTEX
8
L0D0
10
58.33
20
-140.816
0
VERTEX
8
L0D0
10
56.746
20
-144.012
0
VERTEX
8
L0D0
10
55.234
20
-147.244
0
VERTEX
8
L0D0
10
53.795
20
-150.509
0
VERTEX
8
L0D0
10
52.43
20
-153.805
0
VERTEX
8
L0D0
10
51.139
20
-157.131
0
VERTEX
8
L0D0
10
49.923
20
-160.486
0
VERTEX
8
L0D0
10
48.782
20
-163.866
0
VERTEX
8
L0D0
10
47.718
20
-167.272
0
VERTEX
8
L0D0
10
46.73
20
-170.7
0
VERTEX
8
L0D0
10
45.819
20
-174.15
0
VERTEX
8
L0D0
10
44.986
20
-177.619
0
VERTEX
8
L0D0
10
44.232
20
-181.106
0
VERTEX
8
L0D0
10
43.555
20
-184.609
0
VERTEX
8
L0D0
10
42.958
20
-188.127
0
VERTEX
8
L0D0
10
42.439
20
-191.657
0
VERTEX
8
L0D0
10
42
20
-195.198
0
VERTEX
8
L0D0
10
41.64
20
-198.747
0
VERTEX
8
L0D0
10
41.36
20
-202.304
0
VERTEX
8
L0D0
10
41.16
20
-205.866
0
VERTEX
8
L0D0
10
41.04
20
-209.432
0
VERTEX
8
L0D0
10
41
20
-213
0
VERTEX
8
L0D0
10
41
20
-1400
0
VERTEX
8
L0D0
10
29
20
-1400
0
VERTEX
8
L0D0
10
29
20
-213
0
VERTEX
8
L0D0
10
29.04
20
-209.321
0
VERTEX
8
L0D0
10
29.158
20
-205.643
0
VERTEX
8
L0D0
10
29.356
20
-201.969
0
VERTEX
8
L0D0
10
29.633
20
-198.3
0
VERTEX
8
L0D0
10
29.989
20
-194.638
0
VERTEX
8
L0D0
10
30.423
20
-190.984
0
VERTEX
8
L0D0
10
30.936
20
-187.341
0
VERTEX
8
L0D0
10
31.527
20
-183.709
0
VERTEX
8
L0D0
10
32.197
20
-180.091
0
VERTEX
8
L0D0
10
32.944
20
-176.488
0
VERTEX
8
L0D0
10
33.768
20
-172.902
0
VERTEX
8
L0D0
10
34.669
20
-169.335
0
VERTEX
8
L0D0
10
35.647
20
-165.787
0
VERTEX
8
L0D0
10
36.701
20
-162.262
0
VERTEX
8
L0D0
10
37.83
20
-158.76
0
VERTEX
8
L0D0
10
39.035
20
-155.284
0
VERTEX
8
L0D0
10
40.314
20
-151.834
0
VERTEX
8
L0D0
10
41.667
20
-148.412
0
VERTEX
8
L0D0
10
43.093
20
-145.02
0
VERTEX
8
L0D0
10
44.592
20
-141.66
0
VERTEX
8
L0D0
10
46.163
20
-138.333
0
VERTEX
8
L0D0
10
47.805
20
-135.04
0
VERTEX
8
L0D0
10
49.518
20
-131.783
0
VERTEX
8
L0D0
10
51.3
20
-128.564
0
VERTEX
8
L0D0
10
53.151
20
-125.384
0
VERTEX
8
L0D0
10
55.071
20
-122.245
0
VERTEX
8
L0D0
10
57.057
20
-119.148
0
VERTEX
8
L0D0
10
59.109
20
-116.094
0
VERTEX
8
L0D0
10
61.227
20
-113.085
0
VERTEX
8
L0D0
10
63.409
20
-110.122
0
VERTEX
8
L0D0
10
65.654
20
-107.207
0
VERTEX
8
L0D0
10
67.961
20
-104.341
0
VERTEX
8
L0D0
10
70.33
20
-101.525
0
VERTEX
8
L0D0
10
72.758
20
-98.761
0
VERTEX
8
L0D0
10
75.246
20
-96.05
0
VERTEX
8
L0D0
10
77.791
20
-93.393
0
VERTEX
8
L0D0
10
80.393
20
-90.791
0
VERTEX
8
L0D0
10
83.05
20
-88.246
0
VERTEX
8
L0D0
10
85.761
20
-85.758
0
VERTEX
8
L0D0
10
88.525
20
-83.33
0
VERTEX
8
L0D0
10
91.341
20
-80.961
0
VERTEX
8
L0D0
10
94.207
20
-78.654
0
VERTEX
8
L0D0
10
97.122
20
-76.409
0
VERTEX
8
L0D0
10
100.085
20
-74.227
0
VERTEX
8
L0D0
10
103.094
20
-72.109
0
VERTEX
8
L0D0
10
106.148
20
-70.057
0
VERTEX
8
L0D0
10
109.245
20
-68.071
0
VERTEX
8
L0D0
10
112.384
20
-66.151
0
VERTEX
8
L0D0
10
115.564
20
-64.3
0
VERTEX
8
L0D0
10
118.783
20
-62.518
0
VERTEX
8
L0D0
10
122.04
20
-60.805
0
VERTEX
8
L0D0
10
125.333
20
-59.163
0
VERTEX
8
L0D0
10
128.66
20
-57.592
0
VERTEX
8
L0D0
10
132.02
20
-56.093
0
VERTEX
8
L0D0
10
135.412
20
-54.667
0
VERTEX
8
L0D0
10
138.834
20
-53.314
0
VERTEX
8
L0D0
10
142.284
20
-52.035
0
VERTEX
8
L0D0
10
145.76
20
-50.83
0
VERTEX
8
L0D0
10
149.262
20
-49.701
0
VERTEX
8
L0D0
10
152.787
20
-48.647
0
VERTEX
8
L0D0
10
156.335
20
-47.669
0
VERTEX
8
L0D0
10
159.902
20
-46.768
0
VERTEX
8
L0D0
10
163.488
20
-45.944
0
VERTEX
8
L0D0
10
167.091
20
-45.197
0
VERTEX
8
L0D0
10
170.709
20
-44.527
0
VERTEX
8
L0D0
10
174.341
20
-43.936
0
VERTEX
8
L0D0
10
177.984
20
-43.423
0
VERTEX
8
L0D0
10
181.638
20
-42.989
0
VERTEX
8
L0D0
10
185.3
20
-42.633
0
VERTEX
8
L0D0
10
188.969
20
-42.356
0
VERTEX
8
L0D0
10
192.643
20
-42.158
0
VERTEX
8
L0D0
10
196.321
20
-42.04
0
VERTEX
8
L0D0
10
200
20
-42
0
VERTEX
8
L0D0
10
400
20
-42
0
VERTEX
8
L0D0
10
403.679
20
-42.04
0
VERTEX
8
L0D0
10
407.357
20
-42.158
0
VERTEX
8
L0D0
10
411.031
20
-42.356
0
VERTEX
8
L0D0
10
414.7
20
-42.633
0
VERTEX
8
L0D0
10
418.362
20
-42.989
0
VERTEX
8
L0D0
10
422.016
20
-43.423
0
VERTEX
8
L0D0
10
425.659
20
-43.936
0
VERTEX
8
L0D0
10
429.291
20
-44.527
0
VERTEX
8
L0D0
10
432.909
20
-45.197
0
VERTEX
8
L0D0
10
436.512
20
-45.944
0
VERTEX
8
L0D0
10
440.098
20
-46.768
0
VERTEX
8
L0D0
10
443.665
20
-47.669
0
VERTEX
8
L0D0
10
447.213
20
-48.647
0
VERTEX
8
L0D0
10
450.738
20
-49.701
0
VERTEX
8
L0D0
10
454.24
20
-50.83
0
VERTEX
8
L0D0
10
457.716
20
-52.035
0
VERTEX
8
L0D0
10
461.166
20
-53.314
0
VERTEX
8
L0D0
10
464.588
20
-54.667
0
VERTEX
8
L0D0
10
467.98
20
-56.093
0
VERTEX
8
L0D0
10
471.34
20
-57.592
0
VERTEX
8
L0D0
10
474.667
20
-59.163
0
VERTEX
8
L0D0
10
477.96
20
-60.805
0
VERTEX
8
L0D0
10
481.217
20
-62.518
0
VERTEX
8
L0D0
10
484.436
20
-64.3
0
VERTEX
8
L0D0
10
487.616
20
-66.151
0
VERTEX
8
L0D0
10
490.755
20
-68.071
0
VERTEX
8
L0D0
10
493.852
20
-70.057
0
VERTEX
8
L0D0
10
496.906
20
-72.109
0
VERTEX
8
L0D0
10
499.915
20
-74.227
0
VERTEX
8
L0D0
10
502.878
20
-76.409
0
VERTEX
8
L0D0
10
505.793
20
-78.654
0
VERTEX
8
L0D0
10
508.659
20
-80.961
0
VERTEX
8
L0D0
10
511.475
20
-83.33
0
VERTEX
8
L0D0
10
514.239
20
-85.758
0
VERTEX
8
L0D0
10
516.95
20
-88.246
0
VERTEX
8
L0D0
10
519.607
20
-90.791
0
VERTEX
8
L0D0
10
522.209
20
-93.393
0
VERTEX
8
L0D0
10
524.754
20
-96.05
0
VERTEX
8
L0D0
10
527.242
20
-98.761
0
VERTEX
8
L0D0
10
529.67
20
-101.525
0
VERTEX
8
L0D0
10
532.039
20
-104.341
0
VERTEX
8
L0D0
10
534.346
20
-107.207
0
VERTEX
8
L0D0
10
536.591
20
-110.122
0
VERTEX
8
L0D0
10
538.773
20
-113.085
0
VERTEX
8
L0D0
10
540.891
20
-116.094
0
VERTEX
8
L0D0
10
542.943
20
-119.148
0
VERTEX
8
L0D0
10
544.929
20
-122.245
0
VERTEX
8
L0D0
10
546.849
20
-125.384
0
VERTEX
8
L0D0
10
548.7
20
-128.564
0
VERTEX
8
L0D0
10
550.482
20
-131.783
0
VERTEX
8
L0D0
10
552.195
20
-135.04
0
VERTEX
8
L0D0
10
553.837
20
-138.333
0
VERTEX
8
L0D0
10
555.408
20
-141.66
0
VERTEX
8
L0D0
10
556.907
20
-145.02
0
VERTEX
8
L0D0
10
558.333
20
-148.412
0
VERTEX
8
L0D0
10
559.686
20
-151.834
0
VERTEX
8
L0D0
10
560.965
20
-155.284
0
VERTEX
8
L0D0
10
562.17
20
-158.76
0
VERTEX
8
L0D0
10
563.299
20
-162.262
0
VERTEX
8
L0D0
10
564.353
20
-165.787
0
VERTEX
8
L0D0
10
565.331
20
-169.335
0
VERTEX
8
L0D0
10
566.232
20
-172.902
0
VERTEX
8
L0D0
10
567.056
20
-176.488
0
VERTEX
8
L0D0
10
567.803
20
-180.091
0
VERTEX
8
L0D0
10
568.473
20
-183.709
0
VERTEX
8
L0D0
10
569.064
20
-187.341
0
VERTEX
8
L0D0
10
569.577
20
-190.984
0
VERTEX
8
L0D0
10
570.011
20
-194.638
0
VERTEX
8
L0D0
10
570.367
20
-198.3
0
VERTEX
8
L0D0
10
570.644
20
-201.969
0
VERTEX
8
L0D0
10
570.842
20
-205.643
0
VERTEX
8
L0D0
10
570.96
20
-209.321
0
VERTEX
8
L0D0
10
571
20
-213
0
VERTEX
8
L0D0
10
571
20
-305
0
VERTEX
8
L0D0
10
556.6
20
-305
0
VERTEX
8
L0D0
10
556.6
20
-320
0
VERTEX
8
L0D0
10
553.4
20
-320
0
VERTEX
8
L0D0
10
553.4
20
-420
0
VERTEX
8
L0D0
10
553.44
20
-422.816
0
VERTEX
8
L0D0
10
553.561
20
-425.629
0
VERTEX
8
L0D0
10
553.762
20
-428.438
0
VERTEX
8
L0D0
10
554.043
20
-431.24
0
VERTEX
8
L0D0
10
554.404
20
-434.032
0
VERTEX
8
L0D0
10
554.844
20
-436.813
0
VERTEX
8
L0D0
10
555.364
20
-439.581
0
VERTEX
8
L0D0
10
555.962
20
-442.333
0
VERTEX
8
L0D0
10
556.639
20
-445.066
0
VERTEX
8
L0D0
10
557.394
20
-447.779
0
VERTEX
8
L0D0
10
558.226
20
-450.469
0
VERTEX
8
L0D0
10
559.134
20
-453.134
0
VERTEX
8
L0D0
10
560.118
20
-455.773
0
VERTEX
8
L0D0
10
561.177
20
-458.382
0
VERTEX
8
L0D0
10
562.31
20
-460.96
0
VERTEX
8
L0D0
10
563.517
20
-463.504
0
VERTEX
8
L0D0
10
564.795
20
-466.013
0
VERTEX
8
L0D0
10
566.144
20
-468.485
0
VERTEX
8
L0D0
10
567.564
20
-470.917
0
VERTEX
8
L0D0
10
569.052
20
-473.307
0
VERTEX
8
L0D0
10
570.608
20
-475.654
0
VERTEX
8
L0D0
10
572.231
20
-477.956
0
VERTEX
8
L0D0
10
573.918
20
-480.21
0
VERTEX
8
L0D0
10
575.67
20
-482.415
0
VERTEX
8
L0D0
10
577.483
20
-484.569
0
VERTEX
8
L0D0
10
579.357
20
-486.671
0
VERTEX
8
L0D0
10
581.291
20
-488.718
0
VERTEX
8
L0D0
10
583.282
20
-490.709
0
VERTEX
8
L0D0
10
585.329
20
-492.643
0
VERTEX
8
L0D0
10
587.431
20
-494.517
0
VERTEX
8
L0D0
10
589.585
20
-496.33
0
VERTEX
8
L0D0
10
591.79
20
-498.082
0
VERTEX
8
L0D0
10
594.044
20
-499.769
0
VERTEX
8
L0D0
10
596.346
20
-501.392
0
VERTEX
8
L0D0
10
598.693
20
-502.948
0
VERTEX
8
L0D0
10
601.083
20
-504.436
0
VERTEX
8
L0D0
10
603.515
20
-505.856
0
VERTEX
8
L0D0
10
605.987
20
-507.205
0
VERTEX
8
L0D0
10
608.496
20
-508.483
0
VERTEX
8
L0D0
10
611.04
20
-509.69
0
VERTEX
8
L0D0
10
613.618
20
-510.823
0
VERTEX
8
L0D0
10
616.227
20
-511.882
0
VERTEX
8
L0D0
10
618.866
20
-512.866
0
VERTEX
8
L0D0
10
621.531
20
-513.774
0
VERTEX
8
L0D0
10
624.221
20
-514.606
0
VERTEX
8
L0D0
10
626.934
20
-515.361
0
VERTEX
8
L0D0
10
629.667
20
-516.038
0
VERTEX
8
L0D0
10
632.419
20
-516.636
0
VERTEX
8
L0D0
10
635.187
20
-517.156
0
VERTEX
8
L0D0
10
637.968
20
-517.596
0
VERTEX
8
L0D0
10
640.76
20
-517.957
0
VERTEX
8
L0D0
10
643.562
20
-518.238
0
VERTEX
8
L0D0
10
646.371
20
-518.439
0
VERTEX
8
L0D0
10
649.184
20
-518.56
0
VERTEX
8
L0D0
10
652
20
-518.6
0
VERTEX
8
L0D0
10
1152
20
-518.6
0
VERTEX
8
L0D0
10
1152
20
-290
0
VERTEX
8
L0D0
10
1155.6
20
-290
0
VERTEX
8
L0D0
10
1155.6
20
-518.2
0
VERTEX
8
L0D0
10
1156.8
20
-518.2
0
VERTEX
8
L0D0
10
1156.8
20
-290
0
VERTEX
8
L0D0
10
1160.4
20
-290
0
VERTEX
8
L0D0
10
1160.4
20
-518.2
0
VERTEX
8
L0D0
10
1161.6
20
-518.2
0
VERTEX
8
L0D0
10
1161.6
20
-290
0
VERTEX
8
L0D0
10
1165.2
20
-290
0
VERTEX
8
L0D0
10
1165.2
20
-518.2
0
VERTEX
8
L0D0
10
1166.4
20
-518.2
0
VERTEX
8
L0D0
10
1166.4
20
-290
0
VERTEX
8
L0D0
10
1170
20
-290
0
VERTEX
8
L0D0
10
1170
20
-518.2
0
VERTEX
8
L0D0
10
1171.2
20
-518.2
0
VERTEX
8
L0D0
10
1171.2
20
-290
0
VERTEX
8
L0D0
10
1174.8
20
-290
0
VERTEX
8
L0D0
10
1174.8
20
-518.2
0
VERTEX
8
L0D0
10
1176
20
-518.2
0
VERTEX
8
L0D0
10
1176
20
-290
0
VERTEX
8
L0D0
10
1179.6
20
-290
0
VERTEX
8
L0D0
10
1179.6
20
-518.2
0
VERTEX
8
L0D0
10
1180.8
20
-518.2
0
VERTEX
8
L0D0
10
1180.8
20
-290
0
VERTEX
8
L0D0
10
1184.4
20
-290
0
VERTEX
8
L0D0
10
1184.4
20
-518.2
0
VERTEX
8
L0D0
10
1185.6
20
-518.2
0
VERTEX
8
L0D0
10
1185.6
20
-290
0
VERTEX
8
L0D0
10
1189.2
20
-290
0
VERTEX
8
L0D0
10
1189.2
20
-518.2
0
VERTEX
8
L0D0
10
1190.4
20
-518.2
0
VERTEX
8
L0D0
10
1190.4
20
-290
0
VERTEX
8
L0D0
10
1194
20
-290
0
VERTEX
8
L0D0
10
1194
20
-518.2
0
VERTEX
8
L0D0
10
1195.2
20
-518.2
0
VERTEX
8
L0D0
10
1195.2
20
-290
0
VERTEX
8
L0D0
10
1198.8
20
-290
0
VERTEX
8
L0D0
10
1198.8
20
-518.2
0
VERTEX
8
L0D0
10
1200
20
-518.2
0
VERTEX
8
L0D0
10
1200
20
-290
0
VERTEX
8
L0D0
10
1203.6
20
-290
0
VERTEX
8
L0D0
10
1203.6
20
-518.2
0
VERTEX
8
L0D0
10
1204.8
20
-518.2
0
VERTEX
8
L0D0
10
1204.8
20
-290
0
VERTEX
8
L0D0
10
1208.4
20
-290
0
VERTEX
8
L0D0
10
1208.4
20
-518.2
0
VERTEX
8
L0D0
10
1209.6
20
-518.2
0
VERTEX
8
L0D0
10
1209.6
20
-290
0
VERTEX
8
L0D0
10
1213.2
20
-290
0
VERTEX
8
L0D0
10
1213.2
20
-518.2
0
VERTEX
8
L0D0
10
1214.4
20
-518.2
0
VERTEX
8
L0D0
10
1214.4
20
-290
0
VERTEX
8
L0D0
10
1218
20
-290
0
VERTEX
8
L0D0
10
1218
20
-518.2
0
VERTEX
8
L0D0
10
1219.2
20
-518.2
0
VERTEX
8
L0D0
10
1219.2
20
-290
0
VERTEX
8
L0D0
10
1222.8
20
-290
0
VERTEX
8
L0D0
10
1222.8
20
-518.2
0
VERTEX
8
L0D0
10
1224
20
-518.2
0
VERTEX
8
L0D0
10
1224
20
-290
0
VERTEX
8
L0D0
10
1227.6
20
-290
0
VERTEX
8
L0D0
10
1227.6
20
-518.2
0
VERTEX
8
L0D0
10
1228.8
20
-518.2
0
VERTEX
8
L0D0
10
1228.8
20
-290
0
VERTEX
8
L0D0
10
1232.4
20
-290
0
VERTEX
8
L0D0
10
1232.4
20
-518.2
0
VERTEX
8
L0D0
10
1233.6
20
-518.2
0
VERTEX
8
L0D0
10
1233.6
20
-290
0
VERTEX
8
L0D0
10
1237.2
20
-290
0
VERTEX
8
L0D0
10
1237.2
20
-518.2
0
VERTEX
8
L0D0
10
1238.4
20
-518.2
0
VERTEX
8
L0D0
10
1238.4
20
-290
0
VERTEX
8
L0D0
10
1242
20
-290
0
VERTEX
8
L0D0
10
1242
20
-518.2
0
VERTEX
8
L0D0
10
1243.2
20
-518.2
0
VERTEX
8
L0D0
10
1243.2
20
-290
0
VERTEX
8
L0D0
10
1246.8
20
-290
0
VERTEX
8
L0D0
10
1246.8
20
-518.2
0
VERTEX
8
L0D0
10
1248
20
-518.2
0
VERTEX
8
L0D0
10
1248
20
-290
0
VERTEX
8
L0D0
10
1251.6
20
-290
0
VERTEX
8
L0D0
10
1251.6
20
-518.2
0
VERTEX
8
L0D0
10
1252.8
20
-518.2
0
VERTEX
8
L0D0
10
1252.8
20
-290
0
VERTEX
8
L0D0
10
1256.4
20
-290
0
VERTEX
8
L0D0
10
1256.4
20
-518.2
0
VERTEX
8
L0D0
10
1257.6
20
-518.2
0
VERTEX
8
L0D0
10
1257.6
20
-290
0
VERTEX
8
L0D0
10
1261.2
20
-290
0
VERTEX
8
L0D0
10
1261.2
20
-518.2
0
VERTEX
8
L0D0
10
1262.4
20
-518.2
0
VERTEX
8
L0D0
10
1262.4
20
-290
0
VERTEX
8
L0D0
10
1266
20
-290
0
VERTEX
8
L0D0
10
1266
20
-518.2
0
VERTEX
8
L0D0
10
1267.2
20
-518.2
0
VERTEX
8
L0D0
10
1267.2
20
-290
0
VERTEX
8
L0D0
10
1270.8
20
-290
0
VERTEX
8
L0D0
10
1270.8
20
-518.2
0
VERTEX
8
L0D0
10
1272
20
-518.2
0
VERTEX
8
L0D0
10
1272
20
-290
0
VERTEX
8
L0D0
10
1275.6
20
-290
0
VERTEX
8
L0D0
10
1275.6
20
-518.2
0
VERTEX
8
L0D0
10
1276.8
20
-518.2
0
VERTEX
8
L0D0
10
1276.8
20
-290
0
VERTEX
8
L0D0
10
1280.4
20
-290
0
VERTEX
8
L0D0
10
1280.4
20
-518.2
0
VERTEX
8
L0D0
10
1281.6
20
-518.2
0
VERTEX
8
L0D0
10
1281.6
20
-290
0
VERTEX
8
L0D0
10
1285.2
20
-290
0
VERTEX
8
L0D0
10
1285.2
20
-518.2
0
VERTEX
8
L0D0
10
1286.4
20
-518.2
0
VERTEX
8
L0D0
10
1286.4
20
-290
0
VERTEX
8
L0D0
10
1290
20
-290
0
VERTEX
8
L0D0
10
1290
20
-518.2
0
VERTEX
8
L0D0
10
1291.2
20
-518.2
0
VERTEX
8
L0D0
10
1291.2
20
-290
0
VERTEX
8
L0D0
10
1294.8
20
-290
0
VERTEX
8
L0D0
10
1294.8
20
-518.2
0
VERTEX
8
L0D0
10
1296
20
-518.2
0
VERTEX
8
L0D0
10
1296
20
-290
0
VERTEX
8
L0D0
10
1299.6
20
-290
0
VERTEX
8
L0D0
10
1299.6
20
-518.2
0
VERTEX
8
L0D0
10
1300.8
20
-518.2
0
VERTEX
8
L0D0
10
1300.8
20
-290
0
VERTEX
8
L0D0
10
1303.2
20
-290
0
VERTEX
8
L0D0
10
1303.2
20
-288.8
0
VERTEX
8
L0D0
10
1502.4
20
-288.8
0
VERTEX
8
L0D0
10
1502.4
20
-290
0
VERTEX
8
L0D0
10
1506
20
-290
0
VERTEX
8
L0D0
10
1506
20
-518.2
0
VERTEX
8
L0D0
10
1507.2
20
-518.2
0
VERTEX
8
L0D0
10
1507.2
20
-290
0
VERTEX
8
L0D0
10
1510.8
20
-290
0
VERTEX
8
L0D0
10
1510.8
20
-518.2
0
VERTEX
8
L0D0
10
1512
20
-518.2
0
VERTEX
8
L0D0
10
1512
20
-290
0
VERTEX
8
L0D0
10
1515.6
20
-290
0
VERTEX
8
L0D0
10
1515.6
20
-518.2
0
VERTEX
8
L0D0
10
1516.8
20
-518.2
0
VERTEX
8
L0D0
10
1516.8
20
-290
0
VERTEX
8
L0D0
10
1520.4
20
-290
0
VERTEX
8
L0D0
10
1520.4
20
-518.2
0
VERTEX
8
L0D0
10
1521.6
20
-518.2
0
VERTEX
8
L0D0
10
1521.6
20
-290
0
VERTEX
8
L0D0
10
1525.2
20
-290
0
VERTEX
8
L0D0
10
1525.2
20
-518.2
0
VERTEX
8
L0D0
10
1526.4
20
-518.2
0
VERTEX
8
L0D0
10
1526.4
20
-290
0
VERTEX
8
L0D0
10
1530
20
-290
0
VERTEX
8
L0D0
10
1530
20
-518.2
0
VERTEX
8
L0D0
10
1531.2
20
-518.2
0
VERTEX
8
L0D0
10
1531.2
20
-290
0
VERTEX
8
L0D0
10
1534.8
20
-290
0
VERTEX
8
L0D0
10
1534.8
20
-518.2
0
VERTEX
8
L0D0
10
1536
20
-518.2
0
VERTEX
8
L0D0
10
1536
20
-290
0
VERTEX
8
L0D0
10
1539.6
20
-290
0
VERTEX
8
L0D0
10
1539.6
20
-518.2
0
VERTEX
8
L0D0
10
1540.8
20
-518.2
0
VERTEX
8
L0D0
10
1540.8
20
-290
0
VERTEX
8
L0D0
10
1544.4
20
-290
0
VERTEX
8
L0D0
10
1544.4
20
-518.2
0
VERTEX
8
L0D0
10
1545.6
20
-518.2
0
VERTEX
8
L0D0
10
1545.6
20
-290
0
VERTEX
8
L0D0
10
1549.2
20
-290
0
VERTEX
8
L0D0
10
1549.2
20
-518.2
0
VERTEX
8
L0D0
10
1550.4
20
-518.2
0
VERTEX
8
L0D0
10
1550.4
20
-290
0
VERTEX
8
L0D0
10
1554
20
-290
0
VERTEX
8
L0D0
10
1554
20
-518.2
0
VERTEX
8
L0D0
10
1555.2
20
-518.2
0
VERTEX
8
L0D0
10
1555.2
20
-290
0
VERTEX
8
L0D0
10
1558.8
20
-290
0
VERTEX
8
L0D0
10
1558.8
20
-518.2
0
VERTEX
8
L0D0
10
1560
20
-518.2
0
VERTEX
8
L0D0
10
1560
20
-290
0
VERTEX
8
L0D0
10
1563.6
20
-290
0
VERTEX
8
L0D0
10
1563.6
20
-518.2
0
VERTEX
8
L0D0
10
1564.8
20
-518.2
0
VERTEX
8
L0D0
10
1564.8
20
-290
0
VERTEX
8
L0D0
10
1568.4
20
-290
0
VERTEX
8
L0D0
10
1568.4
20
-518.2
0
VERTEX
8
L0D0
10
1569.6
20
-518.2
0
VERTEX
8
L0D0
10
1569.6
20
-290
0
VERTEX
8
L0D0
10
1573.2
20
-290
0
VERTEX
8
L0D0
10
1573.2
20
-518.2
0
VERTEX
8
L0D0
10
1574.4
20
-518.2
0
VERTEX
8
L0D0
10
1574.4
20
-290
0
VERTEX
8
L0D0
10
1578
20
-290
0
VERTEX
8
L0D0
10
1578
20
-518.2
0
VERTEX
8
L0D0
10
1579.2
20
-518.2
0
VERTEX
8
L0D0
10
1579.2
20
-290
0
VERTEX
8
L0D0
10
1582.8
20
-290
0
VERTEX
8
L0D0
10
1582.8
20
-518.2
0
VERTEX
8
L0D0
10
1584
20
-518.2
0
VERTEX
8
L0D0
10
1584
20
-290
0
VERTEX
8
L0D0
10
1587.6
20
-290
0
VERTEX
8
L0D0
10
1587.6
20
-518.2
0
VERTEX
8
L0D0
10
1588.8
20
-518.2
0
VERTEX
8
L0D0
10
1588.8
20
-290
0
VERTEX
8
L0D0
10
1592.4
20
-290
0
VERTEX
8
L0D0
10
1592.4
20
-518.2
0
VERTEX
8
L0D0
10
1593.6
20
-518.2
0
VERTEX
8
L0D0
10
1593.6
20
-290
0
VERTEX
8
L0D0
10
1597.2
20
-290
0
VERTEX
8
L0D0
10
1597.2
20
-518.2
0
VERTEX
8
L0D0
10
1598.4
20
-518.2
0
VERTEX
8
L0D0
10
1598.4
20
-290
0
VERTEX
8
L0D0
10
1602
20
-290
0
VERTEX
8
L0D0
10
1602
20
-518.2
0
VERTEX
8
L0D0
10
1603.2
20
-518.2
0
VERTEX
8
L0D0
10
1603.2
20
-290
0
VERTEX
8
L0D0
10
1606.8
20
-290
0
VERTEX
8
L0D0
10
1606.8
20
-518.2
0
VERTEX
8
L0D0
10
1608
20
-518.2
0
VERTEX
8
L0D0
10
1608
20
-290
0
VERTEX
8
L0D0
10
1611.6
20
-290
0
VERTEX
8
L0D0
10
1611.6
20
-518.2
0
VERTEX
8
L0D0
10
1612.8
20
-518.2
0
VERTEX
8
L0D0
10
1612.8
20
-290
0
VERTEX
8
L0D0
10
1616.4
20
-290
0
VERTEX
8
L0D0
10
1616.4
20
-518.2
0
VERTEX
8
L0D0
10
1617.6
20
-518.2
0
VERTEX
8
L0D0
10
1617.6
20
-290
0
VERTEX
8
L0D0
10
1621.2
20
-290
0
VERTEX
8
L0D0
10
1621.2
20
-518.2
0
VERTEX
8
L0D0
10
1622.4
20
-518.2
0
VERTEX
8
L0D0
10
1622.4
20
-290
0
VERTEX
8
L0D0
10
1626
20
-290
0
VERTEX
8
L0D0
10
1626
20
-518.2
0
VERTEX
8
L0D0
10
1627.2
20
-518.2
0
VERTEX
8
L0D0
10
1627.2
20
-290
0
VERTEX
8
L0D0
10
1630.8
20
-290
0
VERTEX
8
L0D0
10
1630.8
20
-518.2
0
VERTEX
8
L0D0
10
1632
20
-518.2
0
VERTEX
8
L0D0
10
1632
20
-290
0
VERTEX
8
L0D0
10
1635.6
20
-290
0
VERTEX
8
L0D0
10
1635.6
20
-518.2
0
VERTEX
8
L0D0
10
1636.8
20
-518.2
0
VERTEX
8
L0D0
10
1636.8
20
-290
0
VERTEX
8
L0D0
10
1640.4
20
-290
0
VERTEX
8
L0D0
10
1640.4
20
-518.2
0
VERTEX
8
L0D0
10
1641.6
20
-518.2
0
VERTEX
8
L0D0
10
1641.6
20
-290
0
VERTEX
8
L0D0
10
1645.2
20
-290
0
VERTEX
8
L0D0
10
1645.2
20
-518.2
0
VERTEX
8
L0D0
10
1646.4
20
-518.2
0
VERTEX
8
L0D0
10
1646.4
20
-290
0
VERTEX
8
L0D0
10
1650
20
-290
0
VERTEX
8
L0D0
10
1650
20
-518.2
0
VERTEX
8
L0D0
10
1651.2
20
-518.2
0
VERTEX
8
L0D0
10
1651.2
20
-290
0
VERTEX
8
L0D0
10
1654.8
20
-290
0
VERTEX
8
L0D0
10
1654.8
20
-518.2
0
VERTEX
8
L0D0
10
1656
20
-518.2
0
VERTEX
8
L0D0
10
1656
20
-290
0
VERTEX
8
L0D0
10
1659.6
20
-290
0
VERTEX
8
L0D0
10
1659.6
20
-518.2
0
VERTEX
8
L0D0
10
1660.8
20
-518.2
0
VERTEX
8
L0D0
10
1660.8
20
-290
0
VERTEX
8
L0D0
10
1664.4
20
-290
0
VERTEX
8
L0D0
10
1664.4
20
-518.2
0
VERTEX
8
L0D0
10
1665.6
20
-518.2
0
VERTEX
8
L0D0
10
1665.6
20
-290
0
VERTEX
8
L0D0
10
1669.2
20
-290
0
VERTEX
8
L0D0
10
1669.2
20
-518.2
0
VERTEX
8
L0D0
10
1670.4
20
-518.2
0
VERTEX
8
L0D0
10
1670.4
20
-290
0
VERTEX
8
L0D0
10
1674
20
-290
0
VERTEX
8
L0D0
10
1674
20
-518.2
0
VERTEX
8
L0D0
10
1675.2
20
-518.2
0
VERTEX
8
L0D0
10
1675.2
20
-290
0
VERTEX
8
L0D0
10
1678.8
20
-290
0
VERTEX
8
L0D0
10
1678.8
20
-518.2
0
VERTEX
8
L0D0
10
1680
20
-518.2
0
VERTEX
8
L0D0
10
1680
20
-290
0
VERTEX
8
L0D0
10
1683.6
20
-290
0
VERTEX
8
L0D0
10
1683.6
20
-518.2
0
VERTEX
8
L0D0
10
1684.8
20
-518.2
0
VERTEX
8
L0D0
10
1684.8
20
-290
0
VERTEX
8
L0D0
10
1688.4
20
-290
0
VERTEX
8
L0D0
10
1688.4
20
-518.2
0
VERTEX
8
L0D0
10
1689.6
20
-518.2
0
VERTEX
8
L0D0
10
1689.6
20
-290
0
VERTEX
8
L0D0
10
1693.2
20
-290
0
VERTEX
8
L0D0
10
1693.2
20
-518.2
0
VERTEX
8
L0D0
10
1694.4
20
-518.2
0
VERTEX
8
L0D0
10
1694.4
20
-290
0
VERTEX
8
L0D0
10
1698
20
-290
0
VERTEX
8
L0D0
10
1698
20
-518.2
0
VERTEX
8
L0D0
10
1699.2
20
-518.2
0
VERTEX
8
L0D0
10
1699.2
20
-290
0
VERTEX
8
L0D0
10
1701.6
20
-290
0
VERTEX
8
L0D0
10
1701.6
20
-292
0
VERTEX
8
L0D0
10
2157.6
20
-292
0
VERTEX
8
L0D0
10
2157.6
20
-748
0
VERTEX
8
L0D0
10
1701.6
20
-748
0
VERTEX
8
L0D0
10
1701.6
20
-750
0
VERTEX
8
L0D0
10
1699.2
20
-750
0
VERTEX
8
L0D0
10
1699.2
20
-521.8
0
VERTEX
8
L0D0
10
1698
20
-521.8
0
VERTEX
8
L0D0
10
1698
20
-750
0
VERTEX
8
L0D0
10
1694.4
20
-750
0
VERTEX
8
L0D0
10
1694.4
20
-521.8
0
VERTEX
8
L0D0
10
1693.2
20
-521.8
0
VERTEX
8
L0D0
10
1693.2
20
-750
0
VERTEX
8
L0D0
10
1689.6
20
-750
0
VERTEX
8
L0D0
10
1689.6
20
-521.8
0
VERTEX
8
L0D0
10
1688.4
20
-521.8
0
VERTEX
8
L0D0
10
1688.4
20
-750
0
VERTEX
8
L0D0
10
1684.8
20
-750
0
VERTEX
8
L0D0
10
1684.8
20
-521.8
0
VERTEX
8
L0D0
10
1683.6
20
-521.8
0
VERTEX
8
L0D0
10
1683.6
20
-750
0
VERTEX
8
L0D0
10
1680
20
-750
0
VERTEX
8
L0D0
10
1680
20
-521.8
0
VERTEX
8
L0D0
10
1678.8
20
-521.8
0
VERTEX
8
L0D0
10
1678.8
20
-750
0
VERTEX
8
L0D0
10
1675.2
20
-750
0
VERTEX
8
L0D0
10
1675.2
20
-521.8
0
VERTEX
8
L0D0
10
1674
20
-521.8
0
VERTEX
8
L0D0
10
1674
20
-750
0
VERTEX
8
L0D0
10
1670.4
20
-750
0
VERTEX
8
L0D0
10
1670.4
20
-521.8
0
VERTEX
8
L0D0
10
1669.2
20
-521.8
0
VERTEX
8
L0D0
10
1669.2
20
-750
0
VERTEX
8
L0D0
10
1665.6
20
-750
0
VERTEX
8
L0D0
10
1665.6
20
-521.8
0
VERTEX
8
L0D0
10
1664.4
20
-521.8
0
VERTEX
8
L0D0
10
1664.4
20
-750
0
VERTEX
8
L0D0
10
1660.8
20
-750
0
VERTEX
8
L0D0
10
1660.8
20
-521.8
0
VERTEX
8
L0D0
10
1659.6
20
-521.8
0
VERTEX
8
L0D0
10
1659.6
20
-750
0
VERTEX
8
L0D0
10
1656
20
-750
0
VERTEX
8
L0D0
10
1656
20
-521.8
0
VERTEX
8
L0D0
10
1654.8
20
-521.8
0
VERTEX
8
L0D0
10
1654.8
20
-750
0
VERTEX
8
L0D0
10
1651.2
20
-750
0
VERTEX
8
L0D0
10
1651.2
20
-521.8
0
VERTEX
8
L0D0
10
1650
20
-521.8
0
VERTEX
8
L0D0
10
1650
20
-750
0
VERTEX
8
L0D0
10
1646.4
20
-750
0
VERTEX
8
L0D0
10
1646.4
20
-521.8
0
VERTEX
8
L0D0
10
1645.2
20
-521.8
0
VERTEX
8
L0D0
10
1645.2
20
-750
0
VERTEX
8
L0D0
10
1641.6
20
-750
0
VERTEX
8
L0D0
10
1641.6
20
-521.8
0
VERTEX
8
L0D0
10
1640.4
20
-521.8
0
VERTEX
8
L0D0
10
1640.4
20
-750
0
VERTEX
8
L0D0
10
1636.8
20
-750
0
VERTEX
8
L0D0
10
1636.8
20
-521.8
0
VERTEX
8
L0D0
10
1635.6
20
-521.8
0
VERTEX
8
L0D0
10
1635.6
20
-750
0
VERTEX
8
L0D0
10
1632
20
-750
0
VERTEX
8
L0D0
10
1632
20
-521.8
0
VERTEX
8
L0D0
10
1630.8
20
-521.8
0
VERTEX
8
L0D0
10
1630.8
20
-750
0
VERTEX
8
L0D0
10
1627.2
20
-750
0
VERTEX
8
L0D0
10
1627.2
20
-521.8
0
VERTEX
8
L0D0
10
1626
20
-521.8
0
VERTEX
8
L0D0
10
1626
20
-750
0
VERTEX
8
L0D0
10
1622.4
20
-750
0
VERTEX
8
L0D0
10
1622.4
20
-521.8
0
VERTEX
8
L0D0
10
1621.2
20
-521.8
0
VERTEX
8
L0D0
10
1621.2
20
-750
0
VERTEX
8
L0D0
10
1617.6
20
-750
0
VERTEX
8
L0D0
10
1617.6
20
-521.8
0
VERTEX
8
L0D0
10
1616.4
20
-521.8
0
VERTEX
8
L0D0
10
1616.4
20
-750
0
VERTEX
8
L0D0
10
1612.8
20
-750
0
VERTEX
8
L0D0
10
1612.8
20
-521.8
0
VERTEX
8
L0D0
10
1611.6
20
-521.8
0
VERTEX
8
L0D0
10
1611.6
20
-750
0
VERTEX
8
L0D0
10
1608
20
-750
0
VERTEX
8
L0D0
10
1608
20
-521.8
0
VERTEX
8
L0D0
10
1606.8
20
-521.8
0
VERTEX
8
L0D0
10
1606.8
20
-750
0
VERTEX
8
L0D0
10
1603.2
20
-750
0
VERTEX
8
L0D0
10
1603.2
20
-521.8
0
VERTEX
8
L0D0
10
1602
20
-521.8
0
VERTEX
8
L0D0
10
1602
20
-750
0
VERTEX
8
L0D0
10
1598.4
20
-750
0
VERTEX
8
L0D0
10
1598.4
20
-521.8
0
VERTEX
8
L0D0
10
1597.2
20
-521.8
0
VERTEX
8
L0D0
10
1597.2
20
-750
0
VERTEX
8
L0D0
10
1593.6
20
-750
0
VERTEX
8
L0D0
10
1593.6
20
-521.8
0
VERTEX
8
L0D0
10
1592.4
20
-521.8
0
VERTEX
8
L0D0
10
1592.4
20
-750
0
VERTEX
8
L0D0
10
1588.8
20
-750
0
VERTEX
8
L0D0
10
1588.8
20
-521.8
0
VERTEX
8
L0D0
10
1587.6
20
-521.8
0
VERTEX
8
L0D0
10
1587.6
20
-750
0
VERTEX
8
L0D0
10
1584
20
-750
0
VERTEX
8
L0D0
10
1584
20
-521.8
0
VERTEX
8
L0D0
10
1582.8
20
-521.8
0
VERTEX
8
L0D0
10
1582.8
20
-750
0
VERTEX
8
L0D0
10
1579.2
20
-750
0
VERTEX
8
L0D0
10
1579.2
20
-521.8
0
VERTEX
8
L0D0
10
1578
20
-521.8
0
VERTEX
8
L0D0
10
1578
20
-750
0
VERTEX
8
L0D0
10
1574.4
20
-750
0
VERTEX
8
L0D0
10
1574.4
20
-521.8
0
VERTEX
8
L0D0
10
1573.2
20
-521.8
0
VERTEX
8
L0D0
10
1573.2
20
-750
0
VERTEX
8
L0D0
10
1569.6
20
-750
0
VERTEX
8
L0D0
10
1569.6
20
-521.8
0
VERTEX
8
L0D0
10
1568.4
20
-521.8
0
VERTEX
8
L0D0
10
1568.4
20
-750
0
VERTEX
8
L0D0
10
1564.8
20
-750
0
VERTEX
8
L0D0
10
1564.8
20
-521.8
0
VERTEX
8
L0D0
10
1563.6
20
-521.8
0
VERTEX
8
L0D0
10
1563.6
20
-750
0
VERTEX
8
L0D0
10
1560
20
-750
0
VERTEX
8
L0D0
10
1560
20
-521.8
0
VERTEX
8
L0D0
10
1558.8
20
-521.8
0
VERTEX
8
L0D0
10
1558.8
20
-750
0
VERTEX
8
L0D0
10
1555.2
20
-750
0
VERTEX
8
L0D0
10
1555.2
20
-521.8
0
VERTEX
8
L0D0
10
1554
20
-521.8
0
VERTEX
8
L0D0
10
1554
20
-750
0
VERTEX
8
L0D0
10
1550.4
20
-750
0
VERTEX
8
L0D0
10
1550.4
20
-521.8
0
VERTEX
8
L0D0
10
1549.2
20
-521.8
0
VERTEX
8
L0D0
10
1549.2
20
-750
0
VERTEX
8
L0D0
10
1545.6
20
-750
0
VERTEX
8
L0D0
10
1545.6
20
-521.8
0
VERTEX
8
L0D0
10
1544.4
20
-521.8
0
VERTEX
8
L0D0
10
1544.4
20
-750
0
VERTEX
8
L0D0
10
1540.8
20
-750
0
VERTEX
8
L0D0
10
1540.8
20
-521.8
0
VERTEX
8
L0D0
10
1539.6
20
-521.8
0
VERTEX
8
L0D0
10
1539.6
20
-750
0
VERTEX
8
L0D0
10
1536
20
-750
0
VERTEX
8
L0D0
10
1536
20
-521.8
0
VERTEX
8
L0D0
10
1534.8
20
-521.8
0
VERTEX
8
L0D0
10
1534.8
20
-750
0
VERTEX
8
L0D0
10
1531.2
20
-750
0
VERTEX
8
L0D0
10
1531.2
20
-521.8
0
VERTEX
8
L0D0
10
1530
20
-521.8
0
VERTEX
8
L0D0
10
1530
20
-750
0
VERTEX
8
L0D0
10
1526.4
20
-750
0
VERTEX
8
L0D0
10
1526.4
20
-521.8
0
VERTEX
8
L0D0
10
1525.2
20
-521.8
0
VERTEX
8
L0D0
10
1525.2
20
-750
0
VERTEX
8
L0D0
10
1521.6
20
-750
0
VERTEX
8
L0D0
10
1521.6
20
-521.8
0
VERTEX
8
L0D0
10
1520.4
20
-521.8
0
VERTEX
8
L0D0
10
1520.4
20
-750
0
VERTEX
8
L0D0
10
1516.8
20
-750
0
VERTEX
8
L0D0
10
1516.8
20
-521.8
0
VERTEX
8
L0D0
10
1515.6
20
-521.8
0
VERTEX
8
L0D0
10
1515.6
20
-750
0
VERTEX
8
L0D0
10
1512
20
-750
0
VERTEX
8
L0D0
10
1512
20
-521.8
0
VERTEX
8
L0D0
10
1510.8
20
-521.8
0
VERTEX
8
L0D0
10
1510.8
20
-750
0
VERTEX
8
L0D0
10
1507.2
20
-750
0
VERTEX
8
L0D0
10
1507.2
20
-521.8
0
VERTEX
8
L0D0
10
1506
20
-521.8
0
VERTEX
8
L0D0
10
1506
20
-750
0
VERTEX
8
L0D0
10
1502.4
20
-750
0
VERTEX
8
L0D0
10
1502.4
20
-751.2
0
VERTEX
8
L0D0
10
1303.2
20
-751.2
0
VERTEX
8
L0D0
10
1303.2
20
-750
0
VERTEX
8
L0D0
10
1300.8
20
-750
0
VERTEX
8
L0D0
10
1300.8
20
-521.8
0
VERTEX
8
L0D0
10
1299.6
20
-521.8
0
VERTEX
8
L0D0
10
1299.6
20
-750
0
VERTEX
8
L0D0
10
1296
20
-750
0
VERTEX
8
L0D0
10
1296
20
-521.8
0
VERTEX
8
L0D0
10
1294.8
20
-521.8
0
VERTEX
8
L0D0
10
1294.8
20
-750
0
VERTEX
8
L0D0
10
1291.2
20
-750
0
VERTEX
8
L0D0
10
1291.2
20
-521.8
0
VERTEX
8
L0D0
10
1290
20
-521.8
0
VERTEX
8
L0D0
10
1290
20
-750
0
VERTEX
8
L0D0
10
1286.4
20
-750
0
VERTEX
8
L0D0
10
1286.4
20
-521.8
0
VERTEX
8
L0D0
10
1285.2
20
-521.8
0
VERTEX
8
L0D0
10
1285.2
20
-750
0
VERTEX
8
L0D0
10
1281.6
20
-750
0
VERTEX
8
L0D0
10
1281.6
20
-521.8
0
VERTEX
8
L0D0
10
1280.4
20
-521.8
0
VERTEX
8
L0D0
10
1280.4
20
-750
0
VERTEX
8
L0D0
10
1276.8
20
-750
0
VERTEX
8
L0D0
10
1276.8
20
-521.8
0
VERTEX
8
L0D0
10
1275.6
20
-521.8
0
VERTEX
8
L0D0
10
1275.6
20
-750
0
VERTEX
8
L0D0
10
1272
20
-750
0
VERTEX
8
L0D0
10
1272
20
-521.8
0
VERTEX
8
L0D0
10
1270.8
20
-521.8
0
VERTEX
8
L0D0
10
1270.8
20
-750
0
VERTEX
8
L0D0
10
1267.2
20
-750
0
VERTEX
8
L0D0
10
1267.2
20
-521.8
0
VERTEX
8
L0D0
10
1266
20
-521.8
0
VERTEX
8
L0D0
10
1266
20
-750
0
VERTEX
8
L0D0
10
1262.4
20
-750
0
VERTEX
8
L0D0
10
1262.4
20
-521.8
0
VERTEX
8
L0D0
10
1261.2
20
-521.8
0
VERTEX
8
L0D0
10
1261.2
20
-750
0
VERTEX
8
L0D0
10
1257.6
20
-750
0
VERTEX
8
L0D0
10
1257.6
20
-521.8
0
VERTEX
8
L0D0
10
1256.4
20
-521.8
0
VERTEX
8
L0D0
10
1256.4
20
-750
0
VERTEX
8
L0D0
10
1252.8
20
-750
0
VERTEX
8
L0D0
10
1252.8
20
-521.8
0
VERTEX
8
L0D0
10
1251.6
20
-521.8
0
VERTEX
8
L0D0
10
1251.6
20
-750
0
VERTEX
8
L0D0
10
1248
20
-750
0
VERTEX
8
L0D0
10
1248
20
-521.8
0
VERTEX
8
L0D0
10
1246.8
20
-521.8
0
VERTEX
8
L0D0
10
1246.8
20
-750
0
VERTEX
8
L0D0
10
1243.2
20
-750
0
VERTEX
8
L0D0
10
1243.2
20
-521.8
0
VERTEX
8
L0D0
10
1242
20
-521.8
0
VERTEX
8
L0D0
10
1242
20
-750
0
VERTEX
8
L0D0
10
1238.4
20
-750
0
VERTEX
8
L0D0
10
1238.4
20
-521.8
0
VERTEX
8
L0D0
10
1237.2
20
-521.8
0
VERTEX
8
L0D0
10
1237.2
20
-750
0
VERTEX
8
L0D0
10
1233.6
20
-750
0
VERTEX
8
L0D0
10
1233.6
20
-521.8
0
VERTEX
8
L0D0
10
1232.4
20
-521.8
0
VERTEX
8
L0D0
10
1232.4
20
-750
0
VERTEX
8
L0D0
10
1228.8
20
-750
0
VERTEX
8
L0D0
10
1228.8
20
-521.8
0
VERTEX
8
L0D0
10
1227.6
20
-521.8
0
VERTEX
8
L0D0
10
1227.6
20
-750
0
VERTEX
8
L0D0
10
1224
20
-750
0
VERTEX
8
L0D0
10
1224
20
-521.8
0
VERTEX
8
L0D0
10
1222.8
20
-521.8
0
VERTEX
8
L0D0
10
1222.8
20
-750
0
VERTEX
8
L0D0
10
1219.2
20
-750
0
VERTEX
8
L0D0
10
1219.2
20
-521.8
0
VERTEX
8
L0D0
10
1218
20
-521.8
0
VERTEX
8
L0D0
10
1218
20
-750
0
VERTEX
8
L0D0
10
1214.4
20
-750
0
VERTEX
8
L0D0
10
1214.4
20
-521.8
0
VERTEX
8
L0D0
10
1213.2
20
-521.8
0
VERTEX
8
L0D0
10
1213.2
20
-750
0
VERTEX
8
L0D0
10
1209.6
20
-750
0
VERTEX
8
L0D0
10
1209.6
20
-521.8
0
VERTEX
8
L0D0
10
1208.4
20
-521.8
0
VERTEX
8
L0D0
10
1208.4
20
-750
0
VERTEX
8
L0D0
10
1204.8
20
-750
0
VERTEX
8
L0D0
10
1204.8
20
-521.8
0
VERTEX
8
L0D0
10
1203.6
20
-521.8
0
VERTEX
8
L0D0
10
1203.6
20
-750
0
VERTEX
8
L0D0
10
1200
20
-750
0
VERTEX
8
L0D0
10
1200
20
-521.8
0
VERTEX
8
L0D0
10
1198.8
20
-521.8
0
VERTEX
8
L0D0
10
1198.8
20
-750
0
VERTEX
8
L0D0
10
1195.2
20
-750
0
VERTEX
8
L0D0
10
1195.2
20
-521.8
0
VERTEX
8
L0D0
10
1194
20
-521.8
0
VERTEX
8
L0D0
10
1194
20
-750
0
VERTEX
8
L0D0
10
1190.4
20
-750
0
VERTEX
8
L0D0
10
1190.4
20
-521.8
0
VERTEX
8
L0D0
10
1189.2
20
-521.8
0
VERTEX
8
L0D0
10
1189.2
20
-750
0
VERTEX
8
L0D0
10
1185.6
20
-750
0
VERTEX
8
L0D0
10
1185.6
20
-521.8
0
VERTEX
8
L0D0
10
1184.4
20
-521.8
0
VERTEX
8
L0D0
10
1184.4
20
-750
0
VERTEX
8
L0D0
10
1180.8
20
-750
0
VERTEX
8
L0D0
10
1180.8
20
-521.8
0
VERTEX
8
L0D0
10
1179.6
20
-521.8
0
VERTEX
8
L0D0
10
1179.6
20
-750
0
VERTEX
8
L0D0
10
1176
20
-750
0
VERTEX
8
L0D0
10
1176
20
-521.8
0
VERTEX
8
L0D0
10
1174.8
20
-521.8
0
VERTEX
8
L0D0
10
1174.8
20
-750
0
VERTEX
8
L0D0
10
1171.2
20
-750
0
VERTEX
8
L0D0
10
1171.2
20
-521.8
0
VERTEX
8
L0D0
10
1170
20
-521.8
0
VERTEX
8
L0D0
10
1170
20
-750
0
VERTEX
8
L0D0
10
1166.4
20
-750
0
VERTEX
8
L0D0
10
1166.4
20
-521.8
0
VERTEX
8
L0D0
10
1165.2
20
-521.8
0
VERTEX
8
L0D0
10
1165.2
20
-750
0
VERTEX
8
L0D0
10
1161.6
20
-750
0
VERTEX
8
L0D0
10
1161.6
20
-521.8
0
VERTEX
8
L0D0
10
1160.4
20
-521.8
0
VERTEX
8
L0D0
10
1160.4
20
-750
0
VERTEX
8
L0D0
10
1156.8
20
-750
0
VERTEX
8
L0D0
10
1156.8
20
-521.8
0
VERTEX
8
L0D0
10
1155.6
20
-521.8
0
VERTEX
8
L0D0
10
1155.6
20
-750
0
VERTEX
8
L0D0
10
1152
20
-750
0
VERTEX
8
L0D0
10
1152
20
-521.4
0
VERTEX
8
L0D0
10
652
20
-521.4
0
VERTEX
8
L0D0
10
649.156
20
-521.36
0
VERTEX
8
L0D0
10
646.314
20
-521.24
0
VERTEX
8
L0D0
10
643.477
20
-521.041
0
VERTEX
8
L0D0
10
640.647
20
-520.762
0
VERTEX
8
L0D0
10
637.825
20
-520.404
0
VERTEX
8
L0D0
10
635.015
20
-519.967
0
VERTEX
8
L0D0
10
632.218
20
-519.452
0
VERTEX
8
L0D0
10
629.436
20
-518.858
0
VERTEX
8
L0D0
10
626.673
20
-518.186
0
VERTEX
8
L0D0
10
623.929
20
-517.437
0
VERTEX
8
L0D0
10
621.207
20
-516.611
0
VERTEX
8
L0D0
10
618.51
20
-515.71
0
VERTEX
8
L0D0
10
615.839
20
-514.733
0
VERTEX
8
L0D0
10
613.196
20
-513.681
0
VERTEX
8
L0D0
10
610.584
20
-512.556
0
VERTEX
8
L0D0
10
608.004
20
-511.358
0
VERTEX
8
L0D0
10
605.459
20
-510.088
0
VERTEX
8
L0D0
10
602.951
20
-508.748
0
VERTEX
8
L0D0
10
600.481
20
-507.337
0
VERTEX
8
L0D0
10
598.052
20
-505.858
0
VERTEX
8
L0D0
10
595.665
20
-504.311
0
VERTEX
8
L0D0
10
593.323
20
-502.698
0
VERTEX
8
L0D0
10
591.026
20
-501.02
0
VERTEX
8
L0D0
10
588.778
20
-499.278
0
VERTEX
8
L0D0
10
586.58
20
-497.473
0
VERTEX
8
L0D0
10
584.432
20
-495.608
0
VERTEX
8
L0D0
10
582.339
20
-493.683
0
VERTEX
8
L0D0
10
580.299
20
-491.701
0
VERTEX
8
L0D0
10
578.317
20
-489.661
0
VERTEX
8
L0D0
10
576.392
20
-487.568
0
VERTEX
8
L0D0
10
574.527
20
-485.42
0
VERTEX
8
L0D0
10
572.722
20
-483.222
0
VERTEX
8
L0D0
10
570.98
20
-480.974
0
VERTEX
8
L0D0
10
569.302
20
-478.677
0
VERTEX
8
L0D0
10
567.689
20
-476.335
0
VERTEX
8
L0D0
10
566.142
20
-473.948
0
VERTEX
8
L0D0
10
564.663
20
-471.519
0
VERTEX
8
L0D0
10
563.252
20
-469.049
0
VERTEX
8
L0D0
10
561.912
20
-466.541
0
VERTEX
8
L0D0
10
560.642
20
-463.996
0
VERTEX
8
L0D0
10
559.444
20
-461.416
0
VERTEX
8
L0D0
10
558.319
20
-458.804
0
VERTEX
8
L0D0
10
557.267
20
-456.161
0
VERTEX
8
L0D0
10
556.29
20
-453.49
0
VERTEX
8
L0D0
10
555.389
20
-450.793
0
VERTEX
8
L0D0
10
554.563
20
-448.071
0
VERTEX
8
L0D0
10
553.814
20
-445.327
0
VERTEX
8
L0D0
10
553.142
20
-442.564
0
VERTEX
8
L0D0
10
552.548
20
-439.782
0
VERTEX
8
L0D0
10
552.033
20
-436.985
0
VERTEX
8
L0D0
10
551.596
20
-434.175
0
VERTEX
8
L0D0
10
551.4
20
-432.633
0
VERTEX
8
L0D0
10
551.4
20
-570
0
VERTEX
8
L0D0
10
551.439
20
-572.77
0
VERTEX
8
L0D0
10
551.556
20
-575.538
0
VERTEX
8
L0D0
10
551.75
20
-578.302
0
VERTEX
8
L0D0
10
552.022
20
-581.059
0
VERTEX
8
L0D0
10
552.372
20
-583.808
0
VERTEX
8
L0D0
10
552.798
20
-586.545
0
VERTEX
8
L0D0
10
553.301
20
-589.27
0
VERTEX
8
L0D0
10
553.881
20
-591.979
0
VERTEX
8
L0D0
10
554.536
20
-594.671
0
VERTEX
8
L0D0
10
555.267
20
-597.343
0
VERTEX
8
L0D0
10
556.073
20
-599.994
0
VERTEX
8
L0D0
10
556.953
20
-602.621
0
VERTEX
8
L0D0
10
557.906
20
-605.223
0
VERTEX
8
L0D0
10
558.932
20
-607.796
0
VERTEX
8
L0D0
10
560.03
20
-610.34
0
VERTEX
8
L0D0
10
561.199
20
-612.852
0
VERTEX
8
L0D0
10
562.438
20
-615.33
0
VERTEX
8
L0D0
10
563.746
20
-617.772
0
VERTEX
8
L0D0
10
565.122
20
-620.177
0
VERTEX
8
L0D0
10
566.565
20
-622.542
0
VERTEX
8
L0D0
10
568.075
20
-624.865
0
VERTEX
8
L0D0
10
569.648
20
-627.145
0
VERTEX
8
L0D0
10
571.286
20
-629.38
0
VERTEX
8
L0D0
10
572.985
20
-631.568
0
VERTEX
8
L0D0
10
574.745
20
-633.708
0
VERTEX
8
L0D0
10
576.565
20
-635.797
0
VERTEX
8
L0D0
10
578.443
20
-637.834
0
VERTEX
8
L0D0
10
580.377
20
-639.818
0
VERTEX
8
L0D0
10
582.366
20
-641.747
0
VERTEX
8
L0D0
10
584.408
20
-643.619
0
VERTEX
8
L0D0
10
586.503
20
-645.432
0
VERTEX
8
L0D0
10
588.647
20
-647.187
0
VERTEX
8
L0D0
10
590.84
20
-648.88
0
VERTEX
8
L0D0
10
950.84
20
-918.88
0
VERTEX
8
L0D0
10
950.36
20
-919.52
0
VERTEX
8
L0D0
10
590.36
20
-649.52
0
VERTEX
8
L0D0
10
588.149
20
-647.813
0
VERTEX
8
L0D0
10
585.988
20
-646.044
0
VERTEX
8
L0D0
10
583.876
20
-644.216
0
VERTEX
8
L0D0
10
581.817
20
-642.329
0
VERTEX
8
L0D0
10
579.812
20
-640.385
0
VERTEX
8
L0D0
10
577.862
20
-638.385
0
VERTEX
8
L0D0
10
575.969
20
-636.331
0
VERTEX
8
L0D0
10
574.135
20
-634.225
0
VERTEX
8
L0D0
10
572.36
20
-632.068
0
VERTEX
8
L0D0
10
570.647
20
-629.862
0
VERTEX
8
L0D0
10
568.996
20
-627.609
0
VERTEX
8
L0D0
10
567.41
20
-625.31
0
VERTEX
8
L0D0
10
565.888
20
-622.968
0
VERTEX
8
L0D0
10
564.433
20
-620.584
0
VERTEX
8
L0D0
10
563.046
20
-618.16
0
VERTEX
8
L0D0
10
561.727
20
-615.698
0
VERTEX
8
L0D0
10
560.478
20
-613.2
0
VERTEX
8
L0D0
10
559.3
20
-610.667
0
VERTEX
8
L0D0
10
558.193
20
-608.103
0
VERTEX
8
L0D0
10
557.159
20
-605.508
0
VERTEX
8
L0D0
10
556.198
20
-602.886
0
VERTEX
8
L0D0
10
555.311
20
-600.237
0
VERTEX
8
L0D0
10
554.499
20
-597.565
0
VERTEX
8
L0D0
10
553.762
20
-594.871
0
VERTEX
8
L0D0
10
553.101
20
-592.157
0
VERTEX
8
L0D0
10
552.517
20
-589.426
0
VERTEX
8
L0D0
10
552.009
20
-586.679
0
VERTEX
8
L0D0
10
551.579
20
-583.92
0
VERTEX
8
L0D0
10
551.227
20
-581.149
0
VERTEX
8
L0D0
10
550.953
20
-578.369
0
VERTEX
8
L0D0
10
550.757
20
-575.583
0
VERTEX
8
L0D0
10
550.639
20
-572.793
0
VERTEX
8
L0D0
10
550.6
20
-570
0
VERTEX
8
L0D0
10
550.6
20
-420
0
VERTEX
8
L0D0
10
551.4
20
-420
0
VERTEX
8
L0D0
10
551.44
20
-422.821
0
VERTEX
8
L0D0
10
551.558
20
-425.641
0
VERTEX
8
L0D0
10
551.756
20
-428.455
0
VERTEX
8
L0D0
10
552.033
20
-431.264
0
VERTEX
8
L0D0
10
552.388
20
-434.063
0
VERTEX
8
L0D0
10
552.821
20
-436.851
0
VERTEX
8
L0D0
10
553.333
20
-439.626
0
VERTEX
8
L0D0
10
553.922
20
-442.386
0
VERTEX
8
L0D0
10
554.589
20
-445.128
0
VERTEX
8
L0D0
10
555.332
20
-447.85
0
VERTEX
8
L0D0
10
556.151
20
-450.55
0
VERTEX
8
L0D0
10
557.045
20
-453.226
0
VERTEX
8
L0D0
10
558.015
20
-455.876
0
VERTEX
8
L0D0
10
559.058
20
-458.498
0
VERTEX
8
L0D0
10
560.174
20
-461.089
0
VERTEX
8
L0D0
10
561.363
20
-463.649
0
VERTEX
8
L0D0
10
562.622
20
-466.174
0
VERTEX
8
L0D0
10
563.953
20
-468.662
0
VERTEX
8
L0D0
10
565.352
20
-471.112
0
VERTEX
8
L0D0
10
566.82
20
-473.522
0
VERTEX
8
L0D0
10
568.354
20
-475.89
0
VERTEX
8
L0D0
10
569.955
20
-478.214
0
VERTEX
8
L0D0
10
571.62
20
-480.492
0
VERTEX
8
L0D0
10
573.348
20
-482.723
0
VERTEX
8
L0D0
10
575.138
20
-484.904
0
VERTEX
8
L0D0
10
576.988
20
-487.034
0
VERTEX
8
L0D0
10
578.898
20
-489.112
0
VERTEX
8
L0D0
10
580.865
20
-491.135
0
VERTEX
8
L0D0
10
582.888
20
-493.102
0
VERTEX
8
L0D0
10
584.966
20
-495.012
0
VERTEX
8
L0D0
10
587.096
20
-496.862
0
VERTEX
8
L0D0
10
589.277
20
-498.652
0
VERTEX
8
L0D0
10
591.508
20
-500.38
0
VERTEX
8
L0D0
10
593.786
20
-502.045
0
VERTEX
8
L0D0
10
596.11
20
-503.646
0
VERTEX
8
L0D0
10
598.478
20
-505.18
0
VERTEX
8
L0D0
10
600.888
20
-506.648
0
VERTEX
8
L0D0
10
603.338
20
-508.047
0
VERTEX
8
L0D0
10
605.826
20
-509.378
0
VERTEX
8
L0D0
10
608.351
20
-510.637
0
VERTEX
8
L0D0
10
610.911
20
-511.826
0
VERTEX
8
L0D0
10
613.502
20
-512.942
0
VERTEX
8
L0D0
10
616.124
20
-513.985
0
VERTEX
8
L0D0
10
618.774
20
-514.955
0
VERTEX
8
L0D0
10
621.45
20
-515.849
0
VERTEX
8
L0D0
10
624.15
20
-516.668
0
VERTEX
8
L0D0
10
626.872
20
-517.411
0
VERTEX
8
L0D0
10
629.614
20
-518.078
0
VERTEX
8
L0D0
10
632.374
20
-518.667
0
VERTEX
8
L0D0
10
635.149
20
-519.179
0
VERTEX
8
L0D0
10
637.937
20
-519.612
0
VERTEX
8
L0D0
10
640.736
20
-519.967
0
VERTEX
8
L0D0
10
643.545
20
-520.244
0
VERTEX
8
L0D0
10
646.359
20
-520.442
0
VERTEX
8
L0D0
10
649.179
20
-520.56
0
VERTEX
8
L0D0
10
652
20
-520.6
0
VERTEX
8
L0D0
10
1158
20
-520.6
0
VERTEX
8
L0D0
10
1158
20
-748.8
0
VERTEX
8
L0D0
10
1159.2
20
-748.8
0
VERTEX
8
L0D0
10
1159.2
20
-520.6
0
VERTEX
8
L0D0
10
1162.8
20
-520.6
0
VERTEX
8
L0D0
10
1162.8
20
-748.8
0
VERTEX
8
L0D0
10
1164
20
-748.8
0
VERTEX
8
L0D0
10
1164
20
-520.6
0
VERTEX
8
L0D0
10
1167.6
20
-520.6
0
VERTEX
8
L0D0
10
1167.6
20
-748.8
0
VERTEX
8
L0D0
10
1168.8
20
-748.8
0
VERTEX
8
L0D0
10
1168.8
20
-520.6
0
VERTEX
8
L0D0
10
1172.4
20
-520.6
0
VERTEX
8
L0D0
10
1172.4
20
-748.8
0
VERTEX
8
L0D0
10
1173.6
20
-748.8
0
VERTEX
8
L0D0
10
1173.6
20
-520.6
0
VERTEX
8
L0D0
10
1177.2
20
-520.6
0
VERTEX
8
L0D0
10
1177.2
20
-748.8
0
VERTEX
8
L0D0
10
1178.4
20
-748.8
0
VERTEX
8
L0D0
10
1178.4
20
-520.6
0
VERTEX
8
L0D0
10
1182
20
-520.6
0
VERTEX
8
L0D0
10
1182
20
-748.8
0
VERTEX
8
L0D0
10
1183.2
20
-748.8
0
VERTEX
8
L0D0
10
1183.2
20
-520.6
0
VERTEX
8
L0D0
10
1186.8
20
-520.6
0
VERTEX
8
L0D0
10
1186.8
20
-748.8
0
VERTEX
8
L0D0
10
1188
20
-748.8
0
VERTEX
8
L0D0
10
1188
20
-520.6
0
VERTEX
8
L0D0
10
1191.6
20
-520.6
0
VERTEX
8
L0D0
10
1191.6
20
-748.8
0
VERTEX
8
L0D0
10
1192.8
20
-748.8
0
VERTEX
8
L0D0
10
1192.8
20
-520.6
0
VERTEX
8
L0D0
10
1196.4
20
-520.6
0
VERTEX
8
L0D0
10
1196.4
20
-748.8
0
VERTEX
8
L0D0
10
1197.6
20
-748.8
0
VERTEX
8
L0D0
10
1197.6
20
-520.6
0
VERTEX
8
L0D0
10
1201.2
20
-520.6
0
VERTEX
8
L0D0
10
1201.2
20
-748.8
0
VERTEX
8
L0D0
10
1202.4
20
-748.8
0
VERTEX
8
L0D0
10
1202.4
20
-520.6
0
VERTEX
8
L0D0
10
1206
20
-520.6
0
VERTEX
8
L0D0
10
1206
20
-748.8
0
VERTEX
8
L0D0
10
1207.2
20
-748.8
0
VERTEX
8
L0D0
10
1207.2
20
-520.6
0
VERTEX
8
L0D0
10
1210.8
20
-520.6
0
VERTEX
8
L0D0
10
1210.8
20
-748.8
0
VERTEX
8
L0D0
10
1212
20
-748.8
0
VERTEX
8
L0D0
10
1212
20
-520.6
0
VERTEX
8
L0D0
10
1215.6
20
-520.6
0
VERTEX
8
L0D0
10
1215.6
20
-748.8
0
VERTEX
8
L0D0
10
1216.8
20
-748.8
0
VERTEX
8
L0D0
10
1216.8
20
-520.6
0
VERTEX
8
L0D0
10
1220.4
20
-520.6
0
VERTEX
8
L0D0
10
1220.4
20
-748.8
0
VERTEX
8
L0D0
10
1221.6
20
-748.8
0
VERTEX
8
L0D0
10
1221.6
20
-520.6
0
VERTEX
8
L0D0
10
1225.2
20
-520.6
0
VERTEX
8
L0D0
10
1225.2
20
-748.8
0
VERTEX
8
L0D0
10
1226.4
20
-748.8
0
VERTEX
8
L0D0
10
1226.4
20
-520.6
0
VERTEX
8
L0D0
10
1230
20
-520.6
0
VERTEX
8
L0D0
10
1230
20
-748.8
0
VERTEX
8
L0D0
10
1231.2
20
-748.8
0
VERTEX
8
L0D0
10
1231.2
20
-520.6
0
VERTEX
8
L0D0
10
1234.8
20
-520.6
0
VERTEX
8
L0D0
10
1234.8
20
-748.8
0
VERTEX
8
L0D0
10
1236
20
-748.8
0
VERTEX
8
L0D0
10
1236
20
-520.6
0
VERTEX
8
L0D0
10
1239.6
20
-520.6
0
VERTEX
8
L0D0
10
1239.6
20
-748.8
0
VERTEX
8
L0D0
10
1240.8
20
-748.8
0
VERTEX
8
L0D0
10
1240.8
20
-520.6
0
VERTEX
8
L0D0
10
1244.4
20
-520.6
0
VERTEX
8
L0D0
10
1244.4
20
-748.8
0
VERTEX
8
L0D0
10
1245.6
20
-748.8
0
VERTEX
8
L0D0
10
1245.6
20
-520.6
0
VERTEX
8
L0D0
10
1249.2
20
-520.6
0
VERTEX
8
L0D0
10
1249.2
20
-748.8
0
VERTEX
8
L0D0
10
1250.4
20
-748.8
0
VERTEX
8
L0D0
10
1250.4
20
-520.6
0
VERTEX
8
L0D0
10
1254
20
-520.6
0
VERTEX
8
L0D0
10
1254
20
-748.8
0
VERTEX
8
L0D0
10
1255.2
20
-748.8
0
VERTEX
8
L0D0
10
1255.2
20
-520.6
0
VERTEX
8
L0D0
10
1258.8
20
-520.6
0
VERTEX
8
L0D0
10
1258.8
20
-748.8
0
VERTEX
8
L0D0
10
1260
20
-748.8
0
VERTEX
8
L0D0
10
1260
20
-520.6
0
VERTEX
8
L0D0
10
1263.6
20
-520.6
0
VERTEX
8
L0D0
10
1263.6
20
-748.8
0
VERTEX
8
L0D0
10
1264.8
20
-748.8
0
VERTEX
8
L0D0
10
1264.8
20
-520.6
0
VERTEX
8
L0D0
10
1268.4
20
-520.6
0
VERTEX
8
L0D0
10
1268.4
20
-748.8
0
VERTEX
8
L0D0
10
1269.6
20
-748.8
0
VERTEX
8
L0D0
10
1269.6
20
-520.6
0
VERTEX
8
L0D0
10
1273.2
20
-520.6
0
VERTEX
8
L0D0
10
1273.2
20
-748.8
0
VERTEX
8
L0D0
10
1274.4
20
-748.8
0
VERTEX
8
L0D0
10
1274.4
20
-520.6
0
VERTEX
8
L0D0
10
1278
20
-520.6
0
VERTEX
8
L0D0
10
1278
20
-748.8
0
VERTEX
8
L0D0
10
1279.2
20
-748.8
0
VERTEX
8
L0D0
10
1279.2
20
-520.6
0
VERTEX
8
L0D0
10
1282.8
20
-520.6
0
VERTEX
8
L0D0
10
1282.8
20
-748.8
0
VERTEX
8
L0D0
10
1284
20
-748.8
0
VERTEX
8
L0D0
10
1284
20
-520.6
0
VERTEX
8
L0D0
10
1287.6
20
-520.6
0
VERTEX
8
L0D0
10
1287.6
20
-748.8
0
VERTEX
8
L0D0
10
1288.8
20
-748.8
0
VERTEX
8
L0D0
10
1288.8
20
-520.6
0
VERTEX
8
L0D0
10
1292.4
20
-520.6
0
VERTEX
8
L0D0
10
1292.4
20
-748.8
0
VERTEX
8
L0D0
10
1293.6
20
-748.8
0
VERTEX
8
L0D0
10
1293.6
20
-520.6
0
VERTEX
8
L0D0
10
1297.2
20
-520.6
0
VERTEX
8
L0D0
10
1297.2
20
-748.8
0
VERTEX
8
L0D0
10
1298.4
20
-748.8
0
VERTEX
8
L0D0
10
1298.4
20
-520.6
0
VERTEX
8
L0D0
10
1308
20
-520.6
0
VERTEX
8
L0D0
10
1308
20
-291.8
0
VERTEX
8
L0D0
10
1309.2
20
-291.8
0
VERTEX
8
L0D0
10
1309.2
20
-749.4
0
VERTEX
8
L0D0
10
1312.8
20
-749.4
0
VERTEX
8
L0D0
10
1312.8
20
-291.8
0
VERTEX
8
L0D0
10
1314
20
-291.8
0
VERTEX
8
L0D0
10
1314
20
-749.4
0
VERTEX
8
L0D0
10
1317.6
20
-749.4
0
VERTEX
8
L0D0
10
1317.6
20
-291.8
0
VERTEX
8
L0D0
10
1318.8
20
-291.8
0
VERTEX
8
L0D0
10
1318.8
20
-749.4
0
VERTEX
8
L0D0
10
1322.4
20
-749.4
0
VERTEX
8
L0D0
10
1322.4
20
-291.8
0
VERTEX
8
L0D0
10
1323.6
20
-291.8
0
VERTEX
8
L0D0
10
1323.6
20
-749.4
0
VERTEX
8
L0D0
10
1327.2
20
-749.4
0
VERTEX
8
L0D0
10
1327.2
20
-291.8
0
VERTEX
8
L0D0
10
1328.4
20
-291.8
0
VERTEX
8
L0D0
10
1328.4
20
-749.4
0
VERTEX
8
L0D0
10
1332
20
-749.4
0
VERTEX
8
L0D0
10
1332
20
-291.8
0
VERTEX
8
L0D0
10
1333.2
20
-291.8
0
VERTEX
8
L0D0
10
1333.2
20
-749.4
0
VERTEX
8
L0D0
10
1336.8
20
-749.4
0
VERTEX
8
L0D0
10
1336.8
20
-291.8
0
VERTEX
8
L0D0
10
1338
20
-291.8
0
VERTEX
8
L0D0
10
1338
20
-749.4
0
VERTEX
8
L0D0
10
1341.6
20
-749.4
0
VERTEX
8
L0D0
10
1341.6
20
-291.8
0
VERTEX
8
L0D0
10
1342.8
20
-291.8
0
VERTEX
8
L0D0
10
1342.8
20
-749.4
0
VERTEX
8
L0D0
10
1346.4
20
-749.4
0
VERTEX
8
L0D0
10
1346.4
20
-291.8
0
VERTEX
8
L0D0
10
1347.6
20
-291.8
0
VERTEX
8
L0D0
10
1347.6
20
-749.4
0
VERTEX
8
L0D0
10
1351.2
20
-749.4
0
VERTEX
8
L0D0
10
1351.2
20
-291.8
0
VERTEX
8
L0D0
10
1352.4
20
-291.8
0
VERTEX
8
L0D0
10
1352.4
20
-749.4
0
VERTEX
8
L0D0
10
1356
20
-749.4
0
VERTEX
8
L0D0
10
1356
20
-291.8
0
VERTEX
8
L0D0
10
1357.2
20
-291.8
0
VERTEX
8
L0D0
10
1357.2
20
-749.4
0
VERTEX
8
L0D0
10
1360.8
20
-749.4
0
VERTEX
8
L0D0
10
1360.8
20
-291.8
0
VERTEX
8
L0D0
10
1362
20
-291.8
0
VERTEX
8
L0D0
10
1362
20
-749.4
0
VERTEX
8
L0D0
10
1365.6
20
-749.4
0
VERTEX
8
L0D0
10
1365.6
20
-291.8
0
VERTEX
8
L0D0
10
1366.8
20
-291.8
0
VERTEX
8
L0D0
10
1366.8
20
-749.4
0
VERTEX
8
L0D0
10
1370.4
20
-749.4
0
VERTEX
8
L0D0
10
1370.4
20
-291.8
0
VERTEX
8
L0D0
10
1371.6
20
-291.8
0
VERTEX
8
L0D0
10
1371.6
20
-749.4
0
VERTEX
8
L0D0
10
1375.2
20
-749.4
0
VERTEX
8
L0D0
10
1375.2
20
-291.8
0
VERTEX
8
L0D0
10
1376.4
20
-291.8
0
VERTEX
8
L0D0
10
1376.4
20
-749.4
0
VERTEX
8
L0D0
10
1380
20
-749.4
0
VERTEX
8
L0D0
10
1380
20
-291.8
0
VERTEX
8
L0D0
10
1381.2
20
-291.8
0
VERTEX
8
L0D0
10
1381.2
20
-749.4
0
VERTEX
8
L0D0
10
1384.8
20
-749.4
0
VERTEX
8
L0D0
10
1384.8
20
-291.8
0
VERTEX
8
L0D0
10
1386
20
-291.8
0
VERTEX
8
L0D0
10
1386
20
-749.4
0
VERTEX
8
L0D0
10
1389.6
20
-749.4
0
VERTEX
8
L0D0
10
1389.6
20
-291.8
0
VERTEX
8
L0D0
10
1390.8
20
-291.8
0
VERTEX
8
L0D0
10
1390.8
20
-749.4
0
VERTEX
8
L0D0
10
1394.4
20
-749.4
0
VERTEX
8
L0D0
10
1394.4
20
-291.8
0
VERTEX
8
L0D0
10
1395.6
20
-291.8
0
VERTEX
8
L0D0
10
1395.6
20
-749.4
0
VERTEX
8
L0D0
10
1399.2
20
-749.4
0
VERTEX
8
L0D0
10
1399.2
20
-291.8
0
VERTEX
8
L0D0
10
1400.4
20
-291.8
0
VERTEX
8
L0D0
10
1400.4
20
-749.4
0
VERTEX
8
L0D0
10
1404
20
-749.4
0
VERTEX
8
L0D0
10
1404
20
-291.8
0
VERTEX
8
L0D0
10
1405.2
20
-291.8
0
VERTEX
8
L0D0
10
1405.2
20
-749.4
0
VERTEX
8
L0D0
10
1408.8
20
-749.4
0
VERTEX
8
L0D0
10
1408.8
20
-291.8
0
VERTEX
8
L0D0
10
1410
20
-291.8
0
VERTEX
8
L0D0
10
1410
20
-749.4
0
VERTEX
8
L0D0
10
1413.6
20
-749.4
0
VERTEX
8
L0D0
10
1413.6
20
-291.8
0
VERTEX
8
L0D0
10
1414.8
20
-291.8
0
VERTEX
8
L0D0
10
1414.8
20
-749.4
0
VERTEX
8
L0D0
10
1418.4
20
-749.4
0
VERTEX
8
L0D0
10
1418.4
20
-291.8
0
VERTEX
8
L0D0
10
1419.6
20
-291.8
0
VERTEX
8
L0D0
10
1419.6
20
-749.4
0
VERTEX
8
L0D0
10
1423.2
20
-749.4
0
VERTEX
8
L0D0
10
1423.2
20
-291.8
0
VERTEX
8
L0D0
10
1424.4
20
-291.8
0
VERTEX
8
L0D0
10
1424.4
20
-749.4
0
VERTEX
8
L0D0
10
1428
20
-749.4
0
VERTEX
8
L0D0
10
1428
20
-291.8
0
VERTEX
8
L0D0
10
1429.2
20
-291.8
0
VERTEX
8
L0D0
10
1429.2
20
-749.4
0
VERTEX
8
L0D0
10
1432.8
20
-749.4
0
VERTEX
8
L0D0
10
1432.8
20
-291.8
0
VERTEX
8
L0D0
10
1434
20
-291.8
0
VERTEX
8
L0D0
10
1434
20
-749.4
0
VERTEX
8
L0D0
10
1437.6
20
-749.4
0
VERTEX
8
L0D0
10
1437.6
20
-291.8
0
VERTEX
8
L0D0
10
1438.8
20
-291.8
0
VERTEX
8
L0D0
10
1438.8
20
-749.4
0
VERTEX
8
L0D0
10
1442.4
20
-749.4
0
VERTEX
8
L0D0
10
1442.4
20
-291.8
0
VERTEX
8
L0D0
10
1443.6
20
-291.8
0
VERTEX
8
L0D0
10
1443.6
20
-749.4
0
VERTEX
8
L0D0
10
1447.2
20
-749.4
0
VERTEX
8
L0D0
10
1447.2
20
-291.8
0
VERTEX
8
L0D0
10
1448.4
20
-291.8
0
VERTEX
8
L0D0
10
1448.4
20
-749.4
0
VERTEX
8
L0D0
10
1452
20
-749.4
0
VERTEX
8
L0D0
10
1452
20
-291.8
0
VERTEX
8
L0D0
10
1453.2
20
-291.8
0
VERTEX
8
L0D0
10
1453.2
20
-749.4
0
VERTEX
8
L0D0
10
1456.8
20
-749.4
0
VERTEX
8
L0D0
10
1456.8
20
-291.8
0
VERTEX
8
L0D0
10
1458
20
-291.8
0
VERTEX
8
L0D0
10
1458
20
-749.4
0
VERTEX
8
L0D0
10
1461.6
20
-749.4
0
VERTEX
8
L0D0
10
1461.6
20
-291.8
0
VERTEX
8
L0D0
10
1462.8
20
-291.8
0
VERTEX
8
L0D0
10
1462.8
20
-749.4
0
VERTEX
8
L0D0
10
1466.4
20
-749.4
0
VERTEX
8
L0D0
10
1466.4
20
-291.8
0
VERTEX
8
L0D0
10
1467.6
20
-291.8
0
VERTEX
8
L0D0
10
1467.6
20
-749.4
0
VERTEX
8
L0D0
10
1471.2
20
-749.4
0
VERTEX
8
L0D0
10
1471.2
20
-291.8
0
VERTEX
8
L0D0
10
1472.4
20
-291.8
0
VERTEX
8
L0D0
10
1472.4
20
-749.4
0
VERTEX
8
L0D0
10
1476
20
-749.4
0
VERTEX
8
L0D0
10
1476
20
-291.8
0
VERTEX
8
L0D0
10
1477.2
20
-291.8
0
VERTEX
8
L0D0
10
1477.2
20
-749.4
0
VERTEX
8
L0D0
10
1480.8
20
-749.4
0
VERTEX
8
L0D0
10
1480.8
20
-291.8
0
VERTEX
8
L0D0
10
1482
20
-291.8
0
VERTEX
8
L0D0
10
1482
20
-749.4
0
VERTEX
8
L0D0
10
1485.6
20
-749.4
0
VERTEX
8
L0D0
10
1485.6
20
-291.8
0
VERTEX
8
L0D0
10
1486.8
20
-291.8
0
VERTEX
8
L0D0
10
1486.8
20
-749.4
0
VERTEX
8
L0D0
10
1490.4
20
-749.4
0
VERTEX
8
L0D0
10
1490.4
20
-291.8
0
VERTEX
8
L0D0
10
1491.6
20
-291.8
0
VERTEX
8
L0D0
10
1491.6
20
-749.4
0
VERTEX
8
L0D0
10
1495.2
20
-749.4
0
VERTEX
8
L0D0
10
1495.2
20
-291.8
0
VERTEX
8
L0D0
10
1496.4
20
-291.8
0
VERTEX
8
L0D0
10
1496.4
20
-749.4
0
VERTEX
8
L0D0
10
1500
20
-749.4
0
VERTEX
8
L0D0
10
1500
20
-520.6
0
VERTEX
8
L0D0
10
1508.4
20
-520.6
0
VERTEX
8
L0D0
10
1508.4
20
-748.8
0
VERTEX
8
L0D0
10
1509.6
20
-748.8
0
VERTEX
8
L0D0
10
1509.6
20
-520.6
0
VERTEX
8
L0D0
10
1513.2
20
-520.6
0
VERTEX
8
L0D0
10
1513.2
20
-748.8
0
VERTEX
8
L0D0
10
1514.4
20
-748.8
0
VERTEX
8
L0D0
10
1514.4
20
-520.6
0
VERTEX
8
L0D0
10
1518
20
-520.6
0
VERTEX
8
L0D0
10
1518
20
-748.8
0
VERTEX
8
L0D0
10
1519.2
20
-748.8
0
VERTEX
8
L0D0
10
1519.2
20
-520.6
0
VERTEX
8
L0D0
10
1522.8
20
-520.6
0
VERTEX
8
L0D0
10
1522.8
20
-748.8
0
VERTEX
8
L0D0
10
1524
20
-748.8
0
VERTEX
8
L0D0
10
1524
20
-520.6
0
VERTEX
8
L0D0
10
1527.6
20
-520.6
0
VERTEX
8
L0D0
10
1527.6
20
-748.8
0
VERTEX
8
L0D0
10
1528.8
20
-748.8
0
VERTEX
8
L0D0
10
1528.8
20
-520.6
0
VERTEX
8
L0D0
10
1532.4
20
-520.6
0
VERTEX
8
L0D0
10
1532.4
20
-748.8
0
VERTEX
8
L0D0
10
1533.6
20
-748.8
0
VERTEX
8
L0D0
10
1533.6
20
-520.6
0
VERTEX
8
L0D0
10
1537.2
20
-520.6
0
VERTEX
8
L0D0
10
1537.2
20
-748.8
0
VERTEX
8
L0D0
10
1538.4
20
-748.8
0
VERTEX
8
L0D0
10
1538.4
20
-520.6
0
VERTEX
8
L0D0
10
1542
20
-520.6
0
VERTEX
8
L0D0
10
1542
20
-748.8
0
VERTEX
8
L0D0
10
1543.2
20
-748.8
0
VERTEX
8
L0D0
10
1543.2
20
-520.6
0
VERTEX
8
L0D0
10
1546.8
20
-520.6
0
VERTEX
8
L0D0
10
1546.8
20
-748.8
0
VERTEX
8
L0D0
10
1548
20
-748.8
0
VERTEX
8
L0D0
10
1548
20
-520.6
0
VERTEX
8
L0D0
10
1551.6
20
-520.6
0
VERTEX
8
L0D0
10
1551.6
20
-748.8
0
VERTEX
8
L0D0
10
1552.8
20
-748.8
0
VERTEX
8
L0D0
10
1552.8
20
-520.6
0
VERTEX
8
L0D0
10
1556.4
20
-520.6
0
VERTEX
8
L0D0
10
1556.4
20
-748.8
0
VERTEX
8
L0D0
10
1557.6
20
-748.8
0
VERTEX
8
L0D0
10
1557.6
20
-520.6
0
VERTEX
8
L0D0
10
1561.2
20
-520.6
0
VERTEX
8
L0D0
10
1561.2
20
-748.8
0
VERTEX
8
L0D0
10
1562.4
20
-748.8
0
VERTEX
8
L0D0
10
1562.4
20
-520.6
0
VERTEX
8
L0D0
10
1566
20
-520.6
0
VERTEX
8
L0D0
10
1566
20
-748.8
0
VERTEX
8
L0D0
10
1567.2
20
-748.8
0
VERTEX
8
L0D0
10
1567.2
20
-520.6
0
VERTEX
8
L0D0
10
1570.8
20
-520.6
0
VERTEX
8
L0D0
10
1570.8
20
-748.8
0
VERTEX
8
L0D0
10
1572
20
-748.8
0
VERTEX
8
L0D0
10
1572
20
-520.6
0
VERTEX
8
L0D0
10
1575.6
20
-520.6
0
VERTEX
8
L0D0
10
1575.6
20
-748.8
0
VERTEX
8
L0D0
10
1576.8
20
-748.8
0
VERTEX
8
L0D0
10
1576.8
20
-520.6
0
VERTEX
8
L0D0
10
1580.4
20
-520.6
0
VERTEX
8
L0D0
10
1580.4
20
-748.8
0
VERTEX
8
L0D0
10
1581.6
20
-748.8
0
VERTEX
8
L0D0
10
1581.6
20
-520.6
0
VERTEX
8
L0D0
10
1585.2
20
-520.6
0
VERTEX
8
L0D0
10
1585.2
20
-748.8
0
VERTEX
8
L0D0
10
1586.4
20
-748.8
0
VERTEX
8
L0D0
10
1586.4
20
-520.6
0
VERTEX
8
L0D0
10
1590
20
-520.6
0
VERTEX
8
L0D0
10
1590
20
-748.8
0
VERTEX
8
L0D0
10
1591.2
20
-748.8
0
VERTEX
8
L0D0
10
1591.2
20
-520.6
0
VERTEX
8
L0D0
10
1594.8
20
-520.6
0
VERTEX
8
L0D0
10
1594.8
20
-748.8
0
VERTEX
8
L0D0
10
1596
20
-748.8
0
VERTEX
8
L0D0
10
1596
20
-520.6
0
VERTEX
8
L0D0
10
1599.6
20
-520.6
0
VERTEX
8
L0D0
10
1599.6
20
-748.8
0
VERTEX
8
L0D0
10
1600.8
20
-748.8
0
VERTEX
8
L0D0
10
1600.8
20
-520.6
0
VERTEX
8
L0D0
10
1604.4
20
-520.6
0
VERTEX
8
L0D0
10
1604.4
20
-748.8
0
VERTEX
8
L0D0
10
1605.6
20
-748.8
0
VERTEX
8
L0D0
10
1605.6
20
-520.6
0
VERTEX
8
L0D0
10
1609.2
20
-520.6
0
VERTEX
8
L0D0
10
1609.2
20
-748.8
0
VERTEX
8
L0D0
10
1610.4
20
-748.8
0
VERTEX
8
L0D0
10
1610.4
20
-520.6
0
VERTEX
8
L0D0
10
1614
20
-520.6
0
VERTEX
8
L0D0
10
1614
20
-748.8
0
VERTEX
8
L0D0
10
1615.2
20
-748.8
0
VERTEX
8
L0D0
10
1615.2
20
-520.6
0
VERTEX
8
L0D0
10
1618.8
20
-520.6
0
VERTEX
8
L0D0
10
1618.8
20
-748.8
0
VERTEX
8
L0D0
10
1620
20
-748.8
0
VERTEX
8
L0D0
10
1620
20
-520.6
0
VERTEX
8
L0D0
10
1623.6
20
-520.6
0
VERTEX
8
L0D0
10
1623.6
20
-748.8
0
VERTEX
8
L0D0
10
1624.8
20
-748.8
0
VERTEX
8
L0D0
10
1624.8
20
-520.6
0
VERTEX
8
L0D0
10
1628.4
20
-520.6
0
VERTEX
8
L0D0
10
1628.4
20
-748.8
0
VERTEX
8
L0D0
10
1629.6
20
-748.8
0
VERTEX
8
L0D0
10
1629.6
20
-520.6
0
VERTEX
8
L0D0
10
1633.2
20
-520.6
0
VERTEX
8
L0D0
10
1633.2
20
-748.8
0
VERTEX
8
L0D0
10
1634.4
20
-748.8
0
VERTEX
8
L0D0
10
1634.4
20
-520.6
0
VERTEX
8
L0D0
10
1638
20
-520.6
0
VERTEX
8
L0D0
10
1638
20
-748.8
0
VERTEX
8
L0D0
10
1639.2
20
-748.8
0
VERTEX
8
L0D0
10
1639.2
20
-520.6
0
VERTEX
8
L0D0
10
1642.8
20
-520.6
0
VERTEX
8
L0D0
10
1642.8
20
-748.8
0
VERTEX
8
L0D0
10
1644
20
-748.8
0
VERTEX
8
L0D0
10
1644
20
-520.6
0
VERTEX
8
L0D0
10
1647.6
20
-520.6
0
VERTEX
8
L0D0
10
1647.6
20
-748.8
0
VERTEX
8
L0D0
10
1648.8
20
-748.8
0
VERTEX
8
L0D0
10
1648.8
20
-520.6
0
VERTEX
8
L0D0
10
1652.4
20
-520.6
0
VERTEX
8
L0D0
10
1652.4
20
-748.8
0
VERTEX
8
L0D0
10
1653.6
20
-748.8
0
VERTEX
8
L0D0
10
1653.6
20
-520.6
0
VERTEX
8
L0D0
10
1657.2
20
-520.6
0
VERTEX
8
L0D0
10
1657.2
20
-748.8
0
VERTEX
8
L0D0
10
1658.4
20
-748.8
0
VERTEX
8
L0D0
10
1658.4
20
-520.6
0
VERTEX
8
L0D0
10
1662
20
-520.6
0
VERTEX
8
L0D0
10
1662
20
-748.8
0
VERTEX
8
L0D0
10
1663.2
20
-748.8
0
VERTEX
8
L0D0
10
1663.2
20
-520.6
0
VERTEX
8
L0D0
10
1666.8
20
-520.6
0
VERTEX
8
L0D0
10
1666.8
20
-748.8
0
VERTEX
8
L0D0
10
1668
20
-748.8
0
VERTEX
8
L0D0
10
1668
20
-520.6
0
VERTEX
8
L0D0
10
1671.6
20
-520.6
0
VERTEX
8
L0D0
10
1671.6
20
-748.8
0
VERTEX
8
L0D0
10
1672.8
20
-748.8
0
VERTEX
8
L0D0
10
1672.8
20
-520.6
0
VERTEX
8
L0D0
10
1676.4
20
-520.6
0
VERTEX
8
L0D0
10
1676.4
20
-748.8
0
VERTEX
8
L0D0
10
1677.6
20
-748.8
0
VERTEX
8
L0D0
10
1677.6
20
-520.6
0
VERTEX
8
L0D0
10
1681.2
20
-520.6
0
VERTEX
8
L0D0
10
1681.2
20
-748.8
0
VERTEX
8
L0D0
10
1682.4
20
-748.8
0
VERTEX
8
L0D0
10
1682.4
20
-520.6
0
VERTEX
8
L0D0
10
1686
20
-520.6
0
VERTEX
8
L0D0
10
1686
20
-748.8
0
VERTEX
8
L0D0
10
1687.2
20
-748.8
0
VERTEX
8
L0D0
10
1687.2
20
-520.6
0
VERTEX
8
L0D0
10
1690.8
20
-520.6
0
VERTEX
8
L0D0
10
1690.8
20
-748.8
0
VERTEX
8
L0D0
10
1692
20
-748.8
0
VERTEX
8
L0D0
10
1692
20
-520.6
0
VERTEX
8
L0D0
10
1695.6
20
-520.6
0
VERTEX
8
L0D0
10
1695.6
20
-748.8
0
VERTEX
8
L0D0
10
1696.8
20
-748.8
0
VERTEX
8
L0D0
10
1696.8
20
-520.6
0
VERTEX
8
L0D0
10
1705.2
20
-520.6
0
VERTEX
8
L0D0
10
1705.2
20
-744.4
0
VERTEX
8
L0D0
10
2151.6
20
-744.4
0
VERTEX
8
L0D0
10
2151.6
20
-298
0
VERTEX
8
L0D0
10
1707.6
20
-298
0
VERTEX
8
L0D0
10
1707.6
20
-742
0
VERTEX
8
L0D0
10
2149.2
20
-742
0
VERTEX
8
L0D0
10
2149.2
20
-300.4
0
VERTEX
8
L0D0
10
1710
20
-300.4
0
VERTEX
8
L0D0
10
1710
20
-739.6
0
VERTEX
8
L0D0
10
2146.8
20
-739.6
0
VERTEX
8
L0D0
10
2146.8
20
-302.8
0
VERTEX
8
L0D0
10
1712.4
20
-302.8
0
VERTEX
8
L0D0
10
1712.4
20
-737.2
0
VERTEX
8
L0D0
10
2144.4
20
-737.2
0
VERTEX
8
L0D0
10
2144.4
20
-305.2
0
VERTEX
8
L0D0
10
1714.8
20
-305.2
0
VERTEX
8
L0D0
10
1714.8
20
-734.8
0
VERTEX
8
L0D0
10
2142
20
-734.8
0
VERTEX
8
L0D0
10
2142
20
-307.6
0
VERTEX
8
L0D0
10
1717.2
20
-307.6
0
VERTEX
8
L0D0
10
1717.2
20
-732.4
0
VERTEX
8
L0D0
10
2139.6
20
-732.4
0
VERTEX
8
L0D0
10
2139.6
20
-310
0
VERTEX
8
L0D0
10
1719.6
20
-310
0
VERTEX
8
L0D0
10
1719.6
20
-730
0
VERTEX
8
L0D0
10
2137.2
20
-730
0
VERTEX
8
L0D0
10
2137.2
20
-312.4
0
VERTEX
8
L0D0
10
1722
20
-312.4
0
VERTEX
8
L0D0
10
1722
20
-727.6
0
VERTEX
8
L0D0
10
2134.8
20
-727.6
0
VERTEX
8
L0D0
10
2134.8
20
-314.8
0
VERTEX
8
L0D0
10
1724.4
20
-314.8
0
VERTEX
8
L0D0
10
1724.4
20
-725.2
0
VERTEX
8
L0D0
10
2132.4
20
-725.2
0
VERTEX
8
L0D0
10
2132.4
20
-317.2
0
VERTEX
8
L0D0
10
1726.8
20
-317.2
0
VERTEX
8
L0D0
10
1726.8
20
-722.8
0
VERTEX
8
L0D0
10
2130
20
-722.8
0
VERTEX
8
L0D0
10
2130
20
-319.6
0
VERTEX
8
L0D0
10
1729.2
20
-319.6
0
VERTEX
8
L0D0
10
1729.2
20
-720.4
0
VERTEX
8
L0D0
10
2127.6
20
-720.4
0
VERTEX
8
L0D0
10
2127.6
20
-322
0
VERTEX
8
L0D0
10
1731.6
20
-322
0
VERTEX
8
L0D0
10
1731.6
20
-718
0
VERTEX
8
L0D0
10
2125.2
20
-718
0
VERTEX
8
L0D0
10
2125.2
20
-324.4
0
VERTEX
8
L0D0
10
1734
20
-324.4
0
VERTEX
8
L0D0
10
1734
20
-715.6
0
VERTEX
8
L0D0
10
2122.8
20
-715.6
0
VERTEX
8
L0D0
10
2122.8
20
-326.8
0
VERTEX
8
L0D0
10
1736.4
20
-326.8
0
VERTEX
8
L0D0
10
1736.4
20
-713.2
0
VERTEX
8
L0D0
10
2120.4
20
-713.2
0
VERTEX
8
L0D0
10
2120.4
20
-329.2
0
VERTEX
8
L0D0
10
1738.8
20
-329.2
0
VERTEX
8
L0D0
10
1738.8
20
-710.8
0
VERTEX
8
L0D0
10
2118
20
-710.8
0
VERTEX
8
L0D0
10
2118
20
-331.6
0
VERTEX
8
L0D0
10
1741.2
20
-331.6
0
VERTEX
8
L0D0
10
1741.2
20
-708.4
0
VERTEX
8
L0D0
10
2115.6
20
-708.4
0
VERTEX
8
L0D0
10
2115.6
20
-334
0
VERTEX
8
L0D0
10
1743.6
20
-334
0
VERTEX
8
L0D0
10
1743.6
20
-706
0
VERTEX
8
L0D0
10
2113.2
20
-706
0
VERTEX
8
L0D0
10
2113.2
20
-336.4
0
VERTEX
8
L0D0
10
1746
20
-336.4
0
VERTEX
8
L0D0
10
1746
20
-703.6
0
VERTEX
8
L0D0
10
2110.8
20
-703.6
0
VERTEX
8
L0D0
10
2110.8
20
-338.8
0
VERTEX
8
L0D0
10
1748.4
20
-338.8
0
VERTEX
8
L0D0
10
1748.4
20
-701.2
0
VERTEX
8
L0D0
10
2108.4
20
-701.2
0
VERTEX
8
L0D0
10
2108.4
20
-341.2
0
VERTEX
8
L0D0
10
1750.8
20
-341.2
0
VERTEX
8
L0D0
10
1750.8
20
-698.8
0
VERTEX
8
L0D0
10
2106
20
-698.8
0
VERTEX
8
L0D0
10
2106
20
-343.6
0
VERTEX
8
L0D0
10
1753.2
20
-343.6
0
VERTEX
8
L0D0
10
1753.2
20
-696.4
0
VERTEX
8
L0D0
10
2103.6
20
-696.4
0
VERTEX
8
L0D0
10
2103.6
20
-346
0
VERTEX
8
L0D0
10
1755.6
20
-346
0
VERTEX
8
L0D0
10
1755.6
20
-694
0
VERTEX
8
L0D0
10
2101.2
20
-694
0
VERTEX
8
L0D0
10
2101.2
20
-348.4
0
VERTEX
8
L0D0
10
1758
20
-348.4
0
VERTEX
8
L0D0
10
1758
20
-691.6
0
VERTEX
8
L0D0
10
2098.8
20
-691.6
0
VERTEX
8
L0D0
10
2098.8
20
-350.8
0
VERTEX
8
L0D0
10
1760.4
20
-350.8
0
VERTEX
8
L0D0
10
1760.4
20
-689.2
0
VERTEX
8
L0D0
10
2096.4
20
-689.2
0
VERTEX
8
L0D0
10
2096.4
20
-353.2
0
VERTEX
8
L0D0
10
1762.8
20
-353.2
0
VERTEX
8
L0D0
10
1762.8
20
-686.8
0
VERTEX
8
L0D0
10
2094
20
-686.8
0
VERTEX
8
L0D0
10
2094
20
-355.6
0
VERTEX
8
L0D0
10
1765.2
20
-355.6
0
VERTEX
8
L0D0
10
1765.2
20
-684.4
0
VERTEX
8
L0D0
10
2091.6
20
-684.4
0
VERTEX
8
L0D0
10
2091.6
20
-358
0
VERTEX
8
L0D0
10
1767.6
20
-358
0
VERTEX
8
L0D0
10
1767.6
20
-682
0
VERTEX
8
L0D0
10
2089.2
20
-682
0
VERTEX
8
L0D0
10
2089.2
20
-360.4
0
VERTEX
8
L0D0
10
1770
20
-360.4
0
VERTEX
8
L0D0
10
1770
20
-679.6
0
VERTEX
8
L0D0
10
2086.8
20
-679.6
0
VERTEX
8
L0D0
10
2086.8
20
-362.8
0
VERTEX
8
L0D0
10
1772.4
20
-362.8
0
VERTEX
8
L0D0
10
1772.4
20
-677.2
0
VERTEX
8
L0D0
10
2084.4
20
-677.2
0
VERTEX
8
L0D0
10
2084.4
20
-365.2
0
VERTEX
8
L0D0
10
1774.8
20
-365.2
0
VERTEX
8
L0D0
10
1774.8
20
-674.8
0
VERTEX
8
L0D0
10
2082
20
-674.8
0
VERTEX
8
L0D0
10
2082
20
-367.6
0
VERTEX
8
L0D0
10
1777.2
20
-367.6
0
VERTEX
8
L0D0
10
1777.2
20
-672.4
0
VERTEX
8
L0D0
10
1930.2
20
-672.4
0
VERTEX
8
L0D0
10
1930.2
20
-670
0
VERTEX
8
L0D0
10
2079.6
20
-670
0
VERTEX
8
L0D0
10
2079.6
20
-370
0
VERTEX
8
L0D0
10
1779.6
20
-370
0
VERTEX
8
L0D0
10
1779.6
20
-670
0
VERTEX
8
L0D0
10
1929
20
-670
0
VERTEX
8
L0D0
10
1929
20
-671.2
0
VERTEX
8
L0D0
10
1778.4
20
-671.2
0
VERTEX
8
L0D0
10
1778.4
20
-368.8
0
VERTEX
8
L0D0
10
2080.8
20
-368.8
0
VERTEX
8
L0D0
10
2080.8
20
-673.6
0
VERTEX
8
L0D0
10
1776
20
-673.6
0
VERTEX
8
L0D0
10
1776
20
-366.4
0
VERTEX
8
L0D0
10
2083.2
20
-366.4
0
VERTEX
8
L0D0
10
2083.2
20
-676
0
VERTEX
8
L0D0
10
1773.6
20
-676
0
VERTEX
8
L0D0
10
1773.6
20
-364
0
VERTEX
8
L0D0
10
2085.6
20
-364
0
VERTEX
8
L0D0
10
2085.6
20
-678.4
0
VERTEX
8
L0D0
10
1771.2
20
-678.4
0
VERTEX
8
L0D0
10
1771.2
20
-361.6
0
VERTEX
8
L0D0
10
2088
20
-361.6
0
VERTEX
8
L0D0
10
2088
20
-680.8
0
VERTEX
8
L0D0
10
1768.8
20
-680.8
0
VERTEX
8
L0D0
10
1768.8
20
-359.2
0
VERTEX
8
L0D0
10
2090.4
20
-359.2
0
VERTEX
8
L0D0
10
2090.4
20
-683.2
0
VERTEX
8
L0D0
10
1766.4
20
-683.2
0
VERTEX
8
L0D0
10
1766.4
20
-356.8
0
VERTEX
8
L0D0
10
2092.8
20
-356.8
0
VERTEX
8
L0D0
10
2092.8
20
-685.6
0
VERTEX
8
L0D0
10
1764
20
-685.6
0
VERTEX
8
L0D0
10
1764
20
-354.4
0
VERTEX
8
L0D0
10
2095.2
20
-354.4
0
VERTEX
8
L0D0
10
2095.2
20
-688
0
VERTEX
8
L0D0
10
1761.6
20
-688
0
VERTEX
8
L0D0
10
1761.6
20
-352
0
VERTEX
8
L0D0
10
2097.6
20
-352
0
VERTEX
8
L0D0
10
2097.6
20
-690.4
0
VERTEX
8
L0D0
10
1759.2
20
-690.4
0
VERTEX
8
L0D0
10
1759.2
20
-349.6
0
VERTEX
8
L0D0
10
2100
20
-349.6
0
VERTEX
8
L0D0
10
2100
20
-692.8
0
VERTEX
8
L0D0
10
1756.8
20
-692.8
0
VERTEX
8
L0D0
10
1756.8
20
-347.2
0
VERTEX
8
L0D0
10
2102.4
20
-347.2
0
VERTEX
8
L0D0
10
2102.4
20
-695.2
0
VERTEX
8
L0D0
10
1754.4
20
-695.2
0
VERTEX
8
L0D0
10
1754.4
20
-344.8
0
VERTEX
8
L0D0
10
2104.8
20
-344.8
0
VERTEX
8
L0D0
10
2104.8
20
-697.6
0
VERTEX
8
L0D0
10
1752
20
-697.6
0
VERTEX
8
L0D0
10
1752
20
-342.4
0
VERTEX
8
L0D0
10
2107.2
20
-342.4
0
VERTEX
8
L0D0
10
2107.2
20
-700
0
VERTEX
8
L0D0
10
1749.6
20
-700
0
VERTEX
8
L0D0
10
1749.6
20
-340
0
VERTEX
8
L0D0
10
2109.6
20
-340
0
VERTEX
8
L0D0
10
2109.6
20
-702.4
0
VERTEX
8
L0D0
10
1747.2
20
-702.4
0
VERTEX
8
L0D0
10
1747.2
20
-337.6
0
VERTEX
8
L0D0
10
2112
20
-337.6
0
VERTEX
8
L0D0
10
2112
20
-704.8
0
VERTEX
8
L0D0
10
1744.8
20
-704.8
0
VERTEX
8
L0D0
10
1744.8
20
-335.2
0
VERTEX
8
L0D0
10
2114.4
20
-335.2
0
VERTEX
8
L0D0
10
2114.4
20
-707.2
0
VERTEX
8
L0D0
10
1742.4
20
-707.2
0
VERTEX
8
L0D0
10
1742.4
20
-332.8
0
VERTEX
8
L0D0
10
2116.8
20
-332.8
0
VERTEX
8
L0D0
10
2116.8
20
-709.6
0
VERTEX
8
L0D0
10
1740
20
-709.6
0
VERTEX
8
L0D0
10
1740
20
-330.4
0
VERTEX
8
L0D0
10
2119.2
20
-330.4
0
VERTEX
8
L0D0
10
2119.2
20
-712
0
VERTEX
8
L0D0
10
1737.6
20
-712
0
VERTEX
8
L0D0
10
1737.6
20
-328
0
VERTEX
8
L0D0
10
2121.6
20
-328
0
VERTEX
8
L0D0
10
2121.6
20
-714.4
0
VERTEX
8
L0D0
10
1735.2
20
-714.4
0
VERTEX
8
L0D0
10
1735.2
20
-325.6
0
VERTEX
8
L0D0
10
2124
20
-325.6
0
VERTEX
8
L0D0
10
2124
20
-716.8
0
VERTEX
8
L0D0
10
1732.8
20
-716.8
0
VERTEX
8
L0D0
10
1732.8
20
-323.2
0
VERTEX
8
L0D0
10
2126.4
20
-323.2
0
VERTEX
8
L0D0
10
2126.4
20
-719.2
0
VERTEX
8
L0D0
10
1730.4
20
-719.2
0
VERTEX
8
L0D0
10
1730.4
20
-320.8
0
VERTEX
8
L0D0
10
2128.8
20
-320.8
0
VERTEX
8
L0D0
10
2128.8
20
-721.6
0
VERTEX
8
L0D0
10
1728
20
-721.6
0
VERTEX
8
L0D0
10
1728
20
-318.4
0
VERTEX
8
L0D0
10
2131.2
20
-318.4
0
VERTEX
8
L0D0
10
2131.2
20
-724
0
VERTEX
8
L0D0
10
1725.6
20
-724
0
VERTEX
8
L0D0
10
1725.6
20
-316
0
VERTEX
8
L0D0
10
2133.6
20
-316
0
VERTEX
8
L0D0
10
2133.6
20
-726.4
0
VERTEX
8
L0D0
10
1723.2
20
-726.4
0
VERTEX
8
L0D0
10
1723.2
20
-313.6
0
VERTEX
8
L0D0
10
2136
20
-313.6
0
VERTEX
8
L0D0
10
2136
20
-728.8
0
VERTEX
8
L0D0
10
1720.8
20
-728.8
0
VERTEX
8
L0D0
10
1720.8
20
-311.2
0
VERTEX
8
L0D0
10
2138.4
20
-311.2
0
VERTEX
8
L0D0
10
2138.4
20
-731.2
0
VERTEX
8
L0D0
10
1718.4
20
-731.2
0
VERTEX
8
L0D0
10
1718.4
20
-308.8
0
VERTEX
8
L0D0
10
2140.8
20
-308.8
0
VERTEX
8
L0D0
10
2140.8
20
-733.6
0
VERTEX
8
L0D0
10
1716
20
-733.6
0
VERTEX
8
L0D0
10
1716
20
-306.4
0
VERTEX
8
L0D0
10
2143.2
20
-306.4
0
VERTEX
8
L0D0
10
2143.2
20
-736
0
VERTEX
8
L0D0
10
1713.6
20
-736
0
VERTEX
8
L0D0
10
1713.6
20
-304
0
VERTEX
8
L0D0
10
2145.6
20
-304
0
VERTEX
8
L0D0
10
2145.6
20
-738.4
0
VERTEX
8
L0D0
10
1711.2
20
-738.4
0
VERTEX
8
L0D0
10
1711.2
20
-301.6
0
VERTEX
8
L0D0
10
2148
20
-301.6
0
VERTEX
8
L0D0
10
2148
20
-740.8
0
VERTEX
8
L0D0
10
1708.8
20
-740.8
0
VERTEX
8
L0D0
10
1708.8
20
-299.2
0
VERTEX
8
L0D0
10
2150.4
20
-299.2
0
VERTEX
8
L0D0
10
2150.4
20
-743.2
0
VERTEX
8
L0D0
10
1706.4
20
-743.2
0
VERTEX
8
L0D0
10
1706.4
20
-519.4
0
VERTEX
8
L0D0
10
1696.8
20
-519.4
0
VERTEX
8
L0D0
10
1696.8
20
-291.2
0
VERTEX
8
L0D0
10
1695.6
20
-291.2
0
VERTEX
8
L0D0
10
1695.6
20
-519.4
0
VERTEX
8
L0D0
10
1692
20
-519.4
0
VERTEX
8
L0D0
10
1692
20
-291.2
0
VERTEX
8
L0D0
10
1690.8
20
-291.2
0
VERTEX
8
L0D0
10
1690.8
20
-519.4
0
VERTEX
8
L0D0
10
1687.2
20
-519.4
0
VERTEX
8
L0D0
10
1687.2
20
-291.2
0
VERTEX
8
L0D0
10
1686
20
-291.2
0
VERTEX
8
L0D0
10
1686
20
-519.4
0
VERTEX
8
L0D0
10
1682.4
20
-519.4
0
VERTEX
8
L0D0
10
1682.4
20
-291.2
0
VERTEX
8
L0D0
10
1681.2
20
-291.2
0
VERTEX
8
L0D0
10
1681.2
20
-519.4
0
VERTEX
8
L0D0
10
1677.6
20
-519.4
0
VERTEX
8
L0D0
10
1677.6
20
-291.2
0
VERTEX
8
L0D0
10
1676.4
20
-291.2
0
VERTEX
8
L0D0
10
1676.4
20
-519.4
0
VERTEX
8
L0D0
10
1672.8
20
-519.4
0
VERTEX
8
L0D0
10
1672.8
20
-291.2
0
VERTEX
8
L0D0
10
1671.6
20
-291.2
0
VERTEX
8
L0D0
10
1671.6
20
-519.4
0
VERTEX
8
L0D0
10
1668
20
-519.4
0
VERTEX
8
L0D0
10
1668
20
-291.2
0
VERTEX
8
L0D0
10
1666.8
20
-291.2
0
VERTEX
8
L0D0
10
1666.8
20
-519.4
0
VERTEX
8
L0D0
10
1663.2
20
-519.4
0
VERTEX
8
L0D0
10
1663.2
20
-291.2
0
VERTEX
8
L0D0
10
1662
20
-291.2
0
VERTEX
8
L0D0
10
1662
20
-519.4
0
VERTEX
8
L0D0
10
1658.4
20
-519.4
0
VERTEX
8
L0D0
10
1658.4
20
-291.2
0
VERTEX
8
L0D0
10
1657.2
20
-291.2
0
VERTEX
8
L0D0
10
1657.2
20
-519.4
0
VERTEX
8
L0D0
10
1653.6
20
-519.4
0
VERTEX
8
L0D0
10
1653.6
20
-291.2
0
VERTEX
8
L0D0
10
1652.4
20
-291.2
0
VERTEX
8
L0D0
10
1652.4
20
-519.4
0
VERTEX
8
L0D0
10
1648.8
20
-519.4
0
VERTEX
8
L0D0
10
1648.8
20
-291.2
0
VERTEX
8
L0D0
10
1647.6
20
-291.2
0
VERTEX
8
L0D0
10
1647.6
20
-519.4
0
VERTEX
8
L0D0
10
1644
20
-519.4
0
VERTEX
8
L0D0
10
1644
20
-291.2
0
VERTEX
8
L0D0
10
1642.8
20
-291.2
0
VERTEX
8
L0D0
10
1642.8
20
-519.4
0
VERTEX
8
L0D0
10
1639.2
20
-519.4
0
VERTEX
8
L0D0
10
1639.2
20
-291.2
0
VERTEX
8
L0D0
10
1638
20
-291.2
0
VERTEX
8
L0D0
10
1638
20
-519.4
0
VERTEX
8
L0D0
10
1634.4
20
-519.4
0
VERTEX
8
L0D0
10
1634.4
20
-291.2
0
VERTEX
8
L0D0
10
1633.2
20
-291.2
0
VERTEX
8
L0D0
10
1633.2
20
-519.4
0
VERTEX
8
L0D0
10
1629.6
20
-519.4
0
VERTEX
8
L0D0
10
1629.6
20
-291.2
0
VERTEX
8
L0D0
10
1628.4
20
-291.2
0
VERTEX
8
L0D0
10
1628.4
20
-519.4
0
VERTEX
8
L0D0
10
1624.8
20
-519.4
0
VERTEX
8
L0D0
10
1624.8
20
-291.2
0
VERTEX
8
L0D0
10
1623.6
20
-291.2
0
VERTEX
8
L0D0
10
1623.6
20
-519.4
0
VERTEX
8
L0D0
10
1620
20
-519.4
0
VERTEX
8
L0D0
10
1620
20
-291.2
0
VERTEX
8
L0D0
10
1618.8
20
-291.2
0
VERTEX
8
L0D0
10
1618.8
20
-519.4
0
VERTEX
8
L0D0
10
1615.2
20
-519.4
0
VERTEX
8
L0D0
10
1615.2
20
-291.2
0
VERTEX
8
L0D0
10
1614
20
-291.2
0
VERTEX
8
L0D0
10
1614
20
-519.4
0
VERTEX
8
L0D0
10
1610.4
20
-519.4
0
VERTEX
8
L0D0
10
1610.4
20
-291.2
0
VERTEX
8
L0D0
10
1609.2
20
-291.2
0
VERTEX
8
L0D0
10
1609.2
20
-519.4
0
VERTEX
8
L0D0
10
1605.6
20
-519.4
0
VERTEX
8
L0D0
10
1605.6
20
-291.2
0
VERTEX
8
L0D0
10
1604.4
20
-291.2
0
VERTEX
8
L0D0
10
1604.4
20
-519.4
0
VERTEX
8
L0D0
10
1600.8
20
-519.4
0
VERTEX
8
L0D0
10
1600.8
20
-291.2
0
VERTEX
8
L0D0
10
1599.6
20
-291.2
0
VERTEX
8
L0D0
10
1599.6
20
-519.4
0
VERTEX
8
L0D0
10
1596
20
-519.4
0
VERTEX
8
L0D0
10
1596
20
-291.2
0
VERTEX
8
L0D0
10
1594.8
20
-291.2
0
VERTEX
8
L0D0
10
1594.8
20
-519.4
0
VERTEX
8
L0D0
10
1591.2
20
-519.4
0
VERTEX
8
L0D0
10
1591.2
20
-291.2
0
VERTEX
8
L0D0
10
1590
20
-291.2
0
VERTEX
8
L0D0
10
1590
20
-519.4
0
VERTEX
8
L0D0
10
1586.4
20
-519.4
0
VERTEX
8
L0D0
10
1586.4
20
-291.2
0
VERTEX
8
L0D0
10
1585.2
20
-291.2
0
VERTEX
8
L0D0
10
1585.2
20
-519.4
0
VERTEX
8
L0D0
10
1581.6
20
-519.4
0
VERTEX
8
L0D0
10
1581.6
20
-291.2
0
VERTEX
8
L0D0
10
1580.4
20
-291.2
0
VERTEX
8
L0D0
10
1580.4
20
-519.4
0
VERTEX
8
L0D0
10
1576.8
20
-519.4
0
VERTEX
8
L0D0
10
1576.8
20
-291.2
0
VERTEX
8
L0D0
10
1575.6
20
-291.2
0
VERTEX
8
L0D0
10
1575.6
20
-519.4
0
VERTEX
8
L0D0
10
1572
20
-519.4
0
VERTEX
8
L0D0
10
1572
20
-291.2
0
VERTEX
8
L0D0
10
1570.8
20
-291.2
0
VERTEX
8
L0D0
10
1570.8
20
-519.4
0
VERTEX
8
L0D0
10
1567.2
20
-519.4
0
VERTEX
8
L0D0
10
1567.2
20
-291.2
0
VERTEX
8
L0D0
10
1566
20
-291.2
0
VERTEX
8
L0D0
10
1566
20
-519.4
0
VERTEX
8
L0D0
10
1562.4
20
-519.4
0
VERTEX
8
L0D0
10
1562.4
20
-291.2
0
VERTEX
8
L0D0
10
1561.2
20
-291.2
0
VERTEX
8
L0D0
10
1561.2
20
-519.4
0
VERTEX
8
L0D0
10
1557.6
20
-519.4
0
VERTEX
8
L0D0
10
1557.6
20
-291.2
0
VERTEX
8
L0D0
10
1556.4
20
-291.2
0
VERTEX
8
L0D0
10
1556.4
20
-519.4
0
VERTEX
8
L0D0
10
1552.8
20
-519.4
0
VERTEX
8
L0D0
10
1552.8
20
-291.2
0
VERTEX
8
L0D0
10
1551.6
20
-291.2
0
VERTEX
8
L0D0
10
1551.6
20
-519.4
0
VERTEX
8
L0D0
10
1548
20
-519.4
0
VERTEX
8
L0D0
10
1548
20
-291.2
0
VERTEX
8
L0D0
10
1546.8
20
-291.2
0
VERTEX
8
L0D0
10
1546.8
20
-519.4
0
VERTEX
8
L0D0
10
1543.2
20
-519.4
0
VERTEX
8
L0D0
10
1543.2
20
-291.2
0
VERTEX
8
L0D0
10
1542
20
-291.2
0
VERTEX
8
L0D0
10
1542
20
-519.4
0
VERTEX
8
L0D0
10
1538.4
20
-519.4
0
VERTEX
8
L0D0
10
1538.4
20
-291.2
0
VERTEX
8
L0D0
10
1537.2
20
-291.2
0
VERTEX
8
L0D0
10
1537.2
20
-519.4
0
VERTEX
8
L0D0
10
1533.6
20
-519.4
0
VERTEX
8
L0D0
10
1533.6
20
-291.2
0
VERTEX
8
L0D0
10
1532.4
20
-291.2
0
VERTEX
8
L0D0
10
1532.4
20
-519.4
0
VERTEX
8
L0D0
10
1528.8
20
-519.4
0
VERTEX
8
L0D0
10
1528.8
20
-291.2
0
VERTEX
8
L0D0
10
1527.6
20
-291.2
0
VERTEX
8
L0D0
10
1527.6
20
-519.4
0
VERTEX
8
L0D0
10
1524
20
-519.4
0
VERTEX
8
L0D0
10
1524
20
-291.2
0
VERTEX
8
L0D0
10
1522.8
20
-291.2
0
VERTEX
8
L0D0
10
1522.8
20
-519.4
0
VERTEX
8
L0D0
10
1519.2
20
-519.4
0
VERTEX
8
L0D0
10
1519.2
20
-291.2
0
VERTEX
8
L0D0
10
1518
20
-291.2
0
VERTEX
8
L0D0
10
1518
20
-519.4
0
VERTEX
8
L0D0
10
1514.4
20
-519.4
0
VERTEX
8
L0D0
10
1514.4
20
-291.2
0
VERTEX
8
L0D0
10
1513.2
20
-291.2
0
VERTEX
8
L0D0
10
1513.2
20
-519.4
0
VERTEX
8
L0D0
10
1509.6
20
-519.4
0
VERTEX
8
L0D0
10
1509.6
20
-291.2
0
VERTEX
8
L0D0
10
1508.4
20
-291.2
0
VERTEX
8
L0D0
10
1508.4
20
-519.4
0
VERTEX
8
L0D0
10
1498.8
20
-519.4
0
VERTEX
8
L0D0
10
1498.8
20
-748.2
0
VERTEX
8
L0D0
10
1497.6
20
-748.2
0
VERTEX
8
L0D0
10
1497.6
20
-290.6
0
VERTEX
8
L0D0
10
1494
20
-290.6
0
VERTEX
8
L0D0
10
1494
20
-748.2
0
VERTEX
8
L0D0
10
1492.8
20
-748.2
0
VERTEX
8
L0D0
10
1492.8
20
-290.6
0
VERTEX
8
L0D0
10
1489.2
20
-290.6
0
VERTEX
8
L0D0
10
1489.2
20
-748.2
0
VERTEX
8
L0D0
10
1488
20
-748.2
0
VERTEX
8
L0D0
10
1488
20
-290.6
0
VERTEX
8
L0D0
10
1484.4
20
-290.6
0
VERTEX
8
L0D0
10
1484.4
20
-748.2
0
VERTEX
8
L0D0
10
1483.2
20
-748.2
0
VERTEX
8
L0D0
10
1483.2
20
-290.6
0
VERTEX
8
L0D0
10
1479.6
20
-290.6
0
VERTEX
8
L0D0
10
1479.6
20
-748.2
0
VERTEX
8
L0D0
10
1478.4
20
-748.2
0
VERTEX
8
L0D0
10
1478.4
20
-290.6
0
VERTEX
8
L0D0
10
1474.8
20
-290.6
0
VERTEX
8
L0D0
10
1474.8
20
-748.2
0
VERTEX
8
L0D0
10
1473.6
20
-748.2
0
VERTEX
8
L0D0
10
1473.6
20
-290.6
0
VERTEX
8
L0D0
10
1470
20
-290.6
0
VERTEX
8
L0D0
10
1470
20
-748.2
0
VERTEX
8
L0D0
10
1468.8
20
-748.2
0
VERTEX
8
L0D0
10
1468.8
20
-290.6
0
VERTEX
8
L0D0
10
1465.2
20
-290.6
0
VERTEX
8
L0D0
10
1465.2
20
-748.2
0
VERTEX
8
L0D0
10
1464
20
-748.2
0
VERTEX
8
L0D0
10
1464
20
-290.6
0
VERTEX
8
L0D0
10
1460.4
20
-290.6
0
VERTEX
8
L0D0
10
1460.4
20
-748.2
0
VERTEX
8
L0D0
10
1459.2
20
-748.2
0
VERTEX
8
L0D0
10
1459.2
20
-290.6
0
VERTEX
8
L0D0
10
1455.6
20
-290.6
0
VERTEX
8
L0D0
10
1455.6
20
-748.2
0
VERTEX
8
L0D0
10
1454.4
20
-748.2
0
VERTEX
8
L0D0
10
1454.4
20
-290.6
0
VERTEX
8
L0D0
10
1450.8
20
-290.6
0
VERTEX
8
L0D0
10
1450.8
20
-748.2
0
VERTEX
8
L0D0
10
1449.6
20
-748.2
0
VERTEX
8
L0D0
10
1449.6
20
-290.6
0
VERTEX
8
L0D0
10
1446
20
-290.6
0
VERTEX
8
L0D0
10
1446
20
-748.2
0
VERTEX
8
L0D0
10
1444.8
20
-748.2
0
VERTEX
8
L0D0
10
1444.8
20
-290.6
0
VERTEX
8
L0D0
10
1441.2
20
-290.6
0
VERTEX
8
L0D0
10
1441.2
20
-748.2
0
VERTEX
8
L0D0
10
1440
20
-748.2
0
VERTEX
8
L0D0
10
1440
20
-290.6
0
VERTEX
8
L0D0
10
1436.4
20
-290.6
0
VERTEX
8
L0D0
10
1436.4
20
-748.2
0
VERTEX
8
L0D0
10
1435.2
20
-748.2
0
VERTEX
8
L0D0
10
1435.2
20
-290.6
0
VERTEX
8
L0D0
10
1431.6
20
-290.6
0
VERTEX
8
L0D0
10
1431.6
20
-748.2
0
VERTEX
8
L0D0
10
1430.4
20
-748.2
0
VERTEX
8
L0D0
10
1430.4
20
-290.6
0
VERTEX
8
L0D0
10
1426.8
20
-290.6
0
VERTEX
8
L0D0
10
1426.8
20
-748.2
0
VERTEX
8
L0D0
10
1425.6
20
-748.2
0
VERTEX
8
L0D0
10
1425.6
20
-290.6
0
VERTEX
8
L0D0
10
1422
20
-290.6
0
VERTEX
8
L0D0
10
1422
20
-748.2
0
VERTEX
8
L0D0
10
1420.8
20
-748.2
0
VERTEX
8
L0D0
10
1420.8
20
-290.6
0
VERTEX
8
L0D0
10
1417.2
20
-290.6
0
VERTEX
8
L0D0
10
1417.2
20
-748.2
0
VERTEX
8
L0D0
10
1416
20
-748.2
0
VERTEX
8
L0D0
10
1416
20
-290.6
0
VERTEX
8
L0D0
10
1412.4
20
-290.6
0
VERTEX
8
L0D0
10
1412.4
20
-748.2
0
VERTEX
8
L0D0
10
1411.2
20
-748.2
0
VERTEX
8
L0D0
10
1411.2
20
-290.6
0
VERTEX
8
L0D0
10
1407.6
20
-290.6
0
VERTEX
8
L0D0
10
1407.6
20
-748.2
0
VERTEX
8
L0D0
10
1406.4
20
-748.2
0
VERTEX
8
L0D0
10
1406.4
20
-290.6
0
VERTEX
8
L0D0
10
1402.8
20
-290.6
0
VERTEX
8
L0D0
10
1402.8
20
-748.2
0
VERTEX
8
L0D0
10
1401.6
20
-748.2
0
VERTEX
8
L0D0
10
1401.6
20
-290.6
0
VERTEX
8
L0D0
10
1398
20
-290.6
0
VERTEX
8
L0D0
10
1398
20
-748.2
0
VERTEX
8
L0D0
10
1396.8
20
-748.2
0
VERTEX
8
L0D0
10
1396.8
20
-290.6
0
VERTEX
8
L0D0
10
1393.2
20
-290.6
0
VERTEX
8
L0D0
10
1393.2
20
-748.2
0
VERTEX
8
L0D0
10
1392
20
-748.2
0
VERTEX
8
L0D0
10
1392
20
-290.6
0
VERTEX
8
L0D0
10
1388.4
20
-290.6
0
VERTEX
8
L0D0
10
1388.4
20
-748.2
0
VERTEX
8
L0D0
10
1387.2
20
-748.2
0
VERTEX
8
L0D0
10
1387.2
20
-290.6
0
VERTEX
8
L0D0
10
1383.6
20
-290.6
0
VERTEX
8
L0D0
10
1383.6
20
-748.2
0
VERTEX
8
L0D0
10
1382.4
20
-748.2
0
VERTEX
8
L0D0
10
1382.4
20
-290.6
0
VERTEX
8
L0D0
10
1378.8
20
-290.6
0
VERTEX
8
L0D0
10
1378.8
20
-748.2
0
VERTEX
8
L0D0
10
1377.6
20
-748.2
0
VERTEX
8
L0D0
10
1377.6
20
-290.6
0
VERTEX
8
L0D0
10
1374
20
-290.6
0
VERTEX
8
L0D0
10
1374
20
-748.2
0
VERTEX
8
L0D0
10
1372.8
20
-748.2
0
VERTEX
8
L0D0
10
1372.8
20
-290.6
0
VERTEX
8
L0D0
10
1369.2
20
-290.6
0
VERTEX
8
L0D0
10
1369.2
20
-748.2
0
VERTEX
8
L0D0
10
1368
20
-748.2
0
VERTEX
8
L0D0
10
1368
20
-290.6
0
VERTEX
8
L0D0
10
1364.4
20
-290.6
0
VERTEX
8
L0D0
10
1364.4
20
-748.2
0
VERTEX
8
L0D0
10
1363.2
20
-748.2
0
VERTEX
8
L0D0
10
1363.2
20
-290.6
0
VERTEX
8
L0D0
10
1359.6
20
-290.6
0
VERTEX
8
L0D0
10
1359.6
20
-748.2
0
VERTEX
8
L0D0
10
1358.4
20
-748.2
0
VERTEX
8
L0D0
10
1358.4
20
-290.6
0
VERTEX
8
L0D0
10
1354.8
20
-290.6
0
VERTEX
8
L0D0
10
1354.8
20
-748.2
0
VERTEX
8
L0D0
10
1353.6
20
-748.2
0
VERTEX
8
L0D0
10
1353.6
20
-290.6
0
VERTEX
8
L0D0
10
1350
20
-290.6
0
VERTEX
8
L0D0
10
1350
20
-748.2
0
VERTEX
8
L0D0
10
1348.8
20
-748.2
0
VERTEX
8
L0D0
10
1348.8
20
-290.6
0
VERTEX
8
L0D0
10
1345.2
20
-290.6
0
VERTEX
8
L0D0
10
1345.2
20
-748.2
0
VERTEX
8
L0D0
10
1344
20
-748.2
0
VERTEX
8
L0D0
10
1344
20
-290.6
0
VERTEX
8
L0D0
10
1340.4
20
-290.6
0
VERTEX
8
L0D0
10
1340.4
20
-748.2
0
VERTEX
8
L0D0
10
1339.2
20
-748.2
0
VERTEX
8
L0D0
10
1339.2
20
-290.6
0
VERTEX
8
L0D0
10
1335.6
20
-290.6
0
VERTEX
8
L0D0
10
1335.6
20
-748.2
0
VERTEX
8
L0D0
10
1334.4
20
-748.2
0
VERTEX
8
L0D0
10
1334.4
20
-290.6
0
VERTEX
8
L0D0
10
1330.8
20
-290.6
0
VERTEX
8
L0D0
10
1330.8
20
-748.2
0
VERTEX
8
L0D0
10
1329.6
20
-748.2
0
VERTEX
8
L0D0
10
1329.6
20
-290.6
0
VERTEX
8
L0D0
10
1326
20
-290.6
0
VERTEX
8
L0D0
10
1326
20
-748.2
0
VERTEX
8
L0D0
10
1324.8
20
-748.2
0
VERTEX
8
L0D0
10
1324.8
20
-290.6
0
VERTEX
8
L0D0
10
1321.2
20
-290.6
0
VERTEX
8
L0D0
10
1321.2
20
-748.2
0
VERTEX
8
L0D0
10
1320
20
-748.2
0
VERTEX
8
L0D0
10
1320
20
-290.6
0
VERTEX
8
L0D0
10
1316.4
20
-290.6
0
VERTEX
8
L0D0
10
1316.4
20
-748.2
0
VERTEX
8
L0D0
10
1315.2
20
-748.2
0
VERTEX
8
L0D0
10
1315.2
20
-290.6
0
VERTEX
8
L0D0
10
1311.6
20
-290.6
0
VERTEX
8
L0D0
10
1311.6
20
-748.2
0
VERTEX
8
L0D0
10
1310.4
20
-748.2
0
VERTEX
8
L0D0
10
1310.4
20
-290.6
0
VERTEX
8
L0D0
10
1306.8
20
-290.6
0
VERTEX
8
L0D0
10
1306.8
20
-519.4
0
VERTEX
8
L0D0
10
1298.4
20
-519.4
0
VERTEX
8
L0D0
10
1298.4
20
-291.2
0
VERTEX
8
L0D0
10
1297.2
20
-291.2
0
VERTEX
8
L0D0
10
1297.2
20
-519.4
0
VERTEX
8
L0D0
10
1293.6
20
-519.4
0
VERTEX
8
L0D0
10
1293.6
20
-291.2
0
VERTEX
8
L0D0
10
1292.4
20
-291.2
0
VERTEX
8
L0D0
10
1292.4
20
-519.4
0
VERTEX
8
L0D0
10
1288.8
20
-519.4
0
VERTEX
8
L0D0
10
1288.8
20
-291.2
0
VERTEX
8
L0D0
10
1287.6
20
-291.2
0
VERTEX
8
L0D0
10
1287.6
20
-519.4
0
VERTEX
8
L0D0
10
1284
20
-519.4
0
VERTEX
8
L0D0
10
1284
20
-291.2
0
VERTEX
8
L0D0
10
1282.8
20
-291.2
0
VERTEX
8
L0D0
10
1282.8
20
-519.4
0
VERTEX
8
L0D0
10
1279.2
20
-519.4
0
VERTEX
8
L0D0
10
1279.2
20
-291.2
0
VERTEX
8
L0D0
10
1278
20
-291.2
0
VERTEX
8
L0D0
10
1278
20
-519.4
0
VERTEX
8
L0D0
10
1274.4
20
-519.4
0
VERTEX
8
L0D0
10
1274.4
20
-291.2
0
VERTEX
8
L0D0
10
1273.2
20
-291.2
0
VERTEX
8
L0D0
10
1273.2
20
-519.4
0
VERTEX
8
L0D0
10
1269.6
20
-519.4
0
VERTEX
8
L0D0
10
1269.6
20
-291.2
0
VERTEX
8
L0D0
10
1268.4
20
-291.2
0
VERTEX
8
L0D0
10
1268.4
20
-519.4
0
VERTEX
8
L0D0
10
1264.8
20
-519.4
0
VERTEX
8
L0D0
10
1264.8
20
-291.2
0
VERTEX
8
L0D0
10
1263.6
20
-291.2
0
VERTEX
8
L0D0
10
1263.6
20
-519.4
0
VERTEX
8
L0D0
10
1260
20
-519.4
0
VERTEX
8
L0D0
10
1260
20
-291.2
0
VERTEX
8
L0D0
10
1258.8
20
-291.2
0
VERTEX
8
L0D0
10
1258.8
20
-519.4
0
VERTEX
8
L0D0
10
1255.2
20
-519.4
0
VERTEX
8
L0D0
10
1255.2
20
-291.2
0
VERTEX
8
L0D0
10
1254
20
-291.2
0
VERTEX
8
L0D0
10
1254
20
-519.4
0
VERTEX
8
L0D0
10
1250.4
20
-519.4
0
VERTEX
8
L0D0
10
1250.4
20
-291.2
0
VERTEX
8
L0D0
10
1249.2
20
-291.2
0
VERTEX
8
L0D0
10
1249.2
20
-519.4
0
VERTEX
8
L0D0
10
1245.6
20
-519.4
0
VERTEX
8
L0D0
10
1245.6
20
-291.2
0
VERTEX
8
L0D0
10
1244.4
20
-291.2
0
VERTEX
8
L0D0
10
1244.4
20
-519.4
0
VERTEX
8
L0D0
10
1240.8
20
-519.4
0
VERTEX
8
L0D0
10
1240.8
20
-291.2
0
VERTEX
8
L0D0
10
1239.6
20
-291.2
0
VERTEX
8
L0D0
10
1239.6
20
-519.4
0
VERTEX
8
L0D0
10
1236
20
-519.4
0
VERTEX
8
L0D0
10
1236
20
-291.2
0
VERTEX
8
L0D0
10
1234.8
20
-291.2
0
VERTEX
8
L0D0
10
1234.8
20
-519.4
0
VERTEX
8
L0D0
10
1231.2
20
-519.4
0
VERTEX
8
L0D0
10
1231.2
20
-291.2
0
VERTEX
8
L0D0
10
1230
20
-291.2
0
VERTEX
8
L0D0
10
1230
20
-519.4
0
VERTEX
8
L0D0
10
1226.4
20
-519.4
0
VERTEX
8
L0D0
10
1226.4
20
-291.2
0
VERTEX
8
L0D0
10
1225.2
20
-291.2
0
VERTEX
8
L0D0
10
1225.2
20
-519.4
0
VERTEX
8
L0D0
10
1221.6
20
-519.4
0
VERTEX
8
L0D0
10
1221.6
20
-291.2
0
VERTEX
8
L0D0
10
1220.4
20
-291.2
0
VERTEX
8
L0D0
10
1220.4
20
-519.4
0
VERTEX
8
L0D0
10
1216.8
20
-519.4
0
VERTEX
8
L0D0
10
1216.8
20
-291.2
0
VERTEX
8
L0D0
10
1215.6
20
-291.2
0
VERTEX
8
L0D0
10
1215.6
20
-519.4
0
VERTEX
8
L0D0
10
1212
20
-519.4
0
VERTEX
8
L0D0
10
1212
20
-291.2
0
VERTEX
8
L0D0
10
1210.8
20
-291.2
0
VERTEX
8
L0D0
10
1210.8
20
-519.4
0
VERTEX
8
L0D0
10
1207.2
20
-519.4
0
VERTEX
8
L0D0
10
1207.2
20
-291.2
0
VERTEX
8
L0D0
10
1206
20
-291.2
0
VERTEX
8
L0D0
10
1206
20
-519.4
0
VERTEX
8
L0D0
10
1202.4
20
-519.4
0
VERTEX
8
L0D0
10
1202.4
20
-291.2
0
VERTEX
8
L0D0
10
1201.2
20
-291.2
0
VERTEX
8
L0D0
10
1201.2
20
-519.4
0
VERTEX
8
L0D0
10
1197.6
20
-519.4
0
VERTEX
8
L0D0
10
1197.6
20
-291.2
0
VERTEX
8
L0D0
10
1196.4
20
-291.2
0
VERTEX
8
L0D0
10
1196.4
20
-519.4
0
VERTEX
8
L0D0
10
1192.8
20
-519.4
0
VERTEX
8
L0D0
10
1192.8
20
-291.2
0
VERTEX
8
L0D0
10
1191.6
20
-291.2
0
VERTEX
8
L0D0
10
1191.6
20
-519.4
0
VERTEX
8
L0D0
10
1188
20
-519.4
0
VERTEX
8
L0D0
10
1188
20
-291.2
0
VERTEX
8
L0D0
10
1186.8
20
-291.2
0
VERTEX
8
L0D0
10
1186.8
20
-519.4
0
VERTEX
8
L0D0
10
1183.2
20
-519.4
0
VERTEX
8
L0D0
10
1183.2
20
-291.2
0
VERTEX
8
L0D0
10
1182
20
-291.2
0
VERTEX
8
L0D0
10
1182
20
-519.4
0
VERTEX
8
L0D0
10
1178.4
20
-519.4
0
VERTEX
8
L0D0
10
1178.4
20
-291.2
0
VERTEX
8
L0D0
10
1177.2
20
-291.2
0
VERTEX
8
L0D0
10
1177.2
20
-519.4
0
VERTEX
8
L0D0
10
1173.6
20
-519.4
0
VERTEX
8
L0D0
10
1173.6
20
-291.2
0
VERTEX
8
L0D0
10
1172.4
20
-291.2
0
VERTEX
8
L0D0
10
1172.4
20
-519.4
0
VERTEX
8
L0D0
10
1168.8
20
-519.4
0
VERTEX
8
L0D0
10
1168.8
20
-291.2
0
VERTEX
8
L0D0
10
1167.6
20
-291.2
0
VERTEX
8
L0D0
10
1167.6
20
-519.4
0
VERTEX
8
L0D0
10
1164
20
-519.4
0
VERTEX
8
L0D0
10
1164
20
-291.2
0
VERTEX
8
L0D0
10
1162.8
20
-291.2
0
VERTEX
8
L0D0
10
1162.8
20
-519.4
0
VERTEX
8
L0D0
10
1159.2
20
-519.4
0
VERTEX
8
L0D0
10
1159.2
20
-291.2
0
VERTEX
8
L0D0
10
1158
20
-291.2
0
VERTEX
8
L0D0
10
1158
20
-519.4
0
VERTEX
8
L0D0
10
652
20
-519.4
0
VERTEX
8
L0D0
10
649.162
20
-519.359
0
VERTEX
8
L0D0
10
646.325
20
-519.238
0
VERTEX
8
L0D0
10
643.494
20
-519.035
0
VERTEX
8
L0D0
10
640.669
20
-518.752
0
VERTEX
8
L0D0
10
637.854
20
-518.388
0
VERTEX
8
L0D0
10
635.05
20
-517.944
0
VERTEX
8
L0D0
10
632.26
20
-517.42
0
VERTEX
8
L0D0
10
629.486
20
-516.817
0
VERTEX
8
L0D0
10
626.731
20
-516.134
0
VERTEX
8
L0D0
10
623.996
20
-515.374
0
VERTEX
8
L0D0
10
621.284
20
-514.535
0
VERTEX
8
L0D0
10
618.597
20
-513.619
0
VERTEX
8
L0D0
10
615.937
20
-512.627
0
VERTEX
8
L0D0
10
613.307
20
-511.56
0
VERTEX
8
L0D0
10
610.708
20
-510.417
0
VERTEX
8
L0D0
10
608.143
20
-509.201
0
VERTEX
8
L0D0
10
605.613
20
-507.913
0
VERTEX
8
L0D0
10
603.122
20
-506.552
0
VERTEX
8
L0D0
10
600.67
20
-505.121
0
VERTEX
8
L0D0
10
598.26
20
-503.621
0
VERTEX
8
L0D0
10
595.894
20
-502.052
0
VERTEX
8
L0D0
10
593.574
20
-500.416
0
VERTEX
8
L0D0
10
591.302
20
-498.715
0
VERTEX
8
L0D0
10
589.079
20
-496.95
0
VERTEX
8
L0D0
10
586.907
20
-495.122
0
VERTEX
8
L0D0
10
584.788
20
-493.232
0
VERTEX
8
L0D0
10
582.724
20
-491.283
0
VERTEX
8
L0D0
10
580.717
20
-489.276
0
VERTEX
8
L0D0
10
578.768
20
-487.212
0
VERTEX
8
L0D0
10
576.878
20
-485.093
0
VERTEX
8
L0D0
10
575.05
20
-482.921
0
VERTEX
8
L0D0
10
573.285
20
-480.698
0
VERTEX
8
L0D0
10
571.584
20
-478.426
0
VERTEX
8
L0D0
10
569.948
20
-476.106
0
VERTEX
8
L0D0
10
568.379
20
-473.74
0
VERTEX
8
L0D0
10
566.879
20
-471.33
0
VERTEX
8
L0D0
10
565.448
20
-468.878
0
VERTEX
8
L0D0
10
564.087
20
-466.387
0
VERTEX
8
L0D0
10
562.799
20
-463.857
0
VERTEX
8
L0D0
10
561.583
20
-461.292
0
VERTEX
8
L0D0
10
560.44
20
-458.693
0
VERTEX
8
L0D0
10
559.373
20
-456.063
0
VERTEX
8
L0D0
10
558.381
20
-453.403
0
VERTEX
8
L0D0
10
557.465
20
-450.716
0
VERTEX
8
L0D0
10
556.626
20
-448.004
0
VERTEX
8
L0D0
10
555.866
20
-445.269
0
VERTEX
8
L0D0
10
555.183
20
-442.514
0
VERTEX
8
L0D0
10
554.58
20
-439.74
0
VERTEX
8
L0D0
10
554.056
20
-436.95
0
VERTEX
8
L0D0
10
553.612
20
-434.146
0
VERTEX
8
L0D0
10
553.248
20
-431.331
0
VERTEX
8
L0D0
10
552.965
20
-428.506
0
VERTEX
8
L0D0
10
552.762
20
-425.675
0
VERTEX
8
L0D0
10
552.641
20
-422.838
0
VERTEX
8
L0D0
10
552.6
20
-420
0
VERTEX
8
L0D0
10
552.6
20
-303.2
0
VERTEX
8
L0D0
10
555
20
-303.2
0
VERTEX
8
L0D0
10
555
20
-297.9
0
VERTEX
8
L0D0
10
553.8
20
-297.9
0
VERTEX
8
L0D0
10
553.8
20
-302
0
VERTEX
8
L0D0
10
551.4
20
-302
0
VERTEX
8
L0D0
10
551.4
20
-420
0
VERTEX
8
L0D0
10
550.6
20
-420
0
VERTEX
8
L0D0
10
550.6
20
-300.6
0
VERTEX
8
L0D0
10
553
20
-300.6
0
VERTEX
8
L0D0
10
553
20
-299.4
0
VERTEX
8
L0D0
10
547
20
-299.4
0
VERTEX
8
L0D0
10
547
20
-300.6
0
VERTEX
8
L0D0
10
549.4
20
-300.6
0
VERTEX
8
L0D0
10
549.4
20
-570
0
VERTEX
8
L0D0
10
549.44
20
-572.826
0
VERTEX
8
L0D0
10
549.559
20
-575.651
0
VERTEX
8
L0D0
10
549.757
20
-578.47
0
VERTEX
8
L0D0
10
550.035
20
-581.284
0
VERTEX
8
L0D0
10
550.391
20
-584.088
0
VERTEX
8
L0D0
10
550.826
20
-586.881
0
VERTEX
8
L0D0
10
551.34
20
-589.661
0
VERTEX
8
L0D0
10
551.931
20
-592.425
0
VERTEX
8
L0D0
10
552.6
20
-595.171
0
VERTEX
8
L0D0
10
553.346
20
-597.898
0
VERTEX
8
L0D0
10
554.168
20
-600.603
0
VERTEX
8
L0D0
10
555.065
20
-603.283
0
VERTEX
8
L0D0
10
556.038
20
-605.937
0
VERTEX
8
L0D0
10
557.085
20
-608.563
0
VERTEX
8
L0D0
10
558.205
20
-611.158
0
VERTEX
8
L0D0
10
559.397
20
-613.721
0
VERTEX
8
L0D0
10
560.662
20
-616.249
0
VERTEX
8
L0D0
10
561.996
20
-618.741
0
VERTEX
8
L0D0
10
563.4
20
-621.195
0
VERTEX
8
L0D0
10
564.873
20
-623.607
0
VERTEX
8
L0D0
10
566.413
20
-625.978
0
VERTEX
8
L0D0
10
568.019
20
-628.304
0
VERTEX
8
L0D0
10
569.689
20
-630.585
0
VERTEX
8
L0D0
10
571.423
20
-632.817
0
VERTEX
8
L0D0
10
573.219
20
-635
0
VERTEX
8
L0D0
10
575.075
20
-637.132
0
VERTEX
8
L0D0
10
576.991
20
-639.21
0
VERTEX
8
L0D0
10
578.965
20
-641.234
0
VERTEX
8
L0D0
10
580.994
20
-643.202
0
VERTEX
8
L0D0
10
583.078
20
-645.112
0
VERTEX
8
L0D0
10
585.215
20
-646.963
0
VERTEX
8
L0D0
10
587.403
20
-648.752
0
VERTEX
8
L0D0
10
589.64
20
-650.48
0
VERTEX
8
L0D0
10
949.639
20
-920.479
0
VERTEX
8
L0D0
10
949.639
20
-920.479
0
VERTEX
8
L0D0
10
954.431
20
-924.09
0
VERTEX
8
L0D0
10
817.097
20
-1106.338
0
VERTEX
8
L0D0
10
818.055
20
-1107.061
0
VERTEX
8
L0D0
10
955.389
20
-924.812
0
VERTEX
8
L0D0
10
958.264
20
-926.978
0
VERTEX
8
L0D0
10
820.93
20
-1109.227
0
VERTEX
8
L0D0
10
821.888
20
-1109.949
0
VERTEX
8
L0D0
10
959.223
20
-927.701
0
VERTEX
8
L0D0
10
962.098
20
-929.867
0
VERTEX
8
L0D0
10
824.763
20
-1112.116
0
VERTEX
8
L0D0
10
825.722
20
-1112.838
0
VERTEX
8
L0D0
10
963.056
20
-930.589
0
VERTEX
8
L0D0
10
965.931
20
-932.756
0
VERTEX
8
L0D0
10
828.597
20
-1115.004
0
VERTEX
8
L0D0
10
829.555
20
-1115.727
0
VERTEX
8
L0D0
10
966.889
20
-933.478
0
VERTEX
8
L0D0
10
969.765
20
-935.645
0
VERTEX
8
L0D0
10
832.43
20
-1117.893
0
VERTEX
8
L0D0
10
833.389
20
-1118.615
0
VERTEX
8
L0D0
10
970.723
20
-936.367
0
VERTEX
8
L0D0
10
973.598
20
-938.533
0
VERTEX
8
L0D0
10
836.264
20
-1120.782
0
VERTEX
8
L0D0
10
837.222
20
-1121.504
0
VERTEX
8
L0D0
10
974.556
20
-939.255
0
VERTEX
8
L0D0
10
977.431
20
-941.422
0
VERTEX
8
L0D0
10
840.097
20
-1123.671
0
VERTEX
8
L0D0
10
841.056
20
-1124.393
0
VERTEX
8
L0D0
10
978.39
20
-942.144
0
VERTEX
8
L0D0
10
981.265
20
-944.311
0
VERTEX
8
L0D0
10
843.931
20
-1126.559
0
VERTEX
8
L0D0
10
844.889
20
-1127.281
0
VERTEX
8
L0D0
10
982.223
20
-945.033
0
VERTEX
8
L0D0
10
985.098
20
-947.199
0
VERTEX
8
L0D0
10
847.764
20
-1129.448
0
VERTEX
8
L0D0
10
848.723
20
-1130.17
0
VERTEX
8
L0D0
10
986.057
20
-947.922
0
VERTEX
8
L0D0
10
988.932
20
-950.088
0
VERTEX
8
L0D0
10
851.598
20
-1132.337
0
VERTEX
8
L0D0
10
852.556
20
-1133.059
0
VERTEX
8
L0D0
10
989.89
20
-950.81
0
VERTEX
8
L0D0
10
992.765
20
-952.977
0
VERTEX
8
L0D0
10
855.431
20
-1135.225
0
VERTEX
8
L0D0
10
856.389
20
-1135.948
0
VERTEX
8
L0D0
10
993.724
20
-953.699
0
VERTEX
8
L0D0
10
996.599
20
-955.866
0
VERTEX
8
L0D0
10
859.265
20
-1138.114
0
VERTEX
8
L0D0
10
860.223
20
-1138.836
0
VERTEX
8
L0D0
10
997.557
20
-956.588
0
VERTEX
8
L0D0
10
1000.432
20
-958.754
0
VERTEX
8
L0D0
10
863.098
20
-1141.003
0
VERTEX
8
L0D0
10
864.056
20
-1141.725
0
VERTEX
8
L0D0
10
1001.391
20
-959.476
0
VERTEX
8
L0D0
10
1004.266
20
-961.643
0
VERTEX
8
L0D0
10
866.931
20
-1143.892
0
VERTEX
8
L0D0
10
867.89
20
-1144.614
0
VERTEX
8
L0D0
10
1005.224
20
-962.365
0
VERTEX
8
L0D0
10
1008.099
20
-964.532
0
VERTEX
8
L0D0
10
870.765
20
-1146.78
0
VERTEX
8
L0D0
10
871.723
20
-1147.502
0
VERTEX
8
L0D0
10
1009.057
20
-965.254
0
VERTEX
8
L0D0
10
1011.933
20
-967.42
0
VERTEX
8
L0D0
10
874.598
20
-1149.669
0
VERTEX
8
L0D0
10
875.557
20
-1150.391
0
VERTEX
8
L0D0
10
1012.891
20
-968.143
0
VERTEX
8
L0D0
10
1015.766
20
-970.309
0
VERTEX
8
L0D0
10
878.432
20
-1152.558
0
VERTEX
8
L0D0
10
879.39
20
-1153.28
0
VERTEX
8
L0D0
10
1016.724
20
-971.031
0
VERTEX
8
L0D0
10
1019.599
20
-973.198
0
VERTEX
8
L0D0
10
882.265
20
-1155.446
0
VERTEX
8
L0D0
10
883.224
20
-1156.169
0
VERTEX
8
L0D0
10
1020.558
20
-973.92
0
VERTEX
8
L0D0
10
1023.433
20
-976.087
0
VERTEX
8
L0D0
10
886.099
20
-1158.335
0
VERTEX
8
L0D0
10
887.057
20
-1159.057
0
VERTEX
8
L0D0
10
1024.391
20
-976.809
0
VERTEX
8
L0D0
10
1027.266
20
-978.975
0
VERTEX
8
L0D0
10
889.932
20
-1161.224
0
VERTEX
8
L0D0
10
890.89
20
-1161.946
0
VERTEX
8
L0D0
10
1028.225
20
-979.697
0
VERTEX
8
L0D0
10
1031.1
20
-981.864
0
VERTEX
8
L0D0
10
893.766
20
-1164.113
0
VERTEX
8
L0D0
10
894.724
20
-1164.835
0
VERTEX
8
L0D0
10
1032.058
20
-982.586
0
VERTEX
8
L0D0
10
1034.933
20
-984.753
0
VERTEX
8
L0D0
10
897.599
20
-1167.001
0
VERTEX
8
L0D0
10
898.557
20
-1167.723
0
VERTEX
8
L0D0
10
1035.892
20
-985.475
0
VERTEX
8
L0D0
10
1038.767
20
-987.641
0
VERTEX
8
L0D0
10
901.432
20
-1169.89
0
VERTEX
8
L0D0
10
902.391
20
-1170.612
0
VERTEX
8
L0D0
10
1039.725
20
-988.364
0
VERTEX
8
L0D0
10
1042.6
20
-990.53
0
VERTEX
8
L0D0
10
905.266
20
-1172.779
0
VERTEX
8
L0D0
10
906.224
20
-1173.501
0
VERTEX
8
L0D0
10
1043.558
20
-991.252
0
VERTEX
8
L0D0
10
1046.434
20
-993.419
0
VERTEX
8
L0D0
10
909.099
20
-1175.667
0
VERTEX
8
L0D0
10
910.058
20
-1176.39
0
VERTEX
8
L0D0
10
1047.392
20
-994.141
0
VERTEX
8
L0D0
10
1050.267
20
-996.308
0
VERTEX
8
L0D0
10
912.933
20
-1178.556
0
VERTEX
8
L0D0
10
913.891
20
-1179.278
0
VERTEX
8
L0D0
10
1051.225
20
-997.03
0
VERTEX
8
L0D0
10
1054.1
20
-999.196
0
VERTEX
8
L0D0
10
916.766
20
-1181.445
0
VERTEX
8
L0D0
10
917.725
20
-1182.167
0
VERTEX
8
L0D0
10
1055.059
20
-999.918
0
VERTEX
8
L0D0
10
1057.934
20
-1002.085
0
VERTEX
8
L0D0
10
920.6
20
-1184.334
0
VERTEX
8
L0D0
10
921.558
20
-1185.056
0
VERTEX
8
L0D0
10
1058.892
20
-1002.807
0
VERTEX
8
L0D0
10
1061.767
20
-1004.974
0
VERTEX
8
L0D0
10
924.433
20
-1187.222
0
VERTEX
8
L0D0
10
925.392
20
-1187.944
0
VERTEX
8
L0D0
10
1062.726
20
-1005.696
0
VERTEX
8
L0D0
10
1065.601
20
-1007.862
0
VERTEX
8
L0D0
10
928.267
20
-1190.111
0
VERTEX
8
L0D0
10
929.225
20
-1190.833
0
VERTEX
8
L0D0
10
1066.559
20
-1008.585
0
VERTEX
8
L0D0
10
1074.226
20
-1014.362
0
VERTEX
8
L0D0
10
1211.921
20
-831.634
0
VERTEX
8
L0D0
10
1212.88
20
-832.356
0
VERTEX
8
L0D0
10
937.489
20
-1197.812
0
VERTEX
8
L0D0
10
940.364
20
-1199.978
0
VERTEX
8
L0D0
10
1215.755
20
-834.523
0
VERTEX
8
L0D0
10
1216.713
20
-835.245
0
VERTEX
8
L0D0
10
941.323
20
-1200.701
0
VERTEX
8
L0D0
10
944.198
20
-1202.867
0
VERTEX
8
L0D0
10
1219.588
20
-837.412
0
VERTEX
8
L0D0
10
1220.547
20
-838.134
0
VERTEX
8
L0D0
10
945.156
20
-1203.589
0
VERTEX
8
L0D0
10
948.031
20
-1205.756
0
VERTEX
8
L0D0
10
1223.422
20
-840.3
0
VERTEX
8
L0D0
10
1224.38
20
-841.022
0
VERTEX
8
L0D0
10
948.99
20
-1206.478
0
VERTEX
8
L0D0
10
951.865
20
-1208.645
0
VERTEX
8
L0D0
10
1227.255
20
-843.189
0
VERTEX
8
L0D0
10
1228.214
20
-843.911
0
VERTEX
8
L0D0
10
952.823
20
-1209.367
0
VERTEX
8
L0D0
10
955.698
20
-1211.533
0
VERTEX
8
L0D0
10
1231.089
20
-846.078
0
VERTEX
8
L0D0
10
1232.047
20
-846.8
0
VERTEX
8
L0D0
10
956.656
20
-1212.256
0
VERTEX
8
L0D0
10
959.532
20
-1214.422
0
VERTEX
8
L0D0
10
1234.922
20
-848.966
0
VERTEX
8
L0D0
10
1235.88
20
-849.689
0
VERTEX
8
L0D0
10
960.49
20
-1215.144
0
VERTEX
8
L0D0
10
963.365
20
-1217.311
0
VERTEX
8
L0D0
10
1238.756
20
-851.855
0
VERTEX
8
L0D0
10
1239.714
20
-852.577
0
VERTEX
8
L0D0
10
964.323
20
-1218.033
0
VERTEX
8
L0D0
10
967.198
20
-1220.199
0
VERTEX
8
L0D0
10
1242.589
20
-854.744
0
VERTEX
8
L0D0
10
1243.547
20
-855.466
0
VERTEX
8
L0D0
10
968.157
20
-1220.922
0
VERTEX
8
L0D0
10
971.032
20
-1223.088
0
VERTEX
8
L0D0
10
1246.422
20
-857.633
0
VERTEX
8
L0D0
10
1247.381
20
-858.355
0
VERTEX
8
L0D0
10
971.99
20
-1223.81
0
VERTEX
8
L0D0
10
974.865
20
-1225.977
0
VERTEX
8
L0D0
10
1250.256
20
-860.521
0
VERTEX
8
L0D0
10
1251.214
20
-861.243
0
VERTEX
8
L0D0
10
975.824
20
-1226.699
0
VERTEX
8
L0D0
10
978.699
20
-1228.866
0
VERTEX
8
L0D0
10
1254.089
20
-863.41
0
VERTEX
8
L0D0
10
1255.048
20
-864.132
0
VERTEX
8
L0D0
10
979.657
20
-1229.588
0
VERTEX
8
L0D0
10
982.532
20
-1231.754
0
VERTEX
8
L0D0
10
1257.923
20
-866.299
0
VERTEX
8
L0D0
10
1258.881
20
-867.021
0
VERTEX
8
L0D0
10
983.491
20
-1232.476
0
VERTEX
8
L0D0
10
986.366
20
-1234.643
0
VERTEX
8
L0D0
10
1261.756
20
-869.187
0
VERTEX
8
L0D0
10
1262.715
20
-869.91
0
VERTEX
8
L0D0
10
987.324
20
-1235.365
0
VERTEX
8
L0D0
10
990.199
20
-1237.532
0
VERTEX
8
L0D0
10
1265.59
20
-872.076
0
VERTEX
8
L0D0
10
1266.548
20
-872.798
0
VERTEX
8
L0D0
10
991.157
20
-1238.254
0
VERTEX
8
L0D0
10
994.033
20
-1240.42
0
VERTEX
8
L0D0
10
1269.423
20
-874.965
0
VERTEX
8
L0D0
10
1270.381
20
-875.687
0
VERTEX
8
L0D0
10
994.991
20
-1241.143
0
VERTEX
8
L0D0
10
997.866
20
-1243.309
0
VERTEX
8
L0D0
10
1273.257
20
-877.854
0
VERTEX
8
L0D0
10
1274.215
20
-878.576
0
VERTEX
8
L0D0
10
998.824
20
-1244.031
0
VERTEX
8
L0D0
10
1001.699
20
-1246.198
0
VERTEX
8
L0D0
10
1277.09
20
-880.742
0
VERTEX
8
L0D0
10
1278.048
20
-881.464
0
VERTEX
8
L0D0
10
1002.658
20
-1246.92
0
VERTEX
8
L0D0
10
1005.533
20
-1249.087
0
VERTEX
8
L0D0
10
1280.923
20
-883.631
0
VERTEX
8
L0D0
10
1281.882
20
-884.353
0
VERTEX
8
L0D0
10
1006.491
20
-1249.809
0
VERTEX
8
L0D0
10
1009.366
20
-1251.975
0
VERTEX
8
L0D0
10
1284.757
20
-886.52
0
VERTEX
8
L0D0
10
1285.715
20
-887.242
0
VERTEX
8
L0D0
10
1010.325
20
-1252.697
0
VERTEX
8
L0D0
10
1013.2
20
-1254.864
0
VERTEX
8
L0D0
10
1288.59
20
-889.408
0
VERTEX
8
L0D0
10
1289.549
20
-890.131
0
VERTEX
8
L0D0
10
1014.158
20
-1255.586
0
VERTEX
8
L0D0
10
1017.033
20
-1257.753
0
VERTEX
8
L0D0
10
1292.424
20
-892.297
0
VERTEX
8
L0D0
10
1293.382
20
-893.019
0
VERTEX
8
L0D0
10
1017.992
20
-1258.475
0
VERTEX
8
L0D0
10
1020.867
20
-1260.641
0
VERTEX
8
L0D0
10
1296.257
20
-895.186
0
VERTEX
8
L0D0
10
1297.216
20
-895.908
0
VERTEX
8
L0D0
10
1021.825
20
-1261.364
0
VERTEX
8
L0D0
10
1024.7
20
-1263.53
0
VERTEX
8
L0D0
10
1300.091
20
-898.075
0
VERTEX
8
L0D0
10
1301.049
20
-898.797
0
VERTEX
8
L0D0
10
1025.659
20
-1264.252
0
VERTEX
8
L0D0
10
1028.534
20
-1266.419
0
VERTEX
8
L0D0
10
1303.924
20
-900.963
0
VERTEX
8
L0D0
10
1304.883
20
-901.685
0
VERTEX
8
L0D0
10
1029.492
20
-1267.141
0
VERTEX
8
L0D0
10
1032.367
20
-1269.308
0
VERTEX
8
L0D0
10
1307.758
20
-903.852
0
VERTEX
8
L0D0
10
1308.716
20
-904.574
0
VERTEX
8
L0D0
10
1033.325
20
-1270.03
0
VERTEX
8
L0D0
10
1036.201
20
-1272.196
0
VERTEX
8
L0D0
10
1311.591
20
-906.741
0
VERTEX
8
L0D0
10
1312.549
20
-907.463
0
VERTEX
8
L0D0
10
1037.159
20
-1272.918
0
VERTEX
8
L0D0
10
1040.034
20
-1275.085
0
VERTEX
8
L0D0
10
1315.425
20
-909.629
0
VERTEX
8
L0D0
10
1316.383
20
-910.352
0
VERTEX
8
L0D0
10
1040.992
20
-1275.807
0
VERTEX
8
L0D0
10
1043.867
20
-1277.974
0
VERTEX
8
L0D0
10
1319.258
20
-912.518
0
VERTEX
8
L0D0
10
1320.216
20
-913.24
0
VERTEX
8
L0D0
10
1044.826
20
-1278.696
0
VERTEX
8
L0D0
10
1047.701
20
-1280.862
0
VERTEX
8
L0D0
10
1323.091
20
-915.407
0
VERTEX
8
L0D0
10
1324.05
20
-916.129
0
VERTEX
8
L0D0
10
1048.659
20
-1281.585
0
VERTEX
8
L0D0
10
1051.534
20
-1283.751
0
VERTEX
8
L0D0
10
1326.925
20
-918.296
0
VERTEX
8
L0D0
10
1327.883
20
-919.018
0
VERTEX
8
L0D0
10
1052.493
20
-1284.473
0
VERTEX
8
L0D0
10
1055.368
20
-1286.64
0
VERTEX
8
L0D0
10
1330.758
20
-921.184
0
VERTEX
8
L0D0
10
1331.717
20
-921.906
0
VERTEX
8
L0D0
10
1056.326
20
-1287.362
0
VERTEX
8
L0D0
10
1059.201
20
-1289.529
0
VERTEX
8
L0D0
10
1334.592
20
-924.073
0
VERTEX
8
L0D0
10
1335.55
20
-924.795
0
VERTEX
8
L0D0
10
1060.16
20
-1290.251
0
VERTEX
8
L0D0
10
1063.035
20
-1292.417
0
VERTEX
8
L0D0
10
1338.425
20
-926.962
0
VERTEX
8
L0D0
10
1339.384
20
-927.684
0
VERTEX
8
L0D0
10
1063.993
20
-1293.139
0
VERTEX
8
L0D0
10
1066.868
20
-1295.306
0
VERTEX
8
L0D0
10
1342.259
20
-929.85
0
VERTEX
8
L0D0
10
1343.217
20
-930.573
0
VERTEX
8
L0D0
10
1067.826
20
-1296.028
0
VERTEX
8
L0D0
10
1070.702
20
-1298.195
0
VERTEX
8
L0D0
10
1346.092
20
-932.739
0
VERTEX
8
L0D0
10
1347.05
20
-933.461
0
VERTEX
8
L0D0
10
1071.66
20
-1298.917
0
VERTEX
8
L0D0
10
1074.535
20
-1301.083
0
VERTEX
8
L0D0
10
1349.926
20
-935.628
0
VERTEX
8
L0D0
10
1350.884
20
-936.35
0
VERTEX
8
L0D0
10
1075.493
20
-1301.806
0
VERTEX
8
L0D0
10
1078.368
20
-1303.972
0
VERTEX
8
L0D0
10
1353.759
20
-938.517
0
VERTEX
8
L0D0
10
1354.717
20
-939.239
0
VERTEX
8
L0D0
10
1079.327
20
-1304.694
0
VERTEX
8
L0D0
10
1082.202
20
-1306.861
0
VERTEX
8
L0D0
10
1357.592
20
-941.405
0
VERTEX
8
L0D0
10
1358.551
20
-942.127
0
VERTEX
8
L0D0
10
1083.16
20
-1307.583
0
VERTEX
8
L0D0
10
1086.035
20
-1309.75
0
VERTEX
8
L0D0
10
1361.426
20
-944.294
0
VERTEX
8
L0D0
10
1362.384
20
-945.016
0
VERTEX
8
L0D0
10
1086.994
20
-1310.472
0
VERTEX
8
L0D0
10
1089.869
20
-1312.638
0
VERTEX
8
L0D0
10
1227.564
20
-1129.91
0
VERTEX
8
L0D0
10
1234.273
20
-1134.966
0
VERTEX
8
L0D0
10
1096.938
20
-1317.214
0
VERTEX
8
L0D0
10
1097.897
20
-1317.936
0
VERTEX
8
L0D0
10
1235.231
20
-1135.688
0
VERTEX
8
L0D0
10
1238.106
20
-1137.854
0
VERTEX
8
L0D0
10
1100.772
20
-1320.103
0
VERTEX
8
L0D0
10
1101.73
20
-1320.825
0
VERTEX
8
L0D0
10
1239.064
20
-1138.577
0
VERTEX
8
L0D0
10
1241.94
20
-1140.743
0
VERTEX
8
L0D0
10
1104.605
20
-1322.992
0
VERTEX
8
L0D0
10
1105.564
20
-1323.714
0
VERTEX
8
L0D0
10
1242.898
20
-1141.465
0
VERTEX
8
L0D0
10
1245.773
20
-1143.632
0
VERTEX
8
L0D0
10
1108.439
20
-1325.88
0
VERTEX
8
L0D0
10
1109.397
20
-1326.603
0
VERTEX
8
L0D0
10
1246.731
20
-1144.354
0
VERTEX
8
L0D0
10
1249.606
20
-1146.521
0
VERTEX
8
L0D0
10
1112.272
20
-1328.769
0
VERTEX
8
L0D0
10
1113.231
20
-1329.491
0
VERTEX
8
L0D0
10
1250.565
20
-1147.243
0
VERTEX
8
L0D0
10
1253.44
20
-1149.409
0
VERTEX
8
L0D0
10
1116.106
20
-1331.658
0
VERTEX
8
L0D0
10
1117.064
20
-1332.38
0
VERTEX
8
L0D0
10
1254.398
20
-1150.131
0
VERTEX
8
L0D0
10
1257.273
20
-1152.298
0
VERTEX
8
L0D0
10
1119.939
20
-1334.547
0
VERTEX
8
L0D0
10
1120.898
20
-1335.269
0
VERTEX
8
L0D0
10
1258.232
20
-1153.02
0
VERTEX
8
L0D0
10
1261.107
20
-1155.187
0
VERTEX
8
L0D0
10
1123.773
20
-1337.435
0
VERTEX
8
L0D0
10
1124.731
20
-1338.157
0
VERTEX
8
L0D0
10
1262.065
20
-1155.909
0
VERTEX
8
L0D0
10
1264.94
20
-1158.075
0
VERTEX
8
L0D0
10
1127.606
20
-1340.324
0
VERTEX
8
L0D0
10
1128.564
20
-1341.046
0
VERTEX
8
L0D0
10
1265.899
20
-1158.798
0
VERTEX
8
L0D0
10
1268.774
20
-1160.964
0
VERTEX
8
L0D0
10
1131.439
20
-1343.213
0
VERTEX
8
L0D0
10
1132.398
20
-1343.935
0
VERTEX
8
L0D0
10
1269.732
20
-1161.686
0
VERTEX
8
L0D0
10
1272.607
20
-1163.853
0
VERTEX
8
L0D0
10
1135.273
20
-1346.101
0
VERTEX
8
L0D0
10
1136.231
20
-1346.824
0
VERTEX
8
L0D0
10
1273.566
20
-1164.575
0
VERTEX
8
L0D0
10
1276.441
20
-1166.742
0
VERTEX
8
L0D0
10
1139.106
20
-1348.99
0
VERTEX
8
L0D0
10
1140.065
20
-1349.712
0
VERTEX
8
L0D0
10
1277.399
20
-1167.464
0
VERTEX
8
L0D0
10
1280.274
20
-1169.63
0
VERTEX
8
L0D0
10
1142.94
20
-1351.879
0
VERTEX
8
L0D0
10
1143.898
20
-1352.601
0
VERTEX
8
L0D0
10
1281.232
20
-1170.352
0
VERTEX
8
L0D0
10
1284.107
20
-1172.519
0
VERTEX
8
L0D0
10
1146.773
20
-1354.768
0
VERTEX
8
L0D0
10
1147.732
20
-1355.49
0
VERTEX
8
L0D0
10
1285.066
20
-1173.241
0
VERTEX
8
L0D0
10
1287.941
20
-1175.408
0
VERTEX
8
L0D0
10
1150.607
20
-1357.656
0
VERTEX
8
L0D0
10
1151.565
20
-1358.378
0
VERTEX
8
L0D0
10
1288.899
20
-1176.13
0
VERTEX
8
L0D0
10
1291.774
20
-1178.296
0
VERTEX
8
L0D0
10
1154.44
20
-1360.545
0
VERTEX
8
L0D0
10
1155.399
20
-1361.267
0
VERTEX
8
L0D0
10
1292.733
20
-1179.019
0
VERTEX
8
L0D0
10
1295.608
20
-1181.185
0
VERTEX
8
L0D0
10
1158.274
20
-1363.434
0
VERTEX
8
L0D0
10
1159.232
20
-1364.156
0
VERTEX
8
L0D0
10
1296.566
20
-1181.907
0
VERTEX
8
L0D0
10
1299.441
20
-1184.074
0
VERTEX
8
L0D0
10
1162.107
20
-1366.322
0
VERTEX
8
L0D0
10
1163.065
20
-1367.045
0
VERTEX
8
L0D0
10
1300.4
20
-1184.796
0
VERTEX
8
L0D0
10
1303.275
20
-1186.963
0
VERTEX
8
L0D0
10
1165.941
20
-1369.211
0
VERTEX
8
L0D0
10
1166.899
20
-1369.933
0
VERTEX
8
L0D0
10
1304.233
20
-1187.685
0
VERTEX
8
L0D0
10
1307.108
20
-1189.851
0
VERTEX
8
L0D0
10
1169.774
20
-1372.1
0
VERTEX
8
L0D0
10
1170.732
20
-1372.822
0
VERTEX
8
L0D0
10
1308.067
20
-1190.573
0
VERTEX
8
L0D0
10
1310.942
20
-1192.74
0
VERTEX
8
L0D0
10
1173.607
20
-1374.989
0
VERTEX
8
L0D0
10
1174.566
20
-1375.711
0
VERTEX
8
L0D0
10
1311.9
20
-1193.462
0
VERTEX
8
L0D0
10
1314.775
20
-1195.629
0
VERTEX
8
L0D0
10
1177.441
20
-1377.877
0
VERTEX
8
L0D0
10
1178.399
20
-1378.599
0
VERTEX
8
L0D0
10
1315.733
20
-1196.351
0
VERTEX
8
L0D0
10
1318.609
20
-1198.517
0
VERTEX
8
L0D0
10
1181.274
20
-1380.766
0
VERTEX
8
L0D0
10
1182.233
20
-1381.488
0
VERTEX
8
L0D0
10
1319.567
20
-1199.24
0
VERTEX
8
L0D0
10
1322.442
20
-1201.406
0
VERTEX
8
L0D0
10
1185.108
20
-1383.655
0
VERTEX
8
L0D0
10
1186.066
20
-1384.377
0
VERTEX
8
L0D0
10
1323.4
20
-1202.128
0
VERTEX
8
L0D0
10
1326.275
20
-1204.295
0
VERTEX
8
L0D0
10
1188.941
20
-1386.543
0
VERTEX
8
L0D0
10
1189.9
20
-1387.266
0
VERTEX
8
L0D0
10
1327.234
20
-1205.017
0
VERTEX
8
L0D0
10
1330.109
20
-1207.183
0
VERTEX
8
L0D0
10
1192.775
20
-1389.432
0
VERTEX
8
L0D0
10
1193.733
20
-1390.154
0
VERTEX
8
L0D0
10
1331.067
20
-1207.906
0
VERTEX
8
L0D0
10
1333.942
20
-1210.072
0
VERTEX
8
L0D0
10
1196.608
20
-1392.321
0
VERTEX
8
L0D0
10
1197.567
20
-1393.043
0
VERTEX
8
L0D0
10
1334.901
20
-1210.794
0
VERTEX
8
L0D0
10
1337.776
20
-1212.961
0
VERTEX
8
L0D0
10
1200.442
20
-1395.21
0
VERTEX
8
L0D0
10
1201.4
20
-1395.932
0
VERTEX
8
L0D0
10
1338.734
20
-1213.683
0
VERTEX
8
L0D0
10
1341.609
20
-1215.85
0
VERTEX
8
L0D0
10
1204.275
20
-1398.098
0
VERTEX
8
L0D0
10
1205.233
20
-1398.82
0
VERTEX
8
L0D0
10
1342.568
20
-1216.572
0
VERTEX
8
L0D0
10
1345.443
20
-1218.738
0
VERTEX
8
L0D0
10
1208.109
20
-1400.987
0
VERTEX
8
L0D0
10
1209.067
20
-1401.709
0
VERTEX
8
L0D0
10
1346.401
20
-1219.461
0
VERTEX
8
L0D0
10
1349.276
20
-1221.627
0
VERTEX
8
L0D0
10
1211.942
20
-1403.876
0
VERTEX
8
L0D0
10
1212.9
20
-1404.598
0
VERTEX
8
L0D0
10
1350.235
20
-1222.349
0
VERTEX
8
L0D0
10
1353.11
20
-1224.516
0
VERTEX
8
L0D0
10
1215.775
20
-1406.764
0
VERTEX
8
L0D0
10
1216.734
20
-1407.487
0
VERTEX
8
L0D0
10
1354.068
20
-1225.238
0
VERTEX
8
L0D0
10
1356.943
20
-1227.404
0
VERTEX
8
L0D0
10
1219.609
20
-1409.653
0
VERTEX
8
L0D0
10
1220.567
20
-1410.375
0
VERTEX
8
L0D0
10
1357.901
20
-1228.127
0
VERTEX
8
L0D0
10
1360.776
20
-1230.293
0
VERTEX
8
L0D0
10
1223.442
20
-1412.542
0
VERTEX
8
L0D0
10
1224.401
20
-1413.264
0
VERTEX
8
L0D0
10
1361.735
20
-1231.015
0
VERTEX
8
L0D0
10
1364.61
20
-1233.182
0
VERTEX
8
L0D0
10
1227.276
20
-1415.431
0
VERTEX
8
L0D0
10
1228.234
20
-1416.153
0
VERTEX
8
L0D0
10
1365.568
20
-1233.904
0
VERTEX
8
L0D0
10
1368.443
20
-1236.071
0
VERTEX
8
L0D0
10
1231.109
20
-1418.319
0
VERTEX
8
L0D0
10
1232.068
20
-1419.041
0
VERTEX
8
L0D0
10
1369.402
20
-1236.793
0
VERTEX
8
L0D0
10
1372.277
20
-1238.959
0
VERTEX
8
L0D0
10
1234.943
20
-1421.208
0
VERTEX
8
L0D0
10
1235.901
20
-1421.93
0
VERTEX
8
L0D0
10
1373.235
20
-1239.682
0
VERTEX
8
L0D0
10
1376.11
20
-1241.848
0
VERTEX
8
L0D0
10
1238.776
20
-1424.097
0
VERTEX
8
L0D0
10
1239.734
20
-1424.819
0
VERTEX
8
L0D0
10
1377.069
20
-1242.57
0
VERTEX
8
L0D0
10
1379.944
20
-1244.737
0
VERTEX
8
L0D0
10
1242.61
20
-1426.985
0
VERTEX
8
L0D0
10
1243.568
20
-1427.708
0
VERTEX
8
L0D0
10
1380.902
20
-1245.459
0
VERTEX
8
L0D0
10
1383.777
20
-1247.625
0
VERTEX
8
L0D0
10
1246.443
20
-1429.874
0
VERTEX
8
L0D0
10
1247.401
20
-1430.596
0
VERTEX
8
L0D0
10
1384.736
20
-1248.348
0
VERTEX
8
L0D0
10
1391.444
20
-1253.403
0
VERTEX
8
L0D0
10
1256.758
20
-1432.138
0
VERTEX
8
L0D0
10
1613.269
20
-1700.788
0
VERTEX
8
L0D0
10
1881.919
20
-1344.277
0
VERTEX
8
L0D0
10
1527.325
20
-1077.071
0
VERTEX
8
L0D0
10
1260.119
20
-1431.665
0
VERTEX
8
L0D0
10
1612.796
20
-1697.427
0
VERTEX
8
L0D0
10
1878.558
20
-1344.749
0
VERTEX
8
L0D0
10
1527.797
20
-1080.432
0
VERTEX
8
L0D0
10
1263.48
20
-1431.193
0
VERTEX
8
L0D0
10
1612.324
20
-1694.066
0
VERTEX
8
L0D0
10
1875.197
20
-1345.222
0
VERTEX
8
L0D0
10
1528.27
20
-1083.793
0
VERTEX
8
L0D0
10
1266.841
20
-1430.72
0
VERTEX
8
L0D0
10
1611.852
20
-1690.704
0
VERTEX
8
L0D0
10
1871.836
20
-1345.694
0
VERTEX
8
L0D0
10
1528.742
20
-1087.154
0
VERTEX
8
L0D0
10
1270.202
20
-1430.248
0
VERTEX
8
L0D0
10
1611.379
20
-1687.343
0
VERTEX
8
L0D0
10
1868.475
20
-1346.166
0
VERTEX
8
L0D0
10
1529.214
20
-1090.515
0
VERTEX
8
L0D0
10
1273.563
20
-1429.776
0
VERTEX
8
L0D0
10
1610.907
20
-1683.982
0
VERTEX
8
L0D0
10
1865.114
20
-1346.639
0
VERTEX
8
L0D0
10
1529.687
20
-1093.876
0
VERTEX
8
L0D0
10
1276.924
20
-1429.303
0
VERTEX
8
L0D0
10
1610.435
20
-1680.621
0
VERTEX
8
L0D0
10
1861.753
20
-1347.111
0
VERTEX
8
L0D0
10
1530.159
20
-1097.237
0
VERTEX
8
L0D0
10
1280.285
20
-1428.831
0
VERTEX
8
L0D0
10
1609.962
20
-1677.26
0
VERTEX
8
L0D0
10
1858.391
20
-1347.583
0
VERTEX
8
L0D0
10
1530.631
20
-1100.599
0
VERTEX
8
L0D0
10
1283.647
20
-1428.359
0
VERTEX
8
L0D0
10
1609.49
20
-1673.899
0
VERTEX
8
L0D0
10
1855.03
20
-1348.056
0
VERTEX
8
L0D0
10
1531.104
20
-1103.96
0
VERTEX
8
L0D0
10
1287.008
20
-1427.886
0
VERTEX
8
L0D0
10
1609.017
20
-1670.538
0
VERTEX
8
L0D0
10
1851.669
20
-1348.528
0
VERTEX
8
L0D0
10
1531.576
20
-1107.321
0
VERTEX
8
L0D0
10
1290.369
20
-1427.414
0
VERTEX
8
L0D0
10
1608.545
20
-1667.177
0
VERTEX
8
L0D0
10
1848.308
20
-1349.001
0
VERTEX
8
L0D0
10
1532.049
20
-1110.682
0
VERTEX
8
L0D0
10
1293.73
20
-1426.941
0
VERTEX
8
L0D0
10
1608.073
20
-1663.816
0
VERTEX
8
L0D0
10
1844.947
20
-1349.473
0
VERTEX
8
L0D0
10
1532.521
20
-1114.043
0
VERTEX
8
L0D0
10
1297.091
20
-1426.469
0
VERTEX
8
L0D0
10
1607.6
20
-1660.455
0
VERTEX
8
L0D0
10
1841.586
20
-1349.945
0
VERTEX
8
L0D0
10
1532.993
20
-1117.404
0
VERTEX
8
L0D0
10
1300.452
20
-1425.997
0
VERTEX
8
L0D0
10
1607.128
20
-1657.094
0
VERTEX
8
L0D0
10
1838.225
20
-1350.418
0
VERTEX
8
L0D0
10
1533.466
20
-1120.765
0
VERTEX
8
L0D0
10
1303.813
20
-1425.524
0
VERTEX
8
L0D0
10
1606.656
20
-1653.733
0
VERTEX
8
L0D0
10
1834.864
20
-1350.89
0
VERTEX
8
L0D0
10
1533.938
20
-1124.126
0
VERTEX
8
L0D0
10
1307.174
20
-1425.052
0
VERTEX
8
L0D0
10
1606.183
20
-1650.372
0
VERTEX
8
L0D0
10
1831.503
20
-1351.362
0
VERTEX
8
L0D0
10
1534.41
20
-1127.487
0
VERTEX
8
L0D0
10
1310.535
20
-1424.58
0
VERTEX
8
L0D0
10
1605.711
20
-1647.01
0
VERTEX
8
L0D0
10
1828.142
20
-1351.835
0
VERTEX
8
L0D0
10
1534.883
20
-1130.848
0
VERTEX
8
L0D0
10
1313.896
20
-1424.107
0
VERTEX
8
L0D0
10
1605.239
20
-1643.649
0
VERTEX
8
L0D0
10
1824.781
20
-1352.307
0
VERTEX
8
L0D0
10
1535.355
20
-1134.209
0
VERTEX
8
L0D0
10
1317.257
20
-1423.635
0
VERTEX
8
L0D0
10
1604.766
20
-1640.288
0
VERTEX
8
L0D0
10
1821.42
20
-1352.779
0
VERTEX
8
L0D0
10
1535.827
20
-1137.57
0
VERTEX
8
L0D0
10
1320.618
20
-1423.163
0
VERTEX
8
L0D0
10
1604.294
20
-1636.927
0
VERTEX
8
L0D0
10
1818.058
20
-1353.252
0
VERTEX
8
L0D0
10
1536.3
20
-1140.932
0
VERTEX
8
L0D0
10
1323.98
20
-1422.69
0
VERTEX
8
L0D0
10
1603.821
20
-1633.566
0
VERTEX
8
L0D0
10
1814.697
20
-1353.724
0
VERTEX
8
L0D0
10
1536.772
20
-1144.293
0
VERTEX
8
L0D0
10
1327.341
20
-1422.218
0
VERTEX
8
L0D0
10
1603.349
20
-1630.205
0
VERTEX
8
L0D0
10
1811.336
20
-1354.197
0
VERTEX
8
L0D0
10
1537.245
20
-1147.654
0
VERTEX
8
L0D0
10
1330.702
20
-1421.745
0
VERTEX
8
L0D0
10
1602.877
20
-1626.844
0
VERTEX
8
L0D0
10
1807.975
20
-1354.669
0
VERTEX
8
L0D0
10
1537.717
20
-1151.015
0
VERTEX
8
L0D0
10
1334.063
20
-1421.273
0
VERTEX
8
L0D0
10
1602.404
20
-1623.483
0
VERTEX
8
L0D0
10
1804.614
20
-1355.141
0
VERTEX
8
L0D0
10
1538.189
20
-1154.376
0
VERTEX
8
L0D0
10
1337.424
20
-1420.801
0
VERTEX
8
L0D0
10
1601.932
20
-1620.122
0
VERTEX
8
L0D0
10
1801.253
20
-1355.614
0
VERTEX
8
L0D0
10
1538.662
20
-1157.737
0
VERTEX
8
L0D0
10
1340.785
20
-1420.328
0
VERTEX
8
L0D0
10
1601.46
20
-1616.761
0
VERTEX
8
L0D0
10
1797.892
20
-1356.086
0
VERTEX
8
L0D0
10
1539.134
20
-1161.098
0
VERTEX
8
L0D0
10
1344.146
20
-1419.856
0
VERTEX
8
L0D0
10
1600.987
20
-1613.4
0
VERTEX
8
L0D0
10
1794.531
20
-1356.558
0
VERTEX
8
L0D0
10
1539.606
20
-1164.459
0
VERTEX
8
L0D0
10
1347.507
20
-1419.384
0
VERTEX
8
L0D0
10
1600.515
20
-1610.039
0
VERTEX
8
L0D0
10
1791.17
20
-1357.031
0
VERTEX
8
L0D0
10
1540.079
20
-1167.82
0
VERTEX
8
L0D0
10
1350.868
20
-1418.911
0
VERTEX
8
L0D0
10
1600.042
20
-1606.677
0
VERTEX
8
L0D0
10
1787.809
20
-1357.503
0
VERTEX
8
L0D0
10
1540.551
20
-1171.181
0
VERTEX
8
L0D0
10
1354.229
20
-1418.439
0
VERTEX
8
L0D0
10
1599.57
20
-1603.316
0
VERTEX
8
L0D0
10
1784.448
20
-1357.976
0
VERTEX
8
L0D0
10
1541.024
20
-1174.542
0
VERTEX
8
L0D0
10
1357.59
20
-1417.966
0
VERTEX
8
L0D0
10
1479.782
20
-1510.044
0
VERTEX
8
L0D0
10
1481.226
20
-1508.127
0
VERTEX
8
L0D0
10
1600.542
20
-1598.039
0
VERTEX
8
L0D0
10
1781.087
20
-1358.448
0
VERTEX
8
L0D0
10
1541.496
20
-1177.903
0
VERTEX
8
L0D0
10
1360.951
20
-1417.494
0
VERTEX
8
L0D0
10
1480.268
20
-1507.405
0
VERTEX
8
L0D0
10
1479.545
20
-1508.364
0
VERTEX
8
L0D0
10
1359.271
20
-1417.73
0
VERTEX
8
L0D0
10
1541.26
20
-1176.223
0
VERTEX
8
L0D0
10
1782.767
20
-1358.212
0
VERTEX
8
L0D0
10
1599.334
20
-1601.636
0
VERTEX
8
L0D0
10
1355.91
20
-1418.203
0
VERTEX
8
L0D0
10
1540.787
20
-1172.862
0
VERTEX
8
L0D0
10
1786.128
20
-1357.739
0
VERTEX
8
L0D0
10
1599.806
20
-1604.997
0
VERTEX
8
L0D0
10
1352.549
20
-1418.675
0
VERTEX
8
L0D0
10
1540.315
20
-1169.501
0
VERTEX
8
L0D0
10
1789.489
20
-1357.267
0
VERTEX
8
L0D0
10
1600.279
20
-1608.358
0
VERTEX
8
L0D0
10
1349.188
20
-1419.147
0
VERTEX
8
L0D0
10
1539.843
20
-1166.14
0
VERTEX
8
L0D0
10
1792.85
20
-1356.795
0
VERTEX
8
L0D0
10
1600.751
20
-1611.719
0
VERTEX
8
L0D0
10
1345.827
20
-1419.62
0
VERTEX
8
L0D0
10
1539.37
20
-1162.779
0
VERTEX
8
L0D0
10
1796.211
20
-1356.322
0
VERTEX
8
L0D0
10
1601.223
20
-1615.08
0
VERTEX
8
L0D0
10
1342.465
20
-1420.092
0
VERTEX
8
L0D0
10
1538.898
20
-1159.417
0
VERTEX
8
L0D0
10
1799.573
20
-1355.85
0
VERTEX
8
L0D0
10
1601.696
20
-1618.441
0
VERTEX
8
L0D0
10
1339.104
20
-1420.564
0
VERTEX
8
L0D0
10
1538.426
20
-1156.056
0
VERTEX
8
L0D0
10
1802.934
20
-1355.378
0
VERTEX
8
L0D0
10
1602.168
20
-1621.802
0
VERTEX
8
L0D0
10
1335.743
20
-1421.037
0
VERTEX
8
L0D0
10
1537.953
20
-1152.695
0
VERTEX
8
L0D0
10
1806.295
20
-1354.905
0
VERTEX
8
L0D0
10
1602.64
20
-1625.163
0
VERTEX
8
L0D0
10
1332.382
20
-1421.509
0
VERTEX
8
L0D0
10
1537.481
20
-1149.334
0
VERTEX
8
L0D0
10
1809.656
20
-1354.433
0
VERTEX
8
L0D0
10
1603.113
20
-1628.524
0
VERTEX
8
L0D0
10
1329.021
20
-1421.982
0
VERTEX
8
L0D0
10
1537.008
20
-1145.973
0
VERTEX
8
L0D0
10
1813.017
20
-1353.96
0
VERTEX
8
L0D0
10
1603.585
20
-1631.886
0
VERTEX
8
L0D0
10
1325.66
20
-1422.454
0
VERTEX
8
L0D0
10
1536.536
20
-1142.612
0
VERTEX
8
L0D0
10
1816.378
20
-1353.488
0
VERTEX
8
L0D0
10
1604.058
20
-1635.247
0
VERTEX
8
L0D0
10
1322.299
20
-1422.926
0
VERTEX
8
L0D0
10
1536.064
20
-1139.251
0
VERTEX
8
L0D0
10
1819.739
20
-1353.016
0
VERTEX
8
L0D0
10
1604.53
20
-1638.608
0
VERTEX
8
L0D0
10
1318.938
20
-1423.399
0
VERTEX
8
L0D0
10
1535.591
20
-1135.89
0
VERTEX
8
L0D0
10
1823.1
20
-1352.543
0
VERTEX
8
L0D0
10
1605.002
20
-1641.969
0
VERTEX
8
L0D0
10
1315.577
20
-1423.871
0
VERTEX
8
L0D0
10
1535.119
20
-1132.529
0
VERTEX
8
L0D0
10
1826.461
20
-1352.071
0
VERTEX
8
L0D0
10
1605.475
20
-1645.33
0
VERTEX
8
L0D0
10
1312.216
20
-1424.343
0
VERTEX
8
L0D0
10
1534.647
20
-1129.168
0
VERTEX
8
L0D0
10
1829.822
20
-1351.599
0
VERTEX
8
L0D0
10
1605.947
20
-1648.691
0
VERTEX
8
L0D0
10
1308.855
20
-1424.816
0
VERTEX
8
L0D0
10
1534.174
20
-1125.807
0
VERTEX
8
L0D0
10
1833.183
20
-1351.126
0
VERTEX
8
L0D0
10
1606.419
20
-1652.052
0
VERTEX
8
L0D0
10
1305.494
20
-1425.288
0
VERTEX
8
L0D0
10
1533.702
20
-1122.446
0
VERTEX
8
L0D0
10
1836.544
20
-1350.654
0
VERTEX
8
L0D0
10
1606.892
20
-1655.413
0
VERTEX
8
L0D0
10
1302.132
20
-1425.761
0
VERTEX
8
L0D0
10
1533.229
20
-1119.084
0
VERTEX
8
L0D0
10
1839.906
20
-1350.181
0
VERTEX
8
L0D0
10
1607.364
20
-1658.774
0
VERTEX
8
L0D0
10
1298.771
20
-1426.233
0
VERTEX
8
L0D0
10
1532.757
20
-1115.723
0
VERTEX
8
L0D0
10
1843.267
20
-1349.709
0
VERTEX
8
L0D0
10
1607.837
20
-1662.135
0
VERTEX
8
L0D0
10
1295.41
20
-1426.705
0
VERTEX
8
L0D0
10
1532.285
20
-1112.362
0
VERTEX
8
L0D0
10
1846.628
20
-1349.237
0
VERTEX
8
L0D0
10
1608.309
20
-1665.496
0
VERTEX
8
L0D0
10
1292.049
20
-1427.178
0
VERTEX
8
L0D0
10
1531.812
20
-1109.001
0
VERTEX
8
L0D0
10
1849.989
20
-1348.764
0
VERTEX
8
L0D0
10
1608.781
20
-1668.857
0
VERTEX
8
L0D0
10
1288.688
20
-1427.65
0
VERTEX
8
L0D0
10
1531.34
20
-1105.64
0
VERTEX
8
L0D0
10
1853.35
20
-1348.292
0
VERTEX
8
L0D0
10
1609.254
20
-1672.219
0
VERTEX
8
L0D0
10
1285.327
20
-1428.122
0
VERTEX
8
L0D0
10
1530.868
20
-1102.279
0
VERTEX
8
L0D0
10
1856.711
20
-1347.82
0
VERTEX
8
L0D0
10
1609.726
20
-1675.58
0
VERTEX
8
L0D0
10
1281.966
20
-1428.595
0
VERTEX
8
L0D0
10
1530.395
20
-1098.918
0
VERTEX
8
L0D0
10
1860.072
20
-1347.347
0
VERTEX
8
L0D0
10
1610.198
20
-1678.941
0
VERTEX
8
L0D0
10
1278.605
20
-1429.067
0
VERTEX
8
L0D0
10
1529.923
20
-1095.557
0
VERTEX
8
L0D0
10
1863.433
20
-1346.875
0
VERTEX
8
L0D0
10
1610.671
20
-1682.302
0
VERTEX
8
L0D0
10
1275.244
20
-1429.539
0
VERTEX
8
L0D0
10
1529.451
20
-1092.196
0
VERTEX
8
L0D0
10
1866.794
20
-1346.403
0
VERTEX
8
L0D0
10
1611.143
20
-1685.663
0
VERTEX
8
L0D0
10
1271.883
20
-1430.012
0
VERTEX
8
L0D0
10
1528.978
20
-1088.835
0
VERTEX
8
L0D0
10
1870.155
20
-1345.93
0
VERTEX
8
L0D0
10
1611.615
20
-1689.024
0
VERTEX
8
L0D0
10
1268.522
20
-1430.484
0
VERTEX
8
L0D0
10
1528.506
20
-1085.474
0
VERTEX
8
L0D0
10
1873.516
20
-1345.458
0
VERTEX
8
L0D0
10
1612.088
20
-1692.385
0
VERTEX
8
L0D0
10
1265.161
20
-1430.957
0
VERTEX
8
L0D0
10
1528.033
20
-1082.113
0
VERTEX
8
L0D0
10
1876.877
20
-1344.985
0
VERTEX
8
L0D0
10
1612.56
20
-1695.746
0
VERTEX
8
L0D0
10
1261.8
20
-1431.429
0
VERTEX
8
L0D0
10
1527.561
20
-1078.752
0
VERTEX
8
L0D0
10
1880.238
20
-1344.513
0
VERTEX
8
L0D0
10
1613.033
20
-1699.107
0
VERTEX
8
L0D0
10
1258.438
20
-1431.901
0
VERTEX
8
L0D0
10
1393.125
20
-1253.167
0
VERTEX
8
L0D0
10
1385.458
20
-1247.389
0
VERTEX
8
L0D0
10
1522.792
20
-1065.141
0
VERTEX
8
L0D0
10
1521.834
20
-1064.418
0
VERTEX
8
L0D0
10
1384.499
20
-1246.667
0
VERTEX
8
L0D0
10
1381.624
20
-1244.501
0
VERTEX
8
L0D0
10
1518.958
20
-1062.252
0
VERTEX
8
L0D0
10
1518
20
-1061.53
0
VERTEX
8
L0D0
10
1380.666
20
-1243.778
0
VERTEX
8
L0D0
10
1377.791
20
-1241.612
0
VERTEX
8
L0D0
10
1515.125
20
-1059.363
0
VERTEX
8
L0D0
10
1514.167
20
-1058.641
0
VERTEX
8
L0D0
10
1376.832
20
-1240.89
0
VERTEX
8
L0D0
10
1373.957
20
-1238.723
0
VERTEX
8
L0D0
10
1511.292
20
-1056.475
0
VERTEX
8
L0D0
10
1510.333
20
-1055.752
0
VERTEX
8
L0D0
10
1372.999
20
-1238.001
0
VERTEX
8
L0D0
10
1370.124
20
-1235.834
0
VERTEX
8
L0D0
10
1507.458
20
-1053.586
0
VERTEX
8
L0D0
10
1506.5
20
-1052.864
0
VERTEX
8
L0D0
10
1369.166
20
-1235.112
0
VERTEX
8
L0D0
10
1366.29
20
-1232.946
0
VERTEX
8
L0D0
10
1503.625
20
-1050.697
0
VERTEX
8
L0D0
10
1502.666
20
-1049.975
0
VERTEX
8
L0D0
10
1365.332
20
-1232.224
0
VERTEX
8
L0D0
10
1362.457
20
-1230.057
0
VERTEX
8
L0D0
10
1499.791
20
-1047.808
0
VERTEX
8
L0D0
10
1498.833
20
-1047.086
0
VERTEX
8
L0D0
10
1361.499
20
-1229.335
0
VERTEX
8
L0D0
10
1358.624
20
-1227.168
0
VERTEX
8
L0D0
10
1495.958
20
-1044.92
0
VERTEX
8
L0D0
10
1494.999
20
-1044.197
0
VERTEX
8
L0D0
10
1357.665
20
-1226.446
0
VERTEX
8
L0D0
10
1354.79
20
-1224.28
0
VERTEX
8
L0D0
10
1492.124
20
-1042.031
0
VERTEX
8
L0D0
10
1491.166
20
-1041.309
0
VERTEX
8
L0D0
10
1353.832
20
-1223.557
0
VERTEX
8
L0D0
10
1350.957
20
-1221.391
0
VERTEX
8
L0D0
10
1488.291
20
-1039.142
0
VERTEX
8
L0D0
10
1487.333
20
-1038.42
0
VERTEX
8
L0D0
10
1349.998
20
-1220.669
0
VERTEX
8
L0D0
10
1347.123
20
-1218.502
0
VERTEX
8
L0D0
10
1484.457
20
-1036.254
0
VERTEX
8
L0D0
10
1483.499
20
-1035.531
0
VERTEX
8
L0D0
10
1346.165
20
-1217.78
0
VERTEX
8
L0D0
10
1343.29
20
-1215.613
0
VERTEX
8
L0D0
10
1480.624
20
-1033.365
0
VERTEX
8
L0D0
10
1479.666
20
-1032.643
0
VERTEX
8
L0D0
10
1342.331
20
-1214.891
0
VERTEX
8
L0D0
10
1339.456
20
-1212.725
0
VERTEX
8
L0D0
10
1476.791
20
-1030.476
0
VERTEX
8
L0D0
10
1475.832
20
-1029.754
0
VERTEX
8
L0D0
10
1338.498
20
-1212.003
0
VERTEX
8
L0D0
10
1335.623
20
-1209.836
0
VERTEX
8
L0D0
10
1472.957
20
-1027.587
0
VERTEX
8
L0D0
10
1471.999
20
-1026.865
0
VERTEX
8
L0D0
10
1334.665
20
-1209.114
0
VERTEX
8
L0D0
10
1331.789
20
-1206.947
0
VERTEX
8
L0D0
10
1469.124
20
-1024.699
0
VERTEX
8
L0D0
10
1468.165
20
-1023.977
0
VERTEX
8
L0D0
10
1330.831
20
-1206.225
0
VERTEX
8
L0D0
10
1327.956
20
-1204.059
0
VERTEX
8
L0D0
10
1465.29
20
-1021.81
0
VERTEX
8
L0D0
10
1464.332
20
-1021.088
0
VERTEX
8
L0D0
10
1326.998
20
-1203.336
0
VERTEX
8
L0D0
10
1324.123
20
-1201.17
0
VERTEX
8
L0D0
10
1461.457
20
-1018.921
0
VERTEX
8
L0D0
10
1460.498
20
-1018.199
0
VERTEX
8
L0D0
10
1323.164
20
-1200.448
0
VERTEX
8
L0D0
10
1320.289
20
-1198.281
0
VERTEX
8
L0D0
10
1457.623
20
-1016.033
0
VERTEX
8
L0D0
10
1456.665
20
-1015.31
0
VERTEX
8
L0D0
10
1319.331
20
-1197.559
0
VERTEX
8
L0D0
10
1316.456
20
-1195.392
0
VERTEX
8
L0D0
10
1453.79
20
-1013.144
0
VERTEX
8
L0D0
10
1452.831
20
-1012.422
0
VERTEX
8
L0D0
10
1315.497
20
-1194.67
0
VERTEX
8
L0D0
10
1312.622
20
-1192.504
0
VERTEX
8
L0D0
10
1449.956
20
-1010.255
0
VERTEX
8
L0D0
10
1448.998
20
-1009.533
0
VERTEX
8
L0D0
10
1311.664
20
-1191.782
0
VERTEX
8
L0D0
10
1308.789
20
-1189.615
0
VERTEX
8
L0D0
10
1446.123
20
-1007.366
0
VERTEX
8
L0D0
10
1445.165
20
-1006.644
0
VERTEX
8
L0D0
10
1307.83
20
-1188.893
0
VERTEX
8
L0D0
10
1304.955
20
-1186.726
0
VERTEX
8
L0D0
10
1442.289
20
-1004.478
0
VERTEX
8
L0D0
10
1441.331
20
-1003.756
0
VERTEX
8
L0D0
10
1303.997
20
-1186.004
0
VERTEX
8
L0D0
10
1301.122
20
-1183.838
0
VERTEX
8
L0D0
10
1438.456
20
-1001.589
0
VERTEX
8
L0D0
10
1437.498
20
-1000.867
0
VERTEX
8
L0D0
10
1300.163
20
-1183.115
0
VERTEX
8
L0D0
10
1297.288
20
-1180.949
0
VERTEX
8
L0D0
10
1434.623
20
-998.7
0
VERTEX
8
L0D0
10
1433.664
20
-997.978
0
VERTEX
8
L0D0
10
1296.33
20
-1180.227
0
VERTEX
8
L0D0
10
1293.455
20
-1178.06
0
VERTEX
8
L0D0
10
1430.789
20
-995.812
0
VERTEX
8
L0D0
10
1429.831
20
-995.089
0
VERTEX
8
L0D0
10
1292.497
20
-1177.338
0
VERTEX
8
L0D0
10
1289.621
20
-1175.171
0
VERTEX
8
L0D0
10
1426.956
20
-992.923
0
VERTEX
8
L0D0
10
1425.997
20
-992.201
0
VERTEX
8
L0D0
10
1288.663
20
-1174.449
0
VERTEX
8
L0D0
10
1285.788
20
-1172.283
0
VERTEX
8
L0D0
10
1423.122
20
-990.034
0
VERTEX
8
L0D0
10
1422.164
20
-989.312
0
VERTEX
8
L0D0
10
1284.83
20
-1171.561
0
VERTEX
8
L0D0
10
1281.955
20
-1169.394
0
VERTEX
8
L0D0
10
1419.289
20
-987.145
0
VERTEX
8
L0D0
10
1418.33
20
-986.423
0
VERTEX
8
L0D0
10
1280.996
20
-1168.672
0
VERTEX
8
L0D0
10
1278.121
20
-1166.505
0
VERTEX
8
L0D0
10
1415.455
20
-984.257
0
VERTEX
8
L0D0
10
1414.497
20
-983.535
0
VERTEX
8
L0D0
10
1277.163
20
-1165.783
0
VERTEX
8
L0D0
10
1274.288
20
-1163.617
0
VERTEX
8
L0D0
10
1411.622
20
-981.368
0
VERTEX
8
L0D0
10
1410.664
20
-980.646
0
VERTEX
8
L0D0
10
1273.329
20
-1162.894
0
VERTEX
8
L0D0
10
1270.454
20
-1160.728
0
VERTEX
8
L0D0
10
1407.788
20
-978.479
0
VERTEX
8
L0D0
10
1406.83
20
-977.757
0
VERTEX
8
L0D0
10
1269.496
20
-1160.006
0
VERTEX
8
L0D0
10
1266.621
20
-1157.839
0
VERTEX
8
L0D0
10
1403.955
20
-975.591
0
VERTEX
8
L0D0
10
1402.997
20
-974.868
0
VERTEX
8
L0D0
10
1265.662
20
-1157.117
0
VERTEX
8
L0D0
10
1262.787
20
-1154.95
0
VERTEX
8
L0D0
10
1400.122
20
-972.702
0
VERTEX
8
L0D0
10
1399.163
20
-971.98
0
VERTEX
8
L0D0
10
1261.829
20
-1154.228
0
VERTEX
8
L0D0
10
1258.954
20
-1152.062
0
VERTEX
8
L0D0
10
1396.288
20
-969.813
0
VERTEX
8
L0D0
10
1395.33
20
-969.091
0
VERTEX
8
L0D0
10
1257.996
20
-1151.34
0
VERTEX
8
L0D0
10
1255.12
20
-1149.173
0
VERTEX
8
L0D0
10
1392.455
20
-966.924
0
VERTEX
8
L0D0
10
1391.496
20
-966.202
0
VERTEX
8
L0D0
10
1254.162
20
-1148.451
0
VERTEX
8
L0D0
10
1251.287
20
-1146.284
0
VERTEX
8
L0D0
10
1388.621
20
-964.036
0
VERTEX
8
L0D0
10
1387.663
20
-963.314
0
VERTEX
8
L0D0
10
1250.329
20
-1145.562
0
VERTEX
8
L0D0
10
1247.454
20
-1143.396
0
VERTEX
8
L0D0
10
1384.788
20
-961.147
0
VERTEX
8
L0D0
10
1383.829
20
-960.425
0
VERTEX
8
L0D0
10
1246.495
20
-1142.673
0
VERTEX
8
L0D0
10
1243.62
20
-1140.507
0
VERTEX
8
L0D0
10
1380.954
20
-958.258
0
VERTEX
8
L0D0
10
1379.996
20
-957.536
0
VERTEX
8
L0D0
10
1242.662
20
-1139.785
0
VERTEX
8
L0D0
10
1239.787
20
-1137.618
0
VERTEX
8
L0D0
10
1377.121
20
-955.37
0
VERTEX
8
L0D0
10
1376.162
20
-954.647
0
VERTEX
8
L0D0
10
1238.828
20
-1136.896
0
VERTEX
8
L0D0
10
1235.953
20
-1134.73
0
VERTEX
8
L0D0
10
1373.287
20
-952.481
0
VERTEX
8
L0D0
10
1372.329
20
-951.759
0
VERTEX
8
L0D0
10
1234.995
20
-1134.007
0
VERTEX
8
L0D0
10
1227.328
20
-1128.23
0
VERTEX
8
L0D0
10
1089.633
20
-1310.958
0
VERTEX
8
L0D0
10
1088.674
20
-1310.236
0
VERTEX
8
L0D0
10
1364.065
20
-944.78
0
VERTEX
8
L0D0
10
1361.19
20
-942.613
0
VERTEX
8
L0D0
10
1085.799
20
-1308.069
0
VERTEX
8
L0D0
10
1084.841
20
-1307.347
0
VERTEX
8
L0D0
10
1360.231
20
-941.891
0
VERTEX
8
L0D0
10
1357.356
20
-939.725
0
VERTEX
8
L0D0
10
1081.966
20
-1305.18
0
VERTEX
8
L0D0
10
1081.007
20
-1304.458
0
VERTEX
8
L0D0
10
1356.398
20
-939.002
0
VERTEX
8
L0D0
10
1353.523
20
-936.836
0
VERTEX
8
L0D0
10
1078.132
20
-1302.292
0
VERTEX
8
L0D0
10
1077.174
20
-1301.569
0
VERTEX
8
L0D0
10
1352.564
20
-936.114
0
VERTEX
8
L0D0
10
1349.689
20
-933.947
0
VERTEX
8
L0D0
10
1074.299
20
-1299.403
0
VERTEX
8
L0D0
10
1073.34
20
-1298.681
0
VERTEX
8
L0D0
10
1348.731
20
-933.225
0
VERTEX
8
L0D0
10
1345.856
20
-931.059
0
VERTEX
8
L0D0
10
1070.465
20
-1296.514
0
VERTEX
8
L0D0
10
1069.507
20
-1295.792
0
VERTEX
8
L0D0
10
1344.898
20
-930.336
0
VERTEX
8
L0D0
10
1342.022
20
-928.17
0
VERTEX
8
L0D0
10
1066.632
20
-1293.625
0
VERTEX
8
L0D0
10
1065.674
20
-1292.903
0
VERTEX
8
L0D0
10
1341.064
20
-927.448
0
VERTEX
8
L0D0
10
1338.189
20
-925.281
0
VERTEX
8
L0D0
10
1062.798
20
-1290.737
0
VERTEX
8
L0D0
10
1061.84
20
-1290.015
0
VERTEX
8
L0D0
10
1337.231
20
-924.559
0
VERTEX
8
L0D0
10
1334.356
20
-922.392
0
VERTEX
8
L0D0
10
1058.965
20
-1287.848
0
VERTEX
8
L0D0
10
1058.007
20
-1287.126
0
VERTEX
8
L0D0
10
1333.397
20
-921.67
0
VERTEX
8
L0D0
10
1330.522
20
-919.504
0
VERTEX
8
L0D0
10
1055.132
20
-1284.959
0
VERTEX
8
L0D0
10
1054.173
20
-1284.237
0
VERTEX
8
L0D0
10
1329.564
20
-918.782
0
VERTEX
8
L0D0
10
1326.689
20
-916.615
0
VERTEX
8
L0D0
10
1051.298
20
-1282.071
0
VERTEX
8
L0D0
10
1050.34
20
-1281.348
0
VERTEX
8
L0D0
10
1325.73
20
-915.893
0
VERTEX
8
L0D0
10
1322.855
20
-913.726
0
VERTEX
8
L0D0
10
1047.465
20
-1279.182
0
VERTEX
8
L0D0
10
1046.506
20
-1278.46
0
VERTEX
8
L0D0
10
1321.897
20
-913.004
0
VERTEX
8
L0D0
10
1319.022
20
-910.838
0
VERTEX
8
L0D0
10
1043.631
20
-1276.293
0
VERTEX
8
L0D0
10
1042.673
20
-1275.571
0
VERTEX
8
L0D0
10
1318.063
20
-910.115
0
VERTEX
8
L0D0
10
1315.188
20
-907.949
0
VERTEX
8
L0D0
10
1039.798
20
-1273.404
0
VERTEX
8
L0D0
10
1038.839
20
-1272.682
0
VERTEX
8
L0D0
10
1314.23
20
-907.227
0
VERTEX
8
L0D0
10
1311.355
20
-905.06
0
VERTEX
8
L0D0
10
1035.964
20
-1270.516
0
VERTEX
8
L0D0
10
1035.006
20
-1269.794
0
VERTEX
8
L0D0
10
1310.397
20
-904.338
0
VERTEX
8
L0D0
10
1307.521
20
-902.171
0
VERTEX
8
L0D0
10
1032.131
20
-1267.627
0
VERTEX
8
L0D0
10
1031.173
20
-1266.905
0
VERTEX
8
L0D0
10
1306.563
20
-901.449
0
VERTEX
8
L0D0
10
1303.688
20
-899.283
0
VERTEX
8
L0D0
10
1028.297
20
-1264.738
0
VERTEX
8
L0D0
10
1027.339
20
-1264.016
0
VERTEX
8
L0D0
10
1302.73
20
-898.561
0
VERTEX
8
L0D0
10
1299.855
20
-896.394
0
VERTEX
8
L0D0
10
1024.464
20
-1261.85
0
VERTEX
8
L0D0
10
1023.506
20
-1261.127
0
VERTEX
8
L0D0
10
1298.896
20
-895.672
0
VERTEX
8
L0D0
10
1296.021
20
-893.505
0
VERTEX
8
L0D0
10
1020.631
20
-1258.961
0
VERTEX
8
L0D0
10
1019.672
20
-1258.239
0
VERTEX
8
L0D0
10
1295.063
20
-892.783
0
VERTEX
8
L0D0
10
1292.188
20
-890.617
0
VERTEX
8
L0D0
10
1016.797
20
-1256.072
0
VERTEX
8
L0D0
10
1015.839
20
-1255.35
0
VERTEX
8
L0D0
10
1291.229
20
-889.894
0
VERTEX
8
L0D0
10
1288.354
20
-887.728
0
VERTEX
8
L0D0
10
1012.964
20
-1253.183
0
VERTEX
8
L0D0
10
1012.005
20
-1252.461
0
VERTEX
8
L0D0
10
1287.396
20
-887.006
0
VERTEX
8
L0D0
10
1284.521
20
-884.839
0
VERTEX
8
L0D0
10
1009.13
20
-1250.295
0
VERTEX
8
L0D0
10
1008.172
20
-1249.573
0
VERTEX
8
L0D0
10
1283.562
20
-884.117
0
VERTEX
8
L0D0
10
1280.687
20
-881.95
0
VERTEX
8
L0D0
10
1005.297
20
-1247.406
0
VERTEX
8
L0D0
10
1004.338
20
-1246.684
0
VERTEX
8
L0D0
10
1279.729
20
-881.228
0
VERTEX
8
L0D0
10
1276.854
20
-879.062
0
VERTEX
8
L0D0
10
1001.463
20
-1244.517
0
VERTEX
8
L0D0
10
1000.505
20
-1243.795
0
VERTEX
8
L0D0
10
1275.895
20
-878.34
0
VERTEX
8
L0D0
10
1273.02
20
-876.173
0
VERTEX
8
L0D0
10
997.63
20
-1241.629
0
VERTEX
8
L0D0
10
996.671
20
-1240.906
0
VERTEX
8
L0D0
10
1272.062
20
-875.451
0
VERTEX
8
L0D0
10
1269.187
20
-873.284
0
VERTEX
8
L0D0
10
993.796
20
-1238.74
0
VERTEX
8
L0D0
10
992.838
20
-1238.018
0
VERTEX
8
L0D0
10
1268.229
20
-872.562
0
VERTEX
8
L0D0
10
1265.353
20
-870.396
0
VERTEX
8
L0D0
10
989.963
20
-1235.851
0
VERTEX
8
L0D0
10
989.005
20
-1235.129
0
VERTEX
8
L0D0
10
1264.395
20
-869.673
0
VERTEX
8
L0D0
10
1261.52
20
-867.507
0
VERTEX
8
L0D0
10
986.129
20
-1232.962
0
VERTEX
8
L0D0
10
985.171
20
-1232.24
0
VERTEX
8
L0D0
10
1260.562
20
-866.785
0
VERTEX
8
L0D0
10
1257.687
20
-864.618
0
VERTEX
8
L0D0
10
982.296
20
-1230.074
0
VERTEX
8
L0D0
10
981.338
20
-1229.352
0
VERTEX
8
L0D0
10
1256.728
20
-863.896
0
VERTEX
8
L0D0
10
1253.853
20
-861.729
0
VERTEX
8
L0D0
10
978.463
20
-1227.185
0
VERTEX
8
L0D0
10
977.504
20
-1226.463
0
VERTEX
8
L0D0
10
1252.895
20
-861.007
0
VERTEX
8
L0D0
10
1250.02
20
-858.841
0
VERTEX
8
L0D0
10
974.629
20
-1224.296
0
VERTEX
8
L0D0
10
973.671
20
-1223.574
0
VERTEX
8
L0D0
10
1249.061
20
-858.119
0
VERTEX
8
L0D0
10
1246.186
20
-855.952
0
VERTEX
8
L0D0
10
970.796
20
-1221.408
0
VERTEX
8
L0D0
10
969.837
20
-1220.685
0
VERTEX
8
L0D0
10
1245.228
20
-855.23
0
VERTEX
8
L0D0
10
1242.353
20
-853.063
0
VERTEX
8
L0D0
10
966.962
20
-1218.519
0
VERTEX
8
L0D0
10
966.004
20
-1217.797
0
VERTEX
8
L0D0
10
1241.394
20
-852.341
0
VERTEX
8
L0D0
10
1238.519
20
-850.175
0
VERTEX
8
L0D0
10
963.129
20
-1215.63
0
VERTEX
8
L0D0
10
962.17
20
-1214.908
0
VERTEX
8
L0D0
10
1237.561
20
-849.452
0
VERTEX
8
L0D0
10
1234.686
20
-847.286
0
VERTEX
8
L0D0
10
959.295
20
-1212.741
0
VERTEX
8
L0D0
10
958.337
20
-1212.019
0
VERTEX
8
L0D0
10
1233.728
20
-846.564
0
VERTEX
8
L0D0
10
1230.852
20
-844.397
0
VERTEX
8
L0D0
10
955.462
20
-1209.853
0
VERTEX
8
L0D0
10
954.504
20
-1209.131
0
VERTEX
8
L0D0
10
1229.894
20
-843.675
0
VERTEX
8
L0D0
10
1227.019
20
-841.508
0
VERTEX
8
L0D0
10
951.628
20
-1206.964
0
VERTEX
8
L0D0
10
950.67
20
-1206.242
0
VERTEX
8
L0D0
10
1226.061
20
-840.786
0
VERTEX
8
L0D0
10
1223.186
20
-838.62
0
VERTEX
8
L0D0
10
947.795
20
-1204.075
0
VERTEX
8
L0D0
10
946.837
20
-1203.353
0
VERTEX
8
L0D0
10
1222.227
20
-837.898
0
VERTEX
8
L0D0
10
1219.352
20
-835.731
0
VERTEX
8
L0D0
10
943.962
20
-1201.187
0
VERTEX
8
L0D0
10
943.003
20
-1200.464
0
VERTEX
8
L0D0
10
1218.394
20
-835.009
0
VERTEX
8
L0D0
10
1215.519
20
-832.842
0
VERTEX
8
L0D0
10
940.128
20
-1198.298
0
VERTEX
8
L0D0
10
939.17
20
-1197.576
0
VERTEX
8
L0D0
10
1214.56
20
-832.12
0
VERTEX
8
L0D0
10
1211.685
20
-829.954
0
VERTEX
8
L0D0
10
1073.99
20
-1012.681
0
VERTEX
8
L0D0
10
1067.281
20
-1007.626
0
VERTEX
8
L0D0
10
1204.616
20
-825.378
0
VERTEX
8
L0D0
10
1203.657
20
-824.655
0
VERTEX
8
L0D0
10
1066.323
20
-1006.904
0
VERTEX
8
L0D0
10
1063.448
20
-1004.737
0
VERTEX
8
L0D0
10
1200.782
20
-822.489
0
VERTEX
8
L0D0
10
1199.824
20
-821.767
0
VERTEX
8
L0D0
10
1062.49
20
-1004.015
0
VERTEX
8
L0D0
10
1059.614
20
-1001.849
0
VERTEX
8
L0D0
10
1196.949
20
-819.6
0
VERTEX
8
L0D0
10
1195.99
20
-818.878
0
VERTEX
8
L0D0
10
1058.656
20
-1001.127
0
VERTEX
8
L0D0
10
1055.781
20
-998.96
0
VERTEX
8
L0D0
10
1193.115
20
-816.711
0
VERTEX
8
L0D0
10
1192.157
20
-815.989
0
VERTEX
8
L0D0
10
1054.823
20
-998.238
0
VERTEX
8
L0D0
10
1051.948
20
-996.071
0
VERTEX
8
L0D0
10
1189.282
20
-813.823
0
VERTEX
8
L0D0
10
1188.323
20
-813.101
0
VERTEX
8
L0D0
10
1050.989
20
-995.349
0
VERTEX
8
L0D0
10
1048.114
20
-993.183
0
VERTEX
8
L0D0
10
1185.448
20
-810.934
0
VERTEX
8
L0D0
10
1184.49
20
-810.212
0
VERTEX
8
L0D0
10
1047.156
20
-992.46
0
VERTEX
8
L0D0
10
1044.281
20
-990.294
0
VERTEX
8
L0D0
10
1181.615
20
-808.045
0
VERTEX
8
L0D0
10
1180.656
20
-807.323
0
VERTEX
8
L0D0
10
1043.322
20
-989.572
0
VERTEX
8
L0D0
10
1040.447
20
-987.405
0
VERTEX
8
L0D0
10
1177.781
20
-805.157
0
VERTEX
8
L0D0
10
1176.823
20
-804.434
0
VERTEX
8
L0D0
10
1039.489
20
-986.683
0
VERTEX
8
L0D0
10
1036.614
20
-984.516
0
VERTEX
8
L0D0
10
1173.948
20
-802.268
0
VERTEX
8
L0D0
10
1172.99
20
-801.546
0
VERTEX
8
L0D0
10
1035.655
20
-983.794
0
VERTEX
8
L0D0
10
1032.78
20
-981.628
0
VERTEX
8
L0D0
10
1170.114
20
-799.379
0
VERTEX
8
L0D0
10
1169.156
20
-798.657
0
VERTEX
8
L0D0
10
1031.822
20
-980.906
0
VERTEX
8
L0D0
10
1028.947
20
-978.739
0
VERTEX
8
L0D0
10
1166.281
20
-796.49
0
VERTEX
8
L0D0
10
1165.323
20
-795.768
0
VERTEX
8
L0D0
10
1027.988
20
-978.017
0
VERTEX
8
L0D0
10
1025.113
20
-975.85
0
VERTEX
8
L0D0
10
1162.448
20
-793.602
0
VERTEX
8
L0D0
10
1161.489
20
-792.88
0
VERTEX
8
L0D0
10
1024.155
20
-975.128
0
VERTEX
8
L0D0
10
1021.28
20
-972.962
0
VERTEX
8
L0D0
10
1158.614
20
-790.713
0
VERTEX
8
L0D0
10
1157.656
20
-789.991
0
VERTEX
8
L0D0
10
1020.322
20
-972.239
0
VERTEX
8
L0D0
10
1017.446
20
-970.073
0
VERTEX
8
L0D0
10
1154.781
20
-787.824
0
VERTEX
8
L0D0
10
1153.822
20
-787.102
0
VERTEX
8
L0D0
10
1016.488
20
-969.351
0
VERTEX
8
L0D0
10
1013.613
20
-967.184
0
VERTEX
8
L0D0
10
1150.947
20
-784.936
0
VERTEX
8
L0D0
10
1149.989
20
-784.213
0
VERTEX
8
L0D0
10
1012.655
20
-966.462
0
VERTEX
8
L0D0
10
1009.78
20
-964.295
0
VERTEX
8
L0D0
10
1147.114
20
-782.047
0
VERTEX
8
L0D0
10
1146.155
20
-781.325
0
VERTEX
8
L0D0
10
1008.821
20
-963.573
0
VERTEX
8
L0D0
10
1005.946
20
-961.407
0
VERTEX
8
L0D0
10
1143.28
20
-779.158
0
VERTEX
8
L0D0
10
1142.322
20
-778.436
0
VERTEX
8
L0D0
10
1004.988
20
-960.685
0
VERTEX
8
L0D0
10
1002.113
20
-958.518
0
VERTEX
8
L0D0
10
1139.447
20
-776.269
0
VERTEX
8
L0D0
10
1138.489
20
-775.547
0
VERTEX
8
L0D0
10
1001.154
20
-957.796
0
VERTEX
8
L0D0
10
998.279
20
-955.629
0
VERTEX
8
L0D0
10
1135.613
20
-773.381
0
VERTEX
8
L0D0
10
1134.655
20
-772.659
0
VERTEX
8
L0D0
10
997.321
20
-954.907
0
VERTEX
8
L0D0
10
994.446
20
-952.741
0
VERTEX
8
L0D0
10
1131.78
20
-770.492
0
VERTEX
8
L0D0
10
1130.822
20
-769.77
0
VERTEX
8
L0D0
10
993.487
20
-952.018
0
VERTEX
8
L0D0
10
990.612
20
-949.852
0
VERTEX
8
L0D0
10
1127.947
20
-767.603
0
VERTEX
8
L0D0
10
1126.988
20
-766.881
0
VERTEX
8
L0D0
10
989.654
20
-949.13
0
VERTEX
8
L0D0
10
986.779
20
-946.963
0
VERTEX
8
L0D0
10
1124.113
20
-764.715
0
VERTEX
8
L0D0
10
1123.155
20
-763.992
0
VERTEX
8
L0D0
10
985.821
20
-946.241
0
VERTEX
8
L0D0
10
982.945
20
-944.075
0
VERTEX
8
L0D0
10
1120.28
20
-761.826
0
VERTEX
8
L0D0
10
1119.321
20
-761.104
0
VERTEX
8
L0D0
10
981.987
20
-943.352
0
VERTEX
8
L0D0
10
979.112
20
-941.186
0
VERTEX
8
L0D0
10
1116.446
20
-758.937
0
VERTEX
8
L0D0
10
1115.488
20
-758.215
0
VERTEX
8
L0D0
10
978.154
20
-940.464
0
VERTEX
8
L0D0
10
975.279
20
-938.297
0
VERTEX
8
L0D0
10
1112.613
20
-756.048
0
VERTEX
8
L0D0
10
1111.654
20
-755.326
0
VERTEX
8
L0D0
10
974.32
20
-937.575
0
VERTEX
8
L0D0
10
971.445
20
-935.408
0
VERTEX
8
L0D0
10
1108.779
20
-753.16
0
VERTEX
8
L0D0
10
1107.821
20
-752.438
0
VERTEX
8
L0D0
10
970.487
20
-934.686
0
VERTEX
8
L0D0
10
967.612
20
-932.52
0
VERTEX
8
L0D0
10
1104.946
20
-750.271
0
VERTEX
8
L0D0
10
1103.987
20
-749.549
0
VERTEX
8
L0D0
10
966.653
20
-931.797
0
VERTEX
8
L0D0
10
963.778
20
-929.631
0
VERTEX
8
L0D0
10
1101.112
20
-747.382
0
VERTEX
8
L0D0
10
1100.154
20
-746.66
0
VERTEX
8
L0D0
10
962.82
20
-928.909
0
VERTEX
8
L0D0
10
959.945
20
-926.742
0
VERTEX
8
L0D0
10
1097.279
20
-744.494
0
VERTEX
8
L0D0
10
1096.321
20
-743.771
0
VERTEX
8
L0D0
10
958.986
20
-926.02
0
VERTEX
8
L0D0
10
956.111
20
-923.854
0
VERTEX
8
L0D0
10
1093.445
20
-741.605
0
VERTEX
8
L0D0
10
1092.487
20
-740.883
0
VERTEX
8
L0D0
10
955.153
20
-923.131
0
VERTEX
8
L0D0
10
950.361
20
-919.52
0
VERTEX
8
L0D0
10
1088.417
20
-736.313
0
VERTEX
8
L0D0
10
1091.293
20
-738.48
0
VERTEX
8
L0D0
10
953.958
20
-920.729
0
VERTEX
8
L0D0
10
954.917
20
-921.451
0
VERTEX
8
L0D0
10
1092.251
20
-739.202
0
VERTEX
8
L0D0
10
1095.126
20
-741.369
0
VERTEX
8
L0D0
10
957.792
20
-923.617
0
VERTEX
8
L0D0
10
958.75
20
-924.34
0
VERTEX
8
L0D0
10
1096.084
20
-742.091
0
VERTEX
8
L0D0
10
1098.959
20
-744.257
0
VERTEX
8
L0D0
10
961.625
20
-926.506
0
VERTEX
8
L0D0
10
962.584
20
-927.228
0
VERTEX
8
L0D0
10
1099.918
20
-744.98
0
VERTEX
8
L0D0
10
1102.793
20
-747.146
0
VERTEX
8
L0D0
10
965.459
20
-929.395
0
VERTEX
8
L0D0
10
966.417
20
-930.117
0
VERTEX
8
L0D0
10
1103.751
20
-747.868
0
VERTEX
8
L0D0
10
1106.626
20
-750.035
0
VERTEX
8
L0D0
10
969.292
20
-932.283
0
VERTEX
8
L0D0
10
970.251
20
-933.006
0
VERTEX
8
L0D0
10
1107.585
20
-750.757
0
VERTEX
8
L0D0
10
1110.46
20
-752.924
0
VERTEX
8
L0D0
10
973.126
20
-935.172
0
VERTEX
8
L0D0
10
974.084
20
-935.894
0
VERTEX
8
L0D0
10
1111.418
20
-753.646
0
VERTEX
8
L0D0
10
1114.293
20
-755.812
0
VERTEX
8
L0D0
10
976.959
20
-938.061
0
VERTEX
8
L0D0
10
977.917
20
-938.783
0
VERTEX
8
L0D0
10
1115.252
20
-756.534
0
VERTEX
8
L0D0
10
1118.127
20
-758.701
0
VERTEX
8
L0D0
10
980.793
20
-940.95
0
VERTEX
8
L0D0
10
981.751
20
-941.672
0
VERTEX
8
L0D0
10
1119.085
20
-759.423
0
VERTEX
8
L0D0
10
1121.96
20
-761.59
0
VERTEX
8
L0D0
10
984.626
20
-943.838
0
VERTEX
8
L0D0
10
985.584
20
-944.561
0
VERTEX
8
L0D0
10
1122.919
20
-762.312
0
VERTEX
8
L0D0
10
1125.794
20
-764.478
0
VERTEX
8
L0D0
10
988.459
20
-946.727
0
VERTEX
8
L0D0
10
989.418
20
-947.449
0
VERTEX
8
L0D0
10
1126.752
20
-765.201
0
VERTEX
8
L0D0
10
1129.627
20
-767.367
0
VERTEX
8
L0D0
10
992.293
20
-949.616
0
VERTEX
8
L0D0
10
993.251
20
-950.338
0
VERTEX
8
L0D0
10
1130.585
20
-768.089
0
VERTEX
8
L0D0
10
1133.461
20
-770.256
0
VERTEX
8
L0D0
10
996.126
20
-952.504
0
VERTEX
8
L0D0
10
997.085
20
-953.227
0
VERTEX
8
L0D0
10
1134.419
20
-770.978
0
VERTEX
8
L0D0
10
1137.294
20
-773.145
0
VERTEX
8
L0D0
10
999.96
20
-955.393
0
VERTEX
8
L0D0
10
1000.918
20
-956.115
0
VERTEX
8
L0D0
10
1138.252
20
-773.867
0
VERTEX
8
L0D0
10
1141.127
20
-776.033
0
VERTEX
8
L0D0
10
1003.793
20
-958.282
0
VERTEX
8
L0D0
10
1004.752
20
-959.004
0
VERTEX
8
L0D0
10
1142.086
20
-776.755
0
VERTEX
8
L0D0
10
1144.961
20
-778.922
0
VERTEX
8
L0D0
10
1007.627
20
-961.171
0
VERTEX
8
L0D0
10
1008.585
20
-961.893
0
VERTEX
8
L0D0
10
1145.919
20
-779.644
0
VERTEX
8
L0D0
10
1148.794
20
-781.811
0
VERTEX
8
L0D0
10
1011.46
20
-964.059
0
VERTEX
8
L0D0
10
1012.419
20
-964.781
0
VERTEX
8
L0D0
10
1149.753
20
-782.533
0
VERTEX
8
L0D0
10
1152.628
20
-784.699
0
VERTEX
8
L0D0
10
1015.294
20
-966.948
0
VERTEX
8
L0D0
10
1016.252
20
-967.67
0
VERTEX
8
L0D0
10
1153.586
20
-785.422
0
VERTEX
8
L0D0
10
1156.461
20
-787.588
0
VERTEX
8
L0D0
10
1019.127
20
-969.837
0
VERTEX
8
L0D0
10
1020.085
20
-970.559
0
VERTEX
8
L0D0
10
1157.42
20
-788.31
0
VERTEX
8
L0D0
10
1160.295
20
-790.477
0
VERTEX
8
L0D0
10
1022.96
20
-972.725
0
VERTEX
8
L0D0
10
1023.919
20
-973.448
0
VERTEX
8
L0D0
10
1161.253
20
-791.199
0
VERTEX
8
L0D0
10
1164.128
20
-793.366
0
VERTEX
8
L0D0
10
1026.794
20
-975.614
0
VERTEX
8
L0D0
10
1027.752
20
-976.336
0
VERTEX
8
L0D0
10
1165.086
20
-794.088
0
VERTEX
8
L0D0
10
1167.962
20
-796.254
0
VERTEX
8
L0D0
10
1030.627
20
-978.503
0
VERTEX
8
L0D0
10
1031.586
20
-979.225
0
VERTEX
8
L0D0
10
1168.92
20
-796.976
0
VERTEX
8
L0D0
10
1171.795
20
-799.143
0
VERTEX
8
L0D0
10
1034.461
20
-981.392
0
VERTEX
8
L0D0
10
1035.419
20
-982.114
0
VERTEX
8
L0D0
10
1172.753
20
-799.865
0
VERTEX
8
L0D0
10
1175.628
20
-802.032
0
VERTEX
8
L0D0
10
1038.294
20
-984.28
0
VERTEX
8
L0D0
10
1039.253
20
-985.002
0
VERTEX
8
L0D0
10
1176.587
20
-802.754
0
VERTEX
8
L0D0
10
1179.462
20
-804.92
0
VERTEX
8
L0D0
10
1042.128
20
-987.169
0
VERTEX
8
L0D0
10
1043.086
20
-987.891
0
VERTEX
8
L0D0
10
1180.42
20
-805.643
0
VERTEX
8
L0D0
10
1183.295
20
-807.809
0
VERTEX
8
L0D0
10
1045.961
20
-990.058
0
VERTEX
8
L0D0
10
1046.92
20
-990.78
0
VERTEX
8
L0D0
10
1184.254
20
-808.531
0
VERTEX
8
L0D0
10
1187.129
20
-810.698
0
VERTEX
8
L0D0
10
1049.795
20
-992.946
0
VERTEX
8
L0D0
10
1050.753
20
-993.669
0
VERTEX
8
L0D0
10
1188.087
20
-811.42
0
VERTEX
8
L0D0
10
1190.962
20
-813.587
0
VERTEX
8
L0D0
10
1053.628
20
-995.835
0
VERTEX
8
L0D0
10
1054.586
20
-996.557
0
VERTEX
8
L0D0
10
1191.921
20
-814.309
0
VERTEX
8
L0D0
10
1194.796
20
-816.475
0
VERTEX
8
L0D0
10
1057.462
20
-998.724
0
VERTEX
8
L0D0
10
1058.42
20
-999.446
0
VERTEX
8
L0D0
10
1195.754
20
-817.197
0
VERTEX
8
L0D0
10
1198.629
20
-819.364
0
VERTEX
8
L0D0
10
1061.295
20
-1001.613
0
VERTEX
8
L0D0
10
1062.253
20
-1002.335
0
VERTEX
8
L0D0
10
1199.588
20
-820.086
0
VERTEX
8
L0D0
10
1202.463
20
-822.253
0
VERTEX
8
L0D0
10
1065.128
20
-1004.501
0
VERTEX
8
L0D0
10
1066.087
20
-1005.223
0
VERTEX
8
L0D0
10
1203.421
20
-822.975
0
VERTEX
8
L0D0
10
1206.296
20
-825.141
0
VERTEX
8
L0D0
10
1068.962
20
-1007.39
0
VERTEX
8
L0D0
10
1069.92
20
-1008.112
0
VERTEX
8
L0D0
10
1207.254
20
-825.864
0
VERTEX
8
L0D0
10
1209.171
20
-827.308
0
VERTEX
8
L0D0
10
1209.893
20
-826.35
0
VERTEX
8
L0D0
10
1368.982
20
-946.231
0
VERTEX
8
L0D0
10
1368.259
20
-947.189
0
VERTEX
8
L0D0
10
1371.134
20
-949.356
0
VERTEX
8
L0D0
10
1233.8
20
-1131.605
0
VERTEX
8
L0D0
10
1234.759
20
-1132.327
0
VERTEX
8
L0D0
10
1372.093
20
-950.078
0
VERTEX
8
L0D0
10
1374.968
20
-952.245
0
VERTEX
8
L0D0
10
1237.634
20
-1134.493
0
VERTEX
8
L0D0
10
1238.592
20
-1135.216
0
VERTEX
8
L0D0
10
1375.926
20
-952.967
0
VERTEX
8
L0D0
10
1378.801
20
-955.133
0
VERTEX
8
L0D0
10
1241.467
20
-1137.382
0
VERTEX
8
L0D0
10
1242.426
20
-1138.104
0
VERTEX
8
L0D0
10
1379.76
20
-955.856
0
VERTEX
8
L0D0
10
1382.635
20
-958.022
0
VERTEX
8
L0D0
10
1245.301
20
-1140.271
0
VERTEX
8
L0D0
10
1246.259
20
-1140.993
0
VERTEX
8
L0D0
10
1383.593
20
-958.744
0
VERTEX
8
L0D0
10
1386.468
20
-960.911
0
VERTEX
8
L0D0
10
1249.134
20
-1143.159
0
VERTEX
8
L0D0
10
1250.092
20
-1143.882
0
VERTEX
8
L0D0
10
1387.427
20
-961.633
0
VERTEX
8
L0D0
10
1390.302
20
-963.8
0
VERTEX
8
L0D0
10
1252.968
20
-1146.048
0
VERTEX
8
L0D0
10
1253.926
20
-1146.77
0
VERTEX
8
L0D0
10
1391.26
20
-964.522
0
VERTEX
8
L0D0
10
1394.135
20
-966.688
0
VERTEX
8
L0D0
10
1256.801
20
-1148.937
0
VERTEX
8
L0D0
10
1257.759
20
-1149.659
0
VERTEX
8
L0D0
10
1395.094
20
-967.41
0
VERTEX
8
L0D0
10
1397.969
20
-969.577
0
VERTEX
8
L0D0
10
1260.634
20
-1151.826
0
VERTEX
8
L0D0
10
1261.593
20
-1152.548
0
VERTEX
8
L0D0
10
1398.927
20
-970.299
0
VERTEX
8
L0D0
10
1401.802
20
-972.466
0
VERTEX
8
L0D0
10
1264.468
20
-1154.714
0
VERTEX
8
L0D0
10
1265.426
20
-1155.436
0
VERTEX
8
L0D0
10
1402.76
20
-973.188
0
VERTEX
8
L0D0
10
1405.636
20
-975.354
0
VERTEX
8
L0D0
10
1268.301
20
-1157.603
0
VERTEX
8
L0D0
10
1269.26
20
-1158.325
0
VERTEX
8
L0D0
10
1406.594
20
-976.077
0
VERTEX
8
L0D0
10
1409.469
20
-978.243
0
VERTEX
8
L0D0
10
1272.135
20
-1160.492
0
VERTEX
8
L0D0
10
1273.093
20
-1161.214
0
VERTEX
8
L0D0
10
1410.427
20
-978.965
0
VERTEX
8
L0D0
10
1413.302
20
-981.132
0
VERTEX
8
L0D0
10
1275.968
20
-1163.38
0
VERTEX
8
L0D0
10
1276.927
20
-1164.103
0
VERTEX
8
L0D0
10
1414.261
20
-981.854
0
VERTEX
8
L0D0
10
1417.136
20
-984.021
0
VERTEX
8
L0D0
10
1279.802
20
-1166.269
0
VERTEX
8
L0D0
10
1280.76
20
-1166.991
0
VERTEX
8
L0D0
10
1418.094
20
-984.743
0
VERTEX
8
L0D0
10
1420.969
20
-986.909
0
VERTEX
8
L0D0
10
1283.635
20
-1169.158
0
VERTEX
8
L0D0
10
1284.593
20
-1169.88
0
VERTEX
8
L0D0
10
1421.928
20
-987.631
0
VERTEX
8
L0D0
10
1424.803
20
-989.798
0
VERTEX
8
L0D0
10
1287.469
20
-1172.047
0
VERTEX
8
L0D0
10
1288.427
20
-1172.769
0
VERTEX
8
L0D0
10
1425.761
20
-990.52
0
VERTEX
8
L0D0
10
1428.636
20
-992.687
0
VERTEX
8
L0D0
10
1291.302
20
-1174.935
0
VERTEX
8
L0D0
10
1292.26
20
-1175.657
0
VERTEX
8
L0D0
10
1429.595
20
-993.409
0
VERTEX
8
L0D0
10
1432.47
20
-995.575
0
VERTEX
8
L0D0
10
1295.135
20
-1177.824
0
VERTEX
8
L0D0
10
1296.094
20
-1178.546
0
VERTEX
8
L0D0
10
1433.428
20
-996.298
0
VERTEX
8
L0D0
10
1436.303
20
-998.464
0
VERTEX
8
L0D0
10
1298.969
20
-1180.713
0
VERTEX
8
L0D0
10
1299.927
20
-1181.435
0
VERTEX
8
L0D0
10
1437.261
20
-999.186
0
VERTEX
8
L0D0
10
1440.137
20
-1001.353
0
VERTEX
8
L0D0
10
1302.802
20
-1183.601
0
VERTEX
8
L0D0
10
1303.761
20
-1184.324
0
VERTEX
8
L0D0
10
1441.095
20
-1002.075
0
VERTEX
8
L0D0
10
1443.97
20
-1004.242
0
VERTEX
8
L0D0
10
1306.636
20
-1186.49
0
VERTEX
8
L0D0
10
1307.594
20
-1187.212
0
VERTEX
8
L0D0
10
1444.928
20
-1004.964
0
VERTEX
8
L0D0
10
1447.803
20
-1007.13
0
VERTEX
8
L0D0
10
1310.469
20
-1189.379
0
VERTEX
8
L0D0
10
1311.428
20
-1190.101
0
VERTEX
8
L0D0
10
1448.762
20
-1007.852
0
VERTEX
8
L0D0
10
1451.637
20
-1010.019
0
VERTEX
8
L0D0
10
1314.303
20
-1192.268
0
VERTEX
8
L0D0
10
1315.261
20
-1192.99
0
VERTEX
8
L0D0
10
1452.595
20
-1010.741
0
VERTEX
8
L0D0
10
1455.47
20
-1012.908
0
VERTEX
8
L0D0
10
1318.136
20
-1195.156
0
VERTEX
8
L0D0
10
1319.095
20
-1195.878
0
VERTEX
8
L0D0
10
1456.429
20
-1013.63
0
VERTEX
8
L0D0
10
1459.304
20
-1015.796
0
VERTEX
8
L0D0
10
1321.97
20
-1198.045
0
VERTEX
8
L0D0
10
1322.928
20
-1198.767
0
VERTEX
8
L0D0
10
1460.262
20
-1016.519
0
VERTEX
8
L0D0
10
1463.137
20
-1018.685
0
VERTEX
8
L0D0
10
1325.803
20
-1200.934
0
VERTEX
8
L0D0
10
1326.761
20
-1201.656
0
VERTEX
8
L0D0
10
1464.096
20
-1019.407
0
VERTEX
8
L0D0
10
1466.971
20
-1021.574
0
VERTEX
8
L0D0
10
1329.637
20
-1203.822
0
VERTEX
8
L0D0
10
1330.595
20
-1204.545
0
VERTEX
8
L0D0
10
1467.929
20
-1022.296
0
VERTEX
8
L0D0
10
1470.804
20
-1024.463
0
VERTEX
8
L0D0
10
1333.47
20
-1206.711
0
VERTEX
8
L0D0
10
1334.428
20
-1207.433
0
VERTEX
8
L0D0
10
1471.763
20
-1025.185
0
VERTEX
8
L0D0
10
1474.638
20
-1027.351
0
VERTEX
8
L0D0
10
1337.303
20
-1209.6
0
VERTEX
8
L0D0
10
1338.262
20
-1210.322
0
VERTEX
8
L0D0
10
1475.596
20
-1028.073
0
VERTEX
8
L0D0
10
1478.471
20
-1030.24
0
VERTEX
8
L0D0
10
1341.137
20
-1212.489
0
VERTEX
8
L0D0
10
1342.095
20
-1213.211
0
VERTEX
8
L0D0
10
1479.429
20
-1030.962
0
VERTEX
8
L0D0
10
1482.305
20
-1033.129
0
VERTEX
8
L0D0
10
1344.97
20
-1215.377
0
VERTEX
8
L0D0
10
1345.929
20
-1216.099
0
VERTEX
8
L0D0
10
1483.263
20
-1033.851
0
VERTEX
8
L0D0
10
1486.138
20
-1036.017
0
VERTEX
8
L0D0
10
1348.804
20
-1218.266
0
VERTEX
8
L0D0
10
1349.762
20
-1218.988
0
VERTEX
8
L0D0
10
1487.096
20
-1036.74
0
VERTEX
8
L0D0
10
1489.971
20
-1038.906
0
VERTEX
8
L0D0
10
1352.637
20
-1221.155
0
VERTEX
8
L0D0
10
1353.596
20
-1221.877
0
VERTEX
8
L0D0
10
1490.93
20
-1039.628
0
VERTEX
8
L0D0
10
1493.805
20
-1041.795
0
VERTEX
8
L0D0
10
1356.471
20
-1224.043
0
VERTEX
8
L0D0
10
1357.429
20
-1224.766
0
VERTEX
8
L0D0
10
1494.763
20
-1042.517
0
VERTEX
8
L0D0
10
1497.638
20
-1044.683
0
VERTEX
8
L0D0
10
1360.304
20
-1226.932
0
VERTEX
8
L0D0
10
1361.262
20
-1227.654
0
VERTEX
8
L0D0
10
1498.597
20
-1045.406
0
VERTEX
8
L0D0
10
1501.472
20
-1047.572
0
VERTEX
8
L0D0
10
1364.138
20
-1229.821
0
VERTEX
8
L0D0
10
1365.096
20
-1230.543
0
VERTEX
8
L0D0
10
1502.43
20
-1048.294
0
VERTEX
8
L0D0
10
1505.305
20
-1050.461
0
VERTEX
8
L0D0
10
1367.971
20
-1232.71
0
VERTEX
8
L0D0
10
1368.929
20
-1233.432
0
VERTEX
8
L0D0
10
1506.264
20
-1051.183
0
VERTEX
8
L0D0
10
1509.139
20
-1053.35
0
VERTEX
8
L0D0
10
1371.804
20
-1235.598
0
VERTEX
8
L0D0
10
1372.763
20
-1236.32
0
VERTEX
8
L0D0
10
1510.097
20
-1054.072
0
VERTEX
8
L0D0
10
1512.972
20
-1056.238
0
VERTEX
8
L0D0
10
1375.638
20
-1238.487
0
VERTEX
8
L0D0
10
1376.596
20
-1239.209
0
VERTEX
8
L0D0
10
1513.93
20
-1056.961
0
VERTEX
8
L0D0
10
1516.806
20
-1059.127
0
VERTEX
8
L0D0
10
1379.471
20
-1241.376
0
VERTEX
8
L0D0
10
1380.43
20
-1242.098
0
VERTEX
8
L0D0
10
1517.764
20
-1059.849
0
VERTEX
8
L0D0
10
1520.639
20
-1062.016
0
VERTEX
8
L0D0
10
1383.305
20
-1244.264
0
VERTEX
8
L0D0
10
1384.263
20
-1244.987
0
VERTEX
8
L0D0
10
1521.597
20
-1062.738
0
VERTEX
8
L0D0
10
1524.472
20
-1064.904
0
VERTEX
8
L0D0
10
1387.138
20
-1247.153
0
VERTEX
8
L0D0
10
1388.097
20
-1247.875
0
VERTEX
8
L0D0
10
1525.431
20
-1065.627
0
VERTEX
8
L0D0
10
1527.348
20
-1067.071
0
VERTEX
8
L0D0
10
1526.144
20
-1068.668
0
VERTEX
8
L0D0
10
1890.322
20
-1343.096
0
VERTEX
8
L0D0
10
1615.894
20
-1707.274
0
VERTEX
8
L0D0
10
1251.716
20
-1432.846
0
VERTEX
8
L0D0
10
1250.513
20
-1434.443
0
VERTEX
8
L0D0
10
1248.596
20
-1432.999
0
VERTEX
8
L0D0
10
1385.93
20
-1250.75
0
VERTEX
8
L0D0
10
1384.972
20
-1250.028
0
VERTEX
8
L0D0
10
1247.638
20
-1432.277
0
VERTEX
8
L0D0
10
1244.762
20
-1430.11
0
VERTEX
8
L0D0
10
1382.097
20
-1247.862
0
VERTEX
8
L0D0
10
1381.138
20
-1247.139
0
VERTEX
8
L0D0
10
1243.804
20
-1429.388
0
VERTEX
8
L0D0
10
1240.929
20
-1427.222
0
VERTEX
8
L0D0
10
1378.263
20
-1244.973
0
VERTEX
8
L0D0
10
1377.305
20
-1244.251
0
VERTEX
8
L0D0
10
1239.971
20
-1426.499
0
VERTEX
8
L0D0
10
1237.096
20
-1424.333
0
VERTEX
8
L0D0
10
1374.43
20
-1242.084
0
VERTEX
8
L0D0
10
1373.471
20
-1241.362
0
VERTEX
8
L0D0
10
1236.137
20
-1423.611
0
VERTEX
8
L0D0
10
1233.262
20
-1421.444
0
VERTEX
8
L0D0
10
1370.596
20
-1239.196
0
VERTEX
8
L0D0
10
1369.638
20
-1238.473
0
VERTEX
8
L0D0
10
1232.304
20
-1420.722
0
VERTEX
8
L0D0
10
1229.429
20
-1418.555
0
VERTEX
8
L0D0
10
1366.763
20
-1236.307
0
VERTEX
8
L0D0
10
1365.804
20
-1235.585
0
VERTEX
8
L0D0
10
1228.47
20
-1417.833
0
VERTEX
8
L0D0
10
1225.595
20
-1415.667
0
VERTEX
8
L0D0
10
1362.929
20
-1233.418
0
VERTEX
8
L0D0
10
1361.971
20
-1232.696
0
VERTEX
8
L0D0
10
1224.637
20
-1414.945
0
VERTEX
8
L0D0
10
1221.762
20
-1412.778
0
VERTEX
8
L0D0
10
1359.096
20
-1230.529
0
VERTEX
8
L0D0
10
1358.138
20
-1229.807
0
VERTEX
8
L0D0
10
1220.803
20
-1412.056
0
VERTEX
8
L0D0
10
1217.928
20
-1409.889
0
VERTEX
8
L0D0
10
1355.263
20
-1227.641
0
VERTEX
8
L0D0
10
1354.304
20
-1226.918
0
VERTEX
8
L0D0
10
1216.97
20
-1409.167
0
VERTEX
8
L0D0
10
1214.095
20
-1407.001
0
VERTEX
8
L0D0
10
1351.429
20
-1224.752
0
VERTEX
8
L0D0
10
1350.471
20
-1224.03
0
VERTEX
8
L0D0
10
1213.137
20
-1406.278
0
VERTEX
8
L0D0
10
1210.261
20
-1404.112
0
VERTEX
8
L0D0
10
1347.596
20
-1221.863
0
VERTEX
8
L0D0
10
1346.637
20
-1221.141
0
VERTEX
8
L0D0
10
1209.303
20
-1403.39
0
VERTEX
8
L0D0
10
1206.428
20
-1401.223
0
VERTEX
8
L0D0
10
1343.762
20
-1218.975
0
VERTEX
8
L0D0
10
1342.804
20
-1218.252
0
VERTEX
8
L0D0
10
1205.47
20
-1400.501
0
VERTEX
8
L0D0
10
1202.595
20
-1398.334
0
VERTEX
8
L0D0
10
1339.929
20
-1216.086
0
VERTEX
8
L0D0
10
1338.97
20
-1215.364
0
VERTEX
8
L0D0
10
1201.636
20
-1397.612
0
VERTEX
8
L0D0
10
1198.761
20
-1395.446
0
VERTEX
8
L0D0
10
1336.095
20
-1213.197
0
VERTEX
8
L0D0
10
1335.137
20
-1212.475
0
VERTEX
8
L0D0
10
1197.803
20
-1394.724
0
VERTEX
8
L0D0
10
1194.928
20
-1392.557
0
VERTEX
8
L0D0
10
1332.262
20
-1210.308
0
VERTEX
8
L0D0
10
1331.303
20
-1209.586
0
VERTEX
8
L0D0
10
1193.969
20
-1391.835
0
VERTEX
8
L0D0
10
1191.094
20
-1389.668
0
VERTEX
8
L0D0
10
1328.428
20
-1207.42
0
VERTEX
8
L0D0
10
1327.47
20
-1206.698
0
VERTEX
8
L0D0
10
1190.136
20
-1388.946
0
VERTEX
8
L0D0
10
1187.261
20
-1386.78
0
VERTEX
8
L0D0
10
1324.595
20
-1204.531
0
VERTEX
8
L0D0
10
1323.637
20
-1203.809
0
VERTEX
8
L0D0
10
1186.302
20
-1386.057
0
VERTEX
8
L0D0
10
1183.427
20
-1383.891
0
VERTEX
8
L0D0
10
1320.761
20
-1201.642
0
VERTEX
8
L0D0
10
1319.803
20
-1200.92
0
VERTEX
8
L0D0
10
1182.469
20
-1383.169
0
VERTEX
8
L0D0
10
1179.594
20
-1381.002
0
VERTEX
8
L0D0
10
1316.928
20
-1198.754
0
VERTEX
8
L0D0
10
1315.97
20
-1198.031
0
VERTEX
8
L0D0
10
1178.635
20
-1380.28
0
VERTEX
8
L0D0
10
1175.76
20
-1378.113
0
VERTEX
8
L0D0
10
1313.095
20
-1195.865
0
VERTEX
8
L0D0
10
1312.136
20
-1195.143
0
VERTEX
8
L0D0
10
1174.802
20
-1377.391
0
VERTEX
8
L0D0
10
1171.927
20
-1375.225
0
VERTEX
8
L0D0
10
1309.261
20
-1192.976
0
VERTEX
8
L0D0
10
1308.303
20
-1192.254
0
VERTEX
8
L0D0
10
1170.969
20
-1374.503
0
VERTEX
8
L0D0
10
1168.093
20
-1372.336
0
VERTEX
8
L0D0
10
1305.428
20
-1190.087
0
VERTEX
8
L0D0
10
1304.469
20
-1189.365
0
VERTEX
8
L0D0
10
1167.135
20
-1371.614
0
VERTEX
8
L0D0
10
1164.26
20
-1369.447
0
VERTEX
8
L0D0
10
1301.594
20
-1187.199
0
VERTEX
8
L0D0
10
1300.636
20
-1186.477
0
VERTEX
8
L0D0
10
1163.302
20
-1368.725
0
VERTEX
8
L0D0
10
1160.427
20
-1366.559
0
VERTEX
8
L0D0
10
1297.761
20
-1184.31
0
VERTEX
8
L0D0
10
1296.802
20
-1183.588
0
VERTEX
8
L0D0
10
1159.468
20
-1365.836
0
VERTEX
8
L0D0
10
1156.593
20
-1363.67
0
VERTEX
8
L0D0
10
1293.927
20
-1181.421
0
VERTEX
8
L0D0
10
1292.969
20
-1180.699
0
VERTEX
8
L0D0
10
1155.635
20
-1362.948
0
VERTEX
8
L0D0
10
1152.76
20
-1360.781
0
VERTEX
8
L0D0
10
1290.094
20
-1178.533
0
VERTEX
8
L0D0
10
1289.135
20
-1177.81
0
VERTEX
8
L0D0
10
1151.801
20
-1360.059
0
VERTEX
8
L0D0
10
1148.926
20
-1357.892
0
VERTEX
8
L0D0
10
1286.26
20
-1175.644
0
VERTEX
8
L0D0
10
1285.302
20
-1174.922
0
VERTEX
8
L0D0
10
1147.968
20
-1357.17
0
VERTEX
8
L0D0
10
1145.093
20
-1355.004
0
VERTEX
8
L0D0
10
1282.427
20
-1172.755
0
VERTEX
8
L0D0
10
1281.469
20
-1172.033
0
VERTEX
8
L0D0
10
1144.134
20
-1354.282
0
VERTEX
8
L0D0
10
1141.259
20
-1352.115
0
VERTEX
8
L0D0
10
1278.593
20
-1169.866
0
VERTEX
8
L0D0
10
1277.635
20
-1169.144
0
VERTEX
8
L0D0
10
1140.301
20
-1351.393
0
VERTEX
8
L0D0
10
1137.426
20
-1349.226
0
VERTEX
8
L0D0
10
1274.76
20
-1166.978
0
VERTEX
8
L0D0
10
1273.802
20
-1166.256
0
VERTEX
8
L0D0
10
1136.467
20
-1348.504
0
VERTEX
8
L0D0
10
1133.592
20
-1346.338
0
VERTEX
8
L0D0
10
1270.927
20
-1164.089
0
VERTEX
8
L0D0
10
1269.968
20
-1163.367
0
VERTEX
8
L0D0
10
1132.634
20
-1345.615
0
VERTEX
8
L0D0
10
1129.759
20
-1343.449
0
VERTEX
8
L0D0
10
1267.093
20
-1161.2
0
VERTEX
8
L0D0
10
1266.135
20
-1160.478
0
VERTEX
8
L0D0
10
1128.801
20
-1342.727
0
VERTEX
8
L0D0
10
1125.926
20
-1340.56
0
VERTEX
8
L0D0
10
1263.26
20
-1158.312
0
VERTEX
8
L0D0
10
1262.301
20
-1157.589
0
VERTEX
8
L0D0
10
1124.967
20
-1339.838
0
VERTEX
8
L0D0
10
1122.092
20
-1337.671
0
VERTEX
8
L0D0
10
1259.426
20
-1155.423
0
VERTEX
8
L0D0
10
1258.468
20
-1154.701
0
VERTEX
8
L0D0
10
1121.134
20
-1336.949
0
VERTEX
8
L0D0
10
1118.259
20
-1334.783
0
VERTEX
8
L0D0
10
1255.593
20
-1152.534
0
VERTEX
8
L0D0
10
1254.634
20
-1151.812
0
VERTEX
8
L0D0
10
1117.3
20
-1334.061
0
VERTEX
8
L0D0
10
1114.425
20
-1331.894
0
VERTEX
8
L0D0
10
1251.759
20
-1149.645
0
VERTEX
8
L0D0
10
1250.801
20
-1148.923
0
VERTEX
8
L0D0
10
1113.467
20
-1331.172
0
VERTEX
8
L0D0
10
1110.592
20
-1329.005
0
VERTEX
8
L0D0
10
1247.926
20
-1146.757
0
VERTEX
8
L0D0
10
1246.968
20
-1146.035
0
VERTEX
8
L0D0
10
1109.633
20
-1328.283
0
VERTEX
8
L0D0
10
1106.758
20
-1326.117
0
VERTEX
8
L0D0
10
1244.092
20
-1143.868
0
VERTEX
8
L0D0
10
1243.134
20
-1143.146
0
VERTEX
8
L0D0
10
1105.8
20
-1325.394
0
VERTEX
8
L0D0
10
1102.925
20
-1323.228
0
VERTEX
8
L0D0
10
1240.259
20
-1140.979
0
VERTEX
8
L0D0
10
1239.301
20
-1140.257
0
VERTEX
8
L0D0
10
1101.966
20
-1322.506
0
VERTEX
8
L0D0
10
1099.091
20
-1320.339
0
VERTEX
8
L0D0
10
1236.426
20
-1138.091
0
VERTEX
8
L0D0
10
1235.467
20
-1137.368
0
VERTEX
8
L0D0
10
1098.133
20
-1319.617
0
VERTEX
8
L0D0
10
1095.258
20
-1317.451
0
VERTEX
8
L0D0
10
1232.592
20
-1135.202
0
VERTEX
8
L0D0
10
1231.634
20
-1134.48
0
VERTEX
8
L0D0
10
1094.3
20
-1316.728
0
VERTEX
8
L0D0
10
1091.424
20
-1314.562
0
VERTEX
8
L0D0
10
1090.702
20
-1315.52
0
VERTEX
8
L0D0
10
931.614
20
-1195.639
0
VERTEX
8
L0D0
10
932.336
20
-1194.68
0
VERTEX
8
L0D0
10
930.42
20
-1193.236
0
VERTEX
8
L0D0
10
1067.754
20
-1010.987
0
VERTEX
8
L0D0
10
1066.795
20
-1010.265
0
VERTEX
8
L0D0
10
929.461
20
-1192.514
0
VERTEX
8
L0D0
10
926.586
20
-1190.347
0
VERTEX
8
L0D0
10
1063.92
20
-1008.099
0
VERTEX
8
L0D0
10
1062.962
20
-1007.376
0
VERTEX
8
L0D0
10
925.628
20
-1189.625
0
VERTEX
8
L0D0
10
922.753
20
-1187.458
0
VERTEX
8
L0D0
10
1060.087
20
-1005.21
0
VERTEX
8
L0D0
10
1059.128
20
-1004.488
0
VERTEX
8
L0D0
10
921.794
20
-1186.736
0
VERTEX
8
L0D0
10
918.919
20
-1184.57
0
VERTEX
8
L0D0
10
1056.253
20
-1002.321
0
VERTEX
8
L0D0
10
1055.295
20
-1001.599
0
VERTEX
8
L0D0
10
917.961
20
-1183.848
0
VERTEX
8
L0D0
10
915.086
20
-1181.681
0
VERTEX
8
L0D0
10
1052.42
20
-999.432
0
VERTEX
8
L0D0
10
1051.462
20
-998.71
0
VERTEX
8
L0D0
10
914.127
20
-1180.959
0
VERTEX
8
L0D0
10
911.252
20
-1178.792
0
VERTEX
8
L0D0
10
1048.586
20
-996.544
0
VERTEX
8
L0D0
10
1047.628
20
-995.822
0
VERTEX
8
L0D0
10
910.294
20
-1178.07
0
VERTEX
8
L0D0
10
907.419
20
-1175.904
0
VERTEX
8
L0D0
10
1044.753
20
-993.655
0
VERTEX
8
L0D0
10
1043.795
20
-992.933
0
VERTEX
8
L0D0
10
906.46
20
-1175.181
0
VERTEX
8
L0D0
10
903.585
20
-1173.015
0
VERTEX
8
L0D0
10
1040.92
20
-990.766
0
VERTEX
8
L0D0
10
1039.961
20
-990.044
0
VERTEX
8
L0D0
10
902.627
20
-1172.293
0
VERTEX
8
L0D0
10
899.752
20
-1170.126
0
VERTEX
8
L0D0
10
1037.086
20
-987.878
0
VERTEX
8
L0D0
10
1036.128
20
-987.155
0
VERTEX
8
L0D0
10
898.794
20
-1169.404
0
VERTEX
8
L0D0
10
895.918
20
-1167.237
0
VERTEX
8
L0D0
10
1033.253
20
-984.989
0
VERTEX
8
L0D0
10
1032.294
20
-984.267
0
VERTEX
8
L0D0
10
894.96
20
-1166.515
0
VERTEX
8
L0D0
10
892.085
20
-1164.349
0
VERTEX
8
L0D0
10
1029.419
20
-982.1
0
VERTEX
8
L0D0
10
1028.461
20
-981.378
0
VERTEX
8
L0D0
10
891.127
20
-1163.627
0
VERTEX
8
L0D0
10
888.252
20
-1161.46
0
VERTEX
8
L0D0
10
1025.586
20
-979.211
0
VERTEX
8
L0D0
10
1024.627
20
-978.489
0
VERTEX
8
L0D0
10
887.293
20
-1160.738
0
VERTEX
8
L0D0
10
884.418
20
-1158.571
0
VERTEX
8
L0D0
10
1021.752
20
-976.323
0
VERTEX
8
L0D0
10
1020.794
20
-975.601
0
VERTEX
8
L0D0
10
883.46
20
-1157.849
0
VERTEX
8
L0D0
10
880.585
20
-1155.683
0
VERTEX
8
L0D0
10
1017.919
20
-973.434
0
VERTEX
8
L0D0
10
1016.961
20
-972.712
0
VERTEX
8
L0D0
10
879.626
20
-1154.96
0
VERTEX
8
L0D0
10
876.751
20
-1152.794
0
VERTEX
8
L0D0
10
1014.085
20
-970.545
0
VERTEX
8
L0D0
10
1013.127
20
-969.823
0
VERTEX
8
L0D0
10
875.793
20
-1152.072
0
VERTEX
8
L0D0
10
872.918
20
-1149.905
0
VERTEX
8
L0D0
10
1010.252
20
-967.657
0
VERTEX
8
L0D0
10
1009.294
20
-966.934
0
VERTEX
8
L0D0
10
871.959
20
-1149.183
0
VERTEX
8
L0D0
10
869.084
20
-1147.016
0
VERTEX
8
L0D0
10
1006.419
20
-964.768
0
VERTEX
8
L0D0
10
1005.46
20
-964.046
0
VERTEX
8
L0D0
10
868.126
20
-1146.294
0
VERTEX
8
L0D0
10
865.251
20
-1144.128
0
VERTEX
8
L0D0
10
1002.585
20
-961.879
0
VERTEX
8
L0D0
10
1001.627
20
-961.157
0
VERTEX
8
L0D0
10
864.293
20
-1143.406
0
VERTEX
8
L0D0
10
861.417
20
-1141.239
0
VERTEX
8
L0D0
10
998.752
20
-958.99
0
VERTEX
8
L0D0
10
997.793
20
-958.268
0
VERTEX
8
L0D0
10
860.459
20
-1140.517
0
VERTEX
8
L0D0
10
857.584
20
-1138.35
0
VERTEX
8
L0D0
10
994.918
20
-956.102
0
VERTEX
8
L0D0
10
993.96
20
-955.38
0
VERTEX
8
L0D0
10
856.626
20
-1137.628
0
VERTEX
8
L0D0
10
853.751
20
-1135.462
0
VERTEX
8
L0D0
10
991.085
20
-953.213
0
VERTEX
8
L0D0
10
990.126
20
-952.491
0
VERTEX
8
L0D0
10
852.792
20
-1134.739
0
VERTEX
8
L0D0
10
849.917
20
-1132.573
0
VERTEX
8
L0D0
10
987.251
20
-950.324
0
VERTEX
8
L0D0
10
986.293
20
-949.602
0
VERTEX
8
L0D0
10
848.959
20
-1131.851
0
VERTEX
8
L0D0
10
846.084
20
-1129.684
0
VERTEX
8
L0D0
10
983.418
20
-947.436
0
VERTEX
8
L0D0
10
982.459
20
-946.713
0
VERTEX
8
L0D0
10
845.125
20
-1128.962
0
VERTEX
8
L0D0
10
842.25
20
-1126.796
0
VERTEX
8
L0D0
10
979.584
20
-944.547
0
VERTEX
8
L0D0
10
978.626
20
-943.825
0
VERTEX
8
L0D0
10
841.292
20
-1126.073
0
VERTEX
8
L0D0
10
838.417
20
-1123.907
0
VERTEX
8
L0D0
10
975.751
20
-941.658
0
VERTEX
8
L0D0
10
974.793
20
-940.936
0
VERTEX
8
L0D0
10
837.458
20
-1123.185
0
VERTEX
8
L0D0
10
834.583
20
-1121.018
0
VERTEX
8
L0D0
10
971.917
20
-938.769
0
VERTEX
8
L0D0
10
970.959
20
-938.047
0
VERTEX
8
L0D0
10
833.625
20
-1120.296
0
VERTEX
8
L0D0
10
830.75
20
-1118.129
0
VERTEX
8
L0D0
10
968.084
20
-935.881
0
VERTEX
8
L0D0
10
967.126
20
-935.159
0
VERTEX
8
L0D0
10
829.791
20
-1117.407
0
VERTEX
8
L0D0
10
826.916
20
-1115.241
0
VERTEX
8
L0D0
10
964.251
20
-932.992
0
VERTEX
8
L0D0
10
963.292
20
-932.27
0
VERTEX
8
L0D0
10
825.958
20
-1114.518
0
VERTEX
8
L0D0
10
823.083
20
-1112.352
0
VERTEX
8
L0D0
10
960.417
20
-930.103
0
VERTEX
8
L0D0
10
959.459
20
-929.381
0
VERTEX
8
L0D0
10
822.125
20
-1111.63
0
VERTEX
8
L0D0
10
819.249
20
-1109.463
0
VERTEX
8
L0D0
10
956.584
20
-927.215
0
VERTEX
8
L0D0
10
955.625
20
-926.492
0
VERTEX
8
L0D0
10
818.291
20
-1108.741
0
VERTEX
8
L0D0
10
815.416
20
-1106.575
0
VERTEX
8
L0D0
10
952.75
20
-924.326
0
VERTEX
8
L0D0
10
951.792
20
-923.604
0
VERTEX
8
L0D0
10
814.458
20
-1105.852
0
VERTEX
8
L0D0
10
811.583
20
-1103.686
0
VERTEX
8
L0D0
10
949.157
20
-921.118
0
VERTEX
8
L0D0
10
589.16
20
-651.12
0
VERTEX
8
L0D0
10
586.905
20
-649.379
0
VERTEX
8
L0D0
10
584.7
20
-647.575
0
VERTEX
8
L0D0
10
582.546
20
-645.709
0
VERTEX
8
L0D0
10
580.445
20
-643.784
0
VERTEX
8
L0D0
10
578.4
20
-641.801
0
VERTEX
8
L0D0
10
576.411
20
-639.761
0
VERTEX
8
L0D0
10
574.48
20
-637.666
0
VERTEX
8
L0D0
10
572.608
20
-635.517
0
VERTEX
8
L0D0
10
570.798
20
-633.317
0
VERTEX
8
L0D0
10
569.05
20
-631.067
0
VERTEX
8
L0D0
10
567.367
20
-628.768
0
VERTEX
8
L0D0
10
565.748
20
-626.423
0
VERTEX
8
L0D0
10
564.196
20
-624.034
0
VERTEX
8
L0D0
10
562.712
20
-621.602
0
VERTEX
8
L0D0
10
561.296
20
-619.129
0
VERTEX
8
L0D0
10
559.951
20
-616.617
0
VERTEX
8
L0D0
10
558.677
20
-614.069
0
VERTEX
8
L0D0
10
557.475
20
-611.486
0
VERTEX
8
L0D0
10
556.346
20
-608.87
0
VERTEX
8
L0D0
10
555.291
20
-606.223
0
VERTEX
8
L0D0
10
554.31
20
-603.548
0
VERTEX
8
L0D0
10
553.406
20
-600.846
0
VERTEX
8
L0D0
10
552.577
20
-598.12
0
VERTEX
8
L0D0
10
551.825
20
-595.371
0
VERTEX
8
L0D0
10
551.151
20
-592.603
0
VERTEX
8
L0D0
10
550.555
20
-589.817
0
VERTEX
8
L0D0
10
550.038
20
-587.015
0
VERTEX
8
L0D0
10
549.599
20
-584.2
0
VERTEX
8
L0D0
10
549.4
20
-582.633
0
VERTEX
8
L0D0
10
549.4
20
-1020
0
VERTEX
8
L0D0
10
778
20
-1020
0
VERTEX
8
L0D0
10
778
20
-1023.6
0
VERTEX
8
L0D0
10
549.8
20
-1023.6
0
VERTEX
8
L0D0
10
549.8
20
-1024.8
0
VERTEX
8
L0D0
10
778
20
-1024.8
0
VERTEX
8
L0D0
10
778
20
-1028.4
0
VERTEX
8
L0D0
10
549.8
20
-1028.4
0
VERTEX
8
L0D0
10
549.8
20
-1029.6
0
VERTEX
8
L0D0
10
778
20
-1029.6
0
VERTEX
8
L0D0
10
778
20
-1033.2
0
VERTEX
8
L0D0
10
549.8
20
-1033.2
0
VERTEX
8
L0D0
10
549.8
20
-1034.4
0
VERTEX
8
L0D0
10
778
20
-1034.4
0
VERTEX
8
L0D0
10
778
20
-1038
0
VERTEX
8
L0D0
10
549.8
20
-1038
0
VERTEX
8
L0D0
10
549.8
20
-1039.2
0
VERTEX
8
L0D0
10
778
20
-1039.2
0
VERTEX
8
L0D0
10
778
20
-1042.8
0
VERTEX
8
L0D0
10
549.8
20
-1042.8
0
VERTEX
8
L0D0
10
549.8
20
-1044
0
VERTEX
8
L0D0
10
778
20
-1044
0
VERTEX
8
L0D0
10
778
20
-1047.6
0
VERTEX
8
L0D0
10
549.8
20
-1047.6
0
VERTEX
8
L0D0
10
549.8
20
-1048.8
0
VERTEX
8
L0D0
10
778
20
-1048.8
0
VERTEX
8
L0D0
10
778
20
-1052.4
0
VERTEX
8
L0D0
10
549.8
20
-1052.4
0
VERTEX
8
L0D0
10
549.8
20
-1053.6
0
VERTEX
8
L0D0
10
778
20
-1053.6
0
VERTEX
8
L0D0
10
778
20
-1057.2
0
VERTEX
8
L0D0
10
549.8
20
-1057.2
0
VERTEX
8
L0D0
10
549.8
20
-1058.4
0
VERTEX
8
L0D0
10
778
20
-1058.4
0
VERTEX
8
L0D0
10
778
20
-1062
0
VERTEX
8
L0D0
10
549.8
20
-1062
0
VERTEX
8
L0D0
10
549.8
20
-1063.2
0
VERTEX
8
L0D0
10
778
20
-1063.2
0
VERTEX
8
L0D0
10
778
20
-1066.8
0
VERTEX
8
L0D0
10
549.8
20
-1066.8
0
VERTEX
8
L0D0
10
549.8
20
-1068
0
VERTEX
8
L0D0
10
778
20
-1068
0
VERTEX
8
L0D0
10
778
20
-1071.6
0
VERTEX
8
L0D0
10
549.8
20
-1071.6
0
VERTEX
8
L0D0
10
549.8
20
-1072.8
0
VERTEX
8
L0D0
10
778
20
-1072.8
0
VERTEX
8
L0D0
10
778
20
-1076.4
0
VERTEX
8
L0D0
10
549.8
20
-1076.4
0
VERTEX
8
L0D0
10
549.8
20
-1077.6
0
VERTEX
8
L0D0
10
778
20
-1077.6
0
VERTEX
8
L0D0
10
778
20
-1081.2
0
VERTEX
8
L0D0
10
549.8
20
-1081.2
0
VERTEX
8
L0D0
10
549.8
20
-1082.4
0
VERTEX
8
L0D0
10
778
20
-1082.4
0
VERTEX
8
L0D0
10
778
20
-1086
0
VERTEX
8
L0D0
10
549.8
20
-1086
0
VERTEX
8
L0D0
10
549.8
20
-1087.2
0
VERTEX
8
L0D0
10
778
20
-1087.2
0
VERTEX
8
L0D0
10
778
20
-1090.8
0
VERTEX
8
L0D0
10
549.8
20
-1090.8
0
VERTEX
8
L0D0
10
549.8
20
-1092
0
VERTEX
8
L0D0
10
778
20
-1092
0
VERTEX
8
L0D0
10
778
20
-1095.6
0
VERTEX
8
L0D0
10
549.8
20
-1095.6
0
VERTEX
8
L0D0
10
549.8
20
-1096.8
0
VERTEX
8
L0D0
10
778
20
-1096.8
0
VERTEX
8
L0D0
10
778
20
-1100.4
0
VERTEX
8
L0D0
10
549.8
20
-1100.4
0
VERTEX
8
L0D0
10
549.8
20
-1101.6
0
VERTEX
8
L0D0
10
778
20
-1101.6
0
VERTEX
8
L0D0
10
778
20
-1105.2
0
VERTEX
8
L0D0
10
549.8
20
-1105.2
0
VERTEX
8
L0D0
10
549.8
20
-1106.4
0
VERTEX
8
L0D0
10
778
20
-1106.4
0
VERTEX
8
L0D0
10
778
20
-1110
0
VERTEX
8
L0D0
10
549.8
20
-1110
0
VERTEX
8
L0D0
10
549.8
20
-1111.2
0
VERTEX
8
L0D0
10
778
20
-1111.2
0
VERTEX
8
L0D0
10
778
20
-1114.8
0
VERTEX
8
L0D0
10
549.8
20
-1114.8
0
VERTEX
8
L0D0
10
549.8
20
-1116
0
VERTEX
8
L0D0
10
778
20
-1116
0
VERTEX
8
L0D0
10
778
20
-1119.6
0
VERTEX
8
L0D0
10
549.8
20
-1119.6
0
VERTEX
8
L0D0
10
549.8
20
-1120.8
0
VERTEX
8
L0D0
10
778
20
-1120.8
0
VERTEX
8
L0D0
10
778
20
-1124.4
0
VERTEX
8
L0D0
10
549.8
20
-1124.4
0
VERTEX
8
L0D0
10
549.8
20
-1125.6
0
VERTEX
8
L0D0
10
778
20
-1125.6
0
VERTEX
8
L0D0
10
778
20
-1129.2
0
VERTEX
8
L0D0
10
549.8
20
-1129.2
0
VERTEX
8
L0D0
10
549.8
20
-1130.4
0
VERTEX
8
L0D0
10
778
20
-1130.4
0
VERTEX
8
L0D0
10
778
20
-1134
0
VERTEX
8
L0D0
10
549.8
20
-1134
0
VERTEX
8
L0D0
10
549.8
20
-1135.2
0
VERTEX
8
L0D0
10
778
20
-1135.2
0
VERTEX
8
L0D0
10
778
20
-1138.8
0
VERTEX
8
L0D0
10
549.8
20
-1138.8
0
VERTEX
8
L0D0
10
549.8
20
-1140
0
VERTEX
8
L0D0
10
778
20
-1140
0
VERTEX
8
L0D0
10
778
20
-1143.6
0
VERTEX
8
L0D0
10
549.8
20
-1143.6
0
VERTEX
8
L0D0
10
549.8
20
-1144.8
0
VERTEX
8
L0D0
10
778
20
-1144.8
0
VERTEX
8
L0D0
10
778
20
-1148.4
0
VERTEX
8
L0D0
10
549.8
20
-1148.4
0
VERTEX
8
L0D0
10
549.8
20
-1149.6
0
VERTEX
8
L0D0
10
778
20
-1149.6
0
VERTEX
8
L0D0
10
778
20
-1153.2
0
VERTEX
8
L0D0
10
549.8
20
-1153.2
0
VERTEX
8
L0D0
10
549.8
20
-1154.4
0
VERTEX
8
L0D0
10
778
20
-1154.4
0
VERTEX
8
L0D0
10
778
20
-1158
0
VERTEX
8
L0D0
10
549.8
20
-1158
0
VERTEX
8
L0D0
10
549.8
20
-1159.2
0
VERTEX
8
L0D0
10
778
20
-1159.2
0
VERTEX
8
L0D0
10
778
20
-1162.8
0
VERTEX
8
L0D0
10
549.8
20
-1162.8
0
VERTEX
8
L0D0
10
549.8
20
-1164
0
VERTEX
8
L0D0
10
778
20
-1164
0
VERTEX
8
L0D0
10
778
20
-1167.6
0
VERTEX
8
L0D0
10
549.8
20
-1167.6
0
VERTEX
8
L0D0
10
549.8
20
-1168.8
0
VERTEX
8
L0D0
10
778
20
-1168.8
0
VERTEX
8
L0D0
10
778
20
-1171.2
0
VERTEX
8
L0D0
10
779.2
20
-1171.2
0
VERTEX
8
L0D0
10
779.2
20
-1370.4
0
VERTEX
8
L0D0
10
778
20
-1370.4
0
VERTEX
8
L0D0
10
778
20
-1374
0
VERTEX
8
L0D0
10
549.8
20
-1374
0
VERTEX
8
L0D0
10
549.8
20
-1375.2
0
VERTEX
8
L0D0
10
778
20
-1375.2
0
VERTEX
8
L0D0
10
778
20
-1378.8
0
VERTEX
8
L0D0
10
549.8
20
-1378.8
0
VERTEX
8
L0D0
10
549.8
20
-1380
0
VERTEX
8
L0D0
10
778
20
-1380
0
VERTEX
8
L0D0
10
778
20
-1383.6
0
VERTEX
8
L0D0
10
549.8
20
-1383.6
0
VERTEX
8
L0D0
10
549.8
20
-1384.8
0
VERTEX
8
L0D0
10
778
20
-1384.8
0
VERTEX
8
L0D0
10
778
20
-1388.4
0
VERTEX
8
L0D0
10
549.8
20
-1388.4
0
VERTEX
8
L0D0
10
549.8
20
-1389.6
0
VERTEX
8
L0D0
10
778
20
-1389.6
0
VERTEX
8
L0D0
10
778
20
-1393.2
0
VERTEX
8
L0D0
10
549.8
20
-1393.2
0
VERTEX
8
L0D0
10
549.8
20
-1394.4
0
VERTEX
8
L0D0
10
778
20
-1394.4
0
VERTEX
8
L0D0
10
778
20
-1398
0
VERTEX
8
L0D0
10
549.8
20
-1398
0
VERTEX
8
L0D0
10
549.8
20
-1399.2
0
VERTEX
8
L0D0
10
778
20
-1399.2
0
VERTEX
8
L0D0
10
778
20
-1402.8
0
VERTEX
8
L0D0
10
549.8
20
-1402.8
0
VERTEX
8
L0D0
10
549.8
20
-1404
0
VERTEX
8
L0D0
10
778
20
-1404
0
VERTEX
8
L0D0
10
778
20
-1407.6
0
VERTEX
8
L0D0
10
549.8
20
-1407.6
0
VERTEX
8
L0D0
10
549.8
20
-1408.8
0
VERTEX
8
L0D0
10
778
20
-1408.8
0
VERTEX
8
L0D0
10
778
20
-1412.4
0
VERTEX
8
L0D0
10
549.8
20
-1412.4
0
VERTEX
8
L0D0
10
549.8
20
-1413.6
0
VERTEX
8
L0D0
10
778
20
-1413.6
0
VERTEX
8
L0D0
10
778
20
-1417.2
0
VERTEX
8
L0D0
10
549.8
20
-1417.2
0
VERTEX
8
L0D0
10
549.8
20
-1418.4
0
VERTEX
8
L0D0
10
778
20
-1418.4
0
VERTEX
8
L0D0
10
778
20
-1422
0
VERTEX
8
L0D0
10
549.8
20
-1422
0
VERTEX
8
L0D0
10
549.8
20
-1423.2
0
VERTEX
8
L0D0
10
778
20
-1423.2
0
VERTEX
8
L0D0
10
778
20
-1426.8
0
VERTEX
8
L0D0
10
549.8
20
-1426.8
0
VERTEX
8
L0D0
10
549.8
20
-1428
0
VERTEX
8
L0D0
10
778
20
-1428
0
VERTEX
8
L0D0
10
778
20
-1431.6
0
VERTEX
8
L0D0
10
549.8
20
-1431.6
0
VERTEX
8
L0D0
10
549.8
20
-1432.8
0
VERTEX
8
L0D0
10
778
20
-1432.8
0
VERTEX
8
L0D0
10
778
20
-1436.4
0
VERTEX
8
L0D0
10
549.8
20
-1436.4
0
VERTEX
8
L0D0
10
549.8
20
-1437.6
0
VERTEX
8
L0D0
10
778
20
-1437.6
0
VERTEX
8
L0D0
10
778
20
-1441.2
0
VERTEX
8
L0D0
10
549.8
20
-1441.2
0
VERTEX
8
L0D0
10
549.8
20
-1442.4
0
VERTEX
8
L0D0
10
778
20
-1442.4
0
VERTEX
8
L0D0
10
778
20
-1446
0
VERTEX
8
L0D0
10
549.8
20
-1446
0
VERTEX
8
L0D0
10
549.8
20
-1447.2
0
VERTEX
8
L0D0
10
778
20
-1447.2
0
VERTEX
8
L0D0
10
778
20
-1450.8
0
VERTEX
8
L0D0
10
549.8
20
-1450.8
0
VERTEX
8
L0D0
10
549.8
20
-1452
0
VERTEX
8
L0D0
10
778
20
-1452
0
VERTEX
8
L0D0
10
778
20
-1455.6
0
VERTEX
8
L0D0
10
549.8
20
-1455.6
0
VERTEX
8
L0D0
10
549.8
20
-1456.8
0
VERTEX
8
L0D0
10
778
20
-1456.8
0
VERTEX
8
L0D0
10
778
20
-1460.4
0
VERTEX
8
L0D0
10
549.8
20
-1460.4
0
VERTEX
8
L0D0
10
549.8
20
-1461.6
0
VERTEX
8
L0D0
10
778
20
-1461.6
0
VERTEX
8
L0D0
10
778
20
-1465.2
0
VERTEX
8
L0D0
10
549.8
20
-1465.2
0
VERTEX
8
L0D0
10
549.8
20
-1466.4
0
VERTEX
8
L0D0
10
778
20
-1466.4
0
VERTEX
8
L0D0
10
778
20
-1470
0
VERTEX
8
L0D0
10
549.8
20
-1470
0
VERTEX
8
L0D0
10
549.8
20
-1471.2
0
VERTEX
8
L0D0
10
778
20
-1471.2
0
VERTEX
8
L0D0
10
778
20
-1474.8
0
VERTEX
8
L0D0
10
549.8
20
-1474.8
0
VERTEX
8
L0D0
10
549.8
20
-1476
0
VERTEX
8
L0D0
10
778
20
-1476
0
VERTEX
8
L0D0
10
778
20
-1479.6
0
VERTEX
8
L0D0
10
549.8
20
-1479.6
0
VERTEX
8
L0D0
10
549.8
20
-1480.8
0
VERTEX
8
L0D0
10
778
20
-1480.8
0
VERTEX
8
L0D0
10
778
20
-1484.4
0
VERTEX
8
L0D0
10
549.8
20
-1484.4
0
VERTEX
8
L0D0
10
549.8
20
-1485.6
0
VERTEX
8
L0D0
10
778
20
-1485.6
0
VERTEX
8
L0D0
10
778
20
-1489.2
0
VERTEX
8
L0D0
10
549.8
20
-1489.2
0
VERTEX
8
L0D0
10
549.8
20
-1490.4
0
VERTEX
8
L0D0
10
778
20
-1490.4
0
VERTEX
8
L0D0
10
778
20
-1494
0
VERTEX
8
L0D0
10
549.8
20
-1494
0
VERTEX
8
L0D0
10
549.8
20
-1495.2
0
VERTEX
8
L0D0
10
778
20
-1495.2
0
VERTEX
8
L0D0
10
778
20
-1498.8
0
VERTEX
8
L0D0
10
549.8
20
-1498.8
0
VERTEX
8
L0D0
10
549.8
20
-1500
0
VERTEX
8
L0D0
10
778
20
-1500
0
VERTEX
8
L0D0
10
778
20
-1503.6
0
VERTEX
8
L0D0
10
549.8
20
-1503.6
0
VERTEX
8
L0D0
10
549.8
20
-1504.8
0
VERTEX
8
L0D0
10
778
20
-1504.8
0
VERTEX
8
L0D0
10
778
20
-1508.4
0
VERTEX
8
L0D0
10
549.8
20
-1508.4
0
VERTEX
8
L0D0
10
549.8
20
-1509.6
0
VERTEX
8
L0D0
10
778
20
-1509.6
0
VERTEX
8
L0D0
10
778
20
-1513.2
0
VERTEX
8
L0D0
10
549.8
20
-1513.2
0
VERTEX
8
L0D0
10
549.8
20
-1514.4
0
VERTEX
8
L0D0
10
778
20
-1514.4
0
VERTEX
8
L0D0
10
778
20
-1518
0
VERTEX
8
L0D0
10
549.8
20
-1518
0
VERTEX
8
L0D0
10
549.8
20
-1519.2
0
VERTEX
8
L0D0
10
778
20
-1519.2
0
VERTEX
8
L0D0
10
778
20
-1522.8
0
VERTEX
8
L0D0
10
549.8
20
-1522.8
0
VERTEX
8
L0D0
10
549.8
20
-1524
0
VERTEX
8
L0D0
10
778
20
-1524
0
VERTEX
8
L0D0
10
778
20
-1527.6
0
VERTEX
8
L0D0
10
549.8
20
-1527.6
0
VERTEX
8
L0D0
10
549.8
20
-1528.8
0
VERTEX
8
L0D0
10
778
20
-1528.8
0
VERTEX
8
L0D0
10
778
20
-1532.4
0
VERTEX
8
L0D0
10
549.8
20
-1532.4
0
VERTEX
8
L0D0
10
549.8
20
-1533.6
0
VERTEX
8
L0D0
10
778
20
-1533.6
0
VERTEX
8
L0D0
10
778
20
-1537.2
0
VERTEX
8
L0D0
10
549.8
20
-1537.2
0
VERTEX
8
L0D0
10
549.8
20
-1538.4
0
VERTEX
8
L0D0
10
778
20
-1538.4
0
VERTEX
8
L0D0
10
778
20
-1542
0
VERTEX
8
L0D0
10
549.8
20
-1542
0
VERTEX
8
L0D0
10
549.8
20
-1543.2
0
VERTEX
8
L0D0
10
778
20
-1543.2
0
VERTEX
8
L0D0
10
778
20
-1546.8
0
VERTEX
8
L0D0
10
549.8
20
-1546.8
0
VERTEX
8
L0D0
10
549.8
20
-1548
0
VERTEX
8
L0D0
10
778
20
-1548
0
VERTEX
8
L0D0
10
778
20
-1551.6
0
VERTEX
8
L0D0
10
549.8
20
-1551.6
0
VERTEX
8
L0D0
10
549.8
20
-1552.8
0
VERTEX
8
L0D0
10
778
20
-1552.8
0
VERTEX
8
L0D0
10
778
20
-1556.4
0
VERTEX
8
L0D0
10
549.8
20
-1556.4
0
VERTEX
8
L0D0
10
549.8
20
-1557.6
0
VERTEX
8
L0D0
10
778
20
-1557.6
0
VERTEX
8
L0D0
10
778
20
-1561.2
0
VERTEX
8
L0D0
10
549.8
20
-1561.2
0
VERTEX
8
L0D0
10
549.8
20
-1562.4
0
VERTEX
8
L0D0
10
778
20
-1562.4
0
VERTEX
8
L0D0
10
778
20
-1566
0
VERTEX
8
L0D0
10
549.8
20
-1566
0
VERTEX
8
L0D0
10
549.8
20
-1567.2
0
VERTEX
8
L0D0
10
778
20
-1567.2
0
VERTEX
8
L0D0
10
778
20
-1569.6
0
VERTEX
8
L0D0
10
776
20
-1569.6
0
VERTEX
8
L0D0
10
776
20
-2025.6
0
SEQEND
0
POLYLINE
8
L0D0
70
1
40
0
41
0
66
1
0
VERTEX
8
L0D0
10
444
20
-206
0
VERTEX
8
L0D0
10
444
20
-201
0
VERTEX
8
L0D0
10
445
20
-201
0
VERTEX
8
L0D0
10
449
20
-201
0
VERTEX
8
L0D0
10
449
20
-205
0
VERTEX
8
L0D0
10
451
20
-205
0
VERTEX
8
L0D0
10
451
20
-201
0
VERTEX
8
L0D0
10
455
20
-201
0
VERTEX
8
L0D0
10
455
20
-199
0
VERTEX
8
L0D0
10
451
20
-199
0
VERTEX
8
L0D0
10
451
20
-195
0
VERTEX
8
L0D0
10
449
20
-195
0
VERTEX
8
L0D0
10
449
20
-199
0
VERTEX
8
L0D0
10
445
20
-199
0
VERTEX
8
L0D0
10
445
20
-201
0
VERTEX
8
L0D0
10
444
20
-201
0
VERTEX
8
L0D0
10
444
20
-194
0
VERTEX
8
L0D0
10
456
20
-194
0
VERTEX
8
L0D0
10
456
20
-206
0
SEQEND
0
POLYLINE
8
L0D0
70
1
40
0
41
0
66
1
0
VERTEX
8
L0D0
10
470.8
20
-229.2
0
VERTEX
8
L0D0
10
470.8
20
-225.7
0
VERTEX
8
L0D0
10
471.5
20
-225.7
0
VERTEX
8
L0D0
10
474.3
20
-225.7
0
VERTEX
8
L0D0
10
474.3
20
-228.5
0
VERTEX
8
L0D0
10
475.7
20
-228.5
0
VERTEX
8
L0D0
10
475.7
20
-225.7
0
VERTEX
8
L0D0
10
478.5
20
-225.7
0
VERTEX
8
L0D0
10
478.5
20
-224.3
0
VERTEX
8
L0D0
10
475.7
20
-224.3
0
VERTEX
8
L0D0
10
475.7
20
-221.5
0
VERTEX
8
L0D0
10
474.3
20
-221.5
0
VERTEX
8
L0D0
10
474.3
20
-224.3
0
VERTEX
8
L0D0
10
471.5
20
-224.3
0
VERTEX
8
L0D0
10
471.5
20
-225.7
0
VERTEX
8
L0D0
10
470.8
20
-225.7
0
VERTEX
8
L0D0
10
470.8
20
-220.8
0
VERTEX
8
L0D0
10
479.2
20
-220.8
0
VERTEX
8
L0D0
10
479.2
20
-229.2
0
SEQEND
0
POLYLINE
8
L0D0
70
1
40
0
41
0
66
1
0
VERTEX
8
L0D0
10
512
20
-268
0
VERTEX
8
L0D0
10
512
20
-265.5
0
VERTEX
8
L0D0
10
512.5
20
-265.5
0
VERTEX
8
L0D0
10
514.5
20
-265.5
0
VERTEX
8
L0D0
10
514.5
20
-267.5
0
VERTEX
8
L0D0
10
515.5
20
-267.5
0
VERTEX
8
L0D0
10
515.5
20
-265.5
0
VERTEX
8
L0D0
10
517.5
20
-265.5
0
VERTEX
8
L0D0
10
517.5
20
-264.5
0
VERTEX
8
L0D0
10
515.5
20
-264.5
0
VERTEX
8
L0D0
10
515.5
20
-262.5
0
VERTEX
8
L0D0
10
514.5
20
-262.5
0
VERTEX
8
L0D0
10
514.5
20
-264.5
0
VERTEX
8
L0D0
10
512.5
20
-264.5
0
VERTEX
8
L0D0
10
512.5
20
-265.5
0
VERTEX
8
L0D0
10
512
20
-265.5
0
VERTEX
8
L0D0
10
512
20
-262
0
VERTEX
8
L0D0
10
518
20
-262
0
VERTEX
8
L0D0
10
518
20
-268
0
SEQEND
0
POLYLINE
8
L0D0
70
1
40
0
41
0
66
1
0
VERTEX
8
L0D0
10
512
20
-338
0
VERTEX
8
L0D0
10
512
20
-335.5
0
VERTEX
8
L0D0
10
512.5
20
-335.5
0
VERTEX
8
L0D0
10
514.5
20
-335.5
0
VERTEX
8
L0D0
10
514.5
20
-337.5
0
VERTEX
8
L0D0
10
515.5
20
-337.5
0
VERTEX
8
L0D0
10
515.5
20
-335.5
0
VERTEX
8
L0D0
10
517.5
20
-335.5
0
VERTEX
8
L0D0
10
517.5
20
-334.5
0
VERTEX
8
L0D0
10
515.5
20
-334.5
0
VERTEX
8
L0D0
10
515.5
20
-332.5
0
VERTEX
8
L0D0
10
514.5
20
-332.5
0
VERTEX
8
L0D0
10
514.5
20
-334.5
0
VERTEX
8
L0D0
10
512.5
20
-334.5
0
VERTEX
8
L0D0
10
512.5
20
-335.5
0
VERTEX
8
L0D0
10
512
20
-335.5
0
VERTEX
8
L0D0
10
512
20
-332
0
VERTEX
8
L0D0
10
518
20
-332
0
VERTEX
8
L0D0
10
518
20
-338
0
SEQEND
0
POLYLINE
8
L0D0
70
1
40
0
41
0
66
1
0
VERTEX
8
L0D0
10
470.8
20
-379.2
0
VERTEX
8
L0D0
10
470.8
20
-375.7
0
VERTEX
8
L0D0
10
471.5
20
-375.7
0
VERTEX
8
L0D0
10
474.3
20
-375.7
0
VERTEX
8
L0D0
10
474.3
20
-378.5
0
VERTEX
8
L0D0
10
475.7
20
-378.5
0
VERTEX
8
L0D0
10
475.7
20
-375.7
0
VERTEX
8
L0D0
10
478.5
20
-375.7
0
VERTEX
8
L0D0
10
478.5
20
-374.3
0
VERTEX
8
L0D0
10
475.7
20
-374.3
0
VERTEX
8
L0D0
10
475.7
20
-371.5
0
VERTEX
8
L0D0
10
474.3
20
-371.5
0
VERTEX
8
L0D0
10
474.3
20
-374.3
0
VERTEX
8
L0D0
10
471.5
20
-374.3
0
VERTEX
8
L0D0
10
471.5
20
-375.7
0
VERTEX
8
L0D0
10
470.8
20
-375.7
0
VERTEX
8
L0D0
10
470.8
20
-370.8
0
VERTEX
8
L0D0
10
479.2
20
-370.8
0
VERTEX
8
L0D0
10
479.2
20
-379.2
0
SEQEND
0
POLYLINE
8
L0D0
70
1
40
0
41
0
66
1
0
VERTEX
8
L0D0
10
444
20
-406
0
VERTEX
8
L0D0
10
444
20
-401
0
VERTEX
8
L0D0
10
445
20
-401
0
VERTEX
8
L0D0
10
449
20
-401
0
VERTEX
8
L0D0
10
449
20
-405
0
VERTEX
8
L0D0
10
451
20
-405
0
VERTEX
8
L0D0
10
451
20
-401
0
VERTEX
8
L0D0
10
455
20
-401
0
VERTEX
8
L0D0
10
455
20
-399
0
VERTEX
8
L0D0
10
451
20
-399
0
VERTEX
8
L0D0
10
451
20
-395
0
VERTEX
8
L0D0
10
449
20
-395
0
VERTEX
8
L0D0
10
449
20
-399
0
VERTEX
8
L0D0
10
445
20
-399
0
VERTEX
8
L0D0
10
445
20
-401
0
VERTEX
8
L0D0
10
444
20
-401
0
VERTEX
8
L0D0
10
444
20
-394
0
VERTEX
8
L0D0
10
456
20
-394
0
VERTEX
8
L0D0
10
456
20
-406
0
SEQEND
0
POLYLINE
8
L0D0
70
1
40
0
41
0
66
1
0
VERTEX
8
L0D0
10
-2060
20
-2060
0
VERTEX
8
L0D0
10
-2060
20
-2010
0
VERTEX
8
L0D0
10
-2050
20
-2010
0
VERTEX
8
L0D0
10
-2010
20
-2010
0
VERTEX
8
L0D0
10
-2010
20
-2050
0
VERTEX
8
L0D0
10
-1990
20
-2050
0
VERTEX
8
L0D0
10
-1990
20
-2010
0
VERTEX
8
L0D0
10
-1950
20
-2010
0
VERTEX
8
L0D0
10
-1950
20
-1990
0
VERTEX
8
L0D0
10
-1990
20
-1990
0
VERTEX
8
L0D0
10
-1990
20
-1950
0
VERTEX
8
L0D0
10
-2010
20
-1950
0
VERTEX
8
L0D0
10
-2010
20
-1990
0
VERTEX
8
L0D0
10
-2050
20
-1990
0
VERTEX
8
L0D0
10
-2050
20
-2010
0
VERTEX
8
L0D0
10
-2060
20
-2010
0
VERTEX
8
L0D0
10
-2060
20
-1940
0
VERTEX
8
L0D0
10
-1940
20
-1940
0
VERTEX
8
L0D0
10
-1940
20
-2060
0
SEQEND
0
POLYLINE
8
L0D0
70
1
40
0
41
0
66
1
0
VERTEX
8
L0D0
10
1940
20
-2060
0
VERTEX
8
L0D0
10
1940
20
-2010
0
VERTEX
8
L0D0
10
1950
20
-2010
0
VERTEX
8
L0D0
10
1990
20
-2010
0
VERTEX
8
L0D0
10
1990
20
-2050
0
VERTEX
8
L0D0
10
2010
20
-2050
0
VERTEX
8
L0D0
10
2010
20
-2010
0
VERTEX
8
L0D0
10
2050
20
-2010
0
VERTEX
8
L0D0
10
2050
20
-1990
0
VERTEX
8
L0D0
10
2010
20
-1990
0
VERTEX
8
L0D0
10
2010
20
-1950
0
VERTEX
8
L0D0
10
1990
20
-1950
0
VERTEX
8
L0D0
10
1990
20
-1990
0
VERTEX
8
L0D0
10
1950
20
-1990
0
VERTEX
8
L0D0
10
1950
20
-2010
0
VERTEX
8
L0D0
10
1940
20
-2010
0
VERTEX
8
L0D0
10
1940
20
-1940
0
VERTEX
8
L0D0
10
2060
20
-1940
0
VERTEX
8
L0D0
10
2060
20
-2060
0
SEQEND
0
POLYLINE
8
L0D0
70
1
40
0
41
0
66
1
0
VERTEX
8
L0D0
10
1730
20
515.556
0
VERTEX
8
L0D0
10
1730
20
530
0
VERTEX
8
L0D0
10
1773.333
20
530
0
VERTEX
8
L0D0
10
1773.333
20
515.556
0
SEQEND
0
POLYLINE
8
L0D0
70
1
40
0
41
0
66
1
0
VERTEX
8
L0D0
10
1773.333
20
486.667
0
VERTEX
8
L0D0
10
1773.333
20
515.556
0
VERTEX
8
L0D0
10
1787.778
20
515.556
0
VERTEX
8
L0D0
10
1787.778
20
486.667
0
SEQEND
0
POLYLINE
8
L0D0
70
1
40
0
41
0
66
1
0
VERTEX
8
L0D0
10
1715.556
20
486.667
0
VERTEX
8
L0D0
10
1715.556
20
515.556
0
VERTEX
8
L0D0
10
1730
20
515.556
0
VERTEX
8
L0D0
10
1730
20
486.667
0
SEQEND
0
POLYLINE
8
L0D0
70
1
40
0
41
0
66
1
0
VERTEX
8
L0D0
10
1961.111
20
486.667
0
VERTEX
8
L0D0
10
1961.111
20
515.556
0
VERTEX
8
L0D0
10
1975.556
20
515.556
0
VERTEX
8
L0D0
10
1975.556
20
486.667
0
SEQEND
0
POLYLINE
8
L0D0
70
1
40
0
41
0
66
1
0
VERTEX
8
L0D0
10
2105.556
20
472.222
0
VERTEX
8
L0D0
10
2105.556
20
486.667
0
VERTEX
8
L0D0
10
2120
20
486.667
0
VERTEX
8
L0D0
10
2120
20
472.222
0
SEQEND
0
POLYLINE
8
L0D0
70
1
40
0
41
0
66
1
0
VERTEX
8
L0D0
10
1730
20
472.222
0
VERTEX
8
L0D0
10
1730
20
486.667
0
VERTEX
8
L0D0
10
1773.333
20
486.667
0
VERTEX
8
L0D0
10
1773.333
20
472.222
0
SEQEND
0
POLYLINE
8
L0D0
70
1
40
0
41
0
66
1
0
VERTEX
8
L0D0
10
1773.333
20
443.333
0
VERTEX
8
L0D0
10
1773.333
20
472.222
0
VERTEX
8
L0D0
10
1787.778
20
472.222
0
VERTEX
8
L0D0
10
1787.778
20
443.333
0
SEQEND
0
POLYLINE
8
L0D0
70
1
40
0
41
0
66
1
0
VERTEX
8
L0D0
10
2091.111
20
428.889
0
VERTEX
8
L0D0
10
2091.111
20
472.222
0
VERTEX
8
L0D0
10
2105.556
20
472.222
0
VERTEX
8
L0D0
10
2105.556
20
428.889
0
SEQEND
0
POLYLINE
8
L0D0
70
1
40
0
41
0
66
1
0
VERTEX
8
L0D0
10
1715.556
20
443.333
0
VERTEX
8
L0D0
10
1715.556
20
472.222
0
VERTEX
8
L0D0
10
1730
20
472.222
0
VERTEX
8
L0D0
10
1730
20
443.333
0
SEQEND
0
POLYLINE
8
L0D0
70
1
40
0
41
0
66
1
0
VERTEX
8
L0D0
10
1730
20
428.889
0
VERTEX
8
L0D0
10
1730
20
443.333
0
VERTEX
8
L0D0
10
1773.333
20
443.333
0
VERTEX
8
L0D0
10
1773.333
20
428.889
0
SEQEND
0
POLYLINE
8
L0D0
70
1
40
0
41
0
66
1
0
VERTEX
8
L0D0
10
1860
20
428.889
0
VERTEX
8
L0D0
10
1860
20
443.333
0
VERTEX
8
L0D0
10
1874.444
20
443.333
0
VERTEX
8
L0D0
10
1874.444
20
428.889
0
SEQEND
0
POLYLINE
8
L0D0
70
1
40
0
41
0
66
1
0
VERTEX
8
L0D0
10
-1673.333
20
-484.444
0
VERTEX
8
L0D0
10
-1673.333
20
-470
0
VERTEX
8
L0D0
10
-1630
20
-470
0
VERTEX
8
L0D0
10
-1630
20
-484.444
0
SEQEND
0
POLYLINE
8
L0D0
70
1
40
0
41
0
66
1
0
VERTEX
8
L0D0
10
-1904.444
20
-513.333
0
VERTEX
8
L0D0
10
-1904.444
20
-484.444
0
VERTEX
8
L0D0
10
-1890
20
-484.444
0
VERTEX
8
L0D0
10
-1890
20
-513.333
0
SEQEND
0
POLYLINE
8
L0D0
70
1
40
0
41
0
66
1
0
VERTEX
8
L0D0
10
-1673.333
20
-571.111
0
VERTEX
8
L0D0
10
-1673.333
20
-556.667
0
VERTEX
8
L0D0
10
-1630
20
-556.667
0
VERTEX
8
L0D0
10
-1630
20
-571.111
0
SEQEND
0
POLYLINE
8
L0D0
70
1
40
0
41
0
66
1
0
VERTEX
8
L0D0
10
-1774.444
20
-571.111
0
VERTEX
8
L0D0
10
-1774.444
20
-556.667
0
VERTEX
8
L0D0
10
-1760
20
-556.667
0
VERTEX
8
L0D0
10
-1760
20
-571.111
0
SEQEND
0
ENDSEC
0
EOF
