0
SECTION
2
HEADER
9
$ACADVER
1
AC1006
0
ENDSEC
0
SECTION
2
TABLES
0
TABLE
2
LAYER
70
4
0
LAYER
70
0
62
1
6
CONTINUOUS
2
L0D0_0
0
LAYER
70
0
62
2
6
CONTINUOUS
2
L1D0
0
LAYER
70
0
62
3
6
CONTINUOUS
2
Nb_GroundP
0
LAYER
70
0
62
4
6
CONTINUOUS
2
Flux traps
0
ENDTAB
0
ENDSEC
0
SECTION
2
BLOCKS
0
ENDSEC
0
SECTION
2
ENTITIES
0
POLYLINE
8
L1D0
70
1
40
0
41
0
66
1
0
VERTEX
8
L1D0
10
1472.248
20
-1389.95
0
VERTEX
8
L1D0
10
1465.78
20
-1389.887
0
VERTEX
8
L1D0
10
1461.643
20
-1389.761
0
VERTEX
8
L1D0
10
1455.259
20
-1389.509
0
VERTEX
8
L1D0
10
1448.469
20
-1388.921
0
VERTEX
8
L1D0
10
1441.875
20
-1387.955
0
VERTEX
8
L1D0
10
1435.218
20
-1386.275
0
VERTEX
8
L1D0
10
1429.387
20
-1384.336
0
VERTEX
8
L1D0
10
1423.57
20
-1381.753
0
VERTEX
8
L1D0
10
1417.753
20
-1378.582
0
VERTEX
8
L1D0
10
1414.974
20
-1376.51
0
VERTEX
8
L1D0
10
1412.349
20
-1374.697
0
VERTEX
8
L1D0
10
1408.338
20
-1370.749
0
VERTEX
8
L1D0
10
1404.712
20
-1366.346
0
VERTEX
8
L1D0
10
1401.415
20
-1360.858
0
VERTEX
8
L1D0
10
1400.19
20
-1356.595
0
VERTEX
8
L1D0
10
1399.483
20
-1352.843
0
VERTEX
8
L1D0
10
1399.413
20
-1350.386
0
VERTEX
8
L1D0
10
1399.413
20
-1347.362
0
VERTEX
8
L1D0
10
1399.798
20
-1343.54
0
VERTEX
8
L1D0
10
1400.386
20
-1339.34
0
VERTEX
8
L1D0
10
1401.352
20
-1333.915
0
VERTEX
8
L1D0
10
1402.458
20
-1328.42
0
VERTEX
8
L1D0
10
1404.915
20
-1318.333
0
VERTEX
8
L1D0
10
1405.755
20
-1314.973
0
VERTEX
8
L1D0
10
1407.708
20
-1307.749
0
VERTEX
8
L1D0
10
1409.262
20
-1302.842
0
VERTEX
8
L1D0
10
1410.802
20
-1297.151
0
VERTEX
8
L1D0
10
1412.167
20
-1292.363
0
VERTEX
8
L1D0
10
1414.036
20
-1286.294
0
VERTEX
8
L1D0
10
1416.255
20
-1278.419
0
VERTEX
8
L1D0
10
1418.061
20
-1273.834
0
VERTEX
8
L1D0
10
1419.489
20
-1269.046
0
VERTEX
8
L1D0
10
1420.714
20
-1265.105
0
VERTEX
8
L1D0
10
1424.34
20
-1254.766
0
VERTEX
8
L1D0
10
1425.754
20
-1250.426
0
VERTEX
8
L1D0
10
1427.91
20
-1245.022
0
VERTEX
8
L1D0
10
1430.367
20
-1238.491
0
VERTEX
8
L1D0
10
1432.306
20
-1232.8
0
VERTEX
8
L1D0
10
1434.441
20
-1227.242
0
VERTEX
8
L1D0
10
1436.709
20
-1221.614
0
VERTEX
8
L1D0
10
1440.468
20
-1211.87
0
VERTEX
8
L1D0
10
1443.121
20
-1205.542
0
VERTEX
8
L1D0
10
1444.542
20
-1201.727
0
VERTEX
8
L1D0
10
1448.742
20
-1191.059
0
VERTEX
8
L1D0
10
1450.681
20
-1186.348
0
VERTEX
8
L1D0
10
1452.9
20
-1180.727
0
VERTEX
8
L1D0
10
1454.965
20
-1176.338
0
VERTEX
8
L1D0
10
1457.233
20
-1171.039
0
VERTEX
8
L1D0
10
1459.816
20
-1164.893
0
VERTEX
8
L1D0
10
1462.273
20
-1159.531
0
VERTEX
8
L1D0
10
1464.73
20
-1153.973
0
VERTEX
8
L1D0
10
1467.145
20
-1149.017
0
VERTEX
8
L1D0
10
1468.762
20
-1145.195
0
VERTEX
8
L1D0
10
1470.568
20
-1142.038
0
VERTEX
8
L1D0
10
1472.577
20
-1137.698
0
VERTEX
8
L1D0
10
1474.908
20
-1132.784
0
VERTEX
8
L1D0
10
1477.813
20
-1127.618
0
VERTEX
8
L1D0
10
1480.417
20
-1122.865
0
VERTEX
8
L1D0
10
1484.806
20
-1115.291
0
VERTEX
8
L1D0
10
1488.306
20
-1109.089
0
VERTEX
8
L1D0
10
1491.148
20
-1104.112
0
VERTEX
8
L1D0
10
1493.479
20
-1100.297
0
VERTEX
8
L1D0
10
1496.328
20
-1095.838
0
VERTEX
8
L1D0
10
1499.38
20
-1090.679
0
VERTEX
8
L1D0
10
1502.614
20
-1085.639
0
VERTEX
8
L1D0
10
1505.337
20
-1081.18
0
VERTEX
8
L1D0
10
1507.731
20
-1077.428
0
VERTEX
8
L1D0
10
1510.699
20
-1071.863
0
VERTEX
8
L1D0
10
1513.744
20
-1066.76
0
VERTEX
8
L1D0
10
1516.978
20
-1061.209
0
VERTEX
8
L1D0
10
1520.037
20
-1055.728
0
VERTEX
8
L1D0
10
1523.068
20
-1049.071
0
VERTEX
8
L1D0
10
1525.98
20
-1043.254
0
VERTEX
8
L1D0
10
1529.025
20
-1036.856
0
VERTEX
8
L1D0
10
1533.435
20
-1026.797
0
VERTEX
8
L1D0
10
1535.563
20
-1021.757
0
VERTEX
8
L1D0
10
1539.7
20
-1010.375
0
VERTEX
8
L1D0
10
1541.968
20
-1003.984
0
VERTEX
8
L1D0
10
1548.324
20
-984.86
0
VERTEX
8
L1D0
10
1550.389
20
-980.149
0
VERTEX
8
L1D0
10
1552.846
20
-974.906
0
VERTEX
8
L1D0
10
1553.28
20
-973.303
0
VERTEX
8
L1D0
10
1557.564
20
-966.583
0
VERTEX
8
L1D0
10
1560.091
20
-963.566
0
VERTEX
8
L1D0
10
1562.632
20
-960.745
0
VERTEX
8
L1D0
10
1565.397
20
-958.442
0
VERTEX
8
L1D0
10
1567.924
20
-955.817
0
VERTEX
8
L1D0
10
1571.529
20
-953.29
0
VERTEX
8
L1D0
10
1573.671
20
-951.827
0
VERTEX
8
L1D0
10
1575.82
20
-950.462
0
VERTEX
8
L1D0
10
1579.327
20
-948.712
0
VERTEX
8
L1D0
10
1582.246
20
-947.347
0
VERTEX
8
L1D0
10
1585.858
20
-945.884
0
VERTEX
8
L1D0
10
1589.757
20
-944.428
0
VERTEX
8
L1D0
10
1591.045
20
-944.008
0
VERTEX
8
L1D0
10
1591.045
20
-965.897
0
VERTEX
8
L1D0
10
1589.295
20
-966.569
0
VERTEX
8
L1D0
10
1586.859
20
-968.06
0
VERTEX
8
L1D0
10
1584.22
20
-970.223
0
VERTEX
8
L1D0
10
1582.974
20
-971.518
0
VERTEX
8
L1D0
10
1581.987
20
-972.526
0
VERTEX
8
L1D0
10
1580.23
20
-974.143
0
VERTEX
8
L1D0
10
1577.997
20
-977.111
0
VERTEX
8
L1D0
10
1575.274
20
-981.409
0
VERTEX
8
L1D0
10
1570.479
20
-989.725
0
VERTEX
8
L1D0
10
1568.176
20
-994.996
0
VERTEX
8
L1D0
10
1565.817
20
-1001.884
0
VERTEX
8
L1D0
10
1563.99
20
-1007.561
0
VERTEX
8
L1D0
10
1561.89
20
-1015.051
0
VERTEX
8
L1D0
10
1561.204
20
-1018.292
0
VERTEX
8
L1D0
10
1559.727
20
-1023.899
0
VERTEX
8
L1D0
10
1558.096
20
-1030.255
0
VERTEX
8
L1D0
10
1556.745
20
-1036.268
0
VERTEX
8
L1D0
10
1555.324
20
-1042.078
0
VERTEX
8
L1D0
10
1552.062
20
-1053.488
0
VERTEX
8
L1D0
10
1551.25
20
-1056.05
0
VERTEX
8
L1D0
10
1549.836
20
-1059.634
0
VERTEX
8
L1D0
10
1548.555
20
-1063.351
0
VERTEX
8
L1D0
10
1547.337
20
-1066.529
0
VERTEX
8
L1D0
10
1547.001
20
-1069.168
0
VERTEX
8
L1D0
10
1547.001
20
-1070.855
0
VERTEX
8
L1D0
10
1547.596
20
-1072.003
0
VERTEX
8
L1D0
10
1548.814
20
-1072.885
0
VERTEX
8
L1D0
10
1551.117
20
-1073.494
0
VERTEX
8
L1D0
10
1553.686
20
-1073.893
0
VERTEX
8
L1D0
10
1563.451
20
-1073.774
0
VERTEX
8
L1D0
10
1569.73
20
-1073.914
0
VERTEX
8
L1D0
10
1574.406
20
-1074.047
0
VERTEX
8
L1D0
10
1577.514
20
-1074.656
0
VERTEX
8
L1D0
10
1579.404
20
-1075.258
0
VERTEX
8
L1D0
10
1581.567
20
-1077.295
0
VERTEX
8
L1D0
10
1582.855
20
-1079.318
0
VERTEX
8
L1D0
10
1584.808
20
-1082.566
0
VERTEX
8
L1D0
10
1585.557
20
-1085.128
0
VERTEX
8
L1D0
10
1585.9
20
-1087.802
0
VERTEX
8
L1D0
10
1585.9
20
-1090.84
0
VERTEX
8
L1D0
10
1585.501
20
-1093.549
0
VERTEX
8
L1D0
10
1584.619
20
-1096.384
0
VERTEX
8
L1D0
10
1583.338
20
-1099.219
0
VERTEX
8
L1D0
10
1581.441
20
-1102.201
0
VERTEX
8
L1D0
10
1577.185
20
-1109.698
0
VERTEX
8
L1D0
10
1571.893
20
-1118.798
0
VERTEX
8
L1D0
10
1567.903
20
-1125.413
0
VERTEX
8
L1D0
10
1563.64
20
-1132.588
0
VERTEX
8
L1D0
10
1559.86
20
-1138.727
0
VERTEX
8
L1D0
10
1557.151
20
-1143.389
0
VERTEX
8
L1D0
10
1549.696
20
-1156.346
0
VERTEX
8
L1D0
10
1545.846
20
-1163.108
0
VERTEX
8
L1D0
10
1541.52
20
-1171.144
0
VERTEX
8
L1D0
10
1538.671
20
-1176.688
0
VERTEX
8
L1D0
10
1537.257
20
-1179.397
0
VERTEX
8
L1D0
10
1534.8
20
-1184.654
0
VERTEX
8
L1D0
10
1533.652
20
-1187.02
0
VERTEX
8
L1D0
10
1531.489
20
-1191.878
0
VERTEX
8
L1D0
10
1527.03
20
-1203.092
0
VERTEX
8
L1D0
10
1524.664
20
-1210.603
0
VERTEX
8
L1D0
10
1522.977
20
-1217.428
0
VERTEX
8
L1D0
10
1521.535
20
-1223.819
0
VERTEX
8
L1D0
10
1520.191
20
-1230.707
0
VERTEX
8
L1D0
10
1519.036
20
-1238.008
0
VERTEX
8
L1D0
10
1517.874
20
-1248.872
0
VERTEX
8
L1D0
10
1517.055
20
-1254.143
0
VERTEX
8
L1D0
10
1516.18
20
-1259.281
0
VERTEX
8
L1D0
10
1515.102
20
-1263.271
0
VERTEX
8
L1D0
10
1513.884
20
-1267.996
0
VERTEX
8
L1D0
10
1512.33
20
-1272.791
0
VERTEX
8
L1D0
10
1510.762
20
-1276.585
0
VERTEX
8
L1D0
10
1509.012
20
-1279.889
0
VERTEX
8
L1D0
10
1506.24
20
-1283.27
0
VERTEX
8
L1D0
10
1503.538
20
-1285.16
0
VERTEX
8
L1D0
10
1500.766
20
-1286.315
0
VERTEX
8
L1D0
10
1497.448
20
-1286.791
0
VERTEX
8
L1D0
10
1494.613
20
-1286.315
0
VERTEX
8
L1D0
10
1491.435
20
-1285.496
0
VERTEX
8
L1D0
10
1488.25
20
-1283.809
0
VERTEX
8
L1D0
10
1486.563
20
-1282.724
0
VERTEX
8
L1D0
10
1484.134
20
-1281.247
0
VERTEX
8
L1D0
10
1481.019
20
-1277.866
0
VERTEX
8
L1D0
10
1478.38
20
-1273.736
0
VERTEX
8
L1D0
10
1476.553
20
-1269.62
0
VERTEX
8
L1D0
10
1475.272
20
-1265.357
0
VERTEX
8
L1D0
10
1474.362
20
-1260.457
0
VERTEX
8
L1D0
10
1473.55
20
-1254.038
0
VERTEX
8
L1D0
10
1472.871
20
-1248.298
0
VERTEX
8
L1D0
10
1471.926
20
-1235.516
0
VERTEX
8
L1D0
10
1471.387
20
-1231.799
0
VERTEX
8
L1D0
10
1470.645
20
-1226.192
0
VERTEX
8
L1D0
10
1469.623
20
-1223.287
0
VERTEX
8
L1D0
10
1468.405
20
-1221.53
0
VERTEX
8
L1D0
10
1466.788
20
-1220.788
0
VERTEX
8
L1D0
10
1465.101
20
-1220.585
0
VERTEX
8
L1D0
10
1463.211
20
-1221.061
0
VERTEX
8
L1D0
10
1461.993
20
-1221.803
0
VERTEX
8
L1D0
10
1460.838
20
-1223.693
0
VERTEX
8
L1D0
10
1459.494
20
-1225.324
0
VERTEX
8
L1D0
10
1457.8
20
-1228.768
0
VERTEX
8
L1D0
10
1454.818
20
-1235.117
0
VERTEX
8
L1D0
10
1451.773
20
-1242.754
0
VERTEX
8
L1D0
10
1449.547
20
-1248.158
0
VERTEX
8
L1D0
10
1447.377
20
-1254.353
0
VERTEX
8
L1D0
10
1445.746
20
-1259.092
0
VERTEX
8
L1D0
10
1443.583
20
-1265.707
0
VERTEX
8
L1D0
10
1441.56
20
-1272.532
0
VERTEX
8
L1D0
10
1440.139
20
-1277.74
0
VERTEX
8
L1D0
10
1437.696
20
-1287.176
0
VERTEX
8
L1D0
10
1435.393
20
-1297.858
0
VERTEX
8
L1D0
10
1433.776
20
-1305.089
0
VERTEX
8
L1D0
10
1432.215
20
-1314.658
0
VERTEX
8
L1D0
10
1429.912
20
-1330.198
0
VERTEX
8
L1D0
10
1428.904
20
-1339.319
0
VERTEX
8
L1D0
10
1428.421
20
-1345.787
0
VERTEX
8
L1D0
10
1427.952
20
-1349.504
0
VERTEX
8
L1D0
10
1427.203
20
-1358.905
0
VERTEX
8
L1D0
10
1430.052
20
-1360.319
0
VERTEX
8
L1D0
10
1434.637
20
-1362.482
0
VERTEX
8
L1D0
10
1439.446
20
-1364.708
0
VERTEX
8
L1D0
10
1443.975
20
-1366.402
0
VERTEX
8
L1D0
10
1450.191
20
-1367.48
0
VERTEX
8
L1D0
10
1454.167
20
-1367.347
0
VERTEX
8
L1D0
10
1457.751
20
-1367.753
0
VERTEX
8
L1D0
10
1469.917
20
-1367.284
0
VERTEX
8
L1D0
10
1472.017
20
-1367.074
0
VERTEX
8
L1D0
10
1473.774
20
-1366.339
0
VERTEX
8
L1D0
10
1474.446
20
-1365.317
0
VERTEX
8
L1D0
10
1474.656
20
-1363.7
0
VERTEX
8
L1D0
10
1474.047
20
-1362.818
0
VERTEX
8
L1D0
10
1471.744
20
-1359.71
0
VERTEX
8
L1D0
10
1468.902
20
-1356.742
0
VERTEX
8
L1D0
10
1466.13
20
-1354.369
0
VERTEX
8
L1D0
10
1463.274
20
-1351.618
0
VERTEX
8
L1D0
10
1458.612
20
-1347.971
0
VERTEX
8
L1D0
10
1454.083
20
-1344.121
0
VERTEX
8
L1D0
10
1451.374
20
-1340.936
0
VERTEX
8
L1D0
10
1450.023
20
-1338.101
0
VERTEX
8
L1D0
10
1449.547
20
-1334.188
0
VERTEX
8
L1D0
10
1449.547
20
-1329.316
0
VERTEX
8
L1D0
10
1449.687
20
-1326.278
0
VERTEX
8
L1D0
10
1451.374
20
-1326.341
0
VERTEX
8
L1D0
10
1455.973
20
-1326.005
0
VERTEX
8
L1D0
10
1459.018
20
-1325.809
0
VERTEX
8
L1D0
10
1464.765
20
-1326.068
0
VERTEX
8
L1D0
10
1473.354
20
-1326.887
0
VERTEX
8
L1D0
10
1480.354
20
-1327.636
0
VERTEX
8
L1D0
10
1486.57
20
-1328.581
0
VERTEX
8
L1D0
10
1494.886
20
-1329.932
0
VERTEX
8
L1D0
10
1502.397
20
-1331.08
0
VERTEX
8
L1D0
10
1512.4
20
-1331.962
0
VERTEX
8
L1D0
10
1520.016
20
-1332.361
0
VERTEX
8
L1D0
10
1524.006
20
-1332.361
0
VERTEX
8
L1D0
10
1529.277
20
-1332.298
0
VERTEX
8
L1D0
10
1535.094
20
-1331.626
0
VERTEX
8
L1D0
10
1541.793
20
-1331.08
0
VERTEX
8
L1D0
10
1547.533
20
-1330.331
0
VERTEX
8
L1D0
10
1560.343
20
-1328.231
0
VERTEX
8
L1D0
10
1569.345
20
-1326.481
0
VERTEX
8
L1D0
10
1577.311
20
-1325.326
0
VERTEX
8
L1D0
10
1583.8
20
-1323.982
0
VERTEX
8
L1D0
10
1587.594
20
-1322.764
0
VERTEX
8
L1D0
10
1595.553
20
-1320.104
0
VERTEX
8
L1D0
10
1603.05
20
-1317.409
0
VERTEX
8
L1D0
10
1619.206
20
-1311.935
0
VERTEX
8
L1D0
10
1624.827
20
-1309.702
0
VERTEX
8
L1D0
10
1633.248
20
-1307.273
0
VERTEX
8
L1D0
10
1636.825
20
-1306.328
0
VERTEX
8
L1D0
10
1641.487
20
-1305.992
0
VERTEX
8
L1D0
10
1647.108
20
-1306.531
0
VERTEX
8
L1D0
10
1651.567
20
-1307.812
0
VERTEX
8
L1D0
10
1656.642
20
-1309.912
0
VERTEX
8
L1D0
10
1661.094
20
-1312.747
0
VERTEX
8
L1D0
10
1664.958
20
-1315.925
0
VERTEX
8
L1D0
10
1668.024
20
-1319.866
0
VERTEX
8
L1D0
10
1670.446
20
-1323.38
0
VERTEX
8
L1D0
10
1672.882
20
-1327.51
0
VERTEX
8
L1D0
10
1674.436
20
-1330.681
0
VERTEX
8
L1D0
10
1677.957
20
-1335.413
0
VERTEX
8
L1D0
10
1680.729
20
-1337.366
0
VERTEX
8
L1D0
10
1682.283
20
-1337.912
0
VERTEX
8
L1D0
10
1683.501
20
-1338.115
0
VERTEX
8
L1D0
10
1685.86
20
-1336.225
0
VERTEX
8
L1D0
10
1688.989
20
-1331.717
0
VERTEX
8
L1D0
10
1696.36
20
-1319.089
0
VERTEX
8
L1D0
10
1701.435
20
-1309.016
0
VERTEX
8
L1D0
10
1704.55
20
-1302.415
0
VERTEX
8
L1D0
10
1705.698
20
-1299.776
0
VERTEX
8
L1D0
10
1707.721
20
-1295.254
0
VERTEX
8
L1D0
10
1709.275
20
-1292.006
0
VERTEX
8
L1D0
10
1710.633
20
-1288.562
0
VERTEX
8
L1D0
10
1713.069
20
-1281.128
0
VERTEX
8
L1D0
10
1713.601
20
-1278.419
0
VERTEX
8
L1D0
10
1713.405
20
-1277.075
0
VERTEX
8
L1D0
10
1712.397
20
-1276.606
0
VERTEX
8
L1D0
10
1709.821
20
-1277.075
0
VERTEX
8
L1D0
10
1706.244
20
-1278.496
0
VERTEX
8
L1D0
10
1702.996
20
-1279.91
0
VERTEX
8
L1D0
10
1697.41
20
-1282.283
0
VERTEX
8
L1D0
10
1690.851
20
-1285.727
0
VERTEX
8
L1D0
10
1683.886
20
-1288.639
0
VERTEX
8
L1D0
10
1679.091
20
-1290.725
0
VERTEX
8
L1D0
10
1671.79
20
-1292.552
0
VERTEX
8
L1D0
10
1666.512
20
-1293.098
0
VERTEX
8
L1D0
10
1663.005
20
-1292.552
0
VERTEX
8
L1D0
10
1660.569
20
-1290.935
0
VERTEX
8
L1D0
10
1658.469
20
-1288.429
0
VERTEX
8
L1D0
10
1657.797
20
-1285.664
0
VERTEX
8
L1D0
10
1658.406
20
-1279.714
0
VERTEX
8
L1D0
10
1661.934
20
-1266.68
0
VERTEX
8
L1D0
10
1663.684
20
-1260.604
0
VERTEX
8
L1D0
10
1666.666
20
-1246.744
0
VERTEX
8
L1D0
10
1668.423
20
-1235.663
0
VERTEX
8
L1D0
10
1668.906
20
-1230.679
0
VERTEX
8
L1D0
10
1669.305
20
-1225.814
0
VERTEX
8
L1D0
10
1669.578
20
-1218.919
0
VERTEX
8
L1D0
10
1669.774
20
-1211.954
0
VERTEX
8
L1D0
10
1669.711
20
-1206.893
0
VERTEX
8
L1D0
10
1669.438
20
-1201.153
0
VERTEX
8
L1D0
10
1669.375
20
-1197.653
0
VERTEX
8
L1D0
10
1668.556
20
-1186.369
0
VERTEX
8
L1D0
10
1667.275
20
-1175.218
0
VERTEX
8
L1D0
10
1666.533
20
-1169.471
0
VERTEX
8
L1D0
10
1665.847
20
-1165.565
0
VERTEX
8
L1D0
10
1665.112
20
-1162.324
0
VERTEX
8
L1D0
10
1663.824
20
-1155.569
0
VERTEX
8
L1D0
10
1662.34
20
-1148.611
0
VERTEX
8
L1D0
10
1661.122
20
-1143.067
0
VERTEX
8
L1D0
10
1659.358
20
-1135.297
0
VERTEX
8
L1D0
10
1647.717
20
-1094.032
0
VERTEX
8
L1D0
10
1646.226
20
-1088.621
0
VERTEX
8
L1D0
10
1642.978
20
-1077.071
0
VERTEX
8
L1D0
10
1640.815
20
-1070.722
0
VERTEX
8
L1D0
10
1639.261
20
-1064.702
0
VERTEX
8
L1D0
10
1637.826
20
-1059.515
0
VERTEX
8
L1D0
10
1636.272
20
-1053.103
0
VERTEX
8
L1D0
10
1634.991
20
-1045.928
0
VERTEX
8
L1D0
10
1634.578
20
-1039.243
0
VERTEX
8
L1D0
10
1634.445
20
-1034.441
0
VERTEX
8
L1D0
10
1634.445
20
-1028.638
0
VERTEX
8
L1D0
10
1635.054
20
-1023.094
0
VERTEX
8
L1D0
10
1635.957
20
-1019.524
0
VERTEX
8
L1D0
10
1637.644
20
-1015.667
0
VERTEX
8
L1D0
10
1640.08
20
-1012.363
0
VERTEX
8
L1D0
10
1642.446
20
-1009.787
0
VERTEX
8
L1D0
10
1645.96
20
-1006.819
0
VERTEX
8
L1D0
10
1648.732
20
-1004.593
0
VERTEX
8
L1D0
10
1652.316
20
-1002.094
0
VERTEX
8
L1D0
10
1655.83
20
-1000.4
0
VERTEX
8
L1D0
10
1659.414
20
-998.986
0
VERTEX
8
L1D0
10
1664.622
20
-997.495
0
VERTEX
8
L1D0
10
1668.535
20
-996.41
0
VERTEX
8
L1D0
10
1676.949
20
-994.562
0
VERTEX
8
L1D0
10
1680.939
20
-993.89
0
VERTEX
8
L1D0
10
1684.656
20
-993.071
0
VERTEX
8
L1D0
10
1690.942
20
-991.853
0
VERTEX
8
L1D0
10
1696.549
20
-990.509
0
VERTEX
8
L1D0
10
1701.421
20
-989.494
0
VERTEX
8
L1D0
10
1704.802
20
-988.073
0
VERTEX
8
L1D0
10
1707.301
20
-986.995
0
VERTEX
8
L1D0
10
1708.456
20
-985.847
0
VERTEX
8
L1D0
10
1708.386
20
-984.692
0
VERTEX
8
L1D0
10
1707.637
20
-983.95
0
VERTEX
8
L1D0
10
1705.957
20
-983.411
0
VERTEX
8
L1D0
10
1703.185
20
-983.005
0
VERTEX
8
L1D0
10
1699.062
20
-982.802
0
VERTEX
8
L1D0
10
1694.932
20
-982.466
0
VERTEX
8
L1D0
10
1690.137
20
-982.333
0
VERTEX
8
L1D0
10
1686.07
20
-982.13
0
VERTEX
8
L1D0
10
1679.952
20
-982.256
0
VERTEX
8
L1D0
10
1671.573
20
-982.123
0
VERTEX
8
L1D0
10
1667.506
20
-982.186
0
VERTEX
8
L1D0
10
1662.774
20
-982.319
0
VERTEX
8
L1D0
10
1654.059
20
-982.732
0
VERTEX
8
L1D0
10
1649.523
20
-983.201
0
VERTEX
8
L1D0
10
1648.102
20
-983.6
0
VERTEX
8
L1D0
10
1645.197
20
-983.936
0
VERTEX
8
L1D0
10
1643.034
20
-983.341
0
VERTEX
8
L1D0
10
1640.731
20
-982.123
0
VERTEX
8
L1D0
10
1638.099
20
-979.82
0
VERTEX
8
L1D0
10
1634.655
20
-976.915
0
VERTEX
8
L1D0
10
1631.407
20
-974.353
0
VERTEX
8
L1D0
10
1629.783
20
-973.408
0
VERTEX
8
L1D0
10
1629.405
20
-973.667
0
VERTEX
8
L1D0
10
1628.796
20
-973.933
0
VERTEX
8
L1D0
10
1628.061
20
-975.221
0
VERTEX
8
L1D0
10
1627.375
20
-977.587
0
VERTEX
8
L1D0
10
1626.507
20
-983.327
0
VERTEX
8
L1D0
10
1625.758
20
-986.029
0
VERTEX
8
L1D0
10
1624.876
20
-988.129
0
VERTEX
8
L1D0
10
1623.462
20
-990.292
0
VERTEX
8
L1D0
10
1622.013
20
-991.979
0
VERTEX
8
L1D0
10
1619.038
20
-994.205
0
VERTEX
8
L1D0
10
1615.72
20
-995.836
0
VERTEX
8
L1D0
10
1612.143
20
-996.718
0
VERTEX
8
L1D0
10
1608.286
20
-996.844
0
VERTEX
8
L1D0
10
1604.296
20
-995.969
0
VERTEX
8
L1D0
10
1601.601
20
-994.478
0
VERTEX
8
L1D0
10
1599.501
20
-992.924
0
VERTEX
8
L1D0
10
1597.674
20
-991.237
0
VERTEX
8
L1D0
10
1596.316
20
-989.543
0
VERTEX
8
L1D0
10
1594.762
20
-986.848
0
VERTEX
8
L1D0
10
1593.208
20
-983.194
0
VERTEX
8
L1D0
10
1592.466
20
-980.086
0
VERTEX
8
L1D0
10
1591.927
20
-976.243
0
VERTEX
8
L1D0
10
1592.326
20
-973.534
0
VERTEX
8
L1D0
10
1592.739
20
-971.84
0
VERTEX
8
L1D0
10
1593.18
20
-970.895
0
VERTEX
8
L1D0
10
1593.544
20
-970.09
0
VERTEX
8
L1D0
10
1594.09
20
-968.123
0
VERTEX
8
L1D0
10
1593.957
20
-967.318
0
VERTEX
8
L1D0
10
1593.285
20
-966.709
0
VERTEX
8
L1D0
10
1592.13
20
-966.1
0
VERTEX
8
L1D0
10
1591.045
20
-965.897
0
VERTEX
8
L1D0
10
1591.045
20
-944.008
0
VERTEX
8
L1D0
10
1594.041
20
-943.063
0
VERTEX
8
L1D0
10
1596.862
20
-942.475
0
VERTEX
8
L1D0
10
1599.984
20
-942.181
0
VERTEX
8
L1D0
10
1604.184
20
-942.083
0
VERTEX
8
L1D0
10
1609.959
20
-942.223
0
VERTEX
8
L1D0
10
1609.959
20
-963.104
0
VERTEX
8
L1D0
10
1607.334
20
-963.524
0
VERTEX
8
L1D0
10
1605.297
20
-964.273
0
VERTEX
8
L1D0
10
1603.68
20
-965.267
0
VERTEX
8
L1D0
10
1601.937
20
-966.562
0
VERTEX
8
L1D0
10
1600.474
20
-968.053
0
VERTEX
8
L1D0
10
1599.312
20
-969.838
0
VERTEX
8
L1D0
10
1598.395
20
-971.623
0
VERTEX
8
L1D0
10
1597.569
20
-973.702
0
VERTEX
8
L1D0
10
1597.065
20
-975.361
0
VERTEX
8
L1D0
10
1596.904
20
-976.817
0
VERTEX
8
L1D0
10
1596.862
20
-978.854
0
VERTEX
8
L1D0
10
1597.107
20
-980.219
0
VERTEX
8
L1D0
10
1597.695
20
-980.555
0
VERTEX
8
L1D0
10
1598.101
20
-980.177
0
VERTEX
8
L1D0
10
1599.06
20
-979.351
0
VERTEX
8
L1D0
10
1600.012
20
-977.734
0
VERTEX
8
L1D0
10
1600.81
20
-976.075
0
VERTEX
8
L1D0
10
1601.601
20
-974.654
0
VERTEX
8
L1D0
10
1602.427
20
-973.366
0
VERTEX
8
L1D0
10
1603.68
20
-971.875
0
VERTEX
8
L1D0
10
1605.01
20
-970.748
0
VERTEX
8
L1D0
10
1606.543
20
-969.838
0
VERTEX
8
L1D0
10
1608.58
20
-968.963
0
VERTEX
8
L1D0
10
1610.197
20
-968.753
0
VERTEX
8
L1D0
10
1612.192
20
-968.753
0
VERTEX
8
L1D0
10
1613.991
20
-969.131
0
VERTEX
8
L1D0
10
1614.81
20
-969.593
0
VERTEX
8
L1D0
10
1615.65
20
-970.09
0
VERTEX
8
L1D0
10
1616.896
20
-971
0
VERTEX
8
L1D0
10
1617.813
20
-971.959
0
VERTEX
8
L1D0
10
1618.807
20
-973.247
0
VERTEX
8
L1D0
10
1619.472
20
-974.738
0
VERTEX
8
L1D0
10
1620.06
20
-976.397
0
VERTEX
8
L1D0
10
1621.096
20
-979.022
0
VERTEX
8
L1D0
10
1621.509
20
-980.303
0
VERTEX
8
L1D0
10
1621.635
20
-975.284
0
VERTEX
8
L1D0
10
1621.551
20
-973.492
0
VERTEX
8
L1D0
10
1621.012
20
-971.378
0
VERTEX
8
L1D0
10
1620.256
20
-969.383
0
VERTEX
8
L1D0
10
1620.207
20
-969.278
0
VERTEX
8
L1D0
10
1619.185
20
-967.262
0
VERTEX
8
L1D0
10
1617.897
20
-965.848
0
VERTEX
8
L1D0
10
1616.154
20
-964.567
0
VERTEX
8
L1D0
10
1614.313
20
-963.65
0
VERTEX
8
L1D0
10
1612.654
20
-963.314
0
VERTEX
8
L1D0
10
1609.959
20
-963.104
0
VERTEX
8
L1D0
10
1609.959
20
-942.223
0
VERTEX
8
L1D0
10
1611.786
20
-942.272
0
VERTEX
8
L1D0
10
1614.019
20
-942.475
0
VERTEX
8
L1D0
10
1616.161
20
-942.769
0
VERTEX
8
L1D0
10
1618.506
20
-942.958
0
VERTEX
8
L1D0
10
1621.236
20
-943.357
0
VERTEX
8
L1D0
10
1623.574
20
-943.931
0
VERTEX
8
L1D0
10
1626.199
20
-944.708
0
VERTEX
8
L1D0
10
1629.223
20
-945.884
0
VERTEX
8
L1D0
10
1631.365
20
-946.955
0
VERTEX
8
L1D0
10
1634.487
20
-948.712
0
VERTEX
8
L1D0
10
1638.162
20
-951.47
0
VERTEX
8
L1D0
10
1640.689
20
-953.71
0
VERTEX
8
L1D0
10
1642.831
20
-955.558
0
VERTEX
8
L1D0
10
1644.679
20
-957.308
0
VERTEX
8
L1D0
10
1646.926
20
-959.653
0
VERTEX
8
L1D0
10
1649.068
20
-961.991
0
VERTEX
8
L1D0
10
1650.916
20
-963.937
0
VERTEX
8
L1D0
10
1653.94
20
-967.255
0
VERTEX
8
L1D0
10
1657.783
20
-967.024
0
VERTEX
8
L1D0
10
1659.813
20
-966.821
0
VERTEX
8
L1D0
10
1663.264
20
-966.436
0
VERTEX
8
L1D0
10
1665.756
20
-966.233
0
VERTEX
8
L1D0
10
1668.619
20
-965.932
0
VERTEX
8
L1D0
10
1670.775
20
-965.827
0
VERTEX
8
L1D0
10
1675.57
20
-965.701
0
VERTEX
8
L1D0
10
1680.162
20
-965.666
0
VERTEX
8
L1D0
10
1685.223
20
-965.953
0
VERTEX
8
L1D0
10
1694.869
20
-966.856
0
VERTEX
8
L1D0
10
1698.957
20
-967.465
0
VERTEX
8
L1D0
10
1702.345
20
-968.158
0
VERTEX
8
L1D0
10
1705.054
20
-968.557
0
VERTEX
8
L1D0
10
1711.795
20
-970.202
0
VERTEX
8
L1D0
10
1714.945
20
-971.21
0
VERTEX
8
L1D0
10
1718.095
20
-972.295
0
VERTEX
8
L1D0
10
1720.468
20
-973.247
0
VERTEX
8
L1D0
10
1723.674
20
-974.689
0
VERTEX
8
L1D0
10
1725.571
20
-975.76
0
VERTEX
8
L1D0
10
1726.992
20
-976.642
0
VERTEX
8
L1D0
10
1728.504
20
-977.762
0
VERTEX
8
L1D0
10
1730.548
20
-979.673
0
VERTEX
8
L1D0
10
1732.249
20
-982.396
0
VERTEX
8
L1D0
10
1733.061
20
-984.643
0
VERTEX
8
L1D0
10
1733.439
20
-986.603
0
VERTEX
8
L1D0
10
1733.551
20
-988.066
0
VERTEX
8
L1D0
10
1733.551
20
-989.438
0
VERTEX
8
L1D0
10
1733.278
20
-990.565
0
VERTEX
8
L1D0
10
1732.473
20
-991.909
0
VERTEX
8
L1D0
10
1731.451
20
-993.253
0
VERTEX
8
L1D0
10
1730.541
20
-994.079
0
VERTEX
8
L1D0
10
1729.512
20
-994.975
0
VERTEX
8
L1D0
10
1728.147
20
-995.906
0
VERTEX
8
L1D0
10
1726.6
20
-996.872
0
VERTEX
8
L1D0
10
1725.186
20
-997.67
0
VERTEX
8
L1D0
10
1723.324
20
-998.594
0
VERTEX
8
L1D0
10
1721.812
20
-999.308
0
VERTEX
8
L1D0
10
1719.67
20
-1000.211
0
VERTEX
8
L1D0
10
1717.185
20
-1001.156
0
VERTEX
8
L1D0
10
1715.701
20
-1001.66
0
VERTEX
8
L1D0
10
1707.525
20
-1004.131
0
VERTEX
8
L1D0
10
1702.653
20
-1005.475
0
VERTEX
8
L1D0
10
1696.78
20
-1006.721
0
VERTEX
8
L1D0
10
1692.349
20
-1007.708
0
VERTEX
8
L1D0
10
1688.002
20
-1008.779
0
VERTEX
8
L1D0
10
1685.23
20
-1009.549
0
VERTEX
8
L1D0
10
1682.584
20
-1010.305
0
VERTEX
8
L1D0
10
1679.133
20
-1011.208
0
VERTEX
8
L1D0
10
1676.011
20
-1012.342
0
VERTEX
8
L1D0
10
1672.252
20
-1013.833
0
VERTEX
8
L1D0
10
1669.641
20
-1015.142
0
VERTEX
8
L1D0
10
1666.96
20
-1016.402
0
VERTEX
8
L1D0
10
1664.433
20
-1018.033
0
VERTEX
8
L1D0
10
1661.997
20
-1019.888
0
VERTEX
8
L1D0
10
1660.905
20
-1020.889
0
VERTEX
8
L1D0
10
1659.505
20
-1022.24
0
VERTEX
8
L1D0
10
1658.553
20
-1023.367
0
VERTEX
8
L1D0
10
1656.453
20
-1026.181
0
VERTEX
8
L1D0
10
1655.305
20
-1028.197
0
VERTEX
8
L1D0
10
1654.122
20
-1030.843
0
VERTEX
8
L1D0
10
1653.163
20
-1033.391
0
VERTEX
8
L1D0
10
1652.61
20
-1035.449
0
VERTEX
8
L1D0
10
1652.47
20
-1036.954
0
VERTEX
8
L1D0
10
1652.337
20
-1039.285
0
VERTEX
8
L1D0
10
1652.358
20
-1041.413
0
VERTEX
8
L1D0
10
1652.68
20
-1044.892
0
VERTEX
8
L1D0
10
1653.142
20
-1047.454
0
VERTEX
8
L1D0
10
1653.793
20
-1050.331
0
VERTEX
8
L1D0
10
1654.444
20
-1052.788
0
VERTEX
8
L1D0
10
1655.193
20
-1055.35
0
VERTEX
8
L1D0
10
1656.012
20
-1058.038
0
VERTEX
8
L1D0
10
1657.132
20
-1061.594
0
VERTEX
8
L1D0
10
1659.862
20
-1069.616
0
VERTEX
8
L1D0
10
1661.311
20
-1073.459
0
VERTEX
8
L1D0
10
1662.438
20
-1076.84
0
VERTEX
8
L1D0
10
1663.383
20
-1079.374
0
VERTEX
8
L1D0
10
1670.971
20
-1100.087
0
VERTEX
8
L1D0
10
1675.416
20
-1103.23
0
VERTEX
8
L1D0
10
1679.301
20
-1105.82
0
VERTEX
8
L1D0
10
1687.057
20
-1111.07
0
VERTEX
8
L1D0
10
1691.943
20
-1114.262
0
VERTEX
8
L1D0
10
1700.392
20
-1120.184
0
VERTEX
8
L1D0
10
1709.058
20
-1126.624
0
VERTEX
8
L1D0
10
1718.109
20
-1134.058
0
VERTEX
8
L1D0
10
1722.484
20
-1138.048
0
VERTEX
8
L1D0
10
1724.857
20
-1140.344
0
VERTEX
8
L1D0
10
1728.609
20
-1144.243
0
VERTEX
8
L1D0
10
1733.607
20
-1149.71
0
VERTEX
8
L1D0
10
1736.533
20
-1153.189
0
VERTEX
8
L1D0
10
1739.62
20
-1157.473
0
VERTEX
8
L1D0
10
1742.308
20
-1161.106
0
VERTEX
8
L1D0
10
1744.212
20
-1164.361
0
VERTEX
8
L1D0
10
1746.249
20
-1168.141
0
VERTEX
8
L1D0
10
1747.096
20
-1169.821
0
VERTEX
8
L1D0
10
1747.789
20
-1171.585
0
VERTEX
8
L1D0
10
1748.307
20
-1173.265
0
VERTEX
8
L1D0
10
1748.622
20
-1175.029
0
VERTEX
8
L1D0
10
1748.65
20
-1176.485
0
VERTEX
8
L1D0
10
1748.433
20
-1177.787
0
VERTEX
8
L1D0
10
1748.118
20
-1178.585
0
VERTEX
8
L1D0
10
1747.537
20
-1179.607
0
VERTEX
8
L1D0
10
1746.522
20
-1180.685
0
VERTEX
8
L1D0
10
1745.346
20
-1181.546
0
VERTEX
8
L1D0
10
1744.233
20
-1182.148
0
VERTEX
8
L1D0
10
1742.791
20
-1182.631
0
VERTEX
8
L1D0
10
1741.111
20
-1183.282
0
VERTEX
8
L1D0
10
1739.578
20
-1183.625
0
VERTEX
8
L1D0
10
1738.297
20
-1183.891
0
VERTEX
8
L1D0
10
1736.764
20
-1184.143
0
VERTEX
8
L1D0
10
1734.769
20
-1184.269
0
VERTEX
8
L1D0
10
1732.249
20
-1184.234
0
VERTEX
8
L1D0
10
1730.002
20
-1184.171
0
VERTEX
8
L1D0
10
1725.459
20
-1183.303
0
VERTEX
8
L1D0
10
1719.775
20
-1181.819
0
VERTEX
8
L1D0
10
1713.426
20
-1179.761
0
VERTEX
8
L1D0
10
1707.826
20
-1177.619
0
VERTEX
8
L1D0
10
1701.316
20
-1174.987
0
VERTEX
8
L1D0
10
1695.541
20
-1172.677
0
VERTEX
8
L1D0
10
1690.522
20
-1170.619
0
VERTEX
8
L1D0
10
1690.354
20
-1175.638
0
VERTEX
8
L1D0
10
1690.018
20
-1190.191
0
VERTEX
8
L1D0
10
1689.486
20
-1204.184
0
VERTEX
8
L1D0
10
1689.087
20
-1217.246
0
VERTEX
8
L1D0
10
1688.604
20
-1227.788
0
VERTEX
8
L1D0
10
1688.436
20
-1231.918
0
VERTEX
8
L1D0
10
1687.449
20
-1242.439
0
VERTEX
8
L1D0
10
1687.029
20
-1244.924
0
VERTEX
8
L1D0
10
1686.217
20
-1249.355
0
VERTEX
8
L1D0
10
1685.265
20
-1253.023
0
VERTEX
8
L1D0
10
1684.047
20
-1257.902
0
VERTEX
8
L1D0
10
1682.556
20
-1266.302
0
VERTEX
8
L1D0
10
1682.584
20
-1271.888
0
VERTEX
8
L1D0
10
1686.238
20
-1270.166
0
VERTEX
8
L1D0
10
1688.926
20
-1268.822
0
VERTEX
8
L1D0
10
1694.575
20
-1266.085
0
VERTEX
8
L1D0
10
1699.944
20
-1263.446
0
VERTEX
8
L1D0
10
1705.11
20
-1261.304
0
VERTEX
8
L1D0
10
1710.696
20
-1259.204
0
VERTEX
8
L1D0
10
1714.791
20
-1258.084
0
VERTEX
8
L1D0
10
1716.639
20
-1257.671
0
VERTEX
8
L1D0
10
1719.474
20
-1257.097
0
VERTEX
8
L1D0
10
1720.636
20
-1256.957
0
VERTEX
8
L1D0
10
1724.5
20
-1256.579
0
VERTEX
8
L1D0
10
1725.837
20
-1256.579
0
VERTEX
8
L1D0
10
1728.399
20
-1256.642
0
VERTEX
8
L1D0
10
1729.932
20
-1256.74
0
VERTEX
8
L1D0
10
1732.9
20
-1257.265
0
VERTEX
8
L1D0
10
1735.35
20
-1257.902
0
VERTEX
8
L1D0
10
1737.73
20
-1258.777
0
VERTEX
8
L1D0
10
1739.55
20
-1259.764
0
VERTEX
8
L1D0
10
1740.999
20
-1261.22
0
VERTEX
8
L1D0
10
1741.636
20
-1263.026
0
VERTEX
8
L1D0
10
1741.993
20
-1264.769
0
VERTEX
8
L1D0
10
1741.93
20
-1267.331
0
VERTEX
8
L1D0
10
1741.636
20
-1269.725
0
VERTEX
8
L1D0
10
1741.468
20
-1271.993
0
VERTEX
8
L1D0
10
1740.999
20
-1274.044
0
VERTEX
8
L1D0
10
1740.355
20
-1276.312
0
VERTEX
8
L1D0
10
1739.424
20
-1278.58
0
VERTEX
8
L1D0
10
1738.087
20
-1281.961
0
VERTEX
8
L1D0
10
1730.59
20
-1299.034
0
VERTEX
8
L1D0
10
1726.453
20
-1307.434
0
VERTEX
8
L1D0
10
1724.577
20
-1311.634
0
VERTEX
8
L1D0
10
1721.791
20
-1316.737
0
VERTEX
8
L1D0
10
1719.145
20
-1321.777
0
VERTEX
8
L1D0
10
1717.528
20
-1325.074
0
VERTEX
8
L1D0
10
1713.363
20
-1332.494
0
VERTEX
8
L1D0
10
1710.654
20
-1337.093
0
VERTEX
8
L1D0
10
1707.294
20
-1342.385
0
VERTEX
8
L1D0
10
1702.828
20
-1349.042
0
VERTEX
8
L1D0
10
1699.986
20
-1352.276
0
VERTEX
8
L1D0
10
1697.137
20
-1355.447
0
VERTEX
8
L1D0
10
1694.358
20
-1357.967
0
VERTEX
8
L1D0
10
1691.187
20
-1359.836
0
VERTEX
8
L1D0
10
1689.094
20
-1360.9
0
VERTEX
8
L1D0
10
1685.797
20
-1361.614
0
VERTEX
8
L1D0
10
1682.437
20
-1361.222
0
VERTEX
8
L1D0
10
1679.595
20
-1359.934
0
VERTEX
8
L1D0
10
1678.104
20
-1359.031
0
VERTEX
8
L1D0
10
1676.746
20
-1357.925
0
VERTEX
8
L1D0
10
1674.933
20
-1355.993
0
VERTEX
8
L1D0
10
1670.544
20
-1350.946
0
VERTEX
8
L1D0
10
1668.087
20
-1347.194
0
VERTEX
8
L1D0
10
1663.488
20
-1340.411
0
VERTEX
8
L1D0
10
1661.577
20
-1337.548
0
VERTEX
8
L1D0
10
1659.708
20
-1335.602
0
VERTEX
8
L1D0
10
1657.888
20
-1333.019
0
VERTEX
8
L1D0
10
1656.271
20
-1331.605
0
VERTEX
8
L1D0
10
1653.954
20
-1329.47
0
VERTEX
8
L1D0
10
1651.56
20
-1327.657
0
VERTEX
8
L1D0
10
1649.04
20
-1325.851
0
VERTEX
8
L1D0
10
1644.252
20
-1327.468
0
VERTEX
8
L1D0
10
1640.178
20
-1328.882
0
VERTEX
8
L1D0
10
1635.124
20
-1330.702
0
VERTEX
8
L1D0
10
1631.505
20
-1331.857
0
VERTEX
8
L1D0
10
1627.431
20
-1333.285
0
VERTEX
8
L1D0
10
1624.33
20
-1334.314
0
VERTEX
8
L1D0
10
1616.392
20
-1336.904
0
VERTEX
8
L1D0
10
1608.888
20
-1338.976
0
VERTEX
8
L1D0
10
1593.04
20
-1342.91
0
VERTEX
8
L1D0
10
1587.489
20
-1343.953
0
VERTEX
8
L1D0
10
1581.021
20
-1344.982
0
VERTEX
8
L1D0
10
1577.01
20
-1345.57
0
VERTEX
8
L1D0
10
1568.491
20
-1346.606
0
VERTEX
8
L1D0
10
1561.89
20
-1347.124
0
VERTEX
8
L1D0
10
1552.447
20
-1347.635
0
VERTEX
8
L1D0
10
1547.659
20
-1347.838
0
VERTEX
8
L1D0
10
1539.448
20
-1348.286
0
VERTEX
8
L1D0
10
1532.728
20
-1348.223
0
VERTEX
8
L1D0
10
1522.333
20
-1348.223
0
VERTEX
8
L1D0
10
1511.665
20
-1348.16
0
VERTEX
8
L1D0
10
1502.803
20
-1347.635
0
VERTEX
8
L1D0
10
1497.567
20
-1347.446
0
VERTEX
8
L1D0
10
1491.295
20
-1346.732
0
VERTEX
8
L1D0
10
1486.101
20
-1346.347
0
VERTEX
8
L1D0
10
1483.707
20
-1346.417
0
VERTEX
8
L1D0
10
1482.153
20
-1346.417
0
VERTEX
8
L1D0
10
1481.901
20
-1346.935
0
VERTEX
8
L1D0
10
1482.741
20
-1348.741
0
VERTEX
8
L1D0
10
1486.36
20
-1352.101
0
VERTEX
8
L1D0
10
1489.909
20
-1355.531
0
VERTEX
8
L1D0
10
1492.24
20
-1358.177
0
VERTEX
8
L1D0
10
1494.76
20
-1361.6
0
VERTEX
8
L1D0
10
1497.091
20
-1365.163
0
VERTEX
8
L1D0
10
1499.548
20
-1370.462
0
VERTEX
8
L1D0
10
1499.94
20
-1372.142
0
VERTEX
8
L1D0
10
1500.066
20
-1374.305
0
VERTEX
8
L1D0
10
1499.478
20
-1377.679
0
VERTEX
8
L1D0
10
1498.372
20
-1381.228
0
VERTEX
8
L1D0
10
1496.755
20
-1384.196
0
VERTEX
8
L1D0
10
1494.627
20
-1386.268
0
VERTEX
8
L1D0
10
1492.618
20
-1387.43
0
VERTEX
8
L1D0
10
1489.65
20
-1388.396
0
VERTEX
8
L1D0
10
1486.416
20
-1389.173
0
VERTEX
8
L1D0
10
1482.468
20
-1389.565
0
VERTEX
8
L1D0
10
1477.036
20
-1389.824
0
SEQEND
0
POLYLINE
8
Nb_GroundP
70
1
40
0
41
0
66
1
0
VERTEX
8
Nb_GroundP
10
-2500
20
-2500
0
VERTEX
8
Nb_GroundP
10
-2500
20
0
0
VERTEX
8
Nb_GroundP
10
-2250
20
0
0
VERTEX
8
Nb_GroundP
10
-2250
20
-2250
0
VERTEX
8
Nb_GroundP
10
2250
20
-2250
0
VERTEX
8
Nb_GroundP
10
2250
20
0
0
VERTEX
8
Nb_GroundP
10
2500
20
0
0
VERTEX
8
Nb_GroundP
10
2500
20
-2500
0
SEQEND
0
POLYLINE
8
Nb_GroundP
70
1
40
0
41
0
66
1
0
VERTEX
8
Nb_GroundP
10
-2500
20
0
0
VERTEX
8
Nb_GroundP
10
-2500
20
2500
0
VERTEX
8
Nb_GroundP
10
2500
20
2500
0
VERTEX
8
Nb_GroundP
10
2500
20
0
0
VERTEX
8
Nb_GroundP
10
2250
20
0
0
VERTEX
8
Nb_GroundP
10
2250
20
2250
0
VERTEX
8
Nb_GroundP
10
-2150
20
2250
0
VERTEX
8
Nb_GroundP
10
-2150
20
1850
0
VERTEX
8
Nb_GroundP
10
-2200
20
1850
0
VERTEX
8
Nb_GroundP
10
-2200
20
2250
0
VERTEX
8
Nb_GroundP
10
-2250
20
2250
0
VERTEX
8
Nb_GroundP
10
-2250
20
0
0
SEQEND
0
POLYLINE
8
Nb_GroundP
70
1
40
0
41
0
66
1
0
VERTEX
8
Nb_GroundP
10
-1557.333
20
-667.358
0
VERTEX
8
Nb_GroundP
10
-1557.333
20
-612.764
0
VERTEX
8
Nb_GroundP
10
-1587.821
20
-612.764
0
VERTEX
8
Nb_GroundP
10
-1587.821
20
-659.559
0
VERTEX
8
Nb_GroundP
10
-1599.874
20
-659.559
0
VERTEX
8
Nb_GroundP
10
-1599.874
20
-612.764
0
VERTEX
8
Nb_GroundP
10
-1645.251
20
-612.764
0
VERTEX
8
Nb_GroundP
10
-1645.251
20
-599.293
0
VERTEX
8
Nb_GroundP
10
-1545.28
20
-599.293
0
VERTEX
8
Nb_GroundP
10
-1545.28
20
-667.358
0
SEQEND
0
POLYLINE
8
Nb_GroundP
70
1
40
0
41
0
66
1
0
VERTEX
8
Nb_GroundP
10
-1567.26
20
-713.444
0
VERTEX
8
Nb_GroundP
10
-1574.35
20
-703.518
0
VERTEX
8
Nb_GroundP
10
-1575.768
20
-701.391
0
VERTEX
8
Nb_GroundP
10
-1582.149
20
-688.629
0
VERTEX
8
Nb_GroundP
10
-1570.096
20
-688.629
0
VERTEX
8
Nb_GroundP
10
-1563.715
20
-699.973
0
SEQEND
0
POLYLINE
8
Nb_GroundP
70
1
40
0
41
0
66
1
0
VERTEX
8
Nb_GroundP
10
-1645.251
20
-725.497
0
VERTEX
8
Nb_GroundP
10
-1645.251
20
-713.444
0
VERTEX
8
Nb_GroundP
10
-1567.26
20
-713.444
0
VERTEX
8
Nb_GroundP
10
-1563.715
20
-699.973
0
VERTEX
8
Nb_GroundP
10
-1558.043
20
-706.354
0
VERTEX
8
Nb_GroundP
10
-1548.825
20
-715.571
0
VERTEX
8
Nb_GroundP
10
-1544.571
20
-717.698
0
VERTEX
8
Nb_GroundP
10
-1544.571
20
-725.497
0
SEQEND
0
POLYLINE
8
Nb_GroundP
70
1
40
0
41
0
66
1
0
VERTEX
8
Nb_GroundP
10
-2150
20
-500
0
VERTEX
8
Nb_GroundP
10
-2150
20
0
0
VERTEX
8
Nb_GroundP
10
-1950
20
0
0
VERTEX
8
Nb_GroundP
10
-1950
20
-300
0
VERTEX
8
Nb_GroundP
10
-1588.4
20
-300
0
VERTEX
8
Nb_GroundP
10
-1582.367
20
-299.635
0
VERTEX
8
Nb_GroundP
10
-1576.368
20
-298.907
0
VERTEX
8
Nb_GroundP
10
-1570.424
20
-297.817
0
VERTEX
8
Nb_GroundP
10
-1564.556
20
-296.371
0
VERTEX
8
Nb_GroundP
10
-1558.786
20
-294.573
0
VERTEX
8
Nb_GroundP
10
-1553.136
20
-292.43
0
VERTEX
8
Nb_GroundP
10
-1547.625
20
-289.95
0
VERTEX
8
Nb_GroundP
10
-1542.273
20
-287.141
0
VERTEX
8
Nb_GroundP
10
-1537.102
20
-284.015
0
VERTEX
8
Nb_GroundP
10
-1532.128
20
-280.582
0
VERTEX
8
Nb_GroundP
10
-1527.371
20
-276.855
0
VERTEX
8
Nb_GroundP
10
-1522.847
20
-272.847
0
VERTEX
8
Nb_GroundP
10
-1286.153
20
-36.153
0
VERTEX
8
Nb_GroundP
10
-1281.629
20
-32.145
0
VERTEX
8
Nb_GroundP
10
-1276.872
20
-28.418
0
VERTEX
8
Nb_GroundP
10
-1271.898
20
-24.985
0
VERTEX
8
Nb_GroundP
10
-1266.727
20
-21.859
0
VERTEX
8
Nb_GroundP
10
-1261.375
20
-19.05
0
VERTEX
8
Nb_GroundP
10
-1255.864
20
-16.57
0
VERTEX
8
Nb_GroundP
10
-1250.214
20
-14.427
0
VERTEX
8
Nb_GroundP
10
-1244.444
20
-12.629
0
VERTEX
8
Nb_GroundP
10
-1238.576
20
-11.183
0
VERTEX
8
Nb_GroundP
10
-1232.632
20
-10.093
0
VERTEX
8
Nb_GroundP
10
-1226.633
20
-9.365
0
VERTEX
8
Nb_GroundP
10
-1220.6
20
-9
0
VERTEX
8
Nb_GroundP
10
-850
20
-9
0
VERTEX
8
Nb_GroundP
10
-847.853
20
-9.014
0
VERTEX
8
Nb_GroundP
10
-845.705
20
-9.054
0
VERTEX
8
Nb_GroundP
10
-844.631
20
-9.085
0
VERTEX
8
Nb_GroundP
10
-843.289
20
-9.131
0
VERTEX
8
Nb_GroundP
10
-841.611
20
-9.204
0
VERTEX
8
Nb_GroundP
10
-839.514
20
-9.314
0
VERTEX
8
Nb_GroundP
10
-836.893
20
-9.481
0
VERTEX
8
Nb_GroundP
10
-833.616
20
-9.727
0
VERTEX
8
Nb_GroundP
10
-829.52
20
-10.08
0
VERTEX
8
Nb_GroundP
10
-824.4
20
-10.557
0
VERTEX
8
Nb_GroundP
10
-818
20
-11.139
0
VERTEX
8
Nb_GroundP
10
-815.44
20
-11.348
0
VERTEX
8
Nb_GroundP
10
-812.88
20
-11.535
0
VERTEX
8
Nb_GroundP
10
-811.6
20
-11.619
0
VERTEX
8
Nb_GroundP
10
-810
20
-11.714
0
VERTEX
8
Nb_GroundP
10
-807.952
20
-11.817
0
VERTEX
8
Nb_GroundP
10
-805.904
20
-11.898
0
VERTEX
8
Nb_GroundP
10
-804.88
20
-11.93
0
VERTEX
8
Nb_GroundP
10
-803.6
20
-11.962
0
VERTEX
8
Nb_GroundP
10
-802
20
-11.988
0
VERTEX
8
Nb_GroundP
10
-800
20
-12
0
VERTEX
8
Nb_GroundP
10
-700
20
-12
0
VERTEX
8
Nb_GroundP
10
-698
20
-11.988
0
VERTEX
8
Nb_GroundP
10
-696.4
20
-11.962
0
VERTEX
8
Nb_GroundP
10
-695.12
20
-11.93
0
VERTEX
8
Nb_GroundP
10
-694.096
20
-11.898
0
VERTEX
8
Nb_GroundP
10
-692.048
20
-11.817
0
VERTEX
8
Nb_GroundP
10
-690
20
-11.714
0
VERTEX
8
Nb_GroundP
10
-688.4
20
-11.619
0
VERTEX
8
Nb_GroundP
10
-687.12
20
-11.535
0
VERTEX
8
Nb_GroundP
10
-684.56
20
-11.348
0
VERTEX
8
Nb_GroundP
10
-682
20
-11.139
0
VERTEX
8
Nb_GroundP
10
-675.6
20
-10.557
0
VERTEX
8
Nb_GroundP
10
-670.48
20
-10.08
0
VERTEX
8
Nb_GroundP
10
-666.384
20
-9.727
0
VERTEX
8
Nb_GroundP
10
-663.107
20
-9.481
0
VERTEX
8
Nb_GroundP
10
-660.486
20
-9.314
0
VERTEX
8
Nb_GroundP
10
-658.389
20
-9.204
0
VERTEX
8
Nb_GroundP
10
-656.711
20
-9.131
0
VERTEX
8
Nb_GroundP
10
-655.369
20
-9.085
0
VERTEX
8
Nb_GroundP
10
-654.295
20
-9.054
0
VERTEX
8
Nb_GroundP
10
-652.147
20
-9.014
0
VERTEX
8
Nb_GroundP
10
-650
20
-9
0
VERTEX
8
Nb_GroundP
10
-350
20
-9
0
VERTEX
8
Nb_GroundP
10
-347.853
20
-9.014
0
VERTEX
8
Nb_GroundP
10
-345.705
20
-9.054
0
VERTEX
8
Nb_GroundP
10
-344.631
20
-9.085
0
VERTEX
8
Nb_GroundP
10
-343.289
20
-9.131
0
VERTEX
8
Nb_GroundP
10
-341.611
20
-9.204
0
VERTEX
8
Nb_GroundP
10
-339.514
20
-9.314
0
VERTEX
8
Nb_GroundP
10
-336.893
20
-9.481
0
VERTEX
8
Nb_GroundP
10
-333.616
20
-9.727
0
VERTEX
8
Nb_GroundP
10
-329.52
20
-10.08
0
VERTEX
8
Nb_GroundP
10
-324.4
20
-10.557
0
VERTEX
8
Nb_GroundP
10
-318
20
-11.139
0
VERTEX
8
Nb_GroundP
10
-315.44
20
-11.348
0
VERTEX
8
Nb_GroundP
10
-312.88
20
-11.535
0
VERTEX
8
Nb_GroundP
10
-311.6
20
-11.619
0
VERTEX
8
Nb_GroundP
10
-310
20
-11.714
0
VERTEX
8
Nb_GroundP
10
-307.952
20
-11.817
0
VERTEX
8
Nb_GroundP
10
-305.904
20
-11.898
0
VERTEX
8
Nb_GroundP
10
-304.88
20
-11.93
0
VERTEX
8
Nb_GroundP
10
-303.6
20
-11.962
0
VERTEX
8
Nb_GroundP
10
-302
20
-11.988
0
VERTEX
8
Nb_GroundP
10
-300
20
-12
0
VERTEX
8
Nb_GroundP
10
-200
20
-12
0
VERTEX
8
Nb_GroundP
10
-198
20
-11.988
0
VERTEX
8
Nb_GroundP
10
-196.4
20
-11.962
0
VERTEX
8
Nb_GroundP
10
-195.12
20
-11.93
0
VERTEX
8
Nb_GroundP
10
-194.096
20
-11.898
0
VERTEX
8
Nb_GroundP
10
-192.048
20
-11.817
0
VERTEX
8
Nb_GroundP
10
-190
20
-11.714
0
VERTEX
8
Nb_GroundP
10
-188.4
20
-11.619
0
VERTEX
8
Nb_GroundP
10
-187.12
20
-11.535
0
VERTEX
8
Nb_GroundP
10
-184.56
20
-11.348
0
VERTEX
8
Nb_GroundP
10
-182
20
-11.139
0
VERTEX
8
Nb_GroundP
10
-175.6
20
-10.557
0
VERTEX
8
Nb_GroundP
10
-170.48
20
-10.08
0
VERTEX
8
Nb_GroundP
10
-166.384
20
-9.727
0
VERTEX
8
Nb_GroundP
10
-163.107
20
-9.481
0
VERTEX
8
Nb_GroundP
10
-160.486
20
-9.314
0
VERTEX
8
Nb_GroundP
10
-158.389
20
-9.204
0
VERTEX
8
Nb_GroundP
10
-156.711
20
-9.131
0
VERTEX
8
Nb_GroundP
10
-155.369
20
-9.085
0
VERTEX
8
Nb_GroundP
10
-154.295
20
-9.054
0
VERTEX
8
Nb_GroundP
10
-152.147
20
-9.014
0
VERTEX
8
Nb_GroundP
10
-150
20
-9
0
VERTEX
8
Nb_GroundP
10
150
20
-9
0
VERTEX
8
Nb_GroundP
10
152.147
20
-9.014
0
VERTEX
8
Nb_GroundP
10
154.295
20
-9.054
0
VERTEX
8
Nb_GroundP
10
155.369
20
-9.085
0
VERTEX
8
Nb_GroundP
10
156.711
20
-9.131
0
VERTEX
8
Nb_GroundP
10
158.389
20
-9.204
0
VERTEX
8
Nb_GroundP
10
160.486
20
-9.314
0
VERTEX
8
Nb_GroundP
10
163.107
20
-9.481
0
VERTEX
8
Nb_GroundP
10
166.384
20
-9.727
0
VERTEX
8
Nb_GroundP
10
170.48
20
-10.08
0
VERTEX
8
Nb_GroundP
10
175.6
20
-10.557
0
VERTEX
8
Nb_GroundP
10
182
20
-11.139
0
VERTEX
8
Nb_GroundP
10
184.56
20
-11.348
0
VERTEX
8
Nb_GroundP
10
187.12
20
-11.535
0
VERTEX
8
Nb_GroundP
10
188.4
20
-11.619
0
VERTEX
8
Nb_GroundP
10
190
20
-11.714
0
VERTEX
8
Nb_GroundP
10
192.048
20
-11.817
0
VERTEX
8
Nb_GroundP
10
194.096
20
-11.898
0
VERTEX
8
Nb_GroundP
10
195.12
20
-11.93
0
VERTEX
8
Nb_GroundP
10
196.4
20
-11.962
0
VERTEX
8
Nb_GroundP
10
198
20
-11.988
0
VERTEX
8
Nb_GroundP
10
200
20
-12
0
VERTEX
8
Nb_GroundP
10
300
20
-12
0
VERTEX
8
Nb_GroundP
10
302
20
-11.988
0
VERTEX
8
Nb_GroundP
10
303.6
20
-11.962
0
VERTEX
8
Nb_GroundP
10
304.88
20
-11.93
0
VERTEX
8
Nb_GroundP
10
305.904
20
-11.898
0
VERTEX
8
Nb_GroundP
10
307.952
20
-11.817
0
VERTEX
8
Nb_GroundP
10
310
20
-11.714
0
VERTEX
8
Nb_GroundP
10
311.6
20
-11.619
0
VERTEX
8
Nb_GroundP
10
312.88
20
-11.535
0
VERTEX
8
Nb_GroundP
10
315.44
20
-11.348
0
VERTEX
8
Nb_GroundP
10
318
20
-11.139
0
VERTEX
8
Nb_GroundP
10
324.4
20
-10.557
0
VERTEX
8
Nb_GroundP
10
329.52
20
-10.08
0
VERTEX
8
Nb_GroundP
10
333.616
20
-9.727
0
VERTEX
8
Nb_GroundP
10
336.893
20
-9.481
0
VERTEX
8
Nb_GroundP
10
339.514
20
-9.314
0
VERTEX
8
Nb_GroundP
10
341.611
20
-9.204
0
VERTEX
8
Nb_GroundP
10
343.289
20
-9.131
0
VERTEX
8
Nb_GroundP
10
344.631
20
-9.085
0
VERTEX
8
Nb_GroundP
10
345.705
20
-9.054
0
VERTEX
8
Nb_GroundP
10
347.853
20
-9.014
0
VERTEX
8
Nb_GroundP
10
350
20
-9
0
VERTEX
8
Nb_GroundP
10
650
20
-9
0
VERTEX
8
Nb_GroundP
10
652.147
20
-9.014
0
VERTEX
8
Nb_GroundP
10
654.295
20
-9.054
0
VERTEX
8
Nb_GroundP
10
655.369
20
-9.085
0
VERTEX
8
Nb_GroundP
10
656.711
20
-9.131
0
VERTEX
8
Nb_GroundP
10
658.389
20
-9.204
0
VERTEX
8
Nb_GroundP
10
660.486
20
-9.314
0
VERTEX
8
Nb_GroundP
10
663.107
20
-9.481
0
VERTEX
8
Nb_GroundP
10
666.384
20
-9.727
0
VERTEX
8
Nb_GroundP
10
670.48
20
-10.08
0
VERTEX
8
Nb_GroundP
10
675.6
20
-10.557
0
VERTEX
8
Nb_GroundP
10
682
20
-11.139
0
VERTEX
8
Nb_GroundP
10
684.56
20
-11.348
0
VERTEX
8
Nb_GroundP
10
687.12
20
-11.535
0
VERTEX
8
Nb_GroundP
10
688.4
20
-11.619
0
VERTEX
8
Nb_GroundP
10
690
20
-11.714
0
VERTEX
8
Nb_GroundP
10
692.048
20
-11.817
0
VERTEX
8
Nb_GroundP
10
694.096
20
-11.898
0
VERTEX
8
Nb_GroundP
10
695.12
20
-11.93
0
VERTEX
8
Nb_GroundP
10
696.4
20
-11.962
0
VERTEX
8
Nb_GroundP
10
698
20
-11.988
0
VERTEX
8
Nb_GroundP
10
700
20
-12
0
VERTEX
8
Nb_GroundP
10
800
20
-12
0
VERTEX
8
Nb_GroundP
10
802
20
-11.988
0
VERTEX
8
Nb_GroundP
10
803.6
20
-11.962
0
VERTEX
8
Nb_GroundP
10
804.88
20
-11.93
0
VERTEX
8
Nb_GroundP
10
805.904
20
-11.898
0
VERTEX
8
Nb_GroundP
10
807.952
20
-11.817
0
VERTEX
8
Nb_GroundP
10
810
20
-11.714
0
VERTEX
8
Nb_GroundP
10
811.6
20
-11.619
0
VERTEX
8
Nb_GroundP
10
812.88
20
-11.535
0
VERTEX
8
Nb_GroundP
10
815.44
20
-11.348
0
VERTEX
8
Nb_GroundP
10
818
20
-11.139
0
VERTEX
8
Nb_GroundP
10
824.4
20
-10.557
0
VERTEX
8
Nb_GroundP
10
829.52
20
-10.08
0
VERTEX
8
Nb_GroundP
10
833.616
20
-9.727
0
VERTEX
8
Nb_GroundP
10
836.893
20
-9.481
0
VERTEX
8
Nb_GroundP
10
839.514
20
-9.314
0
VERTEX
8
Nb_GroundP
10
841.611
20
-9.204
0
VERTEX
8
Nb_GroundP
10
843.289
20
-9.131
0
VERTEX
8
Nb_GroundP
10
844.631
20
-9.085
0
VERTEX
8
Nb_GroundP
10
845.705
20
-9.054
0
VERTEX
8
Nb_GroundP
10
847.853
20
-9.014
0
VERTEX
8
Nb_GroundP
10
850
20
-9
0
VERTEX
8
Nb_GroundP
10
1220.6
20
-9
0
VERTEX
8
Nb_GroundP
10
1226.633
20
-9.365
0
VERTEX
8
Nb_GroundP
10
1232.632
20
-10.093
0
VERTEX
8
Nb_GroundP
10
1238.576
20
-11.183
0
VERTEX
8
Nb_GroundP
10
1244.444
20
-12.629
0
VERTEX
8
Nb_GroundP
10
1250.214
20
-14.427
0
VERTEX
8
Nb_GroundP
10
1255.864
20
-16.57
0
VERTEX
8
Nb_GroundP
10
1261.375
20
-19.05
0
VERTEX
8
Nb_GroundP
10
1266.727
20
-21.859
0
VERTEX
8
Nb_GroundP
10
1271.898
20
-24.985
0
VERTEX
8
Nb_GroundP
10
1276.872
20
-28.418
0
VERTEX
8
Nb_GroundP
10
1281.629
20
-32.145
0
VERTEX
8
Nb_GroundP
10
1286.153
20
-36.153
0
VERTEX
8
Nb_GroundP
10
1522.847
20
-272.847
0
VERTEX
8
Nb_GroundP
10
1527.371
20
-276.855
0
VERTEX
8
Nb_GroundP
10
1532.128
20
-280.582
0
VERTEX
8
Nb_GroundP
10
1537.102
20
-284.015
0
VERTEX
8
Nb_GroundP
10
1542.273
20
-287.141
0
VERTEX
8
Nb_GroundP
10
1547.625
20
-289.95
0
VERTEX
8
Nb_GroundP
10
1553.136
20
-292.43
0
VERTEX
8
Nb_GroundP
10
1558.786
20
-294.573
0
VERTEX
8
Nb_GroundP
10
1564.556
20
-296.371
0
VERTEX
8
Nb_GroundP
10
1570.424
20
-297.817
0
VERTEX
8
Nb_GroundP
10
1576.368
20
-298.907
0
VERTEX
8
Nb_GroundP
10
1582.367
20
-299.635
0
VERTEX
8
Nb_GroundP
10
1588.4
20
-300
0
VERTEX
8
Nb_GroundP
10
1950
20
-300
0
VERTEX
8
Nb_GroundP
10
1950
20
0
0
VERTEX
8
Nb_GroundP
10
2150
20
0
0
VERTEX
8
Nb_GroundP
10
2150
20
-500
0
VERTEX
8
Nb_GroundP
10
1603.299
20
-500
0
VERTEX
8
Nb_GroundP
10
1597.274
20
-499.636
0
VERTEX
8
Nb_GroundP
10
1591.282
20
-498.909
0
VERTEX
8
Nb_GroundP
10
1585.345
20
-497.823
0
VERTEX
8
Nb_GroundP
10
1579.484
20
-496.38
0
VERTEX
8
Nb_GroundP
10
1573.72
20
-494.586
0
VERTEX
8
Nb_GroundP
10
1568.076
20
-492.449
0
VERTEX
8
Nb_GroundP
10
1562.57
20
-489.974
0
VERTEX
8
Nb_GroundP
10
1557.224
20
-487.172
0
VERTEX
8
Nb_GroundP
10
1552.057
20
-484.053
0
VERTEX
8
Nb_GroundP
10
1547.087
20
-480.628
0
VERTEX
8
Nb_GroundP
10
1542.332
20
-476.91
0
VERTEX
8
Nb_GroundP
10
1537.811
20
-472.911
0
VERTEX
8
Nb_GroundP
10
1533.539
20
-468.647
0
VERTEX
8
Nb_GroundP
10
1529.531
20
-464.133
0
VERTEX
8
Nb_GroundP
10
1525.803
20
-459.386
0
VERTEX
8
Nb_GroundP
10
1522.369
20
-454.423
0
VERTEX
8
Nb_GroundP
10
1520.804
20
-451.842
0
VERTEX
8
Nb_GroundP
10
1288.196
20
-68.158
0
VERTEX
8
Nb_GroundP
10
1286.631
20
-65.577
0
VERTEX
8
Nb_GroundP
10
1283.197
20
-60.614
0
VERTEX
8
Nb_GroundP
10
1279.469
20
-55.867
0
VERTEX
8
Nb_GroundP
10
1275.461
20
-51.353
0
VERTEX
8
Nb_GroundP
10
1271.189
20
-47.089
0
VERTEX
8
Nb_GroundP
10
1266.668
20
-43.09
0
VERTEX
8
Nb_GroundP
10
1261.913
20
-39.372
0
VERTEX
8
Nb_GroundP
10
1256.943
20
-35.947
0
VERTEX
8
Nb_GroundP
10
1251.776
20
-32.828
0
VERTEX
8
Nb_GroundP
10
1246.43
20
-30.026
0
VERTEX
8
Nb_GroundP
10
1240.924
20
-27.551
0
VERTEX
8
Nb_GroundP
10
1235.28
20
-25.414
0
VERTEX
8
Nb_GroundP
10
1229.516
20
-23.62
0
VERTEX
8
Nb_GroundP
10
1223.655
20
-22.177
0
VERTEX
8
Nb_GroundP
10
1217.718
20
-21.091
0
VERTEX
8
Nb_GroundP
10
1211.726
20
-20.364
0
VERTEX
8
Nb_GroundP
10
1205.701
20
-20
0
VERTEX
8
Nb_GroundP
10
-1205.701
20
-20
0
VERTEX
8
Nb_GroundP
10
-1211.726
20
-20.364
0
VERTEX
8
Nb_GroundP
10
-1217.718
20
-21.091
0
VERTEX
8
Nb_GroundP
10
-1223.655
20
-22.177
0
VERTEX
8
Nb_GroundP
10
-1229.516
20
-23.62
0
VERTEX
8
Nb_GroundP
10
-1235.28
20
-25.414
0
VERTEX
8
Nb_GroundP
10
-1240.924
20
-27.551
0
VERTEX
8
Nb_GroundP
10
-1246.43
20
-30.026
0
VERTEX
8
Nb_GroundP
10
-1251.776
20
-32.828
0
VERTEX
8
Nb_GroundP
10
-1256.943
20
-35.947
0
VERTEX
8
Nb_GroundP
10
-1261.913
20
-39.372
0
VERTEX
8
Nb_GroundP
10
-1266.668
20
-43.09
0
VERTEX
8
Nb_GroundP
10
-1271.189
20
-47.089
0
VERTEX
8
Nb_GroundP
10
-1275.461
20
-51.353
0
VERTEX
8
Nb_GroundP
10
-1279.469
20
-55.867
0
VERTEX
8
Nb_GroundP
10
-1283.197
20
-60.614
0
VERTEX
8
Nb_GroundP
10
-1286.631
20
-65.577
0
VERTEX
8
Nb_GroundP
10
-1288.196
20
-68.158
0
VERTEX
8
Nb_GroundP
10
-1520.804
20
-451.842
0
VERTEX
8
Nb_GroundP
10
-1522.369
20
-454.423
0
VERTEX
8
Nb_GroundP
10
-1525.803
20
-459.386
0
VERTEX
8
Nb_GroundP
10
-1529.531
20
-464.133
0
VERTEX
8
Nb_GroundP
10
-1533.539
20
-468.647
0
VERTEX
8
Nb_GroundP
10
-1537.811
20
-472.911
0
VERTEX
8
Nb_GroundP
10
-1542.332
20
-476.91
0
VERTEX
8
Nb_GroundP
10
-1547.087
20
-480.628
0
VERTEX
8
Nb_GroundP
10
-1552.057
20
-484.053
0
VERTEX
8
Nb_GroundP
10
-1557.224
20
-487.172
0
VERTEX
8
Nb_GroundP
10
-1562.57
20
-489.974
0
VERTEX
8
Nb_GroundP
10
-1568.076
20
-492.449
0
VERTEX
8
Nb_GroundP
10
-1573.72
20
-494.586
0
VERTEX
8
Nb_GroundP
10
-1579.484
20
-496.38
0
VERTEX
8
Nb_GroundP
10
-1585.345
20
-497.823
0
VERTEX
8
Nb_GroundP
10
-1591.282
20
-498.909
0
VERTEX
8
Nb_GroundP
10
-1597.274
20
-499.636
0
VERTEX
8
Nb_GroundP
10
-1603.299
20
-500
0
SEQEND
0
POLYLINE
8
Nb_GroundP
70
1
40
0
41
0
66
1
0
VERTEX
8
Nb_GroundP
10
-2150
20
0
0
VERTEX
8
Nb_GroundP
10
-2150
20
500
0
VERTEX
8
Nb_GroundP
10
-1603.299
20
500
0
VERTEX
8
Nb_GroundP
10
-1597.274
20
499.636
0
VERTEX
8
Nb_GroundP
10
-1591.282
20
498.909
0
VERTEX
8
Nb_GroundP
10
-1585.345
20
497.823
0
VERTEX
8
Nb_GroundP
10
-1579.484
20
496.38
0
VERTEX
8
Nb_GroundP
10
-1573.72
20
494.586
0
VERTEX
8
Nb_GroundP
10
-1568.076
20
492.449
0
VERTEX
8
Nb_GroundP
10
-1562.57
20
489.974
0
VERTEX
8
Nb_GroundP
10
-1557.224
20
487.172
0
VERTEX
8
Nb_GroundP
10
-1552.057
20
484.053
0
VERTEX
8
Nb_GroundP
10
-1547.087
20
480.628
0
VERTEX
8
Nb_GroundP
10
-1542.332
20
476.91
0
VERTEX
8
Nb_GroundP
10
-1537.811
20
472.911
0
VERTEX
8
Nb_GroundP
10
-1533.539
20
468.647
0
VERTEX
8
Nb_GroundP
10
-1529.531
20
464.133
0
VERTEX
8
Nb_GroundP
10
-1525.803
20
459.386
0
VERTEX
8
Nb_GroundP
10
-1522.369
20
454.423
0
VERTEX
8
Nb_GroundP
10
-1520.804
20
451.842
0
VERTEX
8
Nb_GroundP
10
-1288.196
20
68.158
0
VERTEX
8
Nb_GroundP
10
-1286.631
20
65.577
0
VERTEX
8
Nb_GroundP
10
-1283.197
20
60.614
0
VERTEX
8
Nb_GroundP
10
-1279.469
20
55.867
0
VERTEX
8
Nb_GroundP
10
-1275.461
20
51.353
0
VERTEX
8
Nb_GroundP
10
-1271.189
20
47.089
0
VERTEX
8
Nb_GroundP
10
-1266.668
20
43.09
0
VERTEX
8
Nb_GroundP
10
-1261.913
20
39.372
0
VERTEX
8
Nb_GroundP
10
-1256.943
20
35.947
0
VERTEX
8
Nb_GroundP
10
-1251.776
20
32.828
0
VERTEX
8
Nb_GroundP
10
-1246.43
20
30.026
0
VERTEX
8
Nb_GroundP
10
-1240.924
20
27.551
0
VERTEX
8
Nb_GroundP
10
-1235.28
20
25.414
0
VERTEX
8
Nb_GroundP
10
-1229.516
20
23.62
0
VERTEX
8
Nb_GroundP
10
-1223.655
20
22.177
0
VERTEX
8
Nb_GroundP
10
-1217.718
20
21.091
0
VERTEX
8
Nb_GroundP
10
-1211.726
20
20.364
0
VERTEX
8
Nb_GroundP
10
-1205.701
20
20
0
VERTEX
8
Nb_GroundP
10
1205.701
20
20
0
VERTEX
8
Nb_GroundP
10
1211.726
20
20.364
0
VERTEX
8
Nb_GroundP
10
1217.718
20
21.091
0
VERTEX
8
Nb_GroundP
10
1223.655
20
22.177
0
VERTEX
8
Nb_GroundP
10
1229.516
20
23.62
0
VERTEX
8
Nb_GroundP
10
1235.28
20
25.414
0
VERTEX
8
Nb_GroundP
10
1240.924
20
27.551
0
VERTEX
8
Nb_GroundP
10
1246.43
20
30.026
0
VERTEX
8
Nb_GroundP
10
1251.776
20
32.828
0
VERTEX
8
Nb_GroundP
10
1256.943
20
35.947
0
VERTEX
8
Nb_GroundP
10
1261.913
20
39.372
0
VERTEX
8
Nb_GroundP
10
1266.668
20
43.09
0
VERTEX
8
Nb_GroundP
10
1271.189
20
47.089
0
VERTEX
8
Nb_GroundP
10
1275.461
20
51.353
0
VERTEX
8
Nb_GroundP
10
1279.469
20
55.867
0
VERTEX
8
Nb_GroundP
10
1283.197
20
60.614
0
VERTEX
8
Nb_GroundP
10
1286.631
20
65.577
0
VERTEX
8
Nb_GroundP
10
1288.196
20
68.158
0
VERTEX
8
Nb_GroundP
10
1520.804
20
451.842
0
VERTEX
8
Nb_GroundP
10
1522.369
20
454.423
0
VERTEX
8
Nb_GroundP
10
1525.803
20
459.386
0
VERTEX
8
Nb_GroundP
10
1529.531
20
464.133
0
VERTEX
8
Nb_GroundP
10
1533.539
20
468.647
0
VERTEX
8
Nb_GroundP
10
1537.811
20
472.911
0
VERTEX
8
Nb_GroundP
10
1542.332
20
476.91
0
VERTEX
8
Nb_GroundP
10
1547.087
20
480.628
0
VERTEX
8
Nb_GroundP
10
1552.057
20
484.053
0
VERTEX
8
Nb_GroundP
10
1557.224
20
487.172
0
VERTEX
8
Nb_GroundP
10
1562.57
20
489.974
0
VERTEX
8
Nb_GroundP
10
1568.076
20
492.449
0
VERTEX
8
Nb_GroundP
10
1573.72
20
494.586
0
VERTEX
8
Nb_GroundP
10
1579.484
20
496.38
0
VERTEX
8
Nb_GroundP
10
1585.345
20
497.823
0
VERTEX
8
Nb_GroundP
10
1591.282
20
498.909
0
VERTEX
8
Nb_GroundP
10
1597.274
20
499.636
0
VERTEX
8
Nb_GroundP
10
1603.299
20
500
0
VERTEX
8
Nb_GroundP
10
2150
20
500
0
VERTEX
8
Nb_GroundP
10
2150
20
0
0
VERTEX
8
Nb_GroundP
10
1950
20
0
0
VERTEX
8
Nb_GroundP
10
1950
20
300
0
VERTEX
8
Nb_GroundP
10
1588.4
20
300
0
VERTEX
8
Nb_GroundP
10
1582.367
20
299.635
0
VERTEX
8
Nb_GroundP
10
1576.368
20
298.907
0
VERTEX
8
Nb_GroundP
10
1570.424
20
297.817
0
VERTEX
8
Nb_GroundP
10
1564.556
20
296.371
0
VERTEX
8
Nb_GroundP
10
1558.786
20
294.573
0
VERTEX
8
Nb_GroundP
10
1553.136
20
292.43
0
VERTEX
8
Nb_GroundP
10
1547.625
20
289.95
0
VERTEX
8
Nb_GroundP
10
1542.273
20
287.141
0
VERTEX
8
Nb_GroundP
10
1537.102
20
284.015
0
VERTEX
8
Nb_GroundP
10
1532.128
20
280.582
0
VERTEX
8
Nb_GroundP
10
1527.371
20
276.855
0
VERTEX
8
Nb_GroundP
10
1522.847
20
272.847
0
VERTEX
8
Nb_GroundP
10
1286.153
20
36.153
0
VERTEX
8
Nb_GroundP
10
1281.629
20
32.145
0
VERTEX
8
Nb_GroundP
10
1276.872
20
28.418
0
VERTEX
8
Nb_GroundP
10
1271.898
20
24.985
0
VERTEX
8
Nb_GroundP
10
1266.727
20
21.859
0
VERTEX
8
Nb_GroundP
10
1261.375
20
19.05
0
VERTEX
8
Nb_GroundP
10
1255.864
20
16.57
0
VERTEX
8
Nb_GroundP
10
1250.214
20
14.427
0
VERTEX
8
Nb_GroundP
10
1244.444
20
12.629
0
VERTEX
8
Nb_GroundP
10
1238.576
20
11.183
0
VERTEX
8
Nb_GroundP
10
1232.632
20
10.093
0
VERTEX
8
Nb_GroundP
10
1226.633
20
9.365
0
VERTEX
8
Nb_GroundP
10
1220.6
20
9
0
VERTEX
8
Nb_GroundP
10
850
20
9
0
VERTEX
8
Nb_GroundP
10
847.853
20
9.014
0
VERTEX
8
Nb_GroundP
10
845.705
20
9.054
0
VERTEX
8
Nb_GroundP
10
844.631
20
9.085
0
VERTEX
8
Nb_GroundP
10
843.289
20
9.131
0
VERTEX
8
Nb_GroundP
10
841.611
20
9.204
0
VERTEX
8
Nb_GroundP
10
839.514
20
9.314
0
VERTEX
8
Nb_GroundP
10
836.893
20
9.481
0
VERTEX
8
Nb_GroundP
10
833.616
20
9.727
0
VERTEX
8
Nb_GroundP
10
829.52
20
10.08
0
VERTEX
8
Nb_GroundP
10
824.4
20
10.557
0
VERTEX
8
Nb_GroundP
10
818
20
11.139
0
VERTEX
8
Nb_GroundP
10
815.44
20
11.348
0
VERTEX
8
Nb_GroundP
10
812.88
20
11.535
0
VERTEX
8
Nb_GroundP
10
811.6
20
11.619
0
VERTEX
8
Nb_GroundP
10
810
20
11.714
0
VERTEX
8
Nb_GroundP
10
807.952
20
11.817
0
VERTEX
8
Nb_GroundP
10
805.904
20
11.898
0
VERTEX
8
Nb_GroundP
10
804.88
20
11.93
0
VERTEX
8
Nb_GroundP
10
803.6
20
11.962
0
VERTEX
8
Nb_GroundP
10
802
20
11.988
0
VERTEX
8
Nb_GroundP
10
800
20
12
0
VERTEX
8
Nb_GroundP
10
700
20
12
0
VERTEX
8
Nb_GroundP
10
698
20
11.988
0
VERTEX
8
Nb_GroundP
10
696.4
20
11.962
0
VERTEX
8
Nb_GroundP
10
695.12
20
11.93
0
VERTEX
8
Nb_GroundP
10
694.096
20
11.898
0
VERTEX
8
Nb_GroundP
10
692.048
20
11.817
0
VERTEX
8
Nb_GroundP
10
690
20
11.714
0
VERTEX
8
Nb_GroundP
10
688.4
20
11.619
0
VERTEX
8
Nb_GroundP
10
687.12
20
11.535
0
VERTEX
8
Nb_GroundP
10
684.56
20
11.348
0
VERTEX
8
Nb_GroundP
10
682
20
11.139
0
VERTEX
8
Nb_GroundP
10
675.6
20
10.557
0
VERTEX
8
Nb_GroundP
10
670.48
20
10.08
0
VERTEX
8
Nb_GroundP
10
666.384
20
9.727
0
VERTEX
8
Nb_GroundP
10
663.107
20
9.481
0
VERTEX
8
Nb_GroundP
10
660.486
20
9.314
0
VERTEX
8
Nb_GroundP
10
658.389
20
9.204
0
VERTEX
8
Nb_GroundP
10
656.711
20
9.131
0
VERTEX
8
Nb_GroundP
10
655.369
20
9.085
0
VERTEX
8
Nb_GroundP
10
654.295
20
9.054
0
VERTEX
8
Nb_GroundP
10
652.147
20
9.014
0
VERTEX
8
Nb_GroundP
10
650
20
9
0
VERTEX
8
Nb_GroundP
10
350
20
9
0
VERTEX
8
Nb_GroundP
10
347.853
20
9.014
0
VERTEX
8
Nb_GroundP
10
345.705
20
9.054
0
VERTEX
8
Nb_GroundP
10
344.631
20
9.085
0
VERTEX
8
Nb_GroundP
10
343.289
20
9.131
0
VERTEX
8
Nb_GroundP
10
341.611
20
9.204
0
VERTEX
8
Nb_GroundP
10
339.514
20
9.314
0
VERTEX
8
Nb_GroundP
10
336.893
20
9.481
0
VERTEX
8
Nb_GroundP
10
333.616
20
9.727
0
VERTEX
8
Nb_GroundP
10
329.52
20
10.08
0
VERTEX
8
Nb_GroundP
10
324.4
20
10.557
0
VERTEX
8
Nb_GroundP
10
318
20
11.139
0
VERTEX
8
Nb_GroundP
10
315.44
20
11.348
0
VERTEX
8
Nb_GroundP
10
312.88
20
11.535
0
VERTEX
8
Nb_GroundP
10
311.6
20
11.619
0
VERTEX
8
Nb_GroundP
10
310
20
11.714
0
VERTEX
8
Nb_GroundP
10
307.952
20
11.817
0
VERTEX
8
Nb_GroundP
10
305.904
20
11.898
0
VERTEX
8
Nb_GroundP
10
304.88
20
11.93
0
VERTEX
8
Nb_GroundP
10
303.6
20
11.962
0
VERTEX
8
Nb_GroundP
10
302
20
11.988
0
VERTEX
8
Nb_GroundP
10
300
20
12
0
VERTEX
8
Nb_GroundP
10
200
20
12
0
VERTEX
8
Nb_GroundP
10
198
20
11.988
0
VERTEX
8
Nb_GroundP
10
196.4
20
11.962
0
VERTEX
8
Nb_GroundP
10
195.12
20
11.93
0
VERTEX
8
Nb_GroundP
10
194.096
20
11.898
0
VERTEX
8
Nb_GroundP
10
192.048
20
11.817
0
VERTEX
8
Nb_GroundP
10
190
20
11.714
0
VERTEX
8
Nb_GroundP
10
188.4
20
11.619
0
VERTEX
8
Nb_GroundP
10
187.12
20
11.535
0
VERTEX
8
Nb_GroundP
10
184.56
20
11.348
0
VERTEX
8
Nb_GroundP
10
182
20
11.139
0
VERTEX
8
Nb_GroundP
10
175.6
20
10.557
0
VERTEX
8
Nb_GroundP
10
170.48
20
10.08
0
VERTEX
8
Nb_GroundP
10
166.384
20
9.727
0
VERTEX
8
Nb_GroundP
10
163.107
20
9.481
0
VERTEX
8
Nb_GroundP
10
160.486
20
9.314
0
VERTEX
8
Nb_GroundP
10
158.389
20
9.204
0
VERTEX
8
Nb_GroundP
10
156.711
20
9.131
0
VERTEX
8
Nb_GroundP
10
155.369
20
9.085
0
VERTEX
8
Nb_GroundP
10
154.295
20
9.054
0
VERTEX
8
Nb_GroundP
10
152.147
20
9.014
0
VERTEX
8
Nb_GroundP
10
150
20
9
0
VERTEX
8
Nb_GroundP
10
-150
20
9
0
VERTEX
8
Nb_GroundP
10
-152.147
20
9.014
0
VERTEX
8
Nb_GroundP
10
-154.295
20
9.054
0
VERTEX
8
Nb_GroundP
10
-155.369
20
9.085
0
VERTEX
8
Nb_GroundP
10
-156.711
20
9.131
0
VERTEX
8
Nb_GroundP
10
-158.389
20
9.204
0
VERTEX
8
Nb_GroundP
10
-160.486
20
9.314
0
VERTEX
8
Nb_GroundP
10
-163.107
20
9.481
0
VERTEX
8
Nb_GroundP
10
-166.384
20
9.727
0
VERTEX
8
Nb_GroundP
10
-170.48
20
10.08
0
VERTEX
8
Nb_GroundP
10
-175.6
20
10.557
0
VERTEX
8
Nb_GroundP
10
-182
20
11.139
0
VERTEX
8
Nb_GroundP
10
-184.56
20
11.348
0
VERTEX
8
Nb_GroundP
10
-187.12
20
11.535
0
VERTEX
8
Nb_GroundP
10
-188.4
20
11.619
0
VERTEX
8
Nb_GroundP
10
-190
20
11.714
0
VERTEX
8
Nb_GroundP
10
-192.048
20
11.817
0
VERTEX
8
Nb_GroundP
10
-194.096
20
11.898
0
VERTEX
8
Nb_GroundP
10
-195.12
20
11.93
0
VERTEX
8
Nb_GroundP
10
-196.4
20
11.962
0
VERTEX
8
Nb_GroundP
10
-198
20
11.988
0
VERTEX
8
Nb_GroundP
10
-200
20
12
0
VERTEX
8
Nb_GroundP
10
-300
20
12
0
VERTEX
8
Nb_GroundP
10
-302
20
11.988
0
VERTEX
8
Nb_GroundP
10
-303.6
20
11.962
0
VERTEX
8
Nb_GroundP
10
-304.88
20
11.93
0
VERTEX
8
Nb_GroundP
10
-305.904
20
11.898
0
VERTEX
8
Nb_GroundP
10
-307.952
20
11.817
0
VERTEX
8
Nb_GroundP
10
-310
20
11.714
0
VERTEX
8
Nb_GroundP
10
-311.6
20
11.619
0
VERTEX
8
Nb_GroundP
10
-312.88
20
11.535
0
VERTEX
8
Nb_GroundP
10
-315.44
20
11.348
0
VERTEX
8
Nb_GroundP
10
-318
20
11.139
0
VERTEX
8
Nb_GroundP
10
-324.4
20
10.557
0
VERTEX
8
Nb_GroundP
10
-329.52
20
10.08
0
VERTEX
8
Nb_GroundP
10
-333.616
20
9.727
0
VERTEX
8
Nb_GroundP
10
-336.893
20
9.481
0
VERTEX
8
Nb_GroundP
10
-339.514
20
9.314
0
VERTEX
8
Nb_GroundP
10
-341.611
20
9.204
0
VERTEX
8
Nb_GroundP
10
-343.289
20
9.131
0
VERTEX
8
Nb_GroundP
10
-344.631
20
9.085
0
VERTEX
8
Nb_GroundP
10
-345.705
20
9.054
0
VERTEX
8
Nb_GroundP
10
-347.853
20
9.014
0
VERTEX
8
Nb_GroundP
10
-350
20
9
0
VERTEX
8
Nb_GroundP
10
-650
20
9
0
VERTEX
8
Nb_GroundP
10
-652.147
20
9.014
0
VERTEX
8
Nb_GroundP
10
-654.295
20
9.054
0
VERTEX
8
Nb_GroundP
10
-655.369
20
9.085
0
VERTEX
8
Nb_GroundP
10
-656.711
20
9.131
0
VERTEX
8
Nb_GroundP
10
-658.389
20
9.204
0
VERTEX
8
Nb_GroundP
10
-660.486
20
9.314
0
VERTEX
8
Nb_GroundP
10
-663.107
20
9.481
0
VERTEX
8
Nb_GroundP
10
-666.384
20
9.727
0
VERTEX
8
Nb_GroundP
10
-670.48
20
10.08
0
VERTEX
8
Nb_GroundP
10
-675.6
20
10.557
0
VERTEX
8
Nb_GroundP
10
-682
20
11.139
0
VERTEX
8
Nb_GroundP
10
-684.56
20
11.348
0
VERTEX
8
Nb_GroundP
10
-687.12
20
11.535
0
VERTEX
8
Nb_GroundP
10
-688.4
20
11.619
0
VERTEX
8
Nb_GroundP
10
-690
20
11.714
0
VERTEX
8
Nb_GroundP
10
-692.048
20
11.817
0
VERTEX
8
Nb_GroundP
10
-694.096
20
11.898
0
VERTEX
8
Nb_GroundP
10
-695.12
20
11.93
0
VERTEX
8
Nb_GroundP
10
-696.4
20
11.962
0
VERTEX
8
Nb_GroundP
10
-698
20
11.988
0
VERTEX
8
Nb_GroundP
10
-700
20
12
0
VERTEX
8
Nb_GroundP
10
-800
20
12
0
VERTEX
8
Nb_GroundP
10
-802
20
11.988
0
VERTEX
8
Nb_GroundP
10
-803.6
20
11.962
0
VERTEX
8
Nb_GroundP
10
-804.88
20
11.93
0
VERTEX
8
Nb_GroundP
10
-805.904
20
11.898
0
VERTEX
8
Nb_GroundP
10
-807.952
20
11.817
0
VERTEX
8
Nb_GroundP
10
-810
20
11.714
0
VERTEX
8
Nb_GroundP
10
-811.6
20
11.619
0
VERTEX
8
Nb_GroundP
10
-812.88
20
11.535
0
VERTEX
8
Nb_GroundP
10
-815.44
20
11.348
0
VERTEX
8
Nb_GroundP
10
-818
20
11.139
0
VERTEX
8
Nb_GroundP
10
-824.4
20
10.557
0
VERTEX
8
Nb_GroundP
10
-829.52
20
10.08
0
VERTEX
8
Nb_GroundP
10
-833.616
20
9.727
0
VERTEX
8
Nb_GroundP
10
-836.893
20
9.481
0
VERTEX
8
Nb_GroundP
10
-839.514
20
9.314
0
VERTEX
8
Nb_GroundP
10
-841.611
20
9.204
0
VERTEX
8
Nb_GroundP
10
-843.289
20
9.131
0
VERTEX
8
Nb_GroundP
10
-844.631
20
9.085
0
VERTEX
8
Nb_GroundP
10
-845.705
20
9.054
0
VERTEX
8
Nb_GroundP
10
-847.853
20
9.014
0
VERTEX
8
Nb_GroundP
10
-850
20
9
0
VERTEX
8
Nb_GroundP
10
-1220.6
20
9
0
VERTEX
8
Nb_GroundP
10
-1226.633
20
9.365
0
VERTEX
8
Nb_GroundP
10
-1232.632
20
10.093
0
VERTEX
8
Nb_GroundP
10
-1238.576
20
11.183
0
VERTEX
8
Nb_GroundP
10
-1244.444
20
12.629
0
VERTEX
8
Nb_GroundP
10
-1250.214
20
14.427
0
VERTEX
8
Nb_GroundP
10
-1255.864
20
16.57
0
VERTEX
8
Nb_GroundP
10
-1261.375
20
19.05
0
VERTEX
8
Nb_GroundP
10
-1266.727
20
21.859
0
VERTEX
8
Nb_GroundP
10
-1271.898
20
24.985
0
VERTEX
8
Nb_GroundP
10
-1276.872
20
28.418
0
VERTEX
8
Nb_GroundP
10
-1281.629
20
32.145
0
VERTEX
8
Nb_GroundP
10
-1286.153
20
36.153
0
VERTEX
8
Nb_GroundP
10
-1522.847
20
272.847
0
VERTEX
8
Nb_GroundP
10
-1527.371
20
276.855
0
VERTEX
8
Nb_GroundP
10
-1532.128
20
280.582
0
VERTEX
8
Nb_GroundP
10
-1537.102
20
284.015
0
VERTEX
8
Nb_GroundP
10
-1542.273
20
287.141
0
VERTEX
8
Nb_GroundP
10
-1547.625
20
289.95
0
VERTEX
8
Nb_GroundP
10
-1553.136
20
292.43
0
VERTEX
8
Nb_GroundP
10
-1558.786
20
294.573
0
VERTEX
8
Nb_GroundP
10
-1564.556
20
296.371
0
VERTEX
8
Nb_GroundP
10
-1570.424
20
297.817
0
VERTEX
8
Nb_GroundP
10
-1576.368
20
298.907
0
VERTEX
8
Nb_GroundP
10
-1582.367
20
299.635
0
VERTEX
8
Nb_GroundP
10
-1588.4
20
300
0
VERTEX
8
Nb_GroundP
10
-1950
20
300
0
VERTEX
8
Nb_GroundP
10
-1950
20
0
0
SEQEND
0
POLYLINE
8
Nb_GroundP
70
1
40
0
41
0
66
1
0
VERTEX
8
Nb_GroundP
10
1549.56
20
599.917
0
VERTEX
8
Nb_GroundP
10
1549.56
20
667.274
0
VERTEX
8
Nb_GroundP
10
1561.614
20
667.274
0
VERTEX
8
Nb_GroundP
10
1561.614
20
613.389
0
VERTEX
8
Nb_GroundP
10
1592.101
20
613.389
0
VERTEX
8
Nb_GroundP
10
1592.101
20
660.184
0
VERTEX
8
Nb_GroundP
10
1604.154
20
660.184
0
VERTEX
8
Nb_GroundP
10
1604.154
20
613.389
0
VERTEX
8
Nb_GroundP
10
1649.531
20
613.389
0
VERTEX
8
Nb_GroundP
10
1649.531
20
599.917
0
SEQEND
0
POLYLINE
8
Nb_GroundP
70
1
40
0
41
0
66
1
0
VERTEX
8
Nb_GroundP
10
1649.531
20
677.909
0
VERTEX
8
Nb_GroundP
10
1641.023
20
679.327
0
VERTEX
8
Nb_GroundP
10
1630.388
20
685.708
0
VERTEX
8
Nb_GroundP
10
1627.552
20
687.835
0
VERTEX
8
Nb_GroundP
10
1619.753
20
695.634
0
VERTEX
8
Nb_GroundP
10
1612.663
20
703.434
0
VERTEX
8
Nb_GroundP
10
1602.736
20
715.487
0
VERTEX
8
Nb_GroundP
10
1594.228
20
723.286
0
VERTEX
8
Nb_GroundP
10
1591.392
20
725.413
0
VERTEX
8
Nb_GroundP
10
1580.048
20
731.085
0
VERTEX
8
Nb_GroundP
10
1576.503
20
731.794
0
VERTEX
8
Nb_GroundP
10
1565.868
20
727.54
0
VERTEX
8
Nb_GroundP
10
1564.45
20
726.122
0
VERTEX
8
Nb_GroundP
10
1559.486
20
715.487
0
VERTEX
8
Nb_GroundP
10
1559.486
20
712.651
0
VERTEX
8
Nb_GroundP
10
1557.359
20
736.048
0
VERTEX
8
Nb_GroundP
10
1567.286
20
742.429
0
VERTEX
8
Nb_GroundP
10
1577.212
20
743.847
0
VERTEX
8
Nb_GroundP
10
1588.556
20
741.72
0
VERTEX
8
Nb_GroundP
10
1599.191
20
735.339
0
VERTEX
8
Nb_GroundP
10
1600.609
20
733.212
0
VERTEX
8
Nb_GroundP
10
1608.409
20
726.122
0
VERTEX
8
Nb_GroundP
10
1617.626
20
715.487
0
VERTEX
8
Nb_GroundP
10
1618.335
20
714.778
0
VERTEX
8
Nb_GroundP
10
1628.261
20
703.434
0
VERTEX
8
Nb_GroundP
10
1631.097
20
700.597
0
VERTEX
8
Nb_GroundP
10
1637.478
20
694.925
0
VERTEX
8
Nb_GroundP
10
1637.478
20
744.556
0
VERTEX
8
Nb_GroundP
10
1649.531
20
744.556
0
SEQEND
0
POLYLINE
8
Nb_GroundP
70
1
40
0
41
0
66
1
0
VERTEX
8
Nb_GroundP
10
1577.921
20
680.745
0
VERTEX
8
Nb_GroundP
10
1565.868
20
683.581
0
VERTEX
8
Nb_GroundP
10
1556.65
20
689.962
0
VERTEX
8
Nb_GroundP
10
1550.978
20
699.888
0
VERTEX
8
Nb_GroundP
10
1549.56
20
712.651
0
VERTEX
8
Nb_GroundP
10
1550.978
20
725.413
0
VERTEX
8
Nb_GroundP
10
1556.65
20
735.339
0
VERTEX
8
Nb_GroundP
10
1557.359
20
736.048
0
VERTEX
8
Nb_GroundP
10
1559.486
20
712.651
0
VERTEX
8
Nb_GroundP
10
1562.323
20
701.307
0
VERTEX
8
Nb_GroundP
10
1564.45
20
698.47
0
VERTEX
8
Nb_GroundP
10
1575.085
20
693.507
0
VERTEX
8
Nb_GroundP
10
1579.339
20
692.798
0
SEQEND
0
POLYLINE
8
Nb_GroundP
70
1
40
0
41
0
66
1
0
VERTEX
8
Nb_GroundP
10
-803.626
20
30
0
VERTEX
8
Nb_GroundP
10
-810.865
20
30.438
0
VERTEX
8
Nb_GroundP
10
-818.064
20
31.312
0
VERTEX
8
Nb_GroundP
10
-825.197
20
32.619
0
VERTEX
8
Nb_GroundP
10
-832.239
20
34.355
0
VERTEX
8
Nb_GroundP
10
-839.162
20
36.512
0
VERTEX
8
Nb_GroundP
10
-845.943
20
39.084
0
VERTEX
8
Nb_GroundP
10
-852.556
20
42.06
0
VERTEX
8
Nb_GroundP
10
-858.977
20
45.43
0
VERTEX
8
Nb_GroundP
10
-865.184
20
49.182
0
VERTEX
8
Nb_GroundP
10
-871.152
20
53.302
0
VERTEX
8
Nb_GroundP
10
-876.861
20
57.774
0
VERTEX
8
Nb_GroundP
10
-882.289
20
62.583
0
VERTEX
8
Nb_GroundP
10
-887.417
20
67.711
0
VERTEX
8
Nb_GroundP
10
-892.226
20
73.139
0
VERTEX
8
Nb_GroundP
10
-896.698
20
78.848
0
VERTEX
8
Nb_GroundP
10
-900.818
20
84.816
0
VERTEX
8
Nb_GroundP
10
-904.57
20
91.023
0
VERTEX
8
Nb_GroundP
10
-907.94
20
97.444
0
VERTEX
8
Nb_GroundP
10
-910.916
20
104.057
0
VERTEX
8
Nb_GroundP
10
-913.488
20
110.838
0
VERTEX
8
Nb_GroundP
10
-915.645
20
117.761
0
VERTEX
8
Nb_GroundP
10
-917.381
20
124.803
0
VERTEX
8
Nb_GroundP
10
-918.688
20
131.936
0
VERTEX
8
Nb_GroundP
10
-919.562
20
139.135
0
VERTEX
8
Nb_GroundP
10
-920
20
146.374
0
VERTEX
8
Nb_GroundP
10
-920
20
1699.044
0
VERTEX
8
Nb_GroundP
10
-919.992
20
1699.131
0
VERTEX
8
Nb_GroundP
10
-919.977
20
1699.217
0
VERTEX
8
Nb_GroundP
10
-919.955
20
1699.301
0
VERTEX
8
Nb_GroundP
10
-919.925
20
1699.383
0
VERTEX
8
Nb_GroundP
10
-919.888
20
1699.462
0
VERTEX
8
Nb_GroundP
10
-919.844
20
1699.538
0
VERTEX
8
Nb_GroundP
10
-919.794
20
1699.609
0
VERTEX
8
Nb_GroundP
10
-919.738
20
1699.676
0
VERTEX
8
Nb_GroundP
10
-919.676
20
1699.738
0
VERTEX
8
Nb_GroundP
10
-919.609
20
1699.794
0
VERTEX
8
Nb_GroundP
10
-919.538
20
1699.844
0
VERTEX
8
Nb_GroundP
10
-919.462
20
1699.888
0
VERTEX
8
Nb_GroundP
10
-919.383
20
1699.925
0
VERTEX
8
Nb_GroundP
10
-919.301
20
1699.955
0
VERTEX
8
Nb_GroundP
10
-919.217
20
1699.977
0
VERTEX
8
Nb_GroundP
10
-919.131
20
1699.992
0
VERTEX
8
Nb_GroundP
10
-919.044
20
1700
0
VERTEX
8
Nb_GroundP
10
-909.956
20
1700
0
VERTEX
8
Nb_GroundP
10
-909.869
20
1699.992
0
VERTEX
8
Nb_GroundP
10
-909.783
20
1699.977
0
VERTEX
8
Nb_GroundP
10
-909.699
20
1699.955
0
VERTEX
8
Nb_GroundP
10
-909.617
20
1699.925
0
VERTEX
8
Nb_GroundP
10
-909.538
20
1699.888
0
VERTEX
8
Nb_GroundP
10
-909.462
20
1699.844
0
VERTEX
8
Nb_GroundP
10
-909.391
20
1699.794
0
VERTEX
8
Nb_GroundP
10
-909.324
20
1699.738
0
VERTEX
8
Nb_GroundP
10
-909.262
20
1699.676
0
VERTEX
8
Nb_GroundP
10
-909.206
20
1699.609
0
VERTEX
8
Nb_GroundP
10
-909.156
20
1699.538
0
VERTEX
8
Nb_GroundP
10
-909.112
20
1699.462
0
VERTEX
8
Nb_GroundP
10
-909.075
20
1699.383
0
VERTEX
8
Nb_GroundP
10
-909.045
20
1699.301
0
VERTEX
8
Nb_GroundP
10
-909.023
20
1699.217
0
VERTEX
8
Nb_GroundP
10
-909.008
20
1699.131
0
VERTEX
8
Nb_GroundP
10
-909
20
1699.044
0
VERTEX
8
Nb_GroundP
10
-909
20
146.642
0
VERTEX
8
Nb_GroundP
10
-908.587
20
139.938
0
VERTEX
8
Nb_GroundP
10
-907.761
20
133.272
0
VERTEX
8
Nb_GroundP
10
-906.527
20
126.67
0
VERTEX
8
Nb_GroundP
10
-904.889
20
120.156
0
VERTEX
8
Nb_GroundP
10
-902.853
20
113.756
0
VERTEX
8
Nb_GroundP
10
-900.426
20
107.493
0
VERTEX
8
Nb_GroundP
10
-897.619
20
101.391
0
VERTEX
8
Nb_GroundP
10
-894.441
20
95.474
0
VERTEX
8
Nb_GroundP
10
-890.906
20
89.763
0
VERTEX
8
Nb_GroundP
10
-887.025
20
84.281
0
VERTEX
8
Nb_GroundP
10
-882.814
20
79.049
0
VERTEX
8
Nb_GroundP
10
-878.289
20
74.085
0
VERTEX
8
Nb_GroundP
10
-873.467
20
69.409
0
VERTEX
8
Nb_GroundP
10
-868.367
20
65.04
0
VERTEX
8
Nb_GroundP
10
-863.007
20
60.992
0
VERTEX
8
Nb_GroundP
10
-857.408
20
57.282
0
VERTEX
8
Nb_GroundP
10
-854.499
20
55.603
0
VERTEX
8
Nb_GroundP
10
-852.37
20
54.39
0
VERTEX
8
Nb_GroundP
10
-850.226
20
53.2
0
VERTEX
8
Nb_GroundP
10
-849.148
20
52.614
0
VERTEX
8
Nb_GroundP
10
-847.795
20
51.891
0
VERTEX
8
Nb_GroundP
10
-846.094
20
51.001
0
VERTEX
8
Nb_GroundP
10
-843.953
20
49.912
0
VERTEX
8
Nb_GroundP
10
-841.252
20
48.589
0
VERTEX
8
Nb_GroundP
10
-839.549
20
47.785
0
VERTEX
8
Nb_GroundP
10
-837.834
20
47.002
0
VERTEX
8
Nb_GroundP
10
-836.106
20
46.239
0
VERTEX
8
Nb_GroundP
10
-834.365
20
45.499
0
VERTEX
8
Nb_GroundP
10
-833.49
20
45.138
0
VERTEX
8
Nb_GroundP
10
-831.729
20
44.435
0
VERTEX
8
Nb_GroundP
10
-829.955
20
43.759
0
VERTEX
8
Nb_GroundP
10
-829.063
20
43.432
0
VERTEX
8
Nb_GroundP
10
-827.943
20
43.033
0
VERTEX
8
Nb_GroundP
10
-826.501
20
42.54
0
VERTEX
8
Nb_GroundP
10
-825.051
20
42.068
0
VERTEX
8
Nb_GroundP
10
-824.323
20
41.839
0
VERTEX
8
Nb_GroundP
10
-823.41
20
41.562
0
VERTEX
8
Nb_GroundP
10
-822.264
20
41.228
0
VERTEX
8
Nb_GroundP
10
-820.825
20
40.83
0
VERTEX
8
Nb_GroundP
10
-819.344
20
40.447
0
VERTEX
8
Nb_GroundP
10
-817.855
20
40.088
0
VERTEX
8
Nb_GroundP
10
-817.108
20
39.919
0
VERTEX
8
Nb_GroundP
10
-816.172
20
39.716
0
VERTEX
8
Nb_GroundP
10
-814.998
20
39.478
0
VERTEX
8
Nb_GroundP
10
-813.526
20
39.204
0
VERTEX
8
Nb_GroundP
10
-811.677
20
38.898
0
VERTEX
8
Nb_GroundP
10
-810.157
20
38.681
0
VERTEX
8
Nb_GroundP
10
-808.633
20
38.492
0
VERTEX
8
Nb_GroundP
10
-807.87
20
38.409
0
VERTEX
8
Nb_GroundP
10
-806.914
20
38.316
0
VERTEX
8
Nb_GroundP
10
-805.717
20
38.216
0
VERTEX
8
Nb_GroundP
10
-804.22
20
38.118
0
VERTEX
8
Nb_GroundP
10
-802.345
20
38.036
0
VERTEX
8
Nb_GroundP
10
-800.002
20
38
0
VERTEX
8
Nb_GroundP
10
-699.998
20
38
0
VERTEX
8
Nb_GroundP
10
-697.655
20
38.036
0
VERTEX
8
Nb_GroundP
10
-695.78
20
38.118
0
VERTEX
8
Nb_GroundP
10
-694.283
20
38.216
0
VERTEX
8
Nb_GroundP
10
-693.086
20
38.316
0
VERTEX
8
Nb_GroundP
10
-692.13
20
38.409
0
VERTEX
8
Nb_GroundP
10
-691.367
20
38.492
0
VERTEX
8
Nb_GroundP
10
-689.843
20
38.681
0
VERTEX
8
Nb_GroundP
10
-688.323
20
38.898
0
VERTEX
8
Nb_GroundP
10
-686.474
20
39.204
0
VERTEX
8
Nb_GroundP
10
-685.002
20
39.478
0
VERTEX
8
Nb_GroundP
10
-683.828
20
39.716
0
VERTEX
8
Nb_GroundP
10
-682.892
20
39.919
0
VERTEX
8
Nb_GroundP
10
-682.145
20
40.088
0
VERTEX
8
Nb_GroundP
10
-680.656
20
40.447
0
VERTEX
8
Nb_GroundP
10
-679.175
20
40.83
0
VERTEX
8
Nb_GroundP
10
-677.736
20
41.228
0
VERTEX
8
Nb_GroundP
10
-676.59
20
41.562
0
VERTEX
8
Nb_GroundP
10
-675.677
20
41.839
0
VERTEX
8
Nb_GroundP
10
-674.949
20
42.068
0
VERTEX
8
Nb_GroundP
10
-673.499
20
42.54
0
VERTEX
8
Nb_GroundP
10
-672.057
20
43.033
0
VERTEX
8
Nb_GroundP
10
-670.937
20
43.432
0
VERTEX
8
Nb_GroundP
10
-670.045
20
43.759
0
VERTEX
8
Nb_GroundP
10
-668.271
20
44.435
0
VERTEX
8
Nb_GroundP
10
-666.51
20
45.138
0
VERTEX
8
Nb_GroundP
10
-665.635
20
45.499
0
VERTEX
8
Nb_GroundP
10
-663.894
20
46.239
0
VERTEX
8
Nb_GroundP
10
-662.166
20
47.002
0
VERTEX
8
Nb_GroundP
10
-660.451
20
47.785
0
VERTEX
8
Nb_GroundP
10
-658.748
20
48.589
0
VERTEX
8
Nb_GroundP
10
-656.047
20
49.912
0
VERTEX
8
Nb_GroundP
10
-653.906
20
51.001
0
VERTEX
8
Nb_GroundP
10
-652.205
20
51.891
0
VERTEX
8
Nb_GroundP
10
-650.852
20
52.614
0
VERTEX
8
Nb_GroundP
10
-649.774
20
53.2
0
VERTEX
8
Nb_GroundP
10
-647.63
20
54.39
0
VERTEX
8
Nb_GroundP
10
-645.501
20
55.603
0
VERTEX
8
Nb_GroundP
10
-642.592
20
57.282
0
VERTEX
8
Nb_GroundP
10
-636.993
20
60.992
0
VERTEX
8
Nb_GroundP
10
-631.633
20
65.04
0
VERTEX
8
Nb_GroundP
10
-626.533
20
69.409
0
VERTEX
8
Nb_GroundP
10
-621.711
20
74.085
0
VERTEX
8
Nb_GroundP
10
-617.186
20
79.049
0
VERTEX
8
Nb_GroundP
10
-612.975
20
84.281
0
VERTEX
8
Nb_GroundP
10
-609.094
20
89.763
0
VERTEX
8
Nb_GroundP
10
-605.559
20
95.474
0
VERTEX
8
Nb_GroundP
10
-602.381
20
101.391
0
VERTEX
8
Nb_GroundP
10
-599.574
20
107.493
0
VERTEX
8
Nb_GroundP
10
-597.147
20
113.756
0
VERTEX
8
Nb_GroundP
10
-595.111
20
120.156
0
VERTEX
8
Nb_GroundP
10
-593.473
20
126.67
0
VERTEX
8
Nb_GroundP
10
-592.239
20
133.272
0
VERTEX
8
Nb_GroundP
10
-591.413
20
139.938
0
VERTEX
8
Nb_GroundP
10
-591
20
146.642
0
VERTEX
8
Nb_GroundP
10
-591
20
1602.75
0
VERTEX
8
Nb_GroundP
10
-590.668
20
1608.239
0
VERTEX
8
Nb_GroundP
10
-590.005
20
1613.699
0
VERTEX
8
Nb_GroundP
10
-589.014
20
1619.108
0
VERTEX
8
Nb_GroundP
10
-587.698
20
1624.448
0
VERTEX
8
Nb_GroundP
10
-586.062
20
1629.698
0
VERTEX
8
Nb_GroundP
10
-584.111
20
1634.84
0
VERTEX
8
Nb_GroundP
10
-581.854
20
1639.855
0
VERTEX
8
Nb_GroundP
10
-579.299
20
1644.725
0
VERTEX
8
Nb_GroundP
10
-576.454
20
1649.431
0
VERTEX
8
Nb_GroundP
10
-573.33
20
1653.957
0
VERTEX
8
Nb_GroundP
10
-569.938
20
1658.286
0
VERTEX
8
Nb_GroundP
10
-566.291
20
1662.402
0
VERTEX
8
Nb_GroundP
10
-562.402
20
1666.291
0
VERTEX
8
Nb_GroundP
10
-558.286
20
1669.938
0
VERTEX
8
Nb_GroundP
10
-553.957
20
1673.33
0
VERTEX
8
Nb_GroundP
10
-549.431
20
1676.454
0
VERTEX
8
Nb_GroundP
10
-544.725
20
1679.299
0
VERTEX
8
Nb_GroundP
10
-539.855
20
1681.854
0
VERTEX
8
Nb_GroundP
10
-534.84
20
1684.111
0
VERTEX
8
Nb_GroundP
10
-529.698
20
1686.062
0
VERTEX
8
Nb_GroundP
10
-524.448
20
1687.698
0
VERTEX
8
Nb_GroundP
10
-519.108
20
1689.014
0
VERTEX
8
Nb_GroundP
10
-513.699
20
1690.005
0
VERTEX
8
Nb_GroundP
10
-508.239
20
1690.668
0
VERTEX
8
Nb_GroundP
10
-502.75
20
1691
0
VERTEX
8
Nb_GroundP
10
-397.25
20
1691
0
VERTEX
8
Nb_GroundP
10
-391.761
20
1690.668
0
VERTEX
8
Nb_GroundP
10
-386.301
20
1690.005
0
VERTEX
8
Nb_GroundP
10
-380.892
20
1689.014
0
VERTEX
8
Nb_GroundP
10
-375.552
20
1687.698
0
VERTEX
8
Nb_GroundP
10
-370.302
20
1686.062
0
VERTEX
8
Nb_GroundP
10
-365.16
20
1684.111
0
VERTEX
8
Nb_GroundP
10
-360.145
20
1681.854
0
VERTEX
8
Nb_GroundP
10
-355.275
20
1679.299
0
VERTEX
8
Nb_GroundP
10
-350.569
20
1676.454
0
VERTEX
8
Nb_GroundP
10
-346.043
20
1673.33
0
VERTEX
8
Nb_GroundP
10
-341.714
20
1669.938
0
VERTEX
8
Nb_GroundP
10
-337.598
20
1666.291
0
VERTEX
8
Nb_GroundP
10
-333.709
20
1662.402
0
VERTEX
8
Nb_GroundP
10
-330.062
20
1658.286
0
VERTEX
8
Nb_GroundP
10
-326.67
20
1653.957
0
VERTEX
8
Nb_GroundP
10
-323.546
20
1649.431
0
VERTEX
8
Nb_GroundP
10
-320.701
20
1644.725
0
VERTEX
8
Nb_GroundP
10
-318.146
20
1639.855
0
VERTEX
8
Nb_GroundP
10
-315.889
20
1634.84
0
VERTEX
8
Nb_GroundP
10
-313.938
20
1629.698
0
VERTEX
8
Nb_GroundP
10
-312.302
20
1624.448
0
VERTEX
8
Nb_GroundP
10
-310.986
20
1619.108
0
VERTEX
8
Nb_GroundP
10
-309.995
20
1613.699
0
VERTEX
8
Nb_GroundP
10
-309.332
20
1608.239
0
VERTEX
8
Nb_GroundP
10
-309
20
1602.75
0
VERTEX
8
Nb_GroundP
10
-309
20
775.956
0
VERTEX
8
Nb_GroundP
10
-308.992
20
775.869
0
VERTEX
8
Nb_GroundP
10
-308.977
20
775.783
0
VERTEX
8
Nb_GroundP
10
-308.955
20
775.699
0
VERTEX
8
Nb_GroundP
10
-308.925
20
775.617
0
VERTEX
8
Nb_GroundP
10
-308.888
20
775.538
0
VERTEX
8
Nb_GroundP
10
-308.844
20
775.462
0
VERTEX
8
Nb_GroundP
10
-308.794
20
775.391
0
VERTEX
8
Nb_GroundP
10
-308.738
20
775.324
0
VERTEX
8
Nb_GroundP
10
-308.676
20
775.262
0
VERTEX
8
Nb_GroundP
10
-308.609
20
775.206
0
VERTEX
8
Nb_GroundP
10
-308.538
20
775.156
0
VERTEX
8
Nb_GroundP
10
-308.462
20
775.112
0
VERTEX
8
Nb_GroundP
10
-308.383
20
775.075
0
VERTEX
8
Nb_GroundP
10
-308.301
20
775.045
0
VERTEX
8
Nb_GroundP
10
-308.217
20
775.023
0
VERTEX
8
Nb_GroundP
10
-308.131
20
775.008
0
VERTEX
8
Nb_GroundP
10
-308.044
20
775
0
VERTEX
8
Nb_GroundP
10
-291.956
20
775
0
VERTEX
8
Nb_GroundP
10
-291.869
20
775.008
0
VERTEX
8
Nb_GroundP
10
-291.783
20
775.023
0
VERTEX
8
Nb_GroundP
10
-291.699
20
775.045
0
VERTEX
8
Nb_GroundP
10
-291.617
20
775.075
0
VERTEX
8
Nb_GroundP
10
-291.538
20
775.112
0
VERTEX
8
Nb_GroundP
10
-291.462
20
775.156
0
VERTEX
8
Nb_GroundP
10
-291.391
20
775.206
0
VERTEX
8
Nb_GroundP
10
-291.324
20
775.262
0
VERTEX
8
Nb_GroundP
10
-291.262
20
775.324
0
VERTEX
8
Nb_GroundP
10
-291.206
20
775.391
0
VERTEX
8
Nb_GroundP
10
-291.156
20
775.462
0
VERTEX
8
Nb_GroundP
10
-291.112
20
775.538
0
VERTEX
8
Nb_GroundP
10
-291.075
20
775.617
0
VERTEX
8
Nb_GroundP
10
-291.045
20
775.699
0
VERTEX
8
Nb_GroundP
10
-291.023
20
775.783
0
VERTEX
8
Nb_GroundP
10
-291.008
20
775.869
0
VERTEX
8
Nb_GroundP
10
-291
20
775.956
0
VERTEX
8
Nb_GroundP
10
-291
20
1603.294
0
VERTEX
8
Nb_GroundP
10
-291.398
20
1609.869
0
VERTEX
8
Nb_GroundP
10
-292.192
20
1616.408
0
VERTEX
8
Nb_GroundP
10
-293.379
20
1622.887
0
VERTEX
8
Nb_GroundP
10
-294.956
20
1629.283
0
VERTEX
8
Nb_GroundP
10
-296.915
20
1635.572
0
VERTEX
8
Nb_GroundP
10
-299.251
20
1641.732
0
VERTEX
8
Nb_GroundP
10
-301.955
20
1647.738
0
VERTEX
8
Nb_GroundP
10
-305.016
20
1653.571
0
VERTEX
8
Nb_GroundP
10
-308.424
20
1659.208
0
VERTEX
8
Nb_GroundP
10
-312.166
20
1664.63
0
VERTEX
8
Nb_GroundP
10
-316.228
20
1669.815
0
VERTEX
8
Nb_GroundP
10
-320.596
20
1674.746
0
VERTEX
8
Nb_GroundP
10
-325.254
20
1679.404
0
VERTEX
8
Nb_GroundP
10
-330.185
20
1683.772
0
VERTEX
8
Nb_GroundP
10
-335.37
20
1687.834
0
VERTEX
8
Nb_GroundP
10
-340.792
20
1691.576
0
VERTEX
8
Nb_GroundP
10
-346.429
20
1694.984
0
VERTEX
8
Nb_GroundP
10
-352.262
20
1698.045
0
VERTEX
8
Nb_GroundP
10
-358.268
20
1700.749
0
VERTEX
8
Nb_GroundP
10
-364.428
20
1703.085
0
VERTEX
8
Nb_GroundP
10
-370.717
20
1705.044
0
VERTEX
8
Nb_GroundP
10
-377.113
20
1706.621
0
VERTEX
8
Nb_GroundP
10
-383.592
20
1707.808
0
VERTEX
8
Nb_GroundP
10
-390.131
20
1708.602
0
VERTEX
8
Nb_GroundP
10
-396.706
20
1709
0
VERTEX
8
Nb_GroundP
10
-503.294
20
1709
0
VERTEX
8
Nb_GroundP
10
-509.869
20
1708.602
0
VERTEX
8
Nb_GroundP
10
-516.408
20
1707.808
0
VERTEX
8
Nb_GroundP
10
-522.887
20
1706.621
0
VERTEX
8
Nb_GroundP
10
-529.283
20
1705.044
0
VERTEX
8
Nb_GroundP
10
-535.572
20
1703.085
0
VERTEX
8
Nb_GroundP
10
-541.732
20
1700.749
0
VERTEX
8
Nb_GroundP
10
-547.738
20
1698.045
0
VERTEX
8
Nb_GroundP
10
-553.571
20
1694.984
0
VERTEX
8
Nb_GroundP
10
-559.208
20
1691.576
0
VERTEX
8
Nb_GroundP
10
-564.63
20
1687.834
0
VERTEX
8
Nb_GroundP
10
-569.815
20
1683.772
0
VERTEX
8
Nb_GroundP
10
-574.746
20
1679.404
0
VERTEX
8
Nb_GroundP
10
-579.404
20
1674.746
0
VERTEX
8
Nb_GroundP
10
-583.772
20
1669.815
0
VERTEX
8
Nb_GroundP
10
-587.834
20
1664.63
0
VERTEX
8
Nb_GroundP
10
-591.576
20
1659.208
0
VERTEX
8
Nb_GroundP
10
-594.984
20
1653.571
0
VERTEX
8
Nb_GroundP
10
-598.045
20
1647.738
0
VERTEX
8
Nb_GroundP
10
-600.749
20
1641.732
0
VERTEX
8
Nb_GroundP
10
-603.085
20
1635.572
0
VERTEX
8
Nb_GroundP
10
-605.044
20
1629.283
0
VERTEX
8
Nb_GroundP
10
-606.621
20
1622.887
0
VERTEX
8
Nb_GroundP
10
-607.808
20
1616.408
0
VERTEX
8
Nb_GroundP
10
-608.602
20
1609.869
0
VERTEX
8
Nb_GroundP
10
-609
20
1603.294
0
VERTEX
8
Nb_GroundP
10
-609
20
150.205
0
VERTEX
8
Nb_GroundP
10
-608.994
20
147.395
0
VERTEX
8
Nb_GroundP
10
-609.328
20
141.786
0
VERTEX
8
Nb_GroundP
10
-610.007
20
136.207
0
VERTEX
8
Nb_GroundP
10
-611.03
20
130.682
0
VERTEX
8
Nb_GroundP
10
-612.391
20
125.23
0
VERTEX
8
Nb_GroundP
10
-614.086
20
119.872
0
VERTEX
8
Nb_GroundP
10
-616.108
20
114.629
0
VERTEX
8
Nb_GroundP
10
-618.45
20
109.521
0
VERTEX
8
Nb_GroundP
10
-621.103
20
104.567
0
VERTEX
8
Nb_GroundP
10
-624.056
20
99.786
0
VERTEX
8
Nb_GroundP
10
-627.298
20
95.197
0
VERTEX
8
Nb_GroundP
10
-630.818
20
90.816
0
VERTEX
8
Nb_GroundP
10
-634.6
20
86.661
0
VERTEX
8
Nb_GroundP
10
-638.633
20
82.747
0
VERTEX
8
Nb_GroundP
10
-642.898
20
79.089
0
VERTEX
8
Nb_GroundP
10
-647.382
20
75.701
0
VERTEX
8
Nb_GroundP
10
-652.066
20
72.597
0
VERTEX
8
Nb_GroundP
10
-654.499
20
71.192
0
VERTEX
8
Nb_GroundP
10
-655.642
20
70.55
0
VERTEX
8
Nb_GroundP
10
-656.798
20
69.934
0
VERTEX
8
Nb_GroundP
10
-657.381
20
69.637
0
VERTEX
8
Nb_GroundP
10
-658.114
20
69.274
0
VERTEX
8
Nb_GroundP
10
-659.038
20
68.835
0
VERTEX
8
Nb_GroundP
10
-660.204
20
68.309
0
VERTEX
8
Nb_GroundP
10
-661.675
20
67.688
0
VERTEX
8
Nb_GroundP
10
-663.537
20
66.968
0
VERTEX
8
Nb_GroundP
10
-664.711
20
66.548
0
VERTEX
8
Nb_GroundP
10
-665.892
20
66.152
0
VERTEX
8
Nb_GroundP
10
-667.08
20
65.78
0
VERTEX
8
Nb_GroundP
10
-668.275
20
65.43
0
VERTEX
8
Nb_GroundP
10
-668.874
20
65.263
0
VERTEX
8
Nb_GroundP
10
-670.076
20
64.946
0
VERTEX
8
Nb_GroundP
10
-671.282
20
64.65
0
VERTEX
8
Nb_GroundP
10
-671.887
20
64.51
0
VERTEX
8
Nb_GroundP
10
-672.643
20
64.342
0
VERTEX
8
Nb_GroundP
10
-674.16
20
64.029
0
VERTEX
8
Nb_GroundP
10
-675.68
20
63.746
0
VERTEX
8
Nb_GroundP
10
-676.442
20
63.615
0
VERTEX
8
Nb_GroundP
10
-677.394
20
63.461
0
VERTEX
8
Nb_GroundP
10
-678.918
20
63.235
0
VERTEX
8
Nb_GroundP
10
-680.443
20
63.034
0
VERTEX
8
Nb_GroundP
10
-681.205
20
62.942
0
VERTEX
8
Nb_GroundP
10
-682.158
20
62.835
0
VERTEX
8
Nb_GroundP
10
-683.349
20
62.713
0
VERTEX
8
Nb_GroundP
10
-685.253
20
62.542
0
VERTEX
8
Nb_GroundP
10
-687.154
20
62.4
0
VERTEX
8
Nb_GroundP
10
-688.104
20
62.339
0
VERTEX
8
Nb_GroundP
10
-689.29
20
62.27
0
VERTEX
8
Nb_GroundP
10
-690.772
20
62.197
0
VERTEX
8
Nb_GroundP
10
-693.138
20
62.107
0
VERTEX
8
Nb_GroundP
10
-695.501
20
62.045
0
VERTEX
8
Nb_GroundP
10
-696.682
20
62.024
0
VERTEX
8
Nb_GroundP
10
-698.157
20
62.007
0
VERTEX
8
Nb_GroundP
10
-700.002
20
62
0
VERTEX
8
Nb_GroundP
10
-799.998
20
62
0
VERTEX
8
Nb_GroundP
10
-801.843
20
62.007
0
VERTEX
8
Nb_GroundP
10
-803.318
20
62.024
0
VERTEX
8
Nb_GroundP
10
-804.499
20
62.045
0
VERTEX
8
Nb_GroundP
10
-806.862
20
62.107
0
VERTEX
8
Nb_GroundP
10
-809.228
20
62.197
0
VERTEX
8
Nb_GroundP
10
-810.71
20
62.27
0
VERTEX
8
Nb_GroundP
10
-811.896
20
62.339
0
VERTEX
8
Nb_GroundP
10
-812.846
20
62.4
0
VERTEX
8
Nb_GroundP
10
-814.747
20
62.542
0
VERTEX
8
Nb_GroundP
10
-816.651
20
62.713
0
VERTEX
8
Nb_GroundP
10
-817.842
20
62.835
0
VERTEX
8
Nb_GroundP
10
-818.795
20
62.942
0
VERTEX
8
Nb_GroundP
10
-819.557
20
63.034
0
VERTEX
8
Nb_GroundP
10
-821.082
20
63.235
0
VERTEX
8
Nb_GroundP
10
-822.606
20
63.461
0
VERTEX
8
Nb_GroundP
10
-823.558
20
63.615
0
VERTEX
8
Nb_GroundP
10
-824.32
20
63.746
0
VERTEX
8
Nb_GroundP
10
-825.84
20
64.029
0
VERTEX
8
Nb_GroundP
10
-827.357
20
64.342
0
VERTEX
8
Nb_GroundP
10
-828.113
20
64.51
0
VERTEX
8
Nb_GroundP
10
-828.718
20
64.65
0
VERTEX
8
Nb_GroundP
10
-829.924
20
64.946
0
VERTEX
8
Nb_GroundP
10
-831.126
20
65.263
0
VERTEX
8
Nb_GroundP
10
-831.725
20
65.43
0
VERTEX
8
Nb_GroundP
10
-832.92
20
65.78
0
VERTEX
8
Nb_GroundP
10
-834.108
20
66.152
0
VERTEX
8
Nb_GroundP
10
-835.289
20
66.548
0
VERTEX
8
Nb_GroundP
10
-836.463
20
66.968
0
VERTEX
8
Nb_GroundP
10
-838.325
20
67.688
0
VERTEX
8
Nb_GroundP
10
-839.796
20
68.309
0
VERTEX
8
Nb_GroundP
10
-840.962
20
68.835
0
VERTEX
8
Nb_GroundP
10
-841.886
20
69.274
0
VERTEX
8
Nb_GroundP
10
-842.619
20
69.637
0
VERTEX
8
Nb_GroundP
10
-843.202
20
69.934
0
VERTEX
8
Nb_GroundP
10
-844.358
20
70.55
0
VERTEX
8
Nb_GroundP
10
-845.501
20
71.192
0
VERTEX
8
Nb_GroundP
10
-847.934
20
72.597
0
VERTEX
8
Nb_GroundP
10
-852.618
20
75.701
0
VERTEX
8
Nb_GroundP
10
-857.102
20
79.089
0
VERTEX
8
Nb_GroundP
10
-861.367
20
82.747
0
VERTEX
8
Nb_GroundP
10
-865.4
20
86.661
0
VERTEX
8
Nb_GroundP
10
-869.182
20
90.816
0
VERTEX
8
Nb_GroundP
10
-872.702
20
95.197
0
VERTEX
8
Nb_GroundP
10
-875.944
20
99.786
0
VERTEX
8
Nb_GroundP
10
-878.897
20
104.567
0
VERTEX
8
Nb_GroundP
10
-881.55
20
109.521
0
VERTEX
8
Nb_GroundP
10
-883.892
20
114.629
0
VERTEX
8
Nb_GroundP
10
-885.914
20
119.872
0
VERTEX
8
Nb_GroundP
10
-887.609
20
125.23
0
VERTEX
8
Nb_GroundP
10
-888.97
20
130.682
0
VERTEX
8
Nb_GroundP
10
-889.993
20
136.207
0
VERTEX
8
Nb_GroundP
10
-890.672
20
141.786
0
VERTEX
8
Nb_GroundP
10
-891.006
20
147.395
0
VERTEX
8
Nb_GroundP
10
-891
20
150.205
0
VERTEX
8
Nb_GroundP
10
-891
20
1699.044
0
VERTEX
8
Nb_GroundP
10
-890.992
20
1699.131
0
VERTEX
8
Nb_GroundP
10
-890.977
20
1699.217
0
VERTEX
8
Nb_GroundP
10
-890.955
20
1699.301
0
VERTEX
8
Nb_GroundP
10
-890.925
20
1699.383
0
VERTEX
8
Nb_GroundP
10
-890.888
20
1699.462
0
VERTEX
8
Nb_GroundP
10
-890.844
20
1699.538
0
VERTEX
8
Nb_GroundP
10
-890.794
20
1699.609
0
VERTEX
8
Nb_GroundP
10
-890.738
20
1699.676
0
VERTEX
8
Nb_GroundP
10
-890.676
20
1699.738
0
VERTEX
8
Nb_GroundP
10
-890.609
20
1699.794
0
VERTEX
8
Nb_GroundP
10
-890.538
20
1699.844
0
VERTEX
8
Nb_GroundP
10
-890.462
20
1699.888
0
VERTEX
8
Nb_GroundP
10
-890.383
20
1699.925
0
VERTEX
8
Nb_GroundP
10
-890.301
20
1699.955
0
VERTEX
8
Nb_GroundP
10
-890.217
20
1699.977
0
VERTEX
8
Nb_GroundP
10
-890.131
20
1699.992
0
VERTEX
8
Nb_GroundP
10
-890.044
20
1700
0
VERTEX
8
Nb_GroundP
10
-880.956
20
1700
0
VERTEX
8
Nb_GroundP
10
-880.869
20
1699.992
0
VERTEX
8
Nb_GroundP
10
-880.783
20
1699.977
0
VERTEX
8
Nb_GroundP
10
-880.699
20
1699.955
0
VERTEX
8
Nb_GroundP
10
-880.617
20
1699.925
0
VERTEX
8
Nb_GroundP
10
-880.538
20
1699.888
0
VERTEX
8
Nb_GroundP
10
-880.462
20
1699.844
0
VERTEX
8
Nb_GroundP
10
-880.391
20
1699.794
0
VERTEX
8
Nb_GroundP
10
-880.324
20
1699.738
0
VERTEX
8
Nb_GroundP
10
-880.262
20
1699.676
0
VERTEX
8
Nb_GroundP
10
-880.206
20
1699.609
0
VERTEX
8
Nb_GroundP
10
-880.156
20
1699.538
0
VERTEX
8
Nb_GroundP
10
-880.112
20
1699.462
0
VERTEX
8
Nb_GroundP
10
-880.075
20
1699.383
0
VERTEX
8
Nb_GroundP
10
-880.045
20
1699.301
0
VERTEX
8
Nb_GroundP
10
-880.023
20
1699.217
0
VERTEX
8
Nb_GroundP
10
-880.008
20
1699.131
0
VERTEX
8
Nb_GroundP
10
-880
20
1699.044
0
VERTEX
8
Nb_GroundP
10
-880
20
147.583
0
VERTEX
8
Nb_GroundP
10
-879.708
20
142.757
0
VERTEX
8
Nb_GroundP
10
-879.125
20
137.957
0
VERTEX
8
Nb_GroundP
10
-878.254
20
133.202
0
VERTEX
8
Nb_GroundP
10
-877.097
20
128.508
0
VERTEX
8
Nb_GroundP
10
-875.659
20
123.892
0
VERTEX
8
Nb_GroundP
10
-873.944
20
119.371
0
VERTEX
8
Nb_GroundP
10
-871.96
20
114.963
0
VERTEX
8
Nb_GroundP
10
-869.713
20
110.682
0
VERTEX
8
Nb_GroundP
10
-867.212
20
106.544
0
VERTEX
8
Nb_GroundP
10
-864.466
20
102.565
0
VERTEX
8
Nb_GroundP
10
-861.484
20
98.76
0
VERTEX
8
Nb_GroundP
10
-858.278
20
95.141
0
VERTEX
8
Nb_GroundP
10
-854.859
20
91.722
0
VERTEX
8
Nb_GroundP
10
-851.24
20
88.516
0
VERTEX
8
Nb_GroundP
10
-847.435
20
85.534
0
VERTEX
8
Nb_GroundP
10
-843.456
20
82.788
0
VERTEX
8
Nb_GroundP
10
-839.318
20
80.287
0
VERTEX
8
Nb_GroundP
10
-835.037
20
78.04
0
VERTEX
8
Nb_GroundP
10
-830.629
20
76.056
0
VERTEX
8
Nb_GroundP
10
-826.108
20
74.341
0
VERTEX
8
Nb_GroundP
10
-821.492
20
72.903
0
VERTEX
8
Nb_GroundP
10
-816.798
20
71.746
0
VERTEX
8
Nb_GroundP
10
-812.043
20
70.875
0
VERTEX
8
Nb_GroundP
10
-807.243
20
70.292
0
VERTEX
8
Nb_GroundP
10
-802.417
20
70
0
VERTEX
8
Nb_GroundP
10
-697.583
20
70
0
VERTEX
8
Nb_GroundP
10
-692.757
20
70.292
0
VERTEX
8
Nb_GroundP
10
-687.957
20
70.875
0
VERTEX
8
Nb_GroundP
10
-683.202
20
71.746
0
VERTEX
8
Nb_GroundP
10
-678.508
20
72.903
0
VERTEX
8
Nb_GroundP
10
-673.892
20
74.341
0
VERTEX
8
Nb_GroundP
10
-669.371
20
76.056
0
VERTEX
8
Nb_GroundP
10
-664.963
20
78.04
0
VERTEX
8
Nb_GroundP
10
-660.682
20
80.287
0
VERTEX
8
Nb_GroundP
10
-656.544
20
82.788
0
VERTEX
8
Nb_GroundP
10
-652.565
20
85.534
0
VERTEX
8
Nb_GroundP
10
-648.76
20
88.516
0
VERTEX
8
Nb_GroundP
10
-645.141
20
91.722
0
VERTEX
8
Nb_GroundP
10
-641.722
20
95.141
0
VERTEX
8
Nb_GroundP
10
-638.516
20
98.76
0
VERTEX
8
Nb_GroundP
10
-635.534
20
102.565
0
VERTEX
8
Nb_GroundP
10
-632.788
20
106.544
0
VERTEX
8
Nb_GroundP
10
-630.287
20
110.682
0
VERTEX
8
Nb_GroundP
10
-628.04
20
114.963
0
VERTEX
8
Nb_GroundP
10
-626.056
20
119.371
0
VERTEX
8
Nb_GroundP
10
-624.341
20
123.892
0
VERTEX
8
Nb_GroundP
10
-622.903
20
128.508
0
VERTEX
8
Nb_GroundP
10
-621.746
20
133.202
0
VERTEX
8
Nb_GroundP
10
-620.875
20
137.957
0
VERTEX
8
Nb_GroundP
10
-620.292
20
142.757
0
VERTEX
8
Nb_GroundP
10
-620
20
147.583
0
VERTEX
8
Nb_GroundP
10
-620
20
1603.626
0
VERTEX
8
Nb_GroundP
10
-619.562
20
1610.865
0
VERTEX
8
Nb_GroundP
10
-618.688
20
1618.064
0
VERTEX
8
Nb_GroundP
10
-617.381
20
1625.197
0
VERTEX
8
Nb_GroundP
10
-615.645
20
1632.239
0
VERTEX
8
Nb_GroundP
10
-613.488
20
1639.162
0
VERTEX
8
Nb_GroundP
10
-610.916
20
1645.943
0
VERTEX
8
Nb_GroundP
10
-607.94
20
1652.556
0
VERTEX
8
Nb_GroundP
10
-604.57
20
1658.977
0
VERTEX
8
Nb_GroundP
10
-600.818
20
1665.184
0
VERTEX
8
Nb_GroundP
10
-596.698
20
1671.152
0
VERTEX
8
Nb_GroundP
10
-592.226
20
1676.861
0
VERTEX
8
Nb_GroundP
10
-587.417
20
1682.289
0
VERTEX
8
Nb_GroundP
10
-582.289
20
1687.417
0
VERTEX
8
Nb_GroundP
10
-576.861
20
1692.226
0
VERTEX
8
Nb_GroundP
10
-571.152
20
1696.698
0
VERTEX
8
Nb_GroundP
10
-565.184
20
1700.818
0
VERTEX
8
Nb_GroundP
10
-558.977
20
1704.57
0
VERTEX
8
Nb_GroundP
10
-552.556
20
1707.94
0
VERTEX
8
Nb_GroundP
10
-545.943
20
1710.916
0
VERTEX
8
Nb_GroundP
10
-539.162
20
1713.488
0
VERTEX
8
Nb_GroundP
10
-532.239
20
1715.645
0
VERTEX
8
Nb_GroundP
10
-525.197
20
1717.381
0
VERTEX
8
Nb_GroundP
10
-518.064
20
1718.688
0
VERTEX
8
Nb_GroundP
10
-510.865
20
1719.562
0
VERTEX
8
Nb_GroundP
10
-503.626
20
1720
0
VERTEX
8
Nb_GroundP
10
-396.374
20
1720
0
VERTEX
8
Nb_GroundP
10
-389.135
20
1719.562
0
VERTEX
8
Nb_GroundP
10
-381.936
20
1718.688
0
VERTEX
8
Nb_GroundP
10
-374.803
20
1717.381
0
VERTEX
8
Nb_GroundP
10
-367.761
20
1715.645
0
VERTEX
8
Nb_GroundP
10
-360.838
20
1713.488
0
VERTEX
8
Nb_GroundP
10
-354.057
20
1710.916
0
VERTEX
8
Nb_GroundP
10
-347.444
20
1707.94
0
VERTEX
8
Nb_GroundP
10
-341.023
20
1704.57
0
VERTEX
8
Nb_GroundP
10
-334.816
20
1700.818
0
VERTEX
8
Nb_GroundP
10
-328.848
20
1696.698
0
VERTEX
8
Nb_GroundP
10
-323.139
20
1692.226
0
VERTEX
8
Nb_GroundP
10
-317.711
20
1687.417
0
VERTEX
8
Nb_GroundP
10
-312.583
20
1682.289
0
VERTEX
8
Nb_GroundP
10
-307.774
20
1676.861
0
VERTEX
8
Nb_GroundP
10
-303.302
20
1671.152
0
VERTEX
8
Nb_GroundP
10
-299.182
20
1665.184
0
VERTEX
8
Nb_GroundP
10
-295.43
20
1658.977
0
VERTEX
8
Nb_GroundP
10
-292.06
20
1652.556
0
VERTEX
8
Nb_GroundP
10
-289.084
20
1645.943
0
VERTEX
8
Nb_GroundP
10
-286.512
20
1639.162
0
VERTEX
8
Nb_GroundP
10
-284.355
20
1632.239
0
VERTEX
8
Nb_GroundP
10
-282.619
20
1625.197
0
VERTEX
8
Nb_GroundP
10
-281.312
20
1618.064
0
VERTEX
8
Nb_GroundP
10
-280.438
20
1610.865
0
VERTEX
8
Nb_GroundP
10
-280
20
1603.626
0
VERTEX
8
Nb_GroundP
10
-280
20
725.956
0
VERTEX
8
Nb_GroundP
10
-280.008
20
725.869
0
VERTEX
8
Nb_GroundP
10
-280.023
20
725.783
0
VERTEX
8
Nb_GroundP
10
-280.045
20
725.699
0
VERTEX
8
Nb_GroundP
10
-280.075
20
725.617
0
VERTEX
8
Nb_GroundP
10
-280.112
20
725.538
0
VERTEX
8
Nb_GroundP
10
-280.156
20
725.462
0
VERTEX
8
Nb_GroundP
10
-280.206
20
725.391
0
VERTEX
8
Nb_GroundP
10
-280.262
20
725.324
0
VERTEX
8
Nb_GroundP
10
-280.324
20
725.262
0
VERTEX
8
Nb_GroundP
10
-280.391
20
725.206
0
VERTEX
8
Nb_GroundP
10
-280.462
20
725.156
0
VERTEX
8
Nb_GroundP
10
-280.538
20
725.112
0
VERTEX
8
Nb_GroundP
10
-280.617
20
725.075
0
VERTEX
8
Nb_GroundP
10
-280.699
20
725.045
0
VERTEX
8
Nb_GroundP
10
-280.783
20
725.023
0
VERTEX
8
Nb_GroundP
10
-280.869
20
725.008
0
VERTEX
8
Nb_GroundP
10
-280.956
20
725
0
VERTEX
8
Nb_GroundP
10
-319.044
20
725
0
VERTEX
8
Nb_GroundP
10
-319.131
20
725.008
0
VERTEX
8
Nb_GroundP
10
-319.217
20
725.023
0
VERTEX
8
Nb_GroundP
10
-319.301
20
725.045
0
VERTEX
8
Nb_GroundP
10
-319.383
20
725.075
0
VERTEX
8
Nb_GroundP
10
-319.462
20
725.112
0
VERTEX
8
Nb_GroundP
10
-319.538
20
725.156
0
VERTEX
8
Nb_GroundP
10
-319.609
20
725.206
0
VERTEX
8
Nb_GroundP
10
-319.676
20
725.262
0
VERTEX
8
Nb_GroundP
10
-319.738
20
725.324
0
VERTEX
8
Nb_GroundP
10
-319.794
20
725.391
0
VERTEX
8
Nb_GroundP
10
-319.844
20
725.462
0
VERTEX
8
Nb_GroundP
10
-319.888
20
725.538
0
VERTEX
8
Nb_GroundP
10
-319.925
20
725.617
0
VERTEX
8
Nb_GroundP
10
-319.955
20
725.699
0
VERTEX
8
Nb_GroundP
10
-319.977
20
725.783
0
VERTEX
8
Nb_GroundP
10
-319.992
20
725.869
0
VERTEX
8
Nb_GroundP
10
-320
20
725.956
0
VERTEX
8
Nb_GroundP
10
-320
20
1602.417
0
VERTEX
8
Nb_GroundP
10
-320.292
20
1607.243
0
VERTEX
8
Nb_GroundP
10
-320.875
20
1612.043
0
VERTEX
8
Nb_GroundP
10
-321.746
20
1616.798
0
VERTEX
8
Nb_GroundP
10
-322.903
20
1621.492
0
VERTEX
8
Nb_GroundP
10
-324.341
20
1626.108
0
VERTEX
8
Nb_GroundP
10
-326.056
20
1630.629
0
VERTEX
8
Nb_GroundP
10
-328.04
20
1635.037
0
VERTEX
8
Nb_GroundP
10
-330.287
20
1639.318
0
VERTEX
8
Nb_GroundP
10
-332.788
20
1643.456
0
VERTEX
8
Nb_GroundP
10
-335.534
20
1647.435
0
VERTEX
8
Nb_GroundP
10
-338.516
20
1651.24
0
VERTEX
8
Nb_GroundP
10
-341.722
20
1654.859
0
VERTEX
8
Nb_GroundP
10
-345.141
20
1658.278
0
VERTEX
8
Nb_GroundP
10
-348.76
20
1661.484
0
VERTEX
8
Nb_GroundP
10
-352.565
20
1664.466
0
VERTEX
8
Nb_GroundP
10
-356.544
20
1667.212
0
VERTEX
8
Nb_GroundP
10
-360.682
20
1669.713
0
VERTEX
8
Nb_GroundP
10
-364.963
20
1671.96
0
VERTEX
8
Nb_GroundP
10
-369.371
20
1673.944
0
VERTEX
8
Nb_GroundP
10
-373.892
20
1675.659
0
VERTEX
8
Nb_GroundP
10
-378.508
20
1677.097
0
VERTEX
8
Nb_GroundP
10
-383.202
20
1678.254
0
VERTEX
8
Nb_GroundP
10
-387.957
20
1679.125
0
VERTEX
8
Nb_GroundP
10
-392.757
20
1679.708
0
VERTEX
8
Nb_GroundP
10
-397.583
20
1680
0
VERTEX
8
Nb_GroundP
10
-502.417
20
1680
0
VERTEX
8
Nb_GroundP
10
-507.243
20
1679.708
0
VERTEX
8
Nb_GroundP
10
-512.043
20
1679.125
0
VERTEX
8
Nb_GroundP
10
-516.798
20
1678.254
0
VERTEX
8
Nb_GroundP
10
-521.492
20
1677.097
0
VERTEX
8
Nb_GroundP
10
-526.108
20
1675.659
0
VERTEX
8
Nb_GroundP
10
-530.629
20
1673.944
0
VERTEX
8
Nb_GroundP
10
-535.037
20
1671.96
0
VERTEX
8
Nb_GroundP
10
-539.318
20
1669.713
0
VERTEX
8
Nb_GroundP
10
-543.456
20
1667.212
0
VERTEX
8
Nb_GroundP
10
-547.435
20
1664.466
0
VERTEX
8
Nb_GroundP
10
-551.24
20
1661.484
0
VERTEX
8
Nb_GroundP
10
-554.859
20
1658.278
0
VERTEX
8
Nb_GroundP
10
-558.278
20
1654.859
0
VERTEX
8
Nb_GroundP
10
-561.484
20
1651.24
0
VERTEX
8
Nb_GroundP
10
-564.466
20
1647.435
0
VERTEX
8
Nb_GroundP
10
-567.212
20
1643.456
0
VERTEX
8
Nb_GroundP
10
-569.713
20
1639.318
0
VERTEX
8
Nb_GroundP
10
-571.96
20
1635.037
0
VERTEX
8
Nb_GroundP
10
-573.944
20
1630.629
0
VERTEX
8
Nb_GroundP
10
-575.659
20
1626.108
0
VERTEX
8
Nb_GroundP
10
-577.097
20
1621.492
0
VERTEX
8
Nb_GroundP
10
-578.254
20
1616.798
0
VERTEX
8
Nb_GroundP
10
-579.125
20
1612.043
0
VERTEX
8
Nb_GroundP
10
-579.708
20
1607.243
0
VERTEX
8
Nb_GroundP
10
-580
20
1602.417
0
VERTEX
8
Nb_GroundP
10
-580
20
146.374
0
VERTEX
8
Nb_GroundP
10
-580.438
20
139.135
0
VERTEX
8
Nb_GroundP
10
-581.312
20
131.936
0
VERTEX
8
Nb_GroundP
10
-582.619
20
124.803
0
VERTEX
8
Nb_GroundP
10
-584.355
20
117.761
0
VERTEX
8
Nb_GroundP
10
-586.512
20
110.838
0
VERTEX
8
Nb_GroundP
10
-589.084
20
104.057
0
VERTEX
8
Nb_GroundP
10
-592.06
20
97.444
0
VERTEX
8
Nb_GroundP
10
-595.43
20
91.023
0
VERTEX
8
Nb_GroundP
10
-599.182
20
84.816
0
VERTEX
8
Nb_GroundP
10
-603.302
20
78.848
0
VERTEX
8
Nb_GroundP
10
-607.774
20
73.139
0
VERTEX
8
Nb_GroundP
10
-612.583
20
67.711
0
VERTEX
8
Nb_GroundP
10
-617.711
20
62.583
0
VERTEX
8
Nb_GroundP
10
-623.139
20
57.774
0
VERTEX
8
Nb_GroundP
10
-628.848
20
53.302
0
VERTEX
8
Nb_GroundP
10
-634.816
20
49.182
0
VERTEX
8
Nb_GroundP
10
-641.023
20
45.43
0
VERTEX
8
Nb_GroundP
10
-647.444
20
42.06
0
VERTEX
8
Nb_GroundP
10
-654.057
20
39.084
0
VERTEX
8
Nb_GroundP
10
-660.838
20
36.512
0
VERTEX
8
Nb_GroundP
10
-667.761
20
34.355
0
VERTEX
8
Nb_GroundP
10
-674.803
20
32.619
0
VERTEX
8
Nb_GroundP
10
-681.936
20
31.312
0
VERTEX
8
Nb_GroundP
10
-689.135
20
30.438
0
VERTEX
8
Nb_GroundP
10
-696.374
20
30
0
SEQEND
0
POLYLINE
8
Nb_GroundP
70
1
40
0
41
0
66
1
0
VERTEX
8
Nb_GroundP
10
196.374
20
30
0
VERTEX
8
Nb_GroundP
10
189.135
20
30.438
0
VERTEX
8
Nb_GroundP
10
181.936
20
31.312
0
VERTEX
8
Nb_GroundP
10
174.803
20
32.619
0
VERTEX
8
Nb_GroundP
10
167.761
20
34.355
0
VERTEX
8
Nb_GroundP
10
160.838
20
36.512
0
VERTEX
8
Nb_GroundP
10
154.057
20
39.084
0
VERTEX
8
Nb_GroundP
10
147.444
20
42.06
0
VERTEX
8
Nb_GroundP
10
141.023
20
45.43
0
VERTEX
8
Nb_GroundP
10
134.816
20
49.182
0
VERTEX
8
Nb_GroundP
10
128.848
20
53.302
0
VERTEX
8
Nb_GroundP
10
123.139
20
57.774
0
VERTEX
8
Nb_GroundP
10
117.711
20
62.583
0
VERTEX
8
Nb_GroundP
10
112.583
20
67.711
0
VERTEX
8
Nb_GroundP
10
107.774
20
73.139
0
VERTEX
8
Nb_GroundP
10
103.302
20
78.848
0
VERTEX
8
Nb_GroundP
10
99.182
20
84.816
0
VERTEX
8
Nb_GroundP
10
95.43
20
91.023
0
VERTEX
8
Nb_GroundP
10
92.06
20
97.444
0
VERTEX
8
Nb_GroundP
10
89.084
20
104.057
0
VERTEX
8
Nb_GroundP
10
86.512
20
110.838
0
VERTEX
8
Nb_GroundP
10
84.355
20
117.761
0
VERTEX
8
Nb_GroundP
10
82.619
20
124.803
0
VERTEX
8
Nb_GroundP
10
81.312
20
131.936
0
VERTEX
8
Nb_GroundP
10
80.438
20
139.135
0
VERTEX
8
Nb_GroundP
10
80
20
146.374
0
VERTEX
8
Nb_GroundP
10
80
20
1699.044
0
VERTEX
8
Nb_GroundP
10
80.008
20
1699.131
0
VERTEX
8
Nb_GroundP
10
80.023
20
1699.217
0
VERTEX
8
Nb_GroundP
10
80.045
20
1699.301
0
VERTEX
8
Nb_GroundP
10
80.075
20
1699.383
0
VERTEX
8
Nb_GroundP
10
80.112
20
1699.462
0
VERTEX
8
Nb_GroundP
10
80.156
20
1699.538
0
VERTEX
8
Nb_GroundP
10
80.206
20
1699.609
0
VERTEX
8
Nb_GroundP
10
80.262
20
1699.676
0
VERTEX
8
Nb_GroundP
10
80.324
20
1699.738
0
VERTEX
8
Nb_GroundP
10
80.391
20
1699.794
0
VERTEX
8
Nb_GroundP
10
80.462
20
1699.844
0
VERTEX
8
Nb_GroundP
10
80.538
20
1699.888
0
VERTEX
8
Nb_GroundP
10
80.617
20
1699.925
0
VERTEX
8
Nb_GroundP
10
80.699
20
1699.955
0
VERTEX
8
Nb_GroundP
10
80.783
20
1699.977
0
VERTEX
8
Nb_GroundP
10
80.869
20
1699.992
0
VERTEX
8
Nb_GroundP
10
80.956
20
1700
0
VERTEX
8
Nb_GroundP
10
90.044
20
1700
0
VERTEX
8
Nb_GroundP
10
90.131
20
1699.992
0
VERTEX
8
Nb_GroundP
10
90.217
20
1699.977
0
VERTEX
8
Nb_GroundP
10
90.301
20
1699.955
0
VERTEX
8
Nb_GroundP
10
90.383
20
1699.925
0
VERTEX
8
Nb_GroundP
10
90.462
20
1699.888
0
VERTEX
8
Nb_GroundP
10
90.538
20
1699.844
0
VERTEX
8
Nb_GroundP
10
90.609
20
1699.794
0
VERTEX
8
Nb_GroundP
10
90.676
20
1699.738
0
VERTEX
8
Nb_GroundP
10
90.738
20
1699.676
0
VERTEX
8
Nb_GroundP
10
90.794
20
1699.609
0
VERTEX
8
Nb_GroundP
10
90.844
20
1699.538
0
VERTEX
8
Nb_GroundP
10
90.888
20
1699.462
0
VERTEX
8
Nb_GroundP
10
90.925
20
1699.383
0
VERTEX
8
Nb_GroundP
10
90.955
20
1699.301
0
VERTEX
8
Nb_GroundP
10
90.977
20
1699.217
0
VERTEX
8
Nb_GroundP
10
90.992
20
1699.131
0
VERTEX
8
Nb_GroundP
10
91
20
1699.044
0
VERTEX
8
Nb_GroundP
10
91
20
146.642
0
VERTEX
8
Nb_GroundP
10
91.413
20
139.938
0
VERTEX
8
Nb_GroundP
10
92.239
20
133.272
0
VERTEX
8
Nb_GroundP
10
93.473
20
126.67
0
VERTEX
8
Nb_GroundP
10
95.111
20
120.156
0
VERTEX
8
Nb_GroundP
10
97.147
20
113.756
0
VERTEX
8
Nb_GroundP
10
99.574
20
107.493
0
VERTEX
8
Nb_GroundP
10
102.381
20
101.391
0
VERTEX
8
Nb_GroundP
10
105.559
20
95.474
0
VERTEX
8
Nb_GroundP
10
109.094
20
89.763
0
VERTEX
8
Nb_GroundP
10
112.975
20
84.281
0
VERTEX
8
Nb_GroundP
10
117.186
20
79.049
0
VERTEX
8
Nb_GroundP
10
121.711
20
74.085
0
VERTEX
8
Nb_GroundP
10
126.533
20
69.409
0
VERTEX
8
Nb_GroundP
10
131.633
20
65.04
0
VERTEX
8
Nb_GroundP
10
136.993
20
60.992
0
VERTEX
8
Nb_GroundP
10
142.592
20
57.282
0
VERTEX
8
Nb_GroundP
10
145.501
20
55.603
0
VERTEX
8
Nb_GroundP
10
147.63
20
54.39
0
VERTEX
8
Nb_GroundP
10
149.774
20
53.2
0
VERTEX
8
Nb_GroundP
10
150.852
20
52.614
0
VERTEX
8
Nb_GroundP
10
152.205
20
51.891
0
VERTEX
8
Nb_GroundP
10
153.906
20
51.001
0
VERTEX
8
Nb_GroundP
10
156.047
20
49.912
0
VERTEX
8
Nb_GroundP
10
158.748
20
48.589
0
VERTEX
8
Nb_GroundP
10
160.451
20
47.785
0
VERTEX
8
Nb_GroundP
10
162.166
20
47.002
0
VERTEX
8
Nb_GroundP
10
163.894
20
46.239
0
VERTEX
8
Nb_GroundP
10
165.635
20
45.499
0
VERTEX
8
Nb_GroundP
10
166.51
20
45.138
0
VERTEX
8
Nb_GroundP
10
168.271
20
44.435
0
VERTEX
8
Nb_GroundP
10
170.045
20
43.759
0
VERTEX
8
Nb_GroundP
10
170.937
20
43.432
0
VERTEX
8
Nb_GroundP
10
172.057
20
43.033
0
VERTEX
8
Nb_GroundP
10
173.499
20
42.54
0
VERTEX
8
Nb_GroundP
10
174.949
20
42.068
0
VERTEX
8
Nb_GroundP
10
175.677
20
41.839
0
VERTEX
8
Nb_GroundP
10
176.59
20
41.562
0
VERTEX
8
Nb_GroundP
10
177.736
20
41.228
0
VERTEX
8
Nb_GroundP
10
179.175
20
40.83
0
VERTEX
8
Nb_GroundP
10
180.656
20
40.447
0
VERTEX
8
Nb_GroundP
10
182.145
20
40.088
0
VERTEX
8
Nb_GroundP
10
182.892
20
39.919
0
VERTEX
8
Nb_GroundP
10
183.828
20
39.716
0
VERTEX
8
Nb_GroundP
10
185.002
20
39.478
0
VERTEX
8
Nb_GroundP
10
186.474
20
39.204
0
VERTEX
8
Nb_GroundP
10
188.323
20
38.898
0
VERTEX
8
Nb_GroundP
10
189.843
20
38.681
0
VERTEX
8
Nb_GroundP
10
191.367
20
38.492
0
VERTEX
8
Nb_GroundP
10
192.13
20
38.409
0
VERTEX
8
Nb_GroundP
10
193.086
20
38.316
0
VERTEX
8
Nb_GroundP
10
194.283
20
38.216
0
VERTEX
8
Nb_GroundP
10
195.78
20
38.118
0
VERTEX
8
Nb_GroundP
10
197.655
20
38.036
0
VERTEX
8
Nb_GroundP
10
199.998
20
38
0
VERTEX
8
Nb_GroundP
10
300.002
20
38
0
VERTEX
8
Nb_GroundP
10
302.345
20
38.036
0
VERTEX
8
Nb_GroundP
10
304.22
20
38.118
0
VERTEX
8
Nb_GroundP
10
305.717
20
38.216
0
VERTEX
8
Nb_GroundP
10
306.914
20
38.316
0
VERTEX
8
Nb_GroundP
10
307.87
20
38.409
0
VERTEX
8
Nb_GroundP
10
308.633
20
38.492
0
VERTEX
8
Nb_GroundP
10
310.157
20
38.681
0
VERTEX
8
Nb_GroundP
10
311.677
20
38.898
0
VERTEX
8
Nb_GroundP
10
313.526
20
39.204
0
VERTEX
8
Nb_GroundP
10
314.998
20
39.478
0
VERTEX
8
Nb_GroundP
10
316.172
20
39.716
0
VERTEX
8
Nb_GroundP
10
317.108
20
39.919
0
VERTEX
8
Nb_GroundP
10
317.855
20
40.088
0
VERTEX
8
Nb_GroundP
10
319.344
20
40.447
0
VERTEX
8
Nb_GroundP
10
320.825
20
40.83
0
VERTEX
8
Nb_GroundP
10
322.264
20
41.228
0
VERTEX
8
Nb_GroundP
10
323.41
20
41.562
0
VERTEX
8
Nb_GroundP
10
324.323
20
41.839
0
VERTEX
8
Nb_GroundP
10
325.051
20
42.068
0
VERTEX
8
Nb_GroundP
10
326.501
20
42.54
0
VERTEX
8
Nb_GroundP
10
327.943
20
43.033
0
VERTEX
8
Nb_GroundP
10
329.063
20
43.432
0
VERTEX
8
Nb_GroundP
10
329.955
20
43.759
0
VERTEX
8
Nb_GroundP
10
331.729
20
44.435
0
VERTEX
8
Nb_GroundP
10
333.49
20
45.138
0
VERTEX
8
Nb_GroundP
10
334.365
20
45.499
0
VERTEX
8
Nb_GroundP
10
336.106
20
46.239
0
VERTEX
8
Nb_GroundP
10
337.834
20
47.002
0
VERTEX
8
Nb_GroundP
10
339.549
20
47.785
0
VERTEX
8
Nb_GroundP
10
341.252
20
48.589
0
VERTEX
8
Nb_GroundP
10
343.953
20
49.912
0
VERTEX
8
Nb_GroundP
10
346.094
20
51.001
0
VERTEX
8
Nb_GroundP
10
347.795
20
51.891
0
VERTEX
8
Nb_GroundP
10
349.148
20
52.614
0
VERTEX
8
Nb_GroundP
10
350.226
20
53.2
0
VERTEX
8
Nb_GroundP
10
352.37
20
54.39
0
VERTEX
8
Nb_GroundP
10
354.499
20
55.603
0
VERTEX
8
Nb_GroundP
10
357.408
20
57.282
0
VERTEX
8
Nb_GroundP
10
363.007
20
60.992
0
VERTEX
8
Nb_GroundP
10
368.367
20
65.04
0
VERTEX
8
Nb_GroundP
10
373.467
20
69.409
0
VERTEX
8
Nb_GroundP
10
378.289
20
74.085
0
VERTEX
8
Nb_GroundP
10
382.814
20
79.049
0
VERTEX
8
Nb_GroundP
10
387.025
20
84.281
0
VERTEX
8
Nb_GroundP
10
390.906
20
89.763
0
VERTEX
8
Nb_GroundP
10
394.441
20
95.474
0
VERTEX
8
Nb_GroundP
10
397.619
20
101.391
0
VERTEX
8
Nb_GroundP
10
400.426
20
107.493
0
VERTEX
8
Nb_GroundP
10
402.853
20
113.756
0
VERTEX
8
Nb_GroundP
10
404.889
20
120.156
0
VERTEX
8
Nb_GroundP
10
406.527
20
126.67
0
VERTEX
8
Nb_GroundP
10
407.761
20
133.272
0
VERTEX
8
Nb_GroundP
10
408.587
20
139.938
0
VERTEX
8
Nb_GroundP
10
409
20
146.642
0
VERTEX
8
Nb_GroundP
10
409
20
1602.75
0
VERTEX
8
Nb_GroundP
10
409.332
20
1608.239
0
VERTEX
8
Nb_GroundP
10
409.995
20
1613.699
0
VERTEX
8
Nb_GroundP
10
410.986
20
1619.108
0
VERTEX
8
Nb_GroundP
10
412.302
20
1624.448
0
VERTEX
8
Nb_GroundP
10
413.938
20
1629.698
0
VERTEX
8
Nb_GroundP
10
415.889
20
1634.84
0
VERTEX
8
Nb_GroundP
10
418.146
20
1639.855
0
VERTEX
8
Nb_GroundP
10
420.701
20
1644.725
0
VERTEX
8
Nb_GroundP
10
423.546
20
1649.431
0
VERTEX
8
Nb_GroundP
10
426.67
20
1653.957
0
VERTEX
8
Nb_GroundP
10
430.062
20
1658.286
0
VERTEX
8
Nb_GroundP
10
433.709
20
1662.402
0
VERTEX
8
Nb_GroundP
10
437.598
20
1666.291
0
VERTEX
8
Nb_GroundP
10
441.714
20
1669.938
0
VERTEX
8
Nb_GroundP
10
446.043
20
1673.33
0
VERTEX
8
Nb_GroundP
10
450.569
20
1676.454
0
VERTEX
8
Nb_GroundP
10
455.275
20
1679.299
0
VERTEX
8
Nb_GroundP
10
460.145
20
1681.854
0
VERTEX
8
Nb_GroundP
10
465.16
20
1684.111
0
VERTEX
8
Nb_GroundP
10
470.302
20
1686.062
0
VERTEX
8
Nb_GroundP
10
475.552
20
1687.698
0
VERTEX
8
Nb_GroundP
10
480.892
20
1689.014
0
VERTEX
8
Nb_GroundP
10
486.301
20
1690.005
0
VERTEX
8
Nb_GroundP
10
491.761
20
1690.668
0
VERTEX
8
Nb_GroundP
10
497.25
20
1691
0
VERTEX
8
Nb_GroundP
10
602.75
20
1691
0
VERTEX
8
Nb_GroundP
10
608.239
20
1690.668
0
VERTEX
8
Nb_GroundP
10
613.699
20
1690.005
0
VERTEX
8
Nb_GroundP
10
619.108
20
1689.014
0
VERTEX
8
Nb_GroundP
10
624.448
20
1687.698
0
VERTEX
8
Nb_GroundP
10
629.698
20
1686.062
0
VERTEX
8
Nb_GroundP
10
634.84
20
1684.111
0
VERTEX
8
Nb_GroundP
10
639.855
20
1681.854
0
VERTEX
8
Nb_GroundP
10
644.725
20
1679.299
0
VERTEX
8
Nb_GroundP
10
649.431
20
1676.454
0
VERTEX
8
Nb_GroundP
10
653.957
20
1673.33
0
VERTEX
8
Nb_GroundP
10
658.286
20
1669.938
0
VERTEX
8
Nb_GroundP
10
662.402
20
1666.291
0
VERTEX
8
Nb_GroundP
10
666.291
20
1662.402
0
VERTEX
8
Nb_GroundP
10
669.938
20
1658.286
0
VERTEX
8
Nb_GroundP
10
673.33
20
1653.957
0
VERTEX
8
Nb_GroundP
10
676.454
20
1649.431
0
VERTEX
8
Nb_GroundP
10
679.299
20
1644.725
0
VERTEX
8
Nb_GroundP
10
681.854
20
1639.855
0
VERTEX
8
Nb_GroundP
10
684.111
20
1634.84
0
VERTEX
8
Nb_GroundP
10
686.062
20
1629.698
0
VERTEX
8
Nb_GroundP
10
687.698
20
1624.448
0
VERTEX
8
Nb_GroundP
10
689.014
20
1619.108
0
VERTEX
8
Nb_GroundP
10
690.005
20
1613.699
0
VERTEX
8
Nb_GroundP
10
690.668
20
1608.239
0
VERTEX
8
Nb_GroundP
10
691
20
1602.75
0
VERTEX
8
Nb_GroundP
10
691
20
625.956
0
VERTEX
8
Nb_GroundP
10
691.008
20
625.869
0
VERTEX
8
Nb_GroundP
10
691.023
20
625.783
0
VERTEX
8
Nb_GroundP
10
691.045
20
625.699
0
VERTEX
8
Nb_GroundP
10
691.075
20
625.617
0
VERTEX
8
Nb_GroundP
10
691.112
20
625.538
0
VERTEX
8
Nb_GroundP
10
691.156
20
625.462
0
VERTEX
8
Nb_GroundP
10
691.206
20
625.391
0
VERTEX
8
Nb_GroundP
10
691.262
20
625.324
0
VERTEX
8
Nb_GroundP
10
691.324
20
625.262
0
VERTEX
8
Nb_GroundP
10
691.391
20
625.206
0
VERTEX
8
Nb_GroundP
10
691.462
20
625.156
0
VERTEX
8
Nb_GroundP
10
691.538
20
625.112
0
VERTEX
8
Nb_GroundP
10
691.617
20
625.075
0
VERTEX
8
Nb_GroundP
10
691.699
20
625.045
0
VERTEX
8
Nb_GroundP
10
691.783
20
625.023
0
VERTEX
8
Nb_GroundP
10
691.869
20
625.008
0
VERTEX
8
Nb_GroundP
10
691.956
20
625
0
VERTEX
8
Nb_GroundP
10
708.044
20
625
0
VERTEX
8
Nb_GroundP
10
708.131
20
625.008
0
VERTEX
8
Nb_GroundP
10
708.217
20
625.023
0
VERTEX
8
Nb_GroundP
10
708.301
20
625.045
0
VERTEX
8
Nb_GroundP
10
708.383
20
625.075
0
VERTEX
8
Nb_GroundP
10
708.462
20
625.112
0
VERTEX
8
Nb_GroundP
10
708.538
20
625.156
0
VERTEX
8
Nb_GroundP
10
708.609
20
625.206
0
VERTEX
8
Nb_GroundP
10
708.676
20
625.262
0
VERTEX
8
Nb_GroundP
10
708.738
20
625.324
0
VERTEX
8
Nb_GroundP
10
708.794
20
625.391
0
VERTEX
8
Nb_GroundP
10
708.844
20
625.462
0
VERTEX
8
Nb_GroundP
10
708.888
20
625.538
0
VERTEX
8
Nb_GroundP
10
708.925
20
625.617
0
VERTEX
8
Nb_GroundP
10
708.955
20
625.699
0
VERTEX
8
Nb_GroundP
10
708.977
20
625.783
0
VERTEX
8
Nb_GroundP
10
708.992
20
625.869
0
VERTEX
8
Nb_GroundP
10
709
20
625.956
0
VERTEX
8
Nb_GroundP
10
709
20
1603.294
0
VERTEX
8
Nb_GroundP
10
708.602
20
1609.869
0
VERTEX
8
Nb_GroundP
10
707.808
20
1616.408
0
VERTEX
8
Nb_GroundP
10
706.621
20
1622.887
0
VERTEX
8
Nb_GroundP
10
705.044
20
1629.283
0
VERTEX
8
Nb_GroundP
10
703.085
20
1635.572
0
VERTEX
8
Nb_GroundP
10
700.749
20
1641.732
0
VERTEX
8
Nb_GroundP
10
698.045
20
1647.738
0
VERTEX
8
Nb_GroundP
10
694.984
20
1653.571
0
VERTEX
8
Nb_GroundP
10
691.576
20
1659.208
0
VERTEX
8
Nb_GroundP
10
687.834
20
1664.63
0
VERTEX
8
Nb_GroundP
10
683.772
20
1669.815
0
VERTEX
8
Nb_GroundP
10
679.404
20
1674.746
0
VERTEX
8
Nb_GroundP
10
674.746
20
1679.404
0
VERTEX
8
Nb_GroundP
10
669.815
20
1683.772
0
VERTEX
8
Nb_GroundP
10
664.63
20
1687.834
0
VERTEX
8
Nb_GroundP
10
659.208
20
1691.576
0
VERTEX
8
Nb_GroundP
10
653.571
20
1694.984
0
VERTEX
8
Nb_GroundP
10
647.738
20
1698.045
0
VERTEX
8
Nb_GroundP
10
641.732
20
1700.749
0
VERTEX
8
Nb_GroundP
10
635.572
20
1703.085
0
VERTEX
8
Nb_GroundP
10
629.283
20
1705.044
0
VERTEX
8
Nb_GroundP
10
622.887
20
1706.621
0
VERTEX
8
Nb_GroundP
10
616.408
20
1707.808
0
VERTEX
8
Nb_GroundP
10
609.869
20
1708.602
0
VERTEX
8
Nb_GroundP
10
603.294
20
1709
0
VERTEX
8
Nb_GroundP
10
496.706
20
1709
0
VERTEX
8
Nb_GroundP
10
490.131
20
1708.602
0
VERTEX
8
Nb_GroundP
10
483.592
20
1707.808
0
VERTEX
8
Nb_GroundP
10
477.113
20
1706.621
0
VERTEX
8
Nb_GroundP
10
470.717
20
1705.044
0
VERTEX
8
Nb_GroundP
10
464.428
20
1703.085
0
VERTEX
8
Nb_GroundP
10
458.268
20
1700.749
0
VERTEX
8
Nb_GroundP
10
452.262
20
1698.045
0
VERTEX
8
Nb_GroundP
10
446.429
20
1694.984
0
VERTEX
8
Nb_GroundP
10
440.792
20
1691.576
0
VERTEX
8
Nb_GroundP
10
435.37
20
1687.834
0
VERTEX
8
Nb_GroundP
10
430.185
20
1683.772
0
VERTEX
8
Nb_GroundP
10
425.254
20
1679.404
0
VERTEX
8
Nb_GroundP
10
420.596
20
1674.746
0
VERTEX
8
Nb_GroundP
10
416.228
20
1669.815
0
VERTEX
8
Nb_GroundP
10
412.166
20
1664.63
0
VERTEX
8
Nb_GroundP
10
408.424
20
1659.208
0
VERTEX
8
Nb_GroundP
10
405.016
20
1653.571
0
VERTEX
8
Nb_GroundP
10
401.955
20
1647.738
0
VERTEX
8
Nb_GroundP
10
399.251
20
1641.732
0
VERTEX
8
Nb_GroundP
10
396.915
20
1635.572
0
VERTEX
8
Nb_GroundP
10
394.956
20
1629.283
0
VERTEX
8
Nb_GroundP
10
393.379
20
1622.887
0
VERTEX
8
Nb_GroundP
10
392.192
20
1616.408
0
VERTEX
8
Nb_GroundP
10
391.398
20
1609.869
0
VERTEX
8
Nb_GroundP
10
391
20
1603.294
0
VERTEX
8
Nb_GroundP
10
391
20
150.205
0
VERTEX
8
Nb_GroundP
10
391.006
20
147.395
0
VERTEX
8
Nb_GroundP
10
390.672
20
141.786
0
VERTEX
8
Nb_GroundP
10
389.993
20
136.207
0
VERTEX
8
Nb_GroundP
10
388.97
20
130.682
0
VERTEX
8
Nb_GroundP
10
387.609
20
125.23
0
VERTEX
8
Nb_GroundP
10
385.914
20
119.872
0
VERTEX
8
Nb_GroundP
10
383.892
20
114.629
0
VERTEX
8
Nb_GroundP
10
381.55
20
109.521
0
VERTEX
8
Nb_GroundP
10
378.897
20
104.567
0
VERTEX
8
Nb_GroundP
10
375.944
20
99.786
0
VERTEX
8
Nb_GroundP
10
372.702
20
95.197
0
VERTEX
8
Nb_GroundP
10
369.182
20
90.816
0
VERTEX
8
Nb_GroundP
10
365.4
20
86.661
0
VERTEX
8
Nb_GroundP
10
361.367
20
82.747
0
VERTEX
8
Nb_GroundP
10
357.102
20
79.089
0
VERTEX
8
Nb_GroundP
10
352.618
20
75.701
0
VERTEX
8
Nb_GroundP
10
347.934
20
72.597
0
VERTEX
8
Nb_GroundP
10
345.501
20
71.192
0
VERTEX
8
Nb_GroundP
10
344.358
20
70.55
0
VERTEX
8
Nb_GroundP
10
343.202
20
69.934
0
VERTEX
8
Nb_GroundP
10
342.619
20
69.637
0
VERTEX
8
Nb_GroundP
10
341.886
20
69.274
0
VERTEX
8
Nb_GroundP
10
340.962
20
68.835
0
VERTEX
8
Nb_GroundP
10
339.796
20
68.309
0
VERTEX
8
Nb_GroundP
10
338.325
20
67.688
0
VERTEX
8
Nb_GroundP
10
336.463
20
66.968
0
VERTEX
8
Nb_GroundP
10
335.289
20
66.548
0
VERTEX
8
Nb_GroundP
10
334.108
20
66.152
0
VERTEX
8
Nb_GroundP
10
332.92
20
65.78
0
VERTEX
8
Nb_GroundP
10
331.725
20
65.43
0
VERTEX
8
Nb_GroundP
10
331.126
20
65.263
0
VERTEX
8
Nb_GroundP
10
329.924
20
64.946
0
VERTEX
8
Nb_GroundP
10
328.718
20
64.65
0
VERTEX
8
Nb_GroundP
10
328.113
20
64.51
0
VERTEX
8
Nb_GroundP
10
327.357
20
64.342
0
VERTEX
8
Nb_GroundP
10
325.84
20
64.029
0
VERTEX
8
Nb_GroundP
10
324.32
20
63.746
0
VERTEX
8
Nb_GroundP
10
323.558
20
63.615
0
VERTEX
8
Nb_GroundP
10
322.606
20
63.461
0
VERTEX
8
Nb_GroundP
10
321.082
20
63.235
0
VERTEX
8
Nb_GroundP
10
319.557
20
63.034
0
VERTEX
8
Nb_GroundP
10
318.795
20
62.942
0
VERTEX
8
Nb_GroundP
10
317.842
20
62.835
0
VERTEX
8
Nb_GroundP
10
316.651
20
62.713
0
VERTEX
8
Nb_GroundP
10
314.747
20
62.542
0
VERTEX
8
Nb_GroundP
10
312.846
20
62.4
0
VERTEX
8
Nb_GroundP
10
311.896
20
62.339
0
VERTEX
8
Nb_GroundP
10
310.71
20
62.27
0
VERTEX
8
Nb_GroundP
10
309.228
20
62.197
0
VERTEX
8
Nb_GroundP
10
306.862
20
62.107
0
VERTEX
8
Nb_GroundP
10
304.499
20
62.045
0
VERTEX
8
Nb_GroundP
10
303.318
20
62.024
0
VERTEX
8
Nb_GroundP
10
301.843
20
62.007
0
VERTEX
8
Nb_GroundP
10
299.998
20
62
0
VERTEX
8
Nb_GroundP
10
200.002
20
62
0
VERTEX
8
Nb_GroundP
10
198.157
20
62.007
0
VERTEX
8
Nb_GroundP
10
196.682
20
62.024
0
VERTEX
8
Nb_GroundP
10
195.501
20
62.045
0
VERTEX
8
Nb_GroundP
10
193.138
20
62.107
0
VERTEX
8
Nb_GroundP
10
190.772
20
62.197
0
VERTEX
8
Nb_GroundP
10
189.29
20
62.27
0
VERTEX
8
Nb_GroundP
10
188.104
20
62.339
0
VERTEX
8
Nb_GroundP
10
187.154
20
62.4
0
VERTEX
8
Nb_GroundP
10
185.253
20
62.542
0
VERTEX
8
Nb_GroundP
10
183.349
20
62.713
0
VERTEX
8
Nb_GroundP
10
182.158
20
62.835
0
VERTEX
8
Nb_GroundP
10
181.205
20
62.942
0
VERTEX
8
Nb_GroundP
10
180.443
20
63.034
0
VERTEX
8
Nb_GroundP
10
178.918
20
63.235
0
VERTEX
8
Nb_GroundP
10
177.394
20
63.461
0
VERTEX
8
Nb_GroundP
10
176.442
20
63.615
0
VERTEX
8
Nb_GroundP
10
175.68
20
63.746
0
VERTEX
8
Nb_GroundP
10
174.16
20
64.029
0
VERTEX
8
Nb_GroundP
10
172.643
20
64.342
0
VERTEX
8
Nb_GroundP
10
171.887
20
64.51
0
VERTEX
8
Nb_GroundP
10
171.282
20
64.65
0
VERTEX
8
Nb_GroundP
10
170.076
20
64.946
0
VERTEX
8
Nb_GroundP
10
168.874
20
65.263
0
VERTEX
8
Nb_GroundP
10
168.275
20
65.43
0
VERTEX
8
Nb_GroundP
10
167.08
20
65.78
0
VERTEX
8
Nb_GroundP
10
165.892
20
66.152
0
VERTEX
8
Nb_GroundP
10
164.711
20
66.548
0
VERTEX
8
Nb_GroundP
10
163.537
20
66.968
0
VERTEX
8
Nb_GroundP
10
161.675
20
67.688
0
VERTEX
8
Nb_GroundP
10
160.204
20
68.309
0
VERTEX
8
Nb_GroundP
10
159.038
20
68.835
0
VERTEX
8
Nb_GroundP
10
158.114
20
69.274
0
VERTEX
8
Nb_GroundP
10
157.381
20
69.637
0
VERTEX
8
Nb_GroundP
10
156.798
20
69.934
0
VERTEX
8
Nb_GroundP
10
155.642
20
70.55
0
VERTEX
8
Nb_GroundP
10
154.499
20
71.192
0
VERTEX
8
Nb_GroundP
10
152.066
20
72.597
0
VERTEX
8
Nb_GroundP
10
147.382
20
75.701
0
VERTEX
8
Nb_GroundP
10
142.898
20
79.089
0
VERTEX
8
Nb_GroundP
10
138.633
20
82.747
0
VERTEX
8
Nb_GroundP
10
134.6
20
86.661
0
VERTEX
8
Nb_GroundP
10
130.818
20
90.816
0
VERTEX
8
Nb_GroundP
10
127.298
20
95.197
0
VERTEX
8
Nb_GroundP
10
124.056
20
99.786
0
VERTEX
8
Nb_GroundP
10
121.103
20
104.567
0
VERTEX
8
Nb_GroundP
10
118.45
20
109.521
0
VERTEX
8
Nb_GroundP
10
116.108
20
114.629
0
VERTEX
8
Nb_GroundP
10
114.086
20
119.872
0
VERTEX
8
Nb_GroundP
10
112.391
20
125.23
0
VERTEX
8
Nb_GroundP
10
111.03
20
130.682
0
VERTEX
8
Nb_GroundP
10
110.007
20
136.207
0
VERTEX
8
Nb_GroundP
10
109.328
20
141.786
0
VERTEX
8
Nb_GroundP
10
108.994
20
147.395
0
VERTEX
8
Nb_GroundP
10
109
20
150.205
0
VERTEX
8
Nb_GroundP
10
109
20
1699.044
0
VERTEX
8
Nb_GroundP
10
109.008
20
1699.131
0
VERTEX
8
Nb_GroundP
10
109.023
20
1699.217
0
VERTEX
8
Nb_GroundP
10
109.045
20
1699.301
0
VERTEX
8
Nb_GroundP
10
109.075
20
1699.383
0
VERTEX
8
Nb_GroundP
10
109.112
20
1699.462
0
VERTEX
8
Nb_GroundP
10
109.156
20
1699.538
0
VERTEX
8
Nb_GroundP
10
109.206
20
1699.609
0
VERTEX
8
Nb_GroundP
10
109.262
20
1699.676
0
VERTEX
8
Nb_GroundP
10
109.324
20
1699.738
0
VERTEX
8
Nb_GroundP
10
109.391
20
1699.794
0
VERTEX
8
Nb_GroundP
10
109.462
20
1699.844
0
VERTEX
8
Nb_GroundP
10
109.538
20
1699.888
0
VERTEX
8
Nb_GroundP
10
109.617
20
1699.925
0
VERTEX
8
Nb_GroundP
10
109.699
20
1699.955
0
VERTEX
8
Nb_GroundP
10
109.783
20
1699.977
0
VERTEX
8
Nb_GroundP
10
109.869
20
1699.992
0
VERTEX
8
Nb_GroundP
10
109.956
20
1700
0
VERTEX
8
Nb_GroundP
10
119.044
20
1700
0
VERTEX
8
Nb_GroundP
10
119.131
20
1699.992
0
VERTEX
8
Nb_GroundP
10
119.217
20
1699.977
0
VERTEX
8
Nb_GroundP
10
119.301
20
1699.955
0
VERTEX
8
Nb_GroundP
10
119.383
20
1699.925
0
VERTEX
8
Nb_GroundP
10
119.462
20
1699.888
0
VERTEX
8
Nb_GroundP
10
119.538
20
1699.844
0
VERTEX
8
Nb_GroundP
10
119.609
20
1699.794
0
VERTEX
8
Nb_GroundP
10
119.676
20
1699.738
0
VERTEX
8
Nb_GroundP
10
119.738
20
1699.676
0
VERTEX
8
Nb_GroundP
10
119.794
20
1699.609
0
VERTEX
8
Nb_GroundP
10
119.844
20
1699.538
0
VERTEX
8
Nb_GroundP
10
119.888
20
1699.462
0
VERTEX
8
Nb_GroundP
10
119.925
20
1699.383
0
VERTEX
8
Nb_GroundP
10
119.955
20
1699.301
0
VERTEX
8
Nb_GroundP
10
119.977
20
1699.217
0
VERTEX
8
Nb_GroundP
10
119.992
20
1699.131
0
VERTEX
8
Nb_GroundP
10
120
20
1699.044
0
VERTEX
8
Nb_GroundP
10
120
20
147.583
0
VERTEX
8
Nb_GroundP
10
120.292
20
142.757
0
VERTEX
8
Nb_GroundP
10
120.875
20
137.957
0
VERTEX
8
Nb_GroundP
10
121.746
20
133.202
0
VERTEX
8
Nb_GroundP
10
122.903
20
128.508
0
VERTEX
8
Nb_GroundP
10
124.341
20
123.892
0
VERTEX
8
Nb_GroundP
10
126.056
20
119.371
0
VERTEX
8
Nb_GroundP
10
128.04
20
114.963
0
VERTEX
8
Nb_GroundP
10
130.287
20
110.682
0
VERTEX
8
Nb_GroundP
10
132.788
20
106.544
0
VERTEX
8
Nb_GroundP
10
135.534
20
102.565
0
VERTEX
8
Nb_GroundP
10
138.516
20
98.76
0
VERTEX
8
Nb_GroundP
10
141.722
20
95.141
0
VERTEX
8
Nb_GroundP
10
145.141
20
91.722
0
VERTEX
8
Nb_GroundP
10
148.76
20
88.516
0
VERTEX
8
Nb_GroundP
10
152.565
20
85.534
0
VERTEX
8
Nb_GroundP
10
156.544
20
82.788
0
VERTEX
8
Nb_GroundP
10
160.682
20
80.287
0
VERTEX
8
Nb_GroundP
10
164.963
20
78.04
0
VERTEX
8
Nb_GroundP
10
169.371
20
76.056
0
VERTEX
8
Nb_GroundP
10
173.892
20
74.341
0
VERTEX
8
Nb_GroundP
10
178.508
20
72.903
0
VERTEX
8
Nb_GroundP
10
183.202
20
71.746
0
VERTEX
8
Nb_GroundP
10
187.957
20
70.875
0
VERTEX
8
Nb_GroundP
10
192.757
20
70.292
0
VERTEX
8
Nb_GroundP
10
197.583
20
70
0
VERTEX
8
Nb_GroundP
10
302.417
20
70
0
VERTEX
8
Nb_GroundP
10
307.243
20
70.292
0
VERTEX
8
Nb_GroundP
10
312.043
20
70.875
0
VERTEX
8
Nb_GroundP
10
316.798
20
71.746
0
VERTEX
8
Nb_GroundP
10
321.492
20
72.903
0
VERTEX
8
Nb_GroundP
10
326.108
20
74.341
0
VERTEX
8
Nb_GroundP
10
330.629
20
76.056
0
VERTEX
8
Nb_GroundP
10
335.037
20
78.04
0
VERTEX
8
Nb_GroundP
10
339.318
20
80.287
0
VERTEX
8
Nb_GroundP
10
343.456
20
82.788
0
VERTEX
8
Nb_GroundP
10
347.435
20
85.534
0
VERTEX
8
Nb_GroundP
10
351.24
20
88.516
0
VERTEX
8
Nb_GroundP
10
354.859
20
91.722
0
VERTEX
8
Nb_GroundP
10
358.278
20
95.141
0
VERTEX
8
Nb_GroundP
10
361.484
20
98.76
0
VERTEX
8
Nb_GroundP
10
364.466
20
102.565
0
VERTEX
8
Nb_GroundP
10
367.212
20
106.544
0
VERTEX
8
Nb_GroundP
10
369.713
20
110.682
0
VERTEX
8
Nb_GroundP
10
371.96
20
114.963
0
VERTEX
8
Nb_GroundP
10
373.944
20
119.371
0
VERTEX
8
Nb_GroundP
10
375.659
20
123.892
0
VERTEX
8
Nb_GroundP
10
377.097
20
128.508
0
VERTEX
8
Nb_GroundP
10
378.254
20
133.202
0
VERTEX
8
Nb_GroundP
10
379.125
20
137.957
0
VERTEX
8
Nb_GroundP
10
379.708
20
142.757
0
VERTEX
8
Nb_GroundP
10
380
20
147.583
0
VERTEX
8
Nb_GroundP
10
380
20
1603.626
0
VERTEX
8
Nb_GroundP
10
380.438
20
1610.865
0
VERTEX
8
Nb_GroundP
10
381.312
20
1618.064
0
VERTEX
8
Nb_GroundP
10
382.619
20
1625.197
0
VERTEX
8
Nb_GroundP
10
384.355
20
1632.239
0
VERTEX
8
Nb_GroundP
10
386.512
20
1639.162
0
VERTEX
8
Nb_GroundP
10
389.084
20
1645.943
0
VERTEX
8
Nb_GroundP
10
392.06
20
1652.556
0
VERTEX
8
Nb_GroundP
10
395.43
20
1658.977
0
VERTEX
8
Nb_GroundP
10
399.182
20
1665.184
0
VERTEX
8
Nb_GroundP
10
403.302
20
1671.152
0
VERTEX
8
Nb_GroundP
10
407.774
20
1676.861
0
VERTEX
8
Nb_GroundP
10
412.583
20
1682.289
0
VERTEX
8
Nb_GroundP
10
417.711
20
1687.417
0
VERTEX
8
Nb_GroundP
10
423.139
20
1692.226
0
VERTEX
8
Nb_GroundP
10
428.848
20
1696.698
0
VERTEX
8
Nb_GroundP
10
434.816
20
1700.818
0
VERTEX
8
Nb_GroundP
10
441.023
20
1704.57
0
VERTEX
8
Nb_GroundP
10
447.444
20
1707.94
0
VERTEX
8
Nb_GroundP
10
454.057
20
1710.916
0
VERTEX
8
Nb_GroundP
10
460.838
20
1713.488
0
VERTEX
8
Nb_GroundP
10
467.761
20
1715.645
0
VERTEX
8
Nb_GroundP
10
474.803
20
1717.381
0
VERTEX
8
Nb_GroundP
10
481.936
20
1718.688
0
VERTEX
8
Nb_GroundP
10
489.135
20
1719.562
0
VERTEX
8
Nb_GroundP
10
496.374
20
1720
0
VERTEX
8
Nb_GroundP
10
603.626
20
1720
0
VERTEX
8
Nb_GroundP
10
610.865
20
1719.562
0
VERTEX
8
Nb_GroundP
10
618.064
20
1718.688
0
VERTEX
8
Nb_GroundP
10
625.197
20
1717.381
0
VERTEX
8
Nb_GroundP
10
632.239
20
1715.645
0
VERTEX
8
Nb_GroundP
10
639.162
20
1713.488
0
VERTEX
8
Nb_GroundP
10
645.943
20
1710.916
0
VERTEX
8
Nb_GroundP
10
652.556
20
1707.94
0
VERTEX
8
Nb_GroundP
10
658.977
20
1704.57
0
VERTEX
8
Nb_GroundP
10
665.184
20
1700.818
0
VERTEX
8
Nb_GroundP
10
671.152
20
1696.698
0
VERTEX
8
Nb_GroundP
10
676.861
20
1692.226
0
VERTEX
8
Nb_GroundP
10
682.289
20
1687.417
0
VERTEX
8
Nb_GroundP
10
687.417
20
1682.289
0
VERTEX
8
Nb_GroundP
10
692.226
20
1676.861
0
VERTEX
8
Nb_GroundP
10
696.698
20
1671.152
0
VERTEX
8
Nb_GroundP
10
700.818
20
1665.184
0
VERTEX
8
Nb_GroundP
10
704.57
20
1658.977
0
VERTEX
8
Nb_GroundP
10
707.94
20
1652.556
0
VERTEX
8
Nb_GroundP
10
710.916
20
1645.943
0
VERTEX
8
Nb_GroundP
10
713.488
20
1639.162
0
VERTEX
8
Nb_GroundP
10
715.645
20
1632.239
0
VERTEX
8
Nb_GroundP
10
717.381
20
1625.197
0
VERTEX
8
Nb_GroundP
10
718.688
20
1618.064
0
VERTEX
8
Nb_GroundP
10
719.562
20
1610.865
0
VERTEX
8
Nb_GroundP
10
720
20
1603.626
0
VERTEX
8
Nb_GroundP
10
720
20
575.956
0
VERTEX
8
Nb_GroundP
10
719.992
20
575.869
0
VERTEX
8
Nb_GroundP
10
719.977
20
575.783
0
VERTEX
8
Nb_GroundP
10
719.955
20
575.699
0
VERTEX
8
Nb_GroundP
10
719.925
20
575.617
0
VERTEX
8
Nb_GroundP
10
719.888
20
575.538
0
VERTEX
8
Nb_GroundP
10
719.844
20
575.462
0
VERTEX
8
Nb_GroundP
10
719.794
20
575.391
0
VERTEX
8
Nb_GroundP
10
719.738
20
575.324
0
VERTEX
8
Nb_GroundP
10
719.676
20
575.262
0
VERTEX
8
Nb_GroundP
10
719.609
20
575.206
0
VERTEX
8
Nb_GroundP
10
719.538
20
575.156
0
VERTEX
8
Nb_GroundP
10
719.462
20
575.112
0
VERTEX
8
Nb_GroundP
10
719.383
20
575.075
0
VERTEX
8
Nb_GroundP
10
719.301
20
575.045
0
VERTEX
8
Nb_GroundP
10
719.217
20
575.023
0
VERTEX
8
Nb_GroundP
10
719.131
20
575.008
0
VERTEX
8
Nb_GroundP
10
719.044
20
575
0
VERTEX
8
Nb_GroundP
10
680.956
20
575
0
VERTEX
8
Nb_GroundP
10
680.869
20
575.008
0
VERTEX
8
Nb_GroundP
10
680.783
20
575.023
0
VERTEX
8
Nb_GroundP
10
680.699
20
575.045
0
VERTEX
8
Nb_GroundP
10
680.617
20
575.075
0
VERTEX
8
Nb_GroundP
10
680.538
20
575.112
0
VERTEX
8
Nb_GroundP
10
680.462
20
575.156
0
VERTEX
8
Nb_GroundP
10
680.391
20
575.206
0
VERTEX
8
Nb_GroundP
10
680.324
20
575.262
0
VERTEX
8
Nb_GroundP
10
680.262
20
575.324
0
VERTEX
8
Nb_GroundP
10
680.206
20
575.391
0
VERTEX
8
Nb_GroundP
10
680.156
20
575.462
0
VERTEX
8
Nb_GroundP
10
680.112
20
575.538
0
VERTEX
8
Nb_GroundP
10
680.075
20
575.617
0
VERTEX
8
Nb_GroundP
10
680.045
20
575.699
0
VERTEX
8
Nb_GroundP
10
680.023
20
575.783
0
VERTEX
8
Nb_GroundP
10
680.008
20
575.869
0
VERTEX
8
Nb_GroundP
10
680
20
575.956
0
VERTEX
8
Nb_GroundP
10
680
20
1602.417
0
VERTEX
8
Nb_GroundP
10
679.708
20
1607.243
0
VERTEX
8
Nb_GroundP
10
679.125
20
1612.043
0
VERTEX
8
Nb_GroundP
10
678.254
20
1616.798
0
VERTEX
8
Nb_GroundP
10
677.097
20
1621.492
0
VERTEX
8
Nb_GroundP
10
675.659
20
1626.108
0
VERTEX
8
Nb_GroundP
10
673.944
20
1630.629
0
VERTEX
8
Nb_GroundP
10
671.96
20
1635.037
0
VERTEX
8
Nb_GroundP
10
669.713
20
1639.318
0
VERTEX
8
Nb_GroundP
10
667.212
20
1643.456
0
VERTEX
8
Nb_GroundP
10
664.466
20
1647.435
0
VERTEX
8
Nb_GroundP
10
661.484
20
1651.24
0
VERTEX
8
Nb_GroundP
10
658.278
20
1654.859
0
VERTEX
8
Nb_GroundP
10
654.859
20
1658.278
0
VERTEX
8
Nb_GroundP
10
651.24
20
1661.484
0
VERTEX
8
Nb_GroundP
10
647.435
20
1664.466
0
VERTEX
8
Nb_GroundP
10
643.456
20
1667.212
0
VERTEX
8
Nb_GroundP
10
639.318
20
1669.713
0
VERTEX
8
Nb_GroundP
10
635.037
20
1671.96
0
VERTEX
8
Nb_GroundP
10
630.629
20
1673.944
0
VERTEX
8
Nb_GroundP
10
626.108
20
1675.659
0
VERTEX
8
Nb_GroundP
10
621.492
20
1677.097
0
VERTEX
8
Nb_GroundP
10
616.798
20
1678.254
0
VERTEX
8
Nb_GroundP
10
612.043
20
1679.125
0
VERTEX
8
Nb_GroundP
10
607.243
20
1679.708
0
VERTEX
8
Nb_GroundP
10
602.417
20
1680
0
VERTEX
8
Nb_GroundP
10
497.583
20
1680
0
VERTEX
8
Nb_GroundP
10
492.757
20
1679.708
0
VERTEX
8
Nb_GroundP
10
487.957
20
1679.125
0
VERTEX
8
Nb_GroundP
10
483.202
20
1678.254
0
VERTEX
8
Nb_GroundP
10
478.508
20
1677.097
0
VERTEX
8
Nb_GroundP
10
473.892
20
1675.659
0
VERTEX
8
Nb_GroundP
10
469.371
20
1673.944
0
VERTEX
8
Nb_GroundP
10
464.963
20
1671.96
0
VERTEX
8
Nb_GroundP
10
460.682
20
1669.713
0
VERTEX
8
Nb_GroundP
10
456.544
20
1667.212
0
VERTEX
8
Nb_GroundP
10
452.565
20
1664.466
0
VERTEX
8
Nb_GroundP
10
448.76
20
1661.484
0
VERTEX
8
Nb_GroundP
10
445.141
20
1658.278
0
VERTEX
8
Nb_GroundP
10
441.722
20
1654.859
0
VERTEX
8
Nb_GroundP
10
438.516
20
1651.24
0
VERTEX
8
Nb_GroundP
10
435.534
20
1647.435
0
VERTEX
8
Nb_GroundP
10
432.788
20
1643.456
0
VERTEX
8
Nb_GroundP
10
430.287
20
1639.318
0
VERTEX
8
Nb_GroundP
10
428.04
20
1635.037
0
VERTEX
8
Nb_GroundP
10
426.056
20
1630.629
0
VERTEX
8
Nb_GroundP
10
424.341
20
1626.108
0
VERTEX
8
Nb_GroundP
10
422.903
20
1621.492
0
VERTEX
8
Nb_GroundP
10
421.746
20
1616.798
0
VERTEX
8
Nb_GroundP
10
420.875
20
1612.043
0
VERTEX
8
Nb_GroundP
10
420.292
20
1607.243
0
VERTEX
8
Nb_GroundP
10
420
20
1602.417
0
VERTEX
8
Nb_GroundP
10
420
20
146.374
0
VERTEX
8
Nb_GroundP
10
419.562
20
139.135
0
VERTEX
8
Nb_GroundP
10
418.688
20
131.936
0
VERTEX
8
Nb_GroundP
10
417.381
20
124.803
0
VERTEX
8
Nb_GroundP
10
415.645
20
117.761
0
VERTEX
8
Nb_GroundP
10
413.488
20
110.838
0
VERTEX
8
Nb_GroundP
10
410.916
20
104.057
0
VERTEX
8
Nb_GroundP
10
407.94
20
97.444
0
VERTEX
8
Nb_GroundP
10
404.57
20
91.023
0
VERTEX
8
Nb_GroundP
10
400.818
20
84.816
0
VERTEX
8
Nb_GroundP
10
396.698
20
78.848
0
VERTEX
8
Nb_GroundP
10
392.226
20
73.139
0
VERTEX
8
Nb_GroundP
10
387.417
20
67.711
0
VERTEX
8
Nb_GroundP
10
382.289
20
62.583
0
VERTEX
8
Nb_GroundP
10
376.861
20
57.774
0
VERTEX
8
Nb_GroundP
10
371.152
20
53.302
0
VERTEX
8
Nb_GroundP
10
365.184
20
49.182
0
VERTEX
8
Nb_GroundP
10
358.977
20
45.43
0
VERTEX
8
Nb_GroundP
10
352.556
20
42.06
0
VERTEX
8
Nb_GroundP
10
345.943
20
39.084
0
VERTEX
8
Nb_GroundP
10
339.162
20
36.512
0
VERTEX
8
Nb_GroundP
10
332.239
20
34.355
0
VERTEX
8
Nb_GroundP
10
325.197
20
32.619
0
VERTEX
8
Nb_GroundP
10
318.064
20
31.312
0
VERTEX
8
Nb_GroundP
10
310.865
20
30.438
0
VERTEX
8
Nb_GroundP
10
303.626
20
30
0
SEQEND
0
POLYLINE
8
Nb_GroundP
70
1
40
0
41
0
66
1
0
VERTEX
8
Nb_GroundP
10
396.374
20
-1720
0
VERTEX
8
Nb_GroundP
10
389.135
20
-1719.562
0
VERTEX
8
Nb_GroundP
10
381.936
20
-1718.688
0
VERTEX
8
Nb_GroundP
10
374.803
20
-1717.381
0
VERTEX
8
Nb_GroundP
10
367.761
20
-1715.645
0
VERTEX
8
Nb_GroundP
10
360.838
20
-1713.488
0
VERTEX
8
Nb_GroundP
10
354.057
20
-1710.916
0
VERTEX
8
Nb_GroundP
10
347.444
20
-1707.94
0
VERTEX
8
Nb_GroundP
10
341.023
20
-1704.57
0
VERTEX
8
Nb_GroundP
10
334.816
20
-1700.818
0
VERTEX
8
Nb_GroundP
10
328.848
20
-1696.698
0
VERTEX
8
Nb_GroundP
10
323.139
20
-1692.226
0
VERTEX
8
Nb_GroundP
10
317.711
20
-1687.417
0
VERTEX
8
Nb_GroundP
10
312.583
20
-1682.289
0
VERTEX
8
Nb_GroundP
10
307.774
20
-1676.861
0
VERTEX
8
Nb_GroundP
10
303.302
20
-1671.152
0
VERTEX
8
Nb_GroundP
10
299.182
20
-1665.184
0
VERTEX
8
Nb_GroundP
10
295.43
20
-1658.977
0
VERTEX
8
Nb_GroundP
10
292.06
20
-1652.556
0
VERTEX
8
Nb_GroundP
10
289.084
20
-1645.943
0
VERTEX
8
Nb_GroundP
10
286.512
20
-1639.162
0
VERTEX
8
Nb_GroundP
10
284.355
20
-1632.239
0
VERTEX
8
Nb_GroundP
10
282.619
20
-1625.197
0
VERTEX
8
Nb_GroundP
10
281.312
20
-1618.064
0
VERTEX
8
Nb_GroundP
10
280.438
20
-1610.865
0
VERTEX
8
Nb_GroundP
10
280
20
-1603.626
0
VERTEX
8
Nb_GroundP
10
280
20
-275.956
0
VERTEX
8
Nb_GroundP
10
280.008
20
-275.869
0
VERTEX
8
Nb_GroundP
10
280.023
20
-275.783
0
VERTEX
8
Nb_GroundP
10
280.045
20
-275.699
0
VERTEX
8
Nb_GroundP
10
280.075
20
-275.617
0
VERTEX
8
Nb_GroundP
10
280.112
20
-275.538
0
VERTEX
8
Nb_GroundP
10
280.156
20
-275.462
0
VERTEX
8
Nb_GroundP
10
280.206
20
-275.391
0
VERTEX
8
Nb_GroundP
10
280.262
20
-275.324
0
VERTEX
8
Nb_GroundP
10
280.324
20
-275.262
0
VERTEX
8
Nb_GroundP
10
280.391
20
-275.206
0
VERTEX
8
Nb_GroundP
10
280.462
20
-275.156
0
VERTEX
8
Nb_GroundP
10
280.538
20
-275.112
0
VERTEX
8
Nb_GroundP
10
280.617
20
-275.075
0
VERTEX
8
Nb_GroundP
10
280.699
20
-275.045
0
VERTEX
8
Nb_GroundP
10
280.783
20
-275.023
0
VERTEX
8
Nb_GroundP
10
280.869
20
-275.008
0
VERTEX
8
Nb_GroundP
10
280.956
20
-275
0
VERTEX
8
Nb_GroundP
10
319.044
20
-275
0
VERTEX
8
Nb_GroundP
10
319.131
20
-275.008
0
VERTEX
8
Nb_GroundP
10
319.217
20
-275.023
0
VERTEX
8
Nb_GroundP
10
319.301
20
-275.045
0
VERTEX
8
Nb_GroundP
10
319.383
20
-275.075
0
VERTEX
8
Nb_GroundP
10
319.462
20
-275.112
0
VERTEX
8
Nb_GroundP
10
319.538
20
-275.156
0
VERTEX
8
Nb_GroundP
10
319.609
20
-275.206
0
VERTEX
8
Nb_GroundP
10
319.676
20
-275.262
0
VERTEX
8
Nb_GroundP
10
319.738
20
-275.324
0
VERTEX
8
Nb_GroundP
10
319.794
20
-275.391
0
VERTEX
8
Nb_GroundP
10
319.844
20
-275.462
0
VERTEX
8
Nb_GroundP
10
319.888
20
-275.538
0
VERTEX
8
Nb_GroundP
10
319.925
20
-275.617
0
VERTEX
8
Nb_GroundP
10
319.955
20
-275.699
0
VERTEX
8
Nb_GroundP
10
319.977
20
-275.783
0
VERTEX
8
Nb_GroundP
10
319.992
20
-275.869
0
VERTEX
8
Nb_GroundP
10
320
20
-275.956
0
VERTEX
8
Nb_GroundP
10
320
20
-1602.417
0
VERTEX
8
Nb_GroundP
10
320.292
20
-1607.243
0
VERTEX
8
Nb_GroundP
10
320.875
20
-1612.043
0
VERTEX
8
Nb_GroundP
10
321.746
20
-1616.798
0
VERTEX
8
Nb_GroundP
10
322.903
20
-1621.492
0
VERTEX
8
Nb_GroundP
10
324.341
20
-1626.108
0
VERTEX
8
Nb_GroundP
10
326.056
20
-1630.629
0
VERTEX
8
Nb_GroundP
10
328.04
20
-1635.037
0
VERTEX
8
Nb_GroundP
10
330.287
20
-1639.318
0
VERTEX
8
Nb_GroundP
10
332.788
20
-1643.456
0
VERTEX
8
Nb_GroundP
10
335.534
20
-1647.435
0
VERTEX
8
Nb_GroundP
10
338.516
20
-1651.24
0
VERTEX
8
Nb_GroundP
10
341.722
20
-1654.859
0
VERTEX
8
Nb_GroundP
10
345.141
20
-1658.278
0
VERTEX
8
Nb_GroundP
10
348.76
20
-1661.484
0
VERTEX
8
Nb_GroundP
10
352.565
20
-1664.466
0
VERTEX
8
Nb_GroundP
10
356.544
20
-1667.212
0
VERTEX
8
Nb_GroundP
10
360.682
20
-1669.713
0
VERTEX
8
Nb_GroundP
10
364.963
20
-1671.96
0
VERTEX
8
Nb_GroundP
10
369.371
20
-1673.944
0
VERTEX
8
Nb_GroundP
10
373.892
20
-1675.659
0
VERTEX
8
Nb_GroundP
10
378.508
20
-1677.097
0
VERTEX
8
Nb_GroundP
10
383.202
20
-1678.254
0
VERTEX
8
Nb_GroundP
10
387.957
20
-1679.125
0
VERTEX
8
Nb_GroundP
10
392.757
20
-1679.708
0
VERTEX
8
Nb_GroundP
10
397.583
20
-1680
0
VERTEX
8
Nb_GroundP
10
502.417
20
-1680
0
VERTEX
8
Nb_GroundP
10
507.243
20
-1679.708
0
VERTEX
8
Nb_GroundP
10
512.043
20
-1679.125
0
VERTEX
8
Nb_GroundP
10
516.798
20
-1678.254
0
VERTEX
8
Nb_GroundP
10
521.492
20
-1677.097
0
VERTEX
8
Nb_GroundP
10
526.108
20
-1675.659
0
VERTEX
8
Nb_GroundP
10
530.629
20
-1673.944
0
VERTEX
8
Nb_GroundP
10
535.037
20
-1671.96
0
VERTEX
8
Nb_GroundP
10
539.318
20
-1669.713
0
VERTEX
8
Nb_GroundP
10
543.456
20
-1667.212
0
VERTEX
8
Nb_GroundP
10
547.435
20
-1664.466
0
VERTEX
8
Nb_GroundP
10
551.24
20
-1661.484
0
VERTEX
8
Nb_GroundP
10
554.859
20
-1658.278
0
VERTEX
8
Nb_GroundP
10
558.278
20
-1654.859
0
VERTEX
8
Nb_GroundP
10
561.484
20
-1651.24
0
VERTEX
8
Nb_GroundP
10
564.466
20
-1647.435
0
VERTEX
8
Nb_GroundP
10
567.212
20
-1643.456
0
VERTEX
8
Nb_GroundP
10
569.713
20
-1639.318
0
VERTEX
8
Nb_GroundP
10
571.96
20
-1635.037
0
VERTEX
8
Nb_GroundP
10
573.944
20
-1630.629
0
VERTEX
8
Nb_GroundP
10
575.659
20
-1626.108
0
VERTEX
8
Nb_GroundP
10
577.097
20
-1621.492
0
VERTEX
8
Nb_GroundP
10
578.254
20
-1616.798
0
VERTEX
8
Nb_GroundP
10
579.125
20
-1612.043
0
VERTEX
8
Nb_GroundP
10
579.708
20
-1607.243
0
VERTEX
8
Nb_GroundP
10
580
20
-1602.417
0
VERTEX
8
Nb_GroundP
10
580
20
-146.374
0
VERTEX
8
Nb_GroundP
10
580.438
20
-139.135
0
VERTEX
8
Nb_GroundP
10
581.312
20
-131.936
0
VERTEX
8
Nb_GroundP
10
582.619
20
-124.803
0
VERTEX
8
Nb_GroundP
10
584.355
20
-117.761
0
VERTEX
8
Nb_GroundP
10
586.512
20
-110.838
0
VERTEX
8
Nb_GroundP
10
589.084
20
-104.057
0
VERTEX
8
Nb_GroundP
10
592.06
20
-97.444
0
VERTEX
8
Nb_GroundP
10
595.43
20
-91.023
0
VERTEX
8
Nb_GroundP
10
599.182
20
-84.816
0
VERTEX
8
Nb_GroundP
10
603.302
20
-78.848
0
VERTEX
8
Nb_GroundP
10
607.774
20
-73.139
0
VERTEX
8
Nb_GroundP
10
612.583
20
-67.711
0
VERTEX
8
Nb_GroundP
10
617.711
20
-62.583
0
VERTEX
8
Nb_GroundP
10
623.139
20
-57.774
0
VERTEX
8
Nb_GroundP
10
628.848
20
-53.302
0
VERTEX
8
Nb_GroundP
10
634.816
20
-49.182
0
VERTEX
8
Nb_GroundP
10
641.023
20
-45.43
0
VERTEX
8
Nb_GroundP
10
647.444
20
-42.06
0
VERTEX
8
Nb_GroundP
10
654.057
20
-39.084
0
VERTEX
8
Nb_GroundP
10
660.838
20
-36.512
0
VERTEX
8
Nb_GroundP
10
667.761
20
-34.355
0
VERTEX
8
Nb_GroundP
10
674.803
20
-32.619
0
VERTEX
8
Nb_GroundP
10
681.936
20
-31.312
0
VERTEX
8
Nb_GroundP
10
689.135
20
-30.438
0
VERTEX
8
Nb_GroundP
10
696.374
20
-30
0
VERTEX
8
Nb_GroundP
10
803.626
20
-30
0
VERTEX
8
Nb_GroundP
10
810.865
20
-30.438
0
VERTEX
8
Nb_GroundP
10
818.064
20
-31.312
0
VERTEX
8
Nb_GroundP
10
825.197
20
-32.619
0
VERTEX
8
Nb_GroundP
10
832.239
20
-34.355
0
VERTEX
8
Nb_GroundP
10
839.162
20
-36.512
0
VERTEX
8
Nb_GroundP
10
845.943
20
-39.084
0
VERTEX
8
Nb_GroundP
10
852.556
20
-42.06
0
VERTEX
8
Nb_GroundP
10
858.977
20
-45.43
0
VERTEX
8
Nb_GroundP
10
865.184
20
-49.182
0
VERTEX
8
Nb_GroundP
10
871.152
20
-53.302
0
VERTEX
8
Nb_GroundP
10
876.861
20
-57.774
0
VERTEX
8
Nb_GroundP
10
882.289
20
-62.583
0
VERTEX
8
Nb_GroundP
10
887.417
20
-67.711
0
VERTEX
8
Nb_GroundP
10
892.226
20
-73.139
0
VERTEX
8
Nb_GroundP
10
896.698
20
-78.848
0
VERTEX
8
Nb_GroundP
10
900.818
20
-84.816
0
VERTEX
8
Nb_GroundP
10
904.57
20
-91.023
0
VERTEX
8
Nb_GroundP
10
907.94
20
-97.444
0
VERTEX
8
Nb_GroundP
10
910.916
20
-104.057
0
VERTEX
8
Nb_GroundP
10
913.488
20
-110.838
0
VERTEX
8
Nb_GroundP
10
915.645
20
-117.761
0
VERTEX
8
Nb_GroundP
10
917.381
20
-124.803
0
VERTEX
8
Nb_GroundP
10
918.688
20
-131.936
0
VERTEX
8
Nb_GroundP
10
919.562
20
-139.135
0
VERTEX
8
Nb_GroundP
10
920
20
-146.374
0
VERTEX
8
Nb_GroundP
10
920
20
-1699.044
0
VERTEX
8
Nb_GroundP
10
919.992
20
-1699.131
0
VERTEX
8
Nb_GroundP
10
919.977
20
-1699.217
0
VERTEX
8
Nb_GroundP
10
919.955
20
-1699.301
0
VERTEX
8
Nb_GroundP
10
919.925
20
-1699.383
0
VERTEX
8
Nb_GroundP
10
919.888
20
-1699.462
0
VERTEX
8
Nb_GroundP
10
919.844
20
-1699.538
0
VERTEX
8
Nb_GroundP
10
919.794
20
-1699.609
0
VERTEX
8
Nb_GroundP
10
919.738
20
-1699.676
0
VERTEX
8
Nb_GroundP
10
919.676
20
-1699.738
0
VERTEX
8
Nb_GroundP
10
919.609
20
-1699.794
0
VERTEX
8
Nb_GroundP
10
919.538
20
-1699.844
0
VERTEX
8
Nb_GroundP
10
919.462
20
-1699.888
0
VERTEX
8
Nb_GroundP
10
919.383
20
-1699.925
0
VERTEX
8
Nb_GroundP
10
919.301
20
-1699.955
0
VERTEX
8
Nb_GroundP
10
919.217
20
-1699.977
0
VERTEX
8
Nb_GroundP
10
919.131
20
-1699.992
0
VERTEX
8
Nb_GroundP
10
919.044
20
-1700
0
VERTEX
8
Nb_GroundP
10
909.956
20
-1700
0
VERTEX
8
Nb_GroundP
10
909.869
20
-1699.992
0
VERTEX
8
Nb_GroundP
10
909.783
20
-1699.977
0
VERTEX
8
Nb_GroundP
10
909.699
20
-1699.955
0
VERTEX
8
Nb_GroundP
10
909.617
20
-1699.925
0
VERTEX
8
Nb_GroundP
10
909.538
20
-1699.888
0
VERTEX
8
Nb_GroundP
10
909.462
20
-1699.844
0
VERTEX
8
Nb_GroundP
10
909.391
20
-1699.794
0
VERTEX
8
Nb_GroundP
10
909.324
20
-1699.738
0
VERTEX
8
Nb_GroundP
10
909.262
20
-1699.676
0
VERTEX
8
Nb_GroundP
10
909.206
20
-1699.609
0
VERTEX
8
Nb_GroundP
10
909.156
20
-1699.538
0
VERTEX
8
Nb_GroundP
10
909.112
20
-1699.462
0
VERTEX
8
Nb_GroundP
10
909.075
20
-1699.383
0
VERTEX
8
Nb_GroundP
10
909.045
20
-1699.301
0
VERTEX
8
Nb_GroundP
10
909.023
20
-1699.217
0
VERTEX
8
Nb_GroundP
10
909.008
20
-1699.131
0
VERTEX
8
Nb_GroundP
10
909
20
-1699.044
0
VERTEX
8
Nb_GroundP
10
909
20
-146.642
0
VERTEX
8
Nb_GroundP
10
908.587
20
-139.938
0
VERTEX
8
Nb_GroundP
10
907.761
20
-133.272
0
VERTEX
8
Nb_GroundP
10
906.527
20
-126.67
0
VERTEX
8
Nb_GroundP
10
904.889
20
-120.156
0
VERTEX
8
Nb_GroundP
10
902.853
20
-113.756
0
VERTEX
8
Nb_GroundP
10
900.426
20
-107.493
0
VERTEX
8
Nb_GroundP
10
897.619
20
-101.391
0
VERTEX
8
Nb_GroundP
10
894.441
20
-95.474
0
VERTEX
8
Nb_GroundP
10
890.906
20
-89.763
0
VERTEX
8
Nb_GroundP
10
887.025
20
-84.281
0
VERTEX
8
Nb_GroundP
10
882.814
20
-79.049
0
VERTEX
8
Nb_GroundP
10
878.289
20
-74.085
0
VERTEX
8
Nb_GroundP
10
873.467
20
-69.409
0
VERTEX
8
Nb_GroundP
10
868.367
20
-65.04
0
VERTEX
8
Nb_GroundP
10
863.007
20
-60.992
0
VERTEX
8
Nb_GroundP
10
857.408
20
-57.282
0
VERTEX
8
Nb_GroundP
10
854.499
20
-55.603
0
VERTEX
8
Nb_GroundP
10
852.37
20
-54.39
0
VERTEX
8
Nb_GroundP
10
850.226
20
-53.2
0
VERTEX
8
Nb_GroundP
10
849.148
20
-52.614
0
VERTEX
8
Nb_GroundP
10
847.795
20
-51.891
0
VERTEX
8
Nb_GroundP
10
846.094
20
-51.001
0
VERTEX
8
Nb_GroundP
10
843.953
20
-49.912
0
VERTEX
8
Nb_GroundP
10
841.252
20
-48.589
0
VERTEX
8
Nb_GroundP
10
839.549
20
-47.785
0
VERTEX
8
Nb_GroundP
10
837.834
20
-47.002
0
VERTEX
8
Nb_GroundP
10
836.106
20
-46.239
0
VERTEX
8
Nb_GroundP
10
834.365
20
-45.499
0
VERTEX
8
Nb_GroundP
10
833.49
20
-45.138
0
VERTEX
8
Nb_GroundP
10
831.729
20
-44.435
0
VERTEX
8
Nb_GroundP
10
829.955
20
-43.759
0
VERTEX
8
Nb_GroundP
10
829.063
20
-43.432
0
VERTEX
8
Nb_GroundP
10
827.943
20
-43.033
0
VERTEX
8
Nb_GroundP
10
826.501
20
-42.54
0
VERTEX
8
Nb_GroundP
10
825.051
20
-42.068
0
VERTEX
8
Nb_GroundP
10
824.323
20
-41.839
0
VERTEX
8
Nb_GroundP
10
823.41
20
-41.562
0
VERTEX
8
Nb_GroundP
10
822.264
20
-41.228
0
VERTEX
8
Nb_GroundP
10
820.825
20
-40.83
0
VERTEX
8
Nb_GroundP
10
819.344
20
-40.447
0
VERTEX
8
Nb_GroundP
10
817.855
20
-40.088
0
VERTEX
8
Nb_GroundP
10
817.108
20
-39.919
0
VERTEX
8
Nb_GroundP
10
816.172
20
-39.716
0
VERTEX
8
Nb_GroundP
10
814.998
20
-39.478
0
VERTEX
8
Nb_GroundP
10
813.526
20
-39.204
0
VERTEX
8
Nb_GroundP
10
811.677
20
-38.898
0
VERTEX
8
Nb_GroundP
10
810.157
20
-38.681
0
VERTEX
8
Nb_GroundP
10
808.633
20
-38.492
0
VERTEX
8
Nb_GroundP
10
807.87
20
-38.409
0
VERTEX
8
Nb_GroundP
10
806.914
20
-38.316
0
VERTEX
8
Nb_GroundP
10
805.717
20
-38.216
0
VERTEX
8
Nb_GroundP
10
804.22
20
-38.118
0
VERTEX
8
Nb_GroundP
10
802.345
20
-38.036
0
VERTEX
8
Nb_GroundP
10
800.002
20
-38
0
VERTEX
8
Nb_GroundP
10
699.998
20
-38
0
VERTEX
8
Nb_GroundP
10
697.655
20
-38.036
0
VERTEX
8
Nb_GroundP
10
695.78
20
-38.118
0
VERTEX
8
Nb_GroundP
10
694.283
20
-38.216
0
VERTEX
8
Nb_GroundP
10
693.086
20
-38.316
0
VERTEX
8
Nb_GroundP
10
692.13
20
-38.409
0
VERTEX
8
Nb_GroundP
10
691.367
20
-38.492
0
VERTEX
8
Nb_GroundP
10
689.843
20
-38.681
0
VERTEX
8
Nb_GroundP
10
688.323
20
-38.898
0
VERTEX
8
Nb_GroundP
10
686.474
20
-39.204
0
VERTEX
8
Nb_GroundP
10
685.002
20
-39.478
0
VERTEX
8
Nb_GroundP
10
683.828
20
-39.716
0
VERTEX
8
Nb_GroundP
10
682.892
20
-39.919
0
VERTEX
8
Nb_GroundP
10
682.145
20
-40.088
0
VERTEX
8
Nb_GroundP
10
680.656
20
-40.447
0
VERTEX
8
Nb_GroundP
10
679.175
20
-40.83
0
VERTEX
8
Nb_GroundP
10
677.736
20
-41.228
0
VERTEX
8
Nb_GroundP
10
676.59
20
-41.562
0
VERTEX
8
Nb_GroundP
10
675.677
20
-41.839
0
VERTEX
8
Nb_GroundP
10
674.949
20
-42.068
0
VERTEX
8
Nb_GroundP
10
673.499
20
-42.54
0
VERTEX
8
Nb_GroundP
10
672.057
20
-43.033
0
VERTEX
8
Nb_GroundP
10
670.937
20
-43.432
0
VERTEX
8
Nb_GroundP
10
670.045
20
-43.759
0
VERTEX
8
Nb_GroundP
10
668.271
20
-44.435
0
VERTEX
8
Nb_GroundP
10
666.51
20
-45.138
0
VERTEX
8
Nb_GroundP
10
665.635
20
-45.499
0
VERTEX
8
Nb_GroundP
10
663.894
20
-46.239
0
VERTEX
8
Nb_GroundP
10
662.166
20
-47.002
0
VERTEX
8
Nb_GroundP
10
660.451
20
-47.785
0
VERTEX
8
Nb_GroundP
10
658.748
20
-48.589
0
VERTEX
8
Nb_GroundP
10
656.047
20
-49.912
0
VERTEX
8
Nb_GroundP
10
653.906
20
-51.001
0
VERTEX
8
Nb_GroundP
10
652.205
20
-51.891
0
VERTEX
8
Nb_GroundP
10
650.852
20
-52.614
0
VERTEX
8
Nb_GroundP
10
649.774
20
-53.2
0
VERTEX
8
Nb_GroundP
10
647.63
20
-54.39
0
VERTEX
8
Nb_GroundP
10
645.501
20
-55.603
0
VERTEX
8
Nb_GroundP
10
642.592
20
-57.282
0
VERTEX
8
Nb_GroundP
10
636.993
20
-60.992
0
VERTEX
8
Nb_GroundP
10
631.633
20
-65.04
0
VERTEX
8
Nb_GroundP
10
626.533
20
-69.409
0
VERTEX
8
Nb_GroundP
10
621.711
20
-74.085
0
VERTEX
8
Nb_GroundP
10
617.186
20
-79.049
0
VERTEX
8
Nb_GroundP
10
612.975
20
-84.281
0
VERTEX
8
Nb_GroundP
10
609.094
20
-89.763
0
VERTEX
8
Nb_GroundP
10
605.559
20
-95.474
0
VERTEX
8
Nb_GroundP
10
602.381
20
-101.391
0
VERTEX
8
Nb_GroundP
10
599.574
20
-107.493
0
VERTEX
8
Nb_GroundP
10
597.147
20
-113.756
0
VERTEX
8
Nb_GroundP
10
595.111
20
-120.156
0
VERTEX
8
Nb_GroundP
10
593.473
20
-126.67
0
VERTEX
8
Nb_GroundP
10
592.239
20
-133.272
0
VERTEX
8
Nb_GroundP
10
591.413
20
-139.938
0
VERTEX
8
Nb_GroundP
10
591
20
-146.642
0
VERTEX
8
Nb_GroundP
10
591
20
-1602.75
0
VERTEX
8
Nb_GroundP
10
590.668
20
-1608.239
0
VERTEX
8
Nb_GroundP
10
590.005
20
-1613.699
0
VERTEX
8
Nb_GroundP
10
589.014
20
-1619.108
0
VERTEX
8
Nb_GroundP
10
587.698
20
-1624.448
0
VERTEX
8
Nb_GroundP
10
586.062
20
-1629.698
0
VERTEX
8
Nb_GroundP
10
584.111
20
-1634.84
0
VERTEX
8
Nb_GroundP
10
581.854
20
-1639.855
0
VERTEX
8
Nb_GroundP
10
579.299
20
-1644.725
0
VERTEX
8
Nb_GroundP
10
576.454
20
-1649.431
0
VERTEX
8
Nb_GroundP
10
573.33
20
-1653.957
0
VERTEX
8
Nb_GroundP
10
569.938
20
-1658.286
0
VERTEX
8
Nb_GroundP
10
566.291
20
-1662.402
0
VERTEX
8
Nb_GroundP
10
562.402
20
-1666.291
0
VERTEX
8
Nb_GroundP
10
558.286
20
-1669.938
0
VERTEX
8
Nb_GroundP
10
553.957
20
-1673.33
0
VERTEX
8
Nb_GroundP
10
549.431
20
-1676.454
0
VERTEX
8
Nb_GroundP
10
544.725
20
-1679.299
0
VERTEX
8
Nb_GroundP
10
539.855
20
-1681.854
0
VERTEX
8
Nb_GroundP
10
534.84
20
-1684.111
0
VERTEX
8
Nb_GroundP
10
529.698
20
-1686.062
0
VERTEX
8
Nb_GroundP
10
524.448
20
-1687.698
0
VERTEX
8
Nb_GroundP
10
519.108
20
-1689.014
0
VERTEX
8
Nb_GroundP
10
513.699
20
-1690.005
0
VERTEX
8
Nb_GroundP
10
508.239
20
-1690.668
0
VERTEX
8
Nb_GroundP
10
502.75
20
-1691
0
VERTEX
8
Nb_GroundP
10
397.25
20
-1691
0
VERTEX
8
Nb_GroundP
10
391.761
20
-1690.668
0
VERTEX
8
Nb_GroundP
10
386.301
20
-1690.005
0
VERTEX
8
Nb_GroundP
10
380.892
20
-1689.014
0
VERTEX
8
Nb_GroundP
10
375.552
20
-1687.698
0
VERTEX
8
Nb_GroundP
10
370.302
20
-1686.062
0
VERTEX
8
Nb_GroundP
10
365.16
20
-1684.111
0
VERTEX
8
Nb_GroundP
10
360.145
20
-1681.854
0
VERTEX
8
Nb_GroundP
10
355.275
20
-1679.299
0
VERTEX
8
Nb_GroundP
10
350.569
20
-1676.454
0
VERTEX
8
Nb_GroundP
10
346.043
20
-1673.33
0
VERTEX
8
Nb_GroundP
10
341.714
20
-1669.938
0
VERTEX
8
Nb_GroundP
10
337.598
20
-1666.291
0
VERTEX
8
Nb_GroundP
10
333.709
20
-1662.402
0
VERTEX
8
Nb_GroundP
10
330.062
20
-1658.286
0
VERTEX
8
Nb_GroundP
10
326.67
20
-1653.957
0
VERTEX
8
Nb_GroundP
10
323.546
20
-1649.431
0
VERTEX
8
Nb_GroundP
10
320.701
20
-1644.725
0
VERTEX
8
Nb_GroundP
10
318.146
20
-1639.855
0
VERTEX
8
Nb_GroundP
10
315.889
20
-1634.84
0
VERTEX
8
Nb_GroundP
10
313.938
20
-1629.698
0
VERTEX
8
Nb_GroundP
10
312.302
20
-1624.448
0
VERTEX
8
Nb_GroundP
10
310.986
20
-1619.108
0
VERTEX
8
Nb_GroundP
10
309.995
20
-1613.699
0
VERTEX
8
Nb_GroundP
10
309.332
20
-1608.239
0
VERTEX
8
Nb_GroundP
10
309
20
-1602.75
0
VERTEX
8
Nb_GroundP
10
309
20
-325.956
0
VERTEX
8
Nb_GroundP
10
308.992
20
-325.869
0
VERTEX
8
Nb_GroundP
10
308.977
20
-325.783
0
VERTEX
8
Nb_GroundP
10
308.955
20
-325.699
0
VERTEX
8
Nb_GroundP
10
308.925
20
-325.617
0
VERTEX
8
Nb_GroundP
10
308.888
20
-325.538
0
VERTEX
8
Nb_GroundP
10
308.844
20
-325.462
0
VERTEX
8
Nb_GroundP
10
308.794
20
-325.391
0
VERTEX
8
Nb_GroundP
10
308.738
20
-325.324
0
VERTEX
8
Nb_GroundP
10
308.676
20
-325.262
0
VERTEX
8
Nb_GroundP
10
308.609
20
-325.206
0
VERTEX
8
Nb_GroundP
10
308.538
20
-325.156
0
VERTEX
8
Nb_GroundP
10
308.462
20
-325.112
0
VERTEX
8
Nb_GroundP
10
308.383
20
-325.075
0
VERTEX
8
Nb_GroundP
10
308.301
20
-325.045
0
VERTEX
8
Nb_GroundP
10
308.217
20
-325.023
0
VERTEX
8
Nb_GroundP
10
308.131
20
-325.008
0
VERTEX
8
Nb_GroundP
10
308.044
20
-325
0
VERTEX
8
Nb_GroundP
10
291.956
20
-325
0
VERTEX
8
Nb_GroundP
10
291.869
20
-325.008
0
VERTEX
8
Nb_GroundP
10
291.783
20
-325.023
0
VERTEX
8
Nb_GroundP
10
291.699
20
-325.045
0
VERTEX
8
Nb_GroundP
10
291.617
20
-325.075
0
VERTEX
8
Nb_GroundP
10
291.538
20
-325.112
0
VERTEX
8
Nb_GroundP
10
291.462
20
-325.156
0
VERTEX
8
Nb_GroundP
10
291.391
20
-325.206
0
VERTEX
8
Nb_GroundP
10
291.324
20
-325.262
0
VERTEX
8
Nb_GroundP
10
291.262
20
-325.324
0
VERTEX
8
Nb_GroundP
10
291.206
20
-325.391
0
VERTEX
8
Nb_GroundP
10
291.156
20
-325.462
0
VERTEX
8
Nb_GroundP
10
291.112
20
-325.538
0
VERTEX
8
Nb_GroundP
10
291.075
20
-325.617
0
VERTEX
8
Nb_GroundP
10
291.045
20
-325.699
0
VERTEX
8
Nb_GroundP
10
291.023
20
-325.783
0
VERTEX
8
Nb_GroundP
10
291.008
20
-325.869
0
VERTEX
8
Nb_GroundP
10
291
20
-325.956
0
VERTEX
8
Nb_GroundP
10
291
20
-1603.294
0
VERTEX
8
Nb_GroundP
10
291.398
20
-1609.869
0
VERTEX
8
Nb_GroundP
10
292.192
20
-1616.408
0
VERTEX
8
Nb_GroundP
10
293.379
20
-1622.887
0
VERTEX
8
Nb_GroundP
10
294.956
20
-1629.283
0
VERTEX
8
Nb_GroundP
10
296.915
20
-1635.572
0
VERTEX
8
Nb_GroundP
10
299.251
20
-1641.732
0
VERTEX
8
Nb_GroundP
10
301.955
20
-1647.738
0
VERTEX
8
Nb_GroundP
10
305.016
20
-1653.571
0
VERTEX
8
Nb_GroundP
10
308.424
20
-1659.208
0
VERTEX
8
Nb_GroundP
10
312.166
20
-1664.63
0
VERTEX
8
Nb_GroundP
10
316.228
20
-1669.815
0
VERTEX
8
Nb_GroundP
10
320.596
20
-1674.746
0
VERTEX
8
Nb_GroundP
10
325.254
20
-1679.404
0
VERTEX
8
Nb_GroundP
10
330.185
20
-1683.772
0
VERTEX
8
Nb_GroundP
10
335.37
20
-1687.834
0
VERTEX
8
Nb_GroundP
10
340.792
20
-1691.576
0
VERTEX
8
Nb_GroundP
10
346.429
20
-1694.984
0
VERTEX
8
Nb_GroundP
10
352.262
20
-1698.045
0
VERTEX
8
Nb_GroundP
10
358.268
20
-1700.749
0
VERTEX
8
Nb_GroundP
10
364.428
20
-1703.085
0
VERTEX
8
Nb_GroundP
10
370.717
20
-1705.044
0
VERTEX
8
Nb_GroundP
10
377.113
20
-1706.621
0
VERTEX
8
Nb_GroundP
10
383.592
20
-1707.808
0
VERTEX
8
Nb_GroundP
10
390.131
20
-1708.602
0
VERTEX
8
Nb_GroundP
10
396.706
20
-1709
0
VERTEX
8
Nb_GroundP
10
503.294
20
-1709
0
VERTEX
8
Nb_GroundP
10
509.869
20
-1708.602
0
VERTEX
8
Nb_GroundP
10
516.408
20
-1707.808
0
VERTEX
8
Nb_GroundP
10
522.887
20
-1706.621
0
VERTEX
8
Nb_GroundP
10
529.283
20
-1705.044
0
VERTEX
8
Nb_GroundP
10
535.572
20
-1703.085
0
VERTEX
8
Nb_GroundP
10
541.732
20
-1700.749
0
VERTEX
8
Nb_GroundP
10
547.738
20
-1698.045
0
VERTEX
8
Nb_GroundP
10
553.571
20
-1694.984
0
VERTEX
8
Nb_GroundP
10
559.208
20
-1691.576
0
VERTEX
8
Nb_GroundP
10
564.63
20
-1687.834
0
VERTEX
8
Nb_GroundP
10
569.815
20
-1683.772
0
VERTEX
8
Nb_GroundP
10
574.746
20
-1679.404
0
VERTEX
8
Nb_GroundP
10
579.404
20
-1674.746
0
VERTEX
8
Nb_GroundP
10
583.772
20
-1669.815
0
VERTEX
8
Nb_GroundP
10
587.834
20
-1664.63
0
VERTEX
8
Nb_GroundP
10
591.576
20
-1659.208
0
VERTEX
8
Nb_GroundP
10
594.984
20
-1653.571
0
VERTEX
8
Nb_GroundP
10
598.045
20
-1647.738
0
VERTEX
8
Nb_GroundP
10
600.749
20
-1641.732
0
VERTEX
8
Nb_GroundP
10
603.085
20
-1635.572
0
VERTEX
8
Nb_GroundP
10
605.044
20
-1629.283
0
VERTEX
8
Nb_GroundP
10
606.621
20
-1622.887
0
VERTEX
8
Nb_GroundP
10
607.808
20
-1616.408
0
VERTEX
8
Nb_GroundP
10
608.602
20
-1609.869
0
VERTEX
8
Nb_GroundP
10
609
20
-1603.294
0
VERTEX
8
Nb_GroundP
10
609
20
-150.205
0
VERTEX
8
Nb_GroundP
10
608.994
20
-147.395
0
VERTEX
8
Nb_GroundP
10
609.328
20
-141.786
0
VERTEX
8
Nb_GroundP
10
610.007
20
-136.207
0
VERTEX
8
Nb_GroundP
10
611.03
20
-130.682
0
VERTEX
8
Nb_GroundP
10
612.391
20
-125.23
0
VERTEX
8
Nb_GroundP
10
614.086
20
-119.872
0
VERTEX
8
Nb_GroundP
10
616.108
20
-114.629
0
VERTEX
8
Nb_GroundP
10
618.45
20
-109.521
0
VERTEX
8
Nb_GroundP
10
621.103
20
-104.567
0
VERTEX
8
Nb_GroundP
10
624.056
20
-99.786
0
VERTEX
8
Nb_GroundP
10
627.298
20
-95.197
0
VERTEX
8
Nb_GroundP
10
630.818
20
-90.816
0
VERTEX
8
Nb_GroundP
10
634.6
20
-86.661
0
VERTEX
8
Nb_GroundP
10
638.633
20
-82.747
0
VERTEX
8
Nb_GroundP
10
642.898
20
-79.089
0
VERTEX
8
Nb_GroundP
10
647.382
20
-75.701
0
VERTEX
8
Nb_GroundP
10
652.066
20
-72.597
0
VERTEX
8
Nb_GroundP
10
654.499
20
-71.192
0
VERTEX
8
Nb_GroundP
10
655.642
20
-70.55
0
VERTEX
8
Nb_GroundP
10
656.798
20
-69.934
0
VERTEX
8
Nb_GroundP
10
657.381
20
-69.637
0
VERTEX
8
Nb_GroundP
10
658.114
20
-69.274
0
VERTEX
8
Nb_GroundP
10
659.038
20
-68.835
0
VERTEX
8
Nb_GroundP
10
660.204
20
-68.309
0
VERTEX
8
Nb_GroundP
10
661.675
20
-67.688
0
VERTEX
8
Nb_GroundP
10
663.537
20
-66.968
0
VERTEX
8
Nb_GroundP
10
664.711
20
-66.548
0
VERTEX
8
Nb_GroundP
10
665.892
20
-66.152
0
VERTEX
8
Nb_GroundP
10
667.08
20
-65.78
0
VERTEX
8
Nb_GroundP
10
668.275
20
-65.43
0
VERTEX
8
Nb_GroundP
10
668.874
20
-65.263
0
VERTEX
8
Nb_GroundP
10
670.076
20
-64.946
0
VERTEX
8
Nb_GroundP
10
671.282
20
-64.65
0
VERTEX
8
Nb_GroundP
10
671.887
20
-64.51
0
VERTEX
8
Nb_GroundP
10
672.643
20
-64.342
0
VERTEX
8
Nb_GroundP
10
674.16
20
-64.029
0
VERTEX
8
Nb_GroundP
10
675.68
20
-63.746
0
VERTEX
8
Nb_GroundP
10
676.442
20
-63.615
0
VERTEX
8
Nb_GroundP
10
677.394
20
-63.461
0
VERTEX
8
Nb_GroundP
10
678.918
20
-63.235
0
VERTEX
8
Nb_GroundP
10
680.443
20
-63.034
0
VERTEX
8
Nb_GroundP
10
681.205
20
-62.942
0
VERTEX
8
Nb_GroundP
10
682.158
20
-62.835
0
VERTEX
8
Nb_GroundP
10
683.349
20
-62.713
0
VERTEX
8
Nb_GroundP
10
685.253
20
-62.542
0
VERTEX
8
Nb_GroundP
10
687.154
20
-62.4
0
VERTEX
8
Nb_GroundP
10
688.104
20
-62.339
0
VERTEX
8
Nb_GroundP
10
689.29
20
-62.27
0
VERTEX
8
Nb_GroundP
10
690.772
20
-62.197
0
VERTEX
8
Nb_GroundP
10
693.138
20
-62.107
0
VERTEX
8
Nb_GroundP
10
695.501
20
-62.045
0
VERTEX
8
Nb_GroundP
10
696.682
20
-62.024
0
VERTEX
8
Nb_GroundP
10
698.157
20
-62.007
0
VERTEX
8
Nb_GroundP
10
700.002
20
-62
0
VERTEX
8
Nb_GroundP
10
799.998
20
-62
0
VERTEX
8
Nb_GroundP
10
801.843
20
-62.007
0
VERTEX
8
Nb_GroundP
10
803.318
20
-62.024
0
VERTEX
8
Nb_GroundP
10
804.499
20
-62.045
0
VERTEX
8
Nb_GroundP
10
806.862
20
-62.107
0
VERTEX
8
Nb_GroundP
10
809.228
20
-62.197
0
VERTEX
8
Nb_GroundP
10
810.71
20
-62.27
0
VERTEX
8
Nb_GroundP
10
811.896
20
-62.339
0
VERTEX
8
Nb_GroundP
10
812.846
20
-62.4
0
VERTEX
8
Nb_GroundP
10
814.747
20
-62.542
0
VERTEX
8
Nb_GroundP
10
816.651
20
-62.713
0
VERTEX
8
Nb_GroundP
10
817.842
20
-62.835
0
VERTEX
8
Nb_GroundP
10
818.795
20
-62.942
0
VERTEX
8
Nb_GroundP
10
819.557
20
-63.034
0
VERTEX
8
Nb_GroundP
10
821.082
20
-63.235
0
VERTEX
8
Nb_GroundP
10
822.606
20
-63.461
0
VERTEX
8
Nb_GroundP
10
823.558
20
-63.615
0
VERTEX
8
Nb_GroundP
10
824.32
20
-63.746
0
VERTEX
8
Nb_GroundP
10
825.84
20
-64.029
0
VERTEX
8
Nb_GroundP
10
827.357
20
-64.342
0
VERTEX
8
Nb_GroundP
10
828.113
20
-64.51
0
VERTEX
8
Nb_GroundP
10
828.718
20
-64.65
0
VERTEX
8
Nb_GroundP
10
829.924
20
-64.946
0
VERTEX
8
Nb_GroundP
10
831.126
20
-65.263
0
VERTEX
8
Nb_GroundP
10
831.725
20
-65.43
0
VERTEX
8
Nb_GroundP
10
832.92
20
-65.78
0
VERTEX
8
Nb_GroundP
10
834.108
20
-66.152
0
VERTEX
8
Nb_GroundP
10
835.289
20
-66.548
0
VERTEX
8
Nb_GroundP
10
836.463
20
-66.968
0
VERTEX
8
Nb_GroundP
10
838.325
20
-67.688
0
VERTEX
8
Nb_GroundP
10
839.796
20
-68.309
0
VERTEX
8
Nb_GroundP
10
840.962
20
-68.835
0
VERTEX
8
Nb_GroundP
10
841.886
20
-69.274
0
VERTEX
8
Nb_GroundP
10
842.619
20
-69.637
0
VERTEX
8
Nb_GroundP
10
843.202
20
-69.934
0
VERTEX
8
Nb_GroundP
10
844.358
20
-70.55
0
VERTEX
8
Nb_GroundP
10
845.501
20
-71.192
0
VERTEX
8
Nb_GroundP
10
847.934
20
-72.597
0
VERTEX
8
Nb_GroundP
10
852.618
20
-75.701
0
VERTEX
8
Nb_GroundP
10
857.102
20
-79.089
0
VERTEX
8
Nb_GroundP
10
861.367
20
-82.747
0
VERTEX
8
Nb_GroundP
10
865.4
20
-86.661
0
VERTEX
8
Nb_GroundP
10
869.182
20
-90.816
0
VERTEX
8
Nb_GroundP
10
872.702
20
-95.197
0
VERTEX
8
Nb_GroundP
10
875.944
20
-99.786
0
VERTEX
8
Nb_GroundP
10
878.897
20
-104.567
0
VERTEX
8
Nb_GroundP
10
881.55
20
-109.521
0
VERTEX
8
Nb_GroundP
10
883.892
20
-114.629
0
VERTEX
8
Nb_GroundP
10
885.914
20
-119.872
0
VERTEX
8
Nb_GroundP
10
887.609
20
-125.23
0
VERTEX
8
Nb_GroundP
10
888.97
20
-130.682
0
VERTEX
8
Nb_GroundP
10
889.993
20
-136.207
0
VERTEX
8
Nb_GroundP
10
890.672
20
-141.786
0
VERTEX
8
Nb_GroundP
10
891.006
20
-147.395
0
VERTEX
8
Nb_GroundP
10
891
20
-150.205
0
VERTEX
8
Nb_GroundP
10
891
20
-1699.044
0
VERTEX
8
Nb_GroundP
10
890.992
20
-1699.131
0
VERTEX
8
Nb_GroundP
10
890.977
20
-1699.217
0
VERTEX
8
Nb_GroundP
10
890.955
20
-1699.301
0
VERTEX
8
Nb_GroundP
10
890.925
20
-1699.383
0
VERTEX
8
Nb_GroundP
10
890.888
20
-1699.462
0
VERTEX
8
Nb_GroundP
10
890.844
20
-1699.538
0
VERTEX
8
Nb_GroundP
10
890.794
20
-1699.609
0
VERTEX
8
Nb_GroundP
10
890.738
20
-1699.676
0
VERTEX
8
Nb_GroundP
10
890.676
20
-1699.738
0
VERTEX
8
Nb_GroundP
10
890.609
20
-1699.794
0
VERTEX
8
Nb_GroundP
10
890.538
20
-1699.844
0
VERTEX
8
Nb_GroundP
10
890.462
20
-1699.888
0
VERTEX
8
Nb_GroundP
10
890.383
20
-1699.925
0
VERTEX
8
Nb_GroundP
10
890.301
20
-1699.955
0
VERTEX
8
Nb_GroundP
10
890.217
20
-1699.977
0
VERTEX
8
Nb_GroundP
10
890.131
20
-1699.992
0
VERTEX
8
Nb_GroundP
10
890.044
20
-1700
0
VERTEX
8
Nb_GroundP
10
880.956
20
-1700
0
VERTEX
8
Nb_GroundP
10
880.869
20
-1699.992
0
VERTEX
8
Nb_GroundP
10
880.783
20
-1699.977
0
VERTEX
8
Nb_GroundP
10
880.699
20
-1699.955
0
VERTEX
8
Nb_GroundP
10
880.617
20
-1699.925
0
VERTEX
8
Nb_GroundP
10
880.538
20
-1699.888
0
VERTEX
8
Nb_GroundP
10
880.462
20
-1699.844
0
VERTEX
8
Nb_GroundP
10
880.391
20
-1699.794
0
VERTEX
8
Nb_GroundP
10
880.324
20
-1699.738
0
VERTEX
8
Nb_GroundP
10
880.262
20
-1699.676
0
VERTEX
8
Nb_GroundP
10
880.206
20
-1699.609
0
VERTEX
8
Nb_GroundP
10
880.156
20
-1699.538
0
VERTEX
8
Nb_GroundP
10
880.112
20
-1699.462
0
VERTEX
8
Nb_GroundP
10
880.075
20
-1699.383
0
VERTEX
8
Nb_GroundP
10
880.045
20
-1699.301
0
VERTEX
8
Nb_GroundP
10
880.023
20
-1699.217
0
VERTEX
8
Nb_GroundP
10
880.008
20
-1699.131
0
VERTEX
8
Nb_GroundP
10
880
20
-1699.044
0
VERTEX
8
Nb_GroundP
10
880
20
-147.583
0
VERTEX
8
Nb_GroundP
10
879.708
20
-142.757
0
VERTEX
8
Nb_GroundP
10
879.125
20
-137.957
0
VERTEX
8
Nb_GroundP
10
878.254
20
-133.202
0
VERTEX
8
Nb_GroundP
10
877.097
20
-128.508
0
VERTEX
8
Nb_GroundP
10
875.659
20
-123.892
0
VERTEX
8
Nb_GroundP
10
873.944
20
-119.371
0
VERTEX
8
Nb_GroundP
10
871.96
20
-114.963
0
VERTEX
8
Nb_GroundP
10
869.713
20
-110.682
0
VERTEX
8
Nb_GroundP
10
867.212
20
-106.544
0
VERTEX
8
Nb_GroundP
10
864.466
20
-102.565
0
VERTEX
8
Nb_GroundP
10
861.484
20
-98.76
0
VERTEX
8
Nb_GroundP
10
858.278
20
-95.141
0
VERTEX
8
Nb_GroundP
10
854.859
20
-91.722
0
VERTEX
8
Nb_GroundP
10
851.24
20
-88.516
0
VERTEX
8
Nb_GroundP
10
847.435
20
-85.534
0
VERTEX
8
Nb_GroundP
10
843.456
20
-82.788
0
VERTEX
8
Nb_GroundP
10
839.318
20
-80.287
0
VERTEX
8
Nb_GroundP
10
835.037
20
-78.04
0
VERTEX
8
Nb_GroundP
10
830.629
20
-76.056
0
VERTEX
8
Nb_GroundP
10
826.108
20
-74.341
0
VERTEX
8
Nb_GroundP
10
821.492
20
-72.903
0
VERTEX
8
Nb_GroundP
10
816.798
20
-71.746
0
VERTEX
8
Nb_GroundP
10
812.043
20
-70.875
0
VERTEX
8
Nb_GroundP
10
807.243
20
-70.292
0
VERTEX
8
Nb_GroundP
10
802.417
20
-70
0
VERTEX
8
Nb_GroundP
10
697.583
20
-70
0
VERTEX
8
Nb_GroundP
10
692.757
20
-70.292
0
VERTEX
8
Nb_GroundP
10
687.957
20
-70.875
0
VERTEX
8
Nb_GroundP
10
683.202
20
-71.746
0
VERTEX
8
Nb_GroundP
10
678.508
20
-72.903
0
VERTEX
8
Nb_GroundP
10
673.892
20
-74.341
0
VERTEX
8
Nb_GroundP
10
669.371
20
-76.056
0
VERTEX
8
Nb_GroundP
10
664.963
20
-78.04
0
VERTEX
8
Nb_GroundP
10
660.682
20
-80.287
0
VERTEX
8
Nb_GroundP
10
656.544
20
-82.788
0
VERTEX
8
Nb_GroundP
10
652.565
20
-85.534
0
VERTEX
8
Nb_GroundP
10
648.76
20
-88.516
0
VERTEX
8
Nb_GroundP
10
645.141
20
-91.722
0
VERTEX
8
Nb_GroundP
10
641.722
20
-95.141
0
VERTEX
8
Nb_GroundP
10
638.516
20
-98.76
0
VERTEX
8
Nb_GroundP
10
635.534
20
-102.565
0
VERTEX
8
Nb_GroundP
10
632.788
20
-106.544
0
VERTEX
8
Nb_GroundP
10
630.287
20
-110.682
0
VERTEX
8
Nb_GroundP
10
628.04
20
-114.963
0
VERTEX
8
Nb_GroundP
10
626.056
20
-119.371
0
VERTEX
8
Nb_GroundP
10
624.341
20
-123.892
0
VERTEX
8
Nb_GroundP
10
622.903
20
-128.508
0
VERTEX
8
Nb_GroundP
10
621.746
20
-133.202
0
VERTEX
8
Nb_GroundP
10
620.875
20
-137.957
0
VERTEX
8
Nb_GroundP
10
620.292
20
-142.757
0
VERTEX
8
Nb_GroundP
10
620
20
-147.583
0
VERTEX
8
Nb_GroundP
10
620
20
-1603.626
0
VERTEX
8
Nb_GroundP
10
619.562
20
-1610.865
0
VERTEX
8
Nb_GroundP
10
618.688
20
-1618.064
0
VERTEX
8
Nb_GroundP
10
617.381
20
-1625.197
0
VERTEX
8
Nb_GroundP
10
615.645
20
-1632.239
0
VERTEX
8
Nb_GroundP
10
613.488
20
-1639.162
0
VERTEX
8
Nb_GroundP
10
610.916
20
-1645.943
0
VERTEX
8
Nb_GroundP
10
607.94
20
-1652.556
0
VERTEX
8
Nb_GroundP
10
604.57
20
-1658.977
0
VERTEX
8
Nb_GroundP
10
600.818
20
-1665.184
0
VERTEX
8
Nb_GroundP
10
596.698
20
-1671.152
0
VERTEX
8
Nb_GroundP
10
592.226
20
-1676.861
0
VERTEX
8
Nb_GroundP
10
587.417
20
-1682.289
0
VERTEX
8
Nb_GroundP
10
582.289
20
-1687.417
0
VERTEX
8
Nb_GroundP
10
576.861
20
-1692.226
0
VERTEX
8
Nb_GroundP
10
571.152
20
-1696.698
0
VERTEX
8
Nb_GroundP
10
565.184
20
-1700.818
0
VERTEX
8
Nb_GroundP
10
558.977
20
-1704.57
0
VERTEX
8
Nb_GroundP
10
552.556
20
-1707.94
0
VERTEX
8
Nb_GroundP
10
545.943
20
-1710.916
0
VERTEX
8
Nb_GroundP
10
539.162
20
-1713.488
0
VERTEX
8
Nb_GroundP
10
532.239
20
-1715.645
0
VERTEX
8
Nb_GroundP
10
525.197
20
-1717.381
0
VERTEX
8
Nb_GroundP
10
518.064
20
-1718.688
0
VERTEX
8
Nb_GroundP
10
510.865
20
-1719.562
0
VERTEX
8
Nb_GroundP
10
503.626
20
-1720
0
SEQEND
0
POLYLINE
8
Nb_GroundP
70
1
40
0
41
0
66
1
0
VERTEX
8
Nb_GroundP
10
-603.626
20
-1720
0
VERTEX
8
Nb_GroundP
10
-610.865
20
-1719.562
0
VERTEX
8
Nb_GroundP
10
-618.064
20
-1718.688
0
VERTEX
8
Nb_GroundP
10
-625.197
20
-1717.381
0
VERTEX
8
Nb_GroundP
10
-632.239
20
-1715.645
0
VERTEX
8
Nb_GroundP
10
-639.162
20
-1713.488
0
VERTEX
8
Nb_GroundP
10
-645.943
20
-1710.916
0
VERTEX
8
Nb_GroundP
10
-652.556
20
-1707.94
0
VERTEX
8
Nb_GroundP
10
-658.977
20
-1704.57
0
VERTEX
8
Nb_GroundP
10
-665.184
20
-1700.818
0
VERTEX
8
Nb_GroundP
10
-671.152
20
-1696.698
0
VERTEX
8
Nb_GroundP
10
-676.861
20
-1692.226
0
VERTEX
8
Nb_GroundP
10
-682.289
20
-1687.417
0
VERTEX
8
Nb_GroundP
10
-687.417
20
-1682.289
0
VERTEX
8
Nb_GroundP
10
-692.226
20
-1676.861
0
VERTEX
8
Nb_GroundP
10
-696.698
20
-1671.152
0
VERTEX
8
Nb_GroundP
10
-700.818
20
-1665.184
0
VERTEX
8
Nb_GroundP
10
-704.57
20
-1658.977
0
VERTEX
8
Nb_GroundP
10
-707.94
20
-1652.556
0
VERTEX
8
Nb_GroundP
10
-710.916
20
-1645.943
0
VERTEX
8
Nb_GroundP
10
-713.488
20
-1639.162
0
VERTEX
8
Nb_GroundP
10
-715.645
20
-1632.239
0
VERTEX
8
Nb_GroundP
10
-717.381
20
-1625.197
0
VERTEX
8
Nb_GroundP
10
-718.688
20
-1618.064
0
VERTEX
8
Nb_GroundP
10
-719.562
20
-1610.865
0
VERTEX
8
Nb_GroundP
10
-720
20
-1603.626
0
VERTEX
8
Nb_GroundP
10
-720
20
-425.956
0
VERTEX
8
Nb_GroundP
10
-719.992
20
-425.869
0
VERTEX
8
Nb_GroundP
10
-719.977
20
-425.783
0
VERTEX
8
Nb_GroundP
10
-719.955
20
-425.699
0
VERTEX
8
Nb_GroundP
10
-719.925
20
-425.617
0
VERTEX
8
Nb_GroundP
10
-719.888
20
-425.538
0
VERTEX
8
Nb_GroundP
10
-719.844
20
-425.462
0
VERTEX
8
Nb_GroundP
10
-719.794
20
-425.391
0
VERTEX
8
Nb_GroundP
10
-719.738
20
-425.324
0
VERTEX
8
Nb_GroundP
10
-719.676
20
-425.262
0
VERTEX
8
Nb_GroundP
10
-719.609
20
-425.206
0
VERTEX
8
Nb_GroundP
10
-719.538
20
-425.156
0
VERTEX
8
Nb_GroundP
10
-719.462
20
-425.112
0
VERTEX
8
Nb_GroundP
10
-719.383
20
-425.075
0
VERTEX
8
Nb_GroundP
10
-719.301
20
-425.045
0
VERTEX
8
Nb_GroundP
10
-719.217
20
-425.023
0
VERTEX
8
Nb_GroundP
10
-719.131
20
-425.008
0
VERTEX
8
Nb_GroundP
10
-719.044
20
-425
0
VERTEX
8
Nb_GroundP
10
-680.956
20
-425
0
VERTEX
8
Nb_GroundP
10
-680.869
20
-425.008
0
VERTEX
8
Nb_GroundP
10
-680.783
20
-425.023
0
VERTEX
8
Nb_GroundP
10
-680.699
20
-425.045
0
VERTEX
8
Nb_GroundP
10
-680.617
20
-425.075
0
VERTEX
8
Nb_GroundP
10
-680.538
20
-425.112
0
VERTEX
8
Nb_GroundP
10
-680.462
20
-425.156
0
VERTEX
8
Nb_GroundP
10
-680.391
20
-425.206
0
VERTEX
8
Nb_GroundP
10
-680.324
20
-425.262
0
VERTEX
8
Nb_GroundP
10
-680.262
20
-425.324
0
VERTEX
8
Nb_GroundP
10
-680.206
20
-425.391
0
VERTEX
8
Nb_GroundP
10
-680.156
20
-425.462
0
VERTEX
8
Nb_GroundP
10
-680.112
20
-425.538
0
VERTEX
8
Nb_GroundP
10
-680.075
20
-425.617
0
VERTEX
8
Nb_GroundP
10
-680.045
20
-425.699
0
VERTEX
8
Nb_GroundP
10
-680.023
20
-425.783
0
VERTEX
8
Nb_GroundP
10
-680.008
20
-425.869
0
VERTEX
8
Nb_GroundP
10
-680
20
-425.956
0
VERTEX
8
Nb_GroundP
10
-680
20
-1602.417
0
VERTEX
8
Nb_GroundP
10
-679.708
20
-1607.243
0
VERTEX
8
Nb_GroundP
10
-679.125
20
-1612.043
0
VERTEX
8
Nb_GroundP
10
-678.254
20
-1616.798
0
VERTEX
8
Nb_GroundP
10
-677.097
20
-1621.492
0
VERTEX
8
Nb_GroundP
10
-675.659
20
-1626.108
0
VERTEX
8
Nb_GroundP
10
-673.944
20
-1630.629
0
VERTEX
8
Nb_GroundP
10
-671.96
20
-1635.037
0
VERTEX
8
Nb_GroundP
10
-669.713
20
-1639.318
0
VERTEX
8
Nb_GroundP
10
-667.212
20
-1643.456
0
VERTEX
8
Nb_GroundP
10
-664.466
20
-1647.435
0
VERTEX
8
Nb_GroundP
10
-661.484
20
-1651.24
0
VERTEX
8
Nb_GroundP
10
-658.278
20
-1654.859
0
VERTEX
8
Nb_GroundP
10
-654.859
20
-1658.278
0
VERTEX
8
Nb_GroundP
10
-651.24
20
-1661.484
0
VERTEX
8
Nb_GroundP
10
-647.435
20
-1664.466
0
VERTEX
8
Nb_GroundP
10
-643.456
20
-1667.212
0
VERTEX
8
Nb_GroundP
10
-639.318
20
-1669.713
0
VERTEX
8
Nb_GroundP
10
-635.037
20
-1671.96
0
VERTEX
8
Nb_GroundP
10
-630.629
20
-1673.944
0
VERTEX
8
Nb_GroundP
10
-626.108
20
-1675.659
0
VERTEX
8
Nb_GroundP
10
-621.492
20
-1677.097
0
VERTEX
8
Nb_GroundP
10
-616.798
20
-1678.254
0
VERTEX
8
Nb_GroundP
10
-612.043
20
-1679.125
0
VERTEX
8
Nb_GroundP
10
-607.243
20
-1679.708
0
VERTEX
8
Nb_GroundP
10
-602.417
20
-1680
0
VERTEX
8
Nb_GroundP
10
-497.583
20
-1680
0
VERTEX
8
Nb_GroundP
10
-492.757
20
-1679.708
0
VERTEX
8
Nb_GroundP
10
-487.957
20
-1679.125
0
VERTEX
8
Nb_GroundP
10
-483.202
20
-1678.254
0
VERTEX
8
Nb_GroundP
10
-478.508
20
-1677.097
0
VERTEX
8
Nb_GroundP
10
-473.892
20
-1675.659
0
VERTEX
8
Nb_GroundP
10
-469.371
20
-1673.944
0
VERTEX
8
Nb_GroundP
10
-464.963
20
-1671.96
0
VERTEX
8
Nb_GroundP
10
-460.682
20
-1669.713
0
VERTEX
8
Nb_GroundP
10
-456.544
20
-1667.212
0
VERTEX
8
Nb_GroundP
10
-452.565
20
-1664.466
0
VERTEX
8
Nb_GroundP
10
-448.76
20
-1661.484
0
VERTEX
8
Nb_GroundP
10
-445.141
20
-1658.278
0
VERTEX
8
Nb_GroundP
10
-441.722
20
-1654.859
0
VERTEX
8
Nb_GroundP
10
-438.516
20
-1651.24
0
VERTEX
8
Nb_GroundP
10
-435.534
20
-1647.435
0
VERTEX
8
Nb_GroundP
10
-432.788
20
-1643.456
0
VERTEX
8
Nb_GroundP
10
-430.287
20
-1639.318
0
VERTEX
8
Nb_GroundP
10
-428.04
20
-1635.037
0
VERTEX
8
Nb_GroundP
10
-426.056
20
-1630.629
0
VERTEX
8
Nb_GroundP
10
-424.341
20
-1626.108
0
VERTEX
8
Nb_GroundP
10
-422.903
20
-1621.492
0
VERTEX
8
Nb_GroundP
10
-421.746
20
-1616.798
0
VERTEX
8
Nb_GroundP
10
-420.875
20
-1612.043
0
VERTEX
8
Nb_GroundP
10
-420.292
20
-1607.243
0
VERTEX
8
Nb_GroundP
10
-420
20
-1602.417
0
VERTEX
8
Nb_GroundP
10
-420
20
-146.374
0
VERTEX
8
Nb_GroundP
10
-419.562
20
-139.135
0
VERTEX
8
Nb_GroundP
10
-418.688
20
-131.936
0
VERTEX
8
Nb_GroundP
10
-417.381
20
-124.803
0
VERTEX
8
Nb_GroundP
10
-415.645
20
-117.761
0
VERTEX
8
Nb_GroundP
10
-413.488
20
-110.838
0
VERTEX
8
Nb_GroundP
10
-410.916
20
-104.057
0
VERTEX
8
Nb_GroundP
10
-407.94
20
-97.444
0
VERTEX
8
Nb_GroundP
10
-404.57
20
-91.023
0
VERTEX
8
Nb_GroundP
10
-400.818
20
-84.816
0
VERTEX
8
Nb_GroundP
10
-396.698
20
-78.848
0
VERTEX
8
Nb_GroundP
10
-392.226
20
-73.139
0
VERTEX
8
Nb_GroundP
10
-387.417
20
-67.711
0
VERTEX
8
Nb_GroundP
10
-382.289
20
-62.583
0
VERTEX
8
Nb_GroundP
10
-376.861
20
-57.774
0
VERTEX
8
Nb_GroundP
10
-371.152
20
-53.302
0
VERTEX
8
Nb_GroundP
10
-365.184
20
-49.182
0
VERTEX
8
Nb_GroundP
10
-358.977
20
-45.43
0
VERTEX
8
Nb_GroundP
10
-352.556
20
-42.06
0
VERTEX
8
Nb_GroundP
10
-345.943
20
-39.084
0
VERTEX
8
Nb_GroundP
10
-339.162
20
-36.512
0
VERTEX
8
Nb_GroundP
10
-332.239
20
-34.355
0
VERTEX
8
Nb_GroundP
10
-325.197
20
-32.619
0
VERTEX
8
Nb_GroundP
10
-318.064
20
-31.312
0
VERTEX
8
Nb_GroundP
10
-310.865
20
-30.438
0
VERTEX
8
Nb_GroundP
10
-303.626
20
-30
0
VERTEX
8
Nb_GroundP
10
-196.374
20
-30
0
VERTEX
8
Nb_GroundP
10
-189.135
20
-30.438
0
VERTEX
8
Nb_GroundP
10
-181.936
20
-31.312
0
VERTEX
8
Nb_GroundP
10
-174.803
20
-32.619
0
VERTEX
8
Nb_GroundP
10
-167.761
20
-34.355
0
VERTEX
8
Nb_GroundP
10
-160.838
20
-36.512
0
VERTEX
8
Nb_GroundP
10
-154.057
20
-39.084
0
VERTEX
8
Nb_GroundP
10
-147.444
20
-42.06
0
VERTEX
8
Nb_GroundP
10
-141.023
20
-45.43
0
VERTEX
8
Nb_GroundP
10
-134.816
20
-49.182
0
VERTEX
8
Nb_GroundP
10
-128.848
20
-53.302
0
VERTEX
8
Nb_GroundP
10
-123.139
20
-57.774
0
VERTEX
8
Nb_GroundP
10
-117.711
20
-62.583
0
VERTEX
8
Nb_GroundP
10
-112.583
20
-67.711
0
VERTEX
8
Nb_GroundP
10
-107.774
20
-73.139
0
VERTEX
8
Nb_GroundP
10
-103.302
20
-78.848
0
VERTEX
8
Nb_GroundP
10
-99.182
20
-84.816
0
VERTEX
8
Nb_GroundP
10
-95.43
20
-91.023
0
VERTEX
8
Nb_GroundP
10
-92.06
20
-97.444
0
VERTEX
8
Nb_GroundP
10
-89.084
20
-104.057
0
VERTEX
8
Nb_GroundP
10
-86.512
20
-110.838
0
VERTEX
8
Nb_GroundP
10
-84.355
20
-117.761
0
VERTEX
8
Nb_GroundP
10
-82.619
20
-124.803
0
VERTEX
8
Nb_GroundP
10
-81.312
20
-131.936
0
VERTEX
8
Nb_GroundP
10
-80.438
20
-139.135
0
VERTEX
8
Nb_GroundP
10
-80
20
-146.374
0
VERTEX
8
Nb_GroundP
10
-80
20
-1699.044
0
VERTEX
8
Nb_GroundP
10
-80.008
20
-1699.131
0
VERTEX
8
Nb_GroundP
10
-80.023
20
-1699.217
0
VERTEX
8
Nb_GroundP
10
-80.045
20
-1699.301
0
VERTEX
8
Nb_GroundP
10
-80.075
20
-1699.383
0
VERTEX
8
Nb_GroundP
10
-80.112
20
-1699.462
0
VERTEX
8
Nb_GroundP
10
-80.156
20
-1699.538
0
VERTEX
8
Nb_GroundP
10
-80.206
20
-1699.609
0
VERTEX
8
Nb_GroundP
10
-80.262
20
-1699.676
0
VERTEX
8
Nb_GroundP
10
-80.324
20
-1699.738
0
VERTEX
8
Nb_GroundP
10
-80.391
20
-1699.794
0
VERTEX
8
Nb_GroundP
10
-80.462
20
-1699.844
0
VERTEX
8
Nb_GroundP
10
-80.538
20
-1699.888
0
VERTEX
8
Nb_GroundP
10
-80.617
20
-1699.925
0
VERTEX
8
Nb_GroundP
10
-80.699
20
-1699.955
0
VERTEX
8
Nb_GroundP
10
-80.783
20
-1699.977
0
VERTEX
8
Nb_GroundP
10
-80.869
20
-1699.992
0
VERTEX
8
Nb_GroundP
10
-80.956
20
-1700
0
VERTEX
8
Nb_GroundP
10
-90.044
20
-1700
0
VERTEX
8
Nb_GroundP
10
-90.131
20
-1699.992
0
VERTEX
8
Nb_GroundP
10
-90.217
20
-1699.977
0
VERTEX
8
Nb_GroundP
10
-90.301
20
-1699.955
0
VERTEX
8
Nb_GroundP
10
-90.383
20
-1699.925
0
VERTEX
8
Nb_GroundP
10
-90.462
20
-1699.888
0
VERTEX
8
Nb_GroundP
10
-90.538
20
-1699.844
0
VERTEX
8
Nb_GroundP
10
-90.609
20
-1699.794
0
VERTEX
8
Nb_GroundP
10
-90.676
20
-1699.738
0
VERTEX
8
Nb_GroundP
10
-90.738
20
-1699.676
0
VERTEX
8
Nb_GroundP
10
-90.794
20
-1699.609
0
VERTEX
8
Nb_GroundP
10
-90.844
20
-1699.538
0
VERTEX
8
Nb_GroundP
10
-90.888
20
-1699.462
0
VERTEX
8
Nb_GroundP
10
-90.925
20
-1699.383
0
VERTEX
8
Nb_GroundP
10
-90.955
20
-1699.301
0
VERTEX
8
Nb_GroundP
10
-90.977
20
-1699.217
0
VERTEX
8
Nb_GroundP
10
-90.992
20
-1699.131
0
VERTEX
8
Nb_GroundP
10
-91
20
-1699.044
0
VERTEX
8
Nb_GroundP
10
-91
20
-146.642
0
VERTEX
8
Nb_GroundP
10
-91.413
20
-139.938
0
VERTEX
8
Nb_GroundP
10
-92.239
20
-133.272
0
VERTEX
8
Nb_GroundP
10
-93.473
20
-126.67
0
VERTEX
8
Nb_GroundP
10
-95.111
20
-120.156
0
VERTEX
8
Nb_GroundP
10
-97.147
20
-113.756
0
VERTEX
8
Nb_GroundP
10
-99.574
20
-107.493
0
VERTEX
8
Nb_GroundP
10
-102.381
20
-101.391
0
VERTEX
8
Nb_GroundP
10
-105.559
20
-95.474
0
VERTEX
8
Nb_GroundP
10
-109.094
20
-89.763
0
VERTEX
8
Nb_GroundP
10
-112.975
20
-84.281
0
VERTEX
8
Nb_GroundP
10
-117.186
20
-79.049
0
VERTEX
8
Nb_GroundP
10
-121.711
20
-74.085
0
VERTEX
8
Nb_GroundP
10
-126.533
20
-69.409
0
VERTEX
8
Nb_GroundP
10
-131.633
20
-65.04
0
VERTEX
8
Nb_GroundP
10
-136.993
20
-60.992
0
VERTEX
8
Nb_GroundP
10
-142.592
20
-57.282
0
VERTEX
8
Nb_GroundP
10
-145.501
20
-55.603
0
VERTEX
8
Nb_GroundP
10
-147.63
20
-54.39
0
VERTEX
8
Nb_GroundP
10
-149.774
20
-53.2
0
VERTEX
8
Nb_GroundP
10
-150.852
20
-52.614
0
VERTEX
8
Nb_GroundP
10
-152.205
20
-51.891
0
VERTEX
8
Nb_GroundP
10
-153.906
20
-51.001
0
VERTEX
8
Nb_GroundP
10
-156.047
20
-49.912
0
VERTEX
8
Nb_GroundP
10
-158.748
20
-48.589
0
VERTEX
8
Nb_GroundP
10
-160.451
20
-47.785
0
VERTEX
8
Nb_GroundP
10
-162.166
20
-47.002
0
VERTEX
8
Nb_GroundP
10
-163.894
20
-46.239
0
VERTEX
8
Nb_GroundP
10
-165.635
20
-45.499
0
VERTEX
8
Nb_GroundP
10
-166.51
20
-45.138
0
VERTEX
8
Nb_GroundP
10
-168.271
20
-44.435
0
VERTEX
8
Nb_GroundP
10
-170.045
20
-43.759
0
VERTEX
8
Nb_GroundP
10
-170.937
20
-43.432
0
VERTEX
8
Nb_GroundP
10
-172.057
20
-43.033
0
VERTEX
8
Nb_GroundP
10
-173.499
20
-42.54
0
VERTEX
8
Nb_GroundP
10
-174.949
20
-42.068
0
VERTEX
8
Nb_GroundP
10
-175.677
20
-41.839
0
VERTEX
8
Nb_GroundP
10
-176.59
20
-41.562
0
VERTEX
8
Nb_GroundP
10
-177.736
20
-41.228
0
VERTEX
8
Nb_GroundP
10
-179.175
20
-40.83
0
VERTEX
8
Nb_GroundP
10
-180.656
20
-40.447
0
VERTEX
8
Nb_GroundP
10
-182.145
20
-40.088
0
VERTEX
8
Nb_GroundP
10
-182.892
20
-39.919
0
VERTEX
8
Nb_GroundP
10
-183.828
20
-39.716
0
VERTEX
8
Nb_GroundP
10
-185.002
20
-39.478
0
VERTEX
8
Nb_GroundP
10
-186.474
20
-39.204
0
VERTEX
8
Nb_GroundP
10
-188.323
20
-38.898
0
VERTEX
8
Nb_GroundP
10
-189.843
20
-38.681
0
VERTEX
8
Nb_GroundP
10
-191.367
20
-38.492
0
VERTEX
8
Nb_GroundP
10
-192.13
20
-38.409
0
VERTEX
8
Nb_GroundP
10
-193.086
20
-38.316
0
VERTEX
8
Nb_GroundP
10
-194.283
20
-38.216
0
VERTEX
8
Nb_GroundP
10
-195.78
20
-38.118
0
VERTEX
8
Nb_GroundP
10
-197.655
20
-38.036
0
VERTEX
8
Nb_GroundP
10
-199.998
20
-38
0
VERTEX
8
Nb_GroundP
10
-300.002
20
-38
0
VERTEX
8
Nb_GroundP
10
-302.345
20
-38.036
0
VERTEX
8
Nb_GroundP
10
-304.22
20
-38.118
0
VERTEX
8
Nb_GroundP
10
-305.717
20
-38.216
0
VERTEX
8
Nb_GroundP
10
-306.914
20
-38.316
0
VERTEX
8
Nb_GroundP
10
-307.87
20
-38.409
0
VERTEX
8
Nb_GroundP
10
-308.633
20
-38.492
0
VERTEX
8
Nb_GroundP
10
-310.157
20
-38.681
0
VERTEX
8
Nb_GroundP
10
-311.677
20
-38.898
0
VERTEX
8
Nb_GroundP
10
-313.526
20
-39.204
0
VERTEX
8
Nb_GroundP
10
-314.998
20
-39.478
0
VERTEX
8
Nb_GroundP
10
-316.172
20
-39.716
0
VERTEX
8
Nb_GroundP
10
-317.108
20
-39.919
0
VERTEX
8
Nb_GroundP
10
-317.855
20
-40.088
0
VERTEX
8
Nb_GroundP
10
-319.344
20
-40.447
0
VERTEX
8
Nb_GroundP
10
-320.825
20
-40.83
0
VERTEX
8
Nb_GroundP
10
-322.264
20
-41.228
0
VERTEX
8
Nb_GroundP
10
-323.41
20
-41.562
0
VERTEX
8
Nb_GroundP
10
-324.323
20
-41.839
0
VERTEX
8
Nb_GroundP
10
-325.051
20
-42.068
0
VERTEX
8
Nb_GroundP
10
-326.501
20
-42.54
0
VERTEX
8
Nb_GroundP
10
-327.943
20
-43.033
0
VERTEX
8
Nb_GroundP
10
-329.063
20
-43.432
0
VERTEX
8
Nb_GroundP
10
-329.955
20
-43.759
0
VERTEX
8
Nb_GroundP
10
-331.729
20
-44.435
0
VERTEX
8
Nb_GroundP
10
-333.49
20
-45.138
0
VERTEX
8
Nb_GroundP
10
-334.365
20
-45.499
0
VERTEX
8
Nb_GroundP
10
-336.106
20
-46.239
0
VERTEX
8
Nb_GroundP
10
-337.834
20
-47.002
0
VERTEX
8
Nb_GroundP
10
-339.549
20
-47.785
0
VERTEX
8
Nb_GroundP
10
-341.252
20
-48.589
0
VERTEX
8
Nb_GroundP
10
-343.953
20
-49.912
0
VERTEX
8
Nb_GroundP
10
-346.094
20
-51.001
0
VERTEX
8
Nb_GroundP
10
-347.795
20
-51.891
0
VERTEX
8
Nb_GroundP
10
-349.148
20
-52.614
0
VERTEX
8
Nb_GroundP
10
-350.226
20
-53.2
0
VERTEX
8
Nb_GroundP
10
-352.37
20
-54.39
0
VERTEX
8
Nb_GroundP
10
-354.499
20
-55.603
0
VERTEX
8
Nb_GroundP
10
-357.408
20
-57.282
0
VERTEX
8
Nb_GroundP
10
-363.007
20
-60.992
0
VERTEX
8
Nb_GroundP
10
-368.367
20
-65.04
0
VERTEX
8
Nb_GroundP
10
-373.467
20
-69.409
0
VERTEX
8
Nb_GroundP
10
-378.289
20
-74.085
0
VERTEX
8
Nb_GroundP
10
-382.814
20
-79.049
0
VERTEX
8
Nb_GroundP
10
-387.025
20
-84.281
0
VERTEX
8
Nb_GroundP
10
-390.906
20
-89.763
0
VERTEX
8
Nb_GroundP
10
-394.441
20
-95.474
0
VERTEX
8
Nb_GroundP
10
-397.619
20
-101.391
0
VERTEX
8
Nb_GroundP
10
-400.426
20
-107.493
0
VERTEX
8
Nb_GroundP
10
-402.853
20
-113.756
0
VERTEX
8
Nb_GroundP
10
-404.889
20
-120.156
0
VERTEX
8
Nb_GroundP
10
-406.527
20
-126.67
0
VERTEX
8
Nb_GroundP
10
-407.761
20
-133.272
0
VERTEX
8
Nb_GroundP
10
-408.587
20
-139.938
0
VERTEX
8
Nb_GroundP
10
-409
20
-146.642
0
VERTEX
8
Nb_GroundP
10
-409
20
-1602.75
0
VERTEX
8
Nb_GroundP
10
-409.332
20
-1608.239
0
VERTEX
8
Nb_GroundP
10
-409.995
20
-1613.699
0
VERTEX
8
Nb_GroundP
10
-410.986
20
-1619.108
0
VERTEX
8
Nb_GroundP
10
-412.302
20
-1624.448
0
VERTEX
8
Nb_GroundP
10
-413.938
20
-1629.698
0
VERTEX
8
Nb_GroundP
10
-415.889
20
-1634.84
0
VERTEX
8
Nb_GroundP
10
-418.146
20
-1639.855
0
VERTEX
8
Nb_GroundP
10
-420.701
20
-1644.725
0
VERTEX
8
Nb_GroundP
10
-423.546
20
-1649.431
0
VERTEX
8
Nb_GroundP
10
-426.67
20
-1653.957
0
VERTEX
8
Nb_GroundP
10
-430.062
20
-1658.286
0
VERTEX
8
Nb_GroundP
10
-433.709
20
-1662.402
0
VERTEX
8
Nb_GroundP
10
-437.598
20
-1666.291
0
VERTEX
8
Nb_GroundP
10
-441.714
20
-1669.938
0
VERTEX
8
Nb_GroundP
10
-446.043
20
-1673.33
0
VERTEX
8
Nb_GroundP
10
-450.569
20
-1676.454
0
VERTEX
8
Nb_GroundP
10
-455.275
20
-1679.299
0
VERTEX
8
Nb_GroundP
10
-460.145
20
-1681.854
0
VERTEX
8
Nb_GroundP
10
-465.16
20
-1684.111
0
VERTEX
8
Nb_GroundP
10
-470.302
20
-1686.062
0
VERTEX
8
Nb_GroundP
10
-475.552
20
-1687.698
0
VERTEX
8
Nb_GroundP
10
-480.892
20
-1689.014
0
VERTEX
8
Nb_GroundP
10
-486.301
20
-1690.005
0
VERTEX
8
Nb_GroundP
10
-491.761
20
-1690.668
0
VERTEX
8
Nb_GroundP
10
-497.25
20
-1691
0
VERTEX
8
Nb_GroundP
10
-602.75
20
-1691
0
VERTEX
8
Nb_GroundP
10
-608.239
20
-1690.668
0
VERTEX
8
Nb_GroundP
10
-613.699
20
-1690.005
0
VERTEX
8
Nb_GroundP
10
-619.108
20
-1689.014
0
VERTEX
8
Nb_GroundP
10
-624.448
20
-1687.698
0
VERTEX
8
Nb_GroundP
10
-629.698
20
-1686.062
0
VERTEX
8
Nb_GroundP
10
-634.84
20
-1684.111
0
VERTEX
8
Nb_GroundP
10
-639.855
20
-1681.854
0
VERTEX
8
Nb_GroundP
10
-644.725
20
-1679.299
0
VERTEX
8
Nb_GroundP
10
-649.431
20
-1676.454
0
VERTEX
8
Nb_GroundP
10
-653.957
20
-1673.33
0
VERTEX
8
Nb_GroundP
10
-658.286
20
-1669.938
0
VERTEX
8
Nb_GroundP
10
-662.402
20
-1666.291
0
VERTEX
8
Nb_GroundP
10
-666.291
20
-1662.402
0
VERTEX
8
Nb_GroundP
10
-669.938
20
-1658.286
0
VERTEX
8
Nb_GroundP
10
-673.33
20
-1653.957
0
VERTEX
8
Nb_GroundP
10
-676.454
20
-1649.431
0
VERTEX
8
Nb_GroundP
10
-679.299
20
-1644.725
0
VERTEX
8
Nb_GroundP
10
-681.854
20
-1639.855
0
VERTEX
8
Nb_GroundP
10
-684.111
20
-1634.84
0
VERTEX
8
Nb_GroundP
10
-686.062
20
-1629.698
0
VERTEX
8
Nb_GroundP
10
-687.698
20
-1624.448
0
VERTEX
8
Nb_GroundP
10
-689.014
20
-1619.108
0
VERTEX
8
Nb_GroundP
10
-690.005
20
-1613.699
0
VERTEX
8
Nb_GroundP
10
-690.668
20
-1608.239
0
VERTEX
8
Nb_GroundP
10
-691
20
-1602.75
0
VERTEX
8
Nb_GroundP
10
-691
20
-475.956
0
VERTEX
8
Nb_GroundP
10
-691.008
20
-475.869
0
VERTEX
8
Nb_GroundP
10
-691.023
20
-475.783
0
VERTEX
8
Nb_GroundP
10
-691.045
20
-475.699
0
VERTEX
8
Nb_GroundP
10
-691.075
20
-475.617
0
VERTEX
8
Nb_GroundP
10
-691.112
20
-475.538
0
VERTEX
8
Nb_GroundP
10
-691.156
20
-475.462
0
VERTEX
8
Nb_GroundP
10
-691.206
20
-475.391
0
VERTEX
8
Nb_GroundP
10
-691.262
20
-475.324
0
VERTEX
8
Nb_GroundP
10
-691.324
20
-475.262
0
VERTEX
8
Nb_GroundP
10
-691.391
20
-475.206
0
VERTEX
8
Nb_GroundP
10
-691.462
20
-475.156
0
VERTEX
8
Nb_GroundP
10
-691.538
20
-475.112
0
VERTEX
8
Nb_GroundP
10
-691.617
20
-475.075
0
VERTEX
8
Nb_GroundP
10
-691.699
20
-475.045
0
VERTEX
8
Nb_GroundP
10
-691.783
20
-475.023
0
VERTEX
8
Nb_GroundP
10
-691.869
20
-475.008
0
VERTEX
8
Nb_GroundP
10
-691.956
20
-475
0
VERTEX
8
Nb_GroundP
10
-708.044
20
-475
0
VERTEX
8
Nb_GroundP
10
-708.131
20
-475.008
0
VERTEX
8
Nb_GroundP
10
-708.217
20
-475.023
0
VERTEX
8
Nb_GroundP
10
-708.301
20
-475.045
0
VERTEX
8
Nb_GroundP
10
-708.383
20
-475.075
0
VERTEX
8
Nb_GroundP
10
-708.462
20
-475.112
0
VERTEX
8
Nb_GroundP
10
-708.538
20
-475.156
0
VERTEX
8
Nb_GroundP
10
-708.609
20
-475.206
0
VERTEX
8
Nb_GroundP
10
-708.676
20
-475.262
0
VERTEX
8
Nb_GroundP
10
-708.738
20
-475.324
0
VERTEX
8
Nb_GroundP
10
-708.794
20
-475.391
0
VERTEX
8
Nb_GroundP
10
-708.844
20
-475.462
0
VERTEX
8
Nb_GroundP
10
-708.888
20
-475.538
0
VERTEX
8
Nb_GroundP
10
-708.925
20
-475.617
0
VERTEX
8
Nb_GroundP
10
-708.955
20
-475.699
0
VERTEX
8
Nb_GroundP
10
-708.977
20
-475.783
0
VERTEX
8
Nb_GroundP
10
-708.992
20
-475.869
0
VERTEX
8
Nb_GroundP
10
-709
20
-475.956
0
VERTEX
8
Nb_GroundP
10
-709
20
-1603.294
0
VERTEX
8
Nb_GroundP
10
-708.602
20
-1609.869
0
VERTEX
8
Nb_GroundP
10
-707.808
20
-1616.408
0
VERTEX
8
Nb_GroundP
10
-706.621
20
-1622.887
0
VERTEX
8
Nb_GroundP
10
-705.044
20
-1629.283
0
VERTEX
8
Nb_GroundP
10
-703.085
20
-1635.572
0
VERTEX
8
Nb_GroundP
10
-700.749
20
-1641.732
0
VERTEX
8
Nb_GroundP
10
-698.045
20
-1647.738
0
VERTEX
8
Nb_GroundP
10
-694.984
20
-1653.571
0
VERTEX
8
Nb_GroundP
10
-691.576
20
-1659.208
0
VERTEX
8
Nb_GroundP
10
-687.834
20
-1664.63
0
VERTEX
8
Nb_GroundP
10
-683.772
20
-1669.815
0
VERTEX
8
Nb_GroundP
10
-679.404
20
-1674.746
0
VERTEX
8
Nb_GroundP
10
-674.746
20
-1679.404
0
VERTEX
8
Nb_GroundP
10
-669.815
20
-1683.772
0
VERTEX
8
Nb_GroundP
10
-664.63
20
-1687.834
0
VERTEX
8
Nb_GroundP
10
-659.208
20
-1691.576
0
VERTEX
8
Nb_GroundP
10
-653.571
20
-1694.984
0
VERTEX
8
Nb_GroundP
10
-647.738
20
-1698.045
0
VERTEX
8
Nb_GroundP
10
-641.732
20
-1700.749
0
VERTEX
8
Nb_GroundP
10
-635.572
20
-1703.085
0
VERTEX
8
Nb_GroundP
10
-629.283
20
-1705.044
0
VERTEX
8
Nb_GroundP
10
-622.887
20
-1706.621
0
VERTEX
8
Nb_GroundP
10
-616.408
20
-1707.808
0
VERTEX
8
Nb_GroundP
10
-609.869
20
-1708.602
0
VERTEX
8
Nb_GroundP
10
-603.294
20
-1709
0
VERTEX
8
Nb_GroundP
10
-496.706
20
-1709
0
VERTEX
8
Nb_GroundP
10
-490.131
20
-1708.602
0
VERTEX
8
Nb_GroundP
10
-483.592
20
-1707.808
0
VERTEX
8
Nb_GroundP
10
-477.113
20
-1706.621
0
VERTEX
8
Nb_GroundP
10
-470.717
20
-1705.044
0
VERTEX
8
Nb_GroundP
10
-464.428
20
-1703.085
0
VERTEX
8
Nb_GroundP
10
-458.268
20
-1700.749
0
VERTEX
8
Nb_GroundP
10
-452.262
20
-1698.045
0
VERTEX
8
Nb_GroundP
10
-446.429
20
-1694.984
0
VERTEX
8
Nb_GroundP
10
-440.792
20
-1691.576
0
VERTEX
8
Nb_GroundP
10
-435.37
20
-1687.834
0
VERTEX
8
Nb_GroundP
10
-430.185
20
-1683.772
0
VERTEX
8
Nb_GroundP
10
-425.254
20
-1679.404
0
VERTEX
8
Nb_GroundP
10
-420.596
20
-1674.746
0
VERTEX
8
Nb_GroundP
10
-416.228
20
-1669.815
0
VERTEX
8
Nb_GroundP
10
-412.166
20
-1664.63
0
VERTEX
8
Nb_GroundP
10
-408.424
20
-1659.208
0
VERTEX
8
Nb_GroundP
10
-405.016
20
-1653.571
0
VERTEX
8
Nb_GroundP
10
-401.955
20
-1647.738
0
VERTEX
8
Nb_GroundP
10
-399.251
20
-1641.732
0
VERTEX
8
Nb_GroundP
10
-396.915
20
-1635.572
0
VERTEX
8
Nb_GroundP
10
-394.956
20
-1629.283
0
VERTEX
8
Nb_GroundP
10
-393.379
20
-1622.887
0
VERTEX
8
Nb_GroundP
10
-392.192
20
-1616.408
0
VERTEX
8
Nb_GroundP
10
-391.398
20
-1609.869
0
VERTEX
8
Nb_GroundP
10
-391
20
-1603.294
0
VERTEX
8
Nb_GroundP
10
-391
20
-150.205
0
VERTEX
8
Nb_GroundP
10
-391.006
20
-147.395
0
VERTEX
8
Nb_GroundP
10
-390.672
20
-141.786
0
VERTEX
8
Nb_GroundP
10
-389.993
20
-136.207
0
VERTEX
8
Nb_GroundP
10
-388.97
20
-130.682
0
VERTEX
8
Nb_GroundP
10
-387.609
20
-125.23
0
VERTEX
8
Nb_GroundP
10
-385.914
20
-119.872
0
VERTEX
8
Nb_GroundP
10
-383.892
20
-114.629
0
VERTEX
8
Nb_GroundP
10
-381.55
20
-109.521
0
VERTEX
8
Nb_GroundP
10
-378.897
20
-104.567
0
VERTEX
8
Nb_GroundP
10
-375.944
20
-99.786
0
VERTEX
8
Nb_GroundP
10
-372.702
20
-95.197
0
VERTEX
8
Nb_GroundP
10
-369.182
20
-90.816
0
VERTEX
8
Nb_GroundP
10
-365.4
20
-86.661
0
VERTEX
8
Nb_GroundP
10
-361.367
20
-82.747
0
VERTEX
8
Nb_GroundP
10
-357.102
20
-79.089
0
VERTEX
8
Nb_GroundP
10
-352.618
20
-75.701
0
VERTEX
8
Nb_GroundP
10
-347.934
20
-72.597
0
VERTEX
8
Nb_GroundP
10
-345.501
20
-71.192
0
VERTEX
8
Nb_GroundP
10
-344.358
20
-70.55
0
VERTEX
8
Nb_GroundP
10
-343.202
20
-69.934
0
VERTEX
8
Nb_GroundP
10
-342.619
20
-69.637
0
VERTEX
8
Nb_GroundP
10
-341.886
20
-69.274
0
VERTEX
8
Nb_GroundP
10
-340.962
20
-68.835
0
VERTEX
8
Nb_GroundP
10
-339.796
20
-68.309
0
VERTEX
8
Nb_GroundP
10
-338.325
20
-67.688
0
VERTEX
8
Nb_GroundP
10
-336.463
20
-66.968
0
VERTEX
8
Nb_GroundP
10
-335.289
20
-66.548
0
VERTEX
8
Nb_GroundP
10
-334.108
20
-66.152
0
VERTEX
8
Nb_GroundP
10
-332.92
20
-65.78
0
VERTEX
8
Nb_GroundP
10
-331.725
20
-65.43
0
VERTEX
8
Nb_GroundP
10
-331.126
20
-65.263
0
VERTEX
8
Nb_GroundP
10
-329.924
20
-64.946
0
VERTEX
8
Nb_GroundP
10
-328.718
20
-64.65
0
VERTEX
8
Nb_GroundP
10
-328.113
20
-64.51
0
VERTEX
8
Nb_GroundP
10
-327.357
20
-64.342
0
VERTEX
8
Nb_GroundP
10
-325.84
20
-64.029
0
VERTEX
8
Nb_GroundP
10
-324.32
20
-63.746
0
VERTEX
8
Nb_GroundP
10
-323.558
20
-63.615
0
VERTEX
8
Nb_GroundP
10
-322.606
20
-63.461
0
VERTEX
8
Nb_GroundP
10
-321.082
20
-63.235
0
VERTEX
8
Nb_GroundP
10
-319.557
20
-63.034
0
VERTEX
8
Nb_GroundP
10
-318.795
20
-62.942
0
VERTEX
8
Nb_GroundP
10
-317.842
20
-62.835
0
VERTEX
8
Nb_GroundP
10
-316.651
20
-62.713
0
VERTEX
8
Nb_GroundP
10
-314.747
20
-62.542
0
VERTEX
8
Nb_GroundP
10
-312.846
20
-62.4
0
VERTEX
8
Nb_GroundP
10
-311.896
20
-62.339
0
VERTEX
8
Nb_GroundP
10
-310.71
20
-62.27
0
VERTEX
8
Nb_GroundP
10
-309.228
20
-62.197
0
VERTEX
8
Nb_GroundP
10
-306.862
20
-62.107
0
VERTEX
8
Nb_GroundP
10
-304.499
20
-62.045
0
VERTEX
8
Nb_GroundP
10
-303.318
20
-62.024
0
VERTEX
8
Nb_GroundP
10
-301.843
20
-62.007
0
VERTEX
8
Nb_GroundP
10
-299.998
20
-62
0
VERTEX
8
Nb_GroundP
10
-200.002
20
-62
0
VERTEX
8
Nb_GroundP
10
-198.157
20
-62.007
0
VERTEX
8
Nb_GroundP
10
-196.682
20
-62.024
0
VERTEX
8
Nb_GroundP
10
-195.501
20
-62.045
0
VERTEX
8
Nb_GroundP
10
-193.138
20
-62.107
0
VERTEX
8
Nb_GroundP
10
-190.772
20
-62.197
0
VERTEX
8
Nb_GroundP
10
-189.29
20
-62.27
0
VERTEX
8
Nb_GroundP
10
-188.104
20
-62.339
0
VERTEX
8
Nb_GroundP
10
-187.154
20
-62.4
0
VERTEX
8
Nb_GroundP
10
-185.253
20
-62.542
0
VERTEX
8
Nb_GroundP
10
-183.349
20
-62.713
0
VERTEX
8
Nb_GroundP
10
-182.158
20
-62.835
0
VERTEX
8
Nb_GroundP
10
-181.205
20
-62.942
0
VERTEX
8
Nb_GroundP
10
-180.443
20
-63.034
0
VERTEX
8
Nb_GroundP
10
-178.918
20
-63.235
0
VERTEX
8
Nb_GroundP
10
-177.394
20
-63.461
0
VERTEX
8
Nb_GroundP
10
-176.442
20
-63.615
0
VERTEX
8
Nb_GroundP
10
-175.68
20
-63.746
0
VERTEX
8
Nb_GroundP
10
-174.16
20
-64.029
0
VERTEX
8
Nb_GroundP
10
-172.643
20
-64.342
0
VERTEX
8
Nb_GroundP
10
-171.887
20
-64.51
0
VERTEX
8
Nb_GroundP
10
-171.282
20
-64.65
0
VERTEX
8
Nb_GroundP
10
-170.076
20
-64.946
0
VERTEX
8
Nb_GroundP
10
-168.874
20
-65.263
0
VERTEX
8
Nb_GroundP
10
-168.275
20
-65.43
0
VERTEX
8
Nb_GroundP
10
-167.08
20
-65.78
0
VERTEX
8
Nb_GroundP
10
-165.892
20
-66.152
0
VERTEX
8
Nb_GroundP
10
-164.711
20
-66.548
0
VERTEX
8
Nb_GroundP
10
-163.537
20
-66.968
0
VERTEX
8
Nb_GroundP
10
-161.675
20
-67.688
0
VERTEX
8
Nb_GroundP
10
-160.204
20
-68.309
0
VERTEX
8
Nb_GroundP
10
-159.038
20
-68.835
0
VERTEX
8
Nb_GroundP
10
-158.114
20
-69.274
0
VERTEX
8
Nb_GroundP
10
-157.381
20
-69.637
0
VERTEX
8
Nb_GroundP
10
-156.798
20
-69.934
0
VERTEX
8
Nb_GroundP
10
-155.642
20
-70.55
0
VERTEX
8
Nb_GroundP
10
-154.499
20
-71.192
0
VERTEX
8
Nb_GroundP
10
-152.066
20
-72.597
0
VERTEX
8
Nb_GroundP
10
-147.382
20
-75.701
0
VERTEX
8
Nb_GroundP
10
-142.898
20
-79.089
0
VERTEX
8
Nb_GroundP
10
-138.633
20
-82.747
0
VERTEX
8
Nb_GroundP
10
-134.6
20
-86.661
0
VERTEX
8
Nb_GroundP
10
-130.818
20
-90.816
0
VERTEX
8
Nb_GroundP
10
-127.298
20
-95.197
0
VERTEX
8
Nb_GroundP
10
-124.056
20
-99.786
0
VERTEX
8
Nb_GroundP
10
-121.103
20
-104.567
0
VERTEX
8
Nb_GroundP
10
-118.45
20
-109.521
0
VERTEX
8
Nb_GroundP
10
-116.108
20
-114.629
0
VERTEX
8
Nb_GroundP
10
-114.086
20
-119.872
0
VERTEX
8
Nb_GroundP
10
-112.391
20
-125.23
0
VERTEX
8
Nb_GroundP
10
-111.03
20
-130.682
0
VERTEX
8
Nb_GroundP
10
-110.007
20
-136.207
0
VERTEX
8
Nb_GroundP
10
-109.328
20
-141.786
0
VERTEX
8
Nb_GroundP
10
-108.994
20
-147.395
0
VERTEX
8
Nb_GroundP
10
-109
20
-150.205
0
VERTEX
8
Nb_GroundP
10
-109
20
-1699.044
0
VERTEX
8
Nb_GroundP
10
-109.008
20
-1699.131
0
VERTEX
8
Nb_GroundP
10
-109.023
20
-1699.217
0
VERTEX
8
Nb_GroundP
10
-109.045
20
-1699.301
0
VERTEX
8
Nb_GroundP
10
-109.075
20
-1699.383
0
VERTEX
8
Nb_GroundP
10
-109.112
20
-1699.462
0
VERTEX
8
Nb_GroundP
10
-109.156
20
-1699.538
0
VERTEX
8
Nb_GroundP
10
-109.206
20
-1699.609
0
VERTEX
8
Nb_GroundP
10
-109.262
20
-1699.676
0
VERTEX
8
Nb_GroundP
10
-109.324
20
-1699.738
0
VERTEX
8
Nb_GroundP
10
-109.391
20
-1699.794
0
VERTEX
8
Nb_GroundP
10
-109.462
20
-1699.844
0
VERTEX
8
Nb_GroundP
10
-109.538
20
-1699.888
0
VERTEX
8
Nb_GroundP
10
-109.617
20
-1699.925
0
VERTEX
8
Nb_GroundP
10
-109.699
20
-1699.955
0
VERTEX
8
Nb_GroundP
10
-109.783
20
-1699.977
0
VERTEX
8
Nb_GroundP
10
-109.869
20
-1699.992
0
VERTEX
8
Nb_GroundP
10
-109.956
20
-1700
0
VERTEX
8
Nb_GroundP
10
-119.044
20
-1700
0
VERTEX
8
Nb_GroundP
10
-119.131
20
-1699.992
0
VERTEX
8
Nb_GroundP
10
-119.217
20
-1699.977
0
VERTEX
8
Nb_GroundP
10
-119.301
20
-1699.955
0
VERTEX
8
Nb_GroundP
10
-119.383
20
-1699.925
0
VERTEX
8
Nb_GroundP
10
-119.462
20
-1699.888
0
VERTEX
8
Nb_GroundP
10
-119.538
20
-1699.844
0
VERTEX
8
Nb_GroundP
10
-119.609
20
-1699.794
0
VERTEX
8
Nb_GroundP
10
-119.676
20
-1699.738
0
VERTEX
8
Nb_GroundP
10
-119.738
20
-1699.676
0
VERTEX
8
Nb_GroundP
10
-119.794
20
-1699.609
0
VERTEX
8
Nb_GroundP
10
-119.844
20
-1699.538
0
VERTEX
8
Nb_GroundP
10
-119.888
20
-1699.462
0
VERTEX
8
Nb_GroundP
10
-119.925
20
-1699.383
0
VERTEX
8
Nb_GroundP
10
-119.955
20
-1699.301
0
VERTEX
8
Nb_GroundP
10
-119.977
20
-1699.217
0
VERTEX
8
Nb_GroundP
10
-119.992
20
-1699.131
0
VERTEX
8
Nb_GroundP
10
-120
20
-1699.044
0
VERTEX
8
Nb_GroundP
10
-120
20
-147.583
0
VERTEX
8
Nb_GroundP
10
-120.292
20
-142.757
0
VERTEX
8
Nb_GroundP
10
-120.875
20
-137.957
0
VERTEX
8
Nb_GroundP
10
-121.746
20
-133.202
0
VERTEX
8
Nb_GroundP
10
-122.903
20
-128.508
0
VERTEX
8
Nb_GroundP
10
-124.341
20
-123.892
0
VERTEX
8
Nb_GroundP
10
-126.056
20
-119.371
0
VERTEX
8
Nb_GroundP
10
-128.04
20
-114.963
0
VERTEX
8
Nb_GroundP
10
-130.287
20
-110.682
0
VERTEX
8
Nb_GroundP
10
-132.788
20
-106.544
0
VERTEX
8
Nb_GroundP
10
-135.534
20
-102.565
0
VERTEX
8
Nb_GroundP
10
-138.516
20
-98.76
0
VERTEX
8
Nb_GroundP
10
-141.722
20
-95.141
0
VERTEX
8
Nb_GroundP
10
-145.141
20
-91.722
0
VERTEX
8
Nb_GroundP
10
-148.76
20
-88.516
0
VERTEX
8
Nb_GroundP
10
-152.565
20
-85.534
0
VERTEX
8
Nb_GroundP
10
-156.544
20
-82.788
0
VERTEX
8
Nb_GroundP
10
-160.682
20
-80.287
0
VERTEX
8
Nb_GroundP
10
-164.963
20
-78.04
0
VERTEX
8
Nb_GroundP
10
-169.371
20
-76.056
0
VERTEX
8
Nb_GroundP
10
-173.892
20
-74.341
0
VERTEX
8
Nb_GroundP
10
-178.508
20
-72.903
0
VERTEX
8
Nb_GroundP
10
-183.202
20
-71.746
0
VERTEX
8
Nb_GroundP
10
-187.957
20
-70.875
0
VERTEX
8
Nb_GroundP
10
-192.757
20
-70.292
0
VERTEX
8
Nb_GroundP
10
-197.583
20
-70
0
VERTEX
8
Nb_GroundP
10
-302.417
20
-70
0
VERTEX
8
Nb_GroundP
10
-307.243
20
-70.292
0
VERTEX
8
Nb_GroundP
10
-312.043
20
-70.875
0
VERTEX
8
Nb_GroundP
10
-316.798
20
-71.746
0
VERTEX
8
Nb_GroundP
10
-321.492
20
-72.903
0
VERTEX
8
Nb_GroundP
10
-326.108
20
-74.341
0
VERTEX
8
Nb_GroundP
10
-330.629
20
-76.056
0
VERTEX
8
Nb_GroundP
10
-335.037
20
-78.04
0
VERTEX
8
Nb_GroundP
10
-339.318
20
-80.287
0
VERTEX
8
Nb_GroundP
10
-343.456
20
-82.788
0
VERTEX
8
Nb_GroundP
10
-347.435
20
-85.534
0
VERTEX
8
Nb_GroundP
10
-351.24
20
-88.516
0
VERTEX
8
Nb_GroundP
10
-354.859
20
-91.722
0
VERTEX
8
Nb_GroundP
10
-358.278
20
-95.141
0
VERTEX
8
Nb_GroundP
10
-361.484
20
-98.76
0
VERTEX
8
Nb_GroundP
10
-364.466
20
-102.565
0
VERTEX
8
Nb_GroundP
10
-367.212
20
-106.544
0
VERTEX
8
Nb_GroundP
10
-369.713
20
-110.682
0
VERTEX
8
Nb_GroundP
10
-371.96
20
-114.963
0
VERTEX
8
Nb_GroundP
10
-373.944
20
-119.371
0
VERTEX
8
Nb_GroundP
10
-375.659
20
-123.892
0
VERTEX
8
Nb_GroundP
10
-377.097
20
-128.508
0
VERTEX
8
Nb_GroundP
10
-378.254
20
-133.202
0
VERTEX
8
Nb_GroundP
10
-379.125
20
-137.957
0
VERTEX
8
Nb_GroundP
10
-379.708
20
-142.757
0
VERTEX
8
Nb_GroundP
10
-380
20
-147.583
0
VERTEX
8
Nb_GroundP
10
-380
20
-1603.626
0
VERTEX
8
Nb_GroundP
10
-380.438
20
-1610.865
0
VERTEX
8
Nb_GroundP
10
-381.312
20
-1618.064
0
VERTEX
8
Nb_GroundP
10
-382.619
20
-1625.197
0
VERTEX
8
Nb_GroundP
10
-384.355
20
-1632.239
0
VERTEX
8
Nb_GroundP
10
-386.512
20
-1639.162
0
VERTEX
8
Nb_GroundP
10
-389.084
20
-1645.943
0
VERTEX
8
Nb_GroundP
10
-392.06
20
-1652.556
0
VERTEX
8
Nb_GroundP
10
-395.43
20
-1658.977
0
VERTEX
8
Nb_GroundP
10
-399.182
20
-1665.184
0
VERTEX
8
Nb_GroundP
10
-403.302
20
-1671.152
0
VERTEX
8
Nb_GroundP
10
-407.774
20
-1676.861
0
VERTEX
8
Nb_GroundP
10
-412.583
20
-1682.289
0
VERTEX
8
Nb_GroundP
10
-417.711
20
-1687.417
0
VERTEX
8
Nb_GroundP
10
-423.139
20
-1692.226
0
VERTEX
8
Nb_GroundP
10
-428.848
20
-1696.698
0
VERTEX
8
Nb_GroundP
10
-434.816
20
-1700.818
0
VERTEX
8
Nb_GroundP
10
-441.023
20
-1704.57
0
VERTEX
8
Nb_GroundP
10
-447.444
20
-1707.94
0
VERTEX
8
Nb_GroundP
10
-454.057
20
-1710.916
0
VERTEX
8
Nb_GroundP
10
-460.838
20
-1713.488
0
VERTEX
8
Nb_GroundP
10
-467.761
20
-1715.645
0
VERTEX
8
Nb_GroundP
10
-474.803
20
-1717.381
0
VERTEX
8
Nb_GroundP
10
-481.936
20
-1718.688
0
VERTEX
8
Nb_GroundP
10
-489.135
20
-1719.562
0
VERTEX
8
Nb_GroundP
10
-496.374
20
-1720
0
SEQEND
0
POLYLINE
8
Flux traps
70
1
40
0
41
0
66
1
0
VERTEX
8
Flux traps
10
-35
20
1065
0
VERTEX
8
Flux traps
10
-35
20
1085
0
VERTEX
8
Flux traps
10
-15
20
1085
0
VERTEX
8
Flux traps
10
-15
20
1065
0
SEQEND
0
POLYLINE
8
Flux traps
70
1
40
0
41
0
66
1
0
VERTEX
8
Flux traps
10
-85
20
1065
0
VERTEX
8
Flux traps
10
-85
20
1085
0
VERTEX
8
Flux traps
10
-65
20
1085
0
VERTEX
8
Flux traps
10
-65
20
1065
0
SEQEND
0
POLYLINE
8
Flux traps
70
1
40
0
41
0
66
1
0
VERTEX
8
Flux traps
10
-135
20
1065
0
VERTEX
8
Flux traps
10
-135
20
1085
0
VERTEX
8
Flux traps
10
-115
20
1085
0
VERTEX
8
Flux traps
10
-115
20
1065
0
SEQEND
0
POLYLINE
8
Flux traps
70
1
40
0
41
0
66
1
0
VERTEX
8
Flux traps
10
-185
20
1065
0
VERTEX
8
Flux traps
10
-185
20
1085
0
VERTEX
8
Flux traps
10
-165
20
1085
0
VERTEX
8
Flux traps
10
-165
20
1065
0
SEQEND
0
POLYLINE
8
Flux traps
70
1
40
0
41
0
66
1
0
VERTEX
8
Flux traps
10
-235
20
1065
0
VERTEX
8
Flux traps
10
-235
20
1085
0
VERTEX
8
Flux traps
10
-215
20
1085
0
VERTEX
8
Flux traps
10
-215
20
1065
0
SEQEND
0
POLYLINE
8
Flux traps
70
1
40
0
41
0
66
1
0
VERTEX
8
Flux traps
10
-385
20
1065
0
VERTEX
8
Flux traps
10
-385
20
1085
0
VERTEX
8
Flux traps
10
-365
20
1085
0
VERTEX
8
Flux traps
10
-365
20
1065
0
SEQEND
0
POLYLINE
8
Flux traps
70
1
40
0
41
0
66
1
0
VERTEX
8
Flux traps
10
-435
20
1065
0
VERTEX
8
Flux traps
10
-435
20
1085
0
VERTEX
8
Flux traps
10
-415
20
1085
0
VERTEX
8
Flux traps
10
-415
20
1065
0
SEQEND
0
POLYLINE
8
Flux traps
70
1
40
0
41
0
66
1
0
VERTEX
8
Flux traps
10
-485
20
1065
0
VERTEX
8
Flux traps
10
-485
20
1085
0
VERTEX
8
Flux traps
10
-465
20
1085
0
VERTEX
8
Flux traps
10
-465
20
1065
0
SEQEND
0
POLYLINE
8
Flux traps
70
1
40
0
41
0
66
1
0
VERTEX
8
Flux traps
10
-535
20
1065
0
VERTEX
8
Flux traps
10
-535
20
1085
0
VERTEX
8
Flux traps
10
-515
20
1085
0
VERTEX
8
Flux traps
10
-515
20
1065
0
SEQEND
0
POLYLINE
8
Flux traps
70
1
40
0
41
0
66
1
0
VERTEX
8
Flux traps
10
-685
20
1065
0
VERTEX
8
Flux traps
10
-685
20
1085
0
VERTEX
8
Flux traps
10
-665
20
1085
0
VERTEX
8
Flux traps
10
-665
20
1065
0
SEQEND
0
POLYLINE
8
Flux traps
70
1
40
0
41
0
66
1
0
VERTEX
8
Flux traps
10
-735
20
1065
0
VERTEX
8
Flux traps
10
-735
20
1085
0
VERTEX
8
Flux traps
10
-715
20
1085
0
VERTEX
8
Flux traps
10
-715
20
1065
0
SEQEND
0
POLYLINE
8
Flux traps
70
1
40
0
41
0
66
1
0
VERTEX
8
Flux traps
10
-785
20
1065
0
VERTEX
8
Flux traps
10
-785
20
1085
0
VERTEX
8
Flux traps
10
-765
20
1085
0
VERTEX
8
Flux traps
10
-765
20
1065
0
SEQEND
0
POLYLINE
8
Flux traps
70
1
40
0
41
0
66
1
0
VERTEX
8
Flux traps
10
-835
20
1065
0
VERTEX
8
Flux traps
10
-835
20
1085
0
VERTEX
8
Flux traps
10
-815
20
1085
0
VERTEX
8
Flux traps
10
-815
20
1065
0
SEQEND
0
POLYLINE
8
Flux traps
70
1
40
0
41
0
66
1
0
VERTEX
8
Flux traps
10
-985
20
1065
0
VERTEX
8
Flux traps
10
-985
20
1085
0
VERTEX
8
Flux traps
10
-965
20
1085
0
VERTEX
8
Flux traps
10
-965
20
1065
0
SEQEND
0
POLYLINE
8
Flux traps
70
1
40
0
41
0
66
1
0
VERTEX
8
Flux traps
10
-1035
20
1065
0
VERTEX
8
Flux traps
10
-1035
20
1085
0
VERTEX
8
Flux traps
10
-1015
20
1085
0
VERTEX
8
Flux traps
10
-1015
20
1065
0
SEQEND
0
POLYLINE
8
Flux traps
70
1
40
0
41
0
66
1
0
VERTEX
8
Flux traps
10
-1085
20
1065
0
VERTEX
8
Flux traps
10
-1085
20
1085
0
VERTEX
8
Flux traps
10
-1065
20
1085
0
VERTEX
8
Flux traps
10
-1065
20
1065
0
SEQEND
0
POLYLINE
8
Flux traps
70
1
40
0
41
0
66
1
0
VERTEX
8
Flux traps
10
-1135
20
1065
0
VERTEX
8
Flux traps
10
-1135
20
1085
0
VERTEX
8
Flux traps
10
-1115
20
1085
0
VERTEX
8
Flux traps
10
-1115
20
1065
0
SEQEND
0
POLYLINE
8
Flux traps
70
1
40
0
41
0
66
1
0
VERTEX
8
Flux traps
10
-1185
20
1065
0
VERTEX
8
Flux traps
10
-1185
20
1085
0
VERTEX
8
Flux traps
10
-1165
20
1085
0
VERTEX
8
Flux traps
10
-1165
20
1065
0
SEQEND
0
POLYLINE
8
Flux traps
70
1
40
0
41
0
66
1
0
VERTEX
8
Flux traps
10
-1235
20
1065
0
VERTEX
8
Flux traps
10
-1235
20
1085
0
VERTEX
8
Flux traps
10
-1215
20
1085
0
VERTEX
8
Flux traps
10
-1215
20
1065
0
SEQEND
0
POLYLINE
8
Flux traps
70
1
40
0
41
0
66
1
0
VERTEX
8
Flux traps
10
-1385
20
1065
0
VERTEX
8
Flux traps
10
-1385
20
1085
0
VERTEX
8
Flux traps
10
-1365
20
1085
0
VERTEX
8
Flux traps
10
-1365
20
1065
0
SEQEND
0
POLYLINE
8
Flux traps
70
1
40
0
41
0
66
1
0
VERTEX
8
Flux traps
10
-1435
20
1065
0
VERTEX
8
Flux traps
10
-1435
20
1085
0
VERTEX
8
Flux traps
10
-1415
20
1085
0
VERTEX
8
Flux traps
10
-1415
20
1065
0
SEQEND
0
POLYLINE
8
Flux traps
70
1
40
0
41
0
66
1
0
VERTEX
8
Flux traps
10
-1485
20
1065
0
VERTEX
8
Flux traps
10
-1485
20
1085
0
VERTEX
8
Flux traps
10
-1465
20
1085
0
VERTEX
8
Flux traps
10
-1465
20
1065
0
SEQEND
0
POLYLINE
8
Flux traps
70
1
40
0
41
0
66
1
0
VERTEX
8
Flux traps
10
-1535
20
1065
0
VERTEX
8
Flux traps
10
-1535
20
1085
0
VERTEX
8
Flux traps
10
-1515
20
1085
0
VERTEX
8
Flux traps
10
-1515
20
1065
0
SEQEND
0
POLYLINE
8
Flux traps
70
1
40
0
41
0
66
1
0
VERTEX
8
Flux traps
10
-1685
20
1065
0
VERTEX
8
Flux traps
10
-1685
20
1085
0
VERTEX
8
Flux traps
10
-1665
20
1085
0
VERTEX
8
Flux traps
10
-1665
20
1065
0
SEQEND
0
POLYLINE
8
Flux traps
70
1
40
0
41
0
66
1
0
VERTEX
8
Flux traps
10
-1735
20
1065
0
VERTEX
8
Flux traps
10
-1735
20
1085
0
VERTEX
8
Flux traps
10
-1715
20
1085
0
VERTEX
8
Flux traps
10
-1715
20
1065
0
SEQEND
0
POLYLINE
8
Flux traps
70
1
40
0
41
0
66
1
0
VERTEX
8
Flux traps
10
-1785
20
1065
0
VERTEX
8
Flux traps
10
-1785
20
1085
0
VERTEX
8
Flux traps
10
-1765
20
1085
0
VERTEX
8
Flux traps
10
-1765
20
1065
0
SEQEND
0
POLYLINE
8
Flux traps
70
1
40
0
41
0
66
1
0
VERTEX
8
Flux traps
10
-1835
20
1065
0
VERTEX
8
Flux traps
10
-1835
20
1085
0
VERTEX
8
Flux traps
10
-1815
20
1085
0
VERTEX
8
Flux traps
10
-1815
20
1065
0
SEQEND
0
POLYLINE
8
Flux traps
70
1
40
0
41
0
66
1
0
VERTEX
8
Flux traps
10
-1985
20
1065
0
VERTEX
8
Flux traps
10
-1985
20
1085
0
VERTEX
8
Flux traps
10
-1965
20
1085
0
VERTEX
8
Flux traps
10
-1965
20
1065
0
SEQEND
0
POLYLINE
8
Flux traps
70
1
40
0
41
0
66
1
0
VERTEX
8
Flux traps
10
-2035
20
1065
0
VERTEX
8
Flux traps
10
-2035
20
1085
0
VERTEX
8
Flux traps
10
-2015
20
1085
0
VERTEX
8
Flux traps
10
-2015
20
1065
0
SEQEND
0
POLYLINE
8
Flux traps
70
1
40
0
41
0
66
1
0
VERTEX
8
Flux traps
10
-2085
20
1065
0
VERTEX
8
Flux traps
10
-2085
20
1085
0
VERTEX
8
Flux traps
10
-2065
20
1085
0
VERTEX
8
Flux traps
10
-2065
20
1065
0
SEQEND
0
POLYLINE
8
Flux traps
70
1
40
0
41
0
66
1
0
VERTEX
8
Flux traps
10
15
20
1065
0
VERTEX
8
Flux traps
10
15
20
1085
0
VERTEX
8
Flux traps
10
35
20
1085
0
VERTEX
8
Flux traps
10
35
20
1065
0
SEQEND
0
POLYLINE
8
Flux traps
70
1
40
0
41
0
66
1
0
VERTEX
8
Flux traps
10
165
20
1065
0
VERTEX
8
Flux traps
10
165
20
1085
0
VERTEX
8
Flux traps
10
185
20
1085
0
VERTEX
8
Flux traps
10
185
20
1065
0
SEQEND
0
POLYLINE
8
Flux traps
70
1
40
0
41
0
66
1
0
VERTEX
8
Flux traps
10
215
20
1065
0
VERTEX
8
Flux traps
10
215
20
1085
0
VERTEX
8
Flux traps
10
235
20
1085
0
VERTEX
8
Flux traps
10
235
20
1065
0
SEQEND
0
POLYLINE
8
Flux traps
70
1
40
0
41
0
66
1
0
VERTEX
8
Flux traps
10
265
20
1065
0
VERTEX
8
Flux traps
10
265
20
1085
0
VERTEX
8
Flux traps
10
285
20
1085
0
VERTEX
8
Flux traps
10
285
20
1065
0
SEQEND
0
POLYLINE
8
Flux traps
70
1
40
0
41
0
66
1
0
VERTEX
8
Flux traps
10
315
20
1065
0
VERTEX
8
Flux traps
10
315
20
1085
0
VERTEX
8
Flux traps
10
335
20
1085
0
VERTEX
8
Flux traps
10
335
20
1065
0
SEQEND
0
POLYLINE
8
Flux traps
70
1
40
0
41
0
66
1
0
VERTEX
8
Flux traps
10
465
20
1065
0
VERTEX
8
Flux traps
10
465
20
1085
0
VERTEX
8
Flux traps
10
485
20
1085
0
VERTEX
8
Flux traps
10
485
20
1065
0
SEQEND
0
POLYLINE
8
Flux traps
70
1
40
0
41
0
66
1
0
VERTEX
8
Flux traps
10
515
20
1065
0
VERTEX
8
Flux traps
10
515
20
1085
0
VERTEX
8
Flux traps
10
535
20
1085
0
VERTEX
8
Flux traps
10
535
20
1065
0
SEQEND
0
POLYLINE
8
Flux traps
70
1
40
0
41
0
66
1
0
VERTEX
8
Flux traps
10
565
20
1065
0
VERTEX
8
Flux traps
10
565
20
1085
0
VERTEX
8
Flux traps
10
585
20
1085
0
VERTEX
8
Flux traps
10
585
20
1065
0
SEQEND
0
POLYLINE
8
Flux traps
70
1
40
0
41
0
66
1
0
VERTEX
8
Flux traps
10
615
20
1065
0
VERTEX
8
Flux traps
10
615
20
1085
0
VERTEX
8
Flux traps
10
635
20
1085
0
VERTEX
8
Flux traps
10
635
20
1065
0
SEQEND
0
POLYLINE
8
Flux traps
70
1
40
0
41
0
66
1
0
VERTEX
8
Flux traps
10
765
20
1065
0
VERTEX
8
Flux traps
10
765
20
1085
0
VERTEX
8
Flux traps
10
785
20
1085
0
VERTEX
8
Flux traps
10
785
20
1065
0
SEQEND
0
POLYLINE
8
Flux traps
70
1
40
0
41
0
66
1
0
VERTEX
8
Flux traps
10
815
20
1065
0
VERTEX
8
Flux traps
10
815
20
1085
0
VERTEX
8
Flux traps
10
835
20
1085
0
VERTEX
8
Flux traps
10
835
20
1065
0
SEQEND
0
POLYLINE
8
Flux traps
70
1
40
0
41
0
66
1
0
VERTEX
8
Flux traps
10
865
20
1065
0
VERTEX
8
Flux traps
10
865
20
1085
0
VERTEX
8
Flux traps
10
885
20
1085
0
VERTEX
8
Flux traps
10
885
20
1065
0
SEQEND
0
POLYLINE
8
Flux traps
70
1
40
0
41
0
66
1
0
VERTEX
8
Flux traps
10
915
20
1065
0
VERTEX
8
Flux traps
10
915
20
1085
0
VERTEX
8
Flux traps
10
935
20
1085
0
VERTEX
8
Flux traps
10
935
20
1065
0
SEQEND
0
POLYLINE
8
Flux traps
70
1
40
0
41
0
66
1
0
VERTEX
8
Flux traps
10
-1885
20
1065
0
VERTEX
8
Flux traps
10
-1885
20
1085
0
VERTEX
8
Flux traps
10
-1865
20
1085
0
VERTEX
8
Flux traps
10
-1865
20
1065
0
SEQEND
0
POLYLINE
8
Flux traps
70
1
40
0
41
0
66
1
0
VERTEX
8
Flux traps
10
-1935
20
1065
0
VERTEX
8
Flux traps
10
-1935
20
1085
0
VERTEX
8
Flux traps
10
-1915
20
1085
0
VERTEX
8
Flux traps
10
-1915
20
1065
0
SEQEND
0
POLYLINE
8
Flux traps
70
1
40
0
41
0
66
1
0
VERTEX
8
Flux traps
10
-1585
20
1065
0
VERTEX
8
Flux traps
10
-1585
20
1085
0
VERTEX
8
Flux traps
10
-1565
20
1085
0
VERTEX
8
Flux traps
10
-1565
20
1065
0
SEQEND
0
POLYLINE
8
Flux traps
70
1
40
0
41
0
66
1
0
VERTEX
8
Flux traps
10
-1635
20
1065
0
VERTEX
8
Flux traps
10
-1635
20
1085
0
VERTEX
8
Flux traps
10
-1615
20
1085
0
VERTEX
8
Flux traps
10
-1615
20
1065
0
SEQEND
0
POLYLINE
8
Flux traps
70
1
40
0
41
0
66
1
0
VERTEX
8
Flux traps
10
-1285
20
1065
0
VERTEX
8
Flux traps
10
-1285
20
1085
0
VERTEX
8
Flux traps
10
-1265
20
1085
0
VERTEX
8
Flux traps
10
-1265
20
1065
0
SEQEND
0
POLYLINE
8
Flux traps
70
1
40
0
41
0
66
1
0
VERTEX
8
Flux traps
10
-1335
20
1065
0
VERTEX
8
Flux traps
10
-1335
20
1085
0
VERTEX
8
Flux traps
10
-1315
20
1085
0
VERTEX
8
Flux traps
10
-1315
20
1065
0
SEQEND
0
POLYLINE
8
Flux traps
70
1
40
0
41
0
66
1
0
VERTEX
8
Flux traps
10
1165
20
1065
0
VERTEX
8
Flux traps
10
1165
20
1085
0
VERTEX
8
Flux traps
10
1185
20
1085
0
VERTEX
8
Flux traps
10
1185
20
1065
0
SEQEND
0
POLYLINE
8
Flux traps
70
1
40
0
41
0
66
1
0
VERTEX
8
Flux traps
10
1215
20
1065
0
VERTEX
8
Flux traps
10
1215
20
1085
0
VERTEX
8
Flux traps
10
1235
20
1085
0
VERTEX
8
Flux traps
10
1235
20
1065
0
SEQEND
0
POLYLINE
8
Flux traps
70
1
40
0
41
0
66
1
0
VERTEX
8
Flux traps
10
1365
20
1065
0
VERTEX
8
Flux traps
10
1365
20
1085
0
VERTEX
8
Flux traps
10
1385
20
1085
0
VERTEX
8
Flux traps
10
1385
20
1065
0
SEQEND
0
POLYLINE
8
Flux traps
70
1
40
0
41
0
66
1
0
VERTEX
8
Flux traps
10
1415
20
1065
0
VERTEX
8
Flux traps
10
1415
20
1085
0
VERTEX
8
Flux traps
10
1435
20
1085
0
VERTEX
8
Flux traps
10
1435
20
1065
0
SEQEND
0
POLYLINE
8
Flux traps
70
1
40
0
41
0
66
1
0
VERTEX
8
Flux traps
10
1465
20
1065
0
VERTEX
8
Flux traps
10
1465
20
1085
0
VERTEX
8
Flux traps
10
1485
20
1085
0
VERTEX
8
Flux traps
10
1485
20
1065
0
SEQEND
0
POLYLINE
8
Flux traps
70
1
40
0
41
0
66
1
0
VERTEX
8
Flux traps
10
1515
20
1065
0
VERTEX
8
Flux traps
10
1515
20
1085
0
VERTEX
8
Flux traps
10
1535
20
1085
0
VERTEX
8
Flux traps
10
1535
20
1065
0
SEQEND
0
POLYLINE
8
Flux traps
70
1
40
0
41
0
66
1
0
VERTEX
8
Flux traps
10
1665
20
1065
0
VERTEX
8
Flux traps
10
1665
20
1085
0
VERTEX
8
Flux traps
10
1685
20
1085
0
VERTEX
8
Flux traps
10
1685
20
1065
0
SEQEND
0
POLYLINE
8
Flux traps
70
1
40
0
41
0
66
1
0
VERTEX
8
Flux traps
10
1715
20
1065
0
VERTEX
8
Flux traps
10
1715
20
1085
0
VERTEX
8
Flux traps
10
1735
20
1085
0
VERTEX
8
Flux traps
10
1735
20
1065
0
SEQEND
0
POLYLINE
8
Flux traps
70
1
40
0
41
0
66
1
0
VERTEX
8
Flux traps
10
1765
20
1065
0
VERTEX
8
Flux traps
10
1765
20
1085
0
VERTEX
8
Flux traps
10
1785
20
1085
0
VERTEX
8
Flux traps
10
1785
20
1065
0
SEQEND
0
POLYLINE
8
Flux traps
70
1
40
0
41
0
66
1
0
VERTEX
8
Flux traps
10
1815
20
1065
0
VERTEX
8
Flux traps
10
1815
20
1085
0
VERTEX
8
Flux traps
10
1835
20
1085
0
VERTEX
8
Flux traps
10
1835
20
1065
0
SEQEND
0
POLYLINE
8
Flux traps
70
1
40
0
41
0
66
1
0
VERTEX
8
Flux traps
10
1965
20
1065
0
VERTEX
8
Flux traps
10
1965
20
1085
0
VERTEX
8
Flux traps
10
1985
20
1085
0
VERTEX
8
Flux traps
10
1985
20
1065
0
SEQEND
0
POLYLINE
8
Flux traps
70
1
40
0
41
0
66
1
0
VERTEX
8
Flux traps
10
2015
20
1065
0
VERTEX
8
Flux traps
10
2015
20
1085
0
VERTEX
8
Flux traps
10
2035
20
1085
0
VERTEX
8
Flux traps
10
2035
20
1065
0
SEQEND
0
POLYLINE
8
Flux traps
70
1
40
0
41
0
66
1
0
VERTEX
8
Flux traps
10
2065
20
1065
0
VERTEX
8
Flux traps
10
2065
20
1085
0
VERTEX
8
Flux traps
10
2085
20
1085
0
VERTEX
8
Flux traps
10
2085
20
1065
0
SEQEND
0
POLYLINE
8
Flux traps
70
1
40
0
41
0
66
1
0
VERTEX
8
Flux traps
10
1865
20
1065
0
VERTEX
8
Flux traps
10
1865
20
1085
0
VERTEX
8
Flux traps
10
1885
20
1085
0
VERTEX
8
Flux traps
10
1885
20
1065
0
SEQEND
0
POLYLINE
8
Flux traps
70
1
40
0
41
0
66
1
0
VERTEX
8
Flux traps
10
1915
20
1065
0
VERTEX
8
Flux traps
10
1915
20
1085
0
VERTEX
8
Flux traps
10
1935
20
1085
0
VERTEX
8
Flux traps
10
1935
20
1065
0
SEQEND
0
POLYLINE
8
Flux traps
70
1
40
0
41
0
66
1
0
VERTEX
8
Flux traps
10
1565
20
1065
0
VERTEX
8
Flux traps
10
1565
20
1085
0
VERTEX
8
Flux traps
10
1585
20
1085
0
VERTEX
8
Flux traps
10
1585
20
1065
0
SEQEND
0
POLYLINE
8
Flux traps
70
1
40
0
41
0
66
1
0
VERTEX
8
Flux traps
10
1615
20
1065
0
VERTEX
8
Flux traps
10
1615
20
1085
0
VERTEX
8
Flux traps
10
1635
20
1085
0
VERTEX
8
Flux traps
10
1635
20
1065
0
SEQEND
0
POLYLINE
8
Flux traps
70
1
40
0
41
0
66
1
0
VERTEX
8
Flux traps
10
1265
20
1065
0
VERTEX
8
Flux traps
10
1265
20
1085
0
VERTEX
8
Flux traps
10
1285
20
1085
0
VERTEX
8
Flux traps
10
1285
20
1065
0
SEQEND
0
POLYLINE
8
Flux traps
70
1
40
0
41
0
66
1
0
VERTEX
8
Flux traps
10
1315
20
1065
0
VERTEX
8
Flux traps
10
1315
20
1085
0
VERTEX
8
Flux traps
10
1335
20
1085
0
VERTEX
8
Flux traps
10
1335
20
1065
0
SEQEND
0
POLYLINE
8
Flux traps
70
1
40
0
41
0
66
1
0
VERTEX
8
Flux traps
10
965
20
1065
0
VERTEX
8
Flux traps
10
965
20
1085
0
VERTEX
8
Flux traps
10
985
20
1085
0
VERTEX
8
Flux traps
10
985
20
1065
0
SEQEND
0
POLYLINE
8
Flux traps
70
1
40
0
41
0
66
1
0
VERTEX
8
Flux traps
10
1015
20
1065
0
VERTEX
8
Flux traps
10
1015
20
1085
0
VERTEX
8
Flux traps
10
1035
20
1085
0
VERTEX
8
Flux traps
10
1035
20
1065
0
SEQEND
0
POLYLINE
8
Flux traps
70
1
40
0
41
0
66
1
0
VERTEX
8
Flux traps
10
1065
20
1065
0
VERTEX
8
Flux traps
10
1065
20
1085
0
VERTEX
8
Flux traps
10
1085
20
1085
0
VERTEX
8
Flux traps
10
1085
20
1065
0
SEQEND
0
POLYLINE
8
Flux traps
70
1
40
0
41
0
66
1
0
VERTEX
8
Flux traps
10
1115
20
1065
0
VERTEX
8
Flux traps
10
1115
20
1085
0
VERTEX
8
Flux traps
10
1135
20
1085
0
VERTEX
8
Flux traps
10
1135
20
1065
0
SEQEND
0
POLYLINE
8
Flux traps
70
1
40
0
41
0
66
1
0
VERTEX
8
Flux traps
10
215
20
1565
0
VERTEX
8
Flux traps
10
215
20
1585
0
VERTEX
8
Flux traps
10
235
20
1585
0
VERTEX
8
Flux traps
10
235
20
1565
0
SEQEND
0
POLYLINE
8
Flux traps
70
1
40
0
41
0
66
1
0
VERTEX
8
Flux traps
10
265
20
1565
0
VERTEX
8
Flux traps
10
265
20
1585
0
VERTEX
8
Flux traps
10
285
20
1585
0
VERTEX
8
Flux traps
10
285
20
1565
0
SEQEND
0
POLYLINE
8
Flux traps
70
1
40
0
41
0
66
1
0
VERTEX
8
Flux traps
10
315
20
1565
0
VERTEX
8
Flux traps
10
315
20
1585
0
VERTEX
8
Flux traps
10
335
20
1585
0
VERTEX
8
Flux traps
10
335
20
1565
0
SEQEND
0
POLYLINE
8
Flux traps
70
1
40
0
41
0
66
1
0
VERTEX
8
Flux traps
10
765
20
1565
0
VERTEX
8
Flux traps
10
765
20
1585
0
VERTEX
8
Flux traps
10
785
20
1585
0
VERTEX
8
Flux traps
10
785
20
1565
0
SEQEND
0
POLYLINE
8
Flux traps
70
1
40
0
41
0
66
1
0
VERTEX
8
Flux traps
10
15
20
1565
0
VERTEX
8
Flux traps
10
15
20
1585
0
VERTEX
8
Flux traps
10
35
20
1585
0
VERTEX
8
Flux traps
10
35
20
1565
0
SEQEND
0
POLYLINE
8
Flux traps
70
1
40
0
41
0
66
1
0
VERTEX
8
Flux traps
10
815
20
1565
0
VERTEX
8
Flux traps
10
815
20
1585
0
VERTEX
8
Flux traps
10
835
20
1585
0
VERTEX
8
Flux traps
10
835
20
1565
0
SEQEND
0
POLYLINE
8
Flux traps
70
1
40
0
41
0
66
1
0
VERTEX
8
Flux traps
10
865
20
1565
0
VERTEX
8
Flux traps
10
865
20
1585
0
VERTEX
8
Flux traps
10
885
20
1585
0
VERTEX
8
Flux traps
10
885
20
1565
0
SEQEND
0
POLYLINE
8
Flux traps
70
1
40
0
41
0
66
1
0
VERTEX
8
Flux traps
10
915
20
1565
0
VERTEX
8
Flux traps
10
915
20
1585
0
VERTEX
8
Flux traps
10
935
20
1585
0
VERTEX
8
Flux traps
10
935
20
1565
0
SEQEND
0
POLYLINE
8
Flux traps
70
1
40
0
41
0
66
1
0
VERTEX
8
Flux traps
10
615
20
1565
0
VERTEX
8
Flux traps
10
615
20
1585
0
VERTEX
8
Flux traps
10
635
20
1585
0
VERTEX
8
Flux traps
10
635
20
1565
0
SEQEND
0
POLYLINE
8
Flux traps
70
1
40
0
41
0
66
1
0
VERTEX
8
Flux traps
10
565
20
1565
0
VERTEX
8
Flux traps
10
565
20
1585
0
VERTEX
8
Flux traps
10
585
20
1585
0
VERTEX
8
Flux traps
10
585
20
1565
0
SEQEND
0
POLYLINE
8
Flux traps
70
1
40
0
41
0
66
1
0
VERTEX
8
Flux traps
10
515
20
1565
0
VERTEX
8
Flux traps
10
515
20
1585
0
VERTEX
8
Flux traps
10
535
20
1585
0
VERTEX
8
Flux traps
10
535
20
1565
0
SEQEND
0
POLYLINE
8
Flux traps
70
1
40
0
41
0
66
1
0
VERTEX
8
Flux traps
10
465
20
1565
0
VERTEX
8
Flux traps
10
465
20
1585
0
VERTEX
8
Flux traps
10
485
20
1585
0
VERTEX
8
Flux traps
10
485
20
1565
0
SEQEND
0
POLYLINE
8
Flux traps
70
1
40
0
41
0
66
1
0
VERTEX
8
Flux traps
10
1165
20
1565
0
VERTEX
8
Flux traps
10
1165
20
1585
0
VERTEX
8
Flux traps
10
1185
20
1585
0
VERTEX
8
Flux traps
10
1185
20
1565
0
SEQEND
0
POLYLINE
8
Flux traps
70
1
40
0
41
0
66
1
0
VERTEX
8
Flux traps
10
1215
20
1565
0
VERTEX
8
Flux traps
10
1215
20
1585
0
VERTEX
8
Flux traps
10
1235
20
1585
0
VERTEX
8
Flux traps
10
1235
20
1565
0
SEQEND
0
POLYLINE
8
Flux traps
70
1
40
0
41
0
66
1
0
VERTEX
8
Flux traps
10
1265
20
1565
0
VERTEX
8
Flux traps
10
1265
20
1585
0
VERTEX
8
Flux traps
10
1285
20
1585
0
VERTEX
8
Flux traps
10
1285
20
1565
0
SEQEND
0
POLYLINE
8
Flux traps
70
1
40
0
41
0
66
1
0
VERTEX
8
Flux traps
10
1315
20
1565
0
VERTEX
8
Flux traps
10
1315
20
1585
0
VERTEX
8
Flux traps
10
1335
20
1585
0
VERTEX
8
Flux traps
10
1335
20
1565
0
SEQEND
0
POLYLINE
8
Flux traps
70
1
40
0
41
0
66
1
0
VERTEX
8
Flux traps
10
1365
20
1565
0
VERTEX
8
Flux traps
10
1365
20
1585
0
VERTEX
8
Flux traps
10
1385
20
1585
0
VERTEX
8
Flux traps
10
1385
20
1565
0
SEQEND
0
POLYLINE
8
Flux traps
70
1
40
0
41
0
66
1
0
VERTEX
8
Flux traps
10
1415
20
1565
0
VERTEX
8
Flux traps
10
1415
20
1585
0
VERTEX
8
Flux traps
10
1435
20
1585
0
VERTEX
8
Flux traps
10
1435
20
1565
0
SEQEND
0
POLYLINE
8
Flux traps
70
1
40
0
41
0
66
1
0
VERTEX
8
Flux traps
10
1465
20
1565
0
VERTEX
8
Flux traps
10
1465
20
1585
0
VERTEX
8
Flux traps
10
1485
20
1585
0
VERTEX
8
Flux traps
10
1485
20
1565
0
SEQEND
0
POLYLINE
8
Flux traps
70
1
40
0
41
0
66
1
0
VERTEX
8
Flux traps
10
1515
20
1565
0
VERTEX
8
Flux traps
10
1515
20
1585
0
VERTEX
8
Flux traps
10
1535
20
1585
0
VERTEX
8
Flux traps
10
1535
20
1565
0
SEQEND
0
POLYLINE
8
Flux traps
70
1
40
0
41
0
66
1
0
VERTEX
8
Flux traps
10
1565
20
1565
0
VERTEX
8
Flux traps
10
1565
20
1585
0
VERTEX
8
Flux traps
10
1585
20
1585
0
VERTEX
8
Flux traps
10
1585
20
1565
0
SEQEND
0
POLYLINE
8
Flux traps
70
1
40
0
41
0
66
1
0
VERTEX
8
Flux traps
10
1615
20
1565
0
VERTEX
8
Flux traps
10
1615
20
1585
0
VERTEX
8
Flux traps
10
1635
20
1585
0
VERTEX
8
Flux traps
10
1635
20
1565
0
SEQEND
0
POLYLINE
8
Flux traps
70
1
40
0
41
0
66
1
0
VERTEX
8
Flux traps
10
1665
20
1565
0
VERTEX
8
Flux traps
10
1665
20
1585
0
VERTEX
8
Flux traps
10
1685
20
1585
0
VERTEX
8
Flux traps
10
1685
20
1565
0
SEQEND
0
POLYLINE
8
Flux traps
70
1
40
0
41
0
66
1
0
VERTEX
8
Flux traps
10
1715
20
1565
0
VERTEX
8
Flux traps
10
1715
20
1585
0
VERTEX
8
Flux traps
10
1735
20
1585
0
VERTEX
8
Flux traps
10
1735
20
1565
0
SEQEND
0
POLYLINE
8
Flux traps
70
1
40
0
41
0
66
1
0
VERTEX
8
Flux traps
10
1765
20
1565
0
VERTEX
8
Flux traps
10
1765
20
1585
0
VERTEX
8
Flux traps
10
1785
20
1585
0
VERTEX
8
Flux traps
10
1785
20
1565
0
SEQEND
0
POLYLINE
8
Flux traps
70
1
40
0
41
0
66
1
0
VERTEX
8
Flux traps
10
1815
20
1565
0
VERTEX
8
Flux traps
10
1815
20
1585
0
VERTEX
8
Flux traps
10
1835
20
1585
0
VERTEX
8
Flux traps
10
1835
20
1565
0
SEQEND
0
POLYLINE
8
Flux traps
70
1
40
0
41
0
66
1
0
VERTEX
8
Flux traps
10
1965
20
1565
0
VERTEX
8
Flux traps
10
1965
20
1585
0
VERTEX
8
Flux traps
10
1985
20
1585
0
VERTEX
8
Flux traps
10
1985
20
1565
0
SEQEND
0
POLYLINE
8
Flux traps
70
1
40
0
41
0
66
1
0
VERTEX
8
Flux traps
10
2015
20
1565
0
VERTEX
8
Flux traps
10
2015
20
1585
0
VERTEX
8
Flux traps
10
2035
20
1585
0
VERTEX
8
Flux traps
10
2035
20
1565
0
SEQEND
0
POLYLINE
8
Flux traps
70
1
40
0
41
0
66
1
0
VERTEX
8
Flux traps
10
2065
20
1565
0
VERTEX
8
Flux traps
10
2065
20
1585
0
VERTEX
8
Flux traps
10
2085
20
1585
0
VERTEX
8
Flux traps
10
2085
20
1565
0
SEQEND
0
POLYLINE
8
Flux traps
70
1
40
0
41
0
66
1
0
VERTEX
8
Flux traps
10
1865
20
1565
0
VERTEX
8
Flux traps
10
1865
20
1585
0
VERTEX
8
Flux traps
10
1885
20
1585
0
VERTEX
8
Flux traps
10
1885
20
1565
0
SEQEND
0
POLYLINE
8
Flux traps
70
1
40
0
41
0
66
1
0
VERTEX
8
Flux traps
10
1915
20
1565
0
VERTEX
8
Flux traps
10
1915
20
1585
0
VERTEX
8
Flux traps
10
1935
20
1585
0
VERTEX
8
Flux traps
10
1935
20
1565
0
SEQEND
0
POLYLINE
8
Flux traps
70
1
40
0
41
0
66
1
0
VERTEX
8
Flux traps
10
165
20
1565
0
VERTEX
8
Flux traps
10
165
20
1585
0
VERTEX
8
Flux traps
10
185
20
1585
0
VERTEX
8
Flux traps
10
185
20
1565
0
SEQEND
0
POLYLINE
8
Flux traps
70
1
40
0
41
0
66
1
0
VERTEX
8
Flux traps
10
965
20
1565
0
VERTEX
8
Flux traps
10
965
20
1585
0
VERTEX
8
Flux traps
10
985
20
1585
0
VERTEX
8
Flux traps
10
985
20
1565
0
SEQEND
0
POLYLINE
8
Flux traps
70
1
40
0
41
0
66
1
0
VERTEX
8
Flux traps
10
1015
20
1565
0
VERTEX
8
Flux traps
10
1015
20
1585
0
VERTEX
8
Flux traps
10
1035
20
1585
0
VERTEX
8
Flux traps
10
1035
20
1565
0
SEQEND
0
POLYLINE
8
Flux traps
70
1
40
0
41
0
66
1
0
VERTEX
8
Flux traps
10
1065
20
1565
0
VERTEX
8
Flux traps
10
1065
20
1585
0
VERTEX
8
Flux traps
10
1085
20
1585
0
VERTEX
8
Flux traps
10
1085
20
1565
0
SEQEND
0
POLYLINE
8
Flux traps
70
1
40
0
41
0
66
1
0
VERTEX
8
Flux traps
10
1115
20
1565
0
VERTEX
8
Flux traps
10
1115
20
1585
0
VERTEX
8
Flux traps
10
1135
20
1585
0
VERTEX
8
Flux traps
10
1135
20
1565
0
SEQEND
0
POLYLINE
8
Flux traps
70
1
40
0
41
0
66
1
0
VERTEX
8
Flux traps
10
1565
20
1815
0
VERTEX
8
Flux traps
10
1565
20
1835
0
VERTEX
8
Flux traps
10
1585
20
1835
0
VERTEX
8
Flux traps
10
1585
20
1815
0
SEQEND
0
POLYLINE
8
Flux traps
70
1
40
0
41
0
66
1
0
VERTEX
8
Flux traps
10
1715
20
1815
0
VERTEX
8
Flux traps
10
1715
20
1835
0
VERTEX
8
Flux traps
10
1735
20
1835
0
VERTEX
8
Flux traps
10
1735
20
1815
0
SEQEND
0
POLYLINE
8
Flux traps
70
1
40
0
41
0
66
1
0
VERTEX
8
Flux traps
10
1765
20
1815
0
VERTEX
8
Flux traps
10
1765
20
1835
0
VERTEX
8
Flux traps
10
1785
20
1835
0
VERTEX
8
Flux traps
10
1785
20
1815
0
SEQEND
0
POLYLINE
8
Flux traps
70
1
40
0
41
0
66
1
0
VERTEX
8
Flux traps
10
1815
20
1815
0
VERTEX
8
Flux traps
10
1815
20
1835
0
VERTEX
8
Flux traps
10
1835
20
1835
0
VERTEX
8
Flux traps
10
1835
20
1815
0
SEQEND
0
POLYLINE
8
Flux traps
70
1
40
0
41
0
66
1
0
VERTEX
8
Flux traps
10
1615
20
1815
0
VERTEX
8
Flux traps
10
1615
20
1835
0
VERTEX
8
Flux traps
10
1635
20
1835
0
VERTEX
8
Flux traps
10
1635
20
1815
0
SEQEND
0
POLYLINE
8
Flux traps
70
1
40
0
41
0
66
1
0
VERTEX
8
Flux traps
10
1665
20
1815
0
VERTEX
8
Flux traps
10
1665
20
1835
0
VERTEX
8
Flux traps
10
1685
20
1835
0
VERTEX
8
Flux traps
10
1685
20
1815
0
SEQEND
0
POLYLINE
8
Flux traps
70
1
40
0
41
0
66
1
0
VERTEX
8
Flux traps
10
1865
20
1815
0
VERTEX
8
Flux traps
10
1865
20
1835
0
VERTEX
8
Flux traps
10
1885
20
1835
0
VERTEX
8
Flux traps
10
1885
20
1815
0
SEQEND
0
POLYLINE
8
Flux traps
70
1
40
0
41
0
66
1
0
VERTEX
8
Flux traps
10
1915
20
1815
0
VERTEX
8
Flux traps
10
1915
20
1835
0
VERTEX
8
Flux traps
10
1935
20
1835
0
VERTEX
8
Flux traps
10
1935
20
1815
0
SEQEND
0
POLYLINE
8
Flux traps
70
1
40
0
41
0
66
1
0
VERTEX
8
Flux traps
10
1965
20
1815
0
VERTEX
8
Flux traps
10
1965
20
1835
0
VERTEX
8
Flux traps
10
1985
20
1835
0
VERTEX
8
Flux traps
10
1985
20
1815
0
SEQEND
0
POLYLINE
8
Flux traps
70
1
40
0
41
0
66
1
0
VERTEX
8
Flux traps
10
2015
20
1815
0
VERTEX
8
Flux traps
10
2015
20
1835
0
VERTEX
8
Flux traps
10
2035
20
1835
0
VERTEX
8
Flux traps
10
2035
20
1815
0
SEQEND
0
POLYLINE
8
Flux traps
70
1
40
0
41
0
66
1
0
VERTEX
8
Flux traps
10
2065
20
1815
0
VERTEX
8
Flux traps
10
2065
20
1835
0
VERTEX
8
Flux traps
10
2085
20
1835
0
VERTEX
8
Flux traps
10
2085
20
1815
0
SEQEND
0
POLYLINE
8
Flux traps
70
1
40
0
41
0
66
1
0
VERTEX
8
Flux traps
10
1515
20
1815
0
VERTEX
8
Flux traps
10
1515
20
1835
0
VERTEX
8
Flux traps
10
1535
20
1835
0
VERTEX
8
Flux traps
10
1535
20
1815
0
SEQEND
0
POLYLINE
8
Flux traps
70
1
40
0
41
0
66
1
0
VERTEX
8
Flux traps
10
1465
20
1815
0
VERTEX
8
Flux traps
10
1465
20
1835
0
VERTEX
8
Flux traps
10
1485
20
1835
0
VERTEX
8
Flux traps
10
1485
20
1815
0
SEQEND
0
POLYLINE
8
Flux traps
70
1
40
0
41
0
66
1
0
VERTEX
8
Flux traps
10
1165
20
1815
0
VERTEX
8
Flux traps
10
1165
20
1835
0
VERTEX
8
Flux traps
10
1185
20
1835
0
VERTEX
8
Flux traps
10
1185
20
1815
0
SEQEND
0
POLYLINE
8
Flux traps
70
1
40
0
41
0
66
1
0
VERTEX
8
Flux traps
10
1215
20
1815
0
VERTEX
8
Flux traps
10
1215
20
1835
0
VERTEX
8
Flux traps
10
1235
20
1835
0
VERTEX
8
Flux traps
10
1235
20
1815
0
SEQEND
0
POLYLINE
8
Flux traps
70
1
40
0
41
0
66
1
0
VERTEX
8
Flux traps
10
1265
20
1815
0
VERTEX
8
Flux traps
10
1265
20
1835
0
VERTEX
8
Flux traps
10
1285
20
1835
0
VERTEX
8
Flux traps
10
1285
20
1815
0
SEQEND
0
POLYLINE
8
Flux traps
70
1
40
0
41
0
66
1
0
VERTEX
8
Flux traps
10
1315
20
1815
0
VERTEX
8
Flux traps
10
1315
20
1835
0
VERTEX
8
Flux traps
10
1335
20
1835
0
VERTEX
8
Flux traps
10
1335
20
1815
0
SEQEND
0
POLYLINE
8
Flux traps
70
1
40
0
41
0
66
1
0
VERTEX
8
Flux traps
10
1365
20
1815
0
VERTEX
8
Flux traps
10
1365
20
1835
0
VERTEX
8
Flux traps
10
1385
20
1835
0
VERTEX
8
Flux traps
10
1385
20
1815
0
SEQEND
0
POLYLINE
8
Flux traps
70
1
40
0
41
0
66
1
0
VERTEX
8
Flux traps
10
1415
20
1815
0
VERTEX
8
Flux traps
10
1415
20
1835
0
VERTEX
8
Flux traps
10
1435
20
1835
0
VERTEX
8
Flux traps
10
1435
20
1815
0
SEQEND
0
POLYLINE
8
Flux traps
70
1
40
0
41
0
66
1
0
VERTEX
8
Flux traps
10
1065
20
1815
0
VERTEX
8
Flux traps
10
1065
20
1835
0
VERTEX
8
Flux traps
10
1085
20
1835
0
VERTEX
8
Flux traps
10
1085
20
1815
0
SEQEND
0
POLYLINE
8
Flux traps
70
1
40
0
41
0
66
1
0
VERTEX
8
Flux traps
10
1115
20
1815
0
VERTEX
8
Flux traps
10
1115
20
1835
0
VERTEX
8
Flux traps
10
1135
20
1835
0
VERTEX
8
Flux traps
10
1135
20
1815
0
SEQEND
0
POLYLINE
8
Flux traps
70
1
40
0
41
0
66
1
0
VERTEX
8
Flux traps
10
2065
20
1915
0
VERTEX
8
Flux traps
10
2065
20
1935
0
VERTEX
8
Flux traps
10
2085
20
1935
0
VERTEX
8
Flux traps
10
2085
20
1915
0
SEQEND
0
POLYLINE
8
Flux traps
70
1
40
0
41
0
66
1
0
VERTEX
8
Flux traps
10
1565
20
1965
0
VERTEX
8
Flux traps
10
1565
20
1985
0
VERTEX
8
Flux traps
10
1585
20
1985
0
VERTEX
8
Flux traps
10
1585
20
1965
0
SEQEND
0
POLYLINE
8
Flux traps
70
1
40
0
41
0
66
1
0
VERTEX
8
Flux traps
10
1715
20
1965
0
VERTEX
8
Flux traps
10
1715
20
1985
0
VERTEX
8
Flux traps
10
1735
20
1985
0
VERTEX
8
Flux traps
10
1735
20
1965
0
SEQEND
0
POLYLINE
8
Flux traps
70
1
40
0
41
0
66
1
0
VERTEX
8
Flux traps
10
1765
20
1965
0
VERTEX
8
Flux traps
10
1765
20
1985
0
VERTEX
8
Flux traps
10
1785
20
1985
0
VERTEX
8
Flux traps
10
1785
20
1965
0
SEQEND
0
POLYLINE
8
Flux traps
70
1
40
0
41
0
66
1
0
VERTEX
8
Flux traps
10
1815
20
1965
0
VERTEX
8
Flux traps
10
1815
20
1985
0
VERTEX
8
Flux traps
10
1835
20
1985
0
VERTEX
8
Flux traps
10
1835
20
1965
0
SEQEND
0
POLYLINE
8
Flux traps
70
1
40
0
41
0
66
1
0
VERTEX
8
Flux traps
10
1865
20
1965
0
VERTEX
8
Flux traps
10
1865
20
1985
0
VERTEX
8
Flux traps
10
1885
20
1985
0
VERTEX
8
Flux traps
10
1885
20
1965
0
SEQEND
0
POLYLINE
8
Flux traps
70
1
40
0
41
0
66
1
0
VERTEX
8
Flux traps
10
1915
20
1965
0
VERTEX
8
Flux traps
10
1915
20
1985
0
VERTEX
8
Flux traps
10
1935
20
1985
0
VERTEX
8
Flux traps
10
1935
20
1965
0
SEQEND
0
POLYLINE
8
Flux traps
70
1
40
0
41
0
66
1
0
VERTEX
8
Flux traps
10
1965
20
1965
0
VERTEX
8
Flux traps
10
1965
20
1985
0
VERTEX
8
Flux traps
10
1985
20
1985
0
VERTEX
8
Flux traps
10
1985
20
1965
0
SEQEND
0
POLYLINE
8
Flux traps
70
1
40
0
41
0
66
1
0
VERTEX
8
Flux traps
10
2015
20
1965
0
VERTEX
8
Flux traps
10
2015
20
1985
0
VERTEX
8
Flux traps
10
2035
20
1985
0
VERTEX
8
Flux traps
10
2035
20
1965
0
SEQEND
0
POLYLINE
8
Flux traps
70
1
40
0
41
0
66
1
0
VERTEX
8
Flux traps
10
2065
20
1965
0
VERTEX
8
Flux traps
10
2065
20
1985
0
VERTEX
8
Flux traps
10
2085
20
1985
0
VERTEX
8
Flux traps
10
2085
20
1965
0
SEQEND
0
POLYLINE
8
Flux traps
70
1
40
0
41
0
66
1
0
VERTEX
8
Flux traps
10
1715
20
2015
0
VERTEX
8
Flux traps
10
1715
20
2035
0
VERTEX
8
Flux traps
10
1735
20
2035
0
VERTEX
8
Flux traps
10
1735
20
2015
0
SEQEND
0
POLYLINE
8
Flux traps
70
1
40
0
41
0
66
1
0
VERTEX
8
Flux traps
10
1765
20
2015
0
VERTEX
8
Flux traps
10
1765
20
2035
0
VERTEX
8
Flux traps
10
1785
20
2035
0
VERTEX
8
Flux traps
10
1785
20
2015
0
SEQEND
0
POLYLINE
8
Flux traps
70
1
40
0
41
0
66
1
0
VERTEX
8
Flux traps
10
1815
20
2015
0
VERTEX
8
Flux traps
10
1815
20
2035
0
VERTEX
8
Flux traps
10
1835
20
2035
0
VERTEX
8
Flux traps
10
1835
20
2015
0
SEQEND
0
POLYLINE
8
Flux traps
70
1
40
0
41
0
66
1
0
VERTEX
8
Flux traps
10
1865
20
2015
0
VERTEX
8
Flux traps
10
1865
20
2035
0
VERTEX
8
Flux traps
10
1885
20
2035
0
VERTEX
8
Flux traps
10
1885
20
2015
0
SEQEND
0
POLYLINE
8
Flux traps
70
1
40
0
41
0
66
1
0
VERTEX
8
Flux traps
10
1915
20
2015
0
VERTEX
8
Flux traps
10
1915
20
2035
0
VERTEX
8
Flux traps
10
1935
20
2035
0
VERTEX
8
Flux traps
10
1935
20
2015
0
SEQEND
0
POLYLINE
8
Flux traps
70
1
40
0
41
0
66
1
0
VERTEX
8
Flux traps
10
1965
20
2015
0
VERTEX
8
Flux traps
10
1965
20
2035
0
VERTEX
8
Flux traps
10
1985
20
2035
0
VERTEX
8
Flux traps
10
1985
20
2015
0
SEQEND
0
POLYLINE
8
Flux traps
70
1
40
0
41
0
66
1
0
VERTEX
8
Flux traps
10
2015
20
2015
0
VERTEX
8
Flux traps
10
2015
20
2035
0
VERTEX
8
Flux traps
10
2035
20
2035
0
VERTEX
8
Flux traps
10
2035
20
2015
0
SEQEND
0
POLYLINE
8
Flux traps
70
1
40
0
41
0
66
1
0
VERTEX
8
Flux traps
10
2065
20
2015
0
VERTEX
8
Flux traps
10
2065
20
2035
0
VERTEX
8
Flux traps
10
2085
20
2035
0
VERTEX
8
Flux traps
10
2085
20
2015
0
SEQEND
0
POLYLINE
8
Flux traps
70
1
40
0
41
0
66
1
0
VERTEX
8
Flux traps
10
2065
20
2065
0
VERTEX
8
Flux traps
10
2065
20
2085
0
VERTEX
8
Flux traps
10
2085
20
2085
0
VERTEX
8
Flux traps
10
2085
20
2065
0
SEQEND
0
POLYLINE
8
Flux traps
70
1
40
0
41
0
66
1
0
VERTEX
8
Flux traps
10
1565
20
1865
0
VERTEX
8
Flux traps
10
1565
20
1885
0
VERTEX
8
Flux traps
10
1585
20
1885
0
VERTEX
8
Flux traps
10
1585
20
1865
0
SEQEND
0
POLYLINE
8
Flux traps
70
1
40
0
41
0
66
1
0
VERTEX
8
Flux traps
10
1715
20
1865
0
VERTEX
8
Flux traps
10
1715
20
1885
0
VERTEX
8
Flux traps
10
1735
20
1885
0
VERTEX
8
Flux traps
10
1735
20
1865
0
SEQEND
0
POLYLINE
8
Flux traps
70
1
40
0
41
0
66
1
0
VERTEX
8
Flux traps
10
1615
20
1865
0
VERTEX
8
Flux traps
10
1615
20
1885
0
VERTEX
8
Flux traps
10
1635
20
1885
0
VERTEX
8
Flux traps
10
1635
20
1865
0
SEQEND
0
POLYLINE
8
Flux traps
70
1
40
0
41
0
66
1
0
VERTEX
8
Flux traps
10
1665
20
1865
0
VERTEX
8
Flux traps
10
1665
20
1885
0
VERTEX
8
Flux traps
10
1685
20
1885
0
VERTEX
8
Flux traps
10
1685
20
1865
0
SEQEND
0
POLYLINE
8
Flux traps
70
1
40
0
41
0
66
1
0
VERTEX
8
Flux traps
10
1615
20
1915
0
VERTEX
8
Flux traps
10
1615
20
1935
0
VERTEX
8
Flux traps
10
1635
20
1935
0
VERTEX
8
Flux traps
10
1635
20
1915
0
SEQEND
0
POLYLINE
8
Flux traps
70
1
40
0
41
0
66
1
0
VERTEX
8
Flux traps
10
1665
20
1915
0
VERTEX
8
Flux traps
10
1665
20
1935
0
VERTEX
8
Flux traps
10
1685
20
1935
0
VERTEX
8
Flux traps
10
1685
20
1915
0
SEQEND
0
POLYLINE
8
Flux traps
70
1
40
0
41
0
66
1
0
VERTEX
8
Flux traps
10
1615
20
1965
0
VERTEX
8
Flux traps
10
1615
20
1985
0
VERTEX
8
Flux traps
10
1635
20
1985
0
VERTEX
8
Flux traps
10
1635
20
1965
0
SEQEND
0
POLYLINE
8
Flux traps
70
1
40
0
41
0
66
1
0
VERTEX
8
Flux traps
10
1665
20
1965
0
VERTEX
8
Flux traps
10
1665
20
1985
0
VERTEX
8
Flux traps
10
1685
20
1985
0
VERTEX
8
Flux traps
10
1685
20
1965
0
SEQEND
0
POLYLINE
8
Flux traps
70
1
40
0
41
0
66
1
0
VERTEX
8
Flux traps
10
1615
20
2015
0
VERTEX
8
Flux traps
10
1615
20
2035
0
VERTEX
8
Flux traps
10
1635
20
2035
0
VERTEX
8
Flux traps
10
1635
20
2015
0
SEQEND
0
POLYLINE
8
Flux traps
70
1
40
0
41
0
66
1
0
VERTEX
8
Flux traps
10
1665
20
2015
0
VERTEX
8
Flux traps
10
1665
20
2035
0
VERTEX
8
Flux traps
10
1685
20
2035
0
VERTEX
8
Flux traps
10
1685
20
2015
0
SEQEND
0
POLYLINE
8
Flux traps
70
1
40
0
41
0
66
1
0
VERTEX
8
Flux traps
10
1765
20
1865
0
VERTEX
8
Flux traps
10
1765
20
1885
0
VERTEX
8
Flux traps
10
1785
20
1885
0
VERTEX
8
Flux traps
10
1785
20
1865
0
SEQEND
0
POLYLINE
8
Flux traps
70
1
40
0
41
0
66
1
0
VERTEX
8
Flux traps
10
1815
20
1865
0
VERTEX
8
Flux traps
10
1815
20
1885
0
VERTEX
8
Flux traps
10
1835
20
1885
0
VERTEX
8
Flux traps
10
1835
20
1865
0
SEQEND
0
POLYLINE
8
Flux traps
70
1
40
0
41
0
66
1
0
VERTEX
8
Flux traps
10
1865
20
1865
0
VERTEX
8
Flux traps
10
1865
20
1885
0
VERTEX
8
Flux traps
10
1885
20
1885
0
VERTEX
8
Flux traps
10
1885
20
1865
0
SEQEND
0
POLYLINE
8
Flux traps
70
1
40
0
41
0
66
1
0
VERTEX
8
Flux traps
10
1915
20
1865
0
VERTEX
8
Flux traps
10
1915
20
1885
0
VERTEX
8
Flux traps
10
1935
20
1885
0
VERTEX
8
Flux traps
10
1935
20
1865
0
SEQEND
0
POLYLINE
8
Flux traps
70
1
40
0
41
0
66
1
0
VERTEX
8
Flux traps
10
1965
20
1865
0
VERTEX
8
Flux traps
10
1965
20
1885
0
VERTEX
8
Flux traps
10
1985
20
1885
0
VERTEX
8
Flux traps
10
1985
20
1865
0
SEQEND
0
POLYLINE
8
Flux traps
70
1
40
0
41
0
66
1
0
VERTEX
8
Flux traps
10
1715
20
2065
0
VERTEX
8
Flux traps
10
1715
20
2085
0
VERTEX
8
Flux traps
10
1735
20
2085
0
VERTEX
8
Flux traps
10
1735
20
2065
0
SEQEND
0
POLYLINE
8
Flux traps
70
1
40
0
41
0
66
1
0
VERTEX
8
Flux traps
10
1765
20
2065
0
VERTEX
8
Flux traps
10
1765
20
2085
0
VERTEX
8
Flux traps
10
1785
20
2085
0
VERTEX
8
Flux traps
10
1785
20
2065
0
SEQEND
0
POLYLINE
8
Flux traps
70
1
40
0
41
0
66
1
0
VERTEX
8
Flux traps
10
1815
20
2065
0
VERTEX
8
Flux traps
10
1815
20
2085
0
VERTEX
8
Flux traps
10
1835
20
2085
0
VERTEX
8
Flux traps
10
1835
20
2065
0
SEQEND
0
POLYLINE
8
Flux traps
70
1
40
0
41
0
66
1
0
VERTEX
8
Flux traps
10
1865
20
2065
0
VERTEX
8
Flux traps
10
1865
20
2085
0
VERTEX
8
Flux traps
10
1885
20
2085
0
VERTEX
8
Flux traps
10
1885
20
2065
0
SEQEND
0
POLYLINE
8
Flux traps
70
1
40
0
41
0
66
1
0
VERTEX
8
Flux traps
10
1915
20
2065
0
VERTEX
8
Flux traps
10
1915
20
2085
0
VERTEX
8
Flux traps
10
1935
20
2085
0
VERTEX
8
Flux traps
10
1935
20
2065
0
SEQEND
0
POLYLINE
8
Flux traps
70
1
40
0
41
0
66
1
0
VERTEX
8
Flux traps
10
1965
20
2065
0
VERTEX
8
Flux traps
10
1965
20
2085
0
VERTEX
8
Flux traps
10
1985
20
2085
0
VERTEX
8
Flux traps
10
1985
20
2065
0
SEQEND
0
POLYLINE
8
Flux traps
70
1
40
0
41
0
66
1
0
VERTEX
8
Flux traps
10
2015
20
2065
0
VERTEX
8
Flux traps
10
2015
20
2085
0
VERTEX
8
Flux traps
10
2035
20
2085
0
VERTEX
8
Flux traps
10
2035
20
2065
0
SEQEND
0
POLYLINE
8
Flux traps
70
1
40
0
41
0
66
1
0
VERTEX
8
Flux traps
10
1615
20
2065
0
VERTEX
8
Flux traps
10
1615
20
2085
0
VERTEX
8
Flux traps
10
1635
20
2085
0
VERTEX
8
Flux traps
10
1635
20
2065
0
SEQEND
0
POLYLINE
8
Flux traps
70
1
40
0
41
0
66
1
0
VERTEX
8
Flux traps
10
1665
20
2065
0
VERTEX
8
Flux traps
10
1665
20
2085
0
VERTEX
8
Flux traps
10
1685
20
2085
0
VERTEX
8
Flux traps
10
1685
20
2065
0
SEQEND
0
POLYLINE
8
Flux traps
70
1
40
0
41
0
66
1
0
VERTEX
8
Flux traps
10
1565
20
2015
0
VERTEX
8
Flux traps
10
1565
20
2035
0
VERTEX
8
Flux traps
10
1585
20
2035
0
VERTEX
8
Flux traps
10
1585
20
2015
0
SEQEND
0
POLYLINE
8
Flux traps
70
1
40
0
41
0
66
1
0
VERTEX
8
Flux traps
10
1565
20
2065
0
VERTEX
8
Flux traps
10
1565
20
2085
0
VERTEX
8
Flux traps
10
1585
20
2085
0
VERTEX
8
Flux traps
10
1585
20
2065
0
SEQEND
0
POLYLINE
8
Flux traps
70
1
40
0
41
0
66
1
0
VERTEX
8
Flux traps
10
2015
20
1865
0
VERTEX
8
Flux traps
10
2015
20
1885
0
VERTEX
8
Flux traps
10
2035
20
1885
0
VERTEX
8
Flux traps
10
2035
20
1865
0
SEQEND
0
POLYLINE
8
Flux traps
70
1
40
0
41
0
66
1
0
VERTEX
8
Flux traps
10
2065
20
1865
0
VERTEX
8
Flux traps
10
2065
20
1885
0
VERTEX
8
Flux traps
10
2085
20
1885
0
VERTEX
8
Flux traps
10
2085
20
1865
0
SEQEND
0
POLYLINE
8
Flux traps
70
1
40
0
41
0
66
1
0
VERTEX
8
Flux traps
10
1565
20
1915
0
VERTEX
8
Flux traps
10
1565
20
1935
0
VERTEX
8
Flux traps
10
1585
20
1935
0
VERTEX
8
Flux traps
10
1585
20
1915
0
SEQEND
0
POLYLINE
8
Flux traps
70
1
40
0
41
0
66
1
0
VERTEX
8
Flux traps
10
1715
20
1915
0
VERTEX
8
Flux traps
10
1715
20
1935
0
VERTEX
8
Flux traps
10
1735
20
1935
0
VERTEX
8
Flux traps
10
1735
20
1915
0
SEQEND
0
POLYLINE
8
Flux traps
70
1
40
0
41
0
66
1
0
VERTEX
8
Flux traps
10
1765
20
1915
0
VERTEX
8
Flux traps
10
1765
20
1935
0
VERTEX
8
Flux traps
10
1785
20
1935
0
VERTEX
8
Flux traps
10
1785
20
1915
0
SEQEND
0
POLYLINE
8
Flux traps
70
1
40
0
41
0
66
1
0
VERTEX
8
Flux traps
10
1815
20
1915
0
VERTEX
8
Flux traps
10
1815
20
1935
0
VERTEX
8
Flux traps
10
1835
20
1935
0
VERTEX
8
Flux traps
10
1835
20
1915
0
SEQEND
0
POLYLINE
8
Flux traps
70
1
40
0
41
0
66
1
0
VERTEX
8
Flux traps
10
1865
20
1915
0
VERTEX
8
Flux traps
10
1865
20
1935
0
VERTEX
8
Flux traps
10
1885
20
1935
0
VERTEX
8
Flux traps
10
1885
20
1915
0
SEQEND
0
POLYLINE
8
Flux traps
70
1
40
0
41
0
66
1
0
VERTEX
8
Flux traps
10
1915
20
1915
0
VERTEX
8
Flux traps
10
1915
20
1935
0
VERTEX
8
Flux traps
10
1935
20
1935
0
VERTEX
8
Flux traps
10
1935
20
1915
0
SEQEND
0
POLYLINE
8
Flux traps
70
1
40
0
41
0
66
1
0
VERTEX
8
Flux traps
10
1965
20
1915
0
VERTEX
8
Flux traps
10
1965
20
1935
0
VERTEX
8
Flux traps
10
1985
20
1935
0
VERTEX
8
Flux traps
10
1985
20
1915
0
SEQEND
0
POLYLINE
8
Flux traps
70
1
40
0
41
0
66
1
0
VERTEX
8
Flux traps
10
2015
20
1915
0
VERTEX
8
Flux traps
10
2015
20
1935
0
VERTEX
8
Flux traps
10
2035
20
1935
0
VERTEX
8
Flux traps
10
2035
20
1915
0
SEQEND
0
POLYLINE
8
Flux traps
70
1
40
0
41
0
66
1
0
VERTEX
8
Flux traps
10
1365
20
1965
0
VERTEX
8
Flux traps
10
1365
20
1985
0
VERTEX
8
Flux traps
10
1385
20
1985
0
VERTEX
8
Flux traps
10
1385
20
1965
0
SEQEND
0
POLYLINE
8
Flux traps
70
1
40
0
41
0
66
1
0
VERTEX
8
Flux traps
10
1365
20
2015
0
VERTEX
8
Flux traps
10
1365
20
2035
0
VERTEX
8
Flux traps
10
1385
20
2035
0
VERTEX
8
Flux traps
10
1385
20
2015
0
SEQEND
0
POLYLINE
8
Flux traps
70
1
40
0
41
0
66
1
0
VERTEX
8
Flux traps
10
1365
20
2065
0
VERTEX
8
Flux traps
10
1365
20
2085
0
VERTEX
8
Flux traps
10
1385
20
2085
0
VERTEX
8
Flux traps
10
1385
20
2065
0
SEQEND
0
POLYLINE
8
Flux traps
70
1
40
0
41
0
66
1
0
VERTEX
8
Flux traps
10
1415
20
1915
0
VERTEX
8
Flux traps
10
1415
20
1935
0
VERTEX
8
Flux traps
10
1435
20
1935
0
VERTEX
8
Flux traps
10
1435
20
1915
0
SEQEND
0
POLYLINE
8
Flux traps
70
1
40
0
41
0
66
1
0
VERTEX
8
Flux traps
10
1165
20
1965
0
VERTEX
8
Flux traps
10
1165
20
1985
0
VERTEX
8
Flux traps
10
1185
20
1985
0
VERTEX
8
Flux traps
10
1185
20
1965
0
SEQEND
0
POLYLINE
8
Flux traps
70
1
40
0
41
0
66
1
0
VERTEX
8
Flux traps
10
1165
20
2015
0
VERTEX
8
Flux traps
10
1165
20
2035
0
VERTEX
8
Flux traps
10
1185
20
2035
0
VERTEX
8
Flux traps
10
1185
20
2015
0
SEQEND
0
POLYLINE
8
Flux traps
70
1
40
0
41
0
66
1
0
VERTEX
8
Flux traps
10
1415
20
2015
0
VERTEX
8
Flux traps
10
1415
20
2035
0
VERTEX
8
Flux traps
10
1435
20
2035
0
VERTEX
8
Flux traps
10
1435
20
2015
0
SEQEND
0
POLYLINE
8
Flux traps
70
1
40
0
41
0
66
1
0
VERTEX
8
Flux traps
10
1415
20
1965
0
VERTEX
8
Flux traps
10
1415
20
1985
0
VERTEX
8
Flux traps
10
1435
20
1985
0
VERTEX
8
Flux traps
10
1435
20
1965
0
SEQEND
0
POLYLINE
8
Flux traps
70
1
40
0
41
0
66
1
0
VERTEX
8
Flux traps
10
1165
20
2065
0
VERTEX
8
Flux traps
10
1165
20
2085
0
VERTEX
8
Flux traps
10
1185
20
2085
0
VERTEX
8
Flux traps
10
1185
20
2065
0
SEQEND
0
POLYLINE
8
Flux traps
70
1
40
0
41
0
66
1
0
VERTEX
8
Flux traps
10
1415
20
2065
0
VERTEX
8
Flux traps
10
1415
20
2085
0
VERTEX
8
Flux traps
10
1435
20
2085
0
VERTEX
8
Flux traps
10
1435
20
2065
0
SEQEND
0
POLYLINE
8
Flux traps
70
1
40
0
41
0
66
1
0
VERTEX
8
Flux traps
10
1165
20
1865
0
VERTEX
8
Flux traps
10
1165
20
1885
0
VERTEX
8
Flux traps
10
1185
20
1885
0
VERTEX
8
Flux traps
10
1185
20
1865
0
SEQEND
0
POLYLINE
8
Flux traps
70
1
40
0
41
0
66
1
0
VERTEX
8
Flux traps
10
1165
20
1915
0
VERTEX
8
Flux traps
10
1165
20
1935
0
VERTEX
8
Flux traps
10
1185
20
1935
0
VERTEX
8
Flux traps
10
1185
20
1915
0
SEQEND
0
POLYLINE
8
Flux traps
70
1
40
0
41
0
66
1
0
VERTEX
8
Flux traps
10
1215
20
1865
0
VERTEX
8
Flux traps
10
1215
20
1885
0
VERTEX
8
Flux traps
10
1235
20
1885
0
VERTEX
8
Flux traps
10
1235
20
1865
0
SEQEND
0
POLYLINE
8
Flux traps
70
1
40
0
41
0
66
1
0
VERTEX
8
Flux traps
10
1215
20
1915
0
VERTEX
8
Flux traps
10
1215
20
1935
0
VERTEX
8
Flux traps
10
1235
20
1935
0
VERTEX
8
Flux traps
10
1235
20
1915
0
SEQEND
0
POLYLINE
8
Flux traps
70
1
40
0
41
0
66
1
0
VERTEX
8
Flux traps
10
1215
20
1965
0
VERTEX
8
Flux traps
10
1215
20
1985
0
VERTEX
8
Flux traps
10
1235
20
1985
0
VERTEX
8
Flux traps
10
1235
20
1965
0
SEQEND
0
POLYLINE
8
Flux traps
70
1
40
0
41
0
66
1
0
VERTEX
8
Flux traps
10
1215
20
2015
0
VERTEX
8
Flux traps
10
1215
20
2035
0
VERTEX
8
Flux traps
10
1235
20
2035
0
VERTEX
8
Flux traps
10
1235
20
2015
0
SEQEND
0
POLYLINE
8
Flux traps
70
1
40
0
41
0
66
1
0
VERTEX
8
Flux traps
10
1215
20
2065
0
VERTEX
8
Flux traps
10
1215
20
2085
0
VERTEX
8
Flux traps
10
1235
20
2085
0
VERTEX
8
Flux traps
10
1235
20
2065
0
SEQEND
0
POLYLINE
8
Flux traps
70
1
40
0
41
0
66
1
0
VERTEX
8
Flux traps
10
1265
20
1865
0
VERTEX
8
Flux traps
10
1265
20
1885
0
VERTEX
8
Flux traps
10
1285
20
1885
0
VERTEX
8
Flux traps
10
1285
20
1865
0
SEQEND
0
POLYLINE
8
Flux traps
70
1
40
0
41
0
66
1
0
VERTEX
8
Flux traps
10
1265
20
1915
0
VERTEX
8
Flux traps
10
1265
20
1935
0
VERTEX
8
Flux traps
10
1285
20
1935
0
VERTEX
8
Flux traps
10
1285
20
1915
0
SEQEND
0
POLYLINE
8
Flux traps
70
1
40
0
41
0
66
1
0
VERTEX
8
Flux traps
10
1265
20
1965
0
VERTEX
8
Flux traps
10
1265
20
1985
0
VERTEX
8
Flux traps
10
1285
20
1985
0
VERTEX
8
Flux traps
10
1285
20
1965
0
SEQEND
0
POLYLINE
8
Flux traps
70
1
40
0
41
0
66
1
0
VERTEX
8
Flux traps
10
1515
20
1865
0
VERTEX
8
Flux traps
10
1515
20
1885
0
VERTEX
8
Flux traps
10
1535
20
1885
0
VERTEX
8
Flux traps
10
1535
20
1865
0
SEQEND
0
POLYLINE
8
Flux traps
70
1
40
0
41
0
66
1
0
VERTEX
8
Flux traps
10
1515
20
1915
0
VERTEX
8
Flux traps
10
1515
20
1935
0
VERTEX
8
Flux traps
10
1535
20
1935
0
VERTEX
8
Flux traps
10
1535
20
1915
0
SEQEND
0
POLYLINE
8
Flux traps
70
1
40
0
41
0
66
1
0
VERTEX
8
Flux traps
10
1515
20
1965
0
VERTEX
8
Flux traps
10
1515
20
1985
0
VERTEX
8
Flux traps
10
1535
20
1985
0
VERTEX
8
Flux traps
10
1535
20
1965
0
SEQEND
0
POLYLINE
8
Flux traps
70
1
40
0
41
0
66
1
0
VERTEX
8
Flux traps
10
1515
20
2015
0
VERTEX
8
Flux traps
10
1515
20
2035
0
VERTEX
8
Flux traps
10
1535
20
2035
0
VERTEX
8
Flux traps
10
1535
20
2015
0
SEQEND
0
POLYLINE
8
Flux traps
70
1
40
0
41
0
66
1
0
VERTEX
8
Flux traps
10
1515
20
2065
0
VERTEX
8
Flux traps
10
1515
20
2085
0
VERTEX
8
Flux traps
10
1535
20
2085
0
VERTEX
8
Flux traps
10
1535
20
2065
0
SEQEND
0
POLYLINE
8
Flux traps
70
1
40
0
41
0
66
1
0
VERTEX
8
Flux traps
10
1265
20
2015
0
VERTEX
8
Flux traps
10
1265
20
2035
0
VERTEX
8
Flux traps
10
1285
20
2035
0
VERTEX
8
Flux traps
10
1285
20
2015
0
SEQEND
0
POLYLINE
8
Flux traps
70
1
40
0
41
0
66
1
0
VERTEX
8
Flux traps
10
1465
20
1865
0
VERTEX
8
Flux traps
10
1465
20
1885
0
VERTEX
8
Flux traps
10
1485
20
1885
0
VERTEX
8
Flux traps
10
1485
20
1865
0
SEQEND
0
POLYLINE
8
Flux traps
70
1
40
0
41
0
66
1
0
VERTEX
8
Flux traps
10
1465
20
1915
0
VERTEX
8
Flux traps
10
1465
20
1935
0
VERTEX
8
Flux traps
10
1485
20
1935
0
VERTEX
8
Flux traps
10
1485
20
1915
0
SEQEND
0
POLYLINE
8
Flux traps
70
1
40
0
41
0
66
1
0
VERTEX
8
Flux traps
10
1465
20
1965
0
VERTEX
8
Flux traps
10
1465
20
1985
0
VERTEX
8
Flux traps
10
1485
20
1985
0
VERTEX
8
Flux traps
10
1485
20
1965
0
SEQEND
0
POLYLINE
8
Flux traps
70
1
40
0
41
0
66
1
0
VERTEX
8
Flux traps
10
1465
20
2015
0
VERTEX
8
Flux traps
10
1465
20
2035
0
VERTEX
8
Flux traps
10
1485
20
2035
0
VERTEX
8
Flux traps
10
1485
20
2015
0
SEQEND
0
POLYLINE
8
Flux traps
70
1
40
0
41
0
66
1
0
VERTEX
8
Flux traps
10
1465
20
2065
0
VERTEX
8
Flux traps
10
1465
20
2085
0
VERTEX
8
Flux traps
10
1485
20
2085
0
VERTEX
8
Flux traps
10
1485
20
2065
0
SEQEND
0
POLYLINE
8
Flux traps
70
1
40
0
41
0
66
1
0
VERTEX
8
Flux traps
10
1415
20
1865
0
VERTEX
8
Flux traps
10
1415
20
1885
0
VERTEX
8
Flux traps
10
1435
20
1885
0
VERTEX
8
Flux traps
10
1435
20
1865
0
SEQEND
0
POLYLINE
8
Flux traps
70
1
40
0
41
0
66
1
0
VERTEX
8
Flux traps
10
1265
20
2065
0
VERTEX
8
Flux traps
10
1265
20
2085
0
VERTEX
8
Flux traps
10
1285
20
2085
0
VERTEX
8
Flux traps
10
1285
20
2065
0
SEQEND
0
POLYLINE
8
Flux traps
70
1
40
0
41
0
66
1
0
VERTEX
8
Flux traps
10
1315
20
1865
0
VERTEX
8
Flux traps
10
1315
20
1885
0
VERTEX
8
Flux traps
10
1335
20
1885
0
VERTEX
8
Flux traps
10
1335
20
1865
0
SEQEND
0
POLYLINE
8
Flux traps
70
1
40
0
41
0
66
1
0
VERTEX
8
Flux traps
10
1315
20
1915
0
VERTEX
8
Flux traps
10
1315
20
1935
0
VERTEX
8
Flux traps
10
1335
20
1935
0
VERTEX
8
Flux traps
10
1335
20
1915
0
SEQEND
0
POLYLINE
8
Flux traps
70
1
40
0
41
0
66
1
0
VERTEX
8
Flux traps
10
1315
20
1965
0
VERTEX
8
Flux traps
10
1315
20
1985
0
VERTEX
8
Flux traps
10
1335
20
1985
0
VERTEX
8
Flux traps
10
1335
20
1965
0
SEQEND
0
POLYLINE
8
Flux traps
70
1
40
0
41
0
66
1
0
VERTEX
8
Flux traps
10
1315
20
2015
0
VERTEX
8
Flux traps
10
1315
20
2035
0
VERTEX
8
Flux traps
10
1335
20
2035
0
VERTEX
8
Flux traps
10
1335
20
2015
0
SEQEND
0
POLYLINE
8
Flux traps
70
1
40
0
41
0
66
1
0
VERTEX
8
Flux traps
10
1315
20
2065
0
VERTEX
8
Flux traps
10
1315
20
2085
0
VERTEX
8
Flux traps
10
1335
20
2085
0
VERTEX
8
Flux traps
10
1335
20
2065
0
SEQEND
0
POLYLINE
8
Flux traps
70
1
40
0
41
0
66
1
0
VERTEX
8
Flux traps
10
1065
20
1865
0
VERTEX
8
Flux traps
10
1065
20
1885
0
VERTEX
8
Flux traps
10
1085
20
1885
0
VERTEX
8
Flux traps
10
1085
20
1865
0
SEQEND
0
POLYLINE
8
Flux traps
70
1
40
0
41
0
66
1
0
VERTEX
8
Flux traps
10
1065
20
1915
0
VERTEX
8
Flux traps
10
1065
20
1935
0
VERTEX
8
Flux traps
10
1085
20
1935
0
VERTEX
8
Flux traps
10
1085
20
1915
0
SEQEND
0
POLYLINE
8
Flux traps
70
1
40
0
41
0
66
1
0
VERTEX
8
Flux traps
10
1065
20
1965
0
VERTEX
8
Flux traps
10
1065
20
1985
0
VERTEX
8
Flux traps
10
1085
20
1985
0
VERTEX
8
Flux traps
10
1085
20
1965
0
SEQEND
0
POLYLINE
8
Flux traps
70
1
40
0
41
0
66
1
0
VERTEX
8
Flux traps
10
1065
20
2015
0
VERTEX
8
Flux traps
10
1065
20
2035
0
VERTEX
8
Flux traps
10
1085
20
2035
0
VERTEX
8
Flux traps
10
1085
20
2015
0
SEQEND
0
POLYLINE
8
Flux traps
70
1
40
0
41
0
66
1
0
VERTEX
8
Flux traps
10
1065
20
2065
0
VERTEX
8
Flux traps
10
1065
20
2085
0
VERTEX
8
Flux traps
10
1085
20
2085
0
VERTEX
8
Flux traps
10
1085
20
2065
0
SEQEND
0
POLYLINE
8
Flux traps
70
1
40
0
41
0
66
1
0
VERTEX
8
Flux traps
10
1365
20
1865
0
VERTEX
8
Flux traps
10
1365
20
1885
0
VERTEX
8
Flux traps
10
1385
20
1885
0
VERTEX
8
Flux traps
10
1385
20
1865
0
SEQEND
0
POLYLINE
8
Flux traps
70
1
40
0
41
0
66
1
0
VERTEX
8
Flux traps
10
1115
20
1865
0
VERTEX
8
Flux traps
10
1115
20
1885
0
VERTEX
8
Flux traps
10
1135
20
1885
0
VERTEX
8
Flux traps
10
1135
20
1865
0
SEQEND
0
POLYLINE
8
Flux traps
70
1
40
0
41
0
66
1
0
VERTEX
8
Flux traps
10
1115
20
1915
0
VERTEX
8
Flux traps
10
1115
20
1935
0
VERTEX
8
Flux traps
10
1135
20
1935
0
VERTEX
8
Flux traps
10
1135
20
1915
0
SEQEND
0
POLYLINE
8
Flux traps
70
1
40
0
41
0
66
1
0
VERTEX
8
Flux traps
10
1115
20
1965
0
VERTEX
8
Flux traps
10
1115
20
1985
0
VERTEX
8
Flux traps
10
1135
20
1985
0
VERTEX
8
Flux traps
10
1135
20
1965
0
SEQEND
0
POLYLINE
8
Flux traps
70
1
40
0
41
0
66
1
0
VERTEX
8
Flux traps
10
1115
20
2015
0
VERTEX
8
Flux traps
10
1115
20
2035
0
VERTEX
8
Flux traps
10
1135
20
2035
0
VERTEX
8
Flux traps
10
1135
20
2015
0
SEQEND
0
POLYLINE
8
Flux traps
70
1
40
0
41
0
66
1
0
VERTEX
8
Flux traps
10
1115
20
2065
0
VERTEX
8
Flux traps
10
1115
20
2085
0
VERTEX
8
Flux traps
10
1135
20
2085
0
VERTEX
8
Flux traps
10
1135
20
2065
0
SEQEND
0
POLYLINE
8
Flux traps
70
1
40
0
41
0
66
1
0
VERTEX
8
Flux traps
10
1365
20
1915
0
VERTEX
8
Flux traps
10
1365
20
1935
0
VERTEX
8
Flux traps
10
1385
20
1935
0
VERTEX
8
Flux traps
10
1385
20
1915
0
SEQEND
0
POLYLINE
8
Flux traps
70
1
40
0
41
0
66
1
0
VERTEX
8
Flux traps
10
1515
20
1715
0
VERTEX
8
Flux traps
10
1515
20
1735
0
VERTEX
8
Flux traps
10
1535
20
1735
0
VERTEX
8
Flux traps
10
1535
20
1715
0
SEQEND
0
POLYLINE
8
Flux traps
70
1
40
0
41
0
66
1
0
VERTEX
8
Flux traps
10
1515
20
1615
0
VERTEX
8
Flux traps
10
1515
20
1635
0
VERTEX
8
Flux traps
10
1535
20
1635
0
VERTEX
8
Flux traps
10
1535
20
1615
0
SEQEND
0
POLYLINE
8
Flux traps
70
1
40
0
41
0
66
1
0
VERTEX
8
Flux traps
10
1165
20
1665
0
VERTEX
8
Flux traps
10
1165
20
1685
0
VERTEX
8
Flux traps
10
1185
20
1685
0
VERTEX
8
Flux traps
10
1185
20
1665
0
SEQEND
0
POLYLINE
8
Flux traps
70
1
40
0
41
0
66
1
0
VERTEX
8
Flux traps
10
1215
20
1665
0
VERTEX
8
Flux traps
10
1215
20
1685
0
VERTEX
8
Flux traps
10
1235
20
1685
0
VERTEX
8
Flux traps
10
1235
20
1665
0
SEQEND
0
POLYLINE
8
Flux traps
70
1
40
0
41
0
66
1
0
VERTEX
8
Flux traps
10
1165
20
1765
0
VERTEX
8
Flux traps
10
1165
20
1785
0
VERTEX
8
Flux traps
10
1185
20
1785
0
VERTEX
8
Flux traps
10
1185
20
1765
0
SEQEND
0
POLYLINE
8
Flux traps
70
1
40
0
41
0
66
1
0
VERTEX
8
Flux traps
10
1215
20
1765
0
VERTEX
8
Flux traps
10
1215
20
1785
0
VERTEX
8
Flux traps
10
1235
20
1785
0
VERTEX
8
Flux traps
10
1235
20
1765
0
SEQEND
0
POLYLINE
8
Flux traps
70
1
40
0
41
0
66
1
0
VERTEX
8
Flux traps
10
1265
20
1765
0
VERTEX
8
Flux traps
10
1265
20
1785
0
VERTEX
8
Flux traps
10
1285
20
1785
0
VERTEX
8
Flux traps
10
1285
20
1765
0
SEQEND
0
POLYLINE
8
Flux traps
70
1
40
0
41
0
66
1
0
VERTEX
8
Flux traps
10
1315
20
1765
0
VERTEX
8
Flux traps
10
1315
20
1785
0
VERTEX
8
Flux traps
10
1335
20
1785
0
VERTEX
8
Flux traps
10
1335
20
1765
0
SEQEND
0
POLYLINE
8
Flux traps
70
1
40
0
41
0
66
1
0
VERTEX
8
Flux traps
10
1365
20
1765
0
VERTEX
8
Flux traps
10
1365
20
1785
0
VERTEX
8
Flux traps
10
1385
20
1785
0
VERTEX
8
Flux traps
10
1385
20
1765
0
SEQEND
0
POLYLINE
8
Flux traps
70
1
40
0
41
0
66
1
0
VERTEX
8
Flux traps
10
1415
20
1765
0
VERTEX
8
Flux traps
10
1415
20
1785
0
VERTEX
8
Flux traps
10
1435
20
1785
0
VERTEX
8
Flux traps
10
1435
20
1765
0
SEQEND
0
POLYLINE
8
Flux traps
70
1
40
0
41
0
66
1
0
VERTEX
8
Flux traps
10
1265
20
1665
0
VERTEX
8
Flux traps
10
1265
20
1685
0
VERTEX
8
Flux traps
10
1285
20
1685
0
VERTEX
8
Flux traps
10
1285
20
1665
0
SEQEND
0
POLYLINE
8
Flux traps
70
1
40
0
41
0
66
1
0
VERTEX
8
Flux traps
10
1315
20
1665
0
VERTEX
8
Flux traps
10
1315
20
1685
0
VERTEX
8
Flux traps
10
1335
20
1685
0
VERTEX
8
Flux traps
10
1335
20
1665
0
SEQEND
0
POLYLINE
8
Flux traps
70
1
40
0
41
0
66
1
0
VERTEX
8
Flux traps
10
1365
20
1665
0
VERTEX
8
Flux traps
10
1365
20
1685
0
VERTEX
8
Flux traps
10
1385
20
1685
0
VERTEX
8
Flux traps
10
1385
20
1665
0
SEQEND
0
POLYLINE
8
Flux traps
70
1
40
0
41
0
66
1
0
VERTEX
8
Flux traps
10
1415
20
1665
0
VERTEX
8
Flux traps
10
1415
20
1685
0
VERTEX
8
Flux traps
10
1435
20
1685
0
VERTEX
8
Flux traps
10
1435
20
1665
0
SEQEND
0
POLYLINE
8
Flux traps
70
1
40
0
41
0
66
1
0
VERTEX
8
Flux traps
10
1465
20
1665
0
VERTEX
8
Flux traps
10
1465
20
1685
0
VERTEX
8
Flux traps
10
1485
20
1685
0
VERTEX
8
Flux traps
10
1485
20
1665
0
SEQEND
0
POLYLINE
8
Flux traps
70
1
40
0
41
0
66
1
0
VERTEX
8
Flux traps
10
1515
20
1665
0
VERTEX
8
Flux traps
10
1515
20
1685
0
VERTEX
8
Flux traps
10
1535
20
1685
0
VERTEX
8
Flux traps
10
1535
20
1665
0
SEQEND
0
POLYLINE
8
Flux traps
70
1
40
0
41
0
66
1
0
VERTEX
8
Flux traps
10
1315
20
1615
0
VERTEX
8
Flux traps
10
1315
20
1635
0
VERTEX
8
Flux traps
10
1335
20
1635
0
VERTEX
8
Flux traps
10
1335
20
1615
0
SEQEND
0
POLYLINE
8
Flux traps
70
1
40
0
41
0
66
1
0
VERTEX
8
Flux traps
10
1365
20
1615
0
VERTEX
8
Flux traps
10
1365
20
1635
0
VERTEX
8
Flux traps
10
1385
20
1635
0
VERTEX
8
Flux traps
10
1385
20
1615
0
SEQEND
0
POLYLINE
8
Flux traps
70
1
40
0
41
0
66
1
0
VERTEX
8
Flux traps
10
1415
20
1615
0
VERTEX
8
Flux traps
10
1415
20
1635
0
VERTEX
8
Flux traps
10
1435
20
1635
0
VERTEX
8
Flux traps
10
1435
20
1615
0
SEQEND
0
POLYLINE
8
Flux traps
70
1
40
0
41
0
66
1
0
VERTEX
8
Flux traps
10
1065
20
1615
0
VERTEX
8
Flux traps
10
1065
20
1635
0
VERTEX
8
Flux traps
10
1085
20
1635
0
VERTEX
8
Flux traps
10
1085
20
1615
0
SEQEND
0
POLYLINE
8
Flux traps
70
1
40
0
41
0
66
1
0
VERTEX
8
Flux traps
10
1065
20
1665
0
VERTEX
8
Flux traps
10
1065
20
1685
0
VERTEX
8
Flux traps
10
1085
20
1685
0
VERTEX
8
Flux traps
10
1085
20
1665
0
SEQEND
0
POLYLINE
8
Flux traps
70
1
40
0
41
0
66
1
0
VERTEX
8
Flux traps
10
1065
20
1715
0
VERTEX
8
Flux traps
10
1065
20
1735
0
VERTEX
8
Flux traps
10
1085
20
1735
0
VERTEX
8
Flux traps
10
1085
20
1715
0
SEQEND
0
POLYLINE
8
Flux traps
70
1
40
0
41
0
66
1
0
VERTEX
8
Flux traps
10
1165
20
1715
0
VERTEX
8
Flux traps
10
1165
20
1735
0
VERTEX
8
Flux traps
10
1185
20
1735
0
VERTEX
8
Flux traps
10
1185
20
1715
0
SEQEND
0
POLYLINE
8
Flux traps
70
1
40
0
41
0
66
1
0
VERTEX
8
Flux traps
10
1515
20
1765
0
VERTEX
8
Flux traps
10
1515
20
1785
0
VERTEX
8
Flux traps
10
1535
20
1785
0
VERTEX
8
Flux traps
10
1535
20
1765
0
SEQEND
0
POLYLINE
8
Flux traps
70
1
40
0
41
0
66
1
0
VERTEX
8
Flux traps
10
1215
20
1715
0
VERTEX
8
Flux traps
10
1215
20
1735
0
VERTEX
8
Flux traps
10
1235
20
1735
0
VERTEX
8
Flux traps
10
1235
20
1715
0
SEQEND
0
POLYLINE
8
Flux traps
70
1
40
0
41
0
66
1
0
VERTEX
8
Flux traps
10
1165
20
1615
0
VERTEX
8
Flux traps
10
1165
20
1635
0
VERTEX
8
Flux traps
10
1185
20
1635
0
VERTEX
8
Flux traps
10
1185
20
1615
0
SEQEND
0
POLYLINE
8
Flux traps
70
1
40
0
41
0
66
1
0
VERTEX
8
Flux traps
10
1215
20
1615
0
VERTEX
8
Flux traps
10
1215
20
1635
0
VERTEX
8
Flux traps
10
1235
20
1635
0
VERTEX
8
Flux traps
10
1235
20
1615
0
SEQEND
0
POLYLINE
8
Flux traps
70
1
40
0
41
0
66
1
0
VERTEX
8
Flux traps
10
1065
20
1765
0
VERTEX
8
Flux traps
10
1065
20
1785
0
VERTEX
8
Flux traps
10
1085
20
1785
0
VERTEX
8
Flux traps
10
1085
20
1765
0
SEQEND
0
POLYLINE
8
Flux traps
70
1
40
0
41
0
66
1
0
VERTEX
8
Flux traps
10
1265
20
1715
0
VERTEX
8
Flux traps
10
1265
20
1735
0
VERTEX
8
Flux traps
10
1285
20
1735
0
VERTEX
8
Flux traps
10
1285
20
1715
0
SEQEND
0
POLYLINE
8
Flux traps
70
1
40
0
41
0
66
1
0
VERTEX
8
Flux traps
10
1465
20
1615
0
VERTEX
8
Flux traps
10
1465
20
1635
0
VERTEX
8
Flux traps
10
1485
20
1635
0
VERTEX
8
Flux traps
10
1485
20
1615
0
SEQEND
0
POLYLINE
8
Flux traps
70
1
40
0
41
0
66
1
0
VERTEX
8
Flux traps
10
1115
20
1615
0
VERTEX
8
Flux traps
10
1115
20
1635
0
VERTEX
8
Flux traps
10
1135
20
1635
0
VERTEX
8
Flux traps
10
1135
20
1615
0
SEQEND
0
POLYLINE
8
Flux traps
70
1
40
0
41
0
66
1
0
VERTEX
8
Flux traps
10
1115
20
1665
0
VERTEX
8
Flux traps
10
1115
20
1685
0
VERTEX
8
Flux traps
10
1135
20
1685
0
VERTEX
8
Flux traps
10
1135
20
1665
0
SEQEND
0
POLYLINE
8
Flux traps
70
1
40
0
41
0
66
1
0
VERTEX
8
Flux traps
10
1115
20
1715
0
VERTEX
8
Flux traps
10
1115
20
1735
0
VERTEX
8
Flux traps
10
1135
20
1735
0
VERTEX
8
Flux traps
10
1135
20
1715
0
SEQEND
0
POLYLINE
8
Flux traps
70
1
40
0
41
0
66
1
0
VERTEX
8
Flux traps
10
1315
20
1715
0
VERTEX
8
Flux traps
10
1315
20
1735
0
VERTEX
8
Flux traps
10
1335
20
1735
0
VERTEX
8
Flux traps
10
1335
20
1715
0
SEQEND
0
POLYLINE
8
Flux traps
70
1
40
0
41
0
66
1
0
VERTEX
8
Flux traps
10
1365
20
1715
0
VERTEX
8
Flux traps
10
1365
20
1735
0
VERTEX
8
Flux traps
10
1385
20
1735
0
VERTEX
8
Flux traps
10
1385
20
1715
0
SEQEND
0
POLYLINE
8
Flux traps
70
1
40
0
41
0
66
1
0
VERTEX
8
Flux traps
10
1465
20
1765
0
VERTEX
8
Flux traps
10
1465
20
1785
0
VERTEX
8
Flux traps
10
1485
20
1785
0
VERTEX
8
Flux traps
10
1485
20
1765
0
SEQEND
0
POLYLINE
8
Flux traps
70
1
40
0
41
0
66
1
0
VERTEX
8
Flux traps
10
1415
20
1715
0
VERTEX
8
Flux traps
10
1415
20
1735
0
VERTEX
8
Flux traps
10
1435
20
1735
0
VERTEX
8
Flux traps
10
1435
20
1715
0
SEQEND
0
POLYLINE
8
Flux traps
70
1
40
0
41
0
66
1
0
VERTEX
8
Flux traps
10
1465
20
1715
0
VERTEX
8
Flux traps
10
1465
20
1735
0
VERTEX
8
Flux traps
10
1485
20
1735
0
VERTEX
8
Flux traps
10
1485
20
1715
0
SEQEND
0
POLYLINE
8
Flux traps
70
1
40
0
41
0
66
1
0
VERTEX
8
Flux traps
10
1115
20
1765
0
VERTEX
8
Flux traps
10
1115
20
1785
0
VERTEX
8
Flux traps
10
1135
20
1785
0
VERTEX
8
Flux traps
10
1135
20
1765
0
SEQEND
0
POLYLINE
8
Flux traps
70
1
40
0
41
0
66
1
0
VERTEX
8
Flux traps
10
1265
20
1615
0
VERTEX
8
Flux traps
10
1265
20
1635
0
VERTEX
8
Flux traps
10
1285
20
1635
0
VERTEX
8
Flux traps
10
1285
20
1615
0
SEQEND
0
POLYLINE
8
Flux traps
70
1
40
0
41
0
66
1
0
VERTEX
8
Flux traps
10
2065
20
1715
0
VERTEX
8
Flux traps
10
2065
20
1735
0
VERTEX
8
Flux traps
10
2085
20
1735
0
VERTEX
8
Flux traps
10
2085
20
1715
0
SEQEND
0
POLYLINE
8
Flux traps
70
1
40
0
41
0
66
1
0
VERTEX
8
Flux traps
10
1565
20
1765
0
VERTEX
8
Flux traps
10
1565
20
1785
0
VERTEX
8
Flux traps
10
1585
20
1785
0
VERTEX
8
Flux traps
10
1585
20
1765
0
SEQEND
0
POLYLINE
8
Flux traps
70
1
40
0
41
0
66
1
0
VERTEX
8
Flux traps
10
1565
20
1615
0
VERTEX
8
Flux traps
10
1565
20
1635
0
VERTEX
8
Flux traps
10
1585
20
1635
0
VERTEX
8
Flux traps
10
1585
20
1615
0
SEQEND
0
POLYLINE
8
Flux traps
70
1
40
0
41
0
66
1
0
VERTEX
8
Flux traps
10
1615
20
1615
0
VERTEX
8
Flux traps
10
1615
20
1635
0
VERTEX
8
Flux traps
10
1635
20
1635
0
VERTEX
8
Flux traps
10
1635
20
1615
0
SEQEND
0
POLYLINE
8
Flux traps
70
1
40
0
41
0
66
1
0
VERTEX
8
Flux traps
10
1615
20
1665
0
VERTEX
8
Flux traps
10
1615
20
1685
0
VERTEX
8
Flux traps
10
1635
20
1685
0
VERTEX
8
Flux traps
10
1635
20
1665
0
SEQEND
0
POLYLINE
8
Flux traps
70
1
40
0
41
0
66
1
0
VERTEX
8
Flux traps
10
1565
20
1665
0
VERTEX
8
Flux traps
10
1565
20
1685
0
VERTEX
8
Flux traps
10
1585
20
1685
0
VERTEX
8
Flux traps
10
1585
20
1665
0
SEQEND
0
POLYLINE
8
Flux traps
70
1
40
0
41
0
66
1
0
VERTEX
8
Flux traps
10
1965
20
1715
0
VERTEX
8
Flux traps
10
1965
20
1735
0
VERTEX
8
Flux traps
10
1985
20
1735
0
VERTEX
8
Flux traps
10
1985
20
1715
0
SEQEND
0
POLYLINE
8
Flux traps
70
1
40
0
41
0
66
1
0
VERTEX
8
Flux traps
10
1615
20
1765
0
VERTEX
8
Flux traps
10
1615
20
1785
0
VERTEX
8
Flux traps
10
1635
20
1785
0
VERTEX
8
Flux traps
10
1635
20
1765
0
SEQEND
0
POLYLINE
8
Flux traps
70
1
40
0
41
0
66
1
0
VERTEX
8
Flux traps
10
1665
20
1765
0
VERTEX
8
Flux traps
10
1665
20
1785
0
VERTEX
8
Flux traps
10
1685
20
1785
0
VERTEX
8
Flux traps
10
1685
20
1765
0
SEQEND
0
POLYLINE
8
Flux traps
70
1
40
0
41
0
66
1
0
VERTEX
8
Flux traps
10
1865
20
1615
0
VERTEX
8
Flux traps
10
1865
20
1635
0
VERTEX
8
Flux traps
10
1885
20
1635
0
VERTEX
8
Flux traps
10
1885
20
1615
0
SEQEND
0
POLYLINE
8
Flux traps
70
1
40
0
41
0
66
1
0
VERTEX
8
Flux traps
10
1915
20
1615
0
VERTEX
8
Flux traps
10
1915
20
1635
0
VERTEX
8
Flux traps
10
1935
20
1635
0
VERTEX
8
Flux traps
10
1935
20
1615
0
SEQEND
0
POLYLINE
8
Flux traps
70
1
40
0
41
0
66
1
0
VERTEX
8
Flux traps
10
1865
20
1665
0
VERTEX
8
Flux traps
10
1865
20
1685
0
VERTEX
8
Flux traps
10
1885
20
1685
0
VERTEX
8
Flux traps
10
1885
20
1665
0
SEQEND
0
POLYLINE
8
Flux traps
70
1
40
0
41
0
66
1
0
VERTEX
8
Flux traps
10
1915
20
1665
0
VERTEX
8
Flux traps
10
1915
20
1685
0
VERTEX
8
Flux traps
10
1935
20
1685
0
VERTEX
8
Flux traps
10
1935
20
1665
0
SEQEND
0
POLYLINE
8
Flux traps
70
1
40
0
41
0
66
1
0
VERTEX
8
Flux traps
10
1865
20
1715
0
VERTEX
8
Flux traps
10
1865
20
1735
0
VERTEX
8
Flux traps
10
1885
20
1735
0
VERTEX
8
Flux traps
10
1885
20
1715
0
SEQEND
0
POLYLINE
8
Flux traps
70
1
40
0
41
0
66
1
0
VERTEX
8
Flux traps
10
1915
20
1715
0
VERTEX
8
Flux traps
10
1915
20
1735
0
VERTEX
8
Flux traps
10
1935
20
1735
0
VERTEX
8
Flux traps
10
1935
20
1715
0
SEQEND
0
POLYLINE
8
Flux traps
70
1
40
0
41
0
66
1
0
VERTEX
8
Flux traps
10
1865
20
1765
0
VERTEX
8
Flux traps
10
1865
20
1785
0
VERTEX
8
Flux traps
10
1885
20
1785
0
VERTEX
8
Flux traps
10
1885
20
1765
0
SEQEND
0
POLYLINE
8
Flux traps
70
1
40
0
41
0
66
1
0
VERTEX
8
Flux traps
10
1915
20
1765
0
VERTEX
8
Flux traps
10
1915
20
1785
0
VERTEX
8
Flux traps
10
1935
20
1785
0
VERTEX
8
Flux traps
10
1935
20
1765
0
SEQEND
0
POLYLINE
8
Flux traps
70
1
40
0
41
0
66
1
0
VERTEX
8
Flux traps
10
1715
20
1765
0
VERTEX
8
Flux traps
10
1715
20
1785
0
VERTEX
8
Flux traps
10
1735
20
1785
0
VERTEX
8
Flux traps
10
1735
20
1765
0
SEQEND
0
POLYLINE
8
Flux traps
70
1
40
0
41
0
66
1
0
VERTEX
8
Flux traps
10
1765
20
1765
0
VERTEX
8
Flux traps
10
1765
20
1785
0
VERTEX
8
Flux traps
10
1785
20
1785
0
VERTEX
8
Flux traps
10
1785
20
1765
0
SEQEND
0
POLYLINE
8
Flux traps
70
1
40
0
41
0
66
1
0
VERTEX
8
Flux traps
10
1965
20
1765
0
VERTEX
8
Flux traps
10
1965
20
1785
0
VERTEX
8
Flux traps
10
1985
20
1785
0
VERTEX
8
Flux traps
10
1985
20
1765
0
SEQEND
0
POLYLINE
8
Flux traps
70
1
40
0
41
0
66
1
0
VERTEX
8
Flux traps
10
2015
20
1765
0
VERTEX
8
Flux traps
10
2015
20
1785
0
VERTEX
8
Flux traps
10
2035
20
1785
0
VERTEX
8
Flux traps
10
2035
20
1765
0
SEQEND
0
POLYLINE
8
Flux traps
70
1
40
0
41
0
66
1
0
VERTEX
8
Flux traps
10
1815
20
1765
0
VERTEX
8
Flux traps
10
1815
20
1785
0
VERTEX
8
Flux traps
10
1835
20
1785
0
VERTEX
8
Flux traps
10
1835
20
1765
0
SEQEND
0
POLYLINE
8
Flux traps
70
1
40
0
41
0
66
1
0
VERTEX
8
Flux traps
10
1715
20
1665
0
VERTEX
8
Flux traps
10
1715
20
1685
0
VERTEX
8
Flux traps
10
1735
20
1685
0
VERTEX
8
Flux traps
10
1735
20
1665
0
SEQEND
0
POLYLINE
8
Flux traps
70
1
40
0
41
0
66
1
0
VERTEX
8
Flux traps
10
2065
20
1765
0
VERTEX
8
Flux traps
10
2065
20
1785
0
VERTEX
8
Flux traps
10
2085
20
1785
0
VERTEX
8
Flux traps
10
2085
20
1765
0
SEQEND
0
POLYLINE
8
Flux traps
70
1
40
0
41
0
66
1
0
VERTEX
8
Flux traps
10
1765
20
1665
0
VERTEX
8
Flux traps
10
1765
20
1685
0
VERTEX
8
Flux traps
10
1785
20
1685
0
VERTEX
8
Flux traps
10
1785
20
1665
0
SEQEND
0
POLYLINE
8
Flux traps
70
1
40
0
41
0
66
1
0
VERTEX
8
Flux traps
10
1815
20
1665
0
VERTEX
8
Flux traps
10
1815
20
1685
0
VERTEX
8
Flux traps
10
1835
20
1685
0
VERTEX
8
Flux traps
10
1835
20
1665
0
SEQEND
0
POLYLINE
8
Flux traps
70
1
40
0
41
0
66
1
0
VERTEX
8
Flux traps
10
1965
20
1665
0
VERTEX
8
Flux traps
10
1965
20
1685
0
VERTEX
8
Flux traps
10
1985
20
1685
0
VERTEX
8
Flux traps
10
1985
20
1665
0
SEQEND
0
POLYLINE
8
Flux traps
70
1
40
0
41
0
66
1
0
VERTEX
8
Flux traps
10
2015
20
1665
0
VERTEX
8
Flux traps
10
2015
20
1685
0
VERTEX
8
Flux traps
10
2035
20
1685
0
VERTEX
8
Flux traps
10
2035
20
1665
0
SEQEND
0
POLYLINE
8
Flux traps
70
1
40
0
41
0
66
1
0
VERTEX
8
Flux traps
10
2065
20
1665
0
VERTEX
8
Flux traps
10
2065
20
1685
0
VERTEX
8
Flux traps
10
2085
20
1685
0
VERTEX
8
Flux traps
10
2085
20
1665
0
SEQEND
0
POLYLINE
8
Flux traps
70
1
40
0
41
0
66
1
0
VERTEX
8
Flux traps
10
1715
20
1615
0
VERTEX
8
Flux traps
10
1715
20
1635
0
VERTEX
8
Flux traps
10
1735
20
1635
0
VERTEX
8
Flux traps
10
1735
20
1615
0
SEQEND
0
POLYLINE
8
Flux traps
70
1
40
0
41
0
66
1
0
VERTEX
8
Flux traps
10
1765
20
1615
0
VERTEX
8
Flux traps
10
1765
20
1635
0
VERTEX
8
Flux traps
10
1785
20
1635
0
VERTEX
8
Flux traps
10
1785
20
1615
0
SEQEND
0
POLYLINE
8
Flux traps
70
1
40
0
41
0
66
1
0
VERTEX
8
Flux traps
10
1815
20
1615
0
VERTEX
8
Flux traps
10
1815
20
1635
0
VERTEX
8
Flux traps
10
1835
20
1635
0
VERTEX
8
Flux traps
10
1835
20
1615
0
SEQEND
0
POLYLINE
8
Flux traps
70
1
40
0
41
0
66
1
0
VERTEX
8
Flux traps
10
1965
20
1615
0
VERTEX
8
Flux traps
10
1965
20
1635
0
VERTEX
8
Flux traps
10
1985
20
1635
0
VERTEX
8
Flux traps
10
1985
20
1615
0
SEQEND
0
POLYLINE
8
Flux traps
70
1
40
0
41
0
66
1
0
VERTEX
8
Flux traps
10
2015
20
1615
0
VERTEX
8
Flux traps
10
2015
20
1635
0
VERTEX
8
Flux traps
10
2035
20
1635
0
VERTEX
8
Flux traps
10
2035
20
1615
0
SEQEND
0
POLYLINE
8
Flux traps
70
1
40
0
41
0
66
1
0
VERTEX
8
Flux traps
10
2065
20
1615
0
VERTEX
8
Flux traps
10
2065
20
1635
0
VERTEX
8
Flux traps
10
2085
20
1635
0
VERTEX
8
Flux traps
10
2085
20
1615
0
SEQEND
0
POLYLINE
8
Flux traps
70
1
40
0
41
0
66
1
0
VERTEX
8
Flux traps
10
1665
20
1615
0
VERTEX
8
Flux traps
10
1665
20
1635
0
VERTEX
8
Flux traps
10
1685
20
1635
0
VERTEX
8
Flux traps
10
1685
20
1615
0
SEQEND
0
POLYLINE
8
Flux traps
70
1
40
0
41
0
66
1
0
VERTEX
8
Flux traps
10
1665
20
1665
0
VERTEX
8
Flux traps
10
1665
20
1685
0
VERTEX
8
Flux traps
10
1685
20
1685
0
VERTEX
8
Flux traps
10
1685
20
1665
0
SEQEND
0
POLYLINE
8
Flux traps
70
1
40
0
41
0
66
1
0
VERTEX
8
Flux traps
10
1565
20
1715
0
VERTEX
8
Flux traps
10
1565
20
1735
0
VERTEX
8
Flux traps
10
1585
20
1735
0
VERTEX
8
Flux traps
10
1585
20
1715
0
SEQEND
0
POLYLINE
8
Flux traps
70
1
40
0
41
0
66
1
0
VERTEX
8
Flux traps
10
1615
20
1715
0
VERTEX
8
Flux traps
10
1615
20
1735
0
VERTEX
8
Flux traps
10
1635
20
1735
0
VERTEX
8
Flux traps
10
1635
20
1715
0
SEQEND
0
POLYLINE
8
Flux traps
70
1
40
0
41
0
66
1
0
VERTEX
8
Flux traps
10
1665
20
1715
0
VERTEX
8
Flux traps
10
1665
20
1735
0
VERTEX
8
Flux traps
10
1685
20
1735
0
VERTEX
8
Flux traps
10
1685
20
1715
0
SEQEND
0
POLYLINE
8
Flux traps
70
1
40
0
41
0
66
1
0
VERTEX
8
Flux traps
10
1715
20
1715
0
VERTEX
8
Flux traps
10
1715
20
1735
0
VERTEX
8
Flux traps
10
1735
20
1735
0
VERTEX
8
Flux traps
10
1735
20
1715
0
SEQEND
0
POLYLINE
8
Flux traps
70
1
40
0
41
0
66
1
0
VERTEX
8
Flux traps
10
1765
20
1715
0
VERTEX
8
Flux traps
10
1765
20
1735
0
VERTEX
8
Flux traps
10
1785
20
1735
0
VERTEX
8
Flux traps
10
1785
20
1715
0
SEQEND
0
POLYLINE
8
Flux traps
70
1
40
0
41
0
66
1
0
VERTEX
8
Flux traps
10
1815
20
1715
0
VERTEX
8
Flux traps
10
1815
20
1735
0
VERTEX
8
Flux traps
10
1835
20
1735
0
VERTEX
8
Flux traps
10
1835
20
1715
0
SEQEND
0
POLYLINE
8
Flux traps
70
1
40
0
41
0
66
1
0
VERTEX
8
Flux traps
10
2015
20
1715
0
VERTEX
8
Flux traps
10
2015
20
1735
0
VERTEX
8
Flux traps
10
2035
20
1735
0
VERTEX
8
Flux traps
10
2035
20
1715
0
SEQEND
0
POLYLINE
8
Flux traps
70
1
40
0
41
0
66
1
0
VERTEX
8
Flux traps
10
515
20
2015
0
VERTEX
8
Flux traps
10
515
20
2035
0
VERTEX
8
Flux traps
10
535
20
2035
0
VERTEX
8
Flux traps
10
535
20
2015
0
SEQEND
0
POLYLINE
8
Flux traps
70
1
40
0
41
0
66
1
0
VERTEX
8
Flux traps
10
515
20
2065
0
VERTEX
8
Flux traps
10
515
20
2085
0
VERTEX
8
Flux traps
10
535
20
2085
0
VERTEX
8
Flux traps
10
535
20
2065
0
SEQEND
0
POLYLINE
8
Flux traps
70
1
40
0
41
0
66
1
0
VERTEX
8
Flux traps
10
15
20
1815
0
VERTEX
8
Flux traps
10
15
20
1835
0
VERTEX
8
Flux traps
10
35
20
1835
0
VERTEX
8
Flux traps
10
35
20
1815
0
SEQEND
0
POLYLINE
8
Flux traps
70
1
40
0
41
0
66
1
0
VERTEX
8
Flux traps
10
65
20
1815
0
VERTEX
8
Flux traps
10
65
20
1835
0
VERTEX
8
Flux traps
10
85
20
1835
0
VERTEX
8
Flux traps
10
85
20
1815
0
SEQEND
0
POLYLINE
8
Flux traps
70
1
40
0
41
0
66
1
0
VERTEX
8
Flux traps
10
115
20
1815
0
VERTEX
8
Flux traps
10
115
20
1835
0
VERTEX
8
Flux traps
10
135
20
1835
0
VERTEX
8
Flux traps
10
135
20
1815
0
SEQEND
0
POLYLINE
8
Flux traps
70
1
40
0
41
0
66
1
0
VERTEX
8
Flux traps
10
165
20
1815
0
VERTEX
8
Flux traps
10
165
20
1835
0
VERTEX
8
Flux traps
10
185
20
1835
0
VERTEX
8
Flux traps
10
185
20
1815
0
SEQEND
0
POLYLINE
8
Flux traps
70
1
40
0
41
0
66
1
0
VERTEX
8
Flux traps
10
215
20
1815
0
VERTEX
8
Flux traps
10
215
20
1835
0
VERTEX
8
Flux traps
10
235
20
1835
0
VERTEX
8
Flux traps
10
235
20
1815
0
SEQEND
0
POLYLINE
8
Flux traps
70
1
40
0
41
0
66
1
0
VERTEX
8
Flux traps
10
265
20
1815
0
VERTEX
8
Flux traps
10
265
20
1835
0
VERTEX
8
Flux traps
10
285
20
1835
0
VERTEX
8
Flux traps
10
285
20
1815
0
SEQEND
0
POLYLINE
8
Flux traps
70
1
40
0
41
0
66
1
0
VERTEX
8
Flux traps
10
315
20
1815
0
VERTEX
8
Flux traps
10
315
20
1835
0
VERTEX
8
Flux traps
10
335
20
1835
0
VERTEX
8
Flux traps
10
335
20
1815
0
SEQEND
0
POLYLINE
8
Flux traps
70
1
40
0
41
0
66
1
0
VERTEX
8
Flux traps
10
365
20
1815
0
VERTEX
8
Flux traps
10
365
20
1835
0
VERTEX
8
Flux traps
10
385
20
1835
0
VERTEX
8
Flux traps
10
385
20
1815
0
SEQEND
0
POLYLINE
8
Flux traps
70
1
40
0
41
0
66
1
0
VERTEX
8
Flux traps
10
415
20
1815
0
VERTEX
8
Flux traps
10
415
20
1835
0
VERTEX
8
Flux traps
10
435
20
1835
0
VERTEX
8
Flux traps
10
435
20
1815
0
SEQEND
0
POLYLINE
8
Flux traps
70
1
40
0
41
0
66
1
0
VERTEX
8
Flux traps
10
465
20
1815
0
VERTEX
8
Flux traps
10
465
20
1835
0
VERTEX
8
Flux traps
10
485
20
1835
0
VERTEX
8
Flux traps
10
485
20
1815
0
SEQEND
0
POLYLINE
8
Flux traps
70
1
40
0
41
0
66
1
0
VERTEX
8
Flux traps
10
515
20
1815
0
VERTEX
8
Flux traps
10
515
20
1835
0
VERTEX
8
Flux traps
10
535
20
1835
0
VERTEX
8
Flux traps
10
535
20
1815
0
SEQEND
0
POLYLINE
8
Flux traps
70
1
40
0
41
0
66
1
0
VERTEX
8
Flux traps
10
565
20
1815
0
VERTEX
8
Flux traps
10
565
20
1835
0
VERTEX
8
Flux traps
10
585
20
1835
0
VERTEX
8
Flux traps
10
585
20
1815
0
SEQEND
0
POLYLINE
8
Flux traps
70
1
40
0
41
0
66
1
0
VERTEX
8
Flux traps
10
615
20
1815
0
VERTEX
8
Flux traps
10
615
20
1835
0
VERTEX
8
Flux traps
10
635
20
1835
0
VERTEX
8
Flux traps
10
635
20
1815
0
SEQEND
0
POLYLINE
8
Flux traps
70
1
40
0
41
0
66
1
0
VERTEX
8
Flux traps
10
665
20
1815
0
VERTEX
8
Flux traps
10
665
20
1835
0
VERTEX
8
Flux traps
10
685
20
1835
0
VERTEX
8
Flux traps
10
685
20
1815
0
SEQEND
0
POLYLINE
8
Flux traps
70
1
40
0
41
0
66
1
0
VERTEX
8
Flux traps
10
715
20
1815
0
VERTEX
8
Flux traps
10
715
20
1835
0
VERTEX
8
Flux traps
10
735
20
1835
0
VERTEX
8
Flux traps
10
735
20
1815
0
SEQEND
0
POLYLINE
8
Flux traps
70
1
40
0
41
0
66
1
0
VERTEX
8
Flux traps
10
765
20
1815
0
VERTEX
8
Flux traps
10
765
20
1835
0
VERTEX
8
Flux traps
10
785
20
1835
0
VERTEX
8
Flux traps
10
785
20
1815
0
SEQEND
0
POLYLINE
8
Flux traps
70
1
40
0
41
0
66
1
0
VERTEX
8
Flux traps
10
815
20
1815
0
VERTEX
8
Flux traps
10
815
20
1835
0
VERTEX
8
Flux traps
10
835
20
1835
0
VERTEX
8
Flux traps
10
835
20
1815
0
SEQEND
0
POLYLINE
8
Flux traps
70
1
40
0
41
0
66
1
0
VERTEX
8
Flux traps
10
865
20
1815
0
VERTEX
8
Flux traps
10
865
20
1835
0
VERTEX
8
Flux traps
10
885
20
1835
0
VERTEX
8
Flux traps
10
885
20
1815
0
SEQEND
0
POLYLINE
8
Flux traps
70
1
40
0
41
0
66
1
0
VERTEX
8
Flux traps
10
915
20
1815
0
VERTEX
8
Flux traps
10
915
20
1835
0
VERTEX
8
Flux traps
10
935
20
1835
0
VERTEX
8
Flux traps
10
935
20
1815
0
SEQEND
0
POLYLINE
8
Flux traps
70
1
40
0
41
0
66
1
0
VERTEX
8
Flux traps
10
515
20
1615
0
VERTEX
8
Flux traps
10
515
20
1635
0
VERTEX
8
Flux traps
10
535
20
1635
0
VERTEX
8
Flux traps
10
535
20
1615
0
SEQEND
0
POLYLINE
8
Flux traps
70
1
40
0
41
0
66
1
0
VERTEX
8
Flux traps
10
515
20
1765
0
VERTEX
8
Flux traps
10
515
20
1785
0
VERTEX
8
Flux traps
10
535
20
1785
0
VERTEX
8
Flux traps
10
535
20
1765
0
SEQEND
0
POLYLINE
8
Flux traps
70
1
40
0
41
0
66
1
0
VERTEX
8
Flux traps
10
515
20
1865
0
VERTEX
8
Flux traps
10
515
20
1885
0
VERTEX
8
Flux traps
10
535
20
1885
0
VERTEX
8
Flux traps
10
535
20
1865
0
SEQEND
0
POLYLINE
8
Flux traps
70
1
40
0
41
0
66
1
0
VERTEX
8
Flux traps
10
515
20
1915
0
VERTEX
8
Flux traps
10
515
20
1935
0
VERTEX
8
Flux traps
10
535
20
1935
0
VERTEX
8
Flux traps
10
535
20
1915
0
SEQEND
0
POLYLINE
8
Flux traps
70
1
40
0
41
0
66
1
0
VERTEX
8
Flux traps
10
515
20
1965
0
VERTEX
8
Flux traps
10
515
20
1985
0
VERTEX
8
Flux traps
10
535
20
1985
0
VERTEX
8
Flux traps
10
535
20
1965
0
SEQEND
0
POLYLINE
8
Flux traps
70
1
40
0
41
0
66
1
0
VERTEX
8
Flux traps
10
965
20
1815
0
VERTEX
8
Flux traps
10
965
20
1835
0
VERTEX
8
Flux traps
10
985
20
1835
0
VERTEX
8
Flux traps
10
985
20
1815
0
SEQEND
0
POLYLINE
8
Flux traps
70
1
40
0
41
0
66
1
0
VERTEX
8
Flux traps
10
1015
20
1815
0
VERTEX
8
Flux traps
10
1015
20
1835
0
VERTEX
8
Flux traps
10
1035
20
1835
0
VERTEX
8
Flux traps
10
1035
20
1815
0
SEQEND
0
POLYLINE
8
Flux traps
70
1
40
0
41
0
66
1
0
VERTEX
8
Flux traps
10
765
20
2065
0
VERTEX
8
Flux traps
10
765
20
2085
0
VERTEX
8
Flux traps
10
785
20
2085
0
VERTEX
8
Flux traps
10
785
20
2065
0
SEQEND
0
POLYLINE
8
Flux traps
70
1
40
0
41
0
66
1
0
VERTEX
8
Flux traps
10
815
20
2065
0
VERTEX
8
Flux traps
10
815
20
2085
0
VERTEX
8
Flux traps
10
835
20
2085
0
VERTEX
8
Flux traps
10
835
20
2065
0
SEQEND
0
POLYLINE
8
Flux traps
70
1
40
0
41
0
66
1
0
VERTEX
8
Flux traps
10
615
20
2015
0
VERTEX
8
Flux traps
10
615
20
2035
0
VERTEX
8
Flux traps
10
635
20
2035
0
VERTEX
8
Flux traps
10
635
20
2015
0
SEQEND
0
POLYLINE
8
Flux traps
70
1
40
0
41
0
66
1
0
VERTEX
8
Flux traps
10
665
20
2015
0
VERTEX
8
Flux traps
10
665
20
2035
0
VERTEX
8
Flux traps
10
685
20
2035
0
VERTEX
8
Flux traps
10
685
20
2015
0
SEQEND
0
POLYLINE
8
Flux traps
70
1
40
0
41
0
66
1
0
VERTEX
8
Flux traps
10
715
20
2015
0
VERTEX
8
Flux traps
10
715
20
2035
0
VERTEX
8
Flux traps
10
735
20
2035
0
VERTEX
8
Flux traps
10
735
20
2015
0
SEQEND
0
POLYLINE
8
Flux traps
70
1
40
0
41
0
66
1
0
VERTEX
8
Flux traps
10
865
20
2015
0
VERTEX
8
Flux traps
10
865
20
2035
0
VERTEX
8
Flux traps
10
885
20
2035
0
VERTEX
8
Flux traps
10
885
20
2015
0
SEQEND
0
POLYLINE
8
Flux traps
70
1
40
0
41
0
66
1
0
VERTEX
8
Flux traps
10
865
20
2065
0
VERTEX
8
Flux traps
10
865
20
2085
0
VERTEX
8
Flux traps
10
885
20
2085
0
VERTEX
8
Flux traps
10
885
20
2065
0
SEQEND
0
POLYLINE
8
Flux traps
70
1
40
0
41
0
66
1
0
VERTEX
8
Flux traps
10
815
20
2015
0
VERTEX
8
Flux traps
10
815
20
2035
0
VERTEX
8
Flux traps
10
835
20
2035
0
VERTEX
8
Flux traps
10
835
20
2015
0
SEQEND
0
POLYLINE
8
Flux traps
70
1
40
0
41
0
66
1
0
VERTEX
8
Flux traps
10
765
20
2015
0
VERTEX
8
Flux traps
10
765
20
2035
0
VERTEX
8
Flux traps
10
785
20
2035
0
VERTEX
8
Flux traps
10
785
20
2015
0
SEQEND
0
POLYLINE
8
Flux traps
70
1
40
0
41
0
66
1
0
VERTEX
8
Flux traps
10
565
20
2015
0
VERTEX
8
Flux traps
10
565
20
2035
0
VERTEX
8
Flux traps
10
585
20
2035
0
VERTEX
8
Flux traps
10
585
20
2015
0
SEQEND
0
POLYLINE
8
Flux traps
70
1
40
0
41
0
66
1
0
VERTEX
8
Flux traps
10
565
20
2065
0
VERTEX
8
Flux traps
10
565
20
2085
0
VERTEX
8
Flux traps
10
585
20
2085
0
VERTEX
8
Flux traps
10
585
20
2065
0
SEQEND
0
POLYLINE
8
Flux traps
70
1
40
0
41
0
66
1
0
VERTEX
8
Flux traps
10
615
20
2065
0
VERTEX
8
Flux traps
10
615
20
2085
0
VERTEX
8
Flux traps
10
635
20
2085
0
VERTEX
8
Flux traps
10
635
20
2065
0
SEQEND
0
POLYLINE
8
Flux traps
70
1
40
0
41
0
66
1
0
VERTEX
8
Flux traps
10
565
20
1865
0
VERTEX
8
Flux traps
10
565
20
1885
0
VERTEX
8
Flux traps
10
585
20
1885
0
VERTEX
8
Flux traps
10
585
20
1865
0
SEQEND
0
POLYLINE
8
Flux traps
70
1
40
0
41
0
66
1
0
VERTEX
8
Flux traps
10
565
20
1915
0
VERTEX
8
Flux traps
10
565
20
1935
0
VERTEX
8
Flux traps
10
585
20
1935
0
VERTEX
8
Flux traps
10
585
20
1915
0
SEQEND
0
POLYLINE
8
Flux traps
70
1
40
0
41
0
66
1
0
VERTEX
8
Flux traps
10
565
20
1965
0
VERTEX
8
Flux traps
10
565
20
1985
0
VERTEX
8
Flux traps
10
585
20
1985
0
VERTEX
8
Flux traps
10
585
20
1965
0
SEQEND
0
POLYLINE
8
Flux traps
70
1
40
0
41
0
66
1
0
VERTEX
8
Flux traps
10
615
20
1865
0
VERTEX
8
Flux traps
10
615
20
1885
0
VERTEX
8
Flux traps
10
635
20
1885
0
VERTEX
8
Flux traps
10
635
20
1865
0
SEQEND
0
POLYLINE
8
Flux traps
70
1
40
0
41
0
66
1
0
VERTEX
8
Flux traps
10
615
20
1915
0
VERTEX
8
Flux traps
10
615
20
1935
0
VERTEX
8
Flux traps
10
635
20
1935
0
VERTEX
8
Flux traps
10
635
20
1915
0
SEQEND
0
POLYLINE
8
Flux traps
70
1
40
0
41
0
66
1
0
VERTEX
8
Flux traps
10
615
20
1965
0
VERTEX
8
Flux traps
10
615
20
1985
0
VERTEX
8
Flux traps
10
635
20
1985
0
VERTEX
8
Flux traps
10
635
20
1965
0
SEQEND
0
POLYLINE
8
Flux traps
70
1
40
0
41
0
66
1
0
VERTEX
8
Flux traps
10
665
20
1865
0
VERTEX
8
Flux traps
10
665
20
1885
0
VERTEX
8
Flux traps
10
685
20
1885
0
VERTEX
8
Flux traps
10
685
20
1865
0
SEQEND
0
POLYLINE
8
Flux traps
70
1
40
0
41
0
66
1
0
VERTEX
8
Flux traps
10
665
20
1915
0
VERTEX
8
Flux traps
10
665
20
1935
0
VERTEX
8
Flux traps
10
685
20
1935
0
VERTEX
8
Flux traps
10
685
20
1915
0
SEQEND
0
POLYLINE
8
Flux traps
70
1
40
0
41
0
66
1
0
VERTEX
8
Flux traps
10
665
20
1965
0
VERTEX
8
Flux traps
10
665
20
1985
0
VERTEX
8
Flux traps
10
685
20
1985
0
VERTEX
8
Flux traps
10
685
20
1965
0
SEQEND
0
POLYLINE
8
Flux traps
70
1
40
0
41
0
66
1
0
VERTEX
8
Flux traps
10
715
20
1865
0
VERTEX
8
Flux traps
10
715
20
1885
0
VERTEX
8
Flux traps
10
735
20
1885
0
VERTEX
8
Flux traps
10
735
20
1865
0
SEQEND
0
POLYLINE
8
Flux traps
70
1
40
0
41
0
66
1
0
VERTEX
8
Flux traps
10
715
20
1915
0
VERTEX
8
Flux traps
10
715
20
1935
0
VERTEX
8
Flux traps
10
735
20
1935
0
VERTEX
8
Flux traps
10
735
20
1915
0
SEQEND
0
POLYLINE
8
Flux traps
70
1
40
0
41
0
66
1
0
VERTEX
8
Flux traps
10
715
20
1965
0
VERTEX
8
Flux traps
10
715
20
1985
0
VERTEX
8
Flux traps
10
735
20
1985
0
VERTEX
8
Flux traps
10
735
20
1965
0
SEQEND
0
POLYLINE
8
Flux traps
70
1
40
0
41
0
66
1
0
VERTEX
8
Flux traps
10
765
20
1865
0
VERTEX
8
Flux traps
10
765
20
1885
0
VERTEX
8
Flux traps
10
785
20
1885
0
VERTEX
8
Flux traps
10
785
20
1865
0
SEQEND
0
POLYLINE
8
Flux traps
70
1
40
0
41
0
66
1
0
VERTEX
8
Flux traps
10
765
20
1915
0
VERTEX
8
Flux traps
10
765
20
1935
0
VERTEX
8
Flux traps
10
785
20
1935
0
VERTEX
8
Flux traps
10
785
20
1915
0
SEQEND
0
POLYLINE
8
Flux traps
70
1
40
0
41
0
66
1
0
VERTEX
8
Flux traps
10
765
20
1965
0
VERTEX
8
Flux traps
10
765
20
1985
0
VERTEX
8
Flux traps
10
785
20
1985
0
VERTEX
8
Flux traps
10
785
20
1965
0
SEQEND
0
POLYLINE
8
Flux traps
70
1
40
0
41
0
66
1
0
VERTEX
8
Flux traps
10
815
20
1865
0
VERTEX
8
Flux traps
10
815
20
1885
0
VERTEX
8
Flux traps
10
835
20
1885
0
VERTEX
8
Flux traps
10
835
20
1865
0
SEQEND
0
POLYLINE
8
Flux traps
70
1
40
0
41
0
66
1
0
VERTEX
8
Flux traps
10
815
20
1915
0
VERTEX
8
Flux traps
10
815
20
1935
0
VERTEX
8
Flux traps
10
835
20
1935
0
VERTEX
8
Flux traps
10
835
20
1915
0
SEQEND
0
POLYLINE
8
Flux traps
70
1
40
0
41
0
66
1
0
VERTEX
8
Flux traps
10
815
20
1965
0
VERTEX
8
Flux traps
10
815
20
1985
0
VERTEX
8
Flux traps
10
835
20
1985
0
VERTEX
8
Flux traps
10
835
20
1965
0
SEQEND
0
POLYLINE
8
Flux traps
70
1
40
0
41
0
66
1
0
VERTEX
8
Flux traps
10
965
20
1865
0
VERTEX
8
Flux traps
10
965
20
1885
0
VERTEX
8
Flux traps
10
985
20
1885
0
VERTEX
8
Flux traps
10
985
20
1865
0
SEQEND
0
POLYLINE
8
Flux traps
70
1
40
0
41
0
66
1
0
VERTEX
8
Flux traps
10
965
20
1915
0
VERTEX
8
Flux traps
10
965
20
1935
0
VERTEX
8
Flux traps
10
985
20
1935
0
VERTEX
8
Flux traps
10
985
20
1915
0
SEQEND
0
POLYLINE
8
Flux traps
70
1
40
0
41
0
66
1
0
VERTEX
8
Flux traps
10
965
20
1965
0
VERTEX
8
Flux traps
10
965
20
1985
0
VERTEX
8
Flux traps
10
985
20
1985
0
VERTEX
8
Flux traps
10
985
20
1965
0
SEQEND
0
POLYLINE
8
Flux traps
70
1
40
0
41
0
66
1
0
VERTEX
8
Flux traps
10
1015
20
1865
0
VERTEX
8
Flux traps
10
1015
20
1885
0
VERTEX
8
Flux traps
10
1035
20
1885
0
VERTEX
8
Flux traps
10
1035
20
1865
0
SEQEND
0
POLYLINE
8
Flux traps
70
1
40
0
41
0
66
1
0
VERTEX
8
Flux traps
10
1015
20
1915
0
VERTEX
8
Flux traps
10
1015
20
1935
0
VERTEX
8
Flux traps
10
1035
20
1935
0
VERTEX
8
Flux traps
10
1035
20
1915
0
SEQEND
0
POLYLINE
8
Flux traps
70
1
40
0
41
0
66
1
0
VERTEX
8
Flux traps
10
1015
20
1965
0
VERTEX
8
Flux traps
10
1015
20
1985
0
VERTEX
8
Flux traps
10
1035
20
1985
0
VERTEX
8
Flux traps
10
1035
20
1965
0
SEQEND
0
POLYLINE
8
Flux traps
70
1
40
0
41
0
66
1
0
VERTEX
8
Flux traps
10
865
20
1865
0
VERTEX
8
Flux traps
10
865
20
1885
0
VERTEX
8
Flux traps
10
885
20
1885
0
VERTEX
8
Flux traps
10
885
20
1865
0
SEQEND
0
POLYLINE
8
Flux traps
70
1
40
0
41
0
66
1
0
VERTEX
8
Flux traps
10
865
20
1915
0
VERTEX
8
Flux traps
10
865
20
1935
0
VERTEX
8
Flux traps
10
885
20
1935
0
VERTEX
8
Flux traps
10
885
20
1915
0
SEQEND
0
POLYLINE
8
Flux traps
70
1
40
0
41
0
66
1
0
VERTEX
8
Flux traps
10
865
20
1965
0
VERTEX
8
Flux traps
10
865
20
1985
0
VERTEX
8
Flux traps
10
885
20
1985
0
VERTEX
8
Flux traps
10
885
20
1965
0
SEQEND
0
POLYLINE
8
Flux traps
70
1
40
0
41
0
66
1
0
VERTEX
8
Flux traps
10
1015
20
2015
0
VERTEX
8
Flux traps
10
1015
20
2035
0
VERTEX
8
Flux traps
10
1035
20
2035
0
VERTEX
8
Flux traps
10
1035
20
2015
0
SEQEND
0
POLYLINE
8
Flux traps
70
1
40
0
41
0
66
1
0
VERTEX
8
Flux traps
10
1015
20
2065
0
VERTEX
8
Flux traps
10
1015
20
2085
0
VERTEX
8
Flux traps
10
1035
20
2085
0
VERTEX
8
Flux traps
10
1035
20
2065
0
SEQEND
0
POLYLINE
8
Flux traps
70
1
40
0
41
0
66
1
0
VERTEX
8
Flux traps
10
965
20
2015
0
VERTEX
8
Flux traps
10
965
20
2035
0
VERTEX
8
Flux traps
10
985
20
2035
0
VERTEX
8
Flux traps
10
985
20
2015
0
SEQEND
0
POLYLINE
8
Flux traps
70
1
40
0
41
0
66
1
0
VERTEX
8
Flux traps
10
965
20
2065
0
VERTEX
8
Flux traps
10
965
20
2085
0
VERTEX
8
Flux traps
10
985
20
2085
0
VERTEX
8
Flux traps
10
985
20
2065
0
SEQEND
0
POLYLINE
8
Flux traps
70
1
40
0
41
0
66
1
0
VERTEX
8
Flux traps
10
665
20
2065
0
VERTEX
8
Flux traps
10
665
20
2085
0
VERTEX
8
Flux traps
10
685
20
2085
0
VERTEX
8
Flux traps
10
685
20
2065
0
SEQEND
0
POLYLINE
8
Flux traps
70
1
40
0
41
0
66
1
0
VERTEX
8
Flux traps
10
715
20
2065
0
VERTEX
8
Flux traps
10
715
20
2085
0
VERTEX
8
Flux traps
10
735
20
2085
0
VERTEX
8
Flux traps
10
735
20
2065
0
SEQEND
0
POLYLINE
8
Flux traps
70
1
40
0
41
0
66
1
0
VERTEX
8
Flux traps
10
915
20
1865
0
VERTEX
8
Flux traps
10
915
20
1885
0
VERTEX
8
Flux traps
10
935
20
1885
0
VERTEX
8
Flux traps
10
935
20
1865
0
SEQEND
0
POLYLINE
8
Flux traps
70
1
40
0
41
0
66
1
0
VERTEX
8
Flux traps
10
915
20
1915
0
VERTEX
8
Flux traps
10
915
20
1935
0
VERTEX
8
Flux traps
10
935
20
1935
0
VERTEX
8
Flux traps
10
935
20
1915
0
SEQEND
0
POLYLINE
8
Flux traps
70
1
40
0
41
0
66
1
0
VERTEX
8
Flux traps
10
915
20
1965
0
VERTEX
8
Flux traps
10
915
20
1985
0
VERTEX
8
Flux traps
10
935
20
1985
0
VERTEX
8
Flux traps
10
935
20
1965
0
SEQEND
0
POLYLINE
8
Flux traps
70
1
40
0
41
0
66
1
0
VERTEX
8
Flux traps
10
915
20
2015
0
VERTEX
8
Flux traps
10
915
20
2035
0
VERTEX
8
Flux traps
10
935
20
2035
0
VERTEX
8
Flux traps
10
935
20
2015
0
SEQEND
0
POLYLINE
8
Flux traps
70
1
40
0
41
0
66
1
0
VERTEX
8
Flux traps
10
915
20
2065
0
VERTEX
8
Flux traps
10
915
20
2085
0
VERTEX
8
Flux traps
10
935
20
2085
0
VERTEX
8
Flux traps
10
935
20
2065
0
SEQEND
0
POLYLINE
8
Flux traps
70
1
40
0
41
0
66
1
0
VERTEX
8
Flux traps
10
215
20
2065
0
VERTEX
8
Flux traps
10
215
20
2085
0
VERTEX
8
Flux traps
10
235
20
2085
0
VERTEX
8
Flux traps
10
235
20
2065
0
SEQEND
0
POLYLINE
8
Flux traps
70
1
40
0
41
0
66
1
0
VERTEX
8
Flux traps
10
265
20
2065
0
VERTEX
8
Flux traps
10
265
20
2085
0
VERTEX
8
Flux traps
10
285
20
2085
0
VERTEX
8
Flux traps
10
285
20
2065
0
SEQEND
0
POLYLINE
8
Flux traps
70
1
40
0
41
0
66
1
0
VERTEX
8
Flux traps
10
15
20
1865
0
VERTEX
8
Flux traps
10
15
20
1885
0
VERTEX
8
Flux traps
10
35
20
1885
0
VERTEX
8
Flux traps
10
35
20
1865
0
SEQEND
0
POLYLINE
8
Flux traps
70
1
40
0
41
0
66
1
0
VERTEX
8
Flux traps
10
15
20
1915
0
VERTEX
8
Flux traps
10
15
20
1935
0
VERTEX
8
Flux traps
10
35
20
1935
0
VERTEX
8
Flux traps
10
35
20
1915
0
SEQEND
0
POLYLINE
8
Flux traps
70
1
40
0
41
0
66
1
0
VERTEX
8
Flux traps
10
15
20
1965
0
VERTEX
8
Flux traps
10
15
20
1985
0
VERTEX
8
Flux traps
10
35
20
1985
0
VERTEX
8
Flux traps
10
35
20
1965
0
SEQEND
0
POLYLINE
8
Flux traps
70
1
40
0
41
0
66
1
0
VERTEX
8
Flux traps
10
315
20
2065
0
VERTEX
8
Flux traps
10
315
20
2085
0
VERTEX
8
Flux traps
10
335
20
2085
0
VERTEX
8
Flux traps
10
335
20
2065
0
SEQEND
0
POLYLINE
8
Flux traps
70
1
40
0
41
0
66
1
0
VERTEX
8
Flux traps
10
365
20
2065
0
VERTEX
8
Flux traps
10
365
20
2085
0
VERTEX
8
Flux traps
10
385
20
2085
0
VERTEX
8
Flux traps
10
385
20
2065
0
SEQEND
0
POLYLINE
8
Flux traps
70
1
40
0
41
0
66
1
0
VERTEX
8
Flux traps
10
415
20
2065
0
VERTEX
8
Flux traps
10
415
20
2085
0
VERTEX
8
Flux traps
10
435
20
2085
0
VERTEX
8
Flux traps
10
435
20
2065
0
SEQEND
0
POLYLINE
8
Flux traps
70
1
40
0
41
0
66
1
0
VERTEX
8
Flux traps
10
465
20
2065
0
VERTEX
8
Flux traps
10
465
20
2085
0
VERTEX
8
Flux traps
10
485
20
2085
0
VERTEX
8
Flux traps
10
485
20
2065
0
SEQEND
0
POLYLINE
8
Flux traps
70
1
40
0
41
0
66
1
0
VERTEX
8
Flux traps
10
465
20
2015
0
VERTEX
8
Flux traps
10
465
20
2035
0
VERTEX
8
Flux traps
10
485
20
2035
0
VERTEX
8
Flux traps
10
485
20
2015
0
SEQEND
0
POLYLINE
8
Flux traps
70
1
40
0
41
0
66
1
0
VERTEX
8
Flux traps
10
265
20
1865
0
VERTEX
8
Flux traps
10
265
20
1885
0
VERTEX
8
Flux traps
10
285
20
1885
0
VERTEX
8
Flux traps
10
285
20
1865
0
SEQEND
0
POLYLINE
8
Flux traps
70
1
40
0
41
0
66
1
0
VERTEX
8
Flux traps
10
65
20
1865
0
VERTEX
8
Flux traps
10
65
20
1885
0
VERTEX
8
Flux traps
10
85
20
1885
0
VERTEX
8
Flux traps
10
85
20
1865
0
SEQEND
0
POLYLINE
8
Flux traps
70
1
40
0
41
0
66
1
0
VERTEX
8
Flux traps
10
65
20
1915
0
VERTEX
8
Flux traps
10
65
20
1935
0
VERTEX
8
Flux traps
10
85
20
1935
0
VERTEX
8
Flux traps
10
85
20
1915
0
SEQEND
0
POLYLINE
8
Flux traps
70
1
40
0
41
0
66
1
0
VERTEX
8
Flux traps
10
215
20
1865
0
VERTEX
8
Flux traps
10
215
20
1885
0
VERTEX
8
Flux traps
10
235
20
1885
0
VERTEX
8
Flux traps
10
235
20
1865
0
SEQEND
0
POLYLINE
8
Flux traps
70
1
40
0
41
0
66
1
0
VERTEX
8
Flux traps
10
215
20
1915
0
VERTEX
8
Flux traps
10
215
20
1935
0
VERTEX
8
Flux traps
10
235
20
1935
0
VERTEX
8
Flux traps
10
235
20
1915
0
SEQEND
0
POLYLINE
8
Flux traps
70
1
40
0
41
0
66
1
0
VERTEX
8
Flux traps
10
65
20
1965
0
VERTEX
8
Flux traps
10
65
20
1985
0
VERTEX
8
Flux traps
10
85
20
1985
0
VERTEX
8
Flux traps
10
85
20
1965
0
SEQEND
0
POLYLINE
8
Flux traps
70
1
40
0
41
0
66
1
0
VERTEX
8
Flux traps
10
115
20
1865
0
VERTEX
8
Flux traps
10
115
20
1885
0
VERTEX
8
Flux traps
10
135
20
1885
0
VERTEX
8
Flux traps
10
135
20
1865
0
SEQEND
0
POLYLINE
8
Flux traps
70
1
40
0
41
0
66
1
0
VERTEX
8
Flux traps
10
115
20
1915
0
VERTEX
8
Flux traps
10
115
20
1935
0
VERTEX
8
Flux traps
10
135
20
1935
0
VERTEX
8
Flux traps
10
135
20
1915
0
SEQEND
0
POLYLINE
8
Flux traps
70
1
40
0
41
0
66
1
0
VERTEX
8
Flux traps
10
215
20
1965
0
VERTEX
8
Flux traps
10
215
20
1985
0
VERTEX
8
Flux traps
10
235
20
1985
0
VERTEX
8
Flux traps
10
235
20
1965
0
SEQEND
0
POLYLINE
8
Flux traps
70
1
40
0
41
0
66
1
0
VERTEX
8
Flux traps
10
115
20
1965
0
VERTEX
8
Flux traps
10
115
20
1985
0
VERTEX
8
Flux traps
10
135
20
1985
0
VERTEX
8
Flux traps
10
135
20
1965
0
SEQEND
0
POLYLINE
8
Flux traps
70
1
40
0
41
0
66
1
0
VERTEX
8
Flux traps
10
265
20
1915
0
VERTEX
8
Flux traps
10
265
20
1935
0
VERTEX
8
Flux traps
10
285
20
1935
0
VERTEX
8
Flux traps
10
285
20
1915
0
SEQEND
0
POLYLINE
8
Flux traps
70
1
40
0
41
0
66
1
0
VERTEX
8
Flux traps
10
265
20
1965
0
VERTEX
8
Flux traps
10
265
20
1985
0
VERTEX
8
Flux traps
10
285
20
1985
0
VERTEX
8
Flux traps
10
285
20
1965
0
SEQEND
0
POLYLINE
8
Flux traps
70
1
40
0
41
0
66
1
0
VERTEX
8
Flux traps
10
165
20
1865
0
VERTEX
8
Flux traps
10
165
20
1885
0
VERTEX
8
Flux traps
10
185
20
1885
0
VERTEX
8
Flux traps
10
185
20
1865
0
SEQEND
0
POLYLINE
8
Flux traps
70
1
40
0
41
0
66
1
0
VERTEX
8
Flux traps
10
315
20
1865
0
VERTEX
8
Flux traps
10
315
20
1885
0
VERTEX
8
Flux traps
10
335
20
1885
0
VERTEX
8
Flux traps
10
335
20
1865
0
SEQEND
0
POLYLINE
8
Flux traps
70
1
40
0
41
0
66
1
0
VERTEX
8
Flux traps
10
315
20
1915
0
VERTEX
8
Flux traps
10
315
20
1935
0
VERTEX
8
Flux traps
10
335
20
1935
0
VERTEX
8
Flux traps
10
335
20
1915
0
SEQEND
0
POLYLINE
8
Flux traps
70
1
40
0
41
0
66
1
0
VERTEX
8
Flux traps
10
315
20
1965
0
VERTEX
8
Flux traps
10
315
20
1985
0
VERTEX
8
Flux traps
10
335
20
1985
0
VERTEX
8
Flux traps
10
335
20
1965
0
SEQEND
0
POLYLINE
8
Flux traps
70
1
40
0
41
0
66
1
0
VERTEX
8
Flux traps
10
165
20
1915
0
VERTEX
8
Flux traps
10
165
20
1935
0
VERTEX
8
Flux traps
10
185
20
1935
0
VERTEX
8
Flux traps
10
185
20
1915
0
SEQEND
0
POLYLINE
8
Flux traps
70
1
40
0
41
0
66
1
0
VERTEX
8
Flux traps
10
365
20
1865
0
VERTEX
8
Flux traps
10
365
20
1885
0
VERTEX
8
Flux traps
10
385
20
1885
0
VERTEX
8
Flux traps
10
385
20
1865
0
SEQEND
0
POLYLINE
8
Flux traps
70
1
40
0
41
0
66
1
0
VERTEX
8
Flux traps
10
365
20
1915
0
VERTEX
8
Flux traps
10
365
20
1935
0
VERTEX
8
Flux traps
10
385
20
1935
0
VERTEX
8
Flux traps
10
385
20
1915
0
SEQEND
0
POLYLINE
8
Flux traps
70
1
40
0
41
0
66
1
0
VERTEX
8
Flux traps
10
365
20
1965
0
VERTEX
8
Flux traps
10
365
20
1985
0
VERTEX
8
Flux traps
10
385
20
1985
0
VERTEX
8
Flux traps
10
385
20
1965
0
SEQEND
0
POLYLINE
8
Flux traps
70
1
40
0
41
0
66
1
0
VERTEX
8
Flux traps
10
415
20
1865
0
VERTEX
8
Flux traps
10
415
20
1885
0
VERTEX
8
Flux traps
10
435
20
1885
0
VERTEX
8
Flux traps
10
435
20
1865
0
SEQEND
0
POLYLINE
8
Flux traps
70
1
40
0
41
0
66
1
0
VERTEX
8
Flux traps
10
415
20
1915
0
VERTEX
8
Flux traps
10
415
20
1935
0
VERTEX
8
Flux traps
10
435
20
1935
0
VERTEX
8
Flux traps
10
435
20
1915
0
SEQEND
0
POLYLINE
8
Flux traps
70
1
40
0
41
0
66
1
0
VERTEX
8
Flux traps
10
415
20
1965
0
VERTEX
8
Flux traps
10
415
20
1985
0
VERTEX
8
Flux traps
10
435
20
1985
0
VERTEX
8
Flux traps
10
435
20
1965
0
SEQEND
0
POLYLINE
8
Flux traps
70
1
40
0
41
0
66
1
0
VERTEX
8
Flux traps
10
465
20
1865
0
VERTEX
8
Flux traps
10
465
20
1885
0
VERTEX
8
Flux traps
10
485
20
1885
0
VERTEX
8
Flux traps
10
485
20
1865
0
SEQEND
0
POLYLINE
8
Flux traps
70
1
40
0
41
0
66
1
0
VERTEX
8
Flux traps
10
465
20
1915
0
VERTEX
8
Flux traps
10
465
20
1935
0
VERTEX
8
Flux traps
10
485
20
1935
0
VERTEX
8
Flux traps
10
485
20
1915
0
SEQEND
0
POLYLINE
8
Flux traps
70
1
40
0
41
0
66
1
0
VERTEX
8
Flux traps
10
465
20
1965
0
VERTEX
8
Flux traps
10
465
20
1985
0
VERTEX
8
Flux traps
10
485
20
1985
0
VERTEX
8
Flux traps
10
485
20
1965
0
SEQEND
0
POLYLINE
8
Flux traps
70
1
40
0
41
0
66
1
0
VERTEX
8
Flux traps
10
415
20
2015
0
VERTEX
8
Flux traps
10
415
20
2035
0
VERTEX
8
Flux traps
10
435
20
2035
0
VERTEX
8
Flux traps
10
435
20
2015
0
SEQEND
0
POLYLINE
8
Flux traps
70
1
40
0
41
0
66
1
0
VERTEX
8
Flux traps
10
15
20
2065
0
VERTEX
8
Flux traps
10
15
20
2085
0
VERTEX
8
Flux traps
10
35
20
2085
0
VERTEX
8
Flux traps
10
35
20
2065
0
SEQEND
0
POLYLINE
8
Flux traps
70
1
40
0
41
0
66
1
0
VERTEX
8
Flux traps
10
165
20
1965
0
VERTEX
8
Flux traps
10
165
20
1985
0
VERTEX
8
Flux traps
10
185
20
1985
0
VERTEX
8
Flux traps
10
185
20
1965
0
SEQEND
0
POLYLINE
8
Flux traps
70
1
40
0
41
0
66
1
0
VERTEX
8
Flux traps
10
65
20
2065
0
VERTEX
8
Flux traps
10
65
20
2085
0
VERTEX
8
Flux traps
10
85
20
2085
0
VERTEX
8
Flux traps
10
85
20
2065
0
SEQEND
0
POLYLINE
8
Flux traps
70
1
40
0
41
0
66
1
0
VERTEX
8
Flux traps
10
115
20
2065
0
VERTEX
8
Flux traps
10
115
20
2085
0
VERTEX
8
Flux traps
10
135
20
2085
0
VERTEX
8
Flux traps
10
135
20
2065
0
SEQEND
0
POLYLINE
8
Flux traps
70
1
40
0
41
0
66
1
0
VERTEX
8
Flux traps
10
165
20
2065
0
VERTEX
8
Flux traps
10
165
20
2085
0
VERTEX
8
Flux traps
10
185
20
2085
0
VERTEX
8
Flux traps
10
185
20
2065
0
SEQEND
0
POLYLINE
8
Flux traps
70
1
40
0
41
0
66
1
0
VERTEX
8
Flux traps
10
15
20
2015
0
VERTEX
8
Flux traps
10
15
20
2035
0
VERTEX
8
Flux traps
10
35
20
2035
0
VERTEX
8
Flux traps
10
35
20
2015
0
SEQEND
0
POLYLINE
8
Flux traps
70
1
40
0
41
0
66
1
0
VERTEX
8
Flux traps
10
65
20
2015
0
VERTEX
8
Flux traps
10
65
20
2035
0
VERTEX
8
Flux traps
10
85
20
2035
0
VERTEX
8
Flux traps
10
85
20
2015
0
SEQEND
0
POLYLINE
8
Flux traps
70
1
40
0
41
0
66
1
0
VERTEX
8
Flux traps
10
115
20
2015
0
VERTEX
8
Flux traps
10
115
20
2035
0
VERTEX
8
Flux traps
10
135
20
2035
0
VERTEX
8
Flux traps
10
135
20
2015
0
SEQEND
0
POLYLINE
8
Flux traps
70
1
40
0
41
0
66
1
0
VERTEX
8
Flux traps
10
165
20
2015
0
VERTEX
8
Flux traps
10
165
20
2035
0
VERTEX
8
Flux traps
10
185
20
2035
0
VERTEX
8
Flux traps
10
185
20
2015
0
SEQEND
0
POLYLINE
8
Flux traps
70
1
40
0
41
0
66
1
0
VERTEX
8
Flux traps
10
215
20
2015
0
VERTEX
8
Flux traps
10
215
20
2035
0
VERTEX
8
Flux traps
10
235
20
2035
0
VERTEX
8
Flux traps
10
235
20
2015
0
SEQEND
0
POLYLINE
8
Flux traps
70
1
40
0
41
0
66
1
0
VERTEX
8
Flux traps
10
265
20
2015
0
VERTEX
8
Flux traps
10
265
20
2035
0
VERTEX
8
Flux traps
10
285
20
2035
0
VERTEX
8
Flux traps
10
285
20
2015
0
SEQEND
0
POLYLINE
8
Flux traps
70
1
40
0
41
0
66
1
0
VERTEX
8
Flux traps
10
315
20
2015
0
VERTEX
8
Flux traps
10
315
20
2035
0
VERTEX
8
Flux traps
10
335
20
2035
0
VERTEX
8
Flux traps
10
335
20
2015
0
SEQEND
0
POLYLINE
8
Flux traps
70
1
40
0
41
0
66
1
0
VERTEX
8
Flux traps
10
365
20
2015
0
VERTEX
8
Flux traps
10
365
20
2035
0
VERTEX
8
Flux traps
10
385
20
2035
0
VERTEX
8
Flux traps
10
385
20
2015
0
SEQEND
0
POLYLINE
8
Flux traps
70
1
40
0
41
0
66
1
0
VERTEX
8
Flux traps
10
115
20
1765
0
VERTEX
8
Flux traps
10
115
20
1785
0
VERTEX
8
Flux traps
10
135
20
1785
0
VERTEX
8
Flux traps
10
135
20
1765
0
SEQEND
0
POLYLINE
8
Flux traps
70
1
40
0
41
0
66
1
0
VERTEX
8
Flux traps
10
465
20
1765
0
VERTEX
8
Flux traps
10
465
20
1785
0
VERTEX
8
Flux traps
10
485
20
1785
0
VERTEX
8
Flux traps
10
485
20
1765
0
SEQEND
0
POLYLINE
8
Flux traps
70
1
40
0
41
0
66
1
0
VERTEX
8
Flux traps
10
415
20
1765
0
VERTEX
8
Flux traps
10
415
20
1785
0
VERTEX
8
Flux traps
10
435
20
1785
0
VERTEX
8
Flux traps
10
435
20
1765
0
SEQEND
0
POLYLINE
8
Flux traps
70
1
40
0
41
0
66
1
0
VERTEX
8
Flux traps
10
365
20
1765
0
VERTEX
8
Flux traps
10
365
20
1785
0
VERTEX
8
Flux traps
10
385
20
1785
0
VERTEX
8
Flux traps
10
385
20
1765
0
SEQEND
0
POLYLINE
8
Flux traps
70
1
40
0
41
0
66
1
0
VERTEX
8
Flux traps
10
265
20
1615
0
VERTEX
8
Flux traps
10
265
20
1635
0
VERTEX
8
Flux traps
10
285
20
1635
0
VERTEX
8
Flux traps
10
285
20
1615
0
SEQEND
0
POLYLINE
8
Flux traps
70
1
40
0
41
0
66
1
0
VERTEX
8
Flux traps
10
15
20
1665
0
VERTEX
8
Flux traps
10
15
20
1685
0
VERTEX
8
Flux traps
10
35
20
1685
0
VERTEX
8
Flux traps
10
35
20
1665
0
SEQEND
0
POLYLINE
8
Flux traps
70
1
40
0
41
0
66
1
0
VERTEX
8
Flux traps
10
215
20
1615
0
VERTEX
8
Flux traps
10
215
20
1635
0
VERTEX
8
Flux traps
10
235
20
1635
0
VERTEX
8
Flux traps
10
235
20
1615
0
SEQEND
0
POLYLINE
8
Flux traps
70
1
40
0
41
0
66
1
0
VERTEX
8
Flux traps
10
265
20
1665
0
VERTEX
8
Flux traps
10
265
20
1685
0
VERTEX
8
Flux traps
10
285
20
1685
0
VERTEX
8
Flux traps
10
285
20
1665
0
SEQEND
0
POLYLINE
8
Flux traps
70
1
40
0
41
0
66
1
0
VERTEX
8
Flux traps
10
165
20
1615
0
VERTEX
8
Flux traps
10
165
20
1635
0
VERTEX
8
Flux traps
10
185
20
1635
0
VERTEX
8
Flux traps
10
185
20
1615
0
SEQEND
0
POLYLINE
8
Flux traps
70
1
40
0
41
0
66
1
0
VERTEX
8
Flux traps
10
215
20
1715
0
VERTEX
8
Flux traps
10
215
20
1735
0
VERTEX
8
Flux traps
10
235
20
1735
0
VERTEX
8
Flux traps
10
235
20
1715
0
SEQEND
0
POLYLINE
8
Flux traps
70
1
40
0
41
0
66
1
0
VERTEX
8
Flux traps
10
165
20
1665
0
VERTEX
8
Flux traps
10
165
20
1685
0
VERTEX
8
Flux traps
10
185
20
1685
0
VERTEX
8
Flux traps
10
185
20
1665
0
SEQEND
0
POLYLINE
8
Flux traps
70
1
40
0
41
0
66
1
0
VERTEX
8
Flux traps
10
265
20
1715
0
VERTEX
8
Flux traps
10
265
20
1735
0
VERTEX
8
Flux traps
10
285
20
1735
0
VERTEX
8
Flux traps
10
285
20
1715
0
SEQEND
0
POLYLINE
8
Flux traps
70
1
40
0
41
0
66
1
0
VERTEX
8
Flux traps
10
315
20
1765
0
VERTEX
8
Flux traps
10
315
20
1785
0
VERTEX
8
Flux traps
10
335
20
1785
0
VERTEX
8
Flux traps
10
335
20
1765
0
SEQEND
0
POLYLINE
8
Flux traps
70
1
40
0
41
0
66
1
0
VERTEX
8
Flux traps
10
15
20
1765
0
VERTEX
8
Flux traps
10
15
20
1785
0
VERTEX
8
Flux traps
10
35
20
1785
0
VERTEX
8
Flux traps
10
35
20
1765
0
SEQEND
0
POLYLINE
8
Flux traps
70
1
40
0
41
0
66
1
0
VERTEX
8
Flux traps
10
165
20
1765
0
VERTEX
8
Flux traps
10
165
20
1785
0
VERTEX
8
Flux traps
10
185
20
1785
0
VERTEX
8
Flux traps
10
185
20
1765
0
SEQEND
0
POLYLINE
8
Flux traps
70
1
40
0
41
0
66
1
0
VERTEX
8
Flux traps
10
65
20
1765
0
VERTEX
8
Flux traps
10
65
20
1785
0
VERTEX
8
Flux traps
10
85
20
1785
0
VERTEX
8
Flux traps
10
85
20
1765
0
SEQEND
0
POLYLINE
8
Flux traps
70
1
40
0
41
0
66
1
0
VERTEX
8
Flux traps
10
215
20
1765
0
VERTEX
8
Flux traps
10
215
20
1785
0
VERTEX
8
Flux traps
10
235
20
1785
0
VERTEX
8
Flux traps
10
235
20
1765
0
SEQEND
0
POLYLINE
8
Flux traps
70
1
40
0
41
0
66
1
0
VERTEX
8
Flux traps
10
15
20
1715
0
VERTEX
8
Flux traps
10
15
20
1735
0
VERTEX
8
Flux traps
10
35
20
1735
0
VERTEX
8
Flux traps
10
35
20
1715
0
SEQEND
0
POLYLINE
8
Flux traps
70
1
40
0
41
0
66
1
0
VERTEX
8
Flux traps
10
15
20
1615
0
VERTEX
8
Flux traps
10
15
20
1635
0
VERTEX
8
Flux traps
10
35
20
1635
0
VERTEX
8
Flux traps
10
35
20
1615
0
SEQEND
0
POLYLINE
8
Flux traps
70
1
40
0
41
0
66
1
0
VERTEX
8
Flux traps
10
265
20
1765
0
VERTEX
8
Flux traps
10
265
20
1785
0
VERTEX
8
Flux traps
10
285
20
1785
0
VERTEX
8
Flux traps
10
285
20
1765
0
SEQEND
0
POLYLINE
8
Flux traps
70
1
40
0
41
0
66
1
0
VERTEX
8
Flux traps
10
165
20
1715
0
VERTEX
8
Flux traps
10
165
20
1735
0
VERTEX
8
Flux traps
10
185
20
1735
0
VERTEX
8
Flux traps
10
185
20
1715
0
SEQEND
0
POLYLINE
8
Flux traps
70
1
40
0
41
0
66
1
0
VERTEX
8
Flux traps
10
468.377
20
1615
0
VERTEX
8
Flux traps
10
485
20
1631.623
0
VERTEX
8
Flux traps
10
485
20
1615
0
SEQEND
0
POLYLINE
8
Flux traps
70
1
40
0
41
0
66
1
0
VERTEX
8
Flux traps
10
365
20
1715
0
VERTEX
8
Flux traps
10
365
20
1735
0
VERTEX
8
Flux traps
10
385
20
1735
0
VERTEX
8
Flux traps
10
385
20
1718.322
0
VERTEX
8
Flux traps
10
381.678
20
1715
0
SEQEND
0
POLYLINE
8
Flux traps
70
1
40
0
41
0
66
1
0
VERTEX
8
Flux traps
10
215
20
1665
0
VERTEX
8
Flux traps
10
215
20
1685
0
VERTEX
8
Flux traps
10
235
20
1685
0
VERTEX
8
Flux traps
10
235
20
1665
0
SEQEND
0
POLYLINE
8
Flux traps
70
1
40
0
41
0
66
1
0
VERTEX
8
Flux traps
10
315
20
1615
0
VERTEX
8
Flux traps
10
315
20
1635
0
VERTEX
8
Flux traps
10
335
20
1635
0
VERTEX
8
Flux traps
10
335
20
1615
0
SEQEND
0
POLYLINE
8
Flux traps
70
1
40
0
41
0
66
1
0
VERTEX
8
Flux traps
10
315
20
1665
0
VERTEX
8
Flux traps
10
315
20
1685
0
VERTEX
8
Flux traps
10
335
20
1685
0
VERTEX
8
Flux traps
10
335
20
1665
0
SEQEND
0
POLYLINE
8
Flux traps
70
1
40
0
41
0
66
1
0
VERTEX
8
Flux traps
10
315
20
1715
0
VERTEX
8
Flux traps
10
315
20
1735
0
VERTEX
8
Flux traps
10
335
20
1735
0
VERTEX
8
Flux traps
10
335
20
1715
0
SEQEND
0
POLYLINE
8
Flux traps
70
1
40
0
41
0
66
1
0
VERTEX
8
Flux traps
10
865
20
1715
0
VERTEX
8
Flux traps
10
865
20
1735
0
VERTEX
8
Flux traps
10
885
20
1735
0
VERTEX
8
Flux traps
10
885
20
1715
0
SEQEND
0
POLYLINE
8
Flux traps
70
1
40
0
41
0
66
1
0
VERTEX
8
Flux traps
10
815
20
1615
0
VERTEX
8
Flux traps
10
815
20
1635
0
VERTEX
8
Flux traps
10
835
20
1635
0
VERTEX
8
Flux traps
10
835
20
1615
0
SEQEND
0
POLYLINE
8
Flux traps
70
1
40
0
41
0
66
1
0
VERTEX
8
Flux traps
10
815
20
1665
0
VERTEX
8
Flux traps
10
815
20
1685
0
VERTEX
8
Flux traps
10
835
20
1685
0
VERTEX
8
Flux traps
10
835
20
1665
0
SEQEND
0
POLYLINE
8
Flux traps
70
1
40
0
41
0
66
1
0
VERTEX
8
Flux traps
10
815
20
1715
0
VERTEX
8
Flux traps
10
815
20
1735
0
VERTEX
8
Flux traps
10
835
20
1735
0
VERTEX
8
Flux traps
10
835
20
1715
0
SEQEND
0
POLYLINE
8
Flux traps
70
1
40
0
41
0
66
1
0
VERTEX
8
Flux traps
10
765
20
1765
0
VERTEX
8
Flux traps
10
765
20
1785
0
VERTEX
8
Flux traps
10
785
20
1785
0
VERTEX
8
Flux traps
10
785
20
1765
0
SEQEND
0
POLYLINE
8
Flux traps
70
1
40
0
41
0
66
1
0
VERTEX
8
Flux traps
10
615
20
1615
0
VERTEX
8
Flux traps
10
615
20
1631.623
0
VERTEX
8
Flux traps
10
631.623
20
1615
0
SEQEND
0
POLYLINE
8
Flux traps
70
1
40
0
41
0
66
1
0
VERTEX
8
Flux traps
10
915
20
1615
0
VERTEX
8
Flux traps
10
915
20
1635
0
VERTEX
8
Flux traps
10
935
20
1635
0
VERTEX
8
Flux traps
10
935
20
1615
0
SEQEND
0
POLYLINE
8
Flux traps
70
1
40
0
41
0
66
1
0
VERTEX
8
Flux traps
10
915
20
1665
0
VERTEX
8
Flux traps
10
915
20
1685
0
VERTEX
8
Flux traps
10
935
20
1685
0
VERTEX
8
Flux traps
10
935
20
1665
0
SEQEND
0
POLYLINE
8
Flux traps
70
1
40
0
41
0
66
1
0
VERTEX
8
Flux traps
10
915
20
1715
0
VERTEX
8
Flux traps
10
915
20
1735
0
VERTEX
8
Flux traps
10
935
20
1735
0
VERTEX
8
Flux traps
10
935
20
1715
0
SEQEND
0
POLYLINE
8
Flux traps
70
1
40
0
41
0
66
1
0
VERTEX
8
Flux traps
10
565
20
1615
0
VERTEX
8
Flux traps
10
565
20
1635
0
VERTEX
8
Flux traps
10
585
20
1635
0
VERTEX
8
Flux traps
10
585
20
1615
0
SEQEND
0
POLYLINE
8
Flux traps
70
1
40
0
41
0
66
1
0
VERTEX
8
Flux traps
10
865
20
1765
0
VERTEX
8
Flux traps
10
865
20
1785
0
VERTEX
8
Flux traps
10
885
20
1785
0
VERTEX
8
Flux traps
10
885
20
1765
0
SEQEND
0
POLYLINE
8
Flux traps
70
1
40
0
41
0
66
1
0
VERTEX
8
Flux traps
10
815
20
1765
0
VERTEX
8
Flux traps
10
815
20
1785
0
VERTEX
8
Flux traps
10
835
20
1785
0
VERTEX
8
Flux traps
10
835
20
1765
0
SEQEND
0
POLYLINE
8
Flux traps
70
1
40
0
41
0
66
1
0
VERTEX
8
Flux traps
10
718.322
20
1715
0
VERTEX
8
Flux traps
10
715
20
1718.322
0
VERTEX
8
Flux traps
10
715
20
1735
0
VERTEX
8
Flux traps
10
735
20
1735
0
VERTEX
8
Flux traps
10
735
20
1715
0
SEQEND
0
POLYLINE
8
Flux traps
70
1
40
0
41
0
66
1
0
VERTEX
8
Flux traps
10
965
20
1765
0
VERTEX
8
Flux traps
10
965
20
1785
0
VERTEX
8
Flux traps
10
985
20
1785
0
VERTEX
8
Flux traps
10
985
20
1765
0
SEQEND
0
POLYLINE
8
Flux traps
70
1
40
0
41
0
66
1
0
VERTEX
8
Flux traps
10
865
20
1615
0
VERTEX
8
Flux traps
10
865
20
1635
0
VERTEX
8
Flux traps
10
885
20
1635
0
VERTEX
8
Flux traps
10
885
20
1615
0
SEQEND
0
POLYLINE
8
Flux traps
70
1
40
0
41
0
66
1
0
VERTEX
8
Flux traps
10
1015
20
1765
0
VERTEX
8
Flux traps
10
1015
20
1785
0
VERTEX
8
Flux traps
10
1035
20
1785
0
VERTEX
8
Flux traps
10
1035
20
1765
0
SEQEND
0
POLYLINE
8
Flux traps
70
1
40
0
41
0
66
1
0
VERTEX
8
Flux traps
10
965
20
1615
0
VERTEX
8
Flux traps
10
965
20
1635
0
VERTEX
8
Flux traps
10
985
20
1635
0
VERTEX
8
Flux traps
10
985
20
1615
0
SEQEND
0
POLYLINE
8
Flux traps
70
1
40
0
41
0
66
1
0
VERTEX
8
Flux traps
10
965
20
1665
0
VERTEX
8
Flux traps
10
965
20
1685
0
VERTEX
8
Flux traps
10
985
20
1685
0
VERTEX
8
Flux traps
10
985
20
1665
0
SEQEND
0
POLYLINE
8
Flux traps
70
1
40
0
41
0
66
1
0
VERTEX
8
Flux traps
10
965
20
1715
0
VERTEX
8
Flux traps
10
965
20
1735
0
VERTEX
8
Flux traps
10
985
20
1735
0
VERTEX
8
Flux traps
10
985
20
1715
0
SEQEND
0
POLYLINE
8
Flux traps
70
1
40
0
41
0
66
1
0
VERTEX
8
Flux traps
10
765
20
1615
0
VERTEX
8
Flux traps
10
765
20
1635
0
VERTEX
8
Flux traps
10
785
20
1635
0
VERTEX
8
Flux traps
10
785
20
1615
0
SEQEND
0
POLYLINE
8
Flux traps
70
1
40
0
41
0
66
1
0
VERTEX
8
Flux traps
10
765
20
1665
0
VERTEX
8
Flux traps
10
765
20
1685
0
VERTEX
8
Flux traps
10
785
20
1685
0
VERTEX
8
Flux traps
10
785
20
1665
0
SEQEND
0
POLYLINE
8
Flux traps
70
1
40
0
41
0
66
1
0
VERTEX
8
Flux traps
10
765
20
1715
0
VERTEX
8
Flux traps
10
765
20
1735
0
VERTEX
8
Flux traps
10
785
20
1735
0
VERTEX
8
Flux traps
10
785
20
1715
0
SEQEND
0
POLYLINE
8
Flux traps
70
1
40
0
41
0
66
1
0
VERTEX
8
Flux traps
10
915
20
1765
0
VERTEX
8
Flux traps
10
915
20
1785
0
VERTEX
8
Flux traps
10
935
20
1785
0
VERTEX
8
Flux traps
10
935
20
1765
0
SEQEND
0
POLYLINE
8
Flux traps
70
1
40
0
41
0
66
1
0
VERTEX
8
Flux traps
10
865
20
1665
0
VERTEX
8
Flux traps
10
865
20
1685
0
VERTEX
8
Flux traps
10
885
20
1685
0
VERTEX
8
Flux traps
10
885
20
1665
0
SEQEND
0
POLYLINE
8
Flux traps
70
1
40
0
41
0
66
1
0
VERTEX
8
Flux traps
10
1015
20
1615
0
VERTEX
8
Flux traps
10
1015
20
1635
0
VERTEX
8
Flux traps
10
1035
20
1635
0
VERTEX
8
Flux traps
10
1035
20
1615
0
SEQEND
0
POLYLINE
8
Flux traps
70
1
40
0
41
0
66
1
0
VERTEX
8
Flux traps
10
1015
20
1665
0
VERTEX
8
Flux traps
10
1015
20
1685
0
VERTEX
8
Flux traps
10
1035
20
1685
0
VERTEX
8
Flux traps
10
1035
20
1665
0
SEQEND
0
POLYLINE
8
Flux traps
70
1
40
0
41
0
66
1
0
VERTEX
8
Flux traps
10
1015
20
1715
0
VERTEX
8
Flux traps
10
1015
20
1735
0
VERTEX
8
Flux traps
10
1035
20
1735
0
VERTEX
8
Flux traps
10
1035
20
1715
0
SEQEND
0
POLYLINE
8
Flux traps
70
1
40
0
41
0
66
1
0
VERTEX
8
Flux traps
10
715
20
1765
0
VERTEX
8
Flux traps
10
715
20
1785
0
VERTEX
8
Flux traps
10
735
20
1785
0
VERTEX
8
Flux traps
10
735
20
1765
0
SEQEND
0
POLYLINE
8
Flux traps
70
1
40
0
41
0
66
1
0
VERTEX
8
Flux traps
10
665
20
1765
0
VERTEX
8
Flux traps
10
665
20
1785
0
VERTEX
8
Flux traps
10
685
20
1785
0
VERTEX
8
Flux traps
10
685
20
1765
0
SEQEND
0
POLYLINE
8
Flux traps
70
1
40
0
41
0
66
1
0
VERTEX
8
Flux traps
10
615
20
1765
0
VERTEX
8
Flux traps
10
615
20
1785
0
VERTEX
8
Flux traps
10
635
20
1785
0
VERTEX
8
Flux traps
10
635
20
1765
0
SEQEND
0
POLYLINE
8
Flux traps
70
1
40
0
41
0
66
1
0
VERTEX
8
Flux traps
10
565
20
1765
0
VERTEX
8
Flux traps
10
565
20
1785
0
VERTEX
8
Flux traps
10
585
20
1785
0
VERTEX
8
Flux traps
10
585
20
1765
0
SEQEND
0
POLYLINE
8
Flux traps
70
1
40
0
41
0
66
1
0
VERTEX
8
Flux traps
10
215
20
1315
0
VERTEX
8
Flux traps
10
215
20
1335
0
VERTEX
8
Flux traps
10
235
20
1335
0
VERTEX
8
Flux traps
10
235
20
1315
0
SEQEND
0
POLYLINE
8
Flux traps
70
1
40
0
41
0
66
1
0
VERTEX
8
Flux traps
10
265
20
1315
0
VERTEX
8
Flux traps
10
265
20
1335
0
VERTEX
8
Flux traps
10
285
20
1335
0
VERTEX
8
Flux traps
10
285
20
1315
0
SEQEND
0
POLYLINE
8
Flux traps
70
1
40
0
41
0
66
1
0
VERTEX
8
Flux traps
10
815
20
1315
0
VERTEX
8
Flux traps
10
815
20
1335
0
VERTEX
8
Flux traps
10
835
20
1335
0
VERTEX
8
Flux traps
10
835
20
1315
0
SEQEND
0
POLYLINE
8
Flux traps
70
1
40
0
41
0
66
1
0
VERTEX
8
Flux traps
10
15
20
1315
0
VERTEX
8
Flux traps
10
15
20
1335
0
VERTEX
8
Flux traps
10
35
20
1335
0
VERTEX
8
Flux traps
10
35
20
1315
0
SEQEND
0
POLYLINE
8
Flux traps
70
1
40
0
41
0
66
1
0
VERTEX
8
Flux traps
10
865
20
1315
0
VERTEX
8
Flux traps
10
865
20
1335
0
VERTEX
8
Flux traps
10
885
20
1335
0
VERTEX
8
Flux traps
10
885
20
1315
0
SEQEND
0
POLYLINE
8
Flux traps
70
1
40
0
41
0
66
1
0
VERTEX
8
Flux traps
10
465
20
1315
0
VERTEX
8
Flux traps
10
465
20
1335
0
VERTEX
8
Flux traps
10
485
20
1335
0
VERTEX
8
Flux traps
10
485
20
1315
0
SEQEND
0
POLYLINE
8
Flux traps
70
1
40
0
41
0
66
1
0
VERTEX
8
Flux traps
10
515
20
1115
0
VERTEX
8
Flux traps
10
515
20
1135
0
VERTEX
8
Flux traps
10
535
20
1135
0
VERTEX
8
Flux traps
10
535
20
1115
0
SEQEND
0
POLYLINE
8
Flux traps
70
1
40
0
41
0
66
1
0
VERTEX
8
Flux traps
10
915
20
1315
0
VERTEX
8
Flux traps
10
915
20
1335
0
VERTEX
8
Flux traps
10
935
20
1335
0
VERTEX
8
Flux traps
10
935
20
1315
0
SEQEND
0
POLYLINE
8
Flux traps
70
1
40
0
41
0
66
1
0
VERTEX
8
Flux traps
10
515
20
1515
0
VERTEX
8
Flux traps
10
515
20
1535
0
VERTEX
8
Flux traps
10
535
20
1535
0
VERTEX
8
Flux traps
10
535
20
1515
0
SEQEND
0
POLYLINE
8
Flux traps
70
1
40
0
41
0
66
1
0
VERTEX
8
Flux traps
10
515
20
1165
0
VERTEX
8
Flux traps
10
515
20
1185
0
VERTEX
8
Flux traps
10
535
20
1185
0
VERTEX
8
Flux traps
10
535
20
1165
0
SEQEND
0
POLYLINE
8
Flux traps
70
1
40
0
41
0
66
1
0
VERTEX
8
Flux traps
10
515
20
1215
0
VERTEX
8
Flux traps
10
515
20
1235
0
VERTEX
8
Flux traps
10
535
20
1235
0
VERTEX
8
Flux traps
10
535
20
1215
0
SEQEND
0
POLYLINE
8
Flux traps
70
1
40
0
41
0
66
1
0
VERTEX
8
Flux traps
10
515
20
1415
0
VERTEX
8
Flux traps
10
515
20
1435
0
VERTEX
8
Flux traps
10
535
20
1435
0
VERTEX
8
Flux traps
10
535
20
1415
0
SEQEND
0
POLYLINE
8
Flux traps
70
1
40
0
41
0
66
1
0
VERTEX
8
Flux traps
10
515
20
1465
0
VERTEX
8
Flux traps
10
515
20
1485
0
VERTEX
8
Flux traps
10
535
20
1485
0
VERTEX
8
Flux traps
10
535
20
1465
0
SEQEND
0
POLYLINE
8
Flux traps
70
1
40
0
41
0
66
1
0
VERTEX
8
Flux traps
10
965
20
1315
0
VERTEX
8
Flux traps
10
965
20
1335
0
VERTEX
8
Flux traps
10
985
20
1335
0
VERTEX
8
Flux traps
10
985
20
1315
0
SEQEND
0
POLYLINE
8
Flux traps
70
1
40
0
41
0
66
1
0
VERTEX
8
Flux traps
10
515
20
1265
0
VERTEX
8
Flux traps
10
515
20
1285
0
VERTEX
8
Flux traps
10
535
20
1285
0
VERTEX
8
Flux traps
10
535
20
1265
0
SEQEND
0
POLYLINE
8
Flux traps
70
1
40
0
41
0
66
1
0
VERTEX
8
Flux traps
10
515
20
1315
0
VERTEX
8
Flux traps
10
515
20
1335
0
VERTEX
8
Flux traps
10
535
20
1335
0
VERTEX
8
Flux traps
10
535
20
1315
0
SEQEND
0
POLYLINE
8
Flux traps
70
1
40
0
41
0
66
1
0
VERTEX
8
Flux traps
10
515
20
1365
0
VERTEX
8
Flux traps
10
515
20
1385
0
VERTEX
8
Flux traps
10
535
20
1385
0
VERTEX
8
Flux traps
10
535
20
1365
0
SEQEND
0
POLYLINE
8
Flux traps
70
1
40
0
41
0
66
1
0
VERTEX
8
Flux traps
10
1015
20
1315
0
VERTEX
8
Flux traps
10
1015
20
1335
0
VERTEX
8
Flux traps
10
1035
20
1335
0
VERTEX
8
Flux traps
10
1035
20
1315
0
SEQEND
0
POLYLINE
8
Flux traps
70
1
40
0
41
0
66
1
0
VERTEX
8
Flux traps
10
165
20
1315
0
VERTEX
8
Flux traps
10
165
20
1335
0
VERTEX
8
Flux traps
10
185
20
1335
0
VERTEX
8
Flux traps
10
185
20
1315
0
SEQEND
0
POLYLINE
8
Flux traps
70
1
40
0
41
0
66
1
0
VERTEX
8
Flux traps
10
565
20
1315
0
VERTEX
8
Flux traps
10
565
20
1335
0
VERTEX
8
Flux traps
10
585
20
1335
0
VERTEX
8
Flux traps
10
585
20
1315
0
SEQEND
0
POLYLINE
8
Flux traps
70
1
40
0
41
0
66
1
0
VERTEX
8
Flux traps
10
615
20
1315
0
VERTEX
8
Flux traps
10
615
20
1335
0
VERTEX
8
Flux traps
10
635
20
1335
0
VERTEX
8
Flux traps
10
635
20
1315
0
SEQEND
0
POLYLINE
8
Flux traps
70
1
40
0
41
0
66
1
0
VERTEX
8
Flux traps
10
315
20
1315
0
VERTEX
8
Flux traps
10
315
20
1335
0
VERTEX
8
Flux traps
10
335
20
1335
0
VERTEX
8
Flux traps
10
335
20
1315
0
SEQEND
0
POLYLINE
8
Flux traps
70
1
40
0
41
0
66
1
0
VERTEX
8
Flux traps
10
765
20
1315
0
VERTEX
8
Flux traps
10
765
20
1335
0
VERTEX
8
Flux traps
10
785
20
1335
0
VERTEX
8
Flux traps
10
785
20
1315
0
SEQEND
0
POLYLINE
8
Flux traps
70
1
40
0
41
0
66
1
0
VERTEX
8
Flux traps
10
565
20
1515
0
VERTEX
8
Flux traps
10
565
20
1535
0
VERTEX
8
Flux traps
10
585
20
1535
0
VERTEX
8
Flux traps
10
585
20
1515
0
SEQEND
0
POLYLINE
8
Flux traps
70
1
40
0
41
0
66
1
0
VERTEX
8
Flux traps
10
815
20
1415
0
VERTEX
8
Flux traps
10
815
20
1435
0
VERTEX
8
Flux traps
10
835
20
1435
0
VERTEX
8
Flux traps
10
835
20
1415
0
SEQEND
0
POLYLINE
8
Flux traps
70
1
40
0
41
0
66
1
0
VERTEX
8
Flux traps
10
915
20
1465
0
VERTEX
8
Flux traps
10
915
20
1485
0
VERTEX
8
Flux traps
10
935
20
1485
0
VERTEX
8
Flux traps
10
935
20
1465
0
SEQEND
0
POLYLINE
8
Flux traps
70
1
40
0
41
0
66
1
0
VERTEX
8
Flux traps
10
915
20
1515
0
VERTEX
8
Flux traps
10
915
20
1535
0
VERTEX
8
Flux traps
10
935
20
1535
0
VERTEX
8
Flux traps
10
935
20
1515
0
SEQEND
0
POLYLINE
8
Flux traps
70
1
40
0
41
0
66
1
0
VERTEX
8
Flux traps
10
815
20
1465
0
VERTEX
8
Flux traps
10
815
20
1485
0
VERTEX
8
Flux traps
10
835
20
1485
0
VERTEX
8
Flux traps
10
835
20
1465
0
SEQEND
0
POLYLINE
8
Flux traps
70
1
40
0
41
0
66
1
0
VERTEX
8
Flux traps
10
815
20
1515
0
VERTEX
8
Flux traps
10
815
20
1535
0
VERTEX
8
Flux traps
10
835
20
1535
0
VERTEX
8
Flux traps
10
835
20
1515
0
SEQEND
0
POLYLINE
8
Flux traps
70
1
40
0
41
0
66
1
0
VERTEX
8
Flux traps
10
765
20
1515
0
VERTEX
8
Flux traps
10
765
20
1535
0
VERTEX
8
Flux traps
10
785
20
1535
0
VERTEX
8
Flux traps
10
785
20
1515
0
SEQEND
0
POLYLINE
8
Flux traps
70
1
40
0
41
0
66
1
0
VERTEX
8
Flux traps
10
765
20
1365
0
VERTEX
8
Flux traps
10
765
20
1385
0
VERTEX
8
Flux traps
10
785
20
1385
0
VERTEX
8
Flux traps
10
785
20
1365
0
SEQEND
0
POLYLINE
8
Flux traps
70
1
40
0
41
0
66
1
0
VERTEX
8
Flux traps
10
565
20
1415
0
VERTEX
8
Flux traps
10
565
20
1435
0
VERTEX
8
Flux traps
10
585
20
1435
0
VERTEX
8
Flux traps
10
585
20
1415
0
SEQEND
0
POLYLINE
8
Flux traps
70
1
40
0
41
0
66
1
0
VERTEX
8
Flux traps
10
565
20
1465
0
VERTEX
8
Flux traps
10
565
20
1485
0
VERTEX
8
Flux traps
10
585
20
1485
0
VERTEX
8
Flux traps
10
585
20
1465
0
SEQEND
0
POLYLINE
8
Flux traps
70
1
40
0
41
0
66
1
0
VERTEX
8
Flux traps
10
865
20
1365
0
VERTEX
8
Flux traps
10
865
20
1385
0
VERTEX
8
Flux traps
10
885
20
1385
0
VERTEX
8
Flux traps
10
885
20
1365
0
SEQEND
0
POLYLINE
8
Flux traps
70
1
40
0
41
0
66
1
0
VERTEX
8
Flux traps
10
965
20
1365
0
VERTEX
8
Flux traps
10
965
20
1385
0
VERTEX
8
Flux traps
10
985
20
1385
0
VERTEX
8
Flux traps
10
985
20
1365
0
SEQEND
0
POLYLINE
8
Flux traps
70
1
40
0
41
0
66
1
0
VERTEX
8
Flux traps
10
965
20
1415
0
VERTEX
8
Flux traps
10
965
20
1435
0
VERTEX
8
Flux traps
10
985
20
1435
0
VERTEX
8
Flux traps
10
985
20
1415
0
SEQEND
0
POLYLINE
8
Flux traps
70
1
40
0
41
0
66
1
0
VERTEX
8
Flux traps
10
965
20
1465
0
VERTEX
8
Flux traps
10
965
20
1485
0
VERTEX
8
Flux traps
10
985
20
1485
0
VERTEX
8
Flux traps
10
985
20
1465
0
SEQEND
0
POLYLINE
8
Flux traps
70
1
40
0
41
0
66
1
0
VERTEX
8
Flux traps
10
965
20
1515
0
VERTEX
8
Flux traps
10
965
20
1535
0
VERTEX
8
Flux traps
10
985
20
1535
0
VERTEX
8
Flux traps
10
985
20
1515
0
SEQEND
0
POLYLINE
8
Flux traps
70
1
40
0
41
0
66
1
0
VERTEX
8
Flux traps
10
615
20
1415
0
VERTEX
8
Flux traps
10
615
20
1435
0
VERTEX
8
Flux traps
10
635
20
1435
0
VERTEX
8
Flux traps
10
635
20
1415
0
SEQEND
0
POLYLINE
8
Flux traps
70
1
40
0
41
0
66
1
0
VERTEX
8
Flux traps
10
615
20
1465
0
VERTEX
8
Flux traps
10
615
20
1485
0
VERTEX
8
Flux traps
10
635
20
1485
0
VERTEX
8
Flux traps
10
635
20
1465
0
SEQEND
0
POLYLINE
8
Flux traps
70
1
40
0
41
0
66
1
0
VERTEX
8
Flux traps
10
865
20
1415
0
VERTEX
8
Flux traps
10
865
20
1435
0
VERTEX
8
Flux traps
10
885
20
1435
0
VERTEX
8
Flux traps
10
885
20
1415
0
SEQEND
0
POLYLINE
8
Flux traps
70
1
40
0
41
0
66
1
0
VERTEX
8
Flux traps
10
865
20
1465
0
VERTEX
8
Flux traps
10
865
20
1485
0
VERTEX
8
Flux traps
10
885
20
1485
0
VERTEX
8
Flux traps
10
885
20
1465
0
SEQEND
0
POLYLINE
8
Flux traps
70
1
40
0
41
0
66
1
0
VERTEX
8
Flux traps
10
865
20
1515
0
VERTEX
8
Flux traps
10
865
20
1535
0
VERTEX
8
Flux traps
10
885
20
1535
0
VERTEX
8
Flux traps
10
885
20
1515
0
SEQEND
0
POLYLINE
8
Flux traps
70
1
40
0
41
0
66
1
0
VERTEX
8
Flux traps
10
765
20
1415
0
VERTEX
8
Flux traps
10
765
20
1435
0
VERTEX
8
Flux traps
10
785
20
1435
0
VERTEX
8
Flux traps
10
785
20
1415
0
SEQEND
0
POLYLINE
8
Flux traps
70
1
40
0
41
0
66
1
0
VERTEX
8
Flux traps
10
1015
20
1365
0
VERTEX
8
Flux traps
10
1015
20
1385
0
VERTEX
8
Flux traps
10
1035
20
1385
0
VERTEX
8
Flux traps
10
1035
20
1365
0
SEQEND
0
POLYLINE
8
Flux traps
70
1
40
0
41
0
66
1
0
VERTEX
8
Flux traps
10
1015
20
1415
0
VERTEX
8
Flux traps
10
1015
20
1435
0
VERTEX
8
Flux traps
10
1035
20
1435
0
VERTEX
8
Flux traps
10
1035
20
1415
0
SEQEND
0
POLYLINE
8
Flux traps
70
1
40
0
41
0
66
1
0
VERTEX
8
Flux traps
10
1015
20
1465
0
VERTEX
8
Flux traps
10
1015
20
1485
0
VERTEX
8
Flux traps
10
1035
20
1485
0
VERTEX
8
Flux traps
10
1035
20
1465
0
SEQEND
0
POLYLINE
8
Flux traps
70
1
40
0
41
0
66
1
0
VERTEX
8
Flux traps
10
1015
20
1515
0
VERTEX
8
Flux traps
10
1015
20
1535
0
VERTEX
8
Flux traps
10
1035
20
1535
0
VERTEX
8
Flux traps
10
1035
20
1515
0
SEQEND
0
POLYLINE
8
Flux traps
70
1
40
0
41
0
66
1
0
VERTEX
8
Flux traps
10
765
20
1465
0
VERTEX
8
Flux traps
10
765
20
1485
0
VERTEX
8
Flux traps
10
785
20
1485
0
VERTEX
8
Flux traps
10
785
20
1465
0
SEQEND
0
POLYLINE
8
Flux traps
70
1
40
0
41
0
66
1
0
VERTEX
8
Flux traps
10
815
20
1365
0
VERTEX
8
Flux traps
10
815
20
1385
0
VERTEX
8
Flux traps
10
835
20
1385
0
VERTEX
8
Flux traps
10
835
20
1365
0
SEQEND
0
POLYLINE
8
Flux traps
70
1
40
0
41
0
66
1
0
VERTEX
8
Flux traps
10
565
20
1365
0
VERTEX
8
Flux traps
10
565
20
1385
0
VERTEX
8
Flux traps
10
585
20
1385
0
VERTEX
8
Flux traps
10
585
20
1365
0
SEQEND
0
POLYLINE
8
Flux traps
70
1
40
0
41
0
66
1
0
VERTEX
8
Flux traps
10
915
20
1365
0
VERTEX
8
Flux traps
10
915
20
1385
0
VERTEX
8
Flux traps
10
935
20
1385
0
VERTEX
8
Flux traps
10
935
20
1365
0
SEQEND
0
POLYLINE
8
Flux traps
70
1
40
0
41
0
66
1
0
VERTEX
8
Flux traps
10
615
20
1365
0
VERTEX
8
Flux traps
10
615
20
1385
0
VERTEX
8
Flux traps
10
635
20
1385
0
VERTEX
8
Flux traps
10
635
20
1365
0
SEQEND
0
POLYLINE
8
Flux traps
70
1
40
0
41
0
66
1
0
VERTEX
8
Flux traps
10
915
20
1415
0
VERTEX
8
Flux traps
10
915
20
1435
0
VERTEX
8
Flux traps
10
935
20
1435
0
VERTEX
8
Flux traps
10
935
20
1415
0
SEQEND
0
POLYLINE
8
Flux traps
70
1
40
0
41
0
66
1
0
VERTEX
8
Flux traps
10
615
20
1515
0
VERTEX
8
Flux traps
10
615
20
1535
0
VERTEX
8
Flux traps
10
635
20
1535
0
VERTEX
8
Flux traps
10
635
20
1515
0
SEQEND
0
POLYLINE
8
Flux traps
70
1
40
0
41
0
66
1
0
VERTEX
8
Flux traps
10
265
20
1515
0
VERTEX
8
Flux traps
10
265
20
1535
0
VERTEX
8
Flux traps
10
285
20
1535
0
VERTEX
8
Flux traps
10
285
20
1515
0
SEQEND
0
POLYLINE
8
Flux traps
70
1
40
0
41
0
66
1
0
VERTEX
8
Flux traps
10
465
20
1365
0
VERTEX
8
Flux traps
10
465
20
1385
0
VERTEX
8
Flux traps
10
485
20
1385
0
VERTEX
8
Flux traps
10
485
20
1365
0
SEQEND
0
POLYLINE
8
Flux traps
70
1
40
0
41
0
66
1
0
VERTEX
8
Flux traps
10
215
20
1415
0
VERTEX
8
Flux traps
10
215
20
1435
0
VERTEX
8
Flux traps
10
235
20
1435
0
VERTEX
8
Flux traps
10
235
20
1415
0
SEQEND
0
POLYLINE
8
Flux traps
70
1
40
0
41
0
66
1
0
VERTEX
8
Flux traps
10
215
20
1465
0
VERTEX
8
Flux traps
10
215
20
1485
0
VERTEX
8
Flux traps
10
235
20
1485
0
VERTEX
8
Flux traps
10
235
20
1465
0
SEQEND
0
POLYLINE
8
Flux traps
70
1
40
0
41
0
66
1
0
VERTEX
8
Flux traps
10
465
20
1415
0
VERTEX
8
Flux traps
10
465
20
1435
0
VERTEX
8
Flux traps
10
485
20
1435
0
VERTEX
8
Flux traps
10
485
20
1415
0
SEQEND
0
POLYLINE
8
Flux traps
70
1
40
0
41
0
66
1
0
VERTEX
8
Flux traps
10
465
20
1465
0
VERTEX
8
Flux traps
10
465
20
1485
0
VERTEX
8
Flux traps
10
485
20
1485
0
VERTEX
8
Flux traps
10
485
20
1465
0
SEQEND
0
POLYLINE
8
Flux traps
70
1
40
0
41
0
66
1
0
VERTEX
8
Flux traps
10
215
20
1515
0
VERTEX
8
Flux traps
10
215
20
1535
0
VERTEX
8
Flux traps
10
235
20
1535
0
VERTEX
8
Flux traps
10
235
20
1515
0
SEQEND
0
POLYLINE
8
Flux traps
70
1
40
0
41
0
66
1
0
VERTEX
8
Flux traps
10
15
20
1365
0
VERTEX
8
Flux traps
10
15
20
1385
0
VERTEX
8
Flux traps
10
35
20
1385
0
VERTEX
8
Flux traps
10
35
20
1365
0
SEQEND
0
POLYLINE
8
Flux traps
70
1
40
0
41
0
66
1
0
VERTEX
8
Flux traps
10
165
20
1515
0
VERTEX
8
Flux traps
10
165
20
1535
0
VERTEX
8
Flux traps
10
185
20
1535
0
VERTEX
8
Flux traps
10
185
20
1515
0
SEQEND
0
POLYLINE
8
Flux traps
70
1
40
0
41
0
66
1
0
VERTEX
8
Flux traps
10
215
20
1365
0
VERTEX
8
Flux traps
10
215
20
1385
0
VERTEX
8
Flux traps
10
235
20
1385
0
VERTEX
8
Flux traps
10
235
20
1365
0
SEQEND
0
POLYLINE
8
Flux traps
70
1
40
0
41
0
66
1
0
VERTEX
8
Flux traps
10
165
20
1365
0
VERTEX
8
Flux traps
10
165
20
1385
0
VERTEX
8
Flux traps
10
185
20
1385
0
VERTEX
8
Flux traps
10
185
20
1365
0
SEQEND
0
POLYLINE
8
Flux traps
70
1
40
0
41
0
66
1
0
VERTEX
8
Flux traps
10
15
20
1415
0
VERTEX
8
Flux traps
10
15
20
1435
0
VERTEX
8
Flux traps
10
35
20
1435
0
VERTEX
8
Flux traps
10
35
20
1415
0
SEQEND
0
POLYLINE
8
Flux traps
70
1
40
0
41
0
66
1
0
VERTEX
8
Flux traps
10
165
20
1415
0
VERTEX
8
Flux traps
10
165
20
1435
0
VERTEX
8
Flux traps
10
185
20
1435
0
VERTEX
8
Flux traps
10
185
20
1415
0
SEQEND
0
POLYLINE
8
Flux traps
70
1
40
0
41
0
66
1
0
VERTEX
8
Flux traps
10
165
20
1465
0
VERTEX
8
Flux traps
10
165
20
1485
0
VERTEX
8
Flux traps
10
185
20
1485
0
VERTEX
8
Flux traps
10
185
20
1465
0
SEQEND
0
POLYLINE
8
Flux traps
70
1
40
0
41
0
66
1
0
VERTEX
8
Flux traps
10
15
20
1465
0
VERTEX
8
Flux traps
10
15
20
1485
0
VERTEX
8
Flux traps
10
35
20
1485
0
VERTEX
8
Flux traps
10
35
20
1465
0
SEQEND
0
POLYLINE
8
Flux traps
70
1
40
0
41
0
66
1
0
VERTEX
8
Flux traps
10
265
20
1365
0
VERTEX
8
Flux traps
10
265
20
1385
0
VERTEX
8
Flux traps
10
285
20
1385
0
VERTEX
8
Flux traps
10
285
20
1365
0
SEQEND
0
POLYLINE
8
Flux traps
70
1
40
0
41
0
66
1
0
VERTEX
8
Flux traps
10
265
20
1415
0
VERTEX
8
Flux traps
10
265
20
1435
0
VERTEX
8
Flux traps
10
285
20
1435
0
VERTEX
8
Flux traps
10
285
20
1415
0
SEQEND
0
POLYLINE
8
Flux traps
70
1
40
0
41
0
66
1
0
VERTEX
8
Flux traps
10
265
20
1465
0
VERTEX
8
Flux traps
10
265
20
1485
0
VERTEX
8
Flux traps
10
285
20
1485
0
VERTEX
8
Flux traps
10
285
20
1465
0
SEQEND
0
POLYLINE
8
Flux traps
70
1
40
0
41
0
66
1
0
VERTEX
8
Flux traps
10
315
20
1365
0
VERTEX
8
Flux traps
10
315
20
1385
0
VERTEX
8
Flux traps
10
335
20
1385
0
VERTEX
8
Flux traps
10
335
20
1365
0
SEQEND
0
POLYLINE
8
Flux traps
70
1
40
0
41
0
66
1
0
VERTEX
8
Flux traps
10
315
20
1415
0
VERTEX
8
Flux traps
10
315
20
1435
0
VERTEX
8
Flux traps
10
335
20
1435
0
VERTEX
8
Flux traps
10
335
20
1415
0
SEQEND
0
POLYLINE
8
Flux traps
70
1
40
0
41
0
66
1
0
VERTEX
8
Flux traps
10
315
20
1465
0
VERTEX
8
Flux traps
10
315
20
1485
0
VERTEX
8
Flux traps
10
335
20
1485
0
VERTEX
8
Flux traps
10
335
20
1465
0
SEQEND
0
POLYLINE
8
Flux traps
70
1
40
0
41
0
66
1
0
VERTEX
8
Flux traps
10
315
20
1515
0
VERTEX
8
Flux traps
10
315
20
1535
0
VERTEX
8
Flux traps
10
335
20
1535
0
VERTEX
8
Flux traps
10
335
20
1515
0
SEQEND
0
POLYLINE
8
Flux traps
70
1
40
0
41
0
66
1
0
VERTEX
8
Flux traps
10
15
20
1515
0
VERTEX
8
Flux traps
10
15
20
1535
0
VERTEX
8
Flux traps
10
35
20
1535
0
VERTEX
8
Flux traps
10
35
20
1515
0
SEQEND
0
POLYLINE
8
Flux traps
70
1
40
0
41
0
66
1
0
VERTEX
8
Flux traps
10
465
20
1515
0
VERTEX
8
Flux traps
10
465
20
1535
0
VERTEX
8
Flux traps
10
485
20
1535
0
VERTEX
8
Flux traps
10
485
20
1515
0
SEQEND
0
POLYLINE
8
Flux traps
70
1
40
0
41
0
66
1
0
VERTEX
8
Flux traps
10
165
20
1215
0
VERTEX
8
Flux traps
10
165
20
1235
0
VERTEX
8
Flux traps
10
185
20
1235
0
VERTEX
8
Flux traps
10
185
20
1215
0
SEQEND
0
POLYLINE
8
Flux traps
70
1
40
0
41
0
66
1
0
VERTEX
8
Flux traps
10
165
20
1265
0
VERTEX
8
Flux traps
10
165
20
1285
0
VERTEX
8
Flux traps
10
185
20
1285
0
VERTEX
8
Flux traps
10
185
20
1265
0
SEQEND
0
POLYLINE
8
Flux traps
70
1
40
0
41
0
66
1
0
VERTEX
8
Flux traps
10
265
20
1165
0
VERTEX
8
Flux traps
10
265
20
1185
0
VERTEX
8
Flux traps
10
285
20
1185
0
VERTEX
8
Flux traps
10
285
20
1165
0
SEQEND
0
POLYLINE
8
Flux traps
70
1
40
0
41
0
66
1
0
VERTEX
8
Flux traps
10
265
20
1215
0
VERTEX
8
Flux traps
10
265
20
1235
0
VERTEX
8
Flux traps
10
285
20
1235
0
VERTEX
8
Flux traps
10
285
20
1215
0
SEQEND
0
POLYLINE
8
Flux traps
70
1
40
0
41
0
66
1
0
VERTEX
8
Flux traps
10
265
20
1265
0
VERTEX
8
Flux traps
10
265
20
1285
0
VERTEX
8
Flux traps
10
285
20
1285
0
VERTEX
8
Flux traps
10
285
20
1265
0
SEQEND
0
POLYLINE
8
Flux traps
70
1
40
0
41
0
66
1
0
VERTEX
8
Flux traps
10
15
20
1215
0
VERTEX
8
Flux traps
10
15
20
1235
0
VERTEX
8
Flux traps
10
35
20
1235
0
VERTEX
8
Flux traps
10
35
20
1215
0
SEQEND
0
POLYLINE
8
Flux traps
70
1
40
0
41
0
66
1
0
VERTEX
8
Flux traps
10
15
20
1165
0
VERTEX
8
Flux traps
10
15
20
1185
0
VERTEX
8
Flux traps
10
35
20
1185
0
VERTEX
8
Flux traps
10
35
20
1165
0
SEQEND
0
POLYLINE
8
Flux traps
70
1
40
0
41
0
66
1
0
VERTEX
8
Flux traps
10
215
20
1215
0
VERTEX
8
Flux traps
10
215
20
1235
0
VERTEX
8
Flux traps
10
235
20
1235
0
VERTEX
8
Flux traps
10
235
20
1215
0
SEQEND
0
POLYLINE
8
Flux traps
70
1
40
0
41
0
66
1
0
VERTEX
8
Flux traps
10
15
20
1265
0
VERTEX
8
Flux traps
10
15
20
1285
0
VERTEX
8
Flux traps
10
35
20
1285
0
VERTEX
8
Flux traps
10
35
20
1265
0
SEQEND
0
POLYLINE
8
Flux traps
70
1
40
0
41
0
66
1
0
VERTEX
8
Flux traps
10
315
20
1115
0
VERTEX
8
Flux traps
10
315
20
1135
0
VERTEX
8
Flux traps
10
335
20
1135
0
VERTEX
8
Flux traps
10
335
20
1115
0
SEQEND
0
POLYLINE
8
Flux traps
70
1
40
0
41
0
66
1
0
VERTEX
8
Flux traps
10
215
20
1115
0
VERTEX
8
Flux traps
10
215
20
1135
0
VERTEX
8
Flux traps
10
235
20
1135
0
VERTEX
8
Flux traps
10
235
20
1115
0
SEQEND
0
POLYLINE
8
Flux traps
70
1
40
0
41
0
66
1
0
VERTEX
8
Flux traps
10
215
20
1165
0
VERTEX
8
Flux traps
10
215
20
1185
0
VERTEX
8
Flux traps
10
235
20
1185
0
VERTEX
8
Flux traps
10
235
20
1165
0
SEQEND
0
POLYLINE
8
Flux traps
70
1
40
0
41
0
66
1
0
VERTEX
8
Flux traps
10
265
20
1115
0
VERTEX
8
Flux traps
10
265
20
1135
0
VERTEX
8
Flux traps
10
285
20
1135
0
VERTEX
8
Flux traps
10
285
20
1115
0
SEQEND
0
POLYLINE
8
Flux traps
70
1
40
0
41
0
66
1
0
VERTEX
8
Flux traps
10
315
20
1165
0
VERTEX
8
Flux traps
10
315
20
1185
0
VERTEX
8
Flux traps
10
335
20
1185
0
VERTEX
8
Flux traps
10
335
20
1165
0
SEQEND
0
POLYLINE
8
Flux traps
70
1
40
0
41
0
66
1
0
VERTEX
8
Flux traps
10
315
20
1215
0
VERTEX
8
Flux traps
10
315
20
1235
0
VERTEX
8
Flux traps
10
335
20
1235
0
VERTEX
8
Flux traps
10
335
20
1215
0
SEQEND
0
POLYLINE
8
Flux traps
70
1
40
0
41
0
66
1
0
VERTEX
8
Flux traps
10
315
20
1265
0
VERTEX
8
Flux traps
10
315
20
1285
0
VERTEX
8
Flux traps
10
335
20
1285
0
VERTEX
8
Flux traps
10
335
20
1265
0
SEQEND
0
POLYLINE
8
Flux traps
70
1
40
0
41
0
66
1
0
VERTEX
8
Flux traps
10
465
20
1265
0
VERTEX
8
Flux traps
10
465
20
1285
0
VERTEX
8
Flux traps
10
485
20
1285
0
VERTEX
8
Flux traps
10
485
20
1265
0
SEQEND
0
POLYLINE
8
Flux traps
70
1
40
0
41
0
66
1
0
VERTEX
8
Flux traps
10
465
20
1115
0
VERTEX
8
Flux traps
10
465
20
1135
0
VERTEX
8
Flux traps
10
485
20
1135
0
VERTEX
8
Flux traps
10
485
20
1115
0
SEQEND
0
POLYLINE
8
Flux traps
70
1
40
0
41
0
66
1
0
VERTEX
8
Flux traps
10
465
20
1165
0
VERTEX
8
Flux traps
10
465
20
1185
0
VERTEX
8
Flux traps
10
485
20
1185
0
VERTEX
8
Flux traps
10
485
20
1165
0
SEQEND
0
POLYLINE
8
Flux traps
70
1
40
0
41
0
66
1
0
VERTEX
8
Flux traps
10
465
20
1215
0
VERTEX
8
Flux traps
10
465
20
1235
0
VERTEX
8
Flux traps
10
485
20
1235
0
VERTEX
8
Flux traps
10
485
20
1215
0
SEQEND
0
POLYLINE
8
Flux traps
70
1
40
0
41
0
66
1
0
VERTEX
8
Flux traps
10
15
20
1115
0
VERTEX
8
Flux traps
10
15
20
1135
0
VERTEX
8
Flux traps
10
35
20
1135
0
VERTEX
8
Flux traps
10
35
20
1115
0
SEQEND
0
POLYLINE
8
Flux traps
70
1
40
0
41
0
66
1
0
VERTEX
8
Flux traps
10
215
20
1265
0
VERTEX
8
Flux traps
10
215
20
1285
0
VERTEX
8
Flux traps
10
235
20
1285
0
VERTEX
8
Flux traps
10
235
20
1265
0
SEQEND
0
POLYLINE
8
Flux traps
70
1
40
0
41
0
66
1
0
VERTEX
8
Flux traps
10
165
20
1115
0
VERTEX
8
Flux traps
10
165
20
1135
0
VERTEX
8
Flux traps
10
185
20
1135
0
VERTEX
8
Flux traps
10
185
20
1115
0
SEQEND
0
POLYLINE
8
Flux traps
70
1
40
0
41
0
66
1
0
VERTEX
8
Flux traps
10
165
20
1165
0
VERTEX
8
Flux traps
10
165
20
1185
0
VERTEX
8
Flux traps
10
185
20
1185
0
VERTEX
8
Flux traps
10
185
20
1165
0
SEQEND
0
POLYLINE
8
Flux traps
70
1
40
0
41
0
66
1
0
VERTEX
8
Flux traps
10
865
20
1265
0
VERTEX
8
Flux traps
10
865
20
1285
0
VERTEX
8
Flux traps
10
885
20
1285
0
VERTEX
8
Flux traps
10
885
20
1265
0
SEQEND
0
POLYLINE
8
Flux traps
70
1
40
0
41
0
66
1
0
VERTEX
8
Flux traps
10
565
20
1115
0
VERTEX
8
Flux traps
10
565
20
1135
0
VERTEX
8
Flux traps
10
585
20
1135
0
VERTEX
8
Flux traps
10
585
20
1115
0
SEQEND
0
POLYLINE
8
Flux traps
70
1
40
0
41
0
66
1
0
VERTEX
8
Flux traps
10
565
20
1165
0
VERTEX
8
Flux traps
10
565
20
1185
0
VERTEX
8
Flux traps
10
585
20
1185
0
VERTEX
8
Flux traps
10
585
20
1165
0
SEQEND
0
POLYLINE
8
Flux traps
70
1
40
0
41
0
66
1
0
VERTEX
8
Flux traps
10
565
20
1215
0
VERTEX
8
Flux traps
10
565
20
1235
0
VERTEX
8
Flux traps
10
585
20
1235
0
VERTEX
8
Flux traps
10
585
20
1215
0
SEQEND
0
POLYLINE
8
Flux traps
70
1
40
0
41
0
66
1
0
VERTEX
8
Flux traps
10
565
20
1265
0
VERTEX
8
Flux traps
10
565
20
1285
0
VERTEX
8
Flux traps
10
585
20
1285
0
VERTEX
8
Flux traps
10
585
20
1265
0
SEQEND
0
POLYLINE
8
Flux traps
70
1
40
0
41
0
66
1
0
VERTEX
8
Flux traps
10
815
20
1215
0
VERTEX
8
Flux traps
10
815
20
1235
0
VERTEX
8
Flux traps
10
835
20
1235
0
VERTEX
8
Flux traps
10
835
20
1215
0
SEQEND
0
POLYLINE
8
Flux traps
70
1
40
0
41
0
66
1
0
VERTEX
8
Flux traps
10
815
20
1265
0
VERTEX
8
Flux traps
10
815
20
1285
0
VERTEX
8
Flux traps
10
835
20
1285
0
VERTEX
8
Flux traps
10
835
20
1265
0
SEQEND
0
POLYLINE
8
Flux traps
70
1
40
0
41
0
66
1
0
VERTEX
8
Flux traps
10
965
20
1115
0
VERTEX
8
Flux traps
10
965
20
1135
0
VERTEX
8
Flux traps
10
985
20
1135
0
VERTEX
8
Flux traps
10
985
20
1115
0
SEQEND
0
POLYLINE
8
Flux traps
70
1
40
0
41
0
66
1
0
VERTEX
8
Flux traps
10
1015
20
1115
0
VERTEX
8
Flux traps
10
1015
20
1135
0
VERTEX
8
Flux traps
10
1035
20
1135
0
VERTEX
8
Flux traps
10
1035
20
1115
0
SEQEND
0
POLYLINE
8
Flux traps
70
1
40
0
41
0
66
1
0
VERTEX
8
Flux traps
10
1015
20
1165
0
VERTEX
8
Flux traps
10
1015
20
1185
0
VERTEX
8
Flux traps
10
1035
20
1185
0
VERTEX
8
Flux traps
10
1035
20
1165
0
SEQEND
0
POLYLINE
8
Flux traps
70
1
40
0
41
0
66
1
0
VERTEX
8
Flux traps
10
1015
20
1215
0
VERTEX
8
Flux traps
10
1015
20
1235
0
VERTEX
8
Flux traps
10
1035
20
1235
0
VERTEX
8
Flux traps
10
1035
20
1215
0
SEQEND
0
POLYLINE
8
Flux traps
70
1
40
0
41
0
66
1
0
VERTEX
8
Flux traps
10
615
20
1115
0
VERTEX
8
Flux traps
10
615
20
1135
0
VERTEX
8
Flux traps
10
635
20
1135
0
VERTEX
8
Flux traps
10
635
20
1115
0
SEQEND
0
POLYLINE
8
Flux traps
70
1
40
0
41
0
66
1
0
VERTEX
8
Flux traps
10
615
20
1165
0
VERTEX
8
Flux traps
10
615
20
1185
0
VERTEX
8
Flux traps
10
635
20
1185
0
VERTEX
8
Flux traps
10
635
20
1165
0
SEQEND
0
POLYLINE
8
Flux traps
70
1
40
0
41
0
66
1
0
VERTEX
8
Flux traps
10
615
20
1215
0
VERTEX
8
Flux traps
10
615
20
1235
0
VERTEX
8
Flux traps
10
635
20
1235
0
VERTEX
8
Flux traps
10
635
20
1215
0
SEQEND
0
POLYLINE
8
Flux traps
70
1
40
0
41
0
66
1
0
VERTEX
8
Flux traps
10
615
20
1265
0
VERTEX
8
Flux traps
10
615
20
1285
0
VERTEX
8
Flux traps
10
635
20
1285
0
VERTEX
8
Flux traps
10
635
20
1265
0
SEQEND
0
POLYLINE
8
Flux traps
70
1
40
0
41
0
66
1
0
VERTEX
8
Flux traps
10
1015
20
1265
0
VERTEX
8
Flux traps
10
1015
20
1285
0
VERTEX
8
Flux traps
10
1035
20
1285
0
VERTEX
8
Flux traps
10
1035
20
1265
0
SEQEND
0
POLYLINE
8
Flux traps
70
1
40
0
41
0
66
1
0
VERTEX
8
Flux traps
10
965
20
1165
0
VERTEX
8
Flux traps
10
965
20
1185
0
VERTEX
8
Flux traps
10
985
20
1185
0
VERTEX
8
Flux traps
10
985
20
1165
0
SEQEND
0
POLYLINE
8
Flux traps
70
1
40
0
41
0
66
1
0
VERTEX
8
Flux traps
10
965
20
1215
0
VERTEX
8
Flux traps
10
965
20
1235
0
VERTEX
8
Flux traps
10
985
20
1235
0
VERTEX
8
Flux traps
10
985
20
1215
0
SEQEND
0
POLYLINE
8
Flux traps
70
1
40
0
41
0
66
1
0
VERTEX
8
Flux traps
10
965
20
1265
0
VERTEX
8
Flux traps
10
965
20
1285
0
VERTEX
8
Flux traps
10
985
20
1285
0
VERTEX
8
Flux traps
10
985
20
1265
0
SEQEND
0
POLYLINE
8
Flux traps
70
1
40
0
41
0
66
1
0
VERTEX
8
Flux traps
10
815
20
1115
0
VERTEX
8
Flux traps
10
815
20
1135
0
VERTEX
8
Flux traps
10
835
20
1135
0
VERTEX
8
Flux traps
10
835
20
1115
0
SEQEND
0
POLYLINE
8
Flux traps
70
1
40
0
41
0
66
1
0
VERTEX
8
Flux traps
10
815
20
1165
0
VERTEX
8
Flux traps
10
815
20
1185
0
VERTEX
8
Flux traps
10
835
20
1185
0
VERTEX
8
Flux traps
10
835
20
1165
0
SEQEND
0
POLYLINE
8
Flux traps
70
1
40
0
41
0
66
1
0
VERTEX
8
Flux traps
10
865
20
1115
0
VERTEX
8
Flux traps
10
865
20
1135
0
VERTEX
8
Flux traps
10
885
20
1135
0
VERTEX
8
Flux traps
10
885
20
1115
0
SEQEND
0
POLYLINE
8
Flux traps
70
1
40
0
41
0
66
1
0
VERTEX
8
Flux traps
10
915
20
1115
0
VERTEX
8
Flux traps
10
915
20
1135
0
VERTEX
8
Flux traps
10
935
20
1135
0
VERTEX
8
Flux traps
10
935
20
1115
0
SEQEND
0
POLYLINE
8
Flux traps
70
1
40
0
41
0
66
1
0
VERTEX
8
Flux traps
10
915
20
1165
0
VERTEX
8
Flux traps
10
915
20
1185
0
VERTEX
8
Flux traps
10
935
20
1185
0
VERTEX
8
Flux traps
10
935
20
1165
0
SEQEND
0
POLYLINE
8
Flux traps
70
1
40
0
41
0
66
1
0
VERTEX
8
Flux traps
10
915
20
1215
0
VERTEX
8
Flux traps
10
915
20
1235
0
VERTEX
8
Flux traps
10
935
20
1235
0
VERTEX
8
Flux traps
10
935
20
1215
0
SEQEND
0
POLYLINE
8
Flux traps
70
1
40
0
41
0
66
1
0
VERTEX
8
Flux traps
10
915
20
1265
0
VERTEX
8
Flux traps
10
915
20
1285
0
VERTEX
8
Flux traps
10
935
20
1285
0
VERTEX
8
Flux traps
10
935
20
1265
0
SEQEND
0
POLYLINE
8
Flux traps
70
1
40
0
41
0
66
1
0
VERTEX
8
Flux traps
10
865
20
1165
0
VERTEX
8
Flux traps
10
865
20
1185
0
VERTEX
8
Flux traps
10
885
20
1185
0
VERTEX
8
Flux traps
10
885
20
1165
0
SEQEND
0
POLYLINE
8
Flux traps
70
1
40
0
41
0
66
1
0
VERTEX
8
Flux traps
10
765
20
1115
0
VERTEX
8
Flux traps
10
765
20
1135
0
VERTEX
8
Flux traps
10
785
20
1135
0
VERTEX
8
Flux traps
10
785
20
1115
0
SEQEND
0
POLYLINE
8
Flux traps
70
1
40
0
41
0
66
1
0
VERTEX
8
Flux traps
10
765
20
1165
0
VERTEX
8
Flux traps
10
765
20
1185
0
VERTEX
8
Flux traps
10
785
20
1185
0
VERTEX
8
Flux traps
10
785
20
1165
0
SEQEND
0
POLYLINE
8
Flux traps
70
1
40
0
41
0
66
1
0
VERTEX
8
Flux traps
10
765
20
1215
0
VERTEX
8
Flux traps
10
765
20
1235
0
VERTEX
8
Flux traps
10
785
20
1235
0
VERTEX
8
Flux traps
10
785
20
1215
0
SEQEND
0
POLYLINE
8
Flux traps
70
1
40
0
41
0
66
1
0
VERTEX
8
Flux traps
10
765
20
1265
0
VERTEX
8
Flux traps
10
765
20
1285
0
VERTEX
8
Flux traps
10
785
20
1285
0
VERTEX
8
Flux traps
10
785
20
1265
0
SEQEND
0
POLYLINE
8
Flux traps
70
1
40
0
41
0
66
1
0
VERTEX
8
Flux traps
10
865
20
1215
0
VERTEX
8
Flux traps
10
865
20
1235
0
VERTEX
8
Flux traps
10
885
20
1235
0
VERTEX
8
Flux traps
10
885
20
1215
0
SEQEND
0
POLYLINE
8
Flux traps
70
1
40
0
41
0
66
1
0
VERTEX
8
Flux traps
10
1165
20
1315
0
VERTEX
8
Flux traps
10
1165
20
1335
0
VERTEX
8
Flux traps
10
1185
20
1335
0
VERTEX
8
Flux traps
10
1185
20
1315
0
SEQEND
0
POLYLINE
8
Flux traps
70
1
40
0
41
0
66
1
0
VERTEX
8
Flux traps
10
1215
20
1315
0
VERTEX
8
Flux traps
10
1215
20
1335
0
VERTEX
8
Flux traps
10
1235
20
1335
0
VERTEX
8
Flux traps
10
1235
20
1315
0
SEQEND
0
POLYLINE
8
Flux traps
70
1
40
0
41
0
66
1
0
VERTEX
8
Flux traps
10
1365
20
1315
0
VERTEX
8
Flux traps
10
1365
20
1335
0
VERTEX
8
Flux traps
10
1385
20
1335
0
VERTEX
8
Flux traps
10
1385
20
1315
0
SEQEND
0
POLYLINE
8
Flux traps
70
1
40
0
41
0
66
1
0
VERTEX
8
Flux traps
10
1415
20
1315
0
VERTEX
8
Flux traps
10
1415
20
1335
0
VERTEX
8
Flux traps
10
1435
20
1335
0
VERTEX
8
Flux traps
10
1435
20
1315
0
SEQEND
0
POLYLINE
8
Flux traps
70
1
40
0
41
0
66
1
0
VERTEX
8
Flux traps
10
1465
20
1315
0
VERTEX
8
Flux traps
10
1465
20
1335
0
VERTEX
8
Flux traps
10
1485
20
1335
0
VERTEX
8
Flux traps
10
1485
20
1315
0
SEQEND
0
POLYLINE
8
Flux traps
70
1
40
0
41
0
66
1
0
VERTEX
8
Flux traps
10
1515
20
1315
0
VERTEX
8
Flux traps
10
1515
20
1335
0
VERTEX
8
Flux traps
10
1535
20
1335
0
VERTEX
8
Flux traps
10
1535
20
1315
0
SEQEND
0
POLYLINE
8
Flux traps
70
1
40
0
41
0
66
1
0
VERTEX
8
Flux traps
10
1665
20
1315
0
VERTEX
8
Flux traps
10
1665
20
1335
0
VERTEX
8
Flux traps
10
1685
20
1335
0
VERTEX
8
Flux traps
10
1685
20
1315
0
SEQEND
0
POLYLINE
8
Flux traps
70
1
40
0
41
0
66
1
0
VERTEX
8
Flux traps
10
1715
20
1315
0
VERTEX
8
Flux traps
10
1715
20
1335
0
VERTEX
8
Flux traps
10
1735
20
1335
0
VERTEX
8
Flux traps
10
1735
20
1315
0
SEQEND
0
POLYLINE
8
Flux traps
70
1
40
0
41
0
66
1
0
VERTEX
8
Flux traps
10
1765
20
1315
0
VERTEX
8
Flux traps
10
1765
20
1335
0
VERTEX
8
Flux traps
10
1785
20
1335
0
VERTEX
8
Flux traps
10
1785
20
1315
0
SEQEND
0
POLYLINE
8
Flux traps
70
1
40
0
41
0
66
1
0
VERTEX
8
Flux traps
10
1815
20
1315
0
VERTEX
8
Flux traps
10
1815
20
1335
0
VERTEX
8
Flux traps
10
1835
20
1335
0
VERTEX
8
Flux traps
10
1835
20
1315
0
SEQEND
0
POLYLINE
8
Flux traps
70
1
40
0
41
0
66
1
0
VERTEX
8
Flux traps
10
1965
20
1315
0
VERTEX
8
Flux traps
10
1965
20
1335
0
VERTEX
8
Flux traps
10
1985
20
1335
0
VERTEX
8
Flux traps
10
1985
20
1315
0
SEQEND
0
POLYLINE
8
Flux traps
70
1
40
0
41
0
66
1
0
VERTEX
8
Flux traps
10
2015
20
1315
0
VERTEX
8
Flux traps
10
2015
20
1335
0
VERTEX
8
Flux traps
10
2035
20
1335
0
VERTEX
8
Flux traps
10
2035
20
1315
0
SEQEND
0
POLYLINE
8
Flux traps
70
1
40
0
41
0
66
1
0
VERTEX
8
Flux traps
10
2065
20
1315
0
VERTEX
8
Flux traps
10
2065
20
1335
0
VERTEX
8
Flux traps
10
2085
20
1335
0
VERTEX
8
Flux traps
10
2085
20
1315
0
SEQEND
0
POLYLINE
8
Flux traps
70
1
40
0
41
0
66
1
0
VERTEX
8
Flux traps
10
1565
20
1315
0
VERTEX
8
Flux traps
10
1565
20
1335
0
VERTEX
8
Flux traps
10
1585
20
1335
0
VERTEX
8
Flux traps
10
1585
20
1315
0
SEQEND
0
POLYLINE
8
Flux traps
70
1
40
0
41
0
66
1
0
VERTEX
8
Flux traps
10
1615
20
1315
0
VERTEX
8
Flux traps
10
1615
20
1335
0
VERTEX
8
Flux traps
10
1635
20
1335
0
VERTEX
8
Flux traps
10
1635
20
1315
0
SEQEND
0
POLYLINE
8
Flux traps
70
1
40
0
41
0
66
1
0
VERTEX
8
Flux traps
10
1265
20
1315
0
VERTEX
8
Flux traps
10
1265
20
1335
0
VERTEX
8
Flux traps
10
1285
20
1335
0
VERTEX
8
Flux traps
10
1285
20
1315
0
SEQEND
0
POLYLINE
8
Flux traps
70
1
40
0
41
0
66
1
0
VERTEX
8
Flux traps
10
1315
20
1315
0
VERTEX
8
Flux traps
10
1315
20
1335
0
VERTEX
8
Flux traps
10
1335
20
1335
0
VERTEX
8
Flux traps
10
1335
20
1315
0
SEQEND
0
POLYLINE
8
Flux traps
70
1
40
0
41
0
66
1
0
VERTEX
8
Flux traps
10
1065
20
1315
0
VERTEX
8
Flux traps
10
1065
20
1335
0
VERTEX
8
Flux traps
10
1085
20
1335
0
VERTEX
8
Flux traps
10
1085
20
1315
0
SEQEND
0
POLYLINE
8
Flux traps
70
1
40
0
41
0
66
1
0
VERTEX
8
Flux traps
10
1115
20
1315
0
VERTEX
8
Flux traps
10
1115
20
1335
0
VERTEX
8
Flux traps
10
1135
20
1335
0
VERTEX
8
Flux traps
10
1135
20
1315
0
SEQEND
0
POLYLINE
8
Flux traps
70
1
40
0
41
0
66
1
0
VERTEX
8
Flux traps
10
1865
20
1315
0
VERTEX
8
Flux traps
10
1865
20
1335
0
VERTEX
8
Flux traps
10
1885
20
1335
0
VERTEX
8
Flux traps
10
1885
20
1315
0
SEQEND
0
POLYLINE
8
Flux traps
70
1
40
0
41
0
66
1
0
VERTEX
8
Flux traps
10
1915
20
1315
0
VERTEX
8
Flux traps
10
1915
20
1335
0
VERTEX
8
Flux traps
10
1935
20
1335
0
VERTEX
8
Flux traps
10
1935
20
1315
0
SEQEND
0
POLYLINE
8
Flux traps
70
1
40
0
41
0
66
1
0
VERTEX
8
Flux traps
10
1615
20
1465
0
VERTEX
8
Flux traps
10
1615
20
1485
0
VERTEX
8
Flux traps
10
1635
20
1485
0
VERTEX
8
Flux traps
10
1635
20
1465
0
SEQEND
0
POLYLINE
8
Flux traps
70
1
40
0
41
0
66
1
0
VERTEX
8
Flux traps
10
1565
20
1515
0
VERTEX
8
Flux traps
10
1565
20
1535
0
VERTEX
8
Flux traps
10
1585
20
1535
0
VERTEX
8
Flux traps
10
1585
20
1515
0
SEQEND
0
POLYLINE
8
Flux traps
70
1
40
0
41
0
66
1
0
VERTEX
8
Flux traps
10
1615
20
1515
0
VERTEX
8
Flux traps
10
1615
20
1535
0
VERTEX
8
Flux traps
10
1635
20
1535
0
VERTEX
8
Flux traps
10
1635
20
1515
0
SEQEND
0
POLYLINE
8
Flux traps
70
1
40
0
41
0
66
1
0
VERTEX
8
Flux traps
10
1915
20
1515
0
VERTEX
8
Flux traps
10
1915
20
1535
0
VERTEX
8
Flux traps
10
1935
20
1535
0
VERTEX
8
Flux traps
10
1935
20
1515
0
SEQEND
0
POLYLINE
8
Flux traps
70
1
40
0
41
0
66
1
0
VERTEX
8
Flux traps
10
1565
20
1365
0
VERTEX
8
Flux traps
10
1565
20
1385
0
VERTEX
8
Flux traps
10
1585
20
1385
0
VERTEX
8
Flux traps
10
1585
20
1365
0
SEQEND
0
POLYLINE
8
Flux traps
70
1
40
0
41
0
66
1
0
VERTEX
8
Flux traps
10
1665
20
1365
0
VERTEX
8
Flux traps
10
1665
20
1385
0
VERTEX
8
Flux traps
10
1685
20
1385
0
VERTEX
8
Flux traps
10
1685
20
1365
0
SEQEND
0
POLYLINE
8
Flux traps
70
1
40
0
41
0
66
1
0
VERTEX
8
Flux traps
10
1715
20
1365
0
VERTEX
8
Flux traps
10
1715
20
1385
0
VERTEX
8
Flux traps
10
1735
20
1385
0
VERTEX
8
Flux traps
10
1735
20
1365
0
SEQEND
0
POLYLINE
8
Flux traps
70
1
40
0
41
0
66
1
0
VERTEX
8
Flux traps
10
1765
20
1365
0
VERTEX
8
Flux traps
10
1765
20
1385
0
VERTEX
8
Flux traps
10
1785
20
1385
0
VERTEX
8
Flux traps
10
1785
20
1365
0
SEQEND
0
POLYLINE
8
Flux traps
70
1
40
0
41
0
66
1
0
VERTEX
8
Flux traps
10
1815
20
1365
0
VERTEX
8
Flux traps
10
1815
20
1385
0
VERTEX
8
Flux traps
10
1835
20
1385
0
VERTEX
8
Flux traps
10
1835
20
1365
0
SEQEND
0
POLYLINE
8
Flux traps
70
1
40
0
41
0
66
1
0
VERTEX
8
Flux traps
10
1965
20
1365
0
VERTEX
8
Flux traps
10
1965
20
1385
0
VERTEX
8
Flux traps
10
1985
20
1385
0
VERTEX
8
Flux traps
10
1985
20
1365
0
SEQEND
0
POLYLINE
8
Flux traps
70
1
40
0
41
0
66
1
0
VERTEX
8
Flux traps
10
2015
20
1365
0
VERTEX
8
Flux traps
10
2015
20
1385
0
VERTEX
8
Flux traps
10
2035
20
1385
0
VERTEX
8
Flux traps
10
2035
20
1365
0
SEQEND
0
POLYLINE
8
Flux traps
70
1
40
0
41
0
66
1
0
VERTEX
8
Flux traps
10
2065
20
1365
0
VERTEX
8
Flux traps
10
2065
20
1385
0
VERTEX
8
Flux traps
10
2085
20
1385
0
VERTEX
8
Flux traps
10
2085
20
1365
0
SEQEND
0
POLYLINE
8
Flux traps
70
1
40
0
41
0
66
1
0
VERTEX
8
Flux traps
10
1665
20
1415
0
VERTEX
8
Flux traps
10
1665
20
1435
0
VERTEX
8
Flux traps
10
1685
20
1435
0
VERTEX
8
Flux traps
10
1685
20
1415
0
SEQEND
0
POLYLINE
8
Flux traps
70
1
40
0
41
0
66
1
0
VERTEX
8
Flux traps
10
1715
20
1415
0
VERTEX
8
Flux traps
10
1715
20
1435
0
VERTEX
8
Flux traps
10
1735
20
1435
0
VERTEX
8
Flux traps
10
1735
20
1415
0
SEQEND
0
POLYLINE
8
Flux traps
70
1
40
0
41
0
66
1
0
VERTEX
8
Flux traps
10
1765
20
1415
0
VERTEX
8
Flux traps
10
1765
20
1435
0
VERTEX
8
Flux traps
10
1785
20
1435
0
VERTEX
8
Flux traps
10
1785
20
1415
0
SEQEND
0
POLYLINE
8
Flux traps
70
1
40
0
41
0
66
1
0
VERTEX
8
Flux traps
10
1815
20
1415
0
VERTEX
8
Flux traps
10
1815
20
1435
0
VERTEX
8
Flux traps
10
1835
20
1435
0
VERTEX
8
Flux traps
10
1835
20
1415
0
SEQEND
0
POLYLINE
8
Flux traps
70
1
40
0
41
0
66
1
0
VERTEX
8
Flux traps
10
1965
20
1415
0
VERTEX
8
Flux traps
10
1965
20
1435
0
VERTEX
8
Flux traps
10
1985
20
1435
0
VERTEX
8
Flux traps
10
1985
20
1415
0
SEQEND
0
POLYLINE
8
Flux traps
70
1
40
0
41
0
66
1
0
VERTEX
8
Flux traps
10
2015
20
1415
0
VERTEX
8
Flux traps
10
2015
20
1435
0
VERTEX
8
Flux traps
10
2035
20
1435
0
VERTEX
8
Flux traps
10
2035
20
1415
0
SEQEND
0
POLYLINE
8
Flux traps
70
1
40
0
41
0
66
1
0
VERTEX
8
Flux traps
10
2065
20
1415
0
VERTEX
8
Flux traps
10
2065
20
1435
0
VERTEX
8
Flux traps
10
2085
20
1435
0
VERTEX
8
Flux traps
10
2085
20
1415
0
SEQEND
0
POLYLINE
8
Flux traps
70
1
40
0
41
0
66
1
0
VERTEX
8
Flux traps
10
1665
20
1465
0
VERTEX
8
Flux traps
10
1665
20
1485
0
VERTEX
8
Flux traps
10
1685
20
1485
0
VERTEX
8
Flux traps
10
1685
20
1465
0
SEQEND
0
POLYLINE
8
Flux traps
70
1
40
0
41
0
66
1
0
VERTEX
8
Flux traps
10
1715
20
1465
0
VERTEX
8
Flux traps
10
1715
20
1485
0
VERTEX
8
Flux traps
10
1735
20
1485
0
VERTEX
8
Flux traps
10
1735
20
1465
0
SEQEND
0
POLYLINE
8
Flux traps
70
1
40
0
41
0
66
1
0
VERTEX
8
Flux traps
10
1765
20
1465
0
VERTEX
8
Flux traps
10
1765
20
1485
0
VERTEX
8
Flux traps
10
1785
20
1485
0
VERTEX
8
Flux traps
10
1785
20
1465
0
SEQEND
0
POLYLINE
8
Flux traps
70
1
40
0
41
0
66
1
0
VERTEX
8
Flux traps
10
1815
20
1465
0
VERTEX
8
Flux traps
10
1815
20
1485
0
VERTEX
8
Flux traps
10
1835
20
1485
0
VERTEX
8
Flux traps
10
1835
20
1465
0
SEQEND
0
POLYLINE
8
Flux traps
70
1
40
0
41
0
66
1
0
VERTEX
8
Flux traps
10
1965
20
1465
0
VERTEX
8
Flux traps
10
1965
20
1485
0
VERTEX
8
Flux traps
10
1985
20
1485
0
VERTEX
8
Flux traps
10
1985
20
1465
0
SEQEND
0
POLYLINE
8
Flux traps
70
1
40
0
41
0
66
1
0
VERTEX
8
Flux traps
10
2015
20
1465
0
VERTEX
8
Flux traps
10
2015
20
1485
0
VERTEX
8
Flux traps
10
2035
20
1485
0
VERTEX
8
Flux traps
10
2035
20
1465
0
SEQEND
0
POLYLINE
8
Flux traps
70
1
40
0
41
0
66
1
0
VERTEX
8
Flux traps
10
2065
20
1465
0
VERTEX
8
Flux traps
10
2065
20
1485
0
VERTEX
8
Flux traps
10
2085
20
1485
0
VERTEX
8
Flux traps
10
2085
20
1465
0
SEQEND
0
POLYLINE
8
Flux traps
70
1
40
0
41
0
66
1
0
VERTEX
8
Flux traps
10
1665
20
1515
0
VERTEX
8
Flux traps
10
1665
20
1535
0
VERTEX
8
Flux traps
10
1685
20
1535
0
VERTEX
8
Flux traps
10
1685
20
1515
0
SEQEND
0
POLYLINE
8
Flux traps
70
1
40
0
41
0
66
1
0
VERTEX
8
Flux traps
10
1715
20
1515
0
VERTEX
8
Flux traps
10
1715
20
1535
0
VERTEX
8
Flux traps
10
1735
20
1535
0
VERTEX
8
Flux traps
10
1735
20
1515
0
SEQEND
0
POLYLINE
8
Flux traps
70
1
40
0
41
0
66
1
0
VERTEX
8
Flux traps
10
1765
20
1515
0
VERTEX
8
Flux traps
10
1765
20
1535
0
VERTEX
8
Flux traps
10
1785
20
1535
0
VERTEX
8
Flux traps
10
1785
20
1515
0
SEQEND
0
POLYLINE
8
Flux traps
70
1
40
0
41
0
66
1
0
VERTEX
8
Flux traps
10
1815
20
1515
0
VERTEX
8
Flux traps
10
1815
20
1535
0
VERTEX
8
Flux traps
10
1835
20
1535
0
VERTEX
8
Flux traps
10
1835
20
1515
0
SEQEND
0
POLYLINE
8
Flux traps
70
1
40
0
41
0
66
1
0
VERTEX
8
Flux traps
10
1965
20
1515
0
VERTEX
8
Flux traps
10
1965
20
1535
0
VERTEX
8
Flux traps
10
1985
20
1535
0
VERTEX
8
Flux traps
10
1985
20
1515
0
SEQEND
0
POLYLINE
8
Flux traps
70
1
40
0
41
0
66
1
0
VERTEX
8
Flux traps
10
2015
20
1515
0
VERTEX
8
Flux traps
10
2015
20
1535
0
VERTEX
8
Flux traps
10
2035
20
1535
0
VERTEX
8
Flux traps
10
2035
20
1515
0
SEQEND
0
POLYLINE
8
Flux traps
70
1
40
0
41
0
66
1
0
VERTEX
8
Flux traps
10
2065
20
1515
0
VERTEX
8
Flux traps
10
2065
20
1535
0
VERTEX
8
Flux traps
10
2085
20
1535
0
VERTEX
8
Flux traps
10
2085
20
1515
0
SEQEND
0
POLYLINE
8
Flux traps
70
1
40
0
41
0
66
1
0
VERTEX
8
Flux traps
10
1615
20
1365
0
VERTEX
8
Flux traps
10
1615
20
1385
0
VERTEX
8
Flux traps
10
1635
20
1385
0
VERTEX
8
Flux traps
10
1635
20
1365
0
SEQEND
0
POLYLINE
8
Flux traps
70
1
40
0
41
0
66
1
0
VERTEX
8
Flux traps
10
1565
20
1415
0
VERTEX
8
Flux traps
10
1565
20
1435
0
VERTEX
8
Flux traps
10
1585
20
1435
0
VERTEX
8
Flux traps
10
1585
20
1415
0
SEQEND
0
POLYLINE
8
Flux traps
70
1
40
0
41
0
66
1
0
VERTEX
8
Flux traps
10
1615
20
1415
0
VERTEX
8
Flux traps
10
1615
20
1435
0
VERTEX
8
Flux traps
10
1635
20
1435
0
VERTEX
8
Flux traps
10
1635
20
1415
0
SEQEND
0
POLYLINE
8
Flux traps
70
1
40
0
41
0
66
1
0
VERTEX
8
Flux traps
10
1565
20
1465
0
VERTEX
8
Flux traps
10
1565
20
1485
0
VERTEX
8
Flux traps
10
1585
20
1485
0
VERTEX
8
Flux traps
10
1585
20
1465
0
SEQEND
0
POLYLINE
8
Flux traps
70
1
40
0
41
0
66
1
0
VERTEX
8
Flux traps
10
1865
20
1365
0
VERTEX
8
Flux traps
10
1865
20
1385
0
VERTEX
8
Flux traps
10
1885
20
1385
0
VERTEX
8
Flux traps
10
1885
20
1365
0
SEQEND
0
POLYLINE
8
Flux traps
70
1
40
0
41
0
66
1
0
VERTEX
8
Flux traps
10
1915
20
1365
0
VERTEX
8
Flux traps
10
1915
20
1385
0
VERTEX
8
Flux traps
10
1935
20
1385
0
VERTEX
8
Flux traps
10
1935
20
1365
0
SEQEND
0
POLYLINE
8
Flux traps
70
1
40
0
41
0
66
1
0
VERTEX
8
Flux traps
10
1865
20
1415
0
VERTEX
8
Flux traps
10
1865
20
1435
0
VERTEX
8
Flux traps
10
1885
20
1435
0
VERTEX
8
Flux traps
10
1885
20
1415
0
SEQEND
0
POLYLINE
8
Flux traps
70
1
40
0
41
0
66
1
0
VERTEX
8
Flux traps
10
1915
20
1415
0
VERTEX
8
Flux traps
10
1915
20
1435
0
VERTEX
8
Flux traps
10
1935
20
1435
0
VERTEX
8
Flux traps
10
1935
20
1415
0
SEQEND
0
POLYLINE
8
Flux traps
70
1
40
0
41
0
66
1
0
VERTEX
8
Flux traps
10
1865
20
1465
0
VERTEX
8
Flux traps
10
1865
20
1485
0
VERTEX
8
Flux traps
10
1885
20
1485
0
VERTEX
8
Flux traps
10
1885
20
1465
0
SEQEND
0
POLYLINE
8
Flux traps
70
1
40
0
41
0
66
1
0
VERTEX
8
Flux traps
10
1915
20
1465
0
VERTEX
8
Flux traps
10
1915
20
1485
0
VERTEX
8
Flux traps
10
1935
20
1485
0
VERTEX
8
Flux traps
10
1935
20
1465
0
SEQEND
0
POLYLINE
8
Flux traps
70
1
40
0
41
0
66
1
0
VERTEX
8
Flux traps
10
1865
20
1515
0
VERTEX
8
Flux traps
10
1865
20
1535
0
VERTEX
8
Flux traps
10
1885
20
1535
0
VERTEX
8
Flux traps
10
1885
20
1515
0
SEQEND
0
POLYLINE
8
Flux traps
70
1
40
0
41
0
66
1
0
VERTEX
8
Flux traps
10
1365
20
1465
0
VERTEX
8
Flux traps
10
1365
20
1485
0
VERTEX
8
Flux traps
10
1385
20
1485
0
VERTEX
8
Flux traps
10
1385
20
1465
0
SEQEND
0
POLYLINE
8
Flux traps
70
1
40
0
41
0
66
1
0
VERTEX
8
Flux traps
10
1165
20
1465
0
VERTEX
8
Flux traps
10
1165
20
1485
0
VERTEX
8
Flux traps
10
1185
20
1485
0
VERTEX
8
Flux traps
10
1185
20
1465
0
SEQEND
0
POLYLINE
8
Flux traps
70
1
40
0
41
0
66
1
0
VERTEX
8
Flux traps
10
1215
20
1465
0
VERTEX
8
Flux traps
10
1215
20
1485
0
VERTEX
8
Flux traps
10
1235
20
1485
0
VERTEX
8
Flux traps
10
1235
20
1465
0
SEQEND
0
POLYLINE
8
Flux traps
70
1
40
0
41
0
66
1
0
VERTEX
8
Flux traps
10
1415
20
1465
0
VERTEX
8
Flux traps
10
1415
20
1485
0
VERTEX
8
Flux traps
10
1435
20
1485
0
VERTEX
8
Flux traps
10
1435
20
1465
0
SEQEND
0
POLYLINE
8
Flux traps
70
1
40
0
41
0
66
1
0
VERTEX
8
Flux traps
10
1465
20
1465
0
VERTEX
8
Flux traps
10
1465
20
1485
0
VERTEX
8
Flux traps
10
1485
20
1485
0
VERTEX
8
Flux traps
10
1485
20
1465
0
SEQEND
0
POLYLINE
8
Flux traps
70
1
40
0
41
0
66
1
0
VERTEX
8
Flux traps
10
1515
20
1465
0
VERTEX
8
Flux traps
10
1515
20
1485
0
VERTEX
8
Flux traps
10
1535
20
1485
0
VERTEX
8
Flux traps
10
1535
20
1465
0
SEQEND
0
POLYLINE
8
Flux traps
70
1
40
0
41
0
66
1
0
VERTEX
8
Flux traps
10
1365
20
1515
0
VERTEX
8
Flux traps
10
1365
20
1535
0
VERTEX
8
Flux traps
10
1385
20
1535
0
VERTEX
8
Flux traps
10
1385
20
1515
0
SEQEND
0
POLYLINE
8
Flux traps
70
1
40
0
41
0
66
1
0
VERTEX
8
Flux traps
10
1415
20
1515
0
VERTEX
8
Flux traps
10
1415
20
1535
0
VERTEX
8
Flux traps
10
1435
20
1535
0
VERTEX
8
Flux traps
10
1435
20
1515
0
SEQEND
0
POLYLINE
8
Flux traps
70
1
40
0
41
0
66
1
0
VERTEX
8
Flux traps
10
1465
20
1515
0
VERTEX
8
Flux traps
10
1465
20
1535
0
VERTEX
8
Flux traps
10
1485
20
1535
0
VERTEX
8
Flux traps
10
1485
20
1515
0
SEQEND
0
POLYLINE
8
Flux traps
70
1
40
0
41
0
66
1
0
VERTEX
8
Flux traps
10
1515
20
1515
0
VERTEX
8
Flux traps
10
1515
20
1535
0
VERTEX
8
Flux traps
10
1535
20
1535
0
VERTEX
8
Flux traps
10
1535
20
1515
0
SEQEND
0
POLYLINE
8
Flux traps
70
1
40
0
41
0
66
1
0
VERTEX
8
Flux traps
10
1165
20
1515
0
VERTEX
8
Flux traps
10
1165
20
1535
0
VERTEX
8
Flux traps
10
1185
20
1535
0
VERTEX
8
Flux traps
10
1185
20
1515
0
SEQEND
0
POLYLINE
8
Flux traps
70
1
40
0
41
0
66
1
0
VERTEX
8
Flux traps
10
1215
20
1515
0
VERTEX
8
Flux traps
10
1215
20
1535
0
VERTEX
8
Flux traps
10
1235
20
1535
0
VERTEX
8
Flux traps
10
1235
20
1515
0
SEQEND
0
POLYLINE
8
Flux traps
70
1
40
0
41
0
66
1
0
VERTEX
8
Flux traps
10
1515
20
1365
0
VERTEX
8
Flux traps
10
1515
20
1385
0
VERTEX
8
Flux traps
10
1535
20
1385
0
VERTEX
8
Flux traps
10
1535
20
1365
0
SEQEND
0
POLYLINE
8
Flux traps
70
1
40
0
41
0
66
1
0
VERTEX
8
Flux traps
10
1165
20
1365
0
VERTEX
8
Flux traps
10
1165
20
1385
0
VERTEX
8
Flux traps
10
1185
20
1385
0
VERTEX
8
Flux traps
10
1185
20
1365
0
SEQEND
0
POLYLINE
8
Flux traps
70
1
40
0
41
0
66
1
0
VERTEX
8
Flux traps
10
1415
20
1365
0
VERTEX
8
Flux traps
10
1415
20
1385
0
VERTEX
8
Flux traps
10
1435
20
1385
0
VERTEX
8
Flux traps
10
1435
20
1365
0
SEQEND
0
POLYLINE
8
Flux traps
70
1
40
0
41
0
66
1
0
VERTEX
8
Flux traps
10
1465
20
1365
0
VERTEX
8
Flux traps
10
1465
20
1385
0
VERTEX
8
Flux traps
10
1485
20
1385
0
VERTEX
8
Flux traps
10
1485
20
1365
0
SEQEND
0
POLYLINE
8
Flux traps
70
1
40
0
41
0
66
1
0
VERTEX
8
Flux traps
10
1215
20
1365
0
VERTEX
8
Flux traps
10
1215
20
1385
0
VERTEX
8
Flux traps
10
1235
20
1385
0
VERTEX
8
Flux traps
10
1235
20
1365
0
SEQEND
0
POLYLINE
8
Flux traps
70
1
40
0
41
0
66
1
0
VERTEX
8
Flux traps
10
1365
20
1365
0
VERTEX
8
Flux traps
10
1365
20
1385
0
VERTEX
8
Flux traps
10
1385
20
1385
0
VERTEX
8
Flux traps
10
1385
20
1365
0
SEQEND
0
POLYLINE
8
Flux traps
70
1
40
0
41
0
66
1
0
VERTEX
8
Flux traps
10
1265
20
1365
0
VERTEX
8
Flux traps
10
1265
20
1385
0
VERTEX
8
Flux traps
10
1285
20
1385
0
VERTEX
8
Flux traps
10
1285
20
1365
0
SEQEND
0
POLYLINE
8
Flux traps
70
1
40
0
41
0
66
1
0
VERTEX
8
Flux traps
10
1315
20
1365
0
VERTEX
8
Flux traps
10
1315
20
1385
0
VERTEX
8
Flux traps
10
1335
20
1385
0
VERTEX
8
Flux traps
10
1335
20
1365
0
SEQEND
0
POLYLINE
8
Flux traps
70
1
40
0
41
0
66
1
0
VERTEX
8
Flux traps
10
1065
20
1365
0
VERTEX
8
Flux traps
10
1065
20
1385
0
VERTEX
8
Flux traps
10
1085
20
1385
0
VERTEX
8
Flux traps
10
1085
20
1365
0
SEQEND
0
POLYLINE
8
Flux traps
70
1
40
0
41
0
66
1
0
VERTEX
8
Flux traps
10
1065
20
1415
0
VERTEX
8
Flux traps
10
1065
20
1435
0
VERTEX
8
Flux traps
10
1085
20
1435
0
VERTEX
8
Flux traps
10
1085
20
1415
0
SEQEND
0
POLYLINE
8
Flux traps
70
1
40
0
41
0
66
1
0
VERTEX
8
Flux traps
10
1065
20
1465
0
VERTEX
8
Flux traps
10
1065
20
1485
0
VERTEX
8
Flux traps
10
1085
20
1485
0
VERTEX
8
Flux traps
10
1085
20
1465
0
SEQEND
0
POLYLINE
8
Flux traps
70
1
40
0
41
0
66
1
0
VERTEX
8
Flux traps
10
1065
20
1515
0
VERTEX
8
Flux traps
10
1065
20
1535
0
VERTEX
8
Flux traps
10
1085
20
1535
0
VERTEX
8
Flux traps
10
1085
20
1515
0
SEQEND
0
POLYLINE
8
Flux traps
70
1
40
0
41
0
66
1
0
VERTEX
8
Flux traps
10
1365
20
1415
0
VERTEX
8
Flux traps
10
1365
20
1435
0
VERTEX
8
Flux traps
10
1385
20
1435
0
VERTEX
8
Flux traps
10
1385
20
1415
0
SEQEND
0
POLYLINE
8
Flux traps
70
1
40
0
41
0
66
1
0
VERTEX
8
Flux traps
10
1515
20
1415
0
VERTEX
8
Flux traps
10
1515
20
1435
0
VERTEX
8
Flux traps
10
1535
20
1435
0
VERTEX
8
Flux traps
10
1535
20
1415
0
SEQEND
0
POLYLINE
8
Flux traps
70
1
40
0
41
0
66
1
0
VERTEX
8
Flux traps
10
1165
20
1415
0
VERTEX
8
Flux traps
10
1165
20
1435
0
VERTEX
8
Flux traps
10
1185
20
1435
0
VERTEX
8
Flux traps
10
1185
20
1415
0
SEQEND
0
POLYLINE
8
Flux traps
70
1
40
0
41
0
66
1
0
VERTEX
8
Flux traps
10
1115
20
1365
0
VERTEX
8
Flux traps
10
1115
20
1385
0
VERTEX
8
Flux traps
10
1135
20
1385
0
VERTEX
8
Flux traps
10
1135
20
1365
0
SEQEND
0
POLYLINE
8
Flux traps
70
1
40
0
41
0
66
1
0
VERTEX
8
Flux traps
10
1115
20
1415
0
VERTEX
8
Flux traps
10
1115
20
1435
0
VERTEX
8
Flux traps
10
1135
20
1435
0
VERTEX
8
Flux traps
10
1135
20
1415
0
SEQEND
0
POLYLINE
8
Flux traps
70
1
40
0
41
0
66
1
0
VERTEX
8
Flux traps
10
1115
20
1465
0
VERTEX
8
Flux traps
10
1115
20
1485
0
VERTEX
8
Flux traps
10
1135
20
1485
0
VERTEX
8
Flux traps
10
1135
20
1465
0
SEQEND
0
POLYLINE
8
Flux traps
70
1
40
0
41
0
66
1
0
VERTEX
8
Flux traps
10
1115
20
1515
0
VERTEX
8
Flux traps
10
1115
20
1535
0
VERTEX
8
Flux traps
10
1135
20
1535
0
VERTEX
8
Flux traps
10
1135
20
1515
0
SEQEND
0
POLYLINE
8
Flux traps
70
1
40
0
41
0
66
1
0
VERTEX
8
Flux traps
10
1215
20
1415
0
VERTEX
8
Flux traps
10
1215
20
1435
0
VERTEX
8
Flux traps
10
1235
20
1435
0
VERTEX
8
Flux traps
10
1235
20
1415
0
SEQEND
0
POLYLINE
8
Flux traps
70
1
40
0
41
0
66
1
0
VERTEX
8
Flux traps
10
1415
20
1415
0
VERTEX
8
Flux traps
10
1415
20
1435
0
VERTEX
8
Flux traps
10
1435
20
1435
0
VERTEX
8
Flux traps
10
1435
20
1415
0
SEQEND
0
POLYLINE
8
Flux traps
70
1
40
0
41
0
66
1
0
VERTEX
8
Flux traps
10
1465
20
1415
0
VERTEX
8
Flux traps
10
1465
20
1435
0
VERTEX
8
Flux traps
10
1485
20
1435
0
VERTEX
8
Flux traps
10
1485
20
1415
0
SEQEND
0
POLYLINE
8
Flux traps
70
1
40
0
41
0
66
1
0
VERTEX
8
Flux traps
10
1265
20
1415
0
VERTEX
8
Flux traps
10
1265
20
1435
0
VERTEX
8
Flux traps
10
1285
20
1435
0
VERTEX
8
Flux traps
10
1285
20
1415
0
SEQEND
0
POLYLINE
8
Flux traps
70
1
40
0
41
0
66
1
0
VERTEX
8
Flux traps
10
1315
20
1415
0
VERTEX
8
Flux traps
10
1315
20
1435
0
VERTEX
8
Flux traps
10
1335
20
1435
0
VERTEX
8
Flux traps
10
1335
20
1415
0
SEQEND
0
POLYLINE
8
Flux traps
70
1
40
0
41
0
66
1
0
VERTEX
8
Flux traps
10
1265
20
1465
0
VERTEX
8
Flux traps
10
1265
20
1485
0
VERTEX
8
Flux traps
10
1285
20
1485
0
VERTEX
8
Flux traps
10
1285
20
1465
0
SEQEND
0
POLYLINE
8
Flux traps
70
1
40
0
41
0
66
1
0
VERTEX
8
Flux traps
10
1315
20
1465
0
VERTEX
8
Flux traps
10
1315
20
1485
0
VERTEX
8
Flux traps
10
1335
20
1485
0
VERTEX
8
Flux traps
10
1335
20
1465
0
SEQEND
0
POLYLINE
8
Flux traps
70
1
40
0
41
0
66
1
0
VERTEX
8
Flux traps
10
1265
20
1515
0
VERTEX
8
Flux traps
10
1265
20
1535
0
VERTEX
8
Flux traps
10
1285
20
1535
0
VERTEX
8
Flux traps
10
1285
20
1515
0
SEQEND
0
POLYLINE
8
Flux traps
70
1
40
0
41
0
66
1
0
VERTEX
8
Flux traps
10
1315
20
1515
0
VERTEX
8
Flux traps
10
1315
20
1535
0
VERTEX
8
Flux traps
10
1335
20
1535
0
VERTEX
8
Flux traps
10
1335
20
1515
0
SEQEND
0
POLYLINE
8
Flux traps
70
1
40
0
41
0
66
1
0
VERTEX
8
Flux traps
10
1215
20
1215
0
VERTEX
8
Flux traps
10
1215
20
1235
0
VERTEX
8
Flux traps
10
1235
20
1235
0
VERTEX
8
Flux traps
10
1235
20
1215
0
SEQEND
0
POLYLINE
8
Flux traps
70
1
40
0
41
0
66
1
0
VERTEX
8
Flux traps
10
1365
20
1215
0
VERTEX
8
Flux traps
10
1365
20
1235
0
VERTEX
8
Flux traps
10
1385
20
1235
0
VERTEX
8
Flux traps
10
1385
20
1215
0
SEQEND
0
POLYLINE
8
Flux traps
70
1
40
0
41
0
66
1
0
VERTEX
8
Flux traps
10
1415
20
1215
0
VERTEX
8
Flux traps
10
1415
20
1235
0
VERTEX
8
Flux traps
10
1435
20
1235
0
VERTEX
8
Flux traps
10
1435
20
1215
0
SEQEND
0
POLYLINE
8
Flux traps
70
1
40
0
41
0
66
1
0
VERTEX
8
Flux traps
10
1465
20
1215
0
VERTEX
8
Flux traps
10
1465
20
1235
0
VERTEX
8
Flux traps
10
1485
20
1235
0
VERTEX
8
Flux traps
10
1485
20
1215
0
SEQEND
0
POLYLINE
8
Flux traps
70
1
40
0
41
0
66
1
0
VERTEX
8
Flux traps
10
1515
20
1215
0
VERTEX
8
Flux traps
10
1515
20
1235
0
VERTEX
8
Flux traps
10
1535
20
1235
0
VERTEX
8
Flux traps
10
1535
20
1215
0
SEQEND
0
POLYLINE
8
Flux traps
70
1
40
0
41
0
66
1
0
VERTEX
8
Flux traps
10
1065
20
1115
0
VERTEX
8
Flux traps
10
1065
20
1135
0
VERTEX
8
Flux traps
10
1085
20
1135
0
VERTEX
8
Flux traps
10
1085
20
1115
0
SEQEND
0
POLYLINE
8
Flux traps
70
1
40
0
41
0
66
1
0
VERTEX
8
Flux traps
10
1065
20
1165
0
VERTEX
8
Flux traps
10
1065
20
1185
0
VERTEX
8
Flux traps
10
1085
20
1185
0
VERTEX
8
Flux traps
10
1085
20
1165
0
SEQEND
0
POLYLINE
8
Flux traps
70
1
40
0
41
0
66
1
0
VERTEX
8
Flux traps
10
1065
20
1215
0
VERTEX
8
Flux traps
10
1065
20
1235
0
VERTEX
8
Flux traps
10
1085
20
1235
0
VERTEX
8
Flux traps
10
1085
20
1215
0
SEQEND
0
POLYLINE
8
Flux traps
70
1
40
0
41
0
66
1
0
VERTEX
8
Flux traps
10
1065
20
1265
0
VERTEX
8
Flux traps
10
1065
20
1285
0
VERTEX
8
Flux traps
10
1085
20
1285
0
VERTEX
8
Flux traps
10
1085
20
1265
0
SEQEND
0
POLYLINE
8
Flux traps
70
1
40
0
41
0
66
1
0
VERTEX
8
Flux traps
10
1315
20
1265
0
VERTEX
8
Flux traps
10
1315
20
1285
0
VERTEX
8
Flux traps
10
1335
20
1285
0
VERTEX
8
Flux traps
10
1335
20
1265
0
SEQEND
0
POLYLINE
8
Flux traps
70
1
40
0
41
0
66
1
0
VERTEX
8
Flux traps
10
1265
20
1115
0
VERTEX
8
Flux traps
10
1265
20
1135
0
VERTEX
8
Flux traps
10
1285
20
1135
0
VERTEX
8
Flux traps
10
1285
20
1115
0
SEQEND
0
POLYLINE
8
Flux traps
70
1
40
0
41
0
66
1
0
VERTEX
8
Flux traps
10
1315
20
1115
0
VERTEX
8
Flux traps
10
1315
20
1135
0
VERTEX
8
Flux traps
10
1335
20
1135
0
VERTEX
8
Flux traps
10
1335
20
1115
0
SEQEND
0
POLYLINE
8
Flux traps
70
1
40
0
41
0
66
1
0
VERTEX
8
Flux traps
10
1265
20
1165
0
VERTEX
8
Flux traps
10
1265
20
1185
0
VERTEX
8
Flux traps
10
1285
20
1185
0
VERTEX
8
Flux traps
10
1285
20
1165
0
SEQEND
0
POLYLINE
8
Flux traps
70
1
40
0
41
0
66
1
0
VERTEX
8
Flux traps
10
1315
20
1165
0
VERTEX
8
Flux traps
10
1315
20
1185
0
VERTEX
8
Flux traps
10
1335
20
1185
0
VERTEX
8
Flux traps
10
1335
20
1165
0
SEQEND
0
POLYLINE
8
Flux traps
70
1
40
0
41
0
66
1
0
VERTEX
8
Flux traps
10
1165
20
1265
0
VERTEX
8
Flux traps
10
1165
20
1285
0
VERTEX
8
Flux traps
10
1185
20
1285
0
VERTEX
8
Flux traps
10
1185
20
1265
0
SEQEND
0
POLYLINE
8
Flux traps
70
1
40
0
41
0
66
1
0
VERTEX
8
Flux traps
10
1215
20
1265
0
VERTEX
8
Flux traps
10
1215
20
1285
0
VERTEX
8
Flux traps
10
1235
20
1285
0
VERTEX
8
Flux traps
10
1235
20
1265
0
SEQEND
0
POLYLINE
8
Flux traps
70
1
40
0
41
0
66
1
0
VERTEX
8
Flux traps
10
1365
20
1265
0
VERTEX
8
Flux traps
10
1365
20
1285
0
VERTEX
8
Flux traps
10
1385
20
1285
0
VERTEX
8
Flux traps
10
1385
20
1265
0
SEQEND
0
POLYLINE
8
Flux traps
70
1
40
0
41
0
66
1
0
VERTEX
8
Flux traps
10
1415
20
1265
0
VERTEX
8
Flux traps
10
1415
20
1285
0
VERTEX
8
Flux traps
10
1435
20
1285
0
VERTEX
8
Flux traps
10
1435
20
1265
0
SEQEND
0
POLYLINE
8
Flux traps
70
1
40
0
41
0
66
1
0
VERTEX
8
Flux traps
10
1465
20
1265
0
VERTEX
8
Flux traps
10
1465
20
1285
0
VERTEX
8
Flux traps
10
1485
20
1285
0
VERTEX
8
Flux traps
10
1485
20
1265
0
SEQEND
0
POLYLINE
8
Flux traps
70
1
40
0
41
0
66
1
0
VERTEX
8
Flux traps
10
1515
20
1265
0
VERTEX
8
Flux traps
10
1515
20
1285
0
VERTEX
8
Flux traps
10
1535
20
1285
0
VERTEX
8
Flux traps
10
1535
20
1265
0
SEQEND
0
POLYLINE
8
Flux traps
70
1
40
0
41
0
66
1
0
VERTEX
8
Flux traps
10
1265
20
1215
0
VERTEX
8
Flux traps
10
1265
20
1235
0
VERTEX
8
Flux traps
10
1285
20
1235
0
VERTEX
8
Flux traps
10
1285
20
1215
0
SEQEND
0
POLYLINE
8
Flux traps
70
1
40
0
41
0
66
1
0
VERTEX
8
Flux traps
10
1315
20
1215
0
VERTEX
8
Flux traps
10
1315
20
1235
0
VERTEX
8
Flux traps
10
1335
20
1235
0
VERTEX
8
Flux traps
10
1335
20
1215
0
SEQEND
0
POLYLINE
8
Flux traps
70
1
40
0
41
0
66
1
0
VERTEX
8
Flux traps
10
1115
20
1115
0
VERTEX
8
Flux traps
10
1115
20
1135
0
VERTEX
8
Flux traps
10
1135
20
1135
0
VERTEX
8
Flux traps
10
1135
20
1115
0
SEQEND
0
POLYLINE
8
Flux traps
70
1
40
0
41
0
66
1
0
VERTEX
8
Flux traps
10
1115
20
1165
0
VERTEX
8
Flux traps
10
1115
20
1185
0
VERTEX
8
Flux traps
10
1135
20
1185
0
VERTEX
8
Flux traps
10
1135
20
1165
0
SEQEND
0
POLYLINE
8
Flux traps
70
1
40
0
41
0
66
1
0
VERTEX
8
Flux traps
10
1115
20
1215
0
VERTEX
8
Flux traps
10
1115
20
1235
0
VERTEX
8
Flux traps
10
1135
20
1235
0
VERTEX
8
Flux traps
10
1135
20
1215
0
SEQEND
0
POLYLINE
8
Flux traps
70
1
40
0
41
0
66
1
0
VERTEX
8
Flux traps
10
1115
20
1265
0
VERTEX
8
Flux traps
10
1115
20
1285
0
VERTEX
8
Flux traps
10
1135
20
1285
0
VERTEX
8
Flux traps
10
1135
20
1265
0
SEQEND
0
POLYLINE
8
Flux traps
70
1
40
0
41
0
66
1
0
VERTEX
8
Flux traps
10
1265
20
1265
0
VERTEX
8
Flux traps
10
1265
20
1285
0
VERTEX
8
Flux traps
10
1285
20
1285
0
VERTEX
8
Flux traps
10
1285
20
1265
0
SEQEND
0
POLYLINE
8
Flux traps
70
1
40
0
41
0
66
1
0
VERTEX
8
Flux traps
10
1165
20
1115
0
VERTEX
8
Flux traps
10
1165
20
1135
0
VERTEX
8
Flux traps
10
1185
20
1135
0
VERTEX
8
Flux traps
10
1185
20
1115
0
SEQEND
0
POLYLINE
8
Flux traps
70
1
40
0
41
0
66
1
0
VERTEX
8
Flux traps
10
1215
20
1115
0
VERTEX
8
Flux traps
10
1215
20
1135
0
VERTEX
8
Flux traps
10
1235
20
1135
0
VERTEX
8
Flux traps
10
1235
20
1115
0
SEQEND
0
POLYLINE
8
Flux traps
70
1
40
0
41
0
66
1
0
VERTEX
8
Flux traps
10
1365
20
1115
0
VERTEX
8
Flux traps
10
1365
20
1135
0
VERTEX
8
Flux traps
10
1385
20
1135
0
VERTEX
8
Flux traps
10
1385
20
1115
0
SEQEND
0
POLYLINE
8
Flux traps
70
1
40
0
41
0
66
1
0
VERTEX
8
Flux traps
10
1415
20
1115
0
VERTEX
8
Flux traps
10
1415
20
1135
0
VERTEX
8
Flux traps
10
1435
20
1135
0
VERTEX
8
Flux traps
10
1435
20
1115
0
SEQEND
0
POLYLINE
8
Flux traps
70
1
40
0
41
0
66
1
0
VERTEX
8
Flux traps
10
1465
20
1115
0
VERTEX
8
Flux traps
10
1465
20
1135
0
VERTEX
8
Flux traps
10
1485
20
1135
0
VERTEX
8
Flux traps
10
1485
20
1115
0
SEQEND
0
POLYLINE
8
Flux traps
70
1
40
0
41
0
66
1
0
VERTEX
8
Flux traps
10
1515
20
1115
0
VERTEX
8
Flux traps
10
1515
20
1135
0
VERTEX
8
Flux traps
10
1535
20
1135
0
VERTEX
8
Flux traps
10
1535
20
1115
0
SEQEND
0
POLYLINE
8
Flux traps
70
1
40
0
41
0
66
1
0
VERTEX
8
Flux traps
10
1165
20
1165
0
VERTEX
8
Flux traps
10
1165
20
1185
0
VERTEX
8
Flux traps
10
1185
20
1185
0
VERTEX
8
Flux traps
10
1185
20
1165
0
SEQEND
0
POLYLINE
8
Flux traps
70
1
40
0
41
0
66
1
0
VERTEX
8
Flux traps
10
1215
20
1165
0
VERTEX
8
Flux traps
10
1215
20
1185
0
VERTEX
8
Flux traps
10
1235
20
1185
0
VERTEX
8
Flux traps
10
1235
20
1165
0
SEQEND
0
POLYLINE
8
Flux traps
70
1
40
0
41
0
66
1
0
VERTEX
8
Flux traps
10
1365
20
1165
0
VERTEX
8
Flux traps
10
1365
20
1185
0
VERTEX
8
Flux traps
10
1385
20
1185
0
VERTEX
8
Flux traps
10
1385
20
1165
0
SEQEND
0
POLYLINE
8
Flux traps
70
1
40
0
41
0
66
1
0
VERTEX
8
Flux traps
10
1415
20
1165
0
VERTEX
8
Flux traps
10
1415
20
1185
0
VERTEX
8
Flux traps
10
1435
20
1185
0
VERTEX
8
Flux traps
10
1435
20
1165
0
SEQEND
0
POLYLINE
8
Flux traps
70
1
40
0
41
0
66
1
0
VERTEX
8
Flux traps
10
1465
20
1165
0
VERTEX
8
Flux traps
10
1465
20
1185
0
VERTEX
8
Flux traps
10
1485
20
1185
0
VERTEX
8
Flux traps
10
1485
20
1165
0
SEQEND
0
POLYLINE
8
Flux traps
70
1
40
0
41
0
66
1
0
VERTEX
8
Flux traps
10
1515
20
1165
0
VERTEX
8
Flux traps
10
1515
20
1185
0
VERTEX
8
Flux traps
10
1535
20
1185
0
VERTEX
8
Flux traps
10
1535
20
1165
0
SEQEND
0
POLYLINE
8
Flux traps
70
1
40
0
41
0
66
1
0
VERTEX
8
Flux traps
10
1165
20
1215
0
VERTEX
8
Flux traps
10
1165
20
1235
0
VERTEX
8
Flux traps
10
1185
20
1235
0
VERTEX
8
Flux traps
10
1185
20
1215
0
SEQEND
0
POLYLINE
8
Flux traps
70
1
40
0
41
0
66
1
0
VERTEX
8
Flux traps
10
2015
20
1115
0
VERTEX
8
Flux traps
10
2015
20
1135
0
VERTEX
8
Flux traps
10
2035
20
1135
0
VERTEX
8
Flux traps
10
2035
20
1115
0
SEQEND
0
POLYLINE
8
Flux traps
70
1
40
0
41
0
66
1
0
VERTEX
8
Flux traps
10
2065
20
1115
0
VERTEX
8
Flux traps
10
2065
20
1135
0
VERTEX
8
Flux traps
10
2085
20
1135
0
VERTEX
8
Flux traps
10
2085
20
1115
0
SEQEND
0
POLYLINE
8
Flux traps
70
1
40
0
41
0
66
1
0
VERTEX
8
Flux traps
10
1615
20
1215
0
VERTEX
8
Flux traps
10
1615
20
1235
0
VERTEX
8
Flux traps
10
1635
20
1235
0
VERTEX
8
Flux traps
10
1635
20
1215
0
SEQEND
0
POLYLINE
8
Flux traps
70
1
40
0
41
0
66
1
0
VERTEX
8
Flux traps
10
1565
20
1265
0
VERTEX
8
Flux traps
10
1565
20
1285
0
VERTEX
8
Flux traps
10
1585
20
1285
0
VERTEX
8
Flux traps
10
1585
20
1265
0
SEQEND
0
POLYLINE
8
Flux traps
70
1
40
0
41
0
66
1
0
VERTEX
8
Flux traps
10
1965
20
1215
0
VERTEX
8
Flux traps
10
1965
20
1235
0
VERTEX
8
Flux traps
10
1985
20
1235
0
VERTEX
8
Flux traps
10
1985
20
1215
0
SEQEND
0
POLYLINE
8
Flux traps
70
1
40
0
41
0
66
1
0
VERTEX
8
Flux traps
10
2015
20
1215
0
VERTEX
8
Flux traps
10
2015
20
1235
0
VERTEX
8
Flux traps
10
2035
20
1235
0
VERTEX
8
Flux traps
10
2035
20
1215
0
SEQEND
0
POLYLINE
8
Flux traps
70
1
40
0
41
0
66
1
0
VERTEX
8
Flux traps
10
2065
20
1215
0
VERTEX
8
Flux traps
10
2065
20
1235
0
VERTEX
8
Flux traps
10
2085
20
1235
0
VERTEX
8
Flux traps
10
2085
20
1215
0
SEQEND
0
POLYLINE
8
Flux traps
70
1
40
0
41
0
66
1
0
VERTEX
8
Flux traps
10
1615
20
1265
0
VERTEX
8
Flux traps
10
1615
20
1285
0
VERTEX
8
Flux traps
10
1635
20
1285
0
VERTEX
8
Flux traps
10
1635
20
1265
0
SEQEND
0
POLYLINE
8
Flux traps
70
1
40
0
41
0
66
1
0
VERTEX
8
Flux traps
10
1815
20
1265
0
VERTEX
8
Flux traps
10
1815
20
1285
0
VERTEX
8
Flux traps
10
1835
20
1285
0
VERTEX
8
Flux traps
10
1835
20
1265
0
SEQEND
0
POLYLINE
8
Flux traps
70
1
40
0
41
0
66
1
0
VERTEX
8
Flux traps
10
1965
20
1265
0
VERTEX
8
Flux traps
10
1965
20
1285
0
VERTEX
8
Flux traps
10
1985
20
1285
0
VERTEX
8
Flux traps
10
1985
20
1265
0
SEQEND
0
POLYLINE
8
Flux traps
70
1
40
0
41
0
66
1
0
VERTEX
8
Flux traps
10
2015
20
1265
0
VERTEX
8
Flux traps
10
2015
20
1285
0
VERTEX
8
Flux traps
10
2035
20
1285
0
VERTEX
8
Flux traps
10
2035
20
1265
0
SEQEND
0
POLYLINE
8
Flux traps
70
1
40
0
41
0
66
1
0
VERTEX
8
Flux traps
10
1665
20
1165
0
VERTEX
8
Flux traps
10
1665
20
1185
0
VERTEX
8
Flux traps
10
1685
20
1185
0
VERTEX
8
Flux traps
10
1685
20
1165
0
SEQEND
0
POLYLINE
8
Flux traps
70
1
40
0
41
0
66
1
0
VERTEX
8
Flux traps
10
1715
20
1165
0
VERTEX
8
Flux traps
10
1715
20
1185
0
VERTEX
8
Flux traps
10
1735
20
1185
0
VERTEX
8
Flux traps
10
1735
20
1165
0
SEQEND
0
POLYLINE
8
Flux traps
70
1
40
0
41
0
66
1
0
VERTEX
8
Flux traps
10
1765
20
1165
0
VERTEX
8
Flux traps
10
1765
20
1185
0
VERTEX
8
Flux traps
10
1785
20
1185
0
VERTEX
8
Flux traps
10
1785
20
1165
0
SEQEND
0
POLYLINE
8
Flux traps
70
1
40
0
41
0
66
1
0
VERTEX
8
Flux traps
10
1815
20
1165
0
VERTEX
8
Flux traps
10
1815
20
1185
0
VERTEX
8
Flux traps
10
1835
20
1185
0
VERTEX
8
Flux traps
10
1835
20
1165
0
SEQEND
0
POLYLINE
8
Flux traps
70
1
40
0
41
0
66
1
0
VERTEX
8
Flux traps
10
1665
20
1265
0
VERTEX
8
Flux traps
10
1665
20
1285
0
VERTEX
8
Flux traps
10
1685
20
1285
0
VERTEX
8
Flux traps
10
1685
20
1265
0
SEQEND
0
POLYLINE
8
Flux traps
70
1
40
0
41
0
66
1
0
VERTEX
8
Flux traps
10
1715
20
1265
0
VERTEX
8
Flux traps
10
1715
20
1285
0
VERTEX
8
Flux traps
10
1735
20
1285
0
VERTEX
8
Flux traps
10
1735
20
1265
0
SEQEND
0
POLYLINE
8
Flux traps
70
1
40
0
41
0
66
1
0
VERTEX
8
Flux traps
10
1765
20
1265
0
VERTEX
8
Flux traps
10
1765
20
1285
0
VERTEX
8
Flux traps
10
1785
20
1285
0
VERTEX
8
Flux traps
10
1785
20
1265
0
SEQEND
0
POLYLINE
8
Flux traps
70
1
40
0
41
0
66
1
0
VERTEX
8
Flux traps
10
1865
20
1115
0
VERTEX
8
Flux traps
10
1865
20
1135
0
VERTEX
8
Flux traps
10
1885
20
1135
0
VERTEX
8
Flux traps
10
1885
20
1115
0
SEQEND
0
POLYLINE
8
Flux traps
70
1
40
0
41
0
66
1
0
VERTEX
8
Flux traps
10
1915
20
1115
0
VERTEX
8
Flux traps
10
1915
20
1135
0
VERTEX
8
Flux traps
10
1935
20
1135
0
VERTEX
8
Flux traps
10
1935
20
1115
0
SEQEND
0
POLYLINE
8
Flux traps
70
1
40
0
41
0
66
1
0
VERTEX
8
Flux traps
10
1865
20
1165
0
VERTEX
8
Flux traps
10
1865
20
1185
0
VERTEX
8
Flux traps
10
1885
20
1185
0
VERTEX
8
Flux traps
10
1885
20
1165
0
SEQEND
0
POLYLINE
8
Flux traps
70
1
40
0
41
0
66
1
0
VERTEX
8
Flux traps
10
1915
20
1165
0
VERTEX
8
Flux traps
10
1915
20
1185
0
VERTEX
8
Flux traps
10
1935
20
1185
0
VERTEX
8
Flux traps
10
1935
20
1165
0
SEQEND
0
POLYLINE
8
Flux traps
70
1
40
0
41
0
66
1
0
VERTEX
8
Flux traps
10
1865
20
1215
0
VERTEX
8
Flux traps
10
1865
20
1235
0
VERTEX
8
Flux traps
10
1885
20
1235
0
VERTEX
8
Flux traps
10
1885
20
1215
0
SEQEND
0
POLYLINE
8
Flux traps
70
1
40
0
41
0
66
1
0
VERTEX
8
Flux traps
10
1915
20
1215
0
VERTEX
8
Flux traps
10
1915
20
1235
0
VERTEX
8
Flux traps
10
1935
20
1235
0
VERTEX
8
Flux traps
10
1935
20
1215
0
SEQEND
0
POLYLINE
8
Flux traps
70
1
40
0
41
0
66
1
0
VERTEX
8
Flux traps
10
1965
20
1165
0
VERTEX
8
Flux traps
10
1965
20
1185
0
VERTEX
8
Flux traps
10
1985
20
1185
0
VERTEX
8
Flux traps
10
1985
20
1165
0
SEQEND
0
POLYLINE
8
Flux traps
70
1
40
0
41
0
66
1
0
VERTEX
8
Flux traps
10
2015
20
1165
0
VERTEX
8
Flux traps
10
2015
20
1185
0
VERTEX
8
Flux traps
10
2035
20
1185
0
VERTEX
8
Flux traps
10
2035
20
1165
0
SEQEND
0
POLYLINE
8
Flux traps
70
1
40
0
41
0
66
1
0
VERTEX
8
Flux traps
10
2065
20
1165
0
VERTEX
8
Flux traps
10
2065
20
1185
0
VERTEX
8
Flux traps
10
2085
20
1185
0
VERTEX
8
Flux traps
10
2085
20
1165
0
SEQEND
0
POLYLINE
8
Flux traps
70
1
40
0
41
0
66
1
0
VERTEX
8
Flux traps
10
2065
20
1265
0
VERTEX
8
Flux traps
10
2065
20
1285
0
VERTEX
8
Flux traps
10
2085
20
1285
0
VERTEX
8
Flux traps
10
2085
20
1265
0
SEQEND
0
POLYLINE
8
Flux traps
70
1
40
0
41
0
66
1
0
VERTEX
8
Flux traps
10
1565
20
1115
0
VERTEX
8
Flux traps
10
1565
20
1135
0
VERTEX
8
Flux traps
10
1585
20
1135
0
VERTEX
8
Flux traps
10
1585
20
1115
0
SEQEND
0
POLYLINE
8
Flux traps
70
1
40
0
41
0
66
1
0
VERTEX
8
Flux traps
10
1615
20
1115
0
VERTEX
8
Flux traps
10
1615
20
1135
0
VERTEX
8
Flux traps
10
1635
20
1135
0
VERTEX
8
Flux traps
10
1635
20
1115
0
SEQEND
0
POLYLINE
8
Flux traps
70
1
40
0
41
0
66
1
0
VERTEX
8
Flux traps
10
1565
20
1165
0
VERTEX
8
Flux traps
10
1565
20
1185
0
VERTEX
8
Flux traps
10
1585
20
1185
0
VERTEX
8
Flux traps
10
1585
20
1165
0
SEQEND
0
POLYLINE
8
Flux traps
70
1
40
0
41
0
66
1
0
VERTEX
8
Flux traps
10
1615
20
1165
0
VERTEX
8
Flux traps
10
1615
20
1185
0
VERTEX
8
Flux traps
10
1635
20
1185
0
VERTEX
8
Flux traps
10
1635
20
1165
0
SEQEND
0
POLYLINE
8
Flux traps
70
1
40
0
41
0
66
1
0
VERTEX
8
Flux traps
10
1565
20
1215
0
VERTEX
8
Flux traps
10
1565
20
1235
0
VERTEX
8
Flux traps
10
1585
20
1235
0
VERTEX
8
Flux traps
10
1585
20
1215
0
SEQEND
0
POLYLINE
8
Flux traps
70
1
40
0
41
0
66
1
0
VERTEX
8
Flux traps
10
1865
20
1265
0
VERTEX
8
Flux traps
10
1865
20
1285
0
VERTEX
8
Flux traps
10
1885
20
1285
0
VERTEX
8
Flux traps
10
1885
20
1265
0
SEQEND
0
POLYLINE
8
Flux traps
70
1
40
0
41
0
66
1
0
VERTEX
8
Flux traps
10
1915
20
1265
0
VERTEX
8
Flux traps
10
1915
20
1285
0
VERTEX
8
Flux traps
10
1935
20
1285
0
VERTEX
8
Flux traps
10
1935
20
1265
0
SEQEND
0
POLYLINE
8
Flux traps
70
1
40
0
41
0
66
1
0
VERTEX
8
Flux traps
10
1665
20
1215
0
VERTEX
8
Flux traps
10
1665
20
1235
0
VERTEX
8
Flux traps
10
1685
20
1235
0
VERTEX
8
Flux traps
10
1685
20
1215
0
SEQEND
0
POLYLINE
8
Flux traps
70
1
40
0
41
0
66
1
0
VERTEX
8
Flux traps
10
1715
20
1215
0
VERTEX
8
Flux traps
10
1715
20
1235
0
VERTEX
8
Flux traps
10
1735
20
1235
0
VERTEX
8
Flux traps
10
1735
20
1215
0
SEQEND
0
POLYLINE
8
Flux traps
70
1
40
0
41
0
66
1
0
VERTEX
8
Flux traps
10
1765
20
1215
0
VERTEX
8
Flux traps
10
1765
20
1235
0
VERTEX
8
Flux traps
10
1785
20
1235
0
VERTEX
8
Flux traps
10
1785
20
1215
0
SEQEND
0
POLYLINE
8
Flux traps
70
1
40
0
41
0
66
1
0
VERTEX
8
Flux traps
10
1815
20
1215
0
VERTEX
8
Flux traps
10
1815
20
1235
0
VERTEX
8
Flux traps
10
1835
20
1235
0
VERTEX
8
Flux traps
10
1835
20
1215
0
SEQEND
0
POLYLINE
8
Flux traps
70
1
40
0
41
0
66
1
0
VERTEX
8
Flux traps
10
1665
20
1115
0
VERTEX
8
Flux traps
10
1665
20
1135
0
VERTEX
8
Flux traps
10
1685
20
1135
0
VERTEX
8
Flux traps
10
1685
20
1115
0
SEQEND
0
POLYLINE
8
Flux traps
70
1
40
0
41
0
66
1
0
VERTEX
8
Flux traps
10
1715
20
1115
0
VERTEX
8
Flux traps
10
1715
20
1135
0
VERTEX
8
Flux traps
10
1735
20
1135
0
VERTEX
8
Flux traps
10
1735
20
1115
0
SEQEND
0
POLYLINE
8
Flux traps
70
1
40
0
41
0
66
1
0
VERTEX
8
Flux traps
10
1765
20
1115
0
VERTEX
8
Flux traps
10
1765
20
1135
0
VERTEX
8
Flux traps
10
1785
20
1135
0
VERTEX
8
Flux traps
10
1785
20
1115
0
SEQEND
0
POLYLINE
8
Flux traps
70
1
40
0
41
0
66
1
0
VERTEX
8
Flux traps
10
1815
20
1115
0
VERTEX
8
Flux traps
10
1815
20
1135
0
VERTEX
8
Flux traps
10
1835
20
1135
0
VERTEX
8
Flux traps
10
1835
20
1115
0
SEQEND
0
POLYLINE
8
Flux traps
70
1
40
0
41
0
66
1
0
VERTEX
8
Flux traps
10
1965
20
1115
0
VERTEX
8
Flux traps
10
1965
20
1135
0
VERTEX
8
Flux traps
10
1985
20
1135
0
VERTEX
8
Flux traps
10
1985
20
1115
0
SEQEND
0
POLYLINE
8
Flux traps
70
1
40
0
41
0
66
1
0
VERTEX
8
Flux traps
10
-1885
20
1565
0
VERTEX
8
Flux traps
10
-1885
20
1585
0
VERTEX
8
Flux traps
10
-1865
20
1585
0
VERTEX
8
Flux traps
10
-1865
20
1565
0
SEQEND
0
POLYLINE
8
Flux traps
70
1
40
0
41
0
66
1
0
VERTEX
8
Flux traps
10
-1935
20
1565
0
VERTEX
8
Flux traps
10
-1935
20
1585
0
VERTEX
8
Flux traps
10
-1915
20
1585
0
VERTEX
8
Flux traps
10
-1915
20
1565
0
SEQEND
0
POLYLINE
8
Flux traps
70
1
40
0
41
0
66
1
0
VERTEX
8
Flux traps
10
-35
20
1565
0
VERTEX
8
Flux traps
10
-35
20
1585
0
VERTEX
8
Flux traps
10
-15
20
1585
0
VERTEX
8
Flux traps
10
-15
20
1565
0
SEQEND
0
POLYLINE
8
Flux traps
70
1
40
0
41
0
66
1
0
VERTEX
8
Flux traps
10
-85
20
1565
0
VERTEX
8
Flux traps
10
-85
20
1585
0
VERTEX
8
Flux traps
10
-65
20
1585
0
VERTEX
8
Flux traps
10
-65
20
1565
0
SEQEND
0
POLYLINE
8
Flux traps
70
1
40
0
41
0
66
1
0
VERTEX
8
Flux traps
10
-135
20
1565
0
VERTEX
8
Flux traps
10
-135
20
1585
0
VERTEX
8
Flux traps
10
-115
20
1585
0
VERTEX
8
Flux traps
10
-115
20
1565
0
SEQEND
0
POLYLINE
8
Flux traps
70
1
40
0
41
0
66
1
0
VERTEX
8
Flux traps
10
-185
20
1565
0
VERTEX
8
Flux traps
10
-185
20
1585
0
VERTEX
8
Flux traps
10
-165
20
1585
0
VERTEX
8
Flux traps
10
-165
20
1565
0
SEQEND
0
POLYLINE
8
Flux traps
70
1
40
0
41
0
66
1
0
VERTEX
8
Flux traps
10
-235
20
1565
0
VERTEX
8
Flux traps
10
-235
20
1585
0
VERTEX
8
Flux traps
10
-215
20
1585
0
VERTEX
8
Flux traps
10
-215
20
1565
0
SEQEND
0
POLYLINE
8
Flux traps
70
1
40
0
41
0
66
1
0
VERTEX
8
Flux traps
10
-685
20
1565
0
VERTEX
8
Flux traps
10
-685
20
1585
0
VERTEX
8
Flux traps
10
-665
20
1585
0
VERTEX
8
Flux traps
10
-665
20
1565
0
SEQEND
0
POLYLINE
8
Flux traps
70
1
40
0
41
0
66
1
0
VERTEX
8
Flux traps
10
-735
20
1565
0
VERTEX
8
Flux traps
10
-735
20
1585
0
VERTEX
8
Flux traps
10
-715
20
1585
0
VERTEX
8
Flux traps
10
-715
20
1565
0
SEQEND
0
POLYLINE
8
Flux traps
70
1
40
0
41
0
66
1
0
VERTEX
8
Flux traps
10
-785
20
1565
0
VERTEX
8
Flux traps
10
-785
20
1585
0
VERTEX
8
Flux traps
10
-765
20
1585
0
VERTEX
8
Flux traps
10
-765
20
1565
0
SEQEND
0
POLYLINE
8
Flux traps
70
1
40
0
41
0
66
1
0
VERTEX
8
Flux traps
10
-835
20
1565
0
VERTEX
8
Flux traps
10
-835
20
1585
0
VERTEX
8
Flux traps
10
-815
20
1585
0
VERTEX
8
Flux traps
10
-815
20
1565
0
SEQEND
0
POLYLINE
8
Flux traps
70
1
40
0
41
0
66
1
0
VERTEX
8
Flux traps
10
-985
20
1565
0
VERTEX
8
Flux traps
10
-985
20
1585
0
VERTEX
8
Flux traps
10
-965
20
1585
0
VERTEX
8
Flux traps
10
-965
20
1565
0
SEQEND
0
POLYLINE
8
Flux traps
70
1
40
0
41
0
66
1
0
VERTEX
8
Flux traps
10
-1035
20
1565
0
VERTEX
8
Flux traps
10
-1035
20
1585
0
VERTEX
8
Flux traps
10
-1015
20
1585
0
VERTEX
8
Flux traps
10
-1015
20
1565
0
SEQEND
0
POLYLINE
8
Flux traps
70
1
40
0
41
0
66
1
0
VERTEX
8
Flux traps
10
-1085
20
1565
0
VERTEX
8
Flux traps
10
-1085
20
1585
0
VERTEX
8
Flux traps
10
-1065
20
1585
0
VERTEX
8
Flux traps
10
-1065
20
1565
0
SEQEND
0
POLYLINE
8
Flux traps
70
1
40
0
41
0
66
1
0
VERTEX
8
Flux traps
10
-1135
20
1565
0
VERTEX
8
Flux traps
10
-1135
20
1585
0
VERTEX
8
Flux traps
10
-1115
20
1585
0
VERTEX
8
Flux traps
10
-1115
20
1565
0
SEQEND
0
POLYLINE
8
Flux traps
70
1
40
0
41
0
66
1
0
VERTEX
8
Flux traps
10
-1185
20
1565
0
VERTEX
8
Flux traps
10
-1185
20
1585
0
VERTEX
8
Flux traps
10
-1165
20
1585
0
VERTEX
8
Flux traps
10
-1165
20
1565
0
SEQEND
0
POLYLINE
8
Flux traps
70
1
40
0
41
0
66
1
0
VERTEX
8
Flux traps
10
-1235
20
1565
0
VERTEX
8
Flux traps
10
-1235
20
1585
0
VERTEX
8
Flux traps
10
-1215
20
1585
0
VERTEX
8
Flux traps
10
-1215
20
1565
0
SEQEND
0
POLYLINE
8
Flux traps
70
1
40
0
41
0
66
1
0
VERTEX
8
Flux traps
10
-1285
20
1565
0
VERTEX
8
Flux traps
10
-1285
20
1585
0
VERTEX
8
Flux traps
10
-1265
20
1585
0
VERTEX
8
Flux traps
10
-1265
20
1565
0
SEQEND
0
POLYLINE
8
Flux traps
70
1
40
0
41
0
66
1
0
VERTEX
8
Flux traps
10
-1335
20
1565
0
VERTEX
8
Flux traps
10
-1335
20
1585
0
VERTEX
8
Flux traps
10
-1315
20
1585
0
VERTEX
8
Flux traps
10
-1315
20
1565
0
SEQEND
0
POLYLINE
8
Flux traps
70
1
40
0
41
0
66
1
0
VERTEX
8
Flux traps
10
-1385
20
1565
0
VERTEX
8
Flux traps
10
-1385
20
1585
0
VERTEX
8
Flux traps
10
-1365
20
1585
0
VERTEX
8
Flux traps
10
-1365
20
1565
0
SEQEND
0
POLYLINE
8
Flux traps
70
1
40
0
41
0
66
1
0
VERTEX
8
Flux traps
10
-1435
20
1565
0
VERTEX
8
Flux traps
10
-1435
20
1585
0
VERTEX
8
Flux traps
10
-1415
20
1585
0
VERTEX
8
Flux traps
10
-1415
20
1565
0
SEQEND
0
POLYLINE
8
Flux traps
70
1
40
0
41
0
66
1
0
VERTEX
8
Flux traps
10
-1485
20
1565
0
VERTEX
8
Flux traps
10
-1485
20
1585
0
VERTEX
8
Flux traps
10
-1465
20
1585
0
VERTEX
8
Flux traps
10
-1465
20
1565
0
SEQEND
0
POLYLINE
8
Flux traps
70
1
40
0
41
0
66
1
0
VERTEX
8
Flux traps
10
-1535
20
1565
0
VERTEX
8
Flux traps
10
-1535
20
1585
0
VERTEX
8
Flux traps
10
-1515
20
1585
0
VERTEX
8
Flux traps
10
-1515
20
1565
0
SEQEND
0
POLYLINE
8
Flux traps
70
1
40
0
41
0
66
1
0
VERTEX
8
Flux traps
10
-1585
20
1565
0
VERTEX
8
Flux traps
10
-1585
20
1585
0
VERTEX
8
Flux traps
10
-1565
20
1585
0
VERTEX
8
Flux traps
10
-1565
20
1565
0
SEQEND
0
POLYLINE
8
Flux traps
70
1
40
0
41
0
66
1
0
VERTEX
8
Flux traps
10
-1635
20
1565
0
VERTEX
8
Flux traps
10
-1635
20
1585
0
VERTEX
8
Flux traps
10
-1615
20
1585
0
VERTEX
8
Flux traps
10
-1615
20
1565
0
SEQEND
0
POLYLINE
8
Flux traps
70
1
40
0
41
0
66
1
0
VERTEX
8
Flux traps
10
-1685
20
1565
0
VERTEX
8
Flux traps
10
-1685
20
1585
0
VERTEX
8
Flux traps
10
-1665
20
1585
0
VERTEX
8
Flux traps
10
-1665
20
1565
0
SEQEND
0
POLYLINE
8
Flux traps
70
1
40
0
41
0
66
1
0
VERTEX
8
Flux traps
10
-385
20
1565
0
VERTEX
8
Flux traps
10
-385
20
1585
0
VERTEX
8
Flux traps
10
-365
20
1585
0
VERTEX
8
Flux traps
10
-365
20
1565
0
SEQEND
0
POLYLINE
8
Flux traps
70
1
40
0
41
0
66
1
0
VERTEX
8
Flux traps
10
-435
20
1565
0
VERTEX
8
Flux traps
10
-435
20
1585
0
VERTEX
8
Flux traps
10
-415
20
1585
0
VERTEX
8
Flux traps
10
-415
20
1565
0
SEQEND
0
POLYLINE
8
Flux traps
70
1
40
0
41
0
66
1
0
VERTEX
8
Flux traps
10
-485
20
1565
0
VERTEX
8
Flux traps
10
-485
20
1585
0
VERTEX
8
Flux traps
10
-465
20
1585
0
VERTEX
8
Flux traps
10
-465
20
1565
0
SEQEND
0
POLYLINE
8
Flux traps
70
1
40
0
41
0
66
1
0
VERTEX
8
Flux traps
10
-535
20
1565
0
VERTEX
8
Flux traps
10
-535
20
1585
0
VERTEX
8
Flux traps
10
-515
20
1585
0
VERTEX
8
Flux traps
10
-515
20
1565
0
SEQEND
0
POLYLINE
8
Flux traps
70
1
40
0
41
0
66
1
0
VERTEX
8
Flux traps
10
-1735
20
1565
0
VERTEX
8
Flux traps
10
-1735
20
1585
0
VERTEX
8
Flux traps
10
-1715
20
1585
0
VERTEX
8
Flux traps
10
-1715
20
1565
0
SEQEND
0
POLYLINE
8
Flux traps
70
1
40
0
41
0
66
1
0
VERTEX
8
Flux traps
10
-1785
20
1565
0
VERTEX
8
Flux traps
10
-1785
20
1585
0
VERTEX
8
Flux traps
10
-1765
20
1585
0
VERTEX
8
Flux traps
10
-1765
20
1565
0
SEQEND
0
POLYLINE
8
Flux traps
70
1
40
0
41
0
66
1
0
VERTEX
8
Flux traps
10
-1835
20
1565
0
VERTEX
8
Flux traps
10
-1835
20
1585
0
VERTEX
8
Flux traps
10
-1815
20
1585
0
VERTEX
8
Flux traps
10
-1815
20
1565
0
SEQEND
0
POLYLINE
8
Flux traps
70
1
40
0
41
0
66
1
0
VERTEX
8
Flux traps
10
-1985
20
1565
0
VERTEX
8
Flux traps
10
-1985
20
1585
0
VERTEX
8
Flux traps
10
-1965
20
1585
0
VERTEX
8
Flux traps
10
-1965
20
1565
0
SEQEND
0
POLYLINE
8
Flux traps
70
1
40
0
41
0
66
1
0
VERTEX
8
Flux traps
10
-2035
20
1565
0
VERTEX
8
Flux traps
10
-2035
20
1585
0
VERTEX
8
Flux traps
10
-2015
20
1585
0
VERTEX
8
Flux traps
10
-2015
20
1565
0
SEQEND
0
POLYLINE
8
Flux traps
70
1
40
0
41
0
66
1
0
VERTEX
8
Flux traps
10
-2085
20
1565
0
VERTEX
8
Flux traps
10
-2085
20
1585
0
VERTEX
8
Flux traps
10
-2065
20
1585
0
VERTEX
8
Flux traps
10
-2065
20
1565
0
SEQEND
0
POLYLINE
8
Flux traps
70
1
40
0
41
0
66
1
0
VERTEX
8
Flux traps
10
-1035
20
1815
0
VERTEX
8
Flux traps
10
-1035
20
1835
0
VERTEX
8
Flux traps
10
-1015
20
1835
0
VERTEX
8
Flux traps
10
-1015
20
1815
0
SEQEND
0
POLYLINE
8
Flux traps
70
1
40
0
41
0
66
1
0
VERTEX
8
Flux traps
10
-935
20
1815
0
VERTEX
8
Flux traps
10
-935
20
1835
0
VERTEX
8
Flux traps
10
-915
20
1835
0
VERTEX
8
Flux traps
10
-915
20
1815
0
SEQEND
0
POLYLINE
8
Flux traps
70
1
40
0
41
0
66
1
0
VERTEX
8
Flux traps
10
-985
20
1815
0
VERTEX
8
Flux traps
10
-985
20
1835
0
VERTEX
8
Flux traps
10
-965
20
1835
0
VERTEX
8
Flux traps
10
-965
20
1815
0
SEQEND
0
POLYLINE
8
Flux traps
70
1
40
0
41
0
66
1
0
VERTEX
8
Flux traps
10
-885
20
1815
0
VERTEX
8
Flux traps
10
-885
20
1835
0
VERTEX
8
Flux traps
10
-865
20
1835
0
VERTEX
8
Flux traps
10
-865
20
1815
0
SEQEND
0
POLYLINE
8
Flux traps
70
1
40
0
41
0
66
1
0
VERTEX
8
Flux traps
10
-535
20
1765
0
VERTEX
8
Flux traps
10
-535
20
1785
0
VERTEX
8
Flux traps
10
-515
20
1785
0
VERTEX
8
Flux traps
10
-515
20
1765
0
SEQEND
0
POLYLINE
8
Flux traps
70
1
40
0
41
0
66
1
0
VERTEX
8
Flux traps
10
-35
20
1815
0
VERTEX
8
Flux traps
10
-35
20
1835
0
VERTEX
8
Flux traps
10
-15
20
1835
0
VERTEX
8
Flux traps
10
-15
20
1815
0
SEQEND
0
POLYLINE
8
Flux traps
70
1
40
0
41
0
66
1
0
VERTEX
8
Flux traps
10
-85
20
1815
0
VERTEX
8
Flux traps
10
-85
20
1835
0
VERTEX
8
Flux traps
10
-65
20
1835
0
VERTEX
8
Flux traps
10
-65
20
1815
0
SEQEND
0
POLYLINE
8
Flux traps
70
1
40
0
41
0
66
1
0
VERTEX
8
Flux traps
10
-135
20
1815
0
VERTEX
8
Flux traps
10
-135
20
1835
0
VERTEX
8
Flux traps
10
-115
20
1835
0
VERTEX
8
Flux traps
10
-115
20
1815
0
SEQEND
0
POLYLINE
8
Flux traps
70
1
40
0
41
0
66
1
0
VERTEX
8
Flux traps
10
-185
20
1815
0
VERTEX
8
Flux traps
10
-185
20
1835
0
VERTEX
8
Flux traps
10
-165
20
1835
0
VERTEX
8
Flux traps
10
-165
20
1815
0
SEQEND
0
POLYLINE
8
Flux traps
70
1
40
0
41
0
66
1
0
VERTEX
8
Flux traps
10
-235
20
1815
0
VERTEX
8
Flux traps
10
-235
20
1835
0
VERTEX
8
Flux traps
10
-215
20
1835
0
VERTEX
8
Flux traps
10
-215
20
1815
0
SEQEND
0
POLYLINE
8
Flux traps
70
1
40
0
41
0
66
1
0
VERTEX
8
Flux traps
10
-285
20
1815
0
VERTEX
8
Flux traps
10
-285
20
1835
0
VERTEX
8
Flux traps
10
-265
20
1835
0
VERTEX
8
Flux traps
10
-265
20
1815
0
SEQEND
0
POLYLINE
8
Flux traps
70
1
40
0
41
0
66
1
0
VERTEX
8
Flux traps
10
-335
20
1815
0
VERTEX
8
Flux traps
10
-335
20
1835
0
VERTEX
8
Flux traps
10
-315
20
1835
0
VERTEX
8
Flux traps
10
-315
20
1815
0
SEQEND
0
POLYLINE
8
Flux traps
70
1
40
0
41
0
66
1
0
VERTEX
8
Flux traps
10
-385
20
1815
0
VERTEX
8
Flux traps
10
-385
20
1835
0
VERTEX
8
Flux traps
10
-365
20
1835
0
VERTEX
8
Flux traps
10
-365
20
1815
0
SEQEND
0
POLYLINE
8
Flux traps
70
1
40
0
41
0
66
1
0
VERTEX
8
Flux traps
10
-435
20
1815
0
VERTEX
8
Flux traps
10
-435
20
1835
0
VERTEX
8
Flux traps
10
-415
20
1835
0
VERTEX
8
Flux traps
10
-415
20
1815
0
SEQEND
0
POLYLINE
8
Flux traps
70
1
40
0
41
0
66
1
0
VERTEX
8
Flux traps
10
-485
20
1815
0
VERTEX
8
Flux traps
10
-485
20
1835
0
VERTEX
8
Flux traps
10
-465
20
1835
0
VERTEX
8
Flux traps
10
-465
20
1815
0
SEQEND
0
POLYLINE
8
Flux traps
70
1
40
0
41
0
66
1
0
VERTEX
8
Flux traps
10
-535
20
1815
0
VERTEX
8
Flux traps
10
-535
20
1835
0
VERTEX
8
Flux traps
10
-515
20
1835
0
VERTEX
8
Flux traps
10
-515
20
1815
0
SEQEND
0
POLYLINE
8
Flux traps
70
1
40
0
41
0
66
1
0
VERTEX
8
Flux traps
10
-585
20
1815
0
VERTEX
8
Flux traps
10
-585
20
1835
0
VERTEX
8
Flux traps
10
-565
20
1835
0
VERTEX
8
Flux traps
10
-565
20
1815
0
SEQEND
0
POLYLINE
8
Flux traps
70
1
40
0
41
0
66
1
0
VERTEX
8
Flux traps
10
-635
20
1815
0
VERTEX
8
Flux traps
10
-635
20
1835
0
VERTEX
8
Flux traps
10
-615
20
1835
0
VERTEX
8
Flux traps
10
-615
20
1815
0
SEQEND
0
POLYLINE
8
Flux traps
70
1
40
0
41
0
66
1
0
VERTEX
8
Flux traps
10
-685
20
1815
0
VERTEX
8
Flux traps
10
-685
20
1835
0
VERTEX
8
Flux traps
10
-665
20
1835
0
VERTEX
8
Flux traps
10
-665
20
1815
0
SEQEND
0
POLYLINE
8
Flux traps
70
1
40
0
41
0
66
1
0
VERTEX
8
Flux traps
10
-735
20
1815
0
VERTEX
8
Flux traps
10
-735
20
1835
0
VERTEX
8
Flux traps
10
-715
20
1835
0
VERTEX
8
Flux traps
10
-715
20
1815
0
SEQEND
0
POLYLINE
8
Flux traps
70
1
40
0
41
0
66
1
0
VERTEX
8
Flux traps
10
-785
20
1815
0
VERTEX
8
Flux traps
10
-785
20
1835
0
VERTEX
8
Flux traps
10
-765
20
1835
0
VERTEX
8
Flux traps
10
-765
20
1815
0
SEQEND
0
POLYLINE
8
Flux traps
70
1
40
0
41
0
66
1
0
VERTEX
8
Flux traps
10
-835
20
1815
0
VERTEX
8
Flux traps
10
-835
20
1835
0
VERTEX
8
Flux traps
10
-815
20
1835
0
VERTEX
8
Flux traps
10
-815
20
1815
0
SEQEND
0
POLYLINE
8
Flux traps
70
1
40
0
41
0
66
1
0
VERTEX
8
Flux traps
10
-535
20
1865
0
VERTEX
8
Flux traps
10
-535
20
1885
0
VERTEX
8
Flux traps
10
-515
20
1885
0
VERTEX
8
Flux traps
10
-515
20
1865
0
SEQEND
0
POLYLINE
8
Flux traps
70
1
40
0
41
0
66
1
0
VERTEX
8
Flux traps
10
-535
20
1915
0
VERTEX
8
Flux traps
10
-535
20
1935
0
VERTEX
8
Flux traps
10
-515
20
1935
0
VERTEX
8
Flux traps
10
-515
20
1915
0
SEQEND
0
POLYLINE
8
Flux traps
70
1
40
0
41
0
66
1
0
VERTEX
8
Flux traps
10
-535
20
1965
0
VERTEX
8
Flux traps
10
-535
20
1985
0
VERTEX
8
Flux traps
10
-515
20
1985
0
VERTEX
8
Flux traps
10
-515
20
1965
0
SEQEND
0
POLYLINE
8
Flux traps
70
1
40
0
41
0
66
1
0
VERTEX
8
Flux traps
10
-531.623
20
1615
0
VERTEX
8
Flux traps
10
-515
20
1631.623
0
VERTEX
8
Flux traps
10
-515
20
1615
0
SEQEND
0
POLYLINE
8
Flux traps
70
1
40
0
41
0
66
1
0
VERTEX
8
Flux traps
10
-535
20
2015
0
VERTEX
8
Flux traps
10
-535
20
2035
0
VERTEX
8
Flux traps
10
-515
20
2035
0
VERTEX
8
Flux traps
10
-515
20
2015
0
SEQEND
0
POLYLINE
8
Flux traps
70
1
40
0
41
0
66
1
0
VERTEX
8
Flux traps
10
-535
20
2065
0
VERTEX
8
Flux traps
10
-535
20
2085
0
VERTEX
8
Flux traps
10
-515
20
2085
0
VERTEX
8
Flux traps
10
-515
20
2065
0
SEQEND
0
POLYLINE
8
Flux traps
70
1
40
0
41
0
66
1
0
VERTEX
8
Flux traps
10
-85
20
1865
0
VERTEX
8
Flux traps
10
-85
20
1885
0
VERTEX
8
Flux traps
10
-65
20
1885
0
VERTEX
8
Flux traps
10
-65
20
1865
0
SEQEND
0
POLYLINE
8
Flux traps
70
1
40
0
41
0
66
1
0
VERTEX
8
Flux traps
10
-135
20
1865
0
VERTEX
8
Flux traps
10
-135
20
1885
0
VERTEX
8
Flux traps
10
-115
20
1885
0
VERTEX
8
Flux traps
10
-115
20
1865
0
SEQEND
0
POLYLINE
8
Flux traps
70
1
40
0
41
0
66
1
0
VERTEX
8
Flux traps
10
-185
20
1865
0
VERTEX
8
Flux traps
10
-185
20
1885
0
VERTEX
8
Flux traps
10
-165
20
1885
0
VERTEX
8
Flux traps
10
-165
20
1865
0
SEQEND
0
POLYLINE
8
Flux traps
70
1
40
0
41
0
66
1
0
VERTEX
8
Flux traps
10
-235
20
1865
0
VERTEX
8
Flux traps
10
-235
20
1885
0
VERTEX
8
Flux traps
10
-215
20
1885
0
VERTEX
8
Flux traps
10
-215
20
1865
0
SEQEND
0
POLYLINE
8
Flux traps
70
1
40
0
41
0
66
1
0
VERTEX
8
Flux traps
10
-285
20
1865
0
VERTEX
8
Flux traps
10
-285
20
1885
0
VERTEX
8
Flux traps
10
-265
20
1885
0
VERTEX
8
Flux traps
10
-265
20
1865
0
SEQEND
0
POLYLINE
8
Flux traps
70
1
40
0
41
0
66
1
0
VERTEX
8
Flux traps
10
-335
20
1865
0
VERTEX
8
Flux traps
10
-335
20
1885
0
VERTEX
8
Flux traps
10
-315
20
1885
0
VERTEX
8
Flux traps
10
-315
20
1865
0
SEQEND
0
POLYLINE
8
Flux traps
70
1
40
0
41
0
66
1
0
VERTEX
8
Flux traps
10
-385
20
1865
0
VERTEX
8
Flux traps
10
-385
20
1885
0
VERTEX
8
Flux traps
10
-365
20
1885
0
VERTEX
8
Flux traps
10
-365
20
1865
0
SEQEND
0
POLYLINE
8
Flux traps
70
1
40
0
41
0
66
1
0
VERTEX
8
Flux traps
10
-435
20
1865
0
VERTEX
8
Flux traps
10
-435
20
1885
0
VERTEX
8
Flux traps
10
-415
20
1885
0
VERTEX
8
Flux traps
10
-415
20
1865
0
SEQEND
0
POLYLINE
8
Flux traps
70
1
40
0
41
0
66
1
0
VERTEX
8
Flux traps
10
-485
20
1865
0
VERTEX
8
Flux traps
10
-485
20
1885
0
VERTEX
8
Flux traps
10
-465
20
1885
0
VERTEX
8
Flux traps
10
-465
20
1865
0
SEQEND
0
POLYLINE
8
Flux traps
70
1
40
0
41
0
66
1
0
VERTEX
8
Flux traps
10
-85
20
2065
0
VERTEX
8
Flux traps
10
-85
20
2085
0
VERTEX
8
Flux traps
10
-65
20
2085
0
VERTEX
8
Flux traps
10
-65
20
2065
0
SEQEND
0
POLYLINE
8
Flux traps
70
1
40
0
41
0
66
1
0
VERTEX
8
Flux traps
10
-35
20
1915
0
VERTEX
8
Flux traps
10
-35
20
1935
0
VERTEX
8
Flux traps
10
-15
20
1935
0
VERTEX
8
Flux traps
10
-15
20
1915
0
SEQEND
0
POLYLINE
8
Flux traps
70
1
40
0
41
0
66
1
0
VERTEX
8
Flux traps
10
-85
20
1915
0
VERTEX
8
Flux traps
10
-85
20
1935
0
VERTEX
8
Flux traps
10
-65
20
1935
0
VERTEX
8
Flux traps
10
-65
20
1915
0
SEQEND
0
POLYLINE
8
Flux traps
70
1
40
0
41
0
66
1
0
VERTEX
8
Flux traps
10
-135
20
1915
0
VERTEX
8
Flux traps
10
-135
20
1935
0
VERTEX
8
Flux traps
10
-115
20
1935
0
VERTEX
8
Flux traps
10
-115
20
1915
0
SEQEND
0
POLYLINE
8
Flux traps
70
1
40
0
41
0
66
1
0
VERTEX
8
Flux traps
10
-185
20
1915
0
VERTEX
8
Flux traps
10
-185
20
1935
0
VERTEX
8
Flux traps
10
-165
20
1935
0
VERTEX
8
Flux traps
10
-165
20
1915
0
SEQEND
0
POLYLINE
8
Flux traps
70
1
40
0
41
0
66
1
0
VERTEX
8
Flux traps
10
-235
20
1915
0
VERTEX
8
Flux traps
10
-235
20
1935
0
VERTEX
8
Flux traps
10
-215
20
1935
0
VERTEX
8
Flux traps
10
-215
20
1915
0
SEQEND
0
POLYLINE
8
Flux traps
70
1
40
0
41
0
66
1
0
VERTEX
8
Flux traps
10
-285
20
1915
0
VERTEX
8
Flux traps
10
-285
20
1935
0
VERTEX
8
Flux traps
10
-265
20
1935
0
VERTEX
8
Flux traps
10
-265
20
1915
0
SEQEND
0
POLYLINE
8
Flux traps
70
1
40
0
41
0
66
1
0
VERTEX
8
Flux traps
10
-335
20
1915
0
VERTEX
8
Flux traps
10
-335
20
1935
0
VERTEX
8
Flux traps
10
-315
20
1935
0
VERTEX
8
Flux traps
10
-315
20
1915
0
SEQEND
0
POLYLINE
8
Flux traps
70
1
40
0
41
0
66
1
0
VERTEX
8
Flux traps
10
-385
20
1915
0
VERTEX
8
Flux traps
10
-385
20
1935
0
VERTEX
8
Flux traps
10
-365
20
1935
0
VERTEX
8
Flux traps
10
-365
20
1915
0
SEQEND
0
POLYLINE
8
Flux traps
70
1
40
0
41
0
66
1
0
VERTEX
8
Flux traps
10
-435
20
1915
0
VERTEX
8
Flux traps
10
-435
20
1935
0
VERTEX
8
Flux traps
10
-415
20
1935
0
VERTEX
8
Flux traps
10
-415
20
1915
0
SEQEND
0
POLYLINE
8
Flux traps
70
1
40
0
41
0
66
1
0
VERTEX
8
Flux traps
10
-485
20
1915
0
VERTEX
8
Flux traps
10
-485
20
1935
0
VERTEX
8
Flux traps
10
-465
20
1935
0
VERTEX
8
Flux traps
10
-465
20
1915
0
SEQEND
0
POLYLINE
8
Flux traps
70
1
40
0
41
0
66
1
0
VERTEX
8
Flux traps
10
-35
20
2065
0
VERTEX
8
Flux traps
10
-35
20
2085
0
VERTEX
8
Flux traps
10
-15
20
2085
0
VERTEX
8
Flux traps
10
-15
20
2065
0
SEQEND
0
POLYLINE
8
Flux traps
70
1
40
0
41
0
66
1
0
VERTEX
8
Flux traps
10
-35
20
1965
0
VERTEX
8
Flux traps
10
-35
20
1985
0
VERTEX
8
Flux traps
10
-15
20
1985
0
VERTEX
8
Flux traps
10
-15
20
1965
0
SEQEND
0
POLYLINE
8
Flux traps
70
1
40
0
41
0
66
1
0
VERTEX
8
Flux traps
10
-85
20
1965
0
VERTEX
8
Flux traps
10
-85
20
1985
0
VERTEX
8
Flux traps
10
-65
20
1985
0
VERTEX
8
Flux traps
10
-65
20
1965
0
SEQEND
0
POLYLINE
8
Flux traps
70
1
40
0
41
0
66
1
0
VERTEX
8
Flux traps
10
-135
20
1965
0
VERTEX
8
Flux traps
10
-135
20
1985
0
VERTEX
8
Flux traps
10
-115
20
1985
0
VERTEX
8
Flux traps
10
-115
20
1965
0
SEQEND
0
POLYLINE
8
Flux traps
70
1
40
0
41
0
66
1
0
VERTEX
8
Flux traps
10
-185
20
1965
0
VERTEX
8
Flux traps
10
-185
20
1985
0
VERTEX
8
Flux traps
10
-165
20
1985
0
VERTEX
8
Flux traps
10
-165
20
1965
0
SEQEND
0
POLYLINE
8
Flux traps
70
1
40
0
41
0
66
1
0
VERTEX
8
Flux traps
10
-235
20
1965
0
VERTEX
8
Flux traps
10
-235
20
1985
0
VERTEX
8
Flux traps
10
-215
20
1985
0
VERTEX
8
Flux traps
10
-215
20
1965
0
SEQEND
0
POLYLINE
8
Flux traps
70
1
40
0
41
0
66
1
0
VERTEX
8
Flux traps
10
-285
20
1965
0
VERTEX
8
Flux traps
10
-285
20
1985
0
VERTEX
8
Flux traps
10
-265
20
1985
0
VERTEX
8
Flux traps
10
-265
20
1965
0
SEQEND
0
POLYLINE
8
Flux traps
70
1
40
0
41
0
66
1
0
VERTEX
8
Flux traps
10
-335
20
1965
0
VERTEX
8
Flux traps
10
-335
20
1985
0
VERTEX
8
Flux traps
10
-315
20
1985
0
VERTEX
8
Flux traps
10
-315
20
1965
0
SEQEND
0
POLYLINE
8
Flux traps
70
1
40
0
41
0
66
1
0
VERTEX
8
Flux traps
10
-385
20
1965
0
VERTEX
8
Flux traps
10
-385
20
1985
0
VERTEX
8
Flux traps
10
-365
20
1985
0
VERTEX
8
Flux traps
10
-365
20
1965
0
SEQEND
0
POLYLINE
8
Flux traps
70
1
40
0
41
0
66
1
0
VERTEX
8
Flux traps
10
-435
20
1965
0
VERTEX
8
Flux traps
10
-435
20
1985
0
VERTEX
8
Flux traps
10
-415
20
1985
0
VERTEX
8
Flux traps
10
-415
20
1965
0
SEQEND
0
POLYLINE
8
Flux traps
70
1
40
0
41
0
66
1
0
VERTEX
8
Flux traps
10
-485
20
1965
0
VERTEX
8
Flux traps
10
-485
20
1985
0
VERTEX
8
Flux traps
10
-465
20
1985
0
VERTEX
8
Flux traps
10
-465
20
1965
0
SEQEND
0
POLYLINE
8
Flux traps
70
1
40
0
41
0
66
1
0
VERTEX
8
Flux traps
10
-235
20
2065
0
VERTEX
8
Flux traps
10
-235
20
2085
0
VERTEX
8
Flux traps
10
-215
20
2085
0
VERTEX
8
Flux traps
10
-215
20
2065
0
SEQEND
0
POLYLINE
8
Flux traps
70
1
40
0
41
0
66
1
0
VERTEX
8
Flux traps
10
-185
20
2065
0
VERTEX
8
Flux traps
10
-185
20
2085
0
VERTEX
8
Flux traps
10
-165
20
2085
0
VERTEX
8
Flux traps
10
-165
20
2065
0
SEQEND
0
POLYLINE
8
Flux traps
70
1
40
0
41
0
66
1
0
VERTEX
8
Flux traps
10
-35
20
2015
0
VERTEX
8
Flux traps
10
-35
20
2035
0
VERTEX
8
Flux traps
10
-15
20
2035
0
VERTEX
8
Flux traps
10
-15
20
2015
0
SEQEND
0
POLYLINE
8
Flux traps
70
1
40
0
41
0
66
1
0
VERTEX
8
Flux traps
10
-85
20
2015
0
VERTEX
8
Flux traps
10
-85
20
2035
0
VERTEX
8
Flux traps
10
-65
20
2035
0
VERTEX
8
Flux traps
10
-65
20
2015
0
SEQEND
0
POLYLINE
8
Flux traps
70
1
40
0
41
0
66
1
0
VERTEX
8
Flux traps
10
-135
20
2015
0
VERTEX
8
Flux traps
10
-135
20
2035
0
VERTEX
8
Flux traps
10
-115
20
2035
0
VERTEX
8
Flux traps
10
-115
20
2015
0
SEQEND
0
POLYLINE
8
Flux traps
70
1
40
0
41
0
66
1
0
VERTEX
8
Flux traps
10
-185
20
2015
0
VERTEX
8
Flux traps
10
-185
20
2035
0
VERTEX
8
Flux traps
10
-165
20
2035
0
VERTEX
8
Flux traps
10
-165
20
2015
0
SEQEND
0
POLYLINE
8
Flux traps
70
1
40
0
41
0
66
1
0
VERTEX
8
Flux traps
10
-235
20
2015
0
VERTEX
8
Flux traps
10
-235
20
2035
0
VERTEX
8
Flux traps
10
-215
20
2035
0
VERTEX
8
Flux traps
10
-215
20
2015
0
SEQEND
0
POLYLINE
8
Flux traps
70
1
40
0
41
0
66
1
0
VERTEX
8
Flux traps
10
-285
20
2015
0
VERTEX
8
Flux traps
10
-285
20
2035
0
VERTEX
8
Flux traps
10
-265
20
2035
0
VERTEX
8
Flux traps
10
-265
20
2015
0
SEQEND
0
POLYLINE
8
Flux traps
70
1
40
0
41
0
66
1
0
VERTEX
8
Flux traps
10
-335
20
2015
0
VERTEX
8
Flux traps
10
-335
20
2035
0
VERTEX
8
Flux traps
10
-315
20
2035
0
VERTEX
8
Flux traps
10
-315
20
2015
0
SEQEND
0
POLYLINE
8
Flux traps
70
1
40
0
41
0
66
1
0
VERTEX
8
Flux traps
10
-385
20
2015
0
VERTEX
8
Flux traps
10
-385
20
2035
0
VERTEX
8
Flux traps
10
-365
20
2035
0
VERTEX
8
Flux traps
10
-365
20
2015
0
SEQEND
0
POLYLINE
8
Flux traps
70
1
40
0
41
0
66
1
0
VERTEX
8
Flux traps
10
-435
20
2015
0
VERTEX
8
Flux traps
10
-435
20
2035
0
VERTEX
8
Flux traps
10
-415
20
2035
0
VERTEX
8
Flux traps
10
-415
20
2015
0
SEQEND
0
POLYLINE
8
Flux traps
70
1
40
0
41
0
66
1
0
VERTEX
8
Flux traps
10
-485
20
2015
0
VERTEX
8
Flux traps
10
-485
20
2035
0
VERTEX
8
Flux traps
10
-465
20
2035
0
VERTEX
8
Flux traps
10
-465
20
2015
0
SEQEND
0
POLYLINE
8
Flux traps
70
1
40
0
41
0
66
1
0
VERTEX
8
Flux traps
10
-135
20
2065
0
VERTEX
8
Flux traps
10
-135
20
2085
0
VERTEX
8
Flux traps
10
-115
20
2085
0
VERTEX
8
Flux traps
10
-115
20
2065
0
SEQEND
0
POLYLINE
8
Flux traps
70
1
40
0
41
0
66
1
0
VERTEX
8
Flux traps
10
-35
20
1865
0
VERTEX
8
Flux traps
10
-35
20
1885
0
VERTEX
8
Flux traps
10
-15
20
1885
0
VERTEX
8
Flux traps
10
-15
20
1865
0
SEQEND
0
POLYLINE
8
Flux traps
70
1
40
0
41
0
66
1
0
VERTEX
8
Flux traps
10
-485
20
2065
0
VERTEX
8
Flux traps
10
-485
20
2085
0
VERTEX
8
Flux traps
10
-465
20
2085
0
VERTEX
8
Flux traps
10
-465
20
2065
0
SEQEND
0
POLYLINE
8
Flux traps
70
1
40
0
41
0
66
1
0
VERTEX
8
Flux traps
10
-435
20
2065
0
VERTEX
8
Flux traps
10
-435
20
2085
0
VERTEX
8
Flux traps
10
-415
20
2085
0
VERTEX
8
Flux traps
10
-415
20
2065
0
SEQEND
0
POLYLINE
8
Flux traps
70
1
40
0
41
0
66
1
0
VERTEX
8
Flux traps
10
-385
20
2065
0
VERTEX
8
Flux traps
10
-385
20
2085
0
VERTEX
8
Flux traps
10
-365
20
2085
0
VERTEX
8
Flux traps
10
-365
20
2065
0
SEQEND
0
POLYLINE
8
Flux traps
70
1
40
0
41
0
66
1
0
VERTEX
8
Flux traps
10
-335
20
2065
0
VERTEX
8
Flux traps
10
-335
20
2085
0
VERTEX
8
Flux traps
10
-315
20
2085
0
VERTEX
8
Flux traps
10
-315
20
2065
0
SEQEND
0
POLYLINE
8
Flux traps
70
1
40
0
41
0
66
1
0
VERTEX
8
Flux traps
10
-285
20
2065
0
VERTEX
8
Flux traps
10
-285
20
2085
0
VERTEX
8
Flux traps
10
-265
20
2085
0
VERTEX
8
Flux traps
10
-265
20
2065
0
SEQEND
0
POLYLINE
8
Flux traps
70
1
40
0
41
0
66
1
0
VERTEX
8
Flux traps
10
-585
20
1865
0
VERTEX
8
Flux traps
10
-585
20
1885
0
VERTEX
8
Flux traps
10
-565
20
1885
0
VERTEX
8
Flux traps
10
-565
20
1865
0
SEQEND
0
POLYLINE
8
Flux traps
70
1
40
0
41
0
66
1
0
VERTEX
8
Flux traps
10
-585
20
1915
0
VERTEX
8
Flux traps
10
-585
20
1935
0
VERTEX
8
Flux traps
10
-565
20
1935
0
VERTEX
8
Flux traps
10
-565
20
1915
0
SEQEND
0
POLYLINE
8
Flux traps
70
1
40
0
41
0
66
1
0
VERTEX
8
Flux traps
10
-585
20
1965
0
VERTEX
8
Flux traps
10
-585
20
1985
0
VERTEX
8
Flux traps
10
-565
20
1985
0
VERTEX
8
Flux traps
10
-565
20
1965
0
SEQEND
0
POLYLINE
8
Flux traps
70
1
40
0
41
0
66
1
0
VERTEX
8
Flux traps
10
-635
20
1965
0
VERTEX
8
Flux traps
10
-635
20
1985
0
VERTEX
8
Flux traps
10
-615
20
1985
0
VERTEX
8
Flux traps
10
-615
20
1965
0
SEQEND
0
POLYLINE
8
Flux traps
70
1
40
0
41
0
66
1
0
VERTEX
8
Flux traps
10
-685
20
1965
0
VERTEX
8
Flux traps
10
-685
20
1985
0
VERTEX
8
Flux traps
10
-665
20
1985
0
VERTEX
8
Flux traps
10
-665
20
1965
0
SEQEND
0
POLYLINE
8
Flux traps
70
1
40
0
41
0
66
1
0
VERTEX
8
Flux traps
10
-735
20
1965
0
VERTEX
8
Flux traps
10
-735
20
1985
0
VERTEX
8
Flux traps
10
-715
20
1985
0
VERTEX
8
Flux traps
10
-715
20
1965
0
SEQEND
0
POLYLINE
8
Flux traps
70
1
40
0
41
0
66
1
0
VERTEX
8
Flux traps
10
-785
20
1965
0
VERTEX
8
Flux traps
10
-785
20
1985
0
VERTEX
8
Flux traps
10
-765
20
1985
0
VERTEX
8
Flux traps
10
-765
20
1965
0
SEQEND
0
POLYLINE
8
Flux traps
70
1
40
0
41
0
66
1
0
VERTEX
8
Flux traps
10
-835
20
1965
0
VERTEX
8
Flux traps
10
-835
20
1985
0
VERTEX
8
Flux traps
10
-815
20
1985
0
VERTEX
8
Flux traps
10
-815
20
1965
0
SEQEND
0
POLYLINE
8
Flux traps
70
1
40
0
41
0
66
1
0
VERTEX
8
Flux traps
10
-885
20
1965
0
VERTEX
8
Flux traps
10
-885
20
1985
0
VERTEX
8
Flux traps
10
-865
20
1985
0
VERTEX
8
Flux traps
10
-865
20
1965
0
SEQEND
0
POLYLINE
8
Flux traps
70
1
40
0
41
0
66
1
0
VERTEX
8
Flux traps
10
-935
20
1965
0
VERTEX
8
Flux traps
10
-935
20
1985
0
VERTEX
8
Flux traps
10
-915
20
1985
0
VERTEX
8
Flux traps
10
-915
20
1965
0
SEQEND
0
POLYLINE
8
Flux traps
70
1
40
0
41
0
66
1
0
VERTEX
8
Flux traps
10
-985
20
1965
0
VERTEX
8
Flux traps
10
-985
20
1985
0
VERTEX
8
Flux traps
10
-965
20
1985
0
VERTEX
8
Flux traps
10
-965
20
1965
0
SEQEND
0
POLYLINE
8
Flux traps
70
1
40
0
41
0
66
1
0
VERTEX
8
Flux traps
10
-1035
20
1965
0
VERTEX
8
Flux traps
10
-1035
20
1985
0
VERTEX
8
Flux traps
10
-1015
20
1985
0
VERTEX
8
Flux traps
10
-1015
20
1965
0
SEQEND
0
POLYLINE
8
Flux traps
70
1
40
0
41
0
66
1
0
VERTEX
8
Flux traps
10
-935
20
2015
0
VERTEX
8
Flux traps
10
-935
20
2035
0
VERTEX
8
Flux traps
10
-915
20
2035
0
VERTEX
8
Flux traps
10
-915
20
2015
0
SEQEND
0
POLYLINE
8
Flux traps
70
1
40
0
41
0
66
1
0
VERTEX
8
Flux traps
10
-985
20
2015
0
VERTEX
8
Flux traps
10
-985
20
2035
0
VERTEX
8
Flux traps
10
-965
20
2035
0
VERTEX
8
Flux traps
10
-965
20
2015
0
SEQEND
0
POLYLINE
8
Flux traps
70
1
40
0
41
0
66
1
0
VERTEX
8
Flux traps
10
-1035
20
2015
0
VERTEX
8
Flux traps
10
-1035
20
2035
0
VERTEX
8
Flux traps
10
-1015
20
2035
0
VERTEX
8
Flux traps
10
-1015
20
2015
0
SEQEND
0
POLYLINE
8
Flux traps
70
1
40
0
41
0
66
1
0
VERTEX
8
Flux traps
10
-935
20
2065
0
VERTEX
8
Flux traps
10
-935
20
2085
0
VERTEX
8
Flux traps
10
-915
20
2085
0
VERTEX
8
Flux traps
10
-915
20
2065
0
SEQEND
0
POLYLINE
8
Flux traps
70
1
40
0
41
0
66
1
0
VERTEX
8
Flux traps
10
-985
20
2065
0
VERTEX
8
Flux traps
10
-985
20
2085
0
VERTEX
8
Flux traps
10
-965
20
2085
0
VERTEX
8
Flux traps
10
-965
20
2065
0
SEQEND
0
POLYLINE
8
Flux traps
70
1
40
0
41
0
66
1
0
VERTEX
8
Flux traps
10
-1035
20
2065
0
VERTEX
8
Flux traps
10
-1035
20
2085
0
VERTEX
8
Flux traps
10
-1015
20
2085
0
VERTEX
8
Flux traps
10
-1015
20
2065
0
SEQEND
0
POLYLINE
8
Flux traps
70
1
40
0
41
0
66
1
0
VERTEX
8
Flux traps
10
-635
20
1915
0
VERTEX
8
Flux traps
10
-635
20
1935
0
VERTEX
8
Flux traps
10
-615
20
1935
0
VERTEX
8
Flux traps
10
-615
20
1915
0
SEQEND
0
POLYLINE
8
Flux traps
70
1
40
0
41
0
66
1
0
VERTEX
8
Flux traps
10
-685
20
1915
0
VERTEX
8
Flux traps
10
-685
20
1935
0
VERTEX
8
Flux traps
10
-665
20
1935
0
VERTEX
8
Flux traps
10
-665
20
1915
0
SEQEND
0
POLYLINE
8
Flux traps
70
1
40
0
41
0
66
1
0
VERTEX
8
Flux traps
10
-735
20
1915
0
VERTEX
8
Flux traps
10
-735
20
1935
0
VERTEX
8
Flux traps
10
-715
20
1935
0
VERTEX
8
Flux traps
10
-715
20
1915
0
SEQEND
0
POLYLINE
8
Flux traps
70
1
40
0
41
0
66
1
0
VERTEX
8
Flux traps
10
-785
20
1915
0
VERTEX
8
Flux traps
10
-785
20
1935
0
VERTEX
8
Flux traps
10
-765
20
1935
0
VERTEX
8
Flux traps
10
-765
20
1915
0
SEQEND
0
POLYLINE
8
Flux traps
70
1
40
0
41
0
66
1
0
VERTEX
8
Flux traps
10
-835
20
1915
0
VERTEX
8
Flux traps
10
-835
20
1935
0
VERTEX
8
Flux traps
10
-815
20
1935
0
VERTEX
8
Flux traps
10
-815
20
1915
0
SEQEND
0
POLYLINE
8
Flux traps
70
1
40
0
41
0
66
1
0
VERTEX
8
Flux traps
10
-885
20
1915
0
VERTEX
8
Flux traps
10
-885
20
1935
0
VERTEX
8
Flux traps
10
-865
20
1935
0
VERTEX
8
Flux traps
10
-865
20
1915
0
SEQEND
0
POLYLINE
8
Flux traps
70
1
40
0
41
0
66
1
0
VERTEX
8
Flux traps
10
-935
20
1915
0
VERTEX
8
Flux traps
10
-935
20
1935
0
VERTEX
8
Flux traps
10
-915
20
1935
0
VERTEX
8
Flux traps
10
-915
20
1915
0
SEQEND
0
POLYLINE
8
Flux traps
70
1
40
0
41
0
66
1
0
VERTEX
8
Flux traps
10
-985
20
1915
0
VERTEX
8
Flux traps
10
-985
20
1935
0
VERTEX
8
Flux traps
10
-965
20
1935
0
VERTEX
8
Flux traps
10
-965
20
1915
0
SEQEND
0
POLYLINE
8
Flux traps
70
1
40
0
41
0
66
1
0
VERTEX
8
Flux traps
10
-1035
20
1915
0
VERTEX
8
Flux traps
10
-1035
20
1935
0
VERTEX
8
Flux traps
10
-1015
20
1935
0
VERTEX
8
Flux traps
10
-1015
20
1915
0
SEQEND
0
POLYLINE
8
Flux traps
70
1
40
0
41
0
66
1
0
VERTEX
8
Flux traps
10
-635
20
1865
0
VERTEX
8
Flux traps
10
-635
20
1885
0
VERTEX
8
Flux traps
10
-615
20
1885
0
VERTEX
8
Flux traps
10
-615
20
1865
0
SEQEND
0
POLYLINE
8
Flux traps
70
1
40
0
41
0
66
1
0
VERTEX
8
Flux traps
10
-685
20
1865
0
VERTEX
8
Flux traps
10
-685
20
1885
0
VERTEX
8
Flux traps
10
-665
20
1885
0
VERTEX
8
Flux traps
10
-665
20
1865
0
SEQEND
0
POLYLINE
8
Flux traps
70
1
40
0
41
0
66
1
0
VERTEX
8
Flux traps
10
-735
20
1865
0
VERTEX
8
Flux traps
10
-735
20
1885
0
VERTEX
8
Flux traps
10
-715
20
1885
0
VERTEX
8
Flux traps
10
-715
20
1865
0
SEQEND
0
POLYLINE
8
Flux traps
70
1
40
0
41
0
66
1
0
VERTEX
8
Flux traps
10
-585
20
2015
0
VERTEX
8
Flux traps
10
-585
20
2035
0
VERTEX
8
Flux traps
10
-565
20
2035
0
VERTEX
8
Flux traps
10
-565
20
2015
0
SEQEND
0
POLYLINE
8
Flux traps
70
1
40
0
41
0
66
1
0
VERTEX
8
Flux traps
10
-635
20
2015
0
VERTEX
8
Flux traps
10
-635
20
2035
0
VERTEX
8
Flux traps
10
-615
20
2035
0
VERTEX
8
Flux traps
10
-615
20
2015
0
SEQEND
0
POLYLINE
8
Flux traps
70
1
40
0
41
0
66
1
0
VERTEX
8
Flux traps
10
-685
20
2015
0
VERTEX
8
Flux traps
10
-685
20
2035
0
VERTEX
8
Flux traps
10
-665
20
2035
0
VERTEX
8
Flux traps
10
-665
20
2015
0
SEQEND
0
POLYLINE
8
Flux traps
70
1
40
0
41
0
66
1
0
VERTEX
8
Flux traps
10
-735
20
2015
0
VERTEX
8
Flux traps
10
-735
20
2035
0
VERTEX
8
Flux traps
10
-715
20
2035
0
VERTEX
8
Flux traps
10
-715
20
2015
0
SEQEND
0
POLYLINE
8
Flux traps
70
1
40
0
41
0
66
1
0
VERTEX
8
Flux traps
10
-885
20
2015
0
VERTEX
8
Flux traps
10
-885
20
2035
0
VERTEX
8
Flux traps
10
-865
20
2035
0
VERTEX
8
Flux traps
10
-865
20
2015
0
SEQEND
0
POLYLINE
8
Flux traps
70
1
40
0
41
0
66
1
0
VERTEX
8
Flux traps
10
-885
20
2065
0
VERTEX
8
Flux traps
10
-885
20
2085
0
VERTEX
8
Flux traps
10
-865
20
2085
0
VERTEX
8
Flux traps
10
-865
20
2065
0
SEQEND
0
POLYLINE
8
Flux traps
70
1
40
0
41
0
66
1
0
VERTEX
8
Flux traps
10
-835
20
2015
0
VERTEX
8
Flux traps
10
-835
20
2035
0
VERTEX
8
Flux traps
10
-815
20
2035
0
VERTEX
8
Flux traps
10
-815
20
2015
0
SEQEND
0
POLYLINE
8
Flux traps
70
1
40
0
41
0
66
1
0
VERTEX
8
Flux traps
10
-785
20
2015
0
VERTEX
8
Flux traps
10
-785
20
2035
0
VERTEX
8
Flux traps
10
-765
20
2035
0
VERTEX
8
Flux traps
10
-765
20
2015
0
SEQEND
0
POLYLINE
8
Flux traps
70
1
40
0
41
0
66
1
0
VERTEX
8
Flux traps
10
-835
20
2065
0
VERTEX
8
Flux traps
10
-835
20
2085
0
VERTEX
8
Flux traps
10
-815
20
2085
0
VERTEX
8
Flux traps
10
-815
20
2065
0
SEQEND
0
POLYLINE
8
Flux traps
70
1
40
0
41
0
66
1
0
VERTEX
8
Flux traps
10
-785
20
2065
0
VERTEX
8
Flux traps
10
-785
20
2085
0
VERTEX
8
Flux traps
10
-765
20
2085
0
VERTEX
8
Flux traps
10
-765
20
2065
0
SEQEND
0
POLYLINE
8
Flux traps
70
1
40
0
41
0
66
1
0
VERTEX
8
Flux traps
10
-735
20
2065
0
VERTEX
8
Flux traps
10
-735
20
2085
0
VERTEX
8
Flux traps
10
-715
20
2085
0
VERTEX
8
Flux traps
10
-715
20
2065
0
SEQEND
0
POLYLINE
8
Flux traps
70
1
40
0
41
0
66
1
0
VERTEX
8
Flux traps
10
-685
20
2065
0
VERTEX
8
Flux traps
10
-685
20
2085
0
VERTEX
8
Flux traps
10
-665
20
2085
0
VERTEX
8
Flux traps
10
-665
20
2065
0
SEQEND
0
POLYLINE
8
Flux traps
70
1
40
0
41
0
66
1
0
VERTEX
8
Flux traps
10
-635
20
2065
0
VERTEX
8
Flux traps
10
-635
20
2085
0
VERTEX
8
Flux traps
10
-615
20
2085
0
VERTEX
8
Flux traps
10
-615
20
2065
0
SEQEND
0
POLYLINE
8
Flux traps
70
1
40
0
41
0
66
1
0
VERTEX
8
Flux traps
10
-585
20
2065
0
VERTEX
8
Flux traps
10
-585
20
2085
0
VERTEX
8
Flux traps
10
-565
20
2085
0
VERTEX
8
Flux traps
10
-565
20
2065
0
SEQEND
0
POLYLINE
8
Flux traps
70
1
40
0
41
0
66
1
0
VERTEX
8
Flux traps
10
-785
20
1865
0
VERTEX
8
Flux traps
10
-785
20
1885
0
VERTEX
8
Flux traps
10
-765
20
1885
0
VERTEX
8
Flux traps
10
-765
20
1865
0
SEQEND
0
POLYLINE
8
Flux traps
70
1
40
0
41
0
66
1
0
VERTEX
8
Flux traps
10
-835
20
1865
0
VERTEX
8
Flux traps
10
-835
20
1885
0
VERTEX
8
Flux traps
10
-815
20
1885
0
VERTEX
8
Flux traps
10
-815
20
1865
0
SEQEND
0
POLYLINE
8
Flux traps
70
1
40
0
41
0
66
1
0
VERTEX
8
Flux traps
10
-885
20
1865
0
VERTEX
8
Flux traps
10
-885
20
1885
0
VERTEX
8
Flux traps
10
-865
20
1885
0
VERTEX
8
Flux traps
10
-865
20
1865
0
SEQEND
0
POLYLINE
8
Flux traps
70
1
40
0
41
0
66
1
0
VERTEX
8
Flux traps
10
-935
20
1865
0
VERTEX
8
Flux traps
10
-935
20
1885
0
VERTEX
8
Flux traps
10
-915
20
1885
0
VERTEX
8
Flux traps
10
-915
20
1865
0
SEQEND
0
POLYLINE
8
Flux traps
70
1
40
0
41
0
66
1
0
VERTEX
8
Flux traps
10
-985
20
1865
0
VERTEX
8
Flux traps
10
-985
20
1885
0
VERTEX
8
Flux traps
10
-965
20
1885
0
VERTEX
8
Flux traps
10
-965
20
1865
0
SEQEND
0
POLYLINE
8
Flux traps
70
1
40
0
41
0
66
1
0
VERTEX
8
Flux traps
10
-1035
20
1865
0
VERTEX
8
Flux traps
10
-1035
20
1885
0
VERTEX
8
Flux traps
10
-1015
20
1885
0
VERTEX
8
Flux traps
10
-1015
20
1865
0
SEQEND
0
POLYLINE
8
Flux traps
70
1
40
0
41
0
66
1
0
VERTEX
8
Flux traps
10
-885
20
1765
0
VERTEX
8
Flux traps
10
-885
20
1785
0
VERTEX
8
Flux traps
10
-865
20
1785
0
VERTEX
8
Flux traps
10
-865
20
1765
0
SEQEND
0
POLYLINE
8
Flux traps
70
1
40
0
41
0
66
1
0
VERTEX
8
Flux traps
10
-985
20
1715
0
VERTEX
8
Flux traps
10
-985
20
1735
0
VERTEX
8
Flux traps
10
-965
20
1735
0
VERTEX
8
Flux traps
10
-965
20
1715
0
SEQEND
0
POLYLINE
8
Flux traps
70
1
40
0
41
0
66
1
0
VERTEX
8
Flux traps
10
-935
20
1765
0
VERTEX
8
Flux traps
10
-935
20
1785
0
VERTEX
8
Flux traps
10
-915
20
1785
0
VERTEX
8
Flux traps
10
-915
20
1765
0
SEQEND
0
POLYLINE
8
Flux traps
70
1
40
0
41
0
66
1
0
VERTEX
8
Flux traps
10
-635
20
1715
0
VERTEX
8
Flux traps
10
-635
20
1735
0
VERTEX
8
Flux traps
10
-615
20
1735
0
VERTEX
8
Flux traps
10
-615
20
1718.322
0
VERTEX
8
Flux traps
10
-618.322
20
1715
0
SEQEND
0
POLYLINE
8
Flux traps
70
1
40
0
41
0
66
1
0
VERTEX
8
Flux traps
10
-985
20
1765
0
VERTEX
8
Flux traps
10
-985
20
1785
0
VERTEX
8
Flux traps
10
-965
20
1785
0
VERTEX
8
Flux traps
10
-965
20
1765
0
SEQEND
0
POLYLINE
8
Flux traps
70
1
40
0
41
0
66
1
0
VERTEX
8
Flux traps
10
-585
20
1765
0
VERTEX
8
Flux traps
10
-585
20
1785
0
VERTEX
8
Flux traps
10
-565
20
1785
0
VERTEX
8
Flux traps
10
-565
20
1765
0
SEQEND
0
POLYLINE
8
Flux traps
70
1
40
0
41
0
66
1
0
VERTEX
8
Flux traps
10
-685
20
1615
0
VERTEX
8
Flux traps
10
-685
20
1635
0
VERTEX
8
Flux traps
10
-665
20
1635
0
VERTEX
8
Flux traps
10
-665
20
1615
0
SEQEND
0
POLYLINE
8
Flux traps
70
1
40
0
41
0
66
1
0
VERTEX
8
Flux traps
10
-735
20
1615
0
VERTEX
8
Flux traps
10
-735
20
1635
0
VERTEX
8
Flux traps
10
-715
20
1635
0
VERTEX
8
Flux traps
10
-715
20
1615
0
SEQEND
0
POLYLINE
8
Flux traps
70
1
40
0
41
0
66
1
0
VERTEX
8
Flux traps
10
-785
20
1615
0
VERTEX
8
Flux traps
10
-785
20
1635
0
VERTEX
8
Flux traps
10
-765
20
1635
0
VERTEX
8
Flux traps
10
-765
20
1615
0
SEQEND
0
POLYLINE
8
Flux traps
70
1
40
0
41
0
66
1
0
VERTEX
8
Flux traps
10
-835
20
1615
0
VERTEX
8
Flux traps
10
-835
20
1635
0
VERTEX
8
Flux traps
10
-815
20
1635
0
VERTEX
8
Flux traps
10
-815
20
1615
0
SEQEND
0
POLYLINE
8
Flux traps
70
1
40
0
41
0
66
1
0
VERTEX
8
Flux traps
10
-985
20
1615
0
VERTEX
8
Flux traps
10
-985
20
1635
0
VERTEX
8
Flux traps
10
-965
20
1635
0
VERTEX
8
Flux traps
10
-965
20
1615
0
SEQEND
0
POLYLINE
8
Flux traps
70
1
40
0
41
0
66
1
0
VERTEX
8
Flux traps
10
-1035
20
1615
0
VERTEX
8
Flux traps
10
-1035
20
1635
0
VERTEX
8
Flux traps
10
-1015
20
1635
0
VERTEX
8
Flux traps
10
-1015
20
1615
0
SEQEND
0
POLYLINE
8
Flux traps
70
1
40
0
41
0
66
1
0
VERTEX
8
Flux traps
10
-685
20
1665
0
VERTEX
8
Flux traps
10
-685
20
1685
0
VERTEX
8
Flux traps
10
-665
20
1685
0
VERTEX
8
Flux traps
10
-665
20
1665
0
SEQEND
0
POLYLINE
8
Flux traps
70
1
40
0
41
0
66
1
0
VERTEX
8
Flux traps
10
-735
20
1665
0
VERTEX
8
Flux traps
10
-735
20
1685
0
VERTEX
8
Flux traps
10
-715
20
1685
0
VERTEX
8
Flux traps
10
-715
20
1665
0
SEQEND
0
POLYLINE
8
Flux traps
70
1
40
0
41
0
66
1
0
VERTEX
8
Flux traps
10
-785
20
1665
0
VERTEX
8
Flux traps
10
-785
20
1685
0
VERTEX
8
Flux traps
10
-765
20
1685
0
VERTEX
8
Flux traps
10
-765
20
1665
0
SEQEND
0
POLYLINE
8
Flux traps
70
1
40
0
41
0
66
1
0
VERTEX
8
Flux traps
10
-835
20
1665
0
VERTEX
8
Flux traps
10
-835
20
1685
0
VERTEX
8
Flux traps
10
-815
20
1685
0
VERTEX
8
Flux traps
10
-815
20
1665
0
SEQEND
0
POLYLINE
8
Flux traps
70
1
40
0
41
0
66
1
0
VERTEX
8
Flux traps
10
-985
20
1665
0
VERTEX
8
Flux traps
10
-985
20
1685
0
VERTEX
8
Flux traps
10
-965
20
1685
0
VERTEX
8
Flux traps
10
-965
20
1665
0
SEQEND
0
POLYLINE
8
Flux traps
70
1
40
0
41
0
66
1
0
VERTEX
8
Flux traps
10
-1035
20
1665
0
VERTEX
8
Flux traps
10
-1035
20
1685
0
VERTEX
8
Flux traps
10
-1015
20
1685
0
VERTEX
8
Flux traps
10
-1015
20
1665
0
SEQEND
0
POLYLINE
8
Flux traps
70
1
40
0
41
0
66
1
0
VERTEX
8
Flux traps
10
-685
20
1715
0
VERTEX
8
Flux traps
10
-685
20
1735
0
VERTEX
8
Flux traps
10
-665
20
1735
0
VERTEX
8
Flux traps
10
-665
20
1715
0
SEQEND
0
POLYLINE
8
Flux traps
70
1
40
0
41
0
66
1
0
VERTEX
8
Flux traps
10
-735
20
1715
0
VERTEX
8
Flux traps
10
-735
20
1735
0
VERTEX
8
Flux traps
10
-715
20
1735
0
VERTEX
8
Flux traps
10
-715
20
1715
0
SEQEND
0
POLYLINE
8
Flux traps
70
1
40
0
41
0
66
1
0
VERTEX
8
Flux traps
10
-785
20
1715
0
VERTEX
8
Flux traps
10
-785
20
1735
0
VERTEX
8
Flux traps
10
-765
20
1735
0
VERTEX
8
Flux traps
10
-765
20
1715
0
SEQEND
0
POLYLINE
8
Flux traps
70
1
40
0
41
0
66
1
0
VERTEX
8
Flux traps
10
-835
20
1715
0
VERTEX
8
Flux traps
10
-835
20
1735
0
VERTEX
8
Flux traps
10
-815
20
1735
0
VERTEX
8
Flux traps
10
-815
20
1715
0
SEQEND
0
POLYLINE
8
Flux traps
70
1
40
0
41
0
66
1
0
VERTEX
8
Flux traps
10
-1035
20
1715
0
VERTEX
8
Flux traps
10
-1035
20
1735
0
VERTEX
8
Flux traps
10
-1015
20
1735
0
VERTEX
8
Flux traps
10
-1015
20
1715
0
SEQEND
0
POLYLINE
8
Flux traps
70
1
40
0
41
0
66
1
0
VERTEX
8
Flux traps
10
-685
20
1765
0
VERTEX
8
Flux traps
10
-685
20
1785
0
VERTEX
8
Flux traps
10
-665
20
1785
0
VERTEX
8
Flux traps
10
-665
20
1765
0
SEQEND
0
POLYLINE
8
Flux traps
70
1
40
0
41
0
66
1
0
VERTEX
8
Flux traps
10
-735
20
1765
0
VERTEX
8
Flux traps
10
-735
20
1785
0
VERTEX
8
Flux traps
10
-715
20
1785
0
VERTEX
8
Flux traps
10
-715
20
1765
0
SEQEND
0
POLYLINE
8
Flux traps
70
1
40
0
41
0
66
1
0
VERTEX
8
Flux traps
10
-785
20
1765
0
VERTEX
8
Flux traps
10
-785
20
1785
0
VERTEX
8
Flux traps
10
-765
20
1785
0
VERTEX
8
Flux traps
10
-765
20
1765
0
SEQEND
0
POLYLINE
8
Flux traps
70
1
40
0
41
0
66
1
0
VERTEX
8
Flux traps
10
-835
20
1765
0
VERTEX
8
Flux traps
10
-835
20
1785
0
VERTEX
8
Flux traps
10
-815
20
1785
0
VERTEX
8
Flux traps
10
-815
20
1765
0
SEQEND
0
POLYLINE
8
Flux traps
70
1
40
0
41
0
66
1
0
VERTEX
8
Flux traps
10
-1035
20
1765
0
VERTEX
8
Flux traps
10
-1035
20
1785
0
VERTEX
8
Flux traps
10
-1015
20
1785
0
VERTEX
8
Flux traps
10
-1015
20
1765
0
SEQEND
0
POLYLINE
8
Flux traps
70
1
40
0
41
0
66
1
0
VERTEX
8
Flux traps
10
-635
20
1765
0
VERTEX
8
Flux traps
10
-635
20
1785
0
VERTEX
8
Flux traps
10
-615
20
1785
0
VERTEX
8
Flux traps
10
-615
20
1765
0
SEQEND
0
POLYLINE
8
Flux traps
70
1
40
0
41
0
66
1
0
VERTEX
8
Flux traps
10
-385
20
1765
0
VERTEX
8
Flux traps
10
-385
20
1785
0
VERTEX
8
Flux traps
10
-365
20
1785
0
VERTEX
8
Flux traps
10
-365
20
1765
0
SEQEND
0
POLYLINE
8
Flux traps
70
1
40
0
41
0
66
1
0
VERTEX
8
Flux traps
10
-435
20
1765
0
VERTEX
8
Flux traps
10
-435
20
1785
0
VERTEX
8
Flux traps
10
-415
20
1785
0
VERTEX
8
Flux traps
10
-415
20
1765
0
SEQEND
0
POLYLINE
8
Flux traps
70
1
40
0
41
0
66
1
0
VERTEX
8
Flux traps
10
-485
20
1765
0
VERTEX
8
Flux traps
10
-485
20
1785
0
VERTEX
8
Flux traps
10
-465
20
1785
0
VERTEX
8
Flux traps
10
-465
20
1765
0
SEQEND
0
POLYLINE
8
Flux traps
70
1
40
0
41
0
66
1
0
VERTEX
8
Flux traps
10
-281.678
20
1715
0
VERTEX
8
Flux traps
10
-285
20
1718.322
0
VERTEX
8
Flux traps
10
-285
20
1735
0
VERTEX
8
Flux traps
10
-265
20
1735
0
VERTEX
8
Flux traps
10
-265
20
1715
0
SEQEND
0
POLYLINE
8
Flux traps
70
1
40
0
41
0
66
1
0
VERTEX
8
Flux traps
10
-285
20
1765
0
VERTEX
8
Flux traps
10
-285
20
1785
0
VERTEX
8
Flux traps
10
-265
20
1785
0
VERTEX
8
Flux traps
10
-265
20
1765
0
SEQEND
0
POLYLINE
8
Flux traps
70
1
40
0
41
0
66
1
0
VERTEX
8
Flux traps
10
-35
20
1765
0
VERTEX
8
Flux traps
10
-35
20
1785
0
VERTEX
8
Flux traps
10
-15
20
1785
0
VERTEX
8
Flux traps
10
-15
20
1765
0
SEQEND
0
POLYLINE
8
Flux traps
70
1
40
0
41
0
66
1
0
VERTEX
8
Flux traps
10
-85
20
1765
0
VERTEX
8
Flux traps
10
-85
20
1785
0
VERTEX
8
Flux traps
10
-65
20
1785
0
VERTEX
8
Flux traps
10
-65
20
1765
0
SEQEND
0
POLYLINE
8
Flux traps
70
1
40
0
41
0
66
1
0
VERTEX
8
Flux traps
10
-135
20
1765
0
VERTEX
8
Flux traps
10
-135
20
1785
0
VERTEX
8
Flux traps
10
-115
20
1785
0
VERTEX
8
Flux traps
10
-115
20
1765
0
SEQEND
0
POLYLINE
8
Flux traps
70
1
40
0
41
0
66
1
0
VERTEX
8
Flux traps
10
-185
20
1765
0
VERTEX
8
Flux traps
10
-185
20
1785
0
VERTEX
8
Flux traps
10
-165
20
1785
0
VERTEX
8
Flux traps
10
-165
20
1765
0
SEQEND
0
POLYLINE
8
Flux traps
70
1
40
0
41
0
66
1
0
VERTEX
8
Flux traps
10
-235
20
1765
0
VERTEX
8
Flux traps
10
-235
20
1785
0
VERTEX
8
Flux traps
10
-215
20
1785
0
VERTEX
8
Flux traps
10
-215
20
1765
0
SEQEND
0
POLYLINE
8
Flux traps
70
1
40
0
41
0
66
1
0
VERTEX
8
Flux traps
10
-35
20
1665
0
VERTEX
8
Flux traps
10
-35
20
1685
0
VERTEX
8
Flux traps
10
-15
20
1685
0
VERTEX
8
Flux traps
10
-15
20
1665
0
SEQEND
0
POLYLINE
8
Flux traps
70
1
40
0
41
0
66
1
0
VERTEX
8
Flux traps
10
-85
20
1665
0
VERTEX
8
Flux traps
10
-85
20
1685
0
VERTEX
8
Flux traps
10
-65
20
1685
0
VERTEX
8
Flux traps
10
-65
20
1665
0
SEQEND
0
POLYLINE
8
Flux traps
70
1
40
0
41
0
66
1
0
VERTEX
8
Flux traps
10
-385
20
1615
0
VERTEX
8
Flux traps
10
-385
20
1631.623
0
VERTEX
8
Flux traps
10
-368.377
20
1615
0
SEQEND
0
POLYLINE
8
Flux traps
70
1
40
0
41
0
66
1
0
VERTEX
8
Flux traps
10
-135
20
1665
0
VERTEX
8
Flux traps
10
-135
20
1685
0
VERTEX
8
Flux traps
10
-115
20
1685
0
VERTEX
8
Flux traps
10
-115
20
1665
0
SEQEND
0
POLYLINE
8
Flux traps
70
1
40
0
41
0
66
1
0
VERTEX
8
Flux traps
10
-185
20
1665
0
VERTEX
8
Flux traps
10
-185
20
1685
0
VERTEX
8
Flux traps
10
-165
20
1685
0
VERTEX
8
Flux traps
10
-165
20
1665
0
SEQEND
0
POLYLINE
8
Flux traps
70
1
40
0
41
0
66
1
0
VERTEX
8
Flux traps
10
-235
20
1665
0
VERTEX
8
Flux traps
10
-235
20
1685
0
VERTEX
8
Flux traps
10
-215
20
1685
0
VERTEX
8
Flux traps
10
-215
20
1665
0
SEQEND
0
POLYLINE
8
Flux traps
70
1
40
0
41
0
66
1
0
VERTEX
8
Flux traps
10
-35
20
1615
0
VERTEX
8
Flux traps
10
-35
20
1635
0
VERTEX
8
Flux traps
10
-15
20
1635
0
VERTEX
8
Flux traps
10
-15
20
1615
0
SEQEND
0
POLYLINE
8
Flux traps
70
1
40
0
41
0
66
1
0
VERTEX
8
Flux traps
10
-85
20
1615
0
VERTEX
8
Flux traps
10
-85
20
1635
0
VERTEX
8
Flux traps
10
-65
20
1635
0
VERTEX
8
Flux traps
10
-65
20
1615
0
SEQEND
0
POLYLINE
8
Flux traps
70
1
40
0
41
0
66
1
0
VERTEX
8
Flux traps
10
-135
20
1615
0
VERTEX
8
Flux traps
10
-135
20
1635
0
VERTEX
8
Flux traps
10
-115
20
1635
0
VERTEX
8
Flux traps
10
-115
20
1615
0
SEQEND
0
POLYLINE
8
Flux traps
70
1
40
0
41
0
66
1
0
VERTEX
8
Flux traps
10
-185
20
1615
0
VERTEX
8
Flux traps
10
-185
20
1635
0
VERTEX
8
Flux traps
10
-165
20
1635
0
VERTEX
8
Flux traps
10
-165
20
1615
0
SEQEND
0
POLYLINE
8
Flux traps
70
1
40
0
41
0
66
1
0
VERTEX
8
Flux traps
10
-235
20
1615
0
VERTEX
8
Flux traps
10
-235
20
1635
0
VERTEX
8
Flux traps
10
-215
20
1635
0
VERTEX
8
Flux traps
10
-215
20
1615
0
SEQEND
0
POLYLINE
8
Flux traps
70
1
40
0
41
0
66
1
0
VERTEX
8
Flux traps
10
-335
20
1765
0
VERTEX
8
Flux traps
10
-335
20
1785
0
VERTEX
8
Flux traps
10
-315
20
1785
0
VERTEX
8
Flux traps
10
-315
20
1765
0
SEQEND
0
POLYLINE
8
Flux traps
70
1
40
0
41
0
66
1
0
VERTEX
8
Flux traps
10
-35
20
1715
0
VERTEX
8
Flux traps
10
-35
20
1735
0
VERTEX
8
Flux traps
10
-15
20
1735
0
VERTEX
8
Flux traps
10
-15
20
1715
0
SEQEND
0
POLYLINE
8
Flux traps
70
1
40
0
41
0
66
1
0
VERTEX
8
Flux traps
10
-435
20
1615
0
VERTEX
8
Flux traps
10
-435
20
1635
0
VERTEX
8
Flux traps
10
-415
20
1635
0
VERTEX
8
Flux traps
10
-415
20
1615
0
SEQEND
0
POLYLINE
8
Flux traps
70
1
40
0
41
0
66
1
0
VERTEX
8
Flux traps
10
-485
20
1615
0
VERTEX
8
Flux traps
10
-485
20
1635
0
VERTEX
8
Flux traps
10
-465
20
1635
0
VERTEX
8
Flux traps
10
-465
20
1615
0
SEQEND
0
POLYLINE
8
Flux traps
70
1
40
0
41
0
66
1
0
VERTEX
8
Flux traps
10
-85
20
1715
0
VERTEX
8
Flux traps
10
-85
20
1735
0
VERTEX
8
Flux traps
10
-65
20
1735
0
VERTEX
8
Flux traps
10
-65
20
1715
0
SEQEND
0
POLYLINE
8
Flux traps
70
1
40
0
41
0
66
1
0
VERTEX
8
Flux traps
10
-135
20
1715
0
VERTEX
8
Flux traps
10
-135
20
1735
0
VERTEX
8
Flux traps
10
-115
20
1735
0
VERTEX
8
Flux traps
10
-115
20
1715
0
SEQEND
0
POLYLINE
8
Flux traps
70
1
40
0
41
0
66
1
0
VERTEX
8
Flux traps
10
-185
20
1715
0
VERTEX
8
Flux traps
10
-185
20
1735
0
VERTEX
8
Flux traps
10
-165
20
1735
0
VERTEX
8
Flux traps
10
-165
20
1715
0
SEQEND
0
POLYLINE
8
Flux traps
70
1
40
0
41
0
66
1
0
VERTEX
8
Flux traps
10
-235
20
1715
0
VERTEX
8
Flux traps
10
-235
20
1735
0
VERTEX
8
Flux traps
10
-215
20
1735
0
VERTEX
8
Flux traps
10
-215
20
1715
0
SEQEND
0
POLYLINE
8
Flux traps
70
1
40
0
41
0
66
1
0
VERTEX
8
Flux traps
10
-1585
20
1815
0
VERTEX
8
Flux traps
10
-1585
20
1835
0
VERTEX
8
Flux traps
10
-1565
20
1835
0
VERTEX
8
Flux traps
10
-1565
20
1815
0
SEQEND
0
POLYLINE
8
Flux traps
70
1
40
0
41
0
66
1
0
VERTEX
8
Flux traps
10
-1735
20
1815
0
VERTEX
8
Flux traps
10
-1735
20
1835
0
VERTEX
8
Flux traps
10
-1715
20
1835
0
VERTEX
8
Flux traps
10
-1715
20
1815
0
SEQEND
0
POLYLINE
8
Flux traps
70
1
40
0
41
0
66
1
0
VERTEX
8
Flux traps
10
-1785
20
1815
0
VERTEX
8
Flux traps
10
-1785
20
1835
0
VERTEX
8
Flux traps
10
-1765
20
1835
0
VERTEX
8
Flux traps
10
-1765
20
1815
0
SEQEND
0
POLYLINE
8
Flux traps
70
1
40
0
41
0
66
1
0
VERTEX
8
Flux traps
10
-1835
20
1815
0
VERTEX
8
Flux traps
10
-1835
20
1835
0
VERTEX
8
Flux traps
10
-1815
20
1835
0
VERTEX
8
Flux traps
10
-1815
20
1815
0
SEQEND
0
POLYLINE
8
Flux traps
70
1
40
0
41
0
66
1
0
VERTEX
8
Flux traps
10
-1085
20
1815
0
VERTEX
8
Flux traps
10
-1085
20
1835
0
VERTEX
8
Flux traps
10
-1065
20
1835
0
VERTEX
8
Flux traps
10
-1065
20
1815
0
SEQEND
0
POLYLINE
8
Flux traps
70
1
40
0
41
0
66
1
0
VERTEX
8
Flux traps
10
-1135
20
1815
0
VERTEX
8
Flux traps
10
-1135
20
1835
0
VERTEX
8
Flux traps
10
-1115
20
1835
0
VERTEX
8
Flux traps
10
-1115
20
1815
0
SEQEND
0
POLYLINE
8
Flux traps
70
1
40
0
41
0
66
1
0
VERTEX
8
Flux traps
10
-1185
20
1815
0
VERTEX
8
Flux traps
10
-1185
20
1835
0
VERTEX
8
Flux traps
10
-1165
20
1835
0
VERTEX
8
Flux traps
10
-1165
20
1815
0
SEQEND
0
POLYLINE
8
Flux traps
70
1
40
0
41
0
66
1
0
VERTEX
8
Flux traps
10
-1235
20
1815
0
VERTEX
8
Flux traps
10
-1235
20
1835
0
VERTEX
8
Flux traps
10
-1215
20
1835
0
VERTEX
8
Flux traps
10
-1215
20
1815
0
SEQEND
0
POLYLINE
8
Flux traps
70
1
40
0
41
0
66
1
0
VERTEX
8
Flux traps
10
-1285
20
1815
0
VERTEX
8
Flux traps
10
-1285
20
1835
0
VERTEX
8
Flux traps
10
-1265
20
1835
0
VERTEX
8
Flux traps
10
-1265
20
1815
0
SEQEND
0
POLYLINE
8
Flux traps
70
1
40
0
41
0
66
1
0
VERTEX
8
Flux traps
10
-1335
20
1815
0
VERTEX
8
Flux traps
10
-1335
20
1835
0
VERTEX
8
Flux traps
10
-1315
20
1835
0
VERTEX
8
Flux traps
10
-1315
20
1815
0
SEQEND
0
POLYLINE
8
Flux traps
70
1
40
0
41
0
66
1
0
VERTEX
8
Flux traps
10
-1385
20
1815
0
VERTEX
8
Flux traps
10
-1385
20
1835
0
VERTEX
8
Flux traps
10
-1365
20
1835
0
VERTEX
8
Flux traps
10
-1365
20
1815
0
SEQEND
0
POLYLINE
8
Flux traps
70
1
40
0
41
0
66
1
0
VERTEX
8
Flux traps
10
-1435
20
1815
0
VERTEX
8
Flux traps
10
-1435
20
1835
0
VERTEX
8
Flux traps
10
-1415
20
1835
0
VERTEX
8
Flux traps
10
-1415
20
1815
0
SEQEND
0
POLYLINE
8
Flux traps
70
1
40
0
41
0
66
1
0
VERTEX
8
Flux traps
10
-1885
20
1815
0
VERTEX
8
Flux traps
10
-1885
20
1835
0
VERTEX
8
Flux traps
10
-1865
20
1835
0
VERTEX
8
Flux traps
10
-1865
20
1815
0
SEQEND
0
POLYLINE
8
Flux traps
70
1
40
0
41
0
66
1
0
VERTEX
8
Flux traps
10
-1935
20
1815
0
VERTEX
8
Flux traps
10
-1935
20
1835
0
VERTEX
8
Flux traps
10
-1915
20
1835
0
VERTEX
8
Flux traps
10
-1915
20
1815
0
SEQEND
0
POLYLINE
8
Flux traps
70
1
40
0
41
0
66
1
0
VERTEX
8
Flux traps
10
-1985
20
1815
0
VERTEX
8
Flux traps
10
-1985
20
1835
0
VERTEX
8
Flux traps
10
-1965
20
1835
0
VERTEX
8
Flux traps
10
-1965
20
1815
0
SEQEND
0
POLYLINE
8
Flux traps
70
1
40
0
41
0
66
1
0
VERTEX
8
Flux traps
10
-2035
20
1815
0
VERTEX
8
Flux traps
10
-2035
20
1835
0
VERTEX
8
Flux traps
10
-2015
20
1835
0
VERTEX
8
Flux traps
10
-2015
20
1815
0
SEQEND
0
POLYLINE
8
Flux traps
70
1
40
0
41
0
66
1
0
VERTEX
8
Flux traps
10
-1635
20
1815
0
VERTEX
8
Flux traps
10
-1635
20
1835
0
VERTEX
8
Flux traps
10
-1615
20
1835
0
VERTEX
8
Flux traps
10
-1615
20
1815
0
SEQEND
0
POLYLINE
8
Flux traps
70
1
40
0
41
0
66
1
0
VERTEX
8
Flux traps
10
-1685
20
1815
0
VERTEX
8
Flux traps
10
-1685
20
1835
0
VERTEX
8
Flux traps
10
-1665
20
1835
0
VERTEX
8
Flux traps
10
-1665
20
1815
0
SEQEND
0
POLYLINE
8
Flux traps
70
1
40
0
41
0
66
1
0
VERTEX
8
Flux traps
10
-1535
20
1815
0
VERTEX
8
Flux traps
10
-1535
20
1835
0
VERTEX
8
Flux traps
10
-1515
20
1835
0
VERTEX
8
Flux traps
10
-1515
20
1815
0
SEQEND
0
POLYLINE
8
Flux traps
70
1
40
0
41
0
66
1
0
VERTEX
8
Flux traps
10
-1485
20
1815
0
VERTEX
8
Flux traps
10
-1485
20
1835
0
VERTEX
8
Flux traps
10
-1465
20
1835
0
VERTEX
8
Flux traps
10
-1465
20
1815
0
SEQEND
0
POLYLINE
8
Flux traps
70
1
40
0
41
0
66
1
0
VERTEX
8
Flux traps
10
-1235
20
1865
0
VERTEX
8
Flux traps
10
-1235
20
1885
0
VERTEX
8
Flux traps
10
-1215
20
1885
0
VERTEX
8
Flux traps
10
-1215
20
1865
0
SEQEND
0
POLYLINE
8
Flux traps
70
1
40
0
41
0
66
1
0
VERTEX
8
Flux traps
10
-1235
20
1915
0
VERTEX
8
Flux traps
10
-1235
20
1935
0
VERTEX
8
Flux traps
10
-1215
20
1935
0
VERTEX
8
Flux traps
10
-1215
20
1915
0
SEQEND
0
POLYLINE
8
Flux traps
70
1
40
0
41
0
66
1
0
VERTEX
8
Flux traps
10
-1235
20
1965
0
VERTEX
8
Flux traps
10
-1235
20
1985
0
VERTEX
8
Flux traps
10
-1215
20
1985
0
VERTEX
8
Flux traps
10
-1215
20
1965
0
SEQEND
0
POLYLINE
8
Flux traps
70
1
40
0
41
0
66
1
0
VERTEX
8
Flux traps
10
-1235
20
2015
0
VERTEX
8
Flux traps
10
-1235
20
2035
0
VERTEX
8
Flux traps
10
-1215
20
2035
0
VERTEX
8
Flux traps
10
-1215
20
2015
0
SEQEND
0
POLYLINE
8
Flux traps
70
1
40
0
41
0
66
1
0
VERTEX
8
Flux traps
10
-1235
20
2065
0
VERTEX
8
Flux traps
10
-1235
20
2085
0
VERTEX
8
Flux traps
10
-1215
20
2085
0
VERTEX
8
Flux traps
10
-1215
20
2065
0
SEQEND
0
POLYLINE
8
Flux traps
70
1
40
0
41
0
66
1
0
VERTEX
8
Flux traps
10
-1285
20
1865
0
VERTEX
8
Flux traps
10
-1285
20
1885
0
VERTEX
8
Flux traps
10
-1265
20
1885
0
VERTEX
8
Flux traps
10
-1265
20
1865
0
SEQEND
0
POLYLINE
8
Flux traps
70
1
40
0
41
0
66
1
0
VERTEX
8
Flux traps
10
-1285
20
1915
0
VERTEX
8
Flux traps
10
-1285
20
1935
0
VERTEX
8
Flux traps
10
-1265
20
1935
0
VERTEX
8
Flux traps
10
-1265
20
1915
0
SEQEND
0
POLYLINE
8
Flux traps
70
1
40
0
41
0
66
1
0
VERTEX
8
Flux traps
10
-1285
20
1965
0
VERTEX
8
Flux traps
10
-1285
20
1985
0
VERTEX
8
Flux traps
10
-1265
20
1985
0
VERTEX
8
Flux traps
10
-1265
20
1965
0
SEQEND
0
POLYLINE
8
Flux traps
70
1
40
0
41
0
66
1
0
VERTEX
8
Flux traps
10
-1285
20
2015
0
VERTEX
8
Flux traps
10
-1285
20
2035
0
VERTEX
8
Flux traps
10
-1265
20
2035
0
VERTEX
8
Flux traps
10
-1265
20
2015
0
SEQEND
0
POLYLINE
8
Flux traps
70
1
40
0
41
0
66
1
0
VERTEX
8
Flux traps
10
-1285
20
2065
0
VERTEX
8
Flux traps
10
-1285
20
2085
0
VERTEX
8
Flux traps
10
-1265
20
2085
0
VERTEX
8
Flux traps
10
-1265
20
2065
0
SEQEND
0
POLYLINE
8
Flux traps
70
1
40
0
41
0
66
1
0
VERTEX
8
Flux traps
10
-1335
20
1865
0
VERTEX
8
Flux traps
10
-1335
20
1885
0
VERTEX
8
Flux traps
10
-1315
20
1885
0
VERTEX
8
Flux traps
10
-1315
20
1865
0
SEQEND
0
POLYLINE
8
Flux traps
70
1
40
0
41
0
66
1
0
VERTEX
8
Flux traps
10
-1335
20
1915
0
VERTEX
8
Flux traps
10
-1335
20
1935
0
VERTEX
8
Flux traps
10
-1315
20
1935
0
VERTEX
8
Flux traps
10
-1315
20
1915
0
SEQEND
0
POLYLINE
8
Flux traps
70
1
40
0
41
0
66
1
0
VERTEX
8
Flux traps
10
-1085
20
1865
0
VERTEX
8
Flux traps
10
-1085
20
1885
0
VERTEX
8
Flux traps
10
-1065
20
1885
0
VERTEX
8
Flux traps
10
-1065
20
1865
0
SEQEND
0
POLYLINE
8
Flux traps
70
1
40
0
41
0
66
1
0
VERTEX
8
Flux traps
10
-1135
20
1865
0
VERTEX
8
Flux traps
10
-1135
20
1885
0
VERTEX
8
Flux traps
10
-1115
20
1885
0
VERTEX
8
Flux traps
10
-1115
20
1865
0
SEQEND
0
POLYLINE
8
Flux traps
70
1
40
0
41
0
66
1
0
VERTEX
8
Flux traps
10
-1185
20
1865
0
VERTEX
8
Flux traps
10
-1185
20
1885
0
VERTEX
8
Flux traps
10
-1165
20
1885
0
VERTEX
8
Flux traps
10
-1165
20
1865
0
SEQEND
0
POLYLINE
8
Flux traps
70
1
40
0
41
0
66
1
0
VERTEX
8
Flux traps
10
-1335
20
1965
0
VERTEX
8
Flux traps
10
-1335
20
1985
0
VERTEX
8
Flux traps
10
-1315
20
1985
0
VERTEX
8
Flux traps
10
-1315
20
1965
0
SEQEND
0
POLYLINE
8
Flux traps
70
1
40
0
41
0
66
1
0
VERTEX
8
Flux traps
10
-1335
20
2015
0
VERTEX
8
Flux traps
10
-1335
20
2035
0
VERTEX
8
Flux traps
10
-1315
20
2035
0
VERTEX
8
Flux traps
10
-1315
20
2015
0
SEQEND
0
POLYLINE
8
Flux traps
70
1
40
0
41
0
66
1
0
VERTEX
8
Flux traps
10
-1335
20
2065
0
VERTEX
8
Flux traps
10
-1335
20
2085
0
VERTEX
8
Flux traps
10
-1315
20
2085
0
VERTEX
8
Flux traps
10
-1315
20
2065
0
SEQEND
0
POLYLINE
8
Flux traps
70
1
40
0
41
0
66
1
0
VERTEX
8
Flux traps
10
-1385
20
1865
0
VERTEX
8
Flux traps
10
-1385
20
1885
0
VERTEX
8
Flux traps
10
-1365
20
1885
0
VERTEX
8
Flux traps
10
-1365
20
1865
0
SEQEND
0
POLYLINE
8
Flux traps
70
1
40
0
41
0
66
1
0
VERTEX
8
Flux traps
10
-1385
20
1915
0
VERTEX
8
Flux traps
10
-1385
20
1935
0
VERTEX
8
Flux traps
10
-1365
20
1935
0
VERTEX
8
Flux traps
10
-1365
20
1915
0
SEQEND
0
POLYLINE
8
Flux traps
70
1
40
0
41
0
66
1
0
VERTEX
8
Flux traps
10
-1385
20
1965
0
VERTEX
8
Flux traps
10
-1385
20
1985
0
VERTEX
8
Flux traps
10
-1365
20
1985
0
VERTEX
8
Flux traps
10
-1365
20
1965
0
SEQEND
0
POLYLINE
8
Flux traps
70
1
40
0
41
0
66
1
0
VERTEX
8
Flux traps
10
-1085
20
1915
0
VERTEX
8
Flux traps
10
-1085
20
1935
0
VERTEX
8
Flux traps
10
-1065
20
1935
0
VERTEX
8
Flux traps
10
-1065
20
1915
0
SEQEND
0
POLYLINE
8
Flux traps
70
1
40
0
41
0
66
1
0
VERTEX
8
Flux traps
10
-1135
20
1915
0
VERTEX
8
Flux traps
10
-1135
20
1935
0
VERTEX
8
Flux traps
10
-1115
20
1935
0
VERTEX
8
Flux traps
10
-1115
20
1915
0
SEQEND
0
POLYLINE
8
Flux traps
70
1
40
0
41
0
66
1
0
VERTEX
8
Flux traps
10
-1185
20
1915
0
VERTEX
8
Flux traps
10
-1185
20
1935
0
VERTEX
8
Flux traps
10
-1165
20
1935
0
VERTEX
8
Flux traps
10
-1165
20
1915
0
SEQEND
0
POLYLINE
8
Flux traps
70
1
40
0
41
0
66
1
0
VERTEX
8
Flux traps
10
-1435
20
1915
0
VERTEX
8
Flux traps
10
-1435
20
1935
0
VERTEX
8
Flux traps
10
-1415
20
1935
0
VERTEX
8
Flux traps
10
-1415
20
1915
0
SEQEND
0
POLYLINE
8
Flux traps
70
1
40
0
41
0
66
1
0
VERTEX
8
Flux traps
10
-1385
20
2015
0
VERTEX
8
Flux traps
10
-1385
20
2035
0
VERTEX
8
Flux traps
10
-1365
20
2035
0
VERTEX
8
Flux traps
10
-1365
20
2015
0
SEQEND
0
POLYLINE
8
Flux traps
70
1
40
0
41
0
66
1
0
VERTEX
8
Flux traps
10
-1535
20
1865
0
VERTEX
8
Flux traps
10
-1535
20
1885
0
VERTEX
8
Flux traps
10
-1515
20
1885
0
VERTEX
8
Flux traps
10
-1515
20
1865
0
SEQEND
0
POLYLINE
8
Flux traps
70
1
40
0
41
0
66
1
0
VERTEX
8
Flux traps
10
-1535
20
1915
0
VERTEX
8
Flux traps
10
-1535
20
1935
0
VERTEX
8
Flux traps
10
-1515
20
1935
0
VERTEX
8
Flux traps
10
-1515
20
1915
0
SEQEND
0
POLYLINE
8
Flux traps
70
1
40
0
41
0
66
1
0
VERTEX
8
Flux traps
10
-1085
20
1965
0
VERTEX
8
Flux traps
10
-1085
20
1985
0
VERTEX
8
Flux traps
10
-1065
20
1985
0
VERTEX
8
Flux traps
10
-1065
20
1965
0
SEQEND
0
POLYLINE
8
Flux traps
70
1
40
0
41
0
66
1
0
VERTEX
8
Flux traps
10
-1135
20
1965
0
VERTEX
8
Flux traps
10
-1135
20
1985
0
VERTEX
8
Flux traps
10
-1115
20
1985
0
VERTEX
8
Flux traps
10
-1115
20
1965
0
SEQEND
0
POLYLINE
8
Flux traps
70
1
40
0
41
0
66
1
0
VERTEX
8
Flux traps
10
-1185
20
1965
0
VERTEX
8
Flux traps
10
-1185
20
1985
0
VERTEX
8
Flux traps
10
-1165
20
1985
0
VERTEX
8
Flux traps
10
-1165
20
1965
0
SEQEND
0
POLYLINE
8
Flux traps
70
1
40
0
41
0
66
1
0
VERTEX
8
Flux traps
10
-1435
20
1965
0
VERTEX
8
Flux traps
10
-1435
20
1985
0
VERTEX
8
Flux traps
10
-1415
20
1985
0
VERTEX
8
Flux traps
10
-1415
20
1965
0
SEQEND
0
POLYLINE
8
Flux traps
70
1
40
0
41
0
66
1
0
VERTEX
8
Flux traps
10
-1535
20
1965
0
VERTEX
8
Flux traps
10
-1535
20
1985
0
VERTEX
8
Flux traps
10
-1515
20
1985
0
VERTEX
8
Flux traps
10
-1515
20
1965
0
SEQEND
0
POLYLINE
8
Flux traps
70
1
40
0
41
0
66
1
0
VERTEX
8
Flux traps
10
-1535
20
2015
0
VERTEX
8
Flux traps
10
-1535
20
2035
0
VERTEX
8
Flux traps
10
-1515
20
2035
0
VERTEX
8
Flux traps
10
-1515
20
2015
0
SEQEND
0
POLYLINE
8
Flux traps
70
1
40
0
41
0
66
1
0
VERTEX
8
Flux traps
10
-1535
20
2065
0
VERTEX
8
Flux traps
10
-1535
20
2085
0
VERTEX
8
Flux traps
10
-1515
20
2085
0
VERTEX
8
Flux traps
10
-1515
20
2065
0
SEQEND
0
POLYLINE
8
Flux traps
70
1
40
0
41
0
66
1
0
VERTEX
8
Flux traps
10
-1085
20
2015
0
VERTEX
8
Flux traps
10
-1085
20
2035
0
VERTEX
8
Flux traps
10
-1065
20
2035
0
VERTEX
8
Flux traps
10
-1065
20
2015
0
SEQEND
0
POLYLINE
8
Flux traps
70
1
40
0
41
0
66
1
0
VERTEX
8
Flux traps
10
-1135
20
2015
0
VERTEX
8
Flux traps
10
-1135
20
2035
0
VERTEX
8
Flux traps
10
-1115
20
2035
0
VERTEX
8
Flux traps
10
-1115
20
2015
0
SEQEND
0
POLYLINE
8
Flux traps
70
1
40
0
41
0
66
1
0
VERTEX
8
Flux traps
10
-1185
20
2015
0
VERTEX
8
Flux traps
10
-1185
20
2035
0
VERTEX
8
Flux traps
10
-1165
20
2035
0
VERTEX
8
Flux traps
10
-1165
20
2015
0
SEQEND
0
POLYLINE
8
Flux traps
70
1
40
0
41
0
66
1
0
VERTEX
8
Flux traps
10
-1435
20
2015
0
VERTEX
8
Flux traps
10
-1435
20
2035
0
VERTEX
8
Flux traps
10
-1415
20
2035
0
VERTEX
8
Flux traps
10
-1415
20
2015
0
SEQEND
0
POLYLINE
8
Flux traps
70
1
40
0
41
0
66
1
0
VERTEX
8
Flux traps
10
-1385
20
2065
0
VERTEX
8
Flux traps
10
-1385
20
2085
0
VERTEX
8
Flux traps
10
-1365
20
2085
0
VERTEX
8
Flux traps
10
-1365
20
2065
0
SEQEND
0
POLYLINE
8
Flux traps
70
1
40
0
41
0
66
1
0
VERTEX
8
Flux traps
10
-1485
20
1865
0
VERTEX
8
Flux traps
10
-1485
20
1885
0
VERTEX
8
Flux traps
10
-1465
20
1885
0
VERTEX
8
Flux traps
10
-1465
20
1865
0
SEQEND
0
POLYLINE
8
Flux traps
70
1
40
0
41
0
66
1
0
VERTEX
8
Flux traps
10
-1085
20
2065
0
VERTEX
8
Flux traps
10
-1085
20
2085
0
VERTEX
8
Flux traps
10
-1065
20
2085
0
VERTEX
8
Flux traps
10
-1065
20
2065
0
SEQEND
0
POLYLINE
8
Flux traps
70
1
40
0
41
0
66
1
0
VERTEX
8
Flux traps
10
-1135
20
2065
0
VERTEX
8
Flux traps
10
-1135
20
2085
0
VERTEX
8
Flux traps
10
-1115
20
2085
0
VERTEX
8
Flux traps
10
-1115
20
2065
0
SEQEND
0
POLYLINE
8
Flux traps
70
1
40
0
41
0
66
1
0
VERTEX
8
Flux traps
10
-1185
20
2065
0
VERTEX
8
Flux traps
10
-1185
20
2085
0
VERTEX
8
Flux traps
10
-1165
20
2085
0
VERTEX
8
Flux traps
10
-1165
20
2065
0
SEQEND
0
POLYLINE
8
Flux traps
70
1
40
0
41
0
66
1
0
VERTEX
8
Flux traps
10
-1435
20
2065
0
VERTEX
8
Flux traps
10
-1435
20
2085
0
VERTEX
8
Flux traps
10
-1415
20
2085
0
VERTEX
8
Flux traps
10
-1415
20
2065
0
SEQEND
0
POLYLINE
8
Flux traps
70
1
40
0
41
0
66
1
0
VERTEX
8
Flux traps
10
-1485
20
1915
0
VERTEX
8
Flux traps
10
-1485
20
1935
0
VERTEX
8
Flux traps
10
-1465
20
1935
0
VERTEX
8
Flux traps
10
-1465
20
1915
0
SEQEND
0
POLYLINE
8
Flux traps
70
1
40
0
41
0
66
1
0
VERTEX
8
Flux traps
10
-1485
20
1965
0
VERTEX
8
Flux traps
10
-1485
20
1985
0
VERTEX
8
Flux traps
10
-1465
20
1985
0
VERTEX
8
Flux traps
10
-1465
20
1965
0
SEQEND
0
POLYLINE
8
Flux traps
70
1
40
0
41
0
66
1
0
VERTEX
8
Flux traps
10
-1485
20
2015
0
VERTEX
8
Flux traps
10
-1485
20
2035
0
VERTEX
8
Flux traps
10
-1465
20
2035
0
VERTEX
8
Flux traps
10
-1465
20
2015
0
SEQEND
0
POLYLINE
8
Flux traps
70
1
40
0
41
0
66
1
0
VERTEX
8
Flux traps
10
-1485
20
2065
0
VERTEX
8
Flux traps
10
-1485
20
2085
0
VERTEX
8
Flux traps
10
-1465
20
2085
0
VERTEX
8
Flux traps
10
-1465
20
2065
0
SEQEND
0
POLYLINE
8
Flux traps
70
1
40
0
41
0
66
1
0
VERTEX
8
Flux traps
10
-1435
20
1865
0
VERTEX
8
Flux traps
10
-1435
20
1885
0
VERTEX
8
Flux traps
10
-1415
20
1885
0
VERTEX
8
Flux traps
10
-1415
20
1865
0
SEQEND
0
POLYLINE
8
Flux traps
70
1
40
0
41
0
66
1
0
VERTEX
8
Flux traps
10
-1885
20
1915
0
VERTEX
8
Flux traps
10
-1885
20
1935
0
VERTEX
8
Flux traps
10
-1865
20
1935
0
VERTEX
8
Flux traps
10
-1865
20
1915
0
SEQEND
0
POLYLINE
8
Flux traps
70
1
40
0
41
0
66
1
0
VERTEX
8
Flux traps
10
-1935
20
1915
0
VERTEX
8
Flux traps
10
-1935
20
1935
0
VERTEX
8
Flux traps
10
-1915
20
1935
0
VERTEX
8
Flux traps
10
-1915
20
1915
0
SEQEND
0
POLYLINE
8
Flux traps
70
1
40
0
41
0
66
1
0
VERTEX
8
Flux traps
10
-1985
20
1915
0
VERTEX
8
Flux traps
10
-1985
20
1935
0
VERTEX
8
Flux traps
10
-1965
20
1935
0
VERTEX
8
Flux traps
10
-1965
20
1915
0
SEQEND
0
POLYLINE
8
Flux traps
70
1
40
0
41
0
66
1
0
VERTEX
8
Flux traps
10
-2035
20
1915
0
VERTEX
8
Flux traps
10
-2035
20
1935
0
VERTEX
8
Flux traps
10
-2015
20
1935
0
VERTEX
8
Flux traps
10
-2015
20
1915
0
SEQEND
0
POLYLINE
8
Flux traps
70
1
40
0
41
0
66
1
0
VERTEX
8
Flux traps
10
-1785
20
1865
0
VERTEX
8
Flux traps
10
-1785
20
1885
0
VERTEX
8
Flux traps
10
-1765
20
1885
0
VERTEX
8
Flux traps
10
-1765
20
1865
0
SEQEND
0
POLYLINE
8
Flux traps
70
1
40
0
41
0
66
1
0
VERTEX
8
Flux traps
10
-1835
20
1865
0
VERTEX
8
Flux traps
10
-1835
20
1885
0
VERTEX
8
Flux traps
10
-1815
20
1885
0
VERTEX
8
Flux traps
10
-1815
20
1865
0
SEQEND
0
POLYLINE
8
Flux traps
70
1
40
0
41
0
66
1
0
VERTEX
8
Flux traps
10
-1885
20
1865
0
VERTEX
8
Flux traps
10
-1885
20
1885
0
VERTEX
8
Flux traps
10
-1865
20
1885
0
VERTEX
8
Flux traps
10
-1865
20
1865
0
SEQEND
0
POLYLINE
8
Flux traps
70
1
40
0
41
0
66
1
0
VERTEX
8
Flux traps
10
-1935
20
1865
0
VERTEX
8
Flux traps
10
-1935
20
1885
0
VERTEX
8
Flux traps
10
-1915
20
1885
0
VERTEX
8
Flux traps
10
-1915
20
1865
0
SEQEND
0
POLYLINE
8
Flux traps
70
1
40
0
41
0
66
1
0
VERTEX
8
Flux traps
10
-1635
20
1865
0
VERTEX
8
Flux traps
10
-1635
20
1885
0
VERTEX
8
Flux traps
10
-1615
20
1885
0
VERTEX
8
Flux traps
10
-1615
20
1865
0
SEQEND
0
POLYLINE
8
Flux traps
70
1
40
0
41
0
66
1
0
VERTEX
8
Flux traps
10
-1685
20
1865
0
VERTEX
8
Flux traps
10
-1685
20
1885
0
VERTEX
8
Flux traps
10
-1665
20
1885
0
VERTEX
8
Flux traps
10
-1665
20
1865
0
SEQEND
0
POLYLINE
8
Flux traps
70
1
40
0
41
0
66
1
0
VERTEX
8
Flux traps
10
-1735
20
2065
0
VERTEX
8
Flux traps
10
-1735
20
2085
0
VERTEX
8
Flux traps
10
-1715
20
2085
0
VERTEX
8
Flux traps
10
-1715
20
2065
0
SEQEND
0
POLYLINE
8
Flux traps
70
1
40
0
41
0
66
1
0
VERTEX
8
Flux traps
10
-1585
20
1965
0
VERTEX
8
Flux traps
10
-1585
20
1985
0
VERTEX
8
Flux traps
10
-1565
20
1985
0
VERTEX
8
Flux traps
10
-1565
20
1965
0
SEQEND
0
POLYLINE
8
Flux traps
70
1
40
0
41
0
66
1
0
VERTEX
8
Flux traps
10
-1735
20
1965
0
VERTEX
8
Flux traps
10
-1735
20
1985
0
VERTEX
8
Flux traps
10
-1715
20
1985
0
VERTEX
8
Flux traps
10
-1715
20
1965
0
SEQEND
0
POLYLINE
8
Flux traps
70
1
40
0
41
0
66
1
0
VERTEX
8
Flux traps
10
-1785
20
1965
0
VERTEX
8
Flux traps
10
-1785
20
1985
0
VERTEX
8
Flux traps
10
-1765
20
1985
0
VERTEX
8
Flux traps
10
-1765
20
1965
0
SEQEND
0
POLYLINE
8
Flux traps
70
1
40
0
41
0
66
1
0
VERTEX
8
Flux traps
10
-1835
20
1965
0
VERTEX
8
Flux traps
10
-1835
20
1985
0
VERTEX
8
Flux traps
10
-1815
20
1985
0
VERTEX
8
Flux traps
10
-1815
20
1965
0
SEQEND
0
POLYLINE
8
Flux traps
70
1
40
0
41
0
66
1
0
VERTEX
8
Flux traps
10
-1885
20
1965
0
VERTEX
8
Flux traps
10
-1885
20
1985
0
VERTEX
8
Flux traps
10
-1865
20
1985
0
VERTEX
8
Flux traps
10
-1865
20
1965
0
SEQEND
0
POLYLINE
8
Flux traps
70
1
40
0
41
0
66
1
0
VERTEX
8
Flux traps
10
-1935
20
1965
0
VERTEX
8
Flux traps
10
-1935
20
1985
0
VERTEX
8
Flux traps
10
-1915
20
1985
0
VERTEX
8
Flux traps
10
-1915
20
1965
0
SEQEND
0
POLYLINE
8
Flux traps
70
1
40
0
41
0
66
1
0
VERTEX
8
Flux traps
10
-1985
20
1965
0
VERTEX
8
Flux traps
10
-1985
20
1985
0
VERTEX
8
Flux traps
10
-1965
20
1985
0
VERTEX
8
Flux traps
10
-1965
20
1965
0
SEQEND
0
POLYLINE
8
Flux traps
70
1
40
0
41
0
66
1
0
VERTEX
8
Flux traps
10
-2035
20
1965
0
VERTEX
8
Flux traps
10
-2035
20
1985
0
VERTEX
8
Flux traps
10
-2015
20
1985
0
VERTEX
8
Flux traps
10
-2015
20
1965
0
SEQEND
0
POLYLINE
8
Flux traps
70
1
40
0
41
0
66
1
0
VERTEX
8
Flux traps
10
-1785
20
2065
0
VERTEX
8
Flux traps
10
-1785
20
2085
0
VERTEX
8
Flux traps
10
-1765
20
2085
0
VERTEX
8
Flux traps
10
-1765
20
2065
0
SEQEND
0
POLYLINE
8
Flux traps
70
1
40
0
41
0
66
1
0
VERTEX
8
Flux traps
10
-1835
20
2065
0
VERTEX
8
Flux traps
10
-1835
20
2085
0
VERTEX
8
Flux traps
10
-1815
20
2085
0
VERTEX
8
Flux traps
10
-1815
20
2065
0
SEQEND
0
POLYLINE
8
Flux traps
70
1
40
0
41
0
66
1
0
VERTEX
8
Flux traps
10
-1885
20
2065
0
VERTEX
8
Flux traps
10
-1885
20
2085
0
VERTEX
8
Flux traps
10
-1865
20
2085
0
VERTEX
8
Flux traps
10
-1865
20
2065
0
SEQEND
0
POLYLINE
8
Flux traps
70
1
40
0
41
0
66
1
0
VERTEX
8
Flux traps
10
-1935
20
2065
0
VERTEX
8
Flux traps
10
-1935
20
2085
0
VERTEX
8
Flux traps
10
-1915
20
2085
0
VERTEX
8
Flux traps
10
-1915
20
2065
0
SEQEND
0
POLYLINE
8
Flux traps
70
1
40
0
41
0
66
1
0
VERTEX
8
Flux traps
10
-1985
20
2065
0
VERTEX
8
Flux traps
10
-1985
20
2085
0
VERTEX
8
Flux traps
10
-1965
20
2085
0
VERTEX
8
Flux traps
10
-1965
20
2065
0
SEQEND
0
POLYLINE
8
Flux traps
70
1
40
0
41
0
66
1
0
VERTEX
8
Flux traps
10
-2035
20
2065
0
VERTEX
8
Flux traps
10
-2035
20
2085
0
VERTEX
8
Flux traps
10
-2015
20
2085
0
VERTEX
8
Flux traps
10
-2015
20
2065
0
SEQEND
0
POLYLINE
8
Flux traps
70
1
40
0
41
0
66
1
0
VERTEX
8
Flux traps
10
-1635
20
2065
0
VERTEX
8
Flux traps
10
-1635
20
2085
0
VERTEX
8
Flux traps
10
-1615
20
2085
0
VERTEX
8
Flux traps
10
-1615
20
2065
0
SEQEND
0
POLYLINE
8
Flux traps
70
1
40
0
41
0
66
1
0
VERTEX
8
Flux traps
10
-1735
20
2015
0
VERTEX
8
Flux traps
10
-1735
20
2035
0
VERTEX
8
Flux traps
10
-1715
20
2035
0
VERTEX
8
Flux traps
10
-1715
20
2015
0
SEQEND
0
POLYLINE
8
Flux traps
70
1
40
0
41
0
66
1
0
VERTEX
8
Flux traps
10
-1785
20
2015
0
VERTEX
8
Flux traps
10
-1785
20
2035
0
VERTEX
8
Flux traps
10
-1765
20
2035
0
VERTEX
8
Flux traps
10
-1765
20
2015
0
SEQEND
0
POLYLINE
8
Flux traps
70
1
40
0
41
0
66
1
0
VERTEX
8
Flux traps
10
-1835
20
2015
0
VERTEX
8
Flux traps
10
-1835
20
2035
0
VERTEX
8
Flux traps
10
-1815
20
2035
0
VERTEX
8
Flux traps
10
-1815
20
2015
0
SEQEND
0
POLYLINE
8
Flux traps
70
1
40
0
41
0
66
1
0
VERTEX
8
Flux traps
10
-1885
20
2015
0
VERTEX
8
Flux traps
10
-1885
20
2035
0
VERTEX
8
Flux traps
10
-1865
20
2035
0
VERTEX
8
Flux traps
10
-1865
20
2015
0
SEQEND
0
POLYLINE
8
Flux traps
70
1
40
0
41
0
66
1
0
VERTEX
8
Flux traps
10
-1935
20
2015
0
VERTEX
8
Flux traps
10
-1935
20
2035
0
VERTEX
8
Flux traps
10
-1915
20
2035
0
VERTEX
8
Flux traps
10
-1915
20
2015
0
SEQEND
0
POLYLINE
8
Flux traps
70
1
40
0
41
0
66
1
0
VERTEX
8
Flux traps
10
-1985
20
2015
0
VERTEX
8
Flux traps
10
-1985
20
2035
0
VERTEX
8
Flux traps
10
-1965
20
2035
0
VERTEX
8
Flux traps
10
-1965
20
2015
0
SEQEND
0
POLYLINE
8
Flux traps
70
1
40
0
41
0
66
1
0
VERTEX
8
Flux traps
10
-2035
20
2015
0
VERTEX
8
Flux traps
10
-2035
20
2035
0
VERTEX
8
Flux traps
10
-2015
20
2035
0
VERTEX
8
Flux traps
10
-2015
20
2015
0
SEQEND
0
POLYLINE
8
Flux traps
70
1
40
0
41
0
66
1
0
VERTEX
8
Flux traps
10
-1685
20
2065
0
VERTEX
8
Flux traps
10
-1685
20
2085
0
VERTEX
8
Flux traps
10
-1665
20
2085
0
VERTEX
8
Flux traps
10
-1665
20
2065
0
SEQEND
0
POLYLINE
8
Flux traps
70
1
40
0
41
0
66
1
0
VERTEX
8
Flux traps
10
-1585
20
2015
0
VERTEX
8
Flux traps
10
-1585
20
2035
0
VERTEX
8
Flux traps
10
-1565
20
2035
0
VERTEX
8
Flux traps
10
-1565
20
2015
0
SEQEND
0
POLYLINE
8
Flux traps
70
1
40
0
41
0
66
1
0
VERTEX
8
Flux traps
10
-1585
20
2065
0
VERTEX
8
Flux traps
10
-1585
20
2085
0
VERTEX
8
Flux traps
10
-1565
20
2085
0
VERTEX
8
Flux traps
10
-1565
20
2065
0
SEQEND
0
POLYLINE
8
Flux traps
70
1
40
0
41
0
66
1
0
VERTEX
8
Flux traps
10
-1985
20
1865
0
VERTEX
8
Flux traps
10
-1985
20
1885
0
VERTEX
8
Flux traps
10
-1965
20
1885
0
VERTEX
8
Flux traps
10
-1965
20
1865
0
SEQEND
0
POLYLINE
8
Flux traps
70
1
40
0
41
0
66
1
0
VERTEX
8
Flux traps
10
-2035
20
1865
0
VERTEX
8
Flux traps
10
-2035
20
1885
0
VERTEX
8
Flux traps
10
-2015
20
1885
0
VERTEX
8
Flux traps
10
-2015
20
1865
0
SEQEND
0
POLYLINE
8
Flux traps
70
1
40
0
41
0
66
1
0
VERTEX
8
Flux traps
10
-1585
20
1865
0
VERTEX
8
Flux traps
10
-1585
20
1885
0
VERTEX
8
Flux traps
10
-1565
20
1885
0
VERTEX
8
Flux traps
10
-1565
20
1865
0
SEQEND
0
POLYLINE
8
Flux traps
70
1
40
0
41
0
66
1
0
VERTEX
8
Flux traps
10
-1735
20
1865
0
VERTEX
8
Flux traps
10
-1735
20
1885
0
VERTEX
8
Flux traps
10
-1715
20
1885
0
VERTEX
8
Flux traps
10
-1715
20
1865
0
SEQEND
0
POLYLINE
8
Flux traps
70
1
40
0
41
0
66
1
0
VERTEX
8
Flux traps
10
-1585
20
1915
0
VERTEX
8
Flux traps
10
-1585
20
1935
0
VERTEX
8
Flux traps
10
-1565
20
1935
0
VERTEX
8
Flux traps
10
-1565
20
1915
0
SEQEND
0
POLYLINE
8
Flux traps
70
1
40
0
41
0
66
1
0
VERTEX
8
Flux traps
10
-1735
20
1915
0
VERTEX
8
Flux traps
10
-1735
20
1935
0
VERTEX
8
Flux traps
10
-1715
20
1935
0
VERTEX
8
Flux traps
10
-1715
20
1915
0
SEQEND
0
POLYLINE
8
Flux traps
70
1
40
0
41
0
66
1
0
VERTEX
8
Flux traps
10
-1785
20
1915
0
VERTEX
8
Flux traps
10
-1785
20
1935
0
VERTEX
8
Flux traps
10
-1765
20
1935
0
VERTEX
8
Flux traps
10
-1765
20
1915
0
SEQEND
0
POLYLINE
8
Flux traps
70
1
40
0
41
0
66
1
0
VERTEX
8
Flux traps
10
-1835
20
1915
0
VERTEX
8
Flux traps
10
-1835
20
1935
0
VERTEX
8
Flux traps
10
-1815
20
1935
0
VERTEX
8
Flux traps
10
-1815
20
1915
0
SEQEND
0
POLYLINE
8
Flux traps
70
1
40
0
41
0
66
1
0
VERTEX
8
Flux traps
10
-1635
20
1915
0
VERTEX
8
Flux traps
10
-1635
20
1935
0
VERTEX
8
Flux traps
10
-1615
20
1935
0
VERTEX
8
Flux traps
10
-1615
20
1915
0
SEQEND
0
POLYLINE
8
Flux traps
70
1
40
0
41
0
66
1
0
VERTEX
8
Flux traps
10
-1685
20
1915
0
VERTEX
8
Flux traps
10
-1685
20
1935
0
VERTEX
8
Flux traps
10
-1665
20
1935
0
VERTEX
8
Flux traps
10
-1665
20
1915
0
SEQEND
0
POLYLINE
8
Flux traps
70
1
40
0
41
0
66
1
0
VERTEX
8
Flux traps
10
-1635
20
1965
0
VERTEX
8
Flux traps
10
-1635
20
1985
0
VERTEX
8
Flux traps
10
-1615
20
1985
0
VERTEX
8
Flux traps
10
-1615
20
1965
0
SEQEND
0
POLYLINE
8
Flux traps
70
1
40
0
41
0
66
1
0
VERTEX
8
Flux traps
10
-1685
20
1965
0
VERTEX
8
Flux traps
10
-1685
20
1985
0
VERTEX
8
Flux traps
10
-1665
20
1985
0
VERTEX
8
Flux traps
10
-1665
20
1965
0
SEQEND
0
POLYLINE
8
Flux traps
70
1
40
0
41
0
66
1
0
VERTEX
8
Flux traps
10
-1635
20
2015
0
VERTEX
8
Flux traps
10
-1635
20
2035
0
VERTEX
8
Flux traps
10
-1615
20
2035
0
VERTEX
8
Flux traps
10
-1615
20
2015
0
SEQEND
0
POLYLINE
8
Flux traps
70
1
40
0
41
0
66
1
0
VERTEX
8
Flux traps
10
-1685
20
2015
0
VERTEX
8
Flux traps
10
-1685
20
2035
0
VERTEX
8
Flux traps
10
-1665
20
2035
0
VERTEX
8
Flux traps
10
-1665
20
2015
0
SEQEND
0
POLYLINE
8
Flux traps
70
1
40
0
41
0
66
1
0
VERTEX
8
Flux traps
10
-1785
20
1715
0
VERTEX
8
Flux traps
10
-1785
20
1735
0
VERTEX
8
Flux traps
10
-1765
20
1735
0
VERTEX
8
Flux traps
10
-1765
20
1715
0
SEQEND
0
POLYLINE
8
Flux traps
70
1
40
0
41
0
66
1
0
VERTEX
8
Flux traps
10
-1835
20
1715
0
VERTEX
8
Flux traps
10
-1835
20
1735
0
VERTEX
8
Flux traps
10
-1815
20
1735
0
VERTEX
8
Flux traps
10
-1815
20
1715
0
SEQEND
0
POLYLINE
8
Flux traps
70
1
40
0
41
0
66
1
0
VERTEX
8
Flux traps
10
-2035
20
1715
0
VERTEX
8
Flux traps
10
-2035
20
1735
0
VERTEX
8
Flux traps
10
-2015
20
1735
0
VERTEX
8
Flux traps
10
-2015
20
1715
0
SEQEND
0
POLYLINE
8
Flux traps
70
1
40
0
41
0
66
1
0
VERTEX
8
Flux traps
10
-2085
20
1715
0
VERTEX
8
Flux traps
10
-2085
20
1735
0
VERTEX
8
Flux traps
10
-2065
20
1735
0
VERTEX
8
Flux traps
10
-2065
20
1715
0
SEQEND
0
POLYLINE
8
Flux traps
70
1
40
0
41
0
66
1
0
VERTEX
8
Flux traps
10
-1585
20
1715
0
VERTEX
8
Flux traps
10
-1585
20
1735
0
VERTEX
8
Flux traps
10
-1565
20
1735
0
VERTEX
8
Flux traps
10
-1565
20
1715
0
SEQEND
0
POLYLINE
8
Flux traps
70
1
40
0
41
0
66
1
0
VERTEX
8
Flux traps
10
-1985
20
1765
0
VERTEX
8
Flux traps
10
-1985
20
1785
0
VERTEX
8
Flux traps
10
-1965
20
1785
0
VERTEX
8
Flux traps
10
-1965
20
1765
0
SEQEND
0
POLYLINE
8
Flux traps
70
1
40
0
41
0
66
1
0
VERTEX
8
Flux traps
10
-2035
20
1765
0
VERTEX
8
Flux traps
10
-2035
20
1785
0
VERTEX
8
Flux traps
10
-2015
20
1785
0
VERTEX
8
Flux traps
10
-2015
20
1765
0
SEQEND
0
POLYLINE
8
Flux traps
70
1
40
0
41
0
66
1
0
VERTEX
8
Flux traps
10
-1585
20
1765
0
VERTEX
8
Flux traps
10
-1585
20
1785
0
VERTEX
8
Flux traps
10
-1565
20
1785
0
VERTEX
8
Flux traps
10
-1565
20
1765
0
SEQEND
0
POLYLINE
8
Flux traps
70
1
40
0
41
0
66
1
0
VERTEX
8
Flux traps
10
-1735
20
1765
0
VERTEX
8
Flux traps
10
-1735
20
1785
0
VERTEX
8
Flux traps
10
-1715
20
1785
0
VERTEX
8
Flux traps
10
-1715
20
1765
0
SEQEND
0
POLYLINE
8
Flux traps
70
1
40
0
41
0
66
1
0
VERTEX
8
Flux traps
10
-1785
20
1765
0
VERTEX
8
Flux traps
10
-1785
20
1785
0
VERTEX
8
Flux traps
10
-1765
20
1785
0
VERTEX
8
Flux traps
10
-1765
20
1765
0
SEQEND
0
POLYLINE
8
Flux traps
70
1
40
0
41
0
66
1
0
VERTEX
8
Flux traps
10
-1935
20
1615
0
VERTEX
8
Flux traps
10
-1935
20
1635
0
VERTEX
8
Flux traps
10
-1915
20
1635
0
VERTEX
8
Flux traps
10
-1915
20
1615
0
SEQEND
0
POLYLINE
8
Flux traps
70
1
40
0
41
0
66
1
0
VERTEX
8
Flux traps
10
-1685
20
1615
0
VERTEX
8
Flux traps
10
-1685
20
1635
0
VERTEX
8
Flux traps
10
-1665
20
1635
0
VERTEX
8
Flux traps
10
-1665
20
1615
0
SEQEND
0
POLYLINE
8
Flux traps
70
1
40
0
41
0
66
1
0
VERTEX
8
Flux traps
10
-1735
20
1615
0
VERTEX
8
Flux traps
10
-1735
20
1635
0
VERTEX
8
Flux traps
10
-1715
20
1635
0
VERTEX
8
Flux traps
10
-1715
20
1615
0
SEQEND
0
POLYLINE
8
Flux traps
70
1
40
0
41
0
66
1
0
VERTEX
8
Flux traps
10
-1785
20
1615
0
VERTEX
8
Flux traps
10
-1785
20
1635
0
VERTEX
8
Flux traps
10
-1765
20
1635
0
VERTEX
8
Flux traps
10
-1765
20
1615
0
SEQEND
0
POLYLINE
8
Flux traps
70
1
40
0
41
0
66
1
0
VERTEX
8
Flux traps
10
-1835
20
1615
0
VERTEX
8
Flux traps
10
-1835
20
1635
0
VERTEX
8
Flux traps
10
-1815
20
1635
0
VERTEX
8
Flux traps
10
-1815
20
1615
0
SEQEND
0
POLYLINE
8
Flux traps
70
1
40
0
41
0
66
1
0
VERTEX
8
Flux traps
10
-1985
20
1615
0
VERTEX
8
Flux traps
10
-1985
20
1635
0
VERTEX
8
Flux traps
10
-1965
20
1635
0
VERTEX
8
Flux traps
10
-1965
20
1615
0
SEQEND
0
POLYLINE
8
Flux traps
70
1
40
0
41
0
66
1
0
VERTEX
8
Flux traps
10
-2035
20
1615
0
VERTEX
8
Flux traps
10
-2035
20
1635
0
VERTEX
8
Flux traps
10
-2015
20
1635
0
VERTEX
8
Flux traps
10
-2015
20
1615
0
SEQEND
0
POLYLINE
8
Flux traps
70
1
40
0
41
0
66
1
0
VERTEX
8
Flux traps
10
-2085
20
1615
0
VERTEX
8
Flux traps
10
-2085
20
1635
0
VERTEX
8
Flux traps
10
-2065
20
1635
0
VERTEX
8
Flux traps
10
-2065
20
1615
0
SEQEND
0
POLYLINE
8
Flux traps
70
1
40
0
41
0
66
1
0
VERTEX
8
Flux traps
10
-1885
20
1665
0
VERTEX
8
Flux traps
10
-1885
20
1685
0
VERTEX
8
Flux traps
10
-1865
20
1685
0
VERTEX
8
Flux traps
10
-1865
20
1665
0
SEQEND
0
POLYLINE
8
Flux traps
70
1
40
0
41
0
66
1
0
VERTEX
8
Flux traps
10
-1935
20
1665
0
VERTEX
8
Flux traps
10
-1935
20
1685
0
VERTEX
8
Flux traps
10
-1915
20
1685
0
VERTEX
8
Flux traps
10
-1915
20
1665
0
SEQEND
0
POLYLINE
8
Flux traps
70
1
40
0
41
0
66
1
0
VERTEX
8
Flux traps
10
-1885
20
1715
0
VERTEX
8
Flux traps
10
-1885
20
1735
0
VERTEX
8
Flux traps
10
-1865
20
1735
0
VERTEX
8
Flux traps
10
-1865
20
1715
0
SEQEND
0
POLYLINE
8
Flux traps
70
1
40
0
41
0
66
1
0
VERTEX
8
Flux traps
10
-1935
20
1715
0
VERTEX
8
Flux traps
10
-1935
20
1735
0
VERTEX
8
Flux traps
10
-1915
20
1735
0
VERTEX
8
Flux traps
10
-1915
20
1715
0
SEQEND
0
POLYLINE
8
Flux traps
70
1
40
0
41
0
66
1
0
VERTEX
8
Flux traps
10
-1685
20
1665
0
VERTEX
8
Flux traps
10
-1685
20
1685
0
VERTEX
8
Flux traps
10
-1665
20
1685
0
VERTEX
8
Flux traps
10
-1665
20
1665
0
SEQEND
0
POLYLINE
8
Flux traps
70
1
40
0
41
0
66
1
0
VERTEX
8
Flux traps
10
-1735
20
1665
0
VERTEX
8
Flux traps
10
-1735
20
1685
0
VERTEX
8
Flux traps
10
-1715
20
1685
0
VERTEX
8
Flux traps
10
-1715
20
1665
0
SEQEND
0
POLYLINE
8
Flux traps
70
1
40
0
41
0
66
1
0
VERTEX
8
Flux traps
10
-1785
20
1665
0
VERTEX
8
Flux traps
10
-1785
20
1685
0
VERTEX
8
Flux traps
10
-1765
20
1685
0
VERTEX
8
Flux traps
10
-1765
20
1665
0
SEQEND
0
POLYLINE
8
Flux traps
70
1
40
0
41
0
66
1
0
VERTEX
8
Flux traps
10
-1835
20
1665
0
VERTEX
8
Flux traps
10
-1835
20
1685
0
VERTEX
8
Flux traps
10
-1815
20
1685
0
VERTEX
8
Flux traps
10
-1815
20
1665
0
SEQEND
0
POLYLINE
8
Flux traps
70
1
40
0
41
0
66
1
0
VERTEX
8
Flux traps
10
-1985
20
1665
0
VERTEX
8
Flux traps
10
-1985
20
1685
0
VERTEX
8
Flux traps
10
-1965
20
1685
0
VERTEX
8
Flux traps
10
-1965
20
1665
0
SEQEND
0
POLYLINE
8
Flux traps
70
1
40
0
41
0
66
1
0
VERTEX
8
Flux traps
10
-2035
20
1665
0
VERTEX
8
Flux traps
10
-2035
20
1685
0
VERTEX
8
Flux traps
10
-2015
20
1685
0
VERTEX
8
Flux traps
10
-2015
20
1665
0
SEQEND
0
POLYLINE
8
Flux traps
70
1
40
0
41
0
66
1
0
VERTEX
8
Flux traps
10
-2085
20
1665
0
VERTEX
8
Flux traps
10
-2085
20
1685
0
VERTEX
8
Flux traps
10
-2065
20
1685
0
VERTEX
8
Flux traps
10
-2065
20
1665
0
SEQEND
0
POLYLINE
8
Flux traps
70
1
40
0
41
0
66
1
0
VERTEX
8
Flux traps
10
-1885
20
1765
0
VERTEX
8
Flux traps
10
-1885
20
1785
0
VERTEX
8
Flux traps
10
-1865
20
1785
0
VERTEX
8
Flux traps
10
-1865
20
1765
0
SEQEND
0
POLYLINE
8
Flux traps
70
1
40
0
41
0
66
1
0
VERTEX
8
Flux traps
10
-1585
20
1615
0
VERTEX
8
Flux traps
10
-1585
20
1635
0
VERTEX
8
Flux traps
10
-1565
20
1635
0
VERTEX
8
Flux traps
10
-1565
20
1615
0
SEQEND
0
POLYLINE
8
Flux traps
70
1
40
0
41
0
66
1
0
VERTEX
8
Flux traps
10
-1635
20
1615
0
VERTEX
8
Flux traps
10
-1635
20
1635
0
VERTEX
8
Flux traps
10
-1615
20
1635
0
VERTEX
8
Flux traps
10
-1615
20
1615
0
SEQEND
0
POLYLINE
8
Flux traps
70
1
40
0
41
0
66
1
0
VERTEX
8
Flux traps
10
-1635
20
1665
0
VERTEX
8
Flux traps
10
-1635
20
1685
0
VERTEX
8
Flux traps
10
-1615
20
1685
0
VERTEX
8
Flux traps
10
-1615
20
1665
0
SEQEND
0
POLYLINE
8
Flux traps
70
1
40
0
41
0
66
1
0
VERTEX
8
Flux traps
10
-1585
20
1665
0
VERTEX
8
Flux traps
10
-1585
20
1685
0
VERTEX
8
Flux traps
10
-1565
20
1685
0
VERTEX
8
Flux traps
10
-1565
20
1665
0
SEQEND
0
POLYLINE
8
Flux traps
70
1
40
0
41
0
66
1
0
VERTEX
8
Flux traps
10
-1935
20
1765
0
VERTEX
8
Flux traps
10
-1935
20
1785
0
VERTEX
8
Flux traps
10
-1915
20
1785
0
VERTEX
8
Flux traps
10
-1915
20
1765
0
SEQEND
0
POLYLINE
8
Flux traps
70
1
40
0
41
0
66
1
0
VERTEX
8
Flux traps
10
-1985
20
1715
0
VERTEX
8
Flux traps
10
-1985
20
1735
0
VERTEX
8
Flux traps
10
-1965
20
1735
0
VERTEX
8
Flux traps
10
-1965
20
1715
0
SEQEND
0
POLYLINE
8
Flux traps
70
1
40
0
41
0
66
1
0
VERTEX
8
Flux traps
10
-1635
20
1765
0
VERTEX
8
Flux traps
10
-1635
20
1785
0
VERTEX
8
Flux traps
10
-1615
20
1785
0
VERTEX
8
Flux traps
10
-1615
20
1765
0
SEQEND
0
POLYLINE
8
Flux traps
70
1
40
0
41
0
66
1
0
VERTEX
8
Flux traps
10
-1685
20
1765
0
VERTEX
8
Flux traps
10
-1685
20
1785
0
VERTEX
8
Flux traps
10
-1665
20
1785
0
VERTEX
8
Flux traps
10
-1665
20
1765
0
SEQEND
0
POLYLINE
8
Flux traps
70
1
40
0
41
0
66
1
0
VERTEX
8
Flux traps
10
-1835
20
1765
0
VERTEX
8
Flux traps
10
-1835
20
1785
0
VERTEX
8
Flux traps
10
-1815
20
1785
0
VERTEX
8
Flux traps
10
-1815
20
1765
0
SEQEND
0
POLYLINE
8
Flux traps
70
1
40
0
41
0
66
1
0
VERTEX
8
Flux traps
10
-1635
20
1715
0
VERTEX
8
Flux traps
10
-1635
20
1735
0
VERTEX
8
Flux traps
10
-1615
20
1735
0
VERTEX
8
Flux traps
10
-1615
20
1715
0
SEQEND
0
POLYLINE
8
Flux traps
70
1
40
0
41
0
66
1
0
VERTEX
8
Flux traps
10
-1685
20
1715
0
VERTEX
8
Flux traps
10
-1685
20
1735
0
VERTEX
8
Flux traps
10
-1665
20
1735
0
VERTEX
8
Flux traps
10
-1665
20
1715
0
SEQEND
0
POLYLINE
8
Flux traps
70
1
40
0
41
0
66
1
0
VERTEX
8
Flux traps
10
-1735
20
1715
0
VERTEX
8
Flux traps
10
-1735
20
1735
0
VERTEX
8
Flux traps
10
-1715
20
1735
0
VERTEX
8
Flux traps
10
-1715
20
1715
0
SEQEND
0
POLYLINE
8
Flux traps
70
1
40
0
41
0
66
1
0
VERTEX
8
Flux traps
10
-1885
20
1615
0
VERTEX
8
Flux traps
10
-1885
20
1635
0
VERTEX
8
Flux traps
10
-1865
20
1635
0
VERTEX
8
Flux traps
10
-1865
20
1615
0
SEQEND
0
POLYLINE
8
Flux traps
70
1
40
0
41
0
66
1
0
VERTEX
8
Flux traps
10
-1485
20
1615
0
VERTEX
8
Flux traps
10
-1485
20
1635
0
VERTEX
8
Flux traps
10
-1465
20
1635
0
VERTEX
8
Flux traps
10
-1465
20
1615
0
SEQEND
0
POLYLINE
8
Flux traps
70
1
40
0
41
0
66
1
0
VERTEX
8
Flux traps
10
-1535
20
1615
0
VERTEX
8
Flux traps
10
-1535
20
1635
0
VERTEX
8
Flux traps
10
-1515
20
1635
0
VERTEX
8
Flux traps
10
-1515
20
1615
0
SEQEND
0
POLYLINE
8
Flux traps
70
1
40
0
41
0
66
1
0
VERTEX
8
Flux traps
10
-1085
20
1665
0
VERTEX
8
Flux traps
10
-1085
20
1685
0
VERTEX
8
Flux traps
10
-1065
20
1685
0
VERTEX
8
Flux traps
10
-1065
20
1665
0
SEQEND
0
POLYLINE
8
Flux traps
70
1
40
0
41
0
66
1
0
VERTEX
8
Flux traps
10
-1135
20
1665
0
VERTEX
8
Flux traps
10
-1135
20
1685
0
VERTEX
8
Flux traps
10
-1115
20
1685
0
VERTEX
8
Flux traps
10
-1115
20
1665
0
SEQEND
0
POLYLINE
8
Flux traps
70
1
40
0
41
0
66
1
0
VERTEX
8
Flux traps
10
-1185
20
1665
0
VERTEX
8
Flux traps
10
-1185
20
1685
0
VERTEX
8
Flux traps
10
-1165
20
1685
0
VERTEX
8
Flux traps
10
-1165
20
1665
0
SEQEND
0
POLYLINE
8
Flux traps
70
1
40
0
41
0
66
1
0
VERTEX
8
Flux traps
10
-1235
20
1665
0
VERTEX
8
Flux traps
10
-1235
20
1685
0
VERTEX
8
Flux traps
10
-1215
20
1685
0
VERTEX
8
Flux traps
10
-1215
20
1665
0
SEQEND
0
POLYLINE
8
Flux traps
70
1
40
0
41
0
66
1
0
VERTEX
8
Flux traps
10
-1285
20
1665
0
VERTEX
8
Flux traps
10
-1285
20
1685
0
VERTEX
8
Flux traps
10
-1265
20
1685
0
VERTEX
8
Flux traps
10
-1265
20
1665
0
SEQEND
0
POLYLINE
8
Flux traps
70
1
40
0
41
0
66
1
0
VERTEX
8
Flux traps
10
-1335
20
1665
0
VERTEX
8
Flux traps
10
-1335
20
1685
0
VERTEX
8
Flux traps
10
-1315
20
1685
0
VERTEX
8
Flux traps
10
-1315
20
1665
0
SEQEND
0
POLYLINE
8
Flux traps
70
1
40
0
41
0
66
1
0
VERTEX
8
Flux traps
10
-1385
20
1665
0
VERTEX
8
Flux traps
10
-1385
20
1685
0
VERTEX
8
Flux traps
10
-1365
20
1685
0
VERTEX
8
Flux traps
10
-1365
20
1665
0
SEQEND
0
POLYLINE
8
Flux traps
70
1
40
0
41
0
66
1
0
VERTEX
8
Flux traps
10
-1435
20
1665
0
VERTEX
8
Flux traps
10
-1435
20
1685
0
VERTEX
8
Flux traps
10
-1415
20
1685
0
VERTEX
8
Flux traps
10
-1415
20
1665
0
SEQEND
0
POLYLINE
8
Flux traps
70
1
40
0
41
0
66
1
0
VERTEX
8
Flux traps
10
-1485
20
1665
0
VERTEX
8
Flux traps
10
-1485
20
1685
0
VERTEX
8
Flux traps
10
-1465
20
1685
0
VERTEX
8
Flux traps
10
-1465
20
1665
0
SEQEND
0
POLYLINE
8
Flux traps
70
1
40
0
41
0
66
1
0
VERTEX
8
Flux traps
10
-1535
20
1665
0
VERTEX
8
Flux traps
10
-1535
20
1685
0
VERTEX
8
Flux traps
10
-1515
20
1685
0
VERTEX
8
Flux traps
10
-1515
20
1665
0
SEQEND
0
POLYLINE
8
Flux traps
70
1
40
0
41
0
66
1
0
VERTEX
8
Flux traps
10
-1085
20
1765
0
VERTEX
8
Flux traps
10
-1085
20
1785
0
VERTEX
8
Flux traps
10
-1065
20
1785
0
VERTEX
8
Flux traps
10
-1065
20
1765
0
SEQEND
0
POLYLINE
8
Flux traps
70
1
40
0
41
0
66
1
0
VERTEX
8
Flux traps
10
-1235
20
1765
0
VERTEX
8
Flux traps
10
-1235
20
1785
0
VERTEX
8
Flux traps
10
-1215
20
1785
0
VERTEX
8
Flux traps
10
-1215
20
1765
0
SEQEND
0
POLYLINE
8
Flux traps
70
1
40
0
41
0
66
1
0
VERTEX
8
Flux traps
10
-1285
20
1765
0
VERTEX
8
Flux traps
10
-1285
20
1785
0
VERTEX
8
Flux traps
10
-1265
20
1785
0
VERTEX
8
Flux traps
10
-1265
20
1765
0
SEQEND
0
POLYLINE
8
Flux traps
70
1
40
0
41
0
66
1
0
VERTEX
8
Flux traps
10
-1335
20
1765
0
VERTEX
8
Flux traps
10
-1335
20
1785
0
VERTEX
8
Flux traps
10
-1315
20
1785
0
VERTEX
8
Flux traps
10
-1315
20
1765
0
SEQEND
0
POLYLINE
8
Flux traps
70
1
40
0
41
0
66
1
0
VERTEX
8
Flux traps
10
-1385
20
1765
0
VERTEX
8
Flux traps
10
-1385
20
1785
0
VERTEX
8
Flux traps
10
-1365
20
1785
0
VERTEX
8
Flux traps
10
-1365
20
1765
0
SEQEND
0
POLYLINE
8
Flux traps
70
1
40
0
41
0
66
1
0
VERTEX
8
Flux traps
10
-1435
20
1765
0
VERTEX
8
Flux traps
10
-1435
20
1785
0
VERTEX
8
Flux traps
10
-1415
20
1785
0
VERTEX
8
Flux traps
10
-1415
20
1765
0
SEQEND
0
POLYLINE
8
Flux traps
70
1
40
0
41
0
66
1
0
VERTEX
8
Flux traps
10
-1135
20
1765
0
VERTEX
8
Flux traps
10
-1135
20
1785
0
VERTEX
8
Flux traps
10
-1115
20
1785
0
VERTEX
8
Flux traps
10
-1115
20
1765
0
SEQEND
0
POLYLINE
8
Flux traps
70
1
40
0
41
0
66
1
0
VERTEX
8
Flux traps
10
-1535
20
1765
0
VERTEX
8
Flux traps
10
-1535
20
1785
0
VERTEX
8
Flux traps
10
-1515
20
1785
0
VERTEX
8
Flux traps
10
-1515
20
1765
0
SEQEND
0
POLYLINE
8
Flux traps
70
1
40
0
41
0
66
1
0
VERTEX
8
Flux traps
10
-1185
20
1765
0
VERTEX
8
Flux traps
10
-1185
20
1785
0
VERTEX
8
Flux traps
10
-1165
20
1785
0
VERTEX
8
Flux traps
10
-1165
20
1765
0
SEQEND
0
POLYLINE
8
Flux traps
70
1
40
0
41
0
66
1
0
VERTEX
8
Flux traps
10
-1535
20
1715
0
VERTEX
8
Flux traps
10
-1535
20
1735
0
VERTEX
8
Flux traps
10
-1515
20
1735
0
VERTEX
8
Flux traps
10
-1515
20
1715
0
SEQEND
0
POLYLINE
8
Flux traps
70
1
40
0
41
0
66
1
0
VERTEX
8
Flux traps
10
-1435
20
1715
0
VERTEX
8
Flux traps
10
-1435
20
1735
0
VERTEX
8
Flux traps
10
-1415
20
1735
0
VERTEX
8
Flux traps
10
-1415
20
1715
0
SEQEND
0
POLYLINE
8
Flux traps
70
1
40
0
41
0
66
1
0
VERTEX
8
Flux traps
10
-1485
20
1715
0
VERTEX
8
Flux traps
10
-1485
20
1735
0
VERTEX
8
Flux traps
10
-1465
20
1735
0
VERTEX
8
Flux traps
10
-1465
20
1715
0
SEQEND
0
POLYLINE
8
Flux traps
70
1
40
0
41
0
66
1
0
VERTEX
8
Flux traps
10
-1085
20
1615
0
VERTEX
8
Flux traps
10
-1085
20
1635
0
VERTEX
8
Flux traps
10
-1065
20
1635
0
VERTEX
8
Flux traps
10
-1065
20
1615
0
SEQEND
0
POLYLINE
8
Flux traps
70
1
40
0
41
0
66
1
0
VERTEX
8
Flux traps
10
-1135
20
1615
0
VERTEX
8
Flux traps
10
-1135
20
1635
0
VERTEX
8
Flux traps
10
-1115
20
1635
0
VERTEX
8
Flux traps
10
-1115
20
1615
0
SEQEND
0
POLYLINE
8
Flux traps
70
1
40
0
41
0
66
1
0
VERTEX
8
Flux traps
10
-1185
20
1615
0
VERTEX
8
Flux traps
10
-1185
20
1635
0
VERTEX
8
Flux traps
10
-1165
20
1635
0
VERTEX
8
Flux traps
10
-1165
20
1615
0
SEQEND
0
POLYLINE
8
Flux traps
70
1
40
0
41
0
66
1
0
VERTEX
8
Flux traps
10
-1485
20
1765
0
VERTEX
8
Flux traps
10
-1485
20
1785
0
VERTEX
8
Flux traps
10
-1465
20
1785
0
VERTEX
8
Flux traps
10
-1465
20
1765
0
SEQEND
0
POLYLINE
8
Flux traps
70
1
40
0
41
0
66
1
0
VERTEX
8
Flux traps
10
-1235
20
1615
0
VERTEX
8
Flux traps
10
-1235
20
1635
0
VERTEX
8
Flux traps
10
-1215
20
1635
0
VERTEX
8
Flux traps
10
-1215
20
1615
0
SEQEND
0
POLYLINE
8
Flux traps
70
1
40
0
41
0
66
1
0
VERTEX
8
Flux traps
10
-1285
20
1615
0
VERTEX
8
Flux traps
10
-1285
20
1635
0
VERTEX
8
Flux traps
10
-1265
20
1635
0
VERTEX
8
Flux traps
10
-1265
20
1615
0
SEQEND
0
POLYLINE
8
Flux traps
70
1
40
0
41
0
66
1
0
VERTEX
8
Flux traps
10
-1335
20
1615
0
VERTEX
8
Flux traps
10
-1335
20
1635
0
VERTEX
8
Flux traps
10
-1315
20
1635
0
VERTEX
8
Flux traps
10
-1315
20
1615
0
SEQEND
0
POLYLINE
8
Flux traps
70
1
40
0
41
0
66
1
0
VERTEX
8
Flux traps
10
-1385
20
1615
0
VERTEX
8
Flux traps
10
-1385
20
1635
0
VERTEX
8
Flux traps
10
-1365
20
1635
0
VERTEX
8
Flux traps
10
-1365
20
1615
0
SEQEND
0
POLYLINE
8
Flux traps
70
1
40
0
41
0
66
1
0
VERTEX
8
Flux traps
10
-1435
20
1615
0
VERTEX
8
Flux traps
10
-1435
20
1635
0
VERTEX
8
Flux traps
10
-1415
20
1635
0
VERTEX
8
Flux traps
10
-1415
20
1615
0
SEQEND
0
POLYLINE
8
Flux traps
70
1
40
0
41
0
66
1
0
VERTEX
8
Flux traps
10
-1085
20
1715
0
VERTEX
8
Flux traps
10
-1085
20
1735
0
VERTEX
8
Flux traps
10
-1065
20
1735
0
VERTEX
8
Flux traps
10
-1065
20
1715
0
SEQEND
0
POLYLINE
8
Flux traps
70
1
40
0
41
0
66
1
0
VERTEX
8
Flux traps
10
-1135
20
1715
0
VERTEX
8
Flux traps
10
-1135
20
1735
0
VERTEX
8
Flux traps
10
-1115
20
1735
0
VERTEX
8
Flux traps
10
-1115
20
1715
0
SEQEND
0
POLYLINE
8
Flux traps
70
1
40
0
41
0
66
1
0
VERTEX
8
Flux traps
10
-1185
20
1715
0
VERTEX
8
Flux traps
10
-1185
20
1735
0
VERTEX
8
Flux traps
10
-1165
20
1735
0
VERTEX
8
Flux traps
10
-1165
20
1715
0
SEQEND
0
POLYLINE
8
Flux traps
70
1
40
0
41
0
66
1
0
VERTEX
8
Flux traps
10
-1235
20
1715
0
VERTEX
8
Flux traps
10
-1235
20
1735
0
VERTEX
8
Flux traps
10
-1215
20
1735
0
VERTEX
8
Flux traps
10
-1215
20
1715
0
SEQEND
0
POLYLINE
8
Flux traps
70
1
40
0
41
0
66
1
0
VERTEX
8
Flux traps
10
-1285
20
1715
0
VERTEX
8
Flux traps
10
-1285
20
1735
0
VERTEX
8
Flux traps
10
-1265
20
1735
0
VERTEX
8
Flux traps
10
-1265
20
1715
0
SEQEND
0
POLYLINE
8
Flux traps
70
1
40
0
41
0
66
1
0
VERTEX
8
Flux traps
10
-1335
20
1715
0
VERTEX
8
Flux traps
10
-1335
20
1735
0
VERTEX
8
Flux traps
10
-1315
20
1735
0
VERTEX
8
Flux traps
10
-1315
20
1715
0
SEQEND
0
POLYLINE
8
Flux traps
70
1
40
0
41
0
66
1
0
VERTEX
8
Flux traps
10
-1385
20
1715
0
VERTEX
8
Flux traps
10
-1385
20
1735
0
VERTEX
8
Flux traps
10
-1365
20
1735
0
VERTEX
8
Flux traps
10
-1365
20
1715
0
SEQEND
0
POLYLINE
8
Flux traps
70
1
40
0
41
0
66
1
0
VERTEX
8
Flux traps
10
-1885
20
1315
0
VERTEX
8
Flux traps
10
-1885
20
1335
0
VERTEX
8
Flux traps
10
-1865
20
1335
0
VERTEX
8
Flux traps
10
-1865
20
1315
0
SEQEND
0
POLYLINE
8
Flux traps
70
1
40
0
41
0
66
1
0
VERTEX
8
Flux traps
10
-1935
20
1315
0
VERTEX
8
Flux traps
10
-1935
20
1335
0
VERTEX
8
Flux traps
10
-1915
20
1335
0
VERTEX
8
Flux traps
10
-1915
20
1315
0
SEQEND
0
POLYLINE
8
Flux traps
70
1
40
0
41
0
66
1
0
VERTEX
8
Flux traps
10
-1085
20
1315
0
VERTEX
8
Flux traps
10
-1085
20
1335
0
VERTEX
8
Flux traps
10
-1065
20
1335
0
VERTEX
8
Flux traps
10
-1065
20
1315
0
SEQEND
0
POLYLINE
8
Flux traps
70
1
40
0
41
0
66
1
0
VERTEX
8
Flux traps
10
-1135
20
1315
0
VERTEX
8
Flux traps
10
-1135
20
1335
0
VERTEX
8
Flux traps
10
-1115
20
1335
0
VERTEX
8
Flux traps
10
-1115
20
1315
0
SEQEND
0
POLYLINE
8
Flux traps
70
1
40
0
41
0
66
1
0
VERTEX
8
Flux traps
10
-1185
20
1315
0
VERTEX
8
Flux traps
10
-1185
20
1335
0
VERTEX
8
Flux traps
10
-1165
20
1335
0
VERTEX
8
Flux traps
10
-1165
20
1315
0
SEQEND
0
POLYLINE
8
Flux traps
70
1
40
0
41
0
66
1
0
VERTEX
8
Flux traps
10
-1235
20
1315
0
VERTEX
8
Flux traps
10
-1235
20
1335
0
VERTEX
8
Flux traps
10
-1215
20
1335
0
VERTEX
8
Flux traps
10
-1215
20
1315
0
SEQEND
0
POLYLINE
8
Flux traps
70
1
40
0
41
0
66
1
0
VERTEX
8
Flux traps
10
-1385
20
1315
0
VERTEX
8
Flux traps
10
-1385
20
1335
0
VERTEX
8
Flux traps
10
-1365
20
1335
0
VERTEX
8
Flux traps
10
-1365
20
1315
0
SEQEND
0
POLYLINE
8
Flux traps
70
1
40
0
41
0
66
1
0
VERTEX
8
Flux traps
10
-1435
20
1315
0
VERTEX
8
Flux traps
10
-1435
20
1335
0
VERTEX
8
Flux traps
10
-1415
20
1335
0
VERTEX
8
Flux traps
10
-1415
20
1315
0
SEQEND
0
POLYLINE
8
Flux traps
70
1
40
0
41
0
66
1
0
VERTEX
8
Flux traps
10
-1485
20
1315
0
VERTEX
8
Flux traps
10
-1485
20
1335
0
VERTEX
8
Flux traps
10
-1465
20
1335
0
VERTEX
8
Flux traps
10
-1465
20
1315
0
SEQEND
0
POLYLINE
8
Flux traps
70
1
40
0
41
0
66
1
0
VERTEX
8
Flux traps
10
-1535
20
1315
0
VERTEX
8
Flux traps
10
-1535
20
1335
0
VERTEX
8
Flux traps
10
-1515
20
1335
0
VERTEX
8
Flux traps
10
-1515
20
1315
0
SEQEND
0
POLYLINE
8
Flux traps
70
1
40
0
41
0
66
1
0
VERTEX
8
Flux traps
10
-1685
20
1315
0
VERTEX
8
Flux traps
10
-1685
20
1335
0
VERTEX
8
Flux traps
10
-1665
20
1335
0
VERTEX
8
Flux traps
10
-1665
20
1315
0
SEQEND
0
POLYLINE
8
Flux traps
70
1
40
0
41
0
66
1
0
VERTEX
8
Flux traps
10
-1735
20
1315
0
VERTEX
8
Flux traps
10
-1735
20
1335
0
VERTEX
8
Flux traps
10
-1715
20
1335
0
VERTEX
8
Flux traps
10
-1715
20
1315
0
SEQEND
0
POLYLINE
8
Flux traps
70
1
40
0
41
0
66
1
0
VERTEX
8
Flux traps
10
-1785
20
1315
0
VERTEX
8
Flux traps
10
-1785
20
1335
0
VERTEX
8
Flux traps
10
-1765
20
1335
0
VERTEX
8
Flux traps
10
-1765
20
1315
0
SEQEND
0
POLYLINE
8
Flux traps
70
1
40
0
41
0
66
1
0
VERTEX
8
Flux traps
10
-1835
20
1315
0
VERTEX
8
Flux traps
10
-1835
20
1335
0
VERTEX
8
Flux traps
10
-1815
20
1335
0
VERTEX
8
Flux traps
10
-1815
20
1315
0
SEQEND
0
POLYLINE
8
Flux traps
70
1
40
0
41
0
66
1
0
VERTEX
8
Flux traps
10
-1985
20
1315
0
VERTEX
8
Flux traps
10
-1985
20
1335
0
VERTEX
8
Flux traps
10
-1965
20
1335
0
VERTEX
8
Flux traps
10
-1965
20
1315
0
SEQEND
0
POLYLINE
8
Flux traps
70
1
40
0
41
0
66
1
0
VERTEX
8
Flux traps
10
-2035
20
1315
0
VERTEX
8
Flux traps
10
-2035
20
1335
0
VERTEX
8
Flux traps
10
-2015
20
1335
0
VERTEX
8
Flux traps
10
-2015
20
1315
0
SEQEND
0
POLYLINE
8
Flux traps
70
1
40
0
41
0
66
1
0
VERTEX
8
Flux traps
10
-2085
20
1315
0
VERTEX
8
Flux traps
10
-2085
20
1335
0
VERTEX
8
Flux traps
10
-2065
20
1335
0
VERTEX
8
Flux traps
10
-2065
20
1315
0
SEQEND
0
POLYLINE
8
Flux traps
70
1
40
0
41
0
66
1
0
VERTEX
8
Flux traps
10
-1585
20
1315
0
VERTEX
8
Flux traps
10
-1585
20
1335
0
VERTEX
8
Flux traps
10
-1565
20
1335
0
VERTEX
8
Flux traps
10
-1565
20
1315
0
SEQEND
0
POLYLINE
8
Flux traps
70
1
40
0
41
0
66
1
0
VERTEX
8
Flux traps
10
-1635
20
1315
0
VERTEX
8
Flux traps
10
-1635
20
1335
0
VERTEX
8
Flux traps
10
-1615
20
1335
0
VERTEX
8
Flux traps
10
-1615
20
1315
0
SEQEND
0
POLYLINE
8
Flux traps
70
1
40
0
41
0
66
1
0
VERTEX
8
Flux traps
10
-1285
20
1315
0
VERTEX
8
Flux traps
10
-1285
20
1335
0
VERTEX
8
Flux traps
10
-1265
20
1335
0
VERTEX
8
Flux traps
10
-1265
20
1315
0
SEQEND
0
POLYLINE
8
Flux traps
70
1
40
0
41
0
66
1
0
VERTEX
8
Flux traps
10
-1335
20
1315
0
VERTEX
8
Flux traps
10
-1335
20
1335
0
VERTEX
8
Flux traps
10
-1315
20
1335
0
VERTEX
8
Flux traps
10
-1315
20
1315
0
SEQEND
0
POLYLINE
8
Flux traps
70
1
40
0
41
0
66
1
0
VERTEX
8
Flux traps
10
-1535
20
1465
0
VERTEX
8
Flux traps
10
-1535
20
1485
0
VERTEX
8
Flux traps
10
-1515
20
1485
0
VERTEX
8
Flux traps
10
-1515
20
1465
0
SEQEND
0
POLYLINE
8
Flux traps
70
1
40
0
41
0
66
1
0
VERTEX
8
Flux traps
10
-1385
20
1515
0
VERTEX
8
Flux traps
10
-1385
20
1535
0
VERTEX
8
Flux traps
10
-1365
20
1535
0
VERTEX
8
Flux traps
10
-1365
20
1515
0
SEQEND
0
POLYLINE
8
Flux traps
70
1
40
0
41
0
66
1
0
VERTEX
8
Flux traps
10
-1435
20
1515
0
VERTEX
8
Flux traps
10
-1435
20
1535
0
VERTEX
8
Flux traps
10
-1415
20
1535
0
VERTEX
8
Flux traps
10
-1415
20
1515
0
SEQEND
0
POLYLINE
8
Flux traps
70
1
40
0
41
0
66
1
0
VERTEX
8
Flux traps
10
-1485
20
1515
0
VERTEX
8
Flux traps
10
-1485
20
1535
0
VERTEX
8
Flux traps
10
-1465
20
1535
0
VERTEX
8
Flux traps
10
-1465
20
1515
0
SEQEND
0
POLYLINE
8
Flux traps
70
1
40
0
41
0
66
1
0
VERTEX
8
Flux traps
10
-1535
20
1515
0
VERTEX
8
Flux traps
10
-1535
20
1535
0
VERTEX
8
Flux traps
10
-1515
20
1535
0
VERTEX
8
Flux traps
10
-1515
20
1515
0
SEQEND
0
POLYLINE
8
Flux traps
70
1
40
0
41
0
66
1
0
VERTEX
8
Flux traps
10
-1285
20
1515
0
VERTEX
8
Flux traps
10
-1285
20
1535
0
VERTEX
8
Flux traps
10
-1265
20
1535
0
VERTEX
8
Flux traps
10
-1265
20
1515
0
SEQEND
0
POLYLINE
8
Flux traps
70
1
40
0
41
0
66
1
0
VERTEX
8
Flux traps
10
-1335
20
1515
0
VERTEX
8
Flux traps
10
-1335
20
1535
0
VERTEX
8
Flux traps
10
-1315
20
1535
0
VERTEX
8
Flux traps
10
-1315
20
1515
0
SEQEND
0
POLYLINE
8
Flux traps
70
1
40
0
41
0
66
1
0
VERTEX
8
Flux traps
10
-1085
20
1515
0
VERTEX
8
Flux traps
10
-1085
20
1535
0
VERTEX
8
Flux traps
10
-1065
20
1535
0
VERTEX
8
Flux traps
10
-1065
20
1515
0
SEQEND
0
POLYLINE
8
Flux traps
70
1
40
0
41
0
66
1
0
VERTEX
8
Flux traps
10
-1135
20
1515
0
VERTEX
8
Flux traps
10
-1135
20
1535
0
VERTEX
8
Flux traps
10
-1115
20
1535
0
VERTEX
8
Flux traps
10
-1115
20
1515
0
SEQEND
0
POLYLINE
8
Flux traps
70
1
40
0
41
0
66
1
0
VERTEX
8
Flux traps
10
-1185
20
1515
0
VERTEX
8
Flux traps
10
-1185
20
1535
0
VERTEX
8
Flux traps
10
-1165
20
1535
0
VERTEX
8
Flux traps
10
-1165
20
1515
0
SEQEND
0
POLYLINE
8
Flux traps
70
1
40
0
41
0
66
1
0
VERTEX
8
Flux traps
10
-1235
20
1515
0
VERTEX
8
Flux traps
10
-1235
20
1535
0
VERTEX
8
Flux traps
10
-1215
20
1535
0
VERTEX
8
Flux traps
10
-1215
20
1515
0
SEQEND
0
POLYLINE
8
Flux traps
70
1
40
0
41
0
66
1
0
VERTEX
8
Flux traps
10
-1385
20
1415
0
VERTEX
8
Flux traps
10
-1385
20
1435
0
VERTEX
8
Flux traps
10
-1365
20
1435
0
VERTEX
8
Flux traps
10
-1365
20
1415
0
SEQEND
0
POLYLINE
8
Flux traps
70
1
40
0
41
0
66
1
0
VERTEX
8
Flux traps
10
-1085
20
1365
0
VERTEX
8
Flux traps
10
-1085
20
1385
0
VERTEX
8
Flux traps
10
-1065
20
1385
0
VERTEX
8
Flux traps
10
-1065
20
1365
0
SEQEND
0
POLYLINE
8
Flux traps
70
1
40
0
41
0
66
1
0
VERTEX
8
Flux traps
10
-1135
20
1365
0
VERTEX
8
Flux traps
10
-1135
20
1385
0
VERTEX
8
Flux traps
10
-1115
20
1385
0
VERTEX
8
Flux traps
10
-1115
20
1365
0
SEQEND
0
POLYLINE
8
Flux traps
70
1
40
0
41
0
66
1
0
VERTEX
8
Flux traps
10
-1185
20
1365
0
VERTEX
8
Flux traps
10
-1185
20
1385
0
VERTEX
8
Flux traps
10
-1165
20
1385
0
VERTEX
8
Flux traps
10
-1165
20
1365
0
SEQEND
0
POLYLINE
8
Flux traps
70
1
40
0
41
0
66
1
0
VERTEX
8
Flux traps
10
-1235
20
1365
0
VERTEX
8
Flux traps
10
-1235
20
1385
0
VERTEX
8
Flux traps
10
-1215
20
1385
0
VERTEX
8
Flux traps
10
-1215
20
1365
0
SEQEND
0
POLYLINE
8
Flux traps
70
1
40
0
41
0
66
1
0
VERTEX
8
Flux traps
10
-1385
20
1365
0
VERTEX
8
Flux traps
10
-1385
20
1385
0
VERTEX
8
Flux traps
10
-1365
20
1385
0
VERTEX
8
Flux traps
10
-1365
20
1365
0
SEQEND
0
POLYLINE
8
Flux traps
70
1
40
0
41
0
66
1
0
VERTEX
8
Flux traps
10
-1435
20
1365
0
VERTEX
8
Flux traps
10
-1435
20
1385
0
VERTEX
8
Flux traps
10
-1415
20
1385
0
VERTEX
8
Flux traps
10
-1415
20
1365
0
SEQEND
0
POLYLINE
8
Flux traps
70
1
40
0
41
0
66
1
0
VERTEX
8
Flux traps
10
-1485
20
1365
0
VERTEX
8
Flux traps
10
-1485
20
1385
0
VERTEX
8
Flux traps
10
-1465
20
1385
0
VERTEX
8
Flux traps
10
-1465
20
1365
0
SEQEND
0
POLYLINE
8
Flux traps
70
1
40
0
41
0
66
1
0
VERTEX
8
Flux traps
10
-1535
20
1365
0
VERTEX
8
Flux traps
10
-1535
20
1385
0
VERTEX
8
Flux traps
10
-1515
20
1385
0
VERTEX
8
Flux traps
10
-1515
20
1365
0
SEQEND
0
POLYLINE
8
Flux traps
70
1
40
0
41
0
66
1
0
VERTEX
8
Flux traps
10
-1085
20
1415
0
VERTEX
8
Flux traps
10
-1085
20
1435
0
VERTEX
8
Flux traps
10
-1065
20
1435
0
VERTEX
8
Flux traps
10
-1065
20
1415
0
SEQEND
0
POLYLINE
8
Flux traps
70
1
40
0
41
0
66
1
0
VERTEX
8
Flux traps
10
-1135
20
1415
0
VERTEX
8
Flux traps
10
-1135
20
1435
0
VERTEX
8
Flux traps
10
-1115
20
1435
0
VERTEX
8
Flux traps
10
-1115
20
1415
0
SEQEND
0
POLYLINE
8
Flux traps
70
1
40
0
41
0
66
1
0
VERTEX
8
Flux traps
10
-1185
20
1415
0
VERTEX
8
Flux traps
10
-1185
20
1435
0
VERTEX
8
Flux traps
10
-1165
20
1435
0
VERTEX
8
Flux traps
10
-1165
20
1415
0
SEQEND
0
POLYLINE
8
Flux traps
70
1
40
0
41
0
66
1
0
VERTEX
8
Flux traps
10
-1235
20
1415
0
VERTEX
8
Flux traps
10
-1235
20
1435
0
VERTEX
8
Flux traps
10
-1215
20
1435
0
VERTEX
8
Flux traps
10
-1215
20
1415
0
SEQEND
0
POLYLINE
8
Flux traps
70
1
40
0
41
0
66
1
0
VERTEX
8
Flux traps
10
-1435
20
1415
0
VERTEX
8
Flux traps
10
-1435
20
1435
0
VERTEX
8
Flux traps
10
-1415
20
1435
0
VERTEX
8
Flux traps
10
-1415
20
1415
0
SEQEND
0
POLYLINE
8
Flux traps
70
1
40
0
41
0
66
1
0
VERTEX
8
Flux traps
10
-1485
20
1415
0
VERTEX
8
Flux traps
10
-1485
20
1435
0
VERTEX
8
Flux traps
10
-1465
20
1435
0
VERTEX
8
Flux traps
10
-1465
20
1415
0
SEQEND
0
POLYLINE
8
Flux traps
70
1
40
0
41
0
66
1
0
VERTEX
8
Flux traps
10
-1535
20
1415
0
VERTEX
8
Flux traps
10
-1535
20
1435
0
VERTEX
8
Flux traps
10
-1515
20
1435
0
VERTEX
8
Flux traps
10
-1515
20
1415
0
SEQEND
0
POLYLINE
8
Flux traps
70
1
40
0
41
0
66
1
0
VERTEX
8
Flux traps
10
-1385
20
1465
0
VERTEX
8
Flux traps
10
-1385
20
1485
0
VERTEX
8
Flux traps
10
-1365
20
1485
0
VERTEX
8
Flux traps
10
-1365
20
1465
0
SEQEND
0
POLYLINE
8
Flux traps
70
1
40
0
41
0
66
1
0
VERTEX
8
Flux traps
10
-1085
20
1465
0
VERTEX
8
Flux traps
10
-1085
20
1485
0
VERTEX
8
Flux traps
10
-1065
20
1485
0
VERTEX
8
Flux traps
10
-1065
20
1465
0
SEQEND
0
POLYLINE
8
Flux traps
70
1
40
0
41
0
66
1
0
VERTEX
8
Flux traps
10
-1135
20
1465
0
VERTEX
8
Flux traps
10
-1135
20
1485
0
VERTEX
8
Flux traps
10
-1115
20
1485
0
VERTEX
8
Flux traps
10
-1115
20
1465
0
SEQEND
0
POLYLINE
8
Flux traps
70
1
40
0
41
0
66
1
0
VERTEX
8
Flux traps
10
-1185
20
1465
0
VERTEX
8
Flux traps
10
-1185
20
1485
0
VERTEX
8
Flux traps
10
-1165
20
1485
0
VERTEX
8
Flux traps
10
-1165
20
1465
0
SEQEND
0
POLYLINE
8
Flux traps
70
1
40
0
41
0
66
1
0
VERTEX
8
Flux traps
10
-1235
20
1465
0
VERTEX
8
Flux traps
10
-1235
20
1485
0
VERTEX
8
Flux traps
10
-1215
20
1485
0
VERTEX
8
Flux traps
10
-1215
20
1465
0
SEQEND
0
POLYLINE
8
Flux traps
70
1
40
0
41
0
66
1
0
VERTEX
8
Flux traps
10
-1435
20
1465
0
VERTEX
8
Flux traps
10
-1435
20
1485
0
VERTEX
8
Flux traps
10
-1415
20
1485
0
VERTEX
8
Flux traps
10
-1415
20
1465
0
SEQEND
0
POLYLINE
8
Flux traps
70
1
40
0
41
0
66
1
0
VERTEX
8
Flux traps
10
-1485
20
1465
0
VERTEX
8
Flux traps
10
-1485
20
1485
0
VERTEX
8
Flux traps
10
-1465
20
1485
0
VERTEX
8
Flux traps
10
-1465
20
1465
0
SEQEND
0
POLYLINE
8
Flux traps
70
1
40
0
41
0
66
1
0
VERTEX
8
Flux traps
10
-1285
20
1365
0
VERTEX
8
Flux traps
10
-1285
20
1385
0
VERTEX
8
Flux traps
10
-1265
20
1385
0
VERTEX
8
Flux traps
10
-1265
20
1365
0
SEQEND
0
POLYLINE
8
Flux traps
70
1
40
0
41
0
66
1
0
VERTEX
8
Flux traps
10
-1335
20
1365
0
VERTEX
8
Flux traps
10
-1335
20
1385
0
VERTEX
8
Flux traps
10
-1315
20
1385
0
VERTEX
8
Flux traps
10
-1315
20
1365
0
SEQEND
0
POLYLINE
8
Flux traps
70
1
40
0
41
0
66
1
0
VERTEX
8
Flux traps
10
-1285
20
1415
0
VERTEX
8
Flux traps
10
-1285
20
1435
0
VERTEX
8
Flux traps
10
-1265
20
1435
0
VERTEX
8
Flux traps
10
-1265
20
1415
0
SEQEND
0
POLYLINE
8
Flux traps
70
1
40
0
41
0
66
1
0
VERTEX
8
Flux traps
10
-1335
20
1415
0
VERTEX
8
Flux traps
10
-1335
20
1435
0
VERTEX
8
Flux traps
10
-1315
20
1435
0
VERTEX
8
Flux traps
10
-1315
20
1415
0
SEQEND
0
POLYLINE
8
Flux traps
70
1
40
0
41
0
66
1
0
VERTEX
8
Flux traps
10
-1285
20
1465
0
VERTEX
8
Flux traps
10
-1285
20
1485
0
VERTEX
8
Flux traps
10
-1265
20
1485
0
VERTEX
8
Flux traps
10
-1265
20
1465
0
SEQEND
0
POLYLINE
8
Flux traps
70
1
40
0
41
0
66
1
0
VERTEX
8
Flux traps
10
-1335
20
1465
0
VERTEX
8
Flux traps
10
-1335
20
1485
0
VERTEX
8
Flux traps
10
-1315
20
1485
0
VERTEX
8
Flux traps
10
-1315
20
1465
0
SEQEND
0
POLYLINE
8
Flux traps
70
1
40
0
41
0
66
1
0
VERTEX
8
Flux traps
10
-2035
20
1365
0
VERTEX
8
Flux traps
10
-2035
20
1385
0
VERTEX
8
Flux traps
10
-2015
20
1385
0
VERTEX
8
Flux traps
10
-2015
20
1365
0
SEQEND
0
POLYLINE
8
Flux traps
70
1
40
0
41
0
66
1
0
VERTEX
8
Flux traps
10
-2085
20
1365
0
VERTEX
8
Flux traps
10
-2085
20
1385
0
VERTEX
8
Flux traps
10
-2065
20
1385
0
VERTEX
8
Flux traps
10
-2065
20
1365
0
SEQEND
0
POLYLINE
8
Flux traps
70
1
40
0
41
0
66
1
0
VERTEX
8
Flux traps
10
-1935
20
1415
0
VERTEX
8
Flux traps
10
-1935
20
1435
0
VERTEX
8
Flux traps
10
-1915
20
1435
0
VERTEX
8
Flux traps
10
-1915
20
1415
0
SEQEND
0
POLYLINE
8
Flux traps
70
1
40
0
41
0
66
1
0
VERTEX
8
Flux traps
10
-1685
20
1515
0
VERTEX
8
Flux traps
10
-1685
20
1535
0
VERTEX
8
Flux traps
10
-1665
20
1535
0
VERTEX
8
Flux traps
10
-1665
20
1515
0
SEQEND
0
POLYLINE
8
Flux traps
70
1
40
0
41
0
66
1
0
VERTEX
8
Flux traps
10
-1885
20
1465
0
VERTEX
8
Flux traps
10
-1885
20
1485
0
VERTEX
8
Flux traps
10
-1865
20
1485
0
VERTEX
8
Flux traps
10
-1865
20
1465
0
SEQEND
0
POLYLINE
8
Flux traps
70
1
40
0
41
0
66
1
0
VERTEX
8
Flux traps
10
-1935
20
1465
0
VERTEX
8
Flux traps
10
-1935
20
1485
0
VERTEX
8
Flux traps
10
-1915
20
1485
0
VERTEX
8
Flux traps
10
-1915
20
1465
0
SEQEND
0
POLYLINE
8
Flux traps
70
1
40
0
41
0
66
1
0
VERTEX
8
Flux traps
10
-1735
20
1515
0
VERTEX
8
Flux traps
10
-1735
20
1535
0
VERTEX
8
Flux traps
10
-1715
20
1535
0
VERTEX
8
Flux traps
10
-1715
20
1515
0
SEQEND
0
POLYLINE
8
Flux traps
70
1
40
0
41
0
66
1
0
VERTEX
8
Flux traps
10
-2035
20
1515
0
VERTEX
8
Flux traps
10
-2035
20
1535
0
VERTEX
8
Flux traps
10
-2015
20
1535
0
VERTEX
8
Flux traps
10
-2015
20
1515
0
SEQEND
0
POLYLINE
8
Flux traps
70
1
40
0
41
0
66
1
0
VERTEX
8
Flux traps
10
-1685
20
1415
0
VERTEX
8
Flux traps
10
-1685
20
1435
0
VERTEX
8
Flux traps
10
-1665
20
1435
0
VERTEX
8
Flux traps
10
-1665
20
1415
0
SEQEND
0
POLYLINE
8
Flux traps
70
1
40
0
41
0
66
1
0
VERTEX
8
Flux traps
10
-1735
20
1415
0
VERTEX
8
Flux traps
10
-1735
20
1435
0
VERTEX
8
Flux traps
10
-1715
20
1435
0
VERTEX
8
Flux traps
10
-1715
20
1415
0
SEQEND
0
POLYLINE
8
Flux traps
70
1
40
0
41
0
66
1
0
VERTEX
8
Flux traps
10
-1785
20
1415
0
VERTEX
8
Flux traps
10
-1785
20
1435
0
VERTEX
8
Flux traps
10
-1765
20
1435
0
VERTEX
8
Flux traps
10
-1765
20
1415
0
SEQEND
0
POLYLINE
8
Flux traps
70
1
40
0
41
0
66
1
0
VERTEX
8
Flux traps
10
-1835
20
1415
0
VERTEX
8
Flux traps
10
-1835
20
1435
0
VERTEX
8
Flux traps
10
-1815
20
1435
0
VERTEX
8
Flux traps
10
-1815
20
1415
0
SEQEND
0
POLYLINE
8
Flux traps
70
1
40
0
41
0
66
1
0
VERTEX
8
Flux traps
10
-1985
20
1415
0
VERTEX
8
Flux traps
10
-1985
20
1435
0
VERTEX
8
Flux traps
10
-1965
20
1435
0
VERTEX
8
Flux traps
10
-1965
20
1415
0
SEQEND
0
POLYLINE
8
Flux traps
70
1
40
0
41
0
66
1
0
VERTEX
8
Flux traps
10
-2035
20
1415
0
VERTEX
8
Flux traps
10
-2035
20
1435
0
VERTEX
8
Flux traps
10
-2015
20
1435
0
VERTEX
8
Flux traps
10
-2015
20
1415
0
SEQEND
0
POLYLINE
8
Flux traps
70
1
40
0
41
0
66
1
0
VERTEX
8
Flux traps
10
-2085
20
1415
0
VERTEX
8
Flux traps
10
-2085
20
1435
0
VERTEX
8
Flux traps
10
-2065
20
1435
0
VERTEX
8
Flux traps
10
-2065
20
1415
0
SEQEND
0
POLYLINE
8
Flux traps
70
1
40
0
41
0
66
1
0
VERTEX
8
Flux traps
10
-2085
20
1515
0
VERTEX
8
Flux traps
10
-2085
20
1535
0
VERTEX
8
Flux traps
10
-2065
20
1535
0
VERTEX
8
Flux traps
10
-2065
20
1515
0
SEQEND
0
POLYLINE
8
Flux traps
70
1
40
0
41
0
66
1
0
VERTEX
8
Flux traps
10
-1885
20
1515
0
VERTEX
8
Flux traps
10
-1885
20
1535
0
VERTEX
8
Flux traps
10
-1865
20
1535
0
VERTEX
8
Flux traps
10
-1865
20
1515
0
SEQEND
0
POLYLINE
8
Flux traps
70
1
40
0
41
0
66
1
0
VERTEX
8
Flux traps
10
-1585
20
1365
0
VERTEX
8
Flux traps
10
-1585
20
1385
0
VERTEX
8
Flux traps
10
-1565
20
1385
0
VERTEX
8
Flux traps
10
-1565
20
1365
0
SEQEND
0
POLYLINE
8
Flux traps
70
1
40
0
41
0
66
1
0
VERTEX
8
Flux traps
10
-1635
20
1365
0
VERTEX
8
Flux traps
10
-1635
20
1385
0
VERTEX
8
Flux traps
10
-1615
20
1385
0
VERTEX
8
Flux traps
10
-1615
20
1365
0
SEQEND
0
POLYLINE
8
Flux traps
70
1
40
0
41
0
66
1
0
VERTEX
8
Flux traps
10
-1585
20
1415
0
VERTEX
8
Flux traps
10
-1585
20
1435
0
VERTEX
8
Flux traps
10
-1565
20
1435
0
VERTEX
8
Flux traps
10
-1565
20
1415
0
SEQEND
0
POLYLINE
8
Flux traps
70
1
40
0
41
0
66
1
0
VERTEX
8
Flux traps
10
-1635
20
1415
0
VERTEX
8
Flux traps
10
-1635
20
1435
0
VERTEX
8
Flux traps
10
-1615
20
1435
0
VERTEX
8
Flux traps
10
-1615
20
1415
0
SEQEND
0
POLYLINE
8
Flux traps
70
1
40
0
41
0
66
1
0
VERTEX
8
Flux traps
10
-1585
20
1465
0
VERTEX
8
Flux traps
10
-1585
20
1485
0
VERTEX
8
Flux traps
10
-1565
20
1485
0
VERTEX
8
Flux traps
10
-1565
20
1465
0
SEQEND
0
POLYLINE
8
Flux traps
70
1
40
0
41
0
66
1
0
VERTEX
8
Flux traps
10
-1935
20
1515
0
VERTEX
8
Flux traps
10
-1935
20
1535
0
VERTEX
8
Flux traps
10
-1915
20
1535
0
VERTEX
8
Flux traps
10
-1915
20
1515
0
SEQEND
0
POLYLINE
8
Flux traps
70
1
40
0
41
0
66
1
0
VERTEX
8
Flux traps
10
-1785
20
1515
0
VERTEX
8
Flux traps
10
-1785
20
1535
0
VERTEX
8
Flux traps
10
-1765
20
1535
0
VERTEX
8
Flux traps
10
-1765
20
1515
0
SEQEND
0
POLYLINE
8
Flux traps
70
1
40
0
41
0
66
1
0
VERTEX
8
Flux traps
10
-1835
20
1515
0
VERTEX
8
Flux traps
10
-1835
20
1535
0
VERTEX
8
Flux traps
10
-1815
20
1535
0
VERTEX
8
Flux traps
10
-1815
20
1515
0
SEQEND
0
POLYLINE
8
Flux traps
70
1
40
0
41
0
66
1
0
VERTEX
8
Flux traps
10
-1985
20
1515
0
VERTEX
8
Flux traps
10
-1985
20
1535
0
VERTEX
8
Flux traps
10
-1965
20
1535
0
VERTEX
8
Flux traps
10
-1965
20
1515
0
SEQEND
0
POLYLINE
8
Flux traps
70
1
40
0
41
0
66
1
0
VERTEX
8
Flux traps
10
-1685
20
1465
0
VERTEX
8
Flux traps
10
-1685
20
1485
0
VERTEX
8
Flux traps
10
-1665
20
1485
0
VERTEX
8
Flux traps
10
-1665
20
1465
0
SEQEND
0
POLYLINE
8
Flux traps
70
1
40
0
41
0
66
1
0
VERTEX
8
Flux traps
10
-1735
20
1465
0
VERTEX
8
Flux traps
10
-1735
20
1485
0
VERTEX
8
Flux traps
10
-1715
20
1485
0
VERTEX
8
Flux traps
10
-1715
20
1465
0
SEQEND
0
POLYLINE
8
Flux traps
70
1
40
0
41
0
66
1
0
VERTEX
8
Flux traps
10
-1785
20
1465
0
VERTEX
8
Flux traps
10
-1785
20
1485
0
VERTEX
8
Flux traps
10
-1765
20
1485
0
VERTEX
8
Flux traps
10
-1765
20
1465
0
SEQEND
0
POLYLINE
8
Flux traps
70
1
40
0
41
0
66
1
0
VERTEX
8
Flux traps
10
-1835
20
1465
0
VERTEX
8
Flux traps
10
-1835
20
1485
0
VERTEX
8
Flux traps
10
-1815
20
1485
0
VERTEX
8
Flux traps
10
-1815
20
1465
0
SEQEND
0
POLYLINE
8
Flux traps
70
1
40
0
41
0
66
1
0
VERTEX
8
Flux traps
10
-1985
20
1465
0
VERTEX
8
Flux traps
10
-1985
20
1485
0
VERTEX
8
Flux traps
10
-1965
20
1485
0
VERTEX
8
Flux traps
10
-1965
20
1465
0
SEQEND
0
POLYLINE
8
Flux traps
70
1
40
0
41
0
66
1
0
VERTEX
8
Flux traps
10
-2035
20
1465
0
VERTEX
8
Flux traps
10
-2035
20
1485
0
VERTEX
8
Flux traps
10
-2015
20
1485
0
VERTEX
8
Flux traps
10
-2015
20
1465
0
SEQEND
0
POLYLINE
8
Flux traps
70
1
40
0
41
0
66
1
0
VERTEX
8
Flux traps
10
-2085
20
1465
0
VERTEX
8
Flux traps
10
-2085
20
1485
0
VERTEX
8
Flux traps
10
-2065
20
1485
0
VERTEX
8
Flux traps
10
-2065
20
1465
0
SEQEND
0
POLYLINE
8
Flux traps
70
1
40
0
41
0
66
1
0
VERTEX
8
Flux traps
10
-1635
20
1465
0
VERTEX
8
Flux traps
10
-1635
20
1485
0
VERTEX
8
Flux traps
10
-1615
20
1485
0
VERTEX
8
Flux traps
10
-1615
20
1465
0
SEQEND
0
POLYLINE
8
Flux traps
70
1
40
0
41
0
66
1
0
VERTEX
8
Flux traps
10
-1585
20
1515
0
VERTEX
8
Flux traps
10
-1585
20
1535
0
VERTEX
8
Flux traps
10
-1565
20
1535
0
VERTEX
8
Flux traps
10
-1565
20
1515
0
SEQEND
0
POLYLINE
8
Flux traps
70
1
40
0
41
0
66
1
0
VERTEX
8
Flux traps
10
-1635
20
1515
0
VERTEX
8
Flux traps
10
-1635
20
1535
0
VERTEX
8
Flux traps
10
-1615
20
1535
0
VERTEX
8
Flux traps
10
-1615
20
1515
0
SEQEND
0
POLYLINE
8
Flux traps
70
1
40
0
41
0
66
1
0
VERTEX
8
Flux traps
10
-1885
20
1365
0
VERTEX
8
Flux traps
10
-1885
20
1385
0
VERTEX
8
Flux traps
10
-1865
20
1385
0
VERTEX
8
Flux traps
10
-1865
20
1365
0
SEQEND
0
POLYLINE
8
Flux traps
70
1
40
0
41
0
66
1
0
VERTEX
8
Flux traps
10
-1935
20
1365
0
VERTEX
8
Flux traps
10
-1935
20
1385
0
VERTEX
8
Flux traps
10
-1915
20
1385
0
VERTEX
8
Flux traps
10
-1915
20
1365
0
SEQEND
0
POLYLINE
8
Flux traps
70
1
40
0
41
0
66
1
0
VERTEX
8
Flux traps
10
-1885
20
1415
0
VERTEX
8
Flux traps
10
-1885
20
1435
0
VERTEX
8
Flux traps
10
-1865
20
1435
0
VERTEX
8
Flux traps
10
-1865
20
1415
0
SEQEND
0
POLYLINE
8
Flux traps
70
1
40
0
41
0
66
1
0
VERTEX
8
Flux traps
10
-1685
20
1365
0
VERTEX
8
Flux traps
10
-1685
20
1385
0
VERTEX
8
Flux traps
10
-1665
20
1385
0
VERTEX
8
Flux traps
10
-1665
20
1365
0
SEQEND
0
POLYLINE
8
Flux traps
70
1
40
0
41
0
66
1
0
VERTEX
8
Flux traps
10
-1735
20
1365
0
VERTEX
8
Flux traps
10
-1735
20
1385
0
VERTEX
8
Flux traps
10
-1715
20
1385
0
VERTEX
8
Flux traps
10
-1715
20
1365
0
SEQEND
0
POLYLINE
8
Flux traps
70
1
40
0
41
0
66
1
0
VERTEX
8
Flux traps
10
-1785
20
1365
0
VERTEX
8
Flux traps
10
-1785
20
1385
0
VERTEX
8
Flux traps
10
-1765
20
1385
0
VERTEX
8
Flux traps
10
-1765
20
1365
0
SEQEND
0
POLYLINE
8
Flux traps
70
1
40
0
41
0
66
1
0
VERTEX
8
Flux traps
10
-1835
20
1365
0
VERTEX
8
Flux traps
10
-1835
20
1385
0
VERTEX
8
Flux traps
10
-1815
20
1385
0
VERTEX
8
Flux traps
10
-1815
20
1365
0
SEQEND
0
POLYLINE
8
Flux traps
70
1
40
0
41
0
66
1
0
VERTEX
8
Flux traps
10
-1985
20
1365
0
VERTEX
8
Flux traps
10
-1985
20
1385
0
VERTEX
8
Flux traps
10
-1965
20
1385
0
VERTEX
8
Flux traps
10
-1965
20
1365
0
SEQEND
0
POLYLINE
8
Flux traps
70
1
40
0
41
0
66
1
0
VERTEX
8
Flux traps
10
-1985
20
1115
0
VERTEX
8
Flux traps
10
-1985
20
1135
0
VERTEX
8
Flux traps
10
-1965
20
1135
0
VERTEX
8
Flux traps
10
-1965
20
1115
0
SEQEND
0
POLYLINE
8
Flux traps
70
1
40
0
41
0
66
1
0
VERTEX
8
Flux traps
10
-2035
20
1115
0
VERTEX
8
Flux traps
10
-2035
20
1135
0
VERTEX
8
Flux traps
10
-2015
20
1135
0
VERTEX
8
Flux traps
10
-2015
20
1115
0
SEQEND
0
POLYLINE
8
Flux traps
70
1
40
0
41
0
66
1
0
VERTEX
8
Flux traps
10
-2085
20
1115
0
VERTEX
8
Flux traps
10
-2085
20
1135
0
VERTEX
8
Flux traps
10
-2065
20
1135
0
VERTEX
8
Flux traps
10
-2065
20
1115
0
SEQEND
0
POLYLINE
8
Flux traps
70
1
40
0
41
0
66
1
0
VERTEX
8
Flux traps
10
-1685
20
1165
0
VERTEX
8
Flux traps
10
-1685
20
1185
0
VERTEX
8
Flux traps
10
-1665
20
1185
0
VERTEX
8
Flux traps
10
-1665
20
1165
0
SEQEND
0
POLYLINE
8
Flux traps
70
1
40
0
41
0
66
1
0
VERTEX
8
Flux traps
10
-1735
20
1165
0
VERTEX
8
Flux traps
10
-1735
20
1185
0
VERTEX
8
Flux traps
10
-1715
20
1185
0
VERTEX
8
Flux traps
10
-1715
20
1165
0
SEQEND
0
POLYLINE
8
Flux traps
70
1
40
0
41
0
66
1
0
VERTEX
8
Flux traps
10
-1585
20
1115
0
VERTEX
8
Flux traps
10
-1585
20
1135
0
VERTEX
8
Flux traps
10
-1565
20
1135
0
VERTEX
8
Flux traps
10
-1565
20
1115
0
SEQEND
0
POLYLINE
8
Flux traps
70
1
40
0
41
0
66
1
0
VERTEX
8
Flux traps
10
-1635
20
1115
0
VERTEX
8
Flux traps
10
-1635
20
1135
0
VERTEX
8
Flux traps
10
-1615
20
1135
0
VERTEX
8
Flux traps
10
-1615
20
1115
0
SEQEND
0
POLYLINE
8
Flux traps
70
1
40
0
41
0
66
1
0
VERTEX
8
Flux traps
10
-1585
20
1165
0
VERTEX
8
Flux traps
10
-1585
20
1185
0
VERTEX
8
Flux traps
10
-1565
20
1185
0
VERTEX
8
Flux traps
10
-1565
20
1165
0
SEQEND
0
POLYLINE
8
Flux traps
70
1
40
0
41
0
66
1
0
VERTEX
8
Flux traps
10
-1635
20
1165
0
VERTEX
8
Flux traps
10
-1635
20
1185
0
VERTEX
8
Flux traps
10
-1615
20
1185
0
VERTEX
8
Flux traps
10
-1615
20
1165
0
SEQEND
0
POLYLINE
8
Flux traps
70
1
40
0
41
0
66
1
0
VERTEX
8
Flux traps
10
-1585
20
1215
0
VERTEX
8
Flux traps
10
-1585
20
1235
0
VERTEX
8
Flux traps
10
-1565
20
1235
0
VERTEX
8
Flux traps
10
-1565
20
1215
0
SEQEND
0
POLYLINE
8
Flux traps
70
1
40
0
41
0
66
1
0
VERTEX
8
Flux traps
10
-1635
20
1215
0
VERTEX
8
Flux traps
10
-1635
20
1235
0
VERTEX
8
Flux traps
10
-1615
20
1235
0
VERTEX
8
Flux traps
10
-1615
20
1215
0
SEQEND
0
POLYLINE
8
Flux traps
70
1
40
0
41
0
66
1
0
VERTEX
8
Flux traps
10
-1585
20
1265
0
VERTEX
8
Flux traps
10
-1585
20
1285
0
VERTEX
8
Flux traps
10
-1565
20
1285
0
VERTEX
8
Flux traps
10
-1565
20
1265
0
SEQEND
0
POLYLINE
8
Flux traps
70
1
40
0
41
0
66
1
0
VERTEX
8
Flux traps
10
-1635
20
1265
0
VERTEX
8
Flux traps
10
-1635
20
1285
0
VERTEX
8
Flux traps
10
-1615
20
1285
0
VERTEX
8
Flux traps
10
-1615
20
1265
0
SEQEND
0
POLYLINE
8
Flux traps
70
1
40
0
41
0
66
1
0
VERTEX
8
Flux traps
10
-1785
20
1165
0
VERTEX
8
Flux traps
10
-1785
20
1185
0
VERTEX
8
Flux traps
10
-1765
20
1185
0
VERTEX
8
Flux traps
10
-1765
20
1165
0
SEQEND
0
POLYLINE
8
Flux traps
70
1
40
0
41
0
66
1
0
VERTEX
8
Flux traps
10
-1835
20
1165
0
VERTEX
8
Flux traps
10
-1835
20
1185
0
VERTEX
8
Flux traps
10
-1815
20
1185
0
VERTEX
8
Flux traps
10
-1815
20
1165
0
SEQEND
0
POLYLINE
8
Flux traps
70
1
40
0
41
0
66
1
0
VERTEX
8
Flux traps
10
-1985
20
1165
0
VERTEX
8
Flux traps
10
-1985
20
1185
0
VERTEX
8
Flux traps
10
-1965
20
1185
0
VERTEX
8
Flux traps
10
-1965
20
1165
0
SEQEND
0
POLYLINE
8
Flux traps
70
1
40
0
41
0
66
1
0
VERTEX
8
Flux traps
10
-2035
20
1165
0
VERTEX
8
Flux traps
10
-2035
20
1185
0
VERTEX
8
Flux traps
10
-2015
20
1185
0
VERTEX
8
Flux traps
10
-2015
20
1165
0
SEQEND
0
POLYLINE
8
Flux traps
70
1
40
0
41
0
66
1
0
VERTEX
8
Flux traps
10
-2085
20
1165
0
VERTEX
8
Flux traps
10
-2085
20
1185
0
VERTEX
8
Flux traps
10
-2065
20
1185
0
VERTEX
8
Flux traps
10
-2065
20
1165
0
SEQEND
0
POLYLINE
8
Flux traps
70
1
40
0
41
0
66
1
0
VERTEX
8
Flux traps
10
-1685
20
1215
0
VERTEX
8
Flux traps
10
-1685
20
1235
0
VERTEX
8
Flux traps
10
-1665
20
1235
0
VERTEX
8
Flux traps
10
-1665
20
1215
0
SEQEND
0
POLYLINE
8
Flux traps
70
1
40
0
41
0
66
1
0
VERTEX
8
Flux traps
10
-1735
20
1215
0
VERTEX
8
Flux traps
10
-1735
20
1235
0
VERTEX
8
Flux traps
10
-1715
20
1235
0
VERTEX
8
Flux traps
10
-1715
20
1215
0
SEQEND
0
POLYLINE
8
Flux traps
70
1
40
0
41
0
66
1
0
VERTEX
8
Flux traps
10
-1785
20
1215
0
VERTEX
8
Flux traps
10
-1785
20
1235
0
VERTEX
8
Flux traps
10
-1765
20
1235
0
VERTEX
8
Flux traps
10
-1765
20
1215
0
SEQEND
0
POLYLINE
8
Flux traps
70
1
40
0
41
0
66
1
0
VERTEX
8
Flux traps
10
-1835
20
1215
0
VERTEX
8
Flux traps
10
-1835
20
1235
0
VERTEX
8
Flux traps
10
-1815
20
1235
0
VERTEX
8
Flux traps
10
-1815
20
1215
0
SEQEND
0
POLYLINE
8
Flux traps
70
1
40
0
41
0
66
1
0
VERTEX
8
Flux traps
10
-1985
20
1215
0
VERTEX
8
Flux traps
10
-1985
20
1235
0
VERTEX
8
Flux traps
10
-1965
20
1235
0
VERTEX
8
Flux traps
10
-1965
20
1215
0
SEQEND
0
POLYLINE
8
Flux traps
70
1
40
0
41
0
66
1
0
VERTEX
8
Flux traps
10
-2035
20
1215
0
VERTEX
8
Flux traps
10
-2035
20
1235
0
VERTEX
8
Flux traps
10
-2015
20
1235
0
VERTEX
8
Flux traps
10
-2015
20
1215
0
SEQEND
0
POLYLINE
8
Flux traps
70
1
40
0
41
0
66
1
0
VERTEX
8
Flux traps
10
-2085
20
1215
0
VERTEX
8
Flux traps
10
-2085
20
1235
0
VERTEX
8
Flux traps
10
-2065
20
1235
0
VERTEX
8
Flux traps
10
-2065
20
1215
0
SEQEND
0
POLYLINE
8
Flux traps
70
1
40
0
41
0
66
1
0
VERTEX
8
Flux traps
10
-1685
20
1265
0
VERTEX
8
Flux traps
10
-1685
20
1285
0
VERTEX
8
Flux traps
10
-1665
20
1285
0
VERTEX
8
Flux traps
10
-1665
20
1265
0
SEQEND
0
POLYLINE
8
Flux traps
70
1
40
0
41
0
66
1
0
VERTEX
8
Flux traps
10
-1735
20
1265
0
VERTEX
8
Flux traps
10
-1735
20
1285
0
VERTEX
8
Flux traps
10
-1715
20
1285
0
VERTEX
8
Flux traps
10
-1715
20
1265
0
SEQEND
0
POLYLINE
8
Flux traps
70
1
40
0
41
0
66
1
0
VERTEX
8
Flux traps
10
-1785
20
1265
0
VERTEX
8
Flux traps
10
-1785
20
1285
0
VERTEX
8
Flux traps
10
-1765
20
1285
0
VERTEX
8
Flux traps
10
-1765
20
1265
0
SEQEND
0
POLYLINE
8
Flux traps
70
1
40
0
41
0
66
1
0
VERTEX
8
Flux traps
10
-1835
20
1265
0
VERTEX
8
Flux traps
10
-1835
20
1285
0
VERTEX
8
Flux traps
10
-1815
20
1285
0
VERTEX
8
Flux traps
10
-1815
20
1265
0
SEQEND
0
POLYLINE
8
Flux traps
70
1
40
0
41
0
66
1
0
VERTEX
8
Flux traps
10
-1985
20
1265
0
VERTEX
8
Flux traps
10
-1985
20
1285
0
VERTEX
8
Flux traps
10
-1965
20
1285
0
VERTEX
8
Flux traps
10
-1965
20
1265
0
SEQEND
0
POLYLINE
8
Flux traps
70
1
40
0
41
0
66
1
0
VERTEX
8
Flux traps
10
-2035
20
1265
0
VERTEX
8
Flux traps
10
-2035
20
1285
0
VERTEX
8
Flux traps
10
-2015
20
1285
0
VERTEX
8
Flux traps
10
-2015
20
1265
0
SEQEND
0
POLYLINE
8
Flux traps
70
1
40
0
41
0
66
1
0
VERTEX
8
Flux traps
10
-1885
20
1165
0
VERTEX
8
Flux traps
10
-1885
20
1185
0
VERTEX
8
Flux traps
10
-1865
20
1185
0
VERTEX
8
Flux traps
10
-1865
20
1165
0
SEQEND
0
POLYLINE
8
Flux traps
70
1
40
0
41
0
66
1
0
VERTEX
8
Flux traps
10
-1935
20
1165
0
VERTEX
8
Flux traps
10
-1935
20
1185
0
VERTEX
8
Flux traps
10
-1915
20
1185
0
VERTEX
8
Flux traps
10
-1915
20
1165
0
SEQEND
0
POLYLINE
8
Flux traps
70
1
40
0
41
0
66
1
0
VERTEX
8
Flux traps
10
-1885
20
1215
0
VERTEX
8
Flux traps
10
-1885
20
1235
0
VERTEX
8
Flux traps
10
-1865
20
1235
0
VERTEX
8
Flux traps
10
-1865
20
1215
0
SEQEND
0
POLYLINE
8
Flux traps
70
1
40
0
41
0
66
1
0
VERTEX
8
Flux traps
10
-1935
20
1215
0
VERTEX
8
Flux traps
10
-1935
20
1235
0
VERTEX
8
Flux traps
10
-1915
20
1235
0
VERTEX
8
Flux traps
10
-1915
20
1215
0
SEQEND
0
POLYLINE
8
Flux traps
70
1
40
0
41
0
66
1
0
VERTEX
8
Flux traps
10
-1885
20
1265
0
VERTEX
8
Flux traps
10
-1885
20
1285
0
VERTEX
8
Flux traps
10
-1865
20
1285
0
VERTEX
8
Flux traps
10
-1865
20
1265
0
SEQEND
0
POLYLINE
8
Flux traps
70
1
40
0
41
0
66
1
0
VERTEX
8
Flux traps
10
-2085
20
1265
0
VERTEX
8
Flux traps
10
-2085
20
1285
0
VERTEX
8
Flux traps
10
-2065
20
1285
0
VERTEX
8
Flux traps
10
-2065
20
1265
0
SEQEND
0
POLYLINE
8
Flux traps
70
1
40
0
41
0
66
1
0
VERTEX
8
Flux traps
10
-1935
20
1265
0
VERTEX
8
Flux traps
10
-1935
20
1285
0
VERTEX
8
Flux traps
10
-1915
20
1285
0
VERTEX
8
Flux traps
10
-1915
20
1265
0
SEQEND
0
POLYLINE
8
Flux traps
70
1
40
0
41
0
66
1
0
VERTEX
8
Flux traps
10
-1885
20
1115
0
VERTEX
8
Flux traps
10
-1885
20
1135
0
VERTEX
8
Flux traps
10
-1865
20
1135
0
VERTEX
8
Flux traps
10
-1865
20
1115
0
SEQEND
0
POLYLINE
8
Flux traps
70
1
40
0
41
0
66
1
0
VERTEX
8
Flux traps
10
-1935
20
1115
0
VERTEX
8
Flux traps
10
-1935
20
1135
0
VERTEX
8
Flux traps
10
-1915
20
1135
0
VERTEX
8
Flux traps
10
-1915
20
1115
0
SEQEND
0
POLYLINE
8
Flux traps
70
1
40
0
41
0
66
1
0
VERTEX
8
Flux traps
10
-1685
20
1115
0
VERTEX
8
Flux traps
10
-1685
20
1135
0
VERTEX
8
Flux traps
10
-1665
20
1135
0
VERTEX
8
Flux traps
10
-1665
20
1115
0
SEQEND
0
POLYLINE
8
Flux traps
70
1
40
0
41
0
66
1
0
VERTEX
8
Flux traps
10
-1735
20
1115
0
VERTEX
8
Flux traps
10
-1735
20
1135
0
VERTEX
8
Flux traps
10
-1715
20
1135
0
VERTEX
8
Flux traps
10
-1715
20
1115
0
SEQEND
0
POLYLINE
8
Flux traps
70
1
40
0
41
0
66
1
0
VERTEX
8
Flux traps
10
-1785
20
1115
0
VERTEX
8
Flux traps
10
-1785
20
1135
0
VERTEX
8
Flux traps
10
-1765
20
1135
0
VERTEX
8
Flux traps
10
-1765
20
1115
0
SEQEND
0
POLYLINE
8
Flux traps
70
1
40
0
41
0
66
1
0
VERTEX
8
Flux traps
10
-1835
20
1115
0
VERTEX
8
Flux traps
10
-1835
20
1135
0
VERTEX
8
Flux traps
10
-1815
20
1135
0
VERTEX
8
Flux traps
10
-1815
20
1115
0
SEQEND
0
POLYLINE
8
Flux traps
70
1
40
0
41
0
66
1
0
VERTEX
8
Flux traps
10
-1385
20
1265
0
VERTEX
8
Flux traps
10
-1385
20
1285
0
VERTEX
8
Flux traps
10
-1365
20
1285
0
VERTEX
8
Flux traps
10
-1365
20
1265
0
SEQEND
0
POLYLINE
8
Flux traps
70
1
40
0
41
0
66
1
0
VERTEX
8
Flux traps
10
-1435
20
1265
0
VERTEX
8
Flux traps
10
-1435
20
1285
0
VERTEX
8
Flux traps
10
-1415
20
1285
0
VERTEX
8
Flux traps
10
-1415
20
1265
0
SEQEND
0
POLYLINE
8
Flux traps
70
1
40
0
41
0
66
1
0
VERTEX
8
Flux traps
10
-1485
20
1265
0
VERTEX
8
Flux traps
10
-1485
20
1285
0
VERTEX
8
Flux traps
10
-1465
20
1285
0
VERTEX
8
Flux traps
10
-1465
20
1265
0
SEQEND
0
POLYLINE
8
Flux traps
70
1
40
0
41
0
66
1
0
VERTEX
8
Flux traps
10
-1535
20
1265
0
VERTEX
8
Flux traps
10
-1535
20
1285
0
VERTEX
8
Flux traps
10
-1515
20
1285
0
VERTEX
8
Flux traps
10
-1515
20
1265
0
SEQEND
0
POLYLINE
8
Flux traps
70
1
40
0
41
0
66
1
0
VERTEX
8
Flux traps
10
-1485
20
1165
0
VERTEX
8
Flux traps
10
-1485
20
1185
0
VERTEX
8
Flux traps
10
-1465
20
1185
0
VERTEX
8
Flux traps
10
-1465
20
1165
0
SEQEND
0
POLYLINE
8
Flux traps
70
1
40
0
41
0
66
1
0
VERTEX
8
Flux traps
10
-1535
20
1165
0
VERTEX
8
Flux traps
10
-1535
20
1185
0
VERTEX
8
Flux traps
10
-1515
20
1185
0
VERTEX
8
Flux traps
10
-1515
20
1165
0
SEQEND
0
POLYLINE
8
Flux traps
70
1
40
0
41
0
66
1
0
VERTEX
8
Flux traps
10
-1535
20
1115
0
VERTEX
8
Flux traps
10
-1535
20
1135
0
VERTEX
8
Flux traps
10
-1515
20
1135
0
VERTEX
8
Flux traps
10
-1515
20
1115
0
SEQEND
0
POLYLINE
8
Flux traps
70
1
40
0
41
0
66
1
0
VERTEX
8
Flux traps
10
-1085
20
1115
0
VERTEX
8
Flux traps
10
-1085
20
1135
0
VERTEX
8
Flux traps
10
-1065
20
1135
0
VERTEX
8
Flux traps
10
-1065
20
1115
0
SEQEND
0
POLYLINE
8
Flux traps
70
1
40
0
41
0
66
1
0
VERTEX
8
Flux traps
10
-1135
20
1115
0
VERTEX
8
Flux traps
10
-1135
20
1135
0
VERTEX
8
Flux traps
10
-1115
20
1135
0
VERTEX
8
Flux traps
10
-1115
20
1115
0
SEQEND
0
POLYLINE
8
Flux traps
70
1
40
0
41
0
66
1
0
VERTEX
8
Flux traps
10
-1185
20
1115
0
VERTEX
8
Flux traps
10
-1185
20
1135
0
VERTEX
8
Flux traps
10
-1165
20
1135
0
VERTEX
8
Flux traps
10
-1165
20
1115
0
SEQEND
0
POLYLINE
8
Flux traps
70
1
40
0
41
0
66
1
0
VERTEX
8
Flux traps
10
-1235
20
1115
0
VERTEX
8
Flux traps
10
-1235
20
1135
0
VERTEX
8
Flux traps
10
-1215
20
1135
0
VERTEX
8
Flux traps
10
-1215
20
1115
0
SEQEND
0
POLYLINE
8
Flux traps
70
1
40
0
41
0
66
1
0
VERTEX
8
Flux traps
10
-1385
20
1115
0
VERTEX
8
Flux traps
10
-1385
20
1135
0
VERTEX
8
Flux traps
10
-1365
20
1135
0
VERTEX
8
Flux traps
10
-1365
20
1115
0
SEQEND
0
POLYLINE
8
Flux traps
70
1
40
0
41
0
66
1
0
VERTEX
8
Flux traps
10
-1435
20
1115
0
VERTEX
8
Flux traps
10
-1435
20
1135
0
VERTEX
8
Flux traps
10
-1415
20
1135
0
VERTEX
8
Flux traps
10
-1415
20
1115
0
SEQEND
0
POLYLINE
8
Flux traps
70
1
40
0
41
0
66
1
0
VERTEX
8
Flux traps
10
-1085
20
1215
0
VERTEX
8
Flux traps
10
-1085
20
1235
0
VERTEX
8
Flux traps
10
-1065
20
1235
0
VERTEX
8
Flux traps
10
-1065
20
1215
0
SEQEND
0
POLYLINE
8
Flux traps
70
1
40
0
41
0
66
1
0
VERTEX
8
Flux traps
10
-1135
20
1215
0
VERTEX
8
Flux traps
10
-1135
20
1235
0
VERTEX
8
Flux traps
10
-1115
20
1235
0
VERTEX
8
Flux traps
10
-1115
20
1215
0
SEQEND
0
POLYLINE
8
Flux traps
70
1
40
0
41
0
66
1
0
VERTEX
8
Flux traps
10
-1185
20
1215
0
VERTEX
8
Flux traps
10
-1185
20
1235
0
VERTEX
8
Flux traps
10
-1165
20
1235
0
VERTEX
8
Flux traps
10
-1165
20
1215
0
SEQEND
0
POLYLINE
8
Flux traps
70
1
40
0
41
0
66
1
0
VERTEX
8
Flux traps
10
-1235
20
1215
0
VERTEX
8
Flux traps
10
-1235
20
1235
0
VERTEX
8
Flux traps
10
-1215
20
1235
0
VERTEX
8
Flux traps
10
-1215
20
1215
0
SEQEND
0
POLYLINE
8
Flux traps
70
1
40
0
41
0
66
1
0
VERTEX
8
Flux traps
10
-1385
20
1215
0
VERTEX
8
Flux traps
10
-1385
20
1235
0
VERTEX
8
Flux traps
10
-1365
20
1235
0
VERTEX
8
Flux traps
10
-1365
20
1215
0
SEQEND
0
POLYLINE
8
Flux traps
70
1
40
0
41
0
66
1
0
VERTEX
8
Flux traps
10
-1435
20
1215
0
VERTEX
8
Flux traps
10
-1435
20
1235
0
VERTEX
8
Flux traps
10
-1415
20
1235
0
VERTEX
8
Flux traps
10
-1415
20
1215
0
SEQEND
0
POLYLINE
8
Flux traps
70
1
40
0
41
0
66
1
0
VERTEX
8
Flux traps
10
-1485
20
1215
0
VERTEX
8
Flux traps
10
-1485
20
1235
0
VERTEX
8
Flux traps
10
-1465
20
1235
0
VERTEX
8
Flux traps
10
-1465
20
1215
0
SEQEND
0
POLYLINE
8
Flux traps
70
1
40
0
41
0
66
1
0
VERTEX
8
Flux traps
10
-1535
20
1215
0
VERTEX
8
Flux traps
10
-1535
20
1235
0
VERTEX
8
Flux traps
10
-1515
20
1235
0
VERTEX
8
Flux traps
10
-1515
20
1215
0
SEQEND
0
POLYLINE
8
Flux traps
70
1
40
0
41
0
66
1
0
VERTEX
8
Flux traps
10
-1485
20
1115
0
VERTEX
8
Flux traps
10
-1485
20
1135
0
VERTEX
8
Flux traps
10
-1465
20
1135
0
VERTEX
8
Flux traps
10
-1465
20
1115
0
SEQEND
0
POLYLINE
8
Flux traps
70
1
40
0
41
0
66
1
0
VERTEX
8
Flux traps
10
-1085
20
1165
0
VERTEX
8
Flux traps
10
-1085
20
1185
0
VERTEX
8
Flux traps
10
-1065
20
1185
0
VERTEX
8
Flux traps
10
-1065
20
1165
0
SEQEND
0
POLYLINE
8
Flux traps
70
1
40
0
41
0
66
1
0
VERTEX
8
Flux traps
10
-1135
20
1165
0
VERTEX
8
Flux traps
10
-1135
20
1185
0
VERTEX
8
Flux traps
10
-1115
20
1185
0
VERTEX
8
Flux traps
10
-1115
20
1165
0
SEQEND
0
POLYLINE
8
Flux traps
70
1
40
0
41
0
66
1
0
VERTEX
8
Flux traps
10
-1285
20
1115
0
VERTEX
8
Flux traps
10
-1285
20
1135
0
VERTEX
8
Flux traps
10
-1265
20
1135
0
VERTEX
8
Flux traps
10
-1265
20
1115
0
SEQEND
0
POLYLINE
8
Flux traps
70
1
40
0
41
0
66
1
0
VERTEX
8
Flux traps
10
-1335
20
1115
0
VERTEX
8
Flux traps
10
-1335
20
1135
0
VERTEX
8
Flux traps
10
-1315
20
1135
0
VERTEX
8
Flux traps
10
-1315
20
1115
0
SEQEND
0
POLYLINE
8
Flux traps
70
1
40
0
41
0
66
1
0
VERTEX
8
Flux traps
10
-1285
20
1165
0
VERTEX
8
Flux traps
10
-1285
20
1185
0
VERTEX
8
Flux traps
10
-1265
20
1185
0
VERTEX
8
Flux traps
10
-1265
20
1165
0
SEQEND
0
POLYLINE
8
Flux traps
70
1
40
0
41
0
66
1
0
VERTEX
8
Flux traps
10
-1335
20
1165
0
VERTEX
8
Flux traps
10
-1335
20
1185
0
VERTEX
8
Flux traps
10
-1315
20
1185
0
VERTEX
8
Flux traps
10
-1315
20
1165
0
SEQEND
0
POLYLINE
8
Flux traps
70
1
40
0
41
0
66
1
0
VERTEX
8
Flux traps
10
-1285
20
1215
0
VERTEX
8
Flux traps
10
-1285
20
1235
0
VERTEX
8
Flux traps
10
-1265
20
1235
0
VERTEX
8
Flux traps
10
-1265
20
1215
0
SEQEND
0
POLYLINE
8
Flux traps
70
1
40
0
41
0
66
1
0
VERTEX
8
Flux traps
10
-1335
20
1215
0
VERTEX
8
Flux traps
10
-1335
20
1235
0
VERTEX
8
Flux traps
10
-1315
20
1235
0
VERTEX
8
Flux traps
10
-1315
20
1215
0
SEQEND
0
POLYLINE
8
Flux traps
70
1
40
0
41
0
66
1
0
VERTEX
8
Flux traps
10
-1285
20
1265
0
VERTEX
8
Flux traps
10
-1285
20
1285
0
VERTEX
8
Flux traps
10
-1265
20
1285
0
VERTEX
8
Flux traps
10
-1265
20
1265
0
SEQEND
0
POLYLINE
8
Flux traps
70
1
40
0
41
0
66
1
0
VERTEX
8
Flux traps
10
-1335
20
1265
0
VERTEX
8
Flux traps
10
-1335
20
1285
0
VERTEX
8
Flux traps
10
-1315
20
1285
0
VERTEX
8
Flux traps
10
-1315
20
1265
0
SEQEND
0
POLYLINE
8
Flux traps
70
1
40
0
41
0
66
1
0
VERTEX
8
Flux traps
10
-1185
20
1165
0
VERTEX
8
Flux traps
10
-1185
20
1185
0
VERTEX
8
Flux traps
10
-1165
20
1185
0
VERTEX
8
Flux traps
10
-1165
20
1165
0
SEQEND
0
POLYLINE
8
Flux traps
70
1
40
0
41
0
66
1
0
VERTEX
8
Flux traps
10
-1235
20
1165
0
VERTEX
8
Flux traps
10
-1235
20
1185
0
VERTEX
8
Flux traps
10
-1215
20
1185
0
VERTEX
8
Flux traps
10
-1215
20
1165
0
SEQEND
0
POLYLINE
8
Flux traps
70
1
40
0
41
0
66
1
0
VERTEX
8
Flux traps
10
-1385
20
1165
0
VERTEX
8
Flux traps
10
-1385
20
1185
0
VERTEX
8
Flux traps
10
-1365
20
1185
0
VERTEX
8
Flux traps
10
-1365
20
1165
0
SEQEND
0
POLYLINE
8
Flux traps
70
1
40
0
41
0
66
1
0
VERTEX
8
Flux traps
10
-1435
20
1165
0
VERTEX
8
Flux traps
10
-1435
20
1185
0
VERTEX
8
Flux traps
10
-1415
20
1185
0
VERTEX
8
Flux traps
10
-1415
20
1165
0
SEQEND
0
POLYLINE
8
Flux traps
70
1
40
0
41
0
66
1
0
VERTEX
8
Flux traps
10
-1085
20
1265
0
VERTEX
8
Flux traps
10
-1085
20
1285
0
VERTEX
8
Flux traps
10
-1065
20
1285
0
VERTEX
8
Flux traps
10
-1065
20
1265
0
SEQEND
0
POLYLINE
8
Flux traps
70
1
40
0
41
0
66
1
0
VERTEX
8
Flux traps
10
-1135
20
1265
0
VERTEX
8
Flux traps
10
-1135
20
1285
0
VERTEX
8
Flux traps
10
-1115
20
1285
0
VERTEX
8
Flux traps
10
-1115
20
1265
0
SEQEND
0
POLYLINE
8
Flux traps
70
1
40
0
41
0
66
1
0
VERTEX
8
Flux traps
10
-1185
20
1265
0
VERTEX
8
Flux traps
10
-1185
20
1285
0
VERTEX
8
Flux traps
10
-1165
20
1285
0
VERTEX
8
Flux traps
10
-1165
20
1265
0
SEQEND
0
POLYLINE
8
Flux traps
70
1
40
0
41
0
66
1
0
VERTEX
8
Flux traps
10
-1235
20
1265
0
VERTEX
8
Flux traps
10
-1235
20
1285
0
VERTEX
8
Flux traps
10
-1215
20
1285
0
VERTEX
8
Flux traps
10
-1215
20
1265
0
SEQEND
0
POLYLINE
8
Flux traps
70
1
40
0
41
0
66
1
0
VERTEX
8
Flux traps
10
-535
20
1115
0
VERTEX
8
Flux traps
10
-535
20
1135
0
VERTEX
8
Flux traps
10
-515
20
1135
0
VERTEX
8
Flux traps
10
-515
20
1115
0
SEQEND
0
POLYLINE
8
Flux traps
70
1
40
0
41
0
66
1
0
VERTEX
8
Flux traps
10
-535
20
1365
0
VERTEX
8
Flux traps
10
-535
20
1385
0
VERTEX
8
Flux traps
10
-515
20
1385
0
VERTEX
8
Flux traps
10
-515
20
1365
0
SEQEND
0
POLYLINE
8
Flux traps
70
1
40
0
41
0
66
1
0
VERTEX
8
Flux traps
10
-535
20
1215
0
VERTEX
8
Flux traps
10
-535
20
1235
0
VERTEX
8
Flux traps
10
-515
20
1235
0
VERTEX
8
Flux traps
10
-515
20
1215
0
SEQEND
0
POLYLINE
8
Flux traps
70
1
40
0
41
0
66
1
0
VERTEX
8
Flux traps
10
-535
20
1465
0
VERTEX
8
Flux traps
10
-535
20
1485
0
VERTEX
8
Flux traps
10
-515
20
1485
0
VERTEX
8
Flux traps
10
-515
20
1465
0
SEQEND
0
POLYLINE
8
Flux traps
70
1
40
0
41
0
66
1
0
VERTEX
8
Flux traps
10
-535
20
1515
0
VERTEX
8
Flux traps
10
-535
20
1535
0
VERTEX
8
Flux traps
10
-515
20
1535
0
VERTEX
8
Flux traps
10
-515
20
1515
0
SEQEND
0
POLYLINE
8
Flux traps
70
1
40
0
41
0
66
1
0
VERTEX
8
Flux traps
10
-535
20
1265
0
VERTEX
8
Flux traps
10
-535
20
1285
0
VERTEX
8
Flux traps
10
-515
20
1285
0
VERTEX
8
Flux traps
10
-515
20
1265
0
SEQEND
0
POLYLINE
8
Flux traps
70
1
40
0
41
0
66
1
0
VERTEX
8
Flux traps
10
-535
20
1415
0
VERTEX
8
Flux traps
10
-535
20
1435
0
VERTEX
8
Flux traps
10
-515
20
1435
0
VERTEX
8
Flux traps
10
-515
20
1415
0
SEQEND
0
POLYLINE
8
Flux traps
70
1
40
0
41
0
66
1
0
VERTEX
8
Flux traps
10
-535
20
1165
0
VERTEX
8
Flux traps
10
-535
20
1185
0
VERTEX
8
Flux traps
10
-515
20
1185
0
VERTEX
8
Flux traps
10
-515
20
1165
0
SEQEND
0
POLYLINE
8
Flux traps
70
1
40
0
41
0
66
1
0
VERTEX
8
Flux traps
10
-35
20
1315
0
VERTEX
8
Flux traps
10
-35
20
1335
0
VERTEX
8
Flux traps
10
-15
20
1335
0
VERTEX
8
Flux traps
10
-15
20
1315
0
SEQEND
0
POLYLINE
8
Flux traps
70
1
40
0
41
0
66
1
0
VERTEX
8
Flux traps
10
-85
20
1315
0
VERTEX
8
Flux traps
10
-85
20
1335
0
VERTEX
8
Flux traps
10
-65
20
1335
0
VERTEX
8
Flux traps
10
-65
20
1315
0
SEQEND
0
POLYLINE
8
Flux traps
70
1
40
0
41
0
66
1
0
VERTEX
8
Flux traps
10
-135
20
1315
0
VERTEX
8
Flux traps
10
-135
20
1335
0
VERTEX
8
Flux traps
10
-115
20
1335
0
VERTEX
8
Flux traps
10
-115
20
1315
0
SEQEND
0
POLYLINE
8
Flux traps
70
1
40
0
41
0
66
1
0
VERTEX
8
Flux traps
10
-185
20
1315
0
VERTEX
8
Flux traps
10
-185
20
1335
0
VERTEX
8
Flux traps
10
-165
20
1335
0
VERTEX
8
Flux traps
10
-165
20
1315
0
SEQEND
0
POLYLINE
8
Flux traps
70
1
40
0
41
0
66
1
0
VERTEX
8
Flux traps
10
-235
20
1315
0
VERTEX
8
Flux traps
10
-235
20
1335
0
VERTEX
8
Flux traps
10
-215
20
1335
0
VERTEX
8
Flux traps
10
-215
20
1315
0
SEQEND
0
POLYLINE
8
Flux traps
70
1
40
0
41
0
66
1
0
VERTEX
8
Flux traps
10
-385
20
1315
0
VERTEX
8
Flux traps
10
-385
20
1335
0
VERTEX
8
Flux traps
10
-365
20
1335
0
VERTEX
8
Flux traps
10
-365
20
1315
0
SEQEND
0
POLYLINE
8
Flux traps
70
1
40
0
41
0
66
1
0
VERTEX
8
Flux traps
10
-435
20
1315
0
VERTEX
8
Flux traps
10
-435
20
1335
0
VERTEX
8
Flux traps
10
-415
20
1335
0
VERTEX
8
Flux traps
10
-415
20
1315
0
SEQEND
0
POLYLINE
8
Flux traps
70
1
40
0
41
0
66
1
0
VERTEX
8
Flux traps
10
-485
20
1315
0
VERTEX
8
Flux traps
10
-485
20
1335
0
VERTEX
8
Flux traps
10
-465
20
1335
0
VERTEX
8
Flux traps
10
-465
20
1315
0
SEQEND
0
POLYLINE
8
Flux traps
70
1
40
0
41
0
66
1
0
VERTEX
8
Flux traps
10
-535
20
1315
0
VERTEX
8
Flux traps
10
-535
20
1335
0
VERTEX
8
Flux traps
10
-515
20
1335
0
VERTEX
8
Flux traps
10
-515
20
1315
0
SEQEND
0
POLYLINE
8
Flux traps
70
1
40
0
41
0
66
1
0
VERTEX
8
Flux traps
10
-685
20
1315
0
VERTEX
8
Flux traps
10
-685
20
1335
0
VERTEX
8
Flux traps
10
-665
20
1335
0
VERTEX
8
Flux traps
10
-665
20
1315
0
SEQEND
0
POLYLINE
8
Flux traps
70
1
40
0
41
0
66
1
0
VERTEX
8
Flux traps
10
-735
20
1315
0
VERTEX
8
Flux traps
10
-735
20
1335
0
VERTEX
8
Flux traps
10
-715
20
1335
0
VERTEX
8
Flux traps
10
-715
20
1315
0
SEQEND
0
POLYLINE
8
Flux traps
70
1
40
0
41
0
66
1
0
VERTEX
8
Flux traps
10
-785
20
1315
0
VERTEX
8
Flux traps
10
-785
20
1335
0
VERTEX
8
Flux traps
10
-765
20
1335
0
VERTEX
8
Flux traps
10
-765
20
1315
0
SEQEND
0
POLYLINE
8
Flux traps
70
1
40
0
41
0
66
1
0
VERTEX
8
Flux traps
10
-835
20
1315
0
VERTEX
8
Flux traps
10
-835
20
1335
0
VERTEX
8
Flux traps
10
-815
20
1335
0
VERTEX
8
Flux traps
10
-815
20
1315
0
SEQEND
0
POLYLINE
8
Flux traps
70
1
40
0
41
0
66
1
0
VERTEX
8
Flux traps
10
-985
20
1315
0
VERTEX
8
Flux traps
10
-985
20
1335
0
VERTEX
8
Flux traps
10
-965
20
1335
0
VERTEX
8
Flux traps
10
-965
20
1315
0
SEQEND
0
POLYLINE
8
Flux traps
70
1
40
0
41
0
66
1
0
VERTEX
8
Flux traps
10
-1035
20
1315
0
VERTEX
8
Flux traps
10
-1035
20
1335
0
VERTEX
8
Flux traps
10
-1015
20
1335
0
VERTEX
8
Flux traps
10
-1015
20
1315
0
SEQEND
0
POLYLINE
8
Flux traps
70
1
40
0
41
0
66
1
0
VERTEX
8
Flux traps
10
-35
20
1365
0
VERTEX
8
Flux traps
10
-35
20
1385
0
VERTEX
8
Flux traps
10
-15
20
1385
0
VERTEX
8
Flux traps
10
-15
20
1365
0
SEQEND
0
POLYLINE
8
Flux traps
70
1
40
0
41
0
66
1
0
VERTEX
8
Flux traps
10
-35
20
1465
0
VERTEX
8
Flux traps
10
-35
20
1485
0
VERTEX
8
Flux traps
10
-15
20
1485
0
VERTEX
8
Flux traps
10
-15
20
1465
0
SEQEND
0
POLYLINE
8
Flux traps
70
1
40
0
41
0
66
1
0
VERTEX
8
Flux traps
10
-85
20
1465
0
VERTEX
8
Flux traps
10
-85
20
1485
0
VERTEX
8
Flux traps
10
-65
20
1485
0
VERTEX
8
Flux traps
10
-65
20
1465
0
SEQEND
0
POLYLINE
8
Flux traps
70
1
40
0
41
0
66
1
0
VERTEX
8
Flux traps
10
-135
20
1465
0
VERTEX
8
Flux traps
10
-135
20
1485
0
VERTEX
8
Flux traps
10
-115
20
1485
0
VERTEX
8
Flux traps
10
-115
20
1465
0
SEQEND
0
POLYLINE
8
Flux traps
70
1
40
0
41
0
66
1
0
VERTEX
8
Flux traps
10
-185
20
1465
0
VERTEX
8
Flux traps
10
-185
20
1485
0
VERTEX
8
Flux traps
10
-165
20
1485
0
VERTEX
8
Flux traps
10
-165
20
1465
0
SEQEND
0
POLYLINE
8
Flux traps
70
1
40
0
41
0
66
1
0
VERTEX
8
Flux traps
10
-235
20
1465
0
VERTEX
8
Flux traps
10
-235
20
1485
0
VERTEX
8
Flux traps
10
-215
20
1485
0
VERTEX
8
Flux traps
10
-215
20
1465
0
SEQEND
0
POLYLINE
8
Flux traps
70
1
40
0
41
0
66
1
0
VERTEX
8
Flux traps
10
-385
20
1415
0
VERTEX
8
Flux traps
10
-385
20
1435
0
VERTEX
8
Flux traps
10
-365
20
1435
0
VERTEX
8
Flux traps
10
-365
20
1415
0
SEQEND
0
POLYLINE
8
Flux traps
70
1
40
0
41
0
66
1
0
VERTEX
8
Flux traps
10
-85
20
1365
0
VERTEX
8
Flux traps
10
-85
20
1385
0
VERTEX
8
Flux traps
10
-65
20
1385
0
VERTEX
8
Flux traps
10
-65
20
1365
0
SEQEND
0
POLYLINE
8
Flux traps
70
1
40
0
41
0
66
1
0
VERTEX
8
Flux traps
10
-435
20
1415
0
VERTEX
8
Flux traps
10
-435
20
1435
0
VERTEX
8
Flux traps
10
-415
20
1435
0
VERTEX
8
Flux traps
10
-415
20
1415
0
SEQEND
0
POLYLINE
8
Flux traps
70
1
40
0
41
0
66
1
0
VERTEX
8
Flux traps
10
-485
20
1415
0
VERTEX
8
Flux traps
10
-485
20
1435
0
VERTEX
8
Flux traps
10
-465
20
1435
0
VERTEX
8
Flux traps
10
-465
20
1415
0
SEQEND
0
POLYLINE
8
Flux traps
70
1
40
0
41
0
66
1
0
VERTEX
8
Flux traps
10
-135
20
1365
0
VERTEX
8
Flux traps
10
-135
20
1385
0
VERTEX
8
Flux traps
10
-115
20
1385
0
VERTEX
8
Flux traps
10
-115
20
1365
0
SEQEND
0
POLYLINE
8
Flux traps
70
1
40
0
41
0
66
1
0
VERTEX
8
Flux traps
10
-35
20
1515
0
VERTEX
8
Flux traps
10
-35
20
1535
0
VERTEX
8
Flux traps
10
-15
20
1535
0
VERTEX
8
Flux traps
10
-15
20
1515
0
SEQEND
0
POLYLINE
8
Flux traps
70
1
40
0
41
0
66
1
0
VERTEX
8
Flux traps
10
-185
20
1365
0
VERTEX
8
Flux traps
10
-185
20
1385
0
VERTEX
8
Flux traps
10
-165
20
1385
0
VERTEX
8
Flux traps
10
-165
20
1365
0
SEQEND
0
POLYLINE
8
Flux traps
70
1
40
0
41
0
66
1
0
VERTEX
8
Flux traps
10
-235
20
1365
0
VERTEX
8
Flux traps
10
-235
20
1385
0
VERTEX
8
Flux traps
10
-215
20
1385
0
VERTEX
8
Flux traps
10
-215
20
1365
0
SEQEND
0
POLYLINE
8
Flux traps
70
1
40
0
41
0
66
1
0
VERTEX
8
Flux traps
10
-385
20
1365
0
VERTEX
8
Flux traps
10
-385
20
1385
0
VERTEX
8
Flux traps
10
-365
20
1385
0
VERTEX
8
Flux traps
10
-365
20
1365
0
SEQEND
0
POLYLINE
8
Flux traps
70
1
40
0
41
0
66
1
0
VERTEX
8
Flux traps
10
-435
20
1365
0
VERTEX
8
Flux traps
10
-435
20
1385
0
VERTEX
8
Flux traps
10
-415
20
1385
0
VERTEX
8
Flux traps
10
-415
20
1365
0
SEQEND
0
POLYLINE
8
Flux traps
70
1
40
0
41
0
66
1
0
VERTEX
8
Flux traps
10
-85
20
1515
0
VERTEX
8
Flux traps
10
-85
20
1535
0
VERTEX
8
Flux traps
10
-65
20
1535
0
VERTEX
8
Flux traps
10
-65
20
1515
0
SEQEND
0
POLYLINE
8
Flux traps
70
1
40
0
41
0
66
1
0
VERTEX
8
Flux traps
10
-135
20
1515
0
VERTEX
8
Flux traps
10
-135
20
1535
0
VERTEX
8
Flux traps
10
-115
20
1535
0
VERTEX
8
Flux traps
10
-115
20
1515
0
SEQEND
0
POLYLINE
8
Flux traps
70
1
40
0
41
0
66
1
0
VERTEX
8
Flux traps
10
-185
20
1515
0
VERTEX
8
Flux traps
10
-185
20
1535
0
VERTEX
8
Flux traps
10
-165
20
1535
0
VERTEX
8
Flux traps
10
-165
20
1515
0
SEQEND
0
POLYLINE
8
Flux traps
70
1
40
0
41
0
66
1
0
VERTEX
8
Flux traps
10
-235
20
1515
0
VERTEX
8
Flux traps
10
-235
20
1535
0
VERTEX
8
Flux traps
10
-215
20
1535
0
VERTEX
8
Flux traps
10
-215
20
1515
0
SEQEND
0
POLYLINE
8
Flux traps
70
1
40
0
41
0
66
1
0
VERTEX
8
Flux traps
10
-485
20
1365
0
VERTEX
8
Flux traps
10
-485
20
1385
0
VERTEX
8
Flux traps
10
-465
20
1385
0
VERTEX
8
Flux traps
10
-465
20
1365
0
SEQEND
0
POLYLINE
8
Flux traps
70
1
40
0
41
0
66
1
0
VERTEX
8
Flux traps
10
-435
20
1465
0
VERTEX
8
Flux traps
10
-435
20
1485
0
VERTEX
8
Flux traps
10
-415
20
1485
0
VERTEX
8
Flux traps
10
-415
20
1465
0
SEQEND
0
POLYLINE
8
Flux traps
70
1
40
0
41
0
66
1
0
VERTEX
8
Flux traps
10
-485
20
1465
0
VERTEX
8
Flux traps
10
-485
20
1485
0
VERTEX
8
Flux traps
10
-465
20
1485
0
VERTEX
8
Flux traps
10
-465
20
1465
0
SEQEND
0
POLYLINE
8
Flux traps
70
1
40
0
41
0
66
1
0
VERTEX
8
Flux traps
10
-35
20
1415
0
VERTEX
8
Flux traps
10
-35
20
1435
0
VERTEX
8
Flux traps
10
-15
20
1435
0
VERTEX
8
Flux traps
10
-15
20
1415
0
SEQEND
0
POLYLINE
8
Flux traps
70
1
40
0
41
0
66
1
0
VERTEX
8
Flux traps
10
-85
20
1415
0
VERTEX
8
Flux traps
10
-85
20
1435
0
VERTEX
8
Flux traps
10
-65
20
1435
0
VERTEX
8
Flux traps
10
-65
20
1415
0
SEQEND
0
POLYLINE
8
Flux traps
70
1
40
0
41
0
66
1
0
VERTEX
8
Flux traps
10
-135
20
1415
0
VERTEX
8
Flux traps
10
-135
20
1435
0
VERTEX
8
Flux traps
10
-115
20
1435
0
VERTEX
8
Flux traps
10
-115
20
1415
0
SEQEND
0
POLYLINE
8
Flux traps
70
1
40
0
41
0
66
1
0
VERTEX
8
Flux traps
10
-185
20
1415
0
VERTEX
8
Flux traps
10
-185
20
1435
0
VERTEX
8
Flux traps
10
-165
20
1435
0
VERTEX
8
Flux traps
10
-165
20
1415
0
SEQEND
0
POLYLINE
8
Flux traps
70
1
40
0
41
0
66
1
0
VERTEX
8
Flux traps
10
-235
20
1415
0
VERTEX
8
Flux traps
10
-235
20
1435
0
VERTEX
8
Flux traps
10
-215
20
1435
0
VERTEX
8
Flux traps
10
-215
20
1415
0
SEQEND
0
POLYLINE
8
Flux traps
70
1
40
0
41
0
66
1
0
VERTEX
8
Flux traps
10
-385
20
1465
0
VERTEX
8
Flux traps
10
-385
20
1485
0
VERTEX
8
Flux traps
10
-365
20
1485
0
VERTEX
8
Flux traps
10
-365
20
1465
0
SEQEND
0
POLYLINE
8
Flux traps
70
1
40
0
41
0
66
1
0
VERTEX
8
Flux traps
10
-385
20
1515
0
VERTEX
8
Flux traps
10
-385
20
1535
0
VERTEX
8
Flux traps
10
-365
20
1535
0
VERTEX
8
Flux traps
10
-365
20
1515
0
SEQEND
0
POLYLINE
8
Flux traps
70
1
40
0
41
0
66
1
0
VERTEX
8
Flux traps
10
-435
20
1515
0
VERTEX
8
Flux traps
10
-435
20
1535
0
VERTEX
8
Flux traps
10
-415
20
1535
0
VERTEX
8
Flux traps
10
-415
20
1515
0
SEQEND
0
POLYLINE
8
Flux traps
70
1
40
0
41
0
66
1
0
VERTEX
8
Flux traps
10
-485
20
1515
0
VERTEX
8
Flux traps
10
-485
20
1535
0
VERTEX
8
Flux traps
10
-465
20
1535
0
VERTEX
8
Flux traps
10
-465
20
1515
0
SEQEND
0
POLYLINE
8
Flux traps
70
1
40
0
41
0
66
1
0
VERTEX
8
Flux traps
10
-685
20
1365
0
VERTEX
8
Flux traps
10
-685
20
1385
0
VERTEX
8
Flux traps
10
-665
20
1385
0
VERTEX
8
Flux traps
10
-665
20
1365
0
SEQEND
0
POLYLINE
8
Flux traps
70
1
40
0
41
0
66
1
0
VERTEX
8
Flux traps
10
-735
20
1365
0
VERTEX
8
Flux traps
10
-735
20
1385
0
VERTEX
8
Flux traps
10
-715
20
1385
0
VERTEX
8
Flux traps
10
-715
20
1365
0
SEQEND
0
POLYLINE
8
Flux traps
70
1
40
0
41
0
66
1
0
VERTEX
8
Flux traps
10
-785
20
1365
0
VERTEX
8
Flux traps
10
-785
20
1385
0
VERTEX
8
Flux traps
10
-765
20
1385
0
VERTEX
8
Flux traps
10
-765
20
1365
0
SEQEND
0
POLYLINE
8
Flux traps
70
1
40
0
41
0
66
1
0
VERTEX
8
Flux traps
10
-835
20
1365
0
VERTEX
8
Flux traps
10
-835
20
1385
0
VERTEX
8
Flux traps
10
-815
20
1385
0
VERTEX
8
Flux traps
10
-815
20
1365
0
SEQEND
0
POLYLINE
8
Flux traps
70
1
40
0
41
0
66
1
0
VERTEX
8
Flux traps
10
-985
20
1365
0
VERTEX
8
Flux traps
10
-985
20
1385
0
VERTEX
8
Flux traps
10
-965
20
1385
0
VERTEX
8
Flux traps
10
-965
20
1365
0
SEQEND
0
POLYLINE
8
Flux traps
70
1
40
0
41
0
66
1
0
VERTEX
8
Flux traps
10
-835
20
1515
0
VERTEX
8
Flux traps
10
-835
20
1535
0
VERTEX
8
Flux traps
10
-815
20
1535
0
VERTEX
8
Flux traps
10
-815
20
1515
0
SEQEND
0
POLYLINE
8
Flux traps
70
1
40
0
41
0
66
1
0
VERTEX
8
Flux traps
10
-985
20
1515
0
VERTEX
8
Flux traps
10
-985
20
1535
0
VERTEX
8
Flux traps
10
-965
20
1535
0
VERTEX
8
Flux traps
10
-965
20
1515
0
SEQEND
0
POLYLINE
8
Flux traps
70
1
40
0
41
0
66
1
0
VERTEX
8
Flux traps
10
-1035
20
1515
0
VERTEX
8
Flux traps
10
-1035
20
1535
0
VERTEX
8
Flux traps
10
-1015
20
1535
0
VERTEX
8
Flux traps
10
-1015
20
1515
0
SEQEND
0
POLYLINE
8
Flux traps
70
1
40
0
41
0
66
1
0
VERTEX
8
Flux traps
10
-685
20
1515
0
VERTEX
8
Flux traps
10
-685
20
1535
0
VERTEX
8
Flux traps
10
-665
20
1535
0
VERTEX
8
Flux traps
10
-665
20
1515
0
SEQEND
0
POLYLINE
8
Flux traps
70
1
40
0
41
0
66
1
0
VERTEX
8
Flux traps
10
-735
20
1515
0
VERTEX
8
Flux traps
10
-735
20
1535
0
VERTEX
8
Flux traps
10
-715
20
1535
0
VERTEX
8
Flux traps
10
-715
20
1515
0
SEQEND
0
POLYLINE
8
Flux traps
70
1
40
0
41
0
66
1
0
VERTEX
8
Flux traps
10
-1035
20
1365
0
VERTEX
8
Flux traps
10
-1035
20
1385
0
VERTEX
8
Flux traps
10
-1015
20
1385
0
VERTEX
8
Flux traps
10
-1015
20
1365
0
SEQEND
0
POLYLINE
8
Flux traps
70
1
40
0
41
0
66
1
0
VERTEX
8
Flux traps
10
-685
20
1415
0
VERTEX
8
Flux traps
10
-685
20
1435
0
VERTEX
8
Flux traps
10
-665
20
1435
0
VERTEX
8
Flux traps
10
-665
20
1415
0
SEQEND
0
POLYLINE
8
Flux traps
70
1
40
0
41
0
66
1
0
VERTEX
8
Flux traps
10
-735
20
1415
0
VERTEX
8
Flux traps
10
-735
20
1435
0
VERTEX
8
Flux traps
10
-715
20
1435
0
VERTEX
8
Flux traps
10
-715
20
1415
0
SEQEND
0
POLYLINE
8
Flux traps
70
1
40
0
41
0
66
1
0
VERTEX
8
Flux traps
10
-785
20
1415
0
VERTEX
8
Flux traps
10
-785
20
1435
0
VERTEX
8
Flux traps
10
-765
20
1435
0
VERTEX
8
Flux traps
10
-765
20
1415
0
SEQEND
0
POLYLINE
8
Flux traps
70
1
40
0
41
0
66
1
0
VERTEX
8
Flux traps
10
-835
20
1415
0
VERTEX
8
Flux traps
10
-835
20
1435
0
VERTEX
8
Flux traps
10
-815
20
1435
0
VERTEX
8
Flux traps
10
-815
20
1415
0
SEQEND
0
POLYLINE
8
Flux traps
70
1
40
0
41
0
66
1
0
VERTEX
8
Flux traps
10
-685
20
1465
0
VERTEX
8
Flux traps
10
-685
20
1485
0
VERTEX
8
Flux traps
10
-665
20
1485
0
VERTEX
8
Flux traps
10
-665
20
1465
0
SEQEND
0
POLYLINE
8
Flux traps
70
1
40
0
41
0
66
1
0
VERTEX
8
Flux traps
10
-735
20
1465
0
VERTEX
8
Flux traps
10
-735
20
1485
0
VERTEX
8
Flux traps
10
-715
20
1485
0
VERTEX
8
Flux traps
10
-715
20
1465
0
SEQEND
0
POLYLINE
8
Flux traps
70
1
40
0
41
0
66
1
0
VERTEX
8
Flux traps
10
-785
20
1465
0
VERTEX
8
Flux traps
10
-785
20
1485
0
VERTEX
8
Flux traps
10
-765
20
1485
0
VERTEX
8
Flux traps
10
-765
20
1465
0
SEQEND
0
POLYLINE
8
Flux traps
70
1
40
0
41
0
66
1
0
VERTEX
8
Flux traps
10
-785
20
1515
0
VERTEX
8
Flux traps
10
-785
20
1535
0
VERTEX
8
Flux traps
10
-765
20
1535
0
VERTEX
8
Flux traps
10
-765
20
1515
0
SEQEND
0
POLYLINE
8
Flux traps
70
1
40
0
41
0
66
1
0
VERTEX
8
Flux traps
10
-985
20
1415
0
VERTEX
8
Flux traps
10
-985
20
1435
0
VERTEX
8
Flux traps
10
-965
20
1435
0
VERTEX
8
Flux traps
10
-965
20
1415
0
SEQEND
0
POLYLINE
8
Flux traps
70
1
40
0
41
0
66
1
0
VERTEX
8
Flux traps
10
-1035
20
1415
0
VERTEX
8
Flux traps
10
-1035
20
1435
0
VERTEX
8
Flux traps
10
-1015
20
1435
0
VERTEX
8
Flux traps
10
-1015
20
1415
0
SEQEND
0
POLYLINE
8
Flux traps
70
1
40
0
41
0
66
1
0
VERTEX
8
Flux traps
10
-835
20
1465
0
VERTEX
8
Flux traps
10
-835
20
1485
0
VERTEX
8
Flux traps
10
-815
20
1485
0
VERTEX
8
Flux traps
10
-815
20
1465
0
SEQEND
0
POLYLINE
8
Flux traps
70
1
40
0
41
0
66
1
0
VERTEX
8
Flux traps
10
-985
20
1465
0
VERTEX
8
Flux traps
10
-985
20
1485
0
VERTEX
8
Flux traps
10
-965
20
1485
0
VERTEX
8
Flux traps
10
-965
20
1465
0
SEQEND
0
POLYLINE
8
Flux traps
70
1
40
0
41
0
66
1
0
VERTEX
8
Flux traps
10
-1035
20
1465
0
VERTEX
8
Flux traps
10
-1035
20
1485
0
VERTEX
8
Flux traps
10
-1015
20
1485
0
VERTEX
8
Flux traps
10
-1015
20
1465
0
SEQEND
0
POLYLINE
8
Flux traps
70
1
40
0
41
0
66
1
0
VERTEX
8
Flux traps
10
-835
20
1115
0
VERTEX
8
Flux traps
10
-835
20
1135
0
VERTEX
8
Flux traps
10
-815
20
1135
0
VERTEX
8
Flux traps
10
-815
20
1115
0
SEQEND
0
POLYLINE
8
Flux traps
70
1
40
0
41
0
66
1
0
VERTEX
8
Flux traps
10
-985
20
1115
0
VERTEX
8
Flux traps
10
-985
20
1135
0
VERTEX
8
Flux traps
10
-965
20
1135
0
VERTEX
8
Flux traps
10
-965
20
1115
0
SEQEND
0
POLYLINE
8
Flux traps
70
1
40
0
41
0
66
1
0
VERTEX
8
Flux traps
10
-685
20
1165
0
VERTEX
8
Flux traps
10
-685
20
1185
0
VERTEX
8
Flux traps
10
-665
20
1185
0
VERTEX
8
Flux traps
10
-665
20
1165
0
SEQEND
0
POLYLINE
8
Flux traps
70
1
40
0
41
0
66
1
0
VERTEX
8
Flux traps
10
-735
20
1165
0
VERTEX
8
Flux traps
10
-735
20
1185
0
VERTEX
8
Flux traps
10
-715
20
1185
0
VERTEX
8
Flux traps
10
-715
20
1165
0
SEQEND
0
POLYLINE
8
Flux traps
70
1
40
0
41
0
66
1
0
VERTEX
8
Flux traps
10
-785
20
1165
0
VERTEX
8
Flux traps
10
-785
20
1185
0
VERTEX
8
Flux traps
10
-765
20
1185
0
VERTEX
8
Flux traps
10
-765
20
1165
0
SEQEND
0
POLYLINE
8
Flux traps
70
1
40
0
41
0
66
1
0
VERTEX
8
Flux traps
10
-1035
20
1115
0
VERTEX
8
Flux traps
10
-1035
20
1135
0
VERTEX
8
Flux traps
10
-1015
20
1135
0
VERTEX
8
Flux traps
10
-1015
20
1115
0
SEQEND
0
POLYLINE
8
Flux traps
70
1
40
0
41
0
66
1
0
VERTEX
8
Flux traps
10
-685
20
1115
0
VERTEX
8
Flux traps
10
-685
20
1135
0
VERTEX
8
Flux traps
10
-665
20
1135
0
VERTEX
8
Flux traps
10
-665
20
1115
0
SEQEND
0
POLYLINE
8
Flux traps
70
1
40
0
41
0
66
1
0
VERTEX
8
Flux traps
10
-735
20
1115
0
VERTEX
8
Flux traps
10
-735
20
1135
0
VERTEX
8
Flux traps
10
-715
20
1135
0
VERTEX
8
Flux traps
10
-715
20
1115
0
SEQEND
0
POLYLINE
8
Flux traps
70
1
40
0
41
0
66
1
0
VERTEX
8
Flux traps
10
-785
20
1115
0
VERTEX
8
Flux traps
10
-785
20
1135
0
VERTEX
8
Flux traps
10
-765
20
1135
0
VERTEX
8
Flux traps
10
-765
20
1115
0
SEQEND
0
POLYLINE
8
Flux traps
70
1
40
0
41
0
66
1
0
VERTEX
8
Flux traps
10
-835
20
1215
0
VERTEX
8
Flux traps
10
-835
20
1235
0
VERTEX
8
Flux traps
10
-815
20
1235
0
VERTEX
8
Flux traps
10
-815
20
1215
0
SEQEND
0
POLYLINE
8
Flux traps
70
1
40
0
41
0
66
1
0
VERTEX
8
Flux traps
10
-985
20
1215
0
VERTEX
8
Flux traps
10
-985
20
1235
0
VERTEX
8
Flux traps
10
-965
20
1235
0
VERTEX
8
Flux traps
10
-965
20
1215
0
SEQEND
0
POLYLINE
8
Flux traps
70
1
40
0
41
0
66
1
0
VERTEX
8
Flux traps
10
-1035
20
1215
0
VERTEX
8
Flux traps
10
-1035
20
1235
0
VERTEX
8
Flux traps
10
-1015
20
1235
0
VERTEX
8
Flux traps
10
-1015
20
1215
0
SEQEND
0
POLYLINE
8
Flux traps
70
1
40
0
41
0
66
1
0
VERTEX
8
Flux traps
10
-685
20
1265
0
VERTEX
8
Flux traps
10
-685
20
1285
0
VERTEX
8
Flux traps
10
-665
20
1285
0
VERTEX
8
Flux traps
10
-665
20
1265
0
SEQEND
0
POLYLINE
8
Flux traps
70
1
40
0
41
0
66
1
0
VERTEX
8
Flux traps
10
-735
20
1265
0
VERTEX
8
Flux traps
10
-735
20
1285
0
VERTEX
8
Flux traps
10
-715
20
1285
0
VERTEX
8
Flux traps
10
-715
20
1265
0
SEQEND
0
POLYLINE
8
Flux traps
70
1
40
0
41
0
66
1
0
VERTEX
8
Flux traps
10
-785
20
1265
0
VERTEX
8
Flux traps
10
-785
20
1285
0
VERTEX
8
Flux traps
10
-765
20
1285
0
VERTEX
8
Flux traps
10
-765
20
1265
0
SEQEND
0
POLYLINE
8
Flux traps
70
1
40
0
41
0
66
1
0
VERTEX
8
Flux traps
10
-835
20
1265
0
VERTEX
8
Flux traps
10
-835
20
1285
0
VERTEX
8
Flux traps
10
-815
20
1285
0
VERTEX
8
Flux traps
10
-815
20
1265
0
SEQEND
0
POLYLINE
8
Flux traps
70
1
40
0
41
0
66
1
0
VERTEX
8
Flux traps
10
-985
20
1165
0
VERTEX
8
Flux traps
10
-985
20
1185
0
VERTEX
8
Flux traps
10
-965
20
1185
0
VERTEX
8
Flux traps
10
-965
20
1165
0
SEQEND
0
POLYLINE
8
Flux traps
70
1
40
0
41
0
66
1
0
VERTEX
8
Flux traps
10
-685
20
1215
0
VERTEX
8
Flux traps
10
-685
20
1235
0
VERTEX
8
Flux traps
10
-665
20
1235
0
VERTEX
8
Flux traps
10
-665
20
1215
0
SEQEND
0
POLYLINE
8
Flux traps
70
1
40
0
41
0
66
1
0
VERTEX
8
Flux traps
10
-735
20
1215
0
VERTEX
8
Flux traps
10
-735
20
1235
0
VERTEX
8
Flux traps
10
-715
20
1235
0
VERTEX
8
Flux traps
10
-715
20
1215
0
SEQEND
0
POLYLINE
8
Flux traps
70
1
40
0
41
0
66
1
0
VERTEX
8
Flux traps
10
-985
20
1265
0
VERTEX
8
Flux traps
10
-985
20
1285
0
VERTEX
8
Flux traps
10
-965
20
1285
0
VERTEX
8
Flux traps
10
-965
20
1265
0
SEQEND
0
POLYLINE
8
Flux traps
70
1
40
0
41
0
66
1
0
VERTEX
8
Flux traps
10
-1035
20
1265
0
VERTEX
8
Flux traps
10
-1035
20
1285
0
VERTEX
8
Flux traps
10
-1015
20
1285
0
VERTEX
8
Flux traps
10
-1015
20
1265
0
SEQEND
0
POLYLINE
8
Flux traps
70
1
40
0
41
0
66
1
0
VERTEX
8
Flux traps
10
-785
20
1215
0
VERTEX
8
Flux traps
10
-785
20
1235
0
VERTEX
8
Flux traps
10
-765
20
1235
0
VERTEX
8
Flux traps
10
-765
20
1215
0
SEQEND
0
POLYLINE
8
Flux traps
70
1
40
0
41
0
66
1
0
VERTEX
8
Flux traps
10
-1035
20
1165
0
VERTEX
8
Flux traps
10
-1035
20
1185
0
VERTEX
8
Flux traps
10
-1015
20
1185
0
VERTEX
8
Flux traps
10
-1015
20
1165
0
SEQEND
0
POLYLINE
8
Flux traps
70
1
40
0
41
0
66
1
0
VERTEX
8
Flux traps
10
-835
20
1165
0
VERTEX
8
Flux traps
10
-835
20
1185
0
VERTEX
8
Flux traps
10
-815
20
1185
0
VERTEX
8
Flux traps
10
-815
20
1165
0
SEQEND
0
POLYLINE
8
Flux traps
70
1
40
0
41
0
66
1
0
VERTEX
8
Flux traps
10
-35
20
1165
0
VERTEX
8
Flux traps
10
-35
20
1185
0
VERTEX
8
Flux traps
10
-15
20
1185
0
VERTEX
8
Flux traps
10
-15
20
1165
0
SEQEND
0
POLYLINE
8
Flux traps
70
1
40
0
41
0
66
1
0
VERTEX
8
Flux traps
10
-85
20
1165
0
VERTEX
8
Flux traps
10
-85
20
1185
0
VERTEX
8
Flux traps
10
-65
20
1185
0
VERTEX
8
Flux traps
10
-65
20
1165
0
SEQEND
0
POLYLINE
8
Flux traps
70
1
40
0
41
0
66
1
0
VERTEX
8
Flux traps
10
-135
20
1165
0
VERTEX
8
Flux traps
10
-135
20
1185
0
VERTEX
8
Flux traps
10
-115
20
1185
0
VERTEX
8
Flux traps
10
-115
20
1165
0
SEQEND
0
POLYLINE
8
Flux traps
70
1
40
0
41
0
66
1
0
VERTEX
8
Flux traps
10
-185
20
1165
0
VERTEX
8
Flux traps
10
-185
20
1185
0
VERTEX
8
Flux traps
10
-165
20
1185
0
VERTEX
8
Flux traps
10
-165
20
1165
0
SEQEND
0
POLYLINE
8
Flux traps
70
1
40
0
41
0
66
1
0
VERTEX
8
Flux traps
10
-235
20
1165
0
VERTEX
8
Flux traps
10
-235
20
1185
0
VERTEX
8
Flux traps
10
-215
20
1185
0
VERTEX
8
Flux traps
10
-215
20
1165
0
SEQEND
0
POLYLINE
8
Flux traps
70
1
40
0
41
0
66
1
0
VERTEX
8
Flux traps
10
-385
20
1165
0
VERTEX
8
Flux traps
10
-385
20
1185
0
VERTEX
8
Flux traps
10
-365
20
1185
0
VERTEX
8
Flux traps
10
-365
20
1165
0
SEQEND
0
POLYLINE
8
Flux traps
70
1
40
0
41
0
66
1
0
VERTEX
8
Flux traps
10
-85
20
1115
0
VERTEX
8
Flux traps
10
-85
20
1135
0
VERTEX
8
Flux traps
10
-65
20
1135
0
VERTEX
8
Flux traps
10
-65
20
1115
0
SEQEND
0
POLYLINE
8
Flux traps
70
1
40
0
41
0
66
1
0
VERTEX
8
Flux traps
10
-435
20
1165
0
VERTEX
8
Flux traps
10
-435
20
1185
0
VERTEX
8
Flux traps
10
-415
20
1185
0
VERTEX
8
Flux traps
10
-415
20
1165
0
SEQEND
0
POLYLINE
8
Flux traps
70
1
40
0
41
0
66
1
0
VERTEX
8
Flux traps
10
-485
20
1165
0
VERTEX
8
Flux traps
10
-485
20
1185
0
VERTEX
8
Flux traps
10
-465
20
1185
0
VERTEX
8
Flux traps
10
-465
20
1165
0
SEQEND
0
POLYLINE
8
Flux traps
70
1
40
0
41
0
66
1
0
VERTEX
8
Flux traps
10
-135
20
1115
0
VERTEX
8
Flux traps
10
-135
20
1135
0
VERTEX
8
Flux traps
10
-115
20
1135
0
VERTEX
8
Flux traps
10
-115
20
1115
0
SEQEND
0
POLYLINE
8
Flux traps
70
1
40
0
41
0
66
1
0
VERTEX
8
Flux traps
10
-35
20
1215
0
VERTEX
8
Flux traps
10
-35
20
1235
0
VERTEX
8
Flux traps
10
-15
20
1235
0
VERTEX
8
Flux traps
10
-15
20
1215
0
SEQEND
0
POLYLINE
8
Flux traps
70
1
40
0
41
0
66
1
0
VERTEX
8
Flux traps
10
-35
20
1265
0
VERTEX
8
Flux traps
10
-35
20
1285
0
VERTEX
8
Flux traps
10
-15
20
1285
0
VERTEX
8
Flux traps
10
-15
20
1265
0
SEQEND
0
POLYLINE
8
Flux traps
70
1
40
0
41
0
66
1
0
VERTEX
8
Flux traps
10
-85
20
1265
0
VERTEX
8
Flux traps
10
-85
20
1285
0
VERTEX
8
Flux traps
10
-65
20
1285
0
VERTEX
8
Flux traps
10
-65
20
1265
0
SEQEND
0
POLYLINE
8
Flux traps
70
1
40
0
41
0
66
1
0
VERTEX
8
Flux traps
10
-135
20
1265
0
VERTEX
8
Flux traps
10
-135
20
1285
0
VERTEX
8
Flux traps
10
-115
20
1285
0
VERTEX
8
Flux traps
10
-115
20
1265
0
SEQEND
0
POLYLINE
8
Flux traps
70
1
40
0
41
0
66
1
0
VERTEX
8
Flux traps
10
-185
20
1265
0
VERTEX
8
Flux traps
10
-185
20
1285
0
VERTEX
8
Flux traps
10
-165
20
1285
0
VERTEX
8
Flux traps
10
-165
20
1265
0
SEQEND
0
POLYLINE
8
Flux traps
70
1
40
0
41
0
66
1
0
VERTEX
8
Flux traps
10
-235
20
1265
0
VERTEX
8
Flux traps
10
-235
20
1285
0
VERTEX
8
Flux traps
10
-215
20
1285
0
VERTEX
8
Flux traps
10
-215
20
1265
0
SEQEND
0
POLYLINE
8
Flux traps
70
1
40
0
41
0
66
1
0
VERTEX
8
Flux traps
10
-385
20
1265
0
VERTEX
8
Flux traps
10
-385
20
1285
0
VERTEX
8
Flux traps
10
-365
20
1285
0
VERTEX
8
Flux traps
10
-365
20
1265
0
SEQEND
0
POLYLINE
8
Flux traps
70
1
40
0
41
0
66
1
0
VERTEX
8
Flux traps
10
-435
20
1265
0
VERTEX
8
Flux traps
10
-435
20
1285
0
VERTEX
8
Flux traps
10
-415
20
1285
0
VERTEX
8
Flux traps
10
-415
20
1265
0
SEQEND
0
POLYLINE
8
Flux traps
70
1
40
0
41
0
66
1
0
VERTEX
8
Flux traps
10
-485
20
1265
0
VERTEX
8
Flux traps
10
-485
20
1285
0
VERTEX
8
Flux traps
10
-465
20
1285
0
VERTEX
8
Flux traps
10
-465
20
1265
0
SEQEND
0
POLYLINE
8
Flux traps
70
1
40
0
41
0
66
1
0
VERTEX
8
Flux traps
10
-85
20
1215
0
VERTEX
8
Flux traps
10
-85
20
1235
0
VERTEX
8
Flux traps
10
-65
20
1235
0
VERTEX
8
Flux traps
10
-65
20
1215
0
SEQEND
0
POLYLINE
8
Flux traps
70
1
40
0
41
0
66
1
0
VERTEX
8
Flux traps
10
-135
20
1215
0
VERTEX
8
Flux traps
10
-135
20
1235
0
VERTEX
8
Flux traps
10
-115
20
1235
0
VERTEX
8
Flux traps
10
-115
20
1215
0
SEQEND
0
POLYLINE
8
Flux traps
70
1
40
0
41
0
66
1
0
VERTEX
8
Flux traps
10
-185
20
1215
0
VERTEX
8
Flux traps
10
-185
20
1235
0
VERTEX
8
Flux traps
10
-165
20
1235
0
VERTEX
8
Flux traps
10
-165
20
1215
0
SEQEND
0
POLYLINE
8
Flux traps
70
1
40
0
41
0
66
1
0
VERTEX
8
Flux traps
10
-235
20
1215
0
VERTEX
8
Flux traps
10
-235
20
1235
0
VERTEX
8
Flux traps
10
-215
20
1235
0
VERTEX
8
Flux traps
10
-215
20
1215
0
SEQEND
0
POLYLINE
8
Flux traps
70
1
40
0
41
0
66
1
0
VERTEX
8
Flux traps
10
-385
20
1215
0
VERTEX
8
Flux traps
10
-385
20
1235
0
VERTEX
8
Flux traps
10
-365
20
1235
0
VERTEX
8
Flux traps
10
-365
20
1215
0
SEQEND
0
POLYLINE
8
Flux traps
70
1
40
0
41
0
66
1
0
VERTEX
8
Flux traps
10
-435
20
1215
0
VERTEX
8
Flux traps
10
-435
20
1235
0
VERTEX
8
Flux traps
10
-415
20
1235
0
VERTEX
8
Flux traps
10
-415
20
1215
0
SEQEND
0
POLYLINE
8
Flux traps
70
1
40
0
41
0
66
1
0
VERTEX
8
Flux traps
10
-485
20
1215
0
VERTEX
8
Flux traps
10
-485
20
1235
0
VERTEX
8
Flux traps
10
-465
20
1235
0
VERTEX
8
Flux traps
10
-465
20
1215
0
SEQEND
0
POLYLINE
8
Flux traps
70
1
40
0
41
0
66
1
0
VERTEX
8
Flux traps
10
-185
20
1115
0
VERTEX
8
Flux traps
10
-185
20
1135
0
VERTEX
8
Flux traps
10
-165
20
1135
0
VERTEX
8
Flux traps
10
-165
20
1115
0
SEQEND
0
POLYLINE
8
Flux traps
70
1
40
0
41
0
66
1
0
VERTEX
8
Flux traps
10
-235
20
1115
0
VERTEX
8
Flux traps
10
-235
20
1135
0
VERTEX
8
Flux traps
10
-215
20
1135
0
VERTEX
8
Flux traps
10
-215
20
1115
0
SEQEND
0
POLYLINE
8
Flux traps
70
1
40
0
41
0
66
1
0
VERTEX
8
Flux traps
10
-385
20
1115
0
VERTEX
8
Flux traps
10
-385
20
1135
0
VERTEX
8
Flux traps
10
-365
20
1135
0
VERTEX
8
Flux traps
10
-365
20
1115
0
SEQEND
0
POLYLINE
8
Flux traps
70
1
40
0
41
0
66
1
0
VERTEX
8
Flux traps
10
-435
20
1115
0
VERTEX
8
Flux traps
10
-435
20
1135
0
VERTEX
8
Flux traps
10
-415
20
1135
0
VERTEX
8
Flux traps
10
-415
20
1115
0
SEQEND
0
POLYLINE
8
Flux traps
70
1
40
0
41
0
66
1
0
VERTEX
8
Flux traps
10
-485
20
1115
0
VERTEX
8
Flux traps
10
-485
20
1135
0
VERTEX
8
Flux traps
10
-465
20
1135
0
VERTEX
8
Flux traps
10
-465
20
1115
0
SEQEND
0
POLYLINE
8
Flux traps
70
1
40
0
41
0
66
1
0
VERTEX
8
Flux traps
10
-35
20
1115
0
VERTEX
8
Flux traps
10
-35
20
1135
0
VERTEX
8
Flux traps
10
-15
20
1135
0
VERTEX
8
Flux traps
10
-15
20
1115
0
SEQEND
0
POLYLINE
8
Flux traps
70
1
40
0
41
0
66
1
0
VERTEX
8
Flux traps
10
-35
20
565
0
VERTEX
8
Flux traps
10
-35
20
585
0
VERTEX
8
Flux traps
10
-15
20
585
0
VERTEX
8
Flux traps
10
-15
20
565
0
SEQEND
0
POLYLINE
8
Flux traps
70
1
40
0
41
0
66
1
0
VERTEX
8
Flux traps
10
-85
20
565
0
VERTEX
8
Flux traps
10
-85
20
585
0
VERTEX
8
Flux traps
10
-65
20
585
0
VERTEX
8
Flux traps
10
-65
20
565
0
SEQEND
0
POLYLINE
8
Flux traps
70
1
40
0
41
0
66
1
0
VERTEX
8
Flux traps
10
-135
20
565
0
VERTEX
8
Flux traps
10
-135
20
585
0
VERTEX
8
Flux traps
10
-115
20
585
0
VERTEX
8
Flux traps
10
-115
20
565
0
SEQEND
0
POLYLINE
8
Flux traps
70
1
40
0
41
0
66
1
0
VERTEX
8
Flux traps
10
-185
20
565
0
VERTEX
8
Flux traps
10
-185
20
585
0
VERTEX
8
Flux traps
10
-165
20
585
0
VERTEX
8
Flux traps
10
-165
20
565
0
SEQEND
0
POLYLINE
8
Flux traps
70
1
40
0
41
0
66
1
0
VERTEX
8
Flux traps
10
-235
20
565
0
VERTEX
8
Flux traps
10
-235
20
585
0
VERTEX
8
Flux traps
10
-215
20
585
0
VERTEX
8
Flux traps
10
-215
20
565
0
SEQEND
0
POLYLINE
8
Flux traps
70
1
40
0
41
0
66
1
0
VERTEX
8
Flux traps
10
-285
20
565
0
VERTEX
8
Flux traps
10
-285
20
585
0
VERTEX
8
Flux traps
10
-265
20
585
0
VERTEX
8
Flux traps
10
-265
20
565
0
SEQEND
0
POLYLINE
8
Flux traps
70
1
40
0
41
0
66
1
0
VERTEX
8
Flux traps
10
-335
20
565
0
VERTEX
8
Flux traps
10
-335
20
585
0
VERTEX
8
Flux traps
10
-315
20
585
0
VERTEX
8
Flux traps
10
-315
20
565
0
SEQEND
0
POLYLINE
8
Flux traps
70
1
40
0
41
0
66
1
0
VERTEX
8
Flux traps
10
-385
20
565
0
VERTEX
8
Flux traps
10
-385
20
585
0
VERTEX
8
Flux traps
10
-365
20
585
0
VERTEX
8
Flux traps
10
-365
20
565
0
SEQEND
0
POLYLINE
8
Flux traps
70
1
40
0
41
0
66
1
0
VERTEX
8
Flux traps
10
-435
20
565
0
VERTEX
8
Flux traps
10
-435
20
585
0
VERTEX
8
Flux traps
10
-415
20
585
0
VERTEX
8
Flux traps
10
-415
20
565
0
SEQEND
0
POLYLINE
8
Flux traps
70
1
40
0
41
0
66
1
0
VERTEX
8
Flux traps
10
-485
20
565
0
VERTEX
8
Flux traps
10
-485
20
585
0
VERTEX
8
Flux traps
10
-465
20
585
0
VERTEX
8
Flux traps
10
-465
20
565
0
SEQEND
0
POLYLINE
8
Flux traps
70
1
40
0
41
0
66
1
0
VERTEX
8
Flux traps
10
-535
20
565
0
VERTEX
8
Flux traps
10
-535
20
585
0
VERTEX
8
Flux traps
10
-515
20
585
0
VERTEX
8
Flux traps
10
-515
20
565
0
SEQEND
0
POLYLINE
8
Flux traps
70
1
40
0
41
0
66
1
0
VERTEX
8
Flux traps
10
-685
20
565
0
VERTEX
8
Flux traps
10
-685
20
585
0
VERTEX
8
Flux traps
10
-665
20
585
0
VERTEX
8
Flux traps
10
-665
20
565
0
SEQEND
0
POLYLINE
8
Flux traps
70
1
40
0
41
0
66
1
0
VERTEX
8
Flux traps
10
-735
20
565
0
VERTEX
8
Flux traps
10
-735
20
585
0
VERTEX
8
Flux traps
10
-715
20
585
0
VERTEX
8
Flux traps
10
-715
20
565
0
SEQEND
0
POLYLINE
8
Flux traps
70
1
40
0
41
0
66
1
0
VERTEX
8
Flux traps
10
-785
20
565
0
VERTEX
8
Flux traps
10
-785
20
585
0
VERTEX
8
Flux traps
10
-765
20
585
0
VERTEX
8
Flux traps
10
-765
20
565
0
SEQEND
0
POLYLINE
8
Flux traps
70
1
40
0
41
0
66
1
0
VERTEX
8
Flux traps
10
-835
20
565
0
VERTEX
8
Flux traps
10
-835
20
585
0
VERTEX
8
Flux traps
10
-815
20
585
0
VERTEX
8
Flux traps
10
-815
20
565
0
SEQEND
0
POLYLINE
8
Flux traps
70
1
40
0
41
0
66
1
0
VERTEX
8
Flux traps
10
-985
20
565
0
VERTEX
8
Flux traps
10
-985
20
585
0
VERTEX
8
Flux traps
10
-965
20
585
0
VERTEX
8
Flux traps
10
-965
20
565
0
SEQEND
0
POLYLINE
8
Flux traps
70
1
40
0
41
0
66
1
0
VERTEX
8
Flux traps
10
-1035
20
565
0
VERTEX
8
Flux traps
10
-1035
20
585
0
VERTEX
8
Flux traps
10
-1015
20
585
0
VERTEX
8
Flux traps
10
-1015
20
565
0
SEQEND
0
POLYLINE
8
Flux traps
70
1
40
0
41
0
66
1
0
VERTEX
8
Flux traps
10
-1085
20
565
0
VERTEX
8
Flux traps
10
-1085
20
585
0
VERTEX
8
Flux traps
10
-1065
20
585
0
VERTEX
8
Flux traps
10
-1065
20
565
0
SEQEND
0
POLYLINE
8
Flux traps
70
1
40
0
41
0
66
1
0
VERTEX
8
Flux traps
10
-1135
20
565
0
VERTEX
8
Flux traps
10
-1135
20
585
0
VERTEX
8
Flux traps
10
-1115
20
585
0
VERTEX
8
Flux traps
10
-1115
20
565
0
SEQEND
0
POLYLINE
8
Flux traps
70
1
40
0
41
0
66
1
0
VERTEX
8
Flux traps
10
-1185
20
565
0
VERTEX
8
Flux traps
10
-1185
20
585
0
VERTEX
8
Flux traps
10
-1165
20
585
0
VERTEX
8
Flux traps
10
-1165
20
565
0
SEQEND
0
POLYLINE
8
Flux traps
70
1
40
0
41
0
66
1
0
VERTEX
8
Flux traps
10
-1235
20
565
0
VERTEX
8
Flux traps
10
-1235
20
585
0
VERTEX
8
Flux traps
10
-1215
20
585
0
VERTEX
8
Flux traps
10
-1215
20
565
0
SEQEND
0
POLYLINE
8
Flux traps
70
1
40
0
41
0
66
1
0
VERTEX
8
Flux traps
10
-1285
20
565
0
VERTEX
8
Flux traps
10
-1285
20
585
0
VERTEX
8
Flux traps
10
-1265
20
585
0
VERTEX
8
Flux traps
10
-1265
20
565
0
SEQEND
0
POLYLINE
8
Flux traps
70
1
40
0
41
0
66
1
0
VERTEX
8
Flux traps
10
-1335
20
565
0
VERTEX
8
Flux traps
10
-1335
20
585
0
VERTEX
8
Flux traps
10
-1315
20
585
0
VERTEX
8
Flux traps
10
-1315
20
565
0
SEQEND
0
POLYLINE
8
Flux traps
70
1
40
0
41
0
66
1
0
VERTEX
8
Flux traps
10
-1385
20
565
0
VERTEX
8
Flux traps
10
-1385
20
585
0
VERTEX
8
Flux traps
10
-1365
20
585
0
VERTEX
8
Flux traps
10
-1365
20
565
0
SEQEND
0
POLYLINE
8
Flux traps
70
1
40
0
41
0
66
1
0
VERTEX
8
Flux traps
10
-1435
20
565
0
VERTEX
8
Flux traps
10
-1435
20
585
0
VERTEX
8
Flux traps
10
-1415
20
585
0
VERTEX
8
Flux traps
10
-1415
20
565
0
SEQEND
0
POLYLINE
8
Flux traps
70
1
40
0
41
0
66
1
0
VERTEX
8
Flux traps
10
-1485
20
565
0
VERTEX
8
Flux traps
10
-1485
20
585
0
VERTEX
8
Flux traps
10
-1465
20
585
0
VERTEX
8
Flux traps
10
-1465
20
565
0
SEQEND
0
POLYLINE
8
Flux traps
70
1
40
0
41
0
66
1
0
VERTEX
8
Flux traps
10
-535
20
965
0
VERTEX
8
Flux traps
10
-535
20
985
0
VERTEX
8
Flux traps
10
-515
20
985
0
VERTEX
8
Flux traps
10
-515
20
965
0
SEQEND
0
POLYLINE
8
Flux traps
70
1
40
0
41
0
66
1
0
VERTEX
8
Flux traps
10
-535
20
1015
0
VERTEX
8
Flux traps
10
-535
20
1035
0
VERTEX
8
Flux traps
10
-515
20
1035
0
VERTEX
8
Flux traps
10
-515
20
1015
0
SEQEND
0
POLYLINE
8
Flux traps
70
1
40
0
41
0
66
1
0
VERTEX
8
Flux traps
10
-535
20
615
0
VERTEX
8
Flux traps
10
-535
20
635
0
VERTEX
8
Flux traps
10
-515
20
635
0
VERTEX
8
Flux traps
10
-515
20
615
0
SEQEND
0
POLYLINE
8
Flux traps
70
1
40
0
41
0
66
1
0
VERTEX
8
Flux traps
10
-535
20
665
0
VERTEX
8
Flux traps
10
-535
20
685
0
VERTEX
8
Flux traps
10
-515
20
685
0
VERTEX
8
Flux traps
10
-515
20
665
0
SEQEND
0
POLYLINE
8
Flux traps
70
1
40
0
41
0
66
1
0
VERTEX
8
Flux traps
10
-535
20
715
0
VERTEX
8
Flux traps
10
-535
20
735
0
VERTEX
8
Flux traps
10
-515
20
735
0
VERTEX
8
Flux traps
10
-515
20
715
0
SEQEND
0
POLYLINE
8
Flux traps
70
1
40
0
41
0
66
1
0
VERTEX
8
Flux traps
10
-535
20
765
0
VERTEX
8
Flux traps
10
-535
20
785
0
VERTEX
8
Flux traps
10
-515
20
785
0
VERTEX
8
Flux traps
10
-515
20
765
0
SEQEND
0
POLYLINE
8
Flux traps
70
1
40
0
41
0
66
1
0
VERTEX
8
Flux traps
10
-35
20
815
0
VERTEX
8
Flux traps
10
-35
20
835
0
VERTEX
8
Flux traps
10
-15
20
835
0
VERTEX
8
Flux traps
10
-15
20
815
0
SEQEND
0
POLYLINE
8
Flux traps
70
1
40
0
41
0
66
1
0
VERTEX
8
Flux traps
10
-85
20
815
0
VERTEX
8
Flux traps
10
-85
20
835
0
VERTEX
8
Flux traps
10
-65
20
835
0
VERTEX
8
Flux traps
10
-65
20
815
0
SEQEND
0
POLYLINE
8
Flux traps
70
1
40
0
41
0
66
1
0
VERTEX
8
Flux traps
10
-135
20
815
0
VERTEX
8
Flux traps
10
-135
20
835
0
VERTEX
8
Flux traps
10
-115
20
835
0
VERTEX
8
Flux traps
10
-115
20
815
0
SEQEND
0
POLYLINE
8
Flux traps
70
1
40
0
41
0
66
1
0
VERTEX
8
Flux traps
10
-185
20
815
0
VERTEX
8
Flux traps
10
-185
20
835
0
VERTEX
8
Flux traps
10
-165
20
835
0
VERTEX
8
Flux traps
10
-165
20
815
0
SEQEND
0
POLYLINE
8
Flux traps
70
1
40
0
41
0
66
1
0
VERTEX
8
Flux traps
10
-235
20
815
0
VERTEX
8
Flux traps
10
-235
20
835
0
VERTEX
8
Flux traps
10
-215
20
835
0
VERTEX
8
Flux traps
10
-215
20
815
0
SEQEND
0
POLYLINE
8
Flux traps
70
1
40
0
41
0
66
1
0
VERTEX
8
Flux traps
10
-385
20
815
0
VERTEX
8
Flux traps
10
-385
20
835
0
VERTEX
8
Flux traps
10
-365
20
835
0
VERTEX
8
Flux traps
10
-365
20
815
0
SEQEND
0
POLYLINE
8
Flux traps
70
1
40
0
41
0
66
1
0
VERTEX
8
Flux traps
10
-435
20
815
0
VERTEX
8
Flux traps
10
-435
20
835
0
VERTEX
8
Flux traps
10
-415
20
835
0
VERTEX
8
Flux traps
10
-415
20
815
0
SEQEND
0
POLYLINE
8
Flux traps
70
1
40
0
41
0
66
1
0
VERTEX
8
Flux traps
10
-485
20
815
0
VERTEX
8
Flux traps
10
-485
20
835
0
VERTEX
8
Flux traps
10
-465
20
835
0
VERTEX
8
Flux traps
10
-465
20
815
0
SEQEND
0
POLYLINE
8
Flux traps
70
1
40
0
41
0
66
1
0
VERTEX
8
Flux traps
10
-535
20
815
0
VERTEX
8
Flux traps
10
-535
20
835
0
VERTEX
8
Flux traps
10
-515
20
835
0
VERTEX
8
Flux traps
10
-515
20
815
0
SEQEND
0
POLYLINE
8
Flux traps
70
1
40
0
41
0
66
1
0
VERTEX
8
Flux traps
10
-685
20
815
0
VERTEX
8
Flux traps
10
-685
20
835
0
VERTEX
8
Flux traps
10
-665
20
835
0
VERTEX
8
Flux traps
10
-665
20
815
0
SEQEND
0
POLYLINE
8
Flux traps
70
1
40
0
41
0
66
1
0
VERTEX
8
Flux traps
10
-735
20
815
0
VERTEX
8
Flux traps
10
-735
20
835
0
VERTEX
8
Flux traps
10
-715
20
835
0
VERTEX
8
Flux traps
10
-715
20
815
0
SEQEND
0
POLYLINE
8
Flux traps
70
1
40
0
41
0
66
1
0
VERTEX
8
Flux traps
10
-785
20
815
0
VERTEX
8
Flux traps
10
-785
20
835
0
VERTEX
8
Flux traps
10
-765
20
835
0
VERTEX
8
Flux traps
10
-765
20
815
0
SEQEND
0
POLYLINE
8
Flux traps
70
1
40
0
41
0
66
1
0
VERTEX
8
Flux traps
10
-835
20
815
0
VERTEX
8
Flux traps
10
-835
20
835
0
VERTEX
8
Flux traps
10
-815
20
835
0
VERTEX
8
Flux traps
10
-815
20
815
0
SEQEND
0
POLYLINE
8
Flux traps
70
1
40
0
41
0
66
1
0
VERTEX
8
Flux traps
10
-985
20
815
0
VERTEX
8
Flux traps
10
-985
20
835
0
VERTEX
8
Flux traps
10
-965
20
835
0
VERTEX
8
Flux traps
10
-965
20
815
0
SEQEND
0
POLYLINE
8
Flux traps
70
1
40
0
41
0
66
1
0
VERTEX
8
Flux traps
10
-1035
20
815
0
VERTEX
8
Flux traps
10
-1035
20
835
0
VERTEX
8
Flux traps
10
-1015
20
835
0
VERTEX
8
Flux traps
10
-1015
20
815
0
SEQEND
0
POLYLINE
8
Flux traps
70
1
40
0
41
0
66
1
0
VERTEX
8
Flux traps
10
-535
20
865
0
VERTEX
8
Flux traps
10
-535
20
885
0
VERTEX
8
Flux traps
10
-515
20
885
0
VERTEX
8
Flux traps
10
-515
20
865
0
SEQEND
0
POLYLINE
8
Flux traps
70
1
40
0
41
0
66
1
0
VERTEX
8
Flux traps
10
-535
20
915
0
VERTEX
8
Flux traps
10
-535
20
935
0
VERTEX
8
Flux traps
10
-515
20
935
0
VERTEX
8
Flux traps
10
-515
20
915
0
SEQEND
0
POLYLINE
8
Flux traps
70
1
40
0
41
0
66
1
0
VERTEX
8
Flux traps
10
-135
20
1015
0
VERTEX
8
Flux traps
10
-135
20
1035
0
VERTEX
8
Flux traps
10
-115
20
1035
0
VERTEX
8
Flux traps
10
-115
20
1015
0
SEQEND
0
POLYLINE
8
Flux traps
70
1
40
0
41
0
66
1
0
VERTEX
8
Flux traps
10
-185
20
1015
0
VERTEX
8
Flux traps
10
-185
20
1035
0
VERTEX
8
Flux traps
10
-165
20
1035
0
VERTEX
8
Flux traps
10
-165
20
1015
0
SEQEND
0
POLYLINE
8
Flux traps
70
1
40
0
41
0
66
1
0
VERTEX
8
Flux traps
10
-235
20
1015
0
VERTEX
8
Flux traps
10
-235
20
1035
0
VERTEX
8
Flux traps
10
-215
20
1035
0
VERTEX
8
Flux traps
10
-215
20
1015
0
SEQEND
0
POLYLINE
8
Flux traps
70
1
40
0
41
0
66
1
0
VERTEX
8
Flux traps
10
-385
20
1015
0
VERTEX
8
Flux traps
10
-385
20
1035
0
VERTEX
8
Flux traps
10
-365
20
1035
0
VERTEX
8
Flux traps
10
-365
20
1015
0
SEQEND
0
POLYLINE
8
Flux traps
70
1
40
0
41
0
66
1
0
VERTEX
8
Flux traps
10
-435
20
1015
0
VERTEX
8
Flux traps
10
-435
20
1035
0
VERTEX
8
Flux traps
10
-415
20
1035
0
VERTEX
8
Flux traps
10
-415
20
1015
0
SEQEND
0
POLYLINE
8
Flux traps
70
1
40
0
41
0
66
1
0
VERTEX
8
Flux traps
10
-485
20
1015
0
VERTEX
8
Flux traps
10
-485
20
1035
0
VERTEX
8
Flux traps
10
-465
20
1035
0
VERTEX
8
Flux traps
10
-465
20
1015
0
SEQEND
0
POLYLINE
8
Flux traps
70
1
40
0
41
0
66
1
0
VERTEX
8
Flux traps
10
-185
20
965
0
VERTEX
8
Flux traps
10
-185
20
985
0
VERTEX
8
Flux traps
10
-165
20
985
0
VERTEX
8
Flux traps
10
-165
20
965
0
SEQEND
0
POLYLINE
8
Flux traps
70
1
40
0
41
0
66
1
0
VERTEX
8
Flux traps
10
-235
20
965
0
VERTEX
8
Flux traps
10
-235
20
985
0
VERTEX
8
Flux traps
10
-215
20
985
0
VERTEX
8
Flux traps
10
-215
20
965
0
SEQEND
0
POLYLINE
8
Flux traps
70
1
40
0
41
0
66
1
0
VERTEX
8
Flux traps
10
-385
20
965
0
VERTEX
8
Flux traps
10
-385
20
985
0
VERTEX
8
Flux traps
10
-365
20
985
0
VERTEX
8
Flux traps
10
-365
20
965
0
SEQEND
0
POLYLINE
8
Flux traps
70
1
40
0
41
0
66
1
0
VERTEX
8
Flux traps
10
-435
20
965
0
VERTEX
8
Flux traps
10
-435
20
985
0
VERTEX
8
Flux traps
10
-415
20
985
0
VERTEX
8
Flux traps
10
-415
20
965
0
SEQEND
0
POLYLINE
8
Flux traps
70
1
40
0
41
0
66
1
0
VERTEX
8
Flux traps
10
-485
20
965
0
VERTEX
8
Flux traps
10
-485
20
985
0
VERTEX
8
Flux traps
10
-465
20
985
0
VERTEX
8
Flux traps
10
-465
20
965
0
SEQEND
0
POLYLINE
8
Flux traps
70
1
40
0
41
0
66
1
0
VERTEX
8
Flux traps
10
-135
20
965
0
VERTEX
8
Flux traps
10
-135
20
985
0
VERTEX
8
Flux traps
10
-115
20
985
0
VERTEX
8
Flux traps
10
-115
20
965
0
SEQEND
0
POLYLINE
8
Flux traps
70
1
40
0
41
0
66
1
0
VERTEX
8
Flux traps
10
-35
20
865
0
VERTEX
8
Flux traps
10
-35
20
885
0
VERTEX
8
Flux traps
10
-15
20
885
0
VERTEX
8
Flux traps
10
-15
20
865
0
SEQEND
0
POLYLINE
8
Flux traps
70
1
40
0
41
0
66
1
0
VERTEX
8
Flux traps
10
-85
20
865
0
VERTEX
8
Flux traps
10
-85
20
885
0
VERTEX
8
Flux traps
10
-65
20
885
0
VERTEX
8
Flux traps
10
-65
20
865
0
SEQEND
0
POLYLINE
8
Flux traps
70
1
40
0
41
0
66
1
0
VERTEX
8
Flux traps
10
-135
20
865
0
VERTEX
8
Flux traps
10
-135
20
885
0
VERTEX
8
Flux traps
10
-115
20
885
0
VERTEX
8
Flux traps
10
-115
20
865
0
SEQEND
0
POLYLINE
8
Flux traps
70
1
40
0
41
0
66
1
0
VERTEX
8
Flux traps
10
-185
20
865
0
VERTEX
8
Flux traps
10
-185
20
885
0
VERTEX
8
Flux traps
10
-165
20
885
0
VERTEX
8
Flux traps
10
-165
20
865
0
SEQEND
0
POLYLINE
8
Flux traps
70
1
40
0
41
0
66
1
0
VERTEX
8
Flux traps
10
-235
20
865
0
VERTEX
8
Flux traps
10
-235
20
885
0
VERTEX
8
Flux traps
10
-215
20
885
0
VERTEX
8
Flux traps
10
-215
20
865
0
SEQEND
0
POLYLINE
8
Flux traps
70
1
40
0
41
0
66
1
0
VERTEX
8
Flux traps
10
-385
20
865
0
VERTEX
8
Flux traps
10
-385
20
885
0
VERTEX
8
Flux traps
10
-365
20
885
0
VERTEX
8
Flux traps
10
-365
20
865
0
SEQEND
0
POLYLINE
8
Flux traps
70
1
40
0
41
0
66
1
0
VERTEX
8
Flux traps
10
-435
20
865
0
VERTEX
8
Flux traps
10
-435
20
885
0
VERTEX
8
Flux traps
10
-415
20
885
0
VERTEX
8
Flux traps
10
-415
20
865
0
SEQEND
0
POLYLINE
8
Flux traps
70
1
40
0
41
0
66
1
0
VERTEX
8
Flux traps
10
-485
20
865
0
VERTEX
8
Flux traps
10
-485
20
885
0
VERTEX
8
Flux traps
10
-465
20
885
0
VERTEX
8
Flux traps
10
-465
20
865
0
SEQEND
0
POLYLINE
8
Flux traps
70
1
40
0
41
0
66
1
0
VERTEX
8
Flux traps
10
-35
20
1015
0
VERTEX
8
Flux traps
10
-35
20
1035
0
VERTEX
8
Flux traps
10
-15
20
1035
0
VERTEX
8
Flux traps
10
-15
20
1015
0
SEQEND
0
POLYLINE
8
Flux traps
70
1
40
0
41
0
66
1
0
VERTEX
8
Flux traps
10
-35
20
915
0
VERTEX
8
Flux traps
10
-35
20
935
0
VERTEX
8
Flux traps
10
-15
20
935
0
VERTEX
8
Flux traps
10
-15
20
915
0
SEQEND
0
POLYLINE
8
Flux traps
70
1
40
0
41
0
66
1
0
VERTEX
8
Flux traps
10
-85
20
915
0
VERTEX
8
Flux traps
10
-85
20
935
0
VERTEX
8
Flux traps
10
-65
20
935
0
VERTEX
8
Flux traps
10
-65
20
915
0
SEQEND
0
POLYLINE
8
Flux traps
70
1
40
0
41
0
66
1
0
VERTEX
8
Flux traps
10
-135
20
915
0
VERTEX
8
Flux traps
10
-135
20
935
0
VERTEX
8
Flux traps
10
-115
20
935
0
VERTEX
8
Flux traps
10
-115
20
915
0
SEQEND
0
POLYLINE
8
Flux traps
70
1
40
0
41
0
66
1
0
VERTEX
8
Flux traps
10
-185
20
915
0
VERTEX
8
Flux traps
10
-185
20
935
0
VERTEX
8
Flux traps
10
-165
20
935
0
VERTEX
8
Flux traps
10
-165
20
915
0
SEQEND
0
POLYLINE
8
Flux traps
70
1
40
0
41
0
66
1
0
VERTEX
8
Flux traps
10
-235
20
915
0
VERTEX
8
Flux traps
10
-235
20
935
0
VERTEX
8
Flux traps
10
-215
20
935
0
VERTEX
8
Flux traps
10
-215
20
915
0
SEQEND
0
POLYLINE
8
Flux traps
70
1
40
0
41
0
66
1
0
VERTEX
8
Flux traps
10
-385
20
915
0
VERTEX
8
Flux traps
10
-385
20
935
0
VERTEX
8
Flux traps
10
-365
20
935
0
VERTEX
8
Flux traps
10
-365
20
915
0
SEQEND
0
POLYLINE
8
Flux traps
70
1
40
0
41
0
66
1
0
VERTEX
8
Flux traps
10
-435
20
915
0
VERTEX
8
Flux traps
10
-435
20
935
0
VERTEX
8
Flux traps
10
-415
20
935
0
VERTEX
8
Flux traps
10
-415
20
915
0
SEQEND
0
POLYLINE
8
Flux traps
70
1
40
0
41
0
66
1
0
VERTEX
8
Flux traps
10
-485
20
915
0
VERTEX
8
Flux traps
10
-485
20
935
0
VERTEX
8
Flux traps
10
-465
20
935
0
VERTEX
8
Flux traps
10
-465
20
915
0
SEQEND
0
POLYLINE
8
Flux traps
70
1
40
0
41
0
66
1
0
VERTEX
8
Flux traps
10
-85
20
1015
0
VERTEX
8
Flux traps
10
-85
20
1035
0
VERTEX
8
Flux traps
10
-65
20
1035
0
VERTEX
8
Flux traps
10
-65
20
1015
0
SEQEND
0
POLYLINE
8
Flux traps
70
1
40
0
41
0
66
1
0
VERTEX
8
Flux traps
10
-35
20
965
0
VERTEX
8
Flux traps
10
-35
20
985
0
VERTEX
8
Flux traps
10
-15
20
985
0
VERTEX
8
Flux traps
10
-15
20
965
0
SEQEND
0
POLYLINE
8
Flux traps
70
1
40
0
41
0
66
1
0
VERTEX
8
Flux traps
10
-85
20
965
0
VERTEX
8
Flux traps
10
-85
20
985
0
VERTEX
8
Flux traps
10
-65
20
985
0
VERTEX
8
Flux traps
10
-65
20
965
0
SEQEND
0
POLYLINE
8
Flux traps
70
1
40
0
41
0
66
1
0
VERTEX
8
Flux traps
10
-785
20
965
0
VERTEX
8
Flux traps
10
-785
20
985
0
VERTEX
8
Flux traps
10
-765
20
985
0
VERTEX
8
Flux traps
10
-765
20
965
0
SEQEND
0
POLYLINE
8
Flux traps
70
1
40
0
41
0
66
1
0
VERTEX
8
Flux traps
10
-685
20
865
0
VERTEX
8
Flux traps
10
-685
20
885
0
VERTEX
8
Flux traps
10
-665
20
885
0
VERTEX
8
Flux traps
10
-665
20
865
0
SEQEND
0
POLYLINE
8
Flux traps
70
1
40
0
41
0
66
1
0
VERTEX
8
Flux traps
10
-735
20
865
0
VERTEX
8
Flux traps
10
-735
20
885
0
VERTEX
8
Flux traps
10
-715
20
885
0
VERTEX
8
Flux traps
10
-715
20
865
0
SEQEND
0
POLYLINE
8
Flux traps
70
1
40
0
41
0
66
1
0
VERTEX
8
Flux traps
10
-785
20
865
0
VERTEX
8
Flux traps
10
-785
20
885
0
VERTEX
8
Flux traps
10
-765
20
885
0
VERTEX
8
Flux traps
10
-765
20
865
0
SEQEND
0
POLYLINE
8
Flux traps
70
1
40
0
41
0
66
1
0
VERTEX
8
Flux traps
10
-835
20
865
0
VERTEX
8
Flux traps
10
-835
20
885
0
VERTEX
8
Flux traps
10
-815
20
885
0
VERTEX
8
Flux traps
10
-815
20
865
0
SEQEND
0
POLYLINE
8
Flux traps
70
1
40
0
41
0
66
1
0
VERTEX
8
Flux traps
10
-985
20
865
0
VERTEX
8
Flux traps
10
-985
20
885
0
VERTEX
8
Flux traps
10
-965
20
885
0
VERTEX
8
Flux traps
10
-965
20
865
0
SEQEND
0
POLYLINE
8
Flux traps
70
1
40
0
41
0
66
1
0
VERTEX
8
Flux traps
10
-1035
20
865
0
VERTEX
8
Flux traps
10
-1035
20
885
0
VERTEX
8
Flux traps
10
-1015
20
885
0
VERTEX
8
Flux traps
10
-1015
20
865
0
SEQEND
0
POLYLINE
8
Flux traps
70
1
40
0
41
0
66
1
0
VERTEX
8
Flux traps
10
-835
20
965
0
VERTEX
8
Flux traps
10
-835
20
985
0
VERTEX
8
Flux traps
10
-815
20
985
0
VERTEX
8
Flux traps
10
-815
20
965
0
SEQEND
0
POLYLINE
8
Flux traps
70
1
40
0
41
0
66
1
0
VERTEX
8
Flux traps
10
-985
20
965
0
VERTEX
8
Flux traps
10
-985
20
985
0
VERTEX
8
Flux traps
10
-965
20
985
0
VERTEX
8
Flux traps
10
-965
20
965
0
SEQEND
0
POLYLINE
8
Flux traps
70
1
40
0
41
0
66
1
0
VERTEX
8
Flux traps
10
-1035
20
965
0
VERTEX
8
Flux traps
10
-1035
20
985
0
VERTEX
8
Flux traps
10
-1015
20
985
0
VERTEX
8
Flux traps
10
-1015
20
965
0
SEQEND
0
POLYLINE
8
Flux traps
70
1
40
0
41
0
66
1
0
VERTEX
8
Flux traps
10
-1035
20
1015
0
VERTEX
8
Flux traps
10
-1035
20
1035
0
VERTEX
8
Flux traps
10
-1015
20
1035
0
VERTEX
8
Flux traps
10
-1015
20
1015
0
SEQEND
0
POLYLINE
8
Flux traps
70
1
40
0
41
0
66
1
0
VERTEX
8
Flux traps
10
-685
20
1015
0
VERTEX
8
Flux traps
10
-685
20
1035
0
VERTEX
8
Flux traps
10
-665
20
1035
0
VERTEX
8
Flux traps
10
-665
20
1015
0
SEQEND
0
POLYLINE
8
Flux traps
70
1
40
0
41
0
66
1
0
VERTEX
8
Flux traps
10
-735
20
1015
0
VERTEX
8
Flux traps
10
-735
20
1035
0
VERTEX
8
Flux traps
10
-715
20
1035
0
VERTEX
8
Flux traps
10
-715
20
1015
0
SEQEND
0
POLYLINE
8
Flux traps
70
1
40
0
41
0
66
1
0
VERTEX
8
Flux traps
10
-785
20
1015
0
VERTEX
8
Flux traps
10
-785
20
1035
0
VERTEX
8
Flux traps
10
-765
20
1035
0
VERTEX
8
Flux traps
10
-765
20
1015
0
SEQEND
0
POLYLINE
8
Flux traps
70
1
40
0
41
0
66
1
0
VERTEX
8
Flux traps
10
-835
20
1015
0
VERTEX
8
Flux traps
10
-835
20
1035
0
VERTEX
8
Flux traps
10
-815
20
1035
0
VERTEX
8
Flux traps
10
-815
20
1015
0
SEQEND
0
POLYLINE
8
Flux traps
70
1
40
0
41
0
66
1
0
VERTEX
8
Flux traps
10
-985
20
1015
0
VERTEX
8
Flux traps
10
-985
20
1035
0
VERTEX
8
Flux traps
10
-965
20
1035
0
VERTEX
8
Flux traps
10
-965
20
1015
0
SEQEND
0
POLYLINE
8
Flux traps
70
1
40
0
41
0
66
1
0
VERTEX
8
Flux traps
10
-685
20
915
0
VERTEX
8
Flux traps
10
-685
20
935
0
VERTEX
8
Flux traps
10
-665
20
935
0
VERTEX
8
Flux traps
10
-665
20
915
0
SEQEND
0
POLYLINE
8
Flux traps
70
1
40
0
41
0
66
1
0
VERTEX
8
Flux traps
10
-735
20
915
0
VERTEX
8
Flux traps
10
-735
20
935
0
VERTEX
8
Flux traps
10
-715
20
935
0
VERTEX
8
Flux traps
10
-715
20
915
0
SEQEND
0
POLYLINE
8
Flux traps
70
1
40
0
41
0
66
1
0
VERTEX
8
Flux traps
10
-785
20
915
0
VERTEX
8
Flux traps
10
-785
20
935
0
VERTEX
8
Flux traps
10
-765
20
935
0
VERTEX
8
Flux traps
10
-765
20
915
0
SEQEND
0
POLYLINE
8
Flux traps
70
1
40
0
41
0
66
1
0
VERTEX
8
Flux traps
10
-835
20
915
0
VERTEX
8
Flux traps
10
-835
20
935
0
VERTEX
8
Flux traps
10
-815
20
935
0
VERTEX
8
Flux traps
10
-815
20
915
0
SEQEND
0
POLYLINE
8
Flux traps
70
1
40
0
41
0
66
1
0
VERTEX
8
Flux traps
10
-985
20
915
0
VERTEX
8
Flux traps
10
-985
20
935
0
VERTEX
8
Flux traps
10
-965
20
935
0
VERTEX
8
Flux traps
10
-965
20
915
0
SEQEND
0
POLYLINE
8
Flux traps
70
1
40
0
41
0
66
1
0
VERTEX
8
Flux traps
10
-1035
20
915
0
VERTEX
8
Flux traps
10
-1035
20
935
0
VERTEX
8
Flux traps
10
-1015
20
935
0
VERTEX
8
Flux traps
10
-1015
20
915
0
SEQEND
0
POLYLINE
8
Flux traps
70
1
40
0
41
0
66
1
0
VERTEX
8
Flux traps
10
-685
20
965
0
VERTEX
8
Flux traps
10
-685
20
985
0
VERTEX
8
Flux traps
10
-665
20
985
0
VERTEX
8
Flux traps
10
-665
20
965
0
SEQEND
0
POLYLINE
8
Flux traps
70
1
40
0
41
0
66
1
0
VERTEX
8
Flux traps
10
-735
20
965
0
VERTEX
8
Flux traps
10
-735
20
985
0
VERTEX
8
Flux traps
10
-715
20
985
0
VERTEX
8
Flux traps
10
-715
20
965
0
SEQEND
0
POLYLINE
8
Flux traps
70
1
40
0
41
0
66
1
0
VERTEX
8
Flux traps
10
-1035
20
765
0
VERTEX
8
Flux traps
10
-1035
20
785
0
VERTEX
8
Flux traps
10
-1015
20
785
0
VERTEX
8
Flux traps
10
-1015
20
765
0
SEQEND
0
POLYLINE
8
Flux traps
70
1
40
0
41
0
66
1
0
VERTEX
8
Flux traps
10
-835
20
615
0
VERTEX
8
Flux traps
10
-835
20
635
0
VERTEX
8
Flux traps
10
-815
20
635
0
VERTEX
8
Flux traps
10
-815
20
615
0
SEQEND
0
POLYLINE
8
Flux traps
70
1
40
0
41
0
66
1
0
VERTEX
8
Flux traps
10
-985
20
615
0
VERTEX
8
Flux traps
10
-985
20
635
0
VERTEX
8
Flux traps
10
-965
20
635
0
VERTEX
8
Flux traps
10
-965
20
615
0
SEQEND
0
POLYLINE
8
Flux traps
70
1
40
0
41
0
66
1
0
VERTEX
8
Flux traps
10
-1035
20
615
0
VERTEX
8
Flux traps
10
-1035
20
635
0
VERTEX
8
Flux traps
10
-1015
20
635
0
VERTEX
8
Flux traps
10
-1015
20
615
0
SEQEND
0
POLYLINE
8
Flux traps
70
1
40
0
41
0
66
1
0
VERTEX
8
Flux traps
10
-685
20
615
0
VERTEX
8
Flux traps
10
-685
20
635
0
VERTEX
8
Flux traps
10
-665
20
635
0
VERTEX
8
Flux traps
10
-665
20
615
0
SEQEND
0
POLYLINE
8
Flux traps
70
1
40
0
41
0
66
1
0
VERTEX
8
Flux traps
10
-685
20
665
0
VERTEX
8
Flux traps
10
-685
20
685
0
VERTEX
8
Flux traps
10
-665
20
685
0
VERTEX
8
Flux traps
10
-665
20
665
0
SEQEND
0
POLYLINE
8
Flux traps
70
1
40
0
41
0
66
1
0
VERTEX
8
Flux traps
10
-735
20
665
0
VERTEX
8
Flux traps
10
-735
20
685
0
VERTEX
8
Flux traps
10
-715
20
685
0
VERTEX
8
Flux traps
10
-715
20
665
0
SEQEND
0
POLYLINE
8
Flux traps
70
1
40
0
41
0
66
1
0
VERTEX
8
Flux traps
10
-785
20
665
0
VERTEX
8
Flux traps
10
-785
20
685
0
VERTEX
8
Flux traps
10
-765
20
685
0
VERTEX
8
Flux traps
10
-765
20
665
0
SEQEND
0
POLYLINE
8
Flux traps
70
1
40
0
41
0
66
1
0
VERTEX
8
Flux traps
10
-835
20
665
0
VERTEX
8
Flux traps
10
-835
20
685
0
VERTEX
8
Flux traps
10
-815
20
685
0
VERTEX
8
Flux traps
10
-815
20
665
0
SEQEND
0
POLYLINE
8
Flux traps
70
1
40
0
41
0
66
1
0
VERTEX
8
Flux traps
10
-985
20
665
0
VERTEX
8
Flux traps
10
-985
20
685
0
VERTEX
8
Flux traps
10
-965
20
685
0
VERTEX
8
Flux traps
10
-965
20
665
0
SEQEND
0
POLYLINE
8
Flux traps
70
1
40
0
41
0
66
1
0
VERTEX
8
Flux traps
10
-1035
20
665
0
VERTEX
8
Flux traps
10
-1035
20
685
0
VERTEX
8
Flux traps
10
-1015
20
685
0
VERTEX
8
Flux traps
10
-1015
20
665
0
SEQEND
0
POLYLINE
8
Flux traps
70
1
40
0
41
0
66
1
0
VERTEX
8
Flux traps
10
-735
20
615
0
VERTEX
8
Flux traps
10
-735
20
635
0
VERTEX
8
Flux traps
10
-715
20
635
0
VERTEX
8
Flux traps
10
-715
20
615
0
SEQEND
0
POLYLINE
8
Flux traps
70
1
40
0
41
0
66
1
0
VERTEX
8
Flux traps
10
-685
20
715
0
VERTEX
8
Flux traps
10
-685
20
735
0
VERTEX
8
Flux traps
10
-665
20
735
0
VERTEX
8
Flux traps
10
-665
20
715
0
SEQEND
0
POLYLINE
8
Flux traps
70
1
40
0
41
0
66
1
0
VERTEX
8
Flux traps
10
-735
20
715
0
VERTEX
8
Flux traps
10
-735
20
735
0
VERTEX
8
Flux traps
10
-715
20
735
0
VERTEX
8
Flux traps
10
-715
20
715
0
SEQEND
0
POLYLINE
8
Flux traps
70
1
40
0
41
0
66
1
0
VERTEX
8
Flux traps
10
-785
20
715
0
VERTEX
8
Flux traps
10
-785
20
735
0
VERTEX
8
Flux traps
10
-765
20
735
0
VERTEX
8
Flux traps
10
-765
20
715
0
SEQEND
0
POLYLINE
8
Flux traps
70
1
40
0
41
0
66
1
0
VERTEX
8
Flux traps
10
-835
20
715
0
VERTEX
8
Flux traps
10
-835
20
735
0
VERTEX
8
Flux traps
10
-815
20
735
0
VERTEX
8
Flux traps
10
-815
20
715
0
SEQEND
0
POLYLINE
8
Flux traps
70
1
40
0
41
0
66
1
0
VERTEX
8
Flux traps
10
-985
20
715
0
VERTEX
8
Flux traps
10
-985
20
735
0
VERTEX
8
Flux traps
10
-965
20
735
0
VERTEX
8
Flux traps
10
-965
20
715
0
SEQEND
0
POLYLINE
8
Flux traps
70
1
40
0
41
0
66
1
0
VERTEX
8
Flux traps
10
-1035
20
715
0
VERTEX
8
Flux traps
10
-1035
20
735
0
VERTEX
8
Flux traps
10
-1015
20
735
0
VERTEX
8
Flux traps
10
-1015
20
715
0
SEQEND
0
POLYLINE
8
Flux traps
70
1
40
0
41
0
66
1
0
VERTEX
8
Flux traps
10
-785
20
615
0
VERTEX
8
Flux traps
10
-785
20
635
0
VERTEX
8
Flux traps
10
-765
20
635
0
VERTEX
8
Flux traps
10
-765
20
615
0
SEQEND
0
POLYLINE
8
Flux traps
70
1
40
0
41
0
66
1
0
VERTEX
8
Flux traps
10
-685
20
765
0
VERTEX
8
Flux traps
10
-685
20
785
0
VERTEX
8
Flux traps
10
-665
20
785
0
VERTEX
8
Flux traps
10
-665
20
765
0
SEQEND
0
POLYLINE
8
Flux traps
70
1
40
0
41
0
66
1
0
VERTEX
8
Flux traps
10
-735
20
765
0
VERTEX
8
Flux traps
10
-735
20
785
0
VERTEX
8
Flux traps
10
-715
20
785
0
VERTEX
8
Flux traps
10
-715
20
765
0
SEQEND
0
POLYLINE
8
Flux traps
70
1
40
0
41
0
66
1
0
VERTEX
8
Flux traps
10
-785
20
765
0
VERTEX
8
Flux traps
10
-785
20
785
0
VERTEX
8
Flux traps
10
-765
20
785
0
VERTEX
8
Flux traps
10
-765
20
765
0
SEQEND
0
POLYLINE
8
Flux traps
70
1
40
0
41
0
66
1
0
VERTEX
8
Flux traps
10
-835
20
765
0
VERTEX
8
Flux traps
10
-835
20
785
0
VERTEX
8
Flux traps
10
-815
20
785
0
VERTEX
8
Flux traps
10
-815
20
765
0
SEQEND
0
POLYLINE
8
Flux traps
70
1
40
0
41
0
66
1
0
VERTEX
8
Flux traps
10
-985
20
765
0
VERTEX
8
Flux traps
10
-985
20
785
0
VERTEX
8
Flux traps
10
-965
20
785
0
VERTEX
8
Flux traps
10
-965
20
765
0
SEQEND
0
POLYLINE
8
Flux traps
70
1
40
0
41
0
66
1
0
VERTEX
8
Flux traps
10
-385
20
715
0
VERTEX
8
Flux traps
10
-385
20
735
0
VERTEX
8
Flux traps
10
-365
20
735
0
VERTEX
8
Flux traps
10
-365
20
715
0
SEQEND
0
POLYLINE
8
Flux traps
70
1
40
0
41
0
66
1
0
VERTEX
8
Flux traps
10
-435
20
715
0
VERTEX
8
Flux traps
10
-435
20
735
0
VERTEX
8
Flux traps
10
-415
20
735
0
VERTEX
8
Flux traps
10
-415
20
715
0
SEQEND
0
POLYLINE
8
Flux traps
70
1
40
0
41
0
66
1
0
VERTEX
8
Flux traps
10
-485
20
715
0
VERTEX
8
Flux traps
10
-485
20
735
0
VERTEX
8
Flux traps
10
-465
20
735
0
VERTEX
8
Flux traps
10
-465
20
715
0
SEQEND
0
POLYLINE
8
Flux traps
70
1
40
0
41
0
66
1
0
VERTEX
8
Flux traps
10
-235
20
615
0
VERTEX
8
Flux traps
10
-235
20
635
0
VERTEX
8
Flux traps
10
-215
20
635
0
VERTEX
8
Flux traps
10
-215
20
615
0
SEQEND
0
POLYLINE
8
Flux traps
70
1
40
0
41
0
66
1
0
VERTEX
8
Flux traps
10
-285
20
615
0
VERTEX
8
Flux traps
10
-285
20
635
0
VERTEX
8
Flux traps
10
-265
20
635
0
VERTEX
8
Flux traps
10
-265
20
615
0
SEQEND
0
POLYLINE
8
Flux traps
70
1
40
0
41
0
66
1
0
VERTEX
8
Flux traps
10
-335
20
615
0
VERTEX
8
Flux traps
10
-335
20
635
0
VERTEX
8
Flux traps
10
-315
20
635
0
VERTEX
8
Flux traps
10
-315
20
615
0
SEQEND
0
POLYLINE
8
Flux traps
70
1
40
0
41
0
66
1
0
VERTEX
8
Flux traps
10
-35
20
665
0
VERTEX
8
Flux traps
10
-35
20
685
0
VERTEX
8
Flux traps
10
-15
20
685
0
VERTEX
8
Flux traps
10
-15
20
665
0
SEQEND
0
POLYLINE
8
Flux traps
70
1
40
0
41
0
66
1
0
VERTEX
8
Flux traps
10
-85
20
665
0
VERTEX
8
Flux traps
10
-85
20
685
0
VERTEX
8
Flux traps
10
-65
20
685
0
VERTEX
8
Flux traps
10
-65
20
665
0
SEQEND
0
POLYLINE
8
Flux traps
70
1
40
0
41
0
66
1
0
VERTEX
8
Flux traps
10
-135
20
665
0
VERTEX
8
Flux traps
10
-135
20
685
0
VERTEX
8
Flux traps
10
-115
20
685
0
VERTEX
8
Flux traps
10
-115
20
665
0
SEQEND
0
POLYLINE
8
Flux traps
70
1
40
0
41
0
66
1
0
VERTEX
8
Flux traps
10
-185
20
665
0
VERTEX
8
Flux traps
10
-185
20
685
0
VERTEX
8
Flux traps
10
-165
20
685
0
VERTEX
8
Flux traps
10
-165
20
665
0
SEQEND
0
POLYLINE
8
Flux traps
70
1
40
0
41
0
66
1
0
VERTEX
8
Flux traps
10
-35
20
765
0
VERTEX
8
Flux traps
10
-35
20
785
0
VERTEX
8
Flux traps
10
-15
20
785
0
VERTEX
8
Flux traps
10
-15
20
765
0
SEQEND
0
POLYLINE
8
Flux traps
70
1
40
0
41
0
66
1
0
VERTEX
8
Flux traps
10
-85
20
765
0
VERTEX
8
Flux traps
10
-85
20
785
0
VERTEX
8
Flux traps
10
-65
20
785
0
VERTEX
8
Flux traps
10
-65
20
765
0
SEQEND
0
POLYLINE
8
Flux traps
70
1
40
0
41
0
66
1
0
VERTEX
8
Flux traps
10
-135
20
765
0
VERTEX
8
Flux traps
10
-135
20
785
0
VERTEX
8
Flux traps
10
-115
20
785
0
VERTEX
8
Flux traps
10
-115
20
765
0
SEQEND
0
POLYLINE
8
Flux traps
70
1
40
0
41
0
66
1
0
VERTEX
8
Flux traps
10
-185
20
765
0
VERTEX
8
Flux traps
10
-185
20
785
0
VERTEX
8
Flux traps
10
-165
20
785
0
VERTEX
8
Flux traps
10
-165
20
765
0
SEQEND
0
POLYLINE
8
Flux traps
70
1
40
0
41
0
66
1
0
VERTEX
8
Flux traps
10
-235
20
765
0
VERTEX
8
Flux traps
10
-235
20
785
0
VERTEX
8
Flux traps
10
-215
20
785
0
VERTEX
8
Flux traps
10
-215
20
765
0
SEQEND
0
POLYLINE
8
Flux traps
70
1
40
0
41
0
66
1
0
VERTEX
8
Flux traps
10
-385
20
765
0
VERTEX
8
Flux traps
10
-385
20
785
0
VERTEX
8
Flux traps
10
-365
20
785
0
VERTEX
8
Flux traps
10
-365
20
765
0
SEQEND
0
POLYLINE
8
Flux traps
70
1
40
0
41
0
66
1
0
VERTEX
8
Flux traps
10
-435
20
765
0
VERTEX
8
Flux traps
10
-435
20
785
0
VERTEX
8
Flux traps
10
-415
20
785
0
VERTEX
8
Flux traps
10
-415
20
765
0
SEQEND
0
POLYLINE
8
Flux traps
70
1
40
0
41
0
66
1
0
VERTEX
8
Flux traps
10
-485
20
765
0
VERTEX
8
Flux traps
10
-485
20
785
0
VERTEX
8
Flux traps
10
-465
20
785
0
VERTEX
8
Flux traps
10
-465
20
765
0
SEQEND
0
POLYLINE
8
Flux traps
70
1
40
0
41
0
66
1
0
VERTEX
8
Flux traps
10
-235
20
665
0
VERTEX
8
Flux traps
10
-235
20
685
0
VERTEX
8
Flux traps
10
-215
20
685
0
VERTEX
8
Flux traps
10
-215
20
665
0
SEQEND
0
POLYLINE
8
Flux traps
70
1
40
0
41
0
66
1
0
VERTEX
8
Flux traps
10
-285
20
665
0
VERTEX
8
Flux traps
10
-285
20
685
0
VERTEX
8
Flux traps
10
-265
20
685
0
VERTEX
8
Flux traps
10
-265
20
665
0
SEQEND
0
POLYLINE
8
Flux traps
70
1
40
0
41
0
66
1
0
VERTEX
8
Flux traps
10
-335
20
665
0
VERTEX
8
Flux traps
10
-335
20
685
0
VERTEX
8
Flux traps
10
-315
20
685
0
VERTEX
8
Flux traps
10
-315
20
665
0
SEQEND
0
POLYLINE
8
Flux traps
70
1
40
0
41
0
66
1
0
VERTEX
8
Flux traps
10
-385
20
665
0
VERTEX
8
Flux traps
10
-385
20
685
0
VERTEX
8
Flux traps
10
-365
20
685
0
VERTEX
8
Flux traps
10
-365
20
665
0
SEQEND
0
POLYLINE
8
Flux traps
70
1
40
0
41
0
66
1
0
VERTEX
8
Flux traps
10
-435
20
665
0
VERTEX
8
Flux traps
10
-435
20
685
0
VERTEX
8
Flux traps
10
-415
20
685
0
VERTEX
8
Flux traps
10
-415
20
665
0
SEQEND
0
POLYLINE
8
Flux traps
70
1
40
0
41
0
66
1
0
VERTEX
8
Flux traps
10
-485
20
665
0
VERTEX
8
Flux traps
10
-485
20
685
0
VERTEX
8
Flux traps
10
-465
20
685
0
VERTEX
8
Flux traps
10
-465
20
665
0
SEQEND
0
POLYLINE
8
Flux traps
70
1
40
0
41
0
66
1
0
VERTEX
8
Flux traps
10
-385
20
615
0
VERTEX
8
Flux traps
10
-385
20
635
0
VERTEX
8
Flux traps
10
-365
20
635
0
VERTEX
8
Flux traps
10
-365
20
615
0
SEQEND
0
POLYLINE
8
Flux traps
70
1
40
0
41
0
66
1
0
VERTEX
8
Flux traps
10
-435
20
615
0
VERTEX
8
Flux traps
10
-435
20
635
0
VERTEX
8
Flux traps
10
-415
20
635
0
VERTEX
8
Flux traps
10
-415
20
615
0
SEQEND
0
POLYLINE
8
Flux traps
70
1
40
0
41
0
66
1
0
VERTEX
8
Flux traps
10
-485
20
615
0
VERTEX
8
Flux traps
10
-485
20
635
0
VERTEX
8
Flux traps
10
-465
20
635
0
VERTEX
8
Flux traps
10
-465
20
615
0
SEQEND
0
POLYLINE
8
Flux traps
70
1
40
0
41
0
66
1
0
VERTEX
8
Flux traps
10
-35
20
615
0
VERTEX
8
Flux traps
10
-35
20
635
0
VERTEX
8
Flux traps
10
-15
20
635
0
VERTEX
8
Flux traps
10
-15
20
615
0
SEQEND
0
POLYLINE
8
Flux traps
70
1
40
0
41
0
66
1
0
VERTEX
8
Flux traps
10
-85
20
615
0
VERTEX
8
Flux traps
10
-85
20
635
0
VERTEX
8
Flux traps
10
-65
20
635
0
VERTEX
8
Flux traps
10
-65
20
615
0
SEQEND
0
POLYLINE
8
Flux traps
70
1
40
0
41
0
66
1
0
VERTEX
8
Flux traps
10
-135
20
615
0
VERTEX
8
Flux traps
10
-135
20
635
0
VERTEX
8
Flux traps
10
-115
20
635
0
VERTEX
8
Flux traps
10
-115
20
615
0
SEQEND
0
POLYLINE
8
Flux traps
70
1
40
0
41
0
66
1
0
VERTEX
8
Flux traps
10
-185
20
615
0
VERTEX
8
Flux traps
10
-185
20
635
0
VERTEX
8
Flux traps
10
-165
20
635
0
VERTEX
8
Flux traps
10
-165
20
615
0
SEQEND
0
POLYLINE
8
Flux traps
70
1
40
0
41
0
66
1
0
VERTEX
8
Flux traps
10
-35
20
715
0
VERTEX
8
Flux traps
10
-35
20
735
0
VERTEX
8
Flux traps
10
-15
20
735
0
VERTEX
8
Flux traps
10
-15
20
715
0
SEQEND
0
POLYLINE
8
Flux traps
70
1
40
0
41
0
66
1
0
VERTEX
8
Flux traps
10
-85
20
715
0
VERTEX
8
Flux traps
10
-85
20
735
0
VERTEX
8
Flux traps
10
-65
20
735
0
VERTEX
8
Flux traps
10
-65
20
715
0
SEQEND
0
POLYLINE
8
Flux traps
70
1
40
0
41
0
66
1
0
VERTEX
8
Flux traps
10
-135
20
715
0
VERTEX
8
Flux traps
10
-135
20
735
0
VERTEX
8
Flux traps
10
-115
20
735
0
VERTEX
8
Flux traps
10
-115
20
715
0
SEQEND
0
POLYLINE
8
Flux traps
70
1
40
0
41
0
66
1
0
VERTEX
8
Flux traps
10
-185
20
715
0
VERTEX
8
Flux traps
10
-185
20
735
0
VERTEX
8
Flux traps
10
-165
20
735
0
VERTEX
8
Flux traps
10
-165
20
715
0
SEQEND
0
POLYLINE
8
Flux traps
70
1
40
0
41
0
66
1
0
VERTEX
8
Flux traps
10
-235
20
715
0
VERTEX
8
Flux traps
10
-235
20
735
0
VERTEX
8
Flux traps
10
-215
20
735
0
VERTEX
8
Flux traps
10
-215
20
715
0
SEQEND
0
POLYLINE
8
Flux traps
70
1
40
0
41
0
66
1
0
VERTEX
8
Flux traps
10
-1885
20
815
0
VERTEX
8
Flux traps
10
-1885
20
835
0
VERTEX
8
Flux traps
10
-1865
20
835
0
VERTEX
8
Flux traps
10
-1865
20
815
0
SEQEND
0
POLYLINE
8
Flux traps
70
1
40
0
41
0
66
1
0
VERTEX
8
Flux traps
10
-1935
20
815
0
VERTEX
8
Flux traps
10
-1935
20
835
0
VERTEX
8
Flux traps
10
-1915
20
835
0
VERTEX
8
Flux traps
10
-1915
20
815
0
SEQEND
0
POLYLINE
8
Flux traps
70
1
40
0
41
0
66
1
0
VERTEX
8
Flux traps
10
-1585
20
815
0
VERTEX
8
Flux traps
10
-1585
20
835
0
VERTEX
8
Flux traps
10
-1565
20
835
0
VERTEX
8
Flux traps
10
-1565
20
815
0
SEQEND
0
POLYLINE
8
Flux traps
70
1
40
0
41
0
66
1
0
VERTEX
8
Flux traps
10
-1635
20
815
0
VERTEX
8
Flux traps
10
-1635
20
835
0
VERTEX
8
Flux traps
10
-1615
20
835
0
VERTEX
8
Flux traps
10
-1615
20
815
0
SEQEND
0
POLYLINE
8
Flux traps
70
1
40
0
41
0
66
1
0
VERTEX
8
Flux traps
10
-1085
20
815
0
VERTEX
8
Flux traps
10
-1085
20
835
0
VERTEX
8
Flux traps
10
-1065
20
835
0
VERTEX
8
Flux traps
10
-1065
20
815
0
SEQEND
0
POLYLINE
8
Flux traps
70
1
40
0
41
0
66
1
0
VERTEX
8
Flux traps
10
-1135
20
815
0
VERTEX
8
Flux traps
10
-1135
20
835
0
VERTEX
8
Flux traps
10
-1115
20
835
0
VERTEX
8
Flux traps
10
-1115
20
815
0
SEQEND
0
POLYLINE
8
Flux traps
70
1
40
0
41
0
66
1
0
VERTEX
8
Flux traps
10
-1185
20
815
0
VERTEX
8
Flux traps
10
-1185
20
835
0
VERTEX
8
Flux traps
10
-1165
20
835
0
VERTEX
8
Flux traps
10
-1165
20
815
0
SEQEND
0
POLYLINE
8
Flux traps
70
1
40
0
41
0
66
1
0
VERTEX
8
Flux traps
10
-1235
20
815
0
VERTEX
8
Flux traps
10
-1235
20
835
0
VERTEX
8
Flux traps
10
-1215
20
835
0
VERTEX
8
Flux traps
10
-1215
20
815
0
SEQEND
0
POLYLINE
8
Flux traps
70
1
40
0
41
0
66
1
0
VERTEX
8
Flux traps
10
-1385
20
815
0
VERTEX
8
Flux traps
10
-1385
20
835
0
VERTEX
8
Flux traps
10
-1365
20
835
0
VERTEX
8
Flux traps
10
-1365
20
815
0
SEQEND
0
POLYLINE
8
Flux traps
70
1
40
0
41
0
66
1
0
VERTEX
8
Flux traps
10
-1435
20
815
0
VERTEX
8
Flux traps
10
-1435
20
835
0
VERTEX
8
Flux traps
10
-1415
20
835
0
VERTEX
8
Flux traps
10
-1415
20
815
0
SEQEND
0
POLYLINE
8
Flux traps
70
1
40
0
41
0
66
1
0
VERTEX
8
Flux traps
10
-1485
20
815
0
VERTEX
8
Flux traps
10
-1485
20
835
0
VERTEX
8
Flux traps
10
-1465
20
835
0
VERTEX
8
Flux traps
10
-1465
20
815
0
SEQEND
0
POLYLINE
8
Flux traps
70
1
40
0
41
0
66
1
0
VERTEX
8
Flux traps
10
-1535
20
815
0
VERTEX
8
Flux traps
10
-1535
20
835
0
VERTEX
8
Flux traps
10
-1515
20
835
0
VERTEX
8
Flux traps
10
-1515
20
815
0
SEQEND
0
POLYLINE
8
Flux traps
70
1
40
0
41
0
66
1
0
VERTEX
8
Flux traps
10
-1685
20
815
0
VERTEX
8
Flux traps
10
-1685
20
835
0
VERTEX
8
Flux traps
10
-1665
20
835
0
VERTEX
8
Flux traps
10
-1665
20
815
0
SEQEND
0
POLYLINE
8
Flux traps
70
1
40
0
41
0
66
1
0
VERTEX
8
Flux traps
10
-1735
20
815
0
VERTEX
8
Flux traps
10
-1735
20
835
0
VERTEX
8
Flux traps
10
-1715
20
835
0
VERTEX
8
Flux traps
10
-1715
20
815
0
SEQEND
0
POLYLINE
8
Flux traps
70
1
40
0
41
0
66
1
0
VERTEX
8
Flux traps
10
-1785
20
815
0
VERTEX
8
Flux traps
10
-1785
20
835
0
VERTEX
8
Flux traps
10
-1765
20
835
0
VERTEX
8
Flux traps
10
-1765
20
815
0
SEQEND
0
POLYLINE
8
Flux traps
70
1
40
0
41
0
66
1
0
VERTEX
8
Flux traps
10
-1835
20
815
0
VERTEX
8
Flux traps
10
-1835
20
835
0
VERTEX
8
Flux traps
10
-1815
20
835
0
VERTEX
8
Flux traps
10
-1815
20
815
0
SEQEND
0
POLYLINE
8
Flux traps
70
1
40
0
41
0
66
1
0
VERTEX
8
Flux traps
10
-1985
20
815
0
VERTEX
8
Flux traps
10
-1985
20
835
0
VERTEX
8
Flux traps
10
-1965
20
835
0
VERTEX
8
Flux traps
10
-1965
20
815
0
SEQEND
0
POLYLINE
8
Flux traps
70
1
40
0
41
0
66
1
0
VERTEX
8
Flux traps
10
-2035
20
815
0
VERTEX
8
Flux traps
10
-2035
20
835
0
VERTEX
8
Flux traps
10
-2015
20
835
0
VERTEX
8
Flux traps
10
-2015
20
815
0
SEQEND
0
POLYLINE
8
Flux traps
70
1
40
0
41
0
66
1
0
VERTEX
8
Flux traps
10
-2085
20
815
0
VERTEX
8
Flux traps
10
-2085
20
835
0
VERTEX
8
Flux traps
10
-2065
20
835
0
VERTEX
8
Flux traps
10
-2065
20
815
0
SEQEND
0
POLYLINE
8
Flux traps
70
1
40
0
41
0
66
1
0
VERTEX
8
Flux traps
10
-1285
20
815
0
VERTEX
8
Flux traps
10
-1285
20
835
0
VERTEX
8
Flux traps
10
-1265
20
835
0
VERTEX
8
Flux traps
10
-1265
20
815
0
SEQEND
0
POLYLINE
8
Flux traps
70
1
40
0
41
0
66
1
0
VERTEX
8
Flux traps
10
-1335
20
815
0
VERTEX
8
Flux traps
10
-1335
20
835
0
VERTEX
8
Flux traps
10
-1315
20
835
0
VERTEX
8
Flux traps
10
-1315
20
815
0
SEQEND
0
POLYLINE
8
Flux traps
70
1
40
0
41
0
66
1
0
VERTEX
8
Flux traps
10
-1235
20
1015
0
VERTEX
8
Flux traps
10
-1235
20
1035
0
VERTEX
8
Flux traps
10
-1215
20
1035
0
VERTEX
8
Flux traps
10
-1215
20
1015
0
SEQEND
0
POLYLINE
8
Flux traps
70
1
40
0
41
0
66
1
0
VERTEX
8
Flux traps
10
-1385
20
1015
0
VERTEX
8
Flux traps
10
-1385
20
1035
0
VERTEX
8
Flux traps
10
-1365
20
1035
0
VERTEX
8
Flux traps
10
-1365
20
1015
0
SEQEND
0
POLYLINE
8
Flux traps
70
1
40
0
41
0
66
1
0
VERTEX
8
Flux traps
10
-1435
20
1015
0
VERTEX
8
Flux traps
10
-1435
20
1035
0
VERTEX
8
Flux traps
10
-1415
20
1035
0
VERTEX
8
Flux traps
10
-1415
20
1015
0
SEQEND
0
POLYLINE
8
Flux traps
70
1
40
0
41
0
66
1
0
VERTEX
8
Flux traps
10
-1485
20
1015
0
VERTEX
8
Flux traps
10
-1485
20
1035
0
VERTEX
8
Flux traps
10
-1465
20
1035
0
VERTEX
8
Flux traps
10
-1465
20
1015
0
SEQEND
0
POLYLINE
8
Flux traps
70
1
40
0
41
0
66
1
0
VERTEX
8
Flux traps
10
-1535
20
1015
0
VERTEX
8
Flux traps
10
-1535
20
1035
0
VERTEX
8
Flux traps
10
-1515
20
1035
0
VERTEX
8
Flux traps
10
-1515
20
1015
0
SEQEND
0
POLYLINE
8
Flux traps
70
1
40
0
41
0
66
1
0
VERTEX
8
Flux traps
10
-1085
20
1015
0
VERTEX
8
Flux traps
10
-1085
20
1035
0
VERTEX
8
Flux traps
10
-1065
20
1035
0
VERTEX
8
Flux traps
10
-1065
20
1015
0
SEQEND
0
POLYLINE
8
Flux traps
70
1
40
0
41
0
66
1
0
VERTEX
8
Flux traps
10
-1135
20
1015
0
VERTEX
8
Flux traps
10
-1135
20
1035
0
VERTEX
8
Flux traps
10
-1115
20
1035
0
VERTEX
8
Flux traps
10
-1115
20
1015
0
SEQEND
0
POLYLINE
8
Flux traps
70
1
40
0
41
0
66
1
0
VERTEX
8
Flux traps
10
-1185
20
1015
0
VERTEX
8
Flux traps
10
-1185
20
1035
0
VERTEX
8
Flux traps
10
-1165
20
1035
0
VERTEX
8
Flux traps
10
-1165
20
1015
0
SEQEND
0
POLYLINE
8
Flux traps
70
1
40
0
41
0
66
1
0
VERTEX
8
Flux traps
10
-1285
20
865
0
VERTEX
8
Flux traps
10
-1285
20
885
0
VERTEX
8
Flux traps
10
-1265
20
885
0
VERTEX
8
Flux traps
10
-1265
20
865
0
SEQEND
0
POLYLINE
8
Flux traps
70
1
40
0
41
0
66
1
0
VERTEX
8
Flux traps
10
-1335
20
865
0
VERTEX
8
Flux traps
10
-1335
20
885
0
VERTEX
8
Flux traps
10
-1315
20
885
0
VERTEX
8
Flux traps
10
-1315
20
865
0
SEQEND
0
POLYLINE
8
Flux traps
70
1
40
0
41
0
66
1
0
VERTEX
8
Flux traps
10
-1285
20
915
0
VERTEX
8
Flux traps
10
-1285
20
935
0
VERTEX
8
Flux traps
10
-1265
20
935
0
VERTEX
8
Flux traps
10
-1265
20
915
0
SEQEND
0
POLYLINE
8
Flux traps
70
1
40
0
41
0
66
1
0
VERTEX
8
Flux traps
10
-1335
20
915
0
VERTEX
8
Flux traps
10
-1335
20
935
0
VERTEX
8
Flux traps
10
-1315
20
935
0
VERTEX
8
Flux traps
10
-1315
20
915
0
SEQEND
0
POLYLINE
8
Flux traps
70
1
40
0
41
0
66
1
0
VERTEX
8
Flux traps
10
-1285
20
965
0
VERTEX
8
Flux traps
10
-1285
20
985
0
VERTEX
8
Flux traps
10
-1265
20
985
0
VERTEX
8
Flux traps
10
-1265
20
965
0
SEQEND
0
POLYLINE
8
Flux traps
70
1
40
0
41
0
66
1
0
VERTEX
8
Flux traps
10
-1335
20
965
0
VERTEX
8
Flux traps
10
-1335
20
985
0
VERTEX
8
Flux traps
10
-1315
20
985
0
VERTEX
8
Flux traps
10
-1315
20
965
0
SEQEND
0
POLYLINE
8
Flux traps
70
1
40
0
41
0
66
1
0
VERTEX
8
Flux traps
10
-1285
20
1015
0
VERTEX
8
Flux traps
10
-1285
20
1035
0
VERTEX
8
Flux traps
10
-1265
20
1035
0
VERTEX
8
Flux traps
10
-1265
20
1015
0
SEQEND
0
POLYLINE
8
Flux traps
70
1
40
0
41
0
66
1
0
VERTEX
8
Flux traps
10
-1335
20
1015
0
VERTEX
8
Flux traps
10
-1335
20
1035
0
VERTEX
8
Flux traps
10
-1315
20
1035
0
VERTEX
8
Flux traps
10
-1315
20
1015
0
SEQEND
0
POLYLINE
8
Flux traps
70
1
40
0
41
0
66
1
0
VERTEX
8
Flux traps
10
-1085
20
865
0
VERTEX
8
Flux traps
10
-1085
20
885
0
VERTEX
8
Flux traps
10
-1065
20
885
0
VERTEX
8
Flux traps
10
-1065
20
865
0
SEQEND
0
POLYLINE
8
Flux traps
70
1
40
0
41
0
66
1
0
VERTEX
8
Flux traps
10
-1135
20
865
0
VERTEX
8
Flux traps
10
-1135
20
885
0
VERTEX
8
Flux traps
10
-1115
20
885
0
VERTEX
8
Flux traps
10
-1115
20
865
0
SEQEND
0
POLYLINE
8
Flux traps
70
1
40
0
41
0
66
1
0
VERTEX
8
Flux traps
10
-1185
20
865
0
VERTEX
8
Flux traps
10
-1185
20
885
0
VERTEX
8
Flux traps
10
-1165
20
885
0
VERTEX
8
Flux traps
10
-1165
20
865
0
SEQEND
0
POLYLINE
8
Flux traps
70
1
40
0
41
0
66
1
0
VERTEX
8
Flux traps
10
-1235
20
865
0
VERTEX
8
Flux traps
10
-1235
20
885
0
VERTEX
8
Flux traps
10
-1215
20
885
0
VERTEX
8
Flux traps
10
-1215
20
865
0
SEQEND
0
POLYLINE
8
Flux traps
70
1
40
0
41
0
66
1
0
VERTEX
8
Flux traps
10
-1385
20
865
0
VERTEX
8
Flux traps
10
-1385
20
885
0
VERTEX
8
Flux traps
10
-1365
20
885
0
VERTEX
8
Flux traps
10
-1365
20
865
0
SEQEND
0
POLYLINE
8
Flux traps
70
1
40
0
41
0
66
1
0
VERTEX
8
Flux traps
10
-1435
20
865
0
VERTEX
8
Flux traps
10
-1435
20
885
0
VERTEX
8
Flux traps
10
-1415
20
885
0
VERTEX
8
Flux traps
10
-1415
20
865
0
SEQEND
0
POLYLINE
8
Flux traps
70
1
40
0
41
0
66
1
0
VERTEX
8
Flux traps
10
-1485
20
865
0
VERTEX
8
Flux traps
10
-1485
20
885
0
VERTEX
8
Flux traps
10
-1465
20
885
0
VERTEX
8
Flux traps
10
-1465
20
865
0
SEQEND
0
POLYLINE
8
Flux traps
70
1
40
0
41
0
66
1
0
VERTEX
8
Flux traps
10
-1535
20
865
0
VERTEX
8
Flux traps
10
-1535
20
885
0
VERTEX
8
Flux traps
10
-1515
20
885
0
VERTEX
8
Flux traps
10
-1515
20
865
0
SEQEND
0
POLYLINE
8
Flux traps
70
1
40
0
41
0
66
1
0
VERTEX
8
Flux traps
10
-1085
20
965
0
VERTEX
8
Flux traps
10
-1085
20
985
0
VERTEX
8
Flux traps
10
-1065
20
985
0
VERTEX
8
Flux traps
10
-1065
20
965
0
SEQEND
0
POLYLINE
8
Flux traps
70
1
40
0
41
0
66
1
0
VERTEX
8
Flux traps
10
-1135
20
965
0
VERTEX
8
Flux traps
10
-1135
20
985
0
VERTEX
8
Flux traps
10
-1115
20
985
0
VERTEX
8
Flux traps
10
-1115
20
965
0
SEQEND
0
POLYLINE
8
Flux traps
70
1
40
0
41
0
66
1
0
VERTEX
8
Flux traps
10
-1185
20
965
0
VERTEX
8
Flux traps
10
-1185
20
985
0
VERTEX
8
Flux traps
10
-1165
20
985
0
VERTEX
8
Flux traps
10
-1165
20
965
0
SEQEND
0
POLYLINE
8
Flux traps
70
1
40
0
41
0
66
1
0
VERTEX
8
Flux traps
10
-1235
20
965
0
VERTEX
8
Flux traps
10
-1235
20
985
0
VERTEX
8
Flux traps
10
-1215
20
985
0
VERTEX
8
Flux traps
10
-1215
20
965
0
SEQEND
0
POLYLINE
8
Flux traps
70
1
40
0
41
0
66
1
0
VERTEX
8
Flux traps
10
-1385
20
965
0
VERTEX
8
Flux traps
10
-1385
20
985
0
VERTEX
8
Flux traps
10
-1365
20
985
0
VERTEX
8
Flux traps
10
-1365
20
965
0
SEQEND
0
POLYLINE
8
Flux traps
70
1
40
0
41
0
66
1
0
VERTEX
8
Flux traps
10
-1435
20
965
0
VERTEX
8
Flux traps
10
-1435
20
985
0
VERTEX
8
Flux traps
10
-1415
20
985
0
VERTEX
8
Flux traps
10
-1415
20
965
0
SEQEND
0
POLYLINE
8
Flux traps
70
1
40
0
41
0
66
1
0
VERTEX
8
Flux traps
10
-1485
20
965
0
VERTEX
8
Flux traps
10
-1485
20
985
0
VERTEX
8
Flux traps
10
-1465
20
985
0
VERTEX
8
Flux traps
10
-1465
20
965
0
SEQEND
0
POLYLINE
8
Flux traps
70
1
40
0
41
0
66
1
0
VERTEX
8
Flux traps
10
-1535
20
965
0
VERTEX
8
Flux traps
10
-1535
20
985
0
VERTEX
8
Flux traps
10
-1515
20
985
0
VERTEX
8
Flux traps
10
-1515
20
965
0
SEQEND
0
POLYLINE
8
Flux traps
70
1
40
0
41
0
66
1
0
VERTEX
8
Flux traps
10
-1085
20
915
0
VERTEX
8
Flux traps
10
-1085
20
935
0
VERTEX
8
Flux traps
10
-1065
20
935
0
VERTEX
8
Flux traps
10
-1065
20
915
0
SEQEND
0
POLYLINE
8
Flux traps
70
1
40
0
41
0
66
1
0
VERTEX
8
Flux traps
10
-1135
20
915
0
VERTEX
8
Flux traps
10
-1135
20
935
0
VERTEX
8
Flux traps
10
-1115
20
935
0
VERTEX
8
Flux traps
10
-1115
20
915
0
SEQEND
0
POLYLINE
8
Flux traps
70
1
40
0
41
0
66
1
0
VERTEX
8
Flux traps
10
-1185
20
915
0
VERTEX
8
Flux traps
10
-1185
20
935
0
VERTEX
8
Flux traps
10
-1165
20
935
0
VERTEX
8
Flux traps
10
-1165
20
915
0
SEQEND
0
POLYLINE
8
Flux traps
70
1
40
0
41
0
66
1
0
VERTEX
8
Flux traps
10
-1235
20
915
0
VERTEX
8
Flux traps
10
-1235
20
935
0
VERTEX
8
Flux traps
10
-1215
20
935
0
VERTEX
8
Flux traps
10
-1215
20
915
0
SEQEND
0
POLYLINE
8
Flux traps
70
1
40
0
41
0
66
1
0
VERTEX
8
Flux traps
10
-1385
20
915
0
VERTEX
8
Flux traps
10
-1385
20
935
0
VERTEX
8
Flux traps
10
-1365
20
935
0
VERTEX
8
Flux traps
10
-1365
20
915
0
SEQEND
0
POLYLINE
8
Flux traps
70
1
40
0
41
0
66
1
0
VERTEX
8
Flux traps
10
-1435
20
915
0
VERTEX
8
Flux traps
10
-1435
20
935
0
VERTEX
8
Flux traps
10
-1415
20
935
0
VERTEX
8
Flux traps
10
-1415
20
915
0
SEQEND
0
POLYLINE
8
Flux traps
70
1
40
0
41
0
66
1
0
VERTEX
8
Flux traps
10
-1485
20
915
0
VERTEX
8
Flux traps
10
-1485
20
935
0
VERTEX
8
Flux traps
10
-1465
20
935
0
VERTEX
8
Flux traps
10
-1465
20
915
0
SEQEND
0
POLYLINE
8
Flux traps
70
1
40
0
41
0
66
1
0
VERTEX
8
Flux traps
10
-1535
20
915
0
VERTEX
8
Flux traps
10
-1535
20
935
0
VERTEX
8
Flux traps
10
-1515
20
935
0
VERTEX
8
Flux traps
10
-1515
20
915
0
SEQEND
0
POLYLINE
8
Flux traps
70
1
40
0
41
0
66
1
0
VERTEX
8
Flux traps
10
-1935
20
865
0
VERTEX
8
Flux traps
10
-1935
20
885
0
VERTEX
8
Flux traps
10
-1915
20
885
0
VERTEX
8
Flux traps
10
-1915
20
865
0
SEQEND
0
POLYLINE
8
Flux traps
70
1
40
0
41
0
66
1
0
VERTEX
8
Flux traps
10
-1885
20
915
0
VERTEX
8
Flux traps
10
-1885
20
935
0
VERTEX
8
Flux traps
10
-1865
20
935
0
VERTEX
8
Flux traps
10
-1865
20
915
0
SEQEND
0
POLYLINE
8
Flux traps
70
1
40
0
41
0
66
1
0
VERTEX
8
Flux traps
10
-1935
20
915
0
VERTEX
8
Flux traps
10
-1935
20
935
0
VERTEX
8
Flux traps
10
-1915
20
935
0
VERTEX
8
Flux traps
10
-1915
20
915
0
SEQEND
0
POLYLINE
8
Flux traps
70
1
40
0
41
0
66
1
0
VERTEX
8
Flux traps
10
-1885
20
965
0
VERTEX
8
Flux traps
10
-1885
20
985
0
VERTEX
8
Flux traps
10
-1865
20
985
0
VERTEX
8
Flux traps
10
-1865
20
965
0
SEQEND
0
POLYLINE
8
Flux traps
70
1
40
0
41
0
66
1
0
VERTEX
8
Flux traps
10
-1935
20
965
0
VERTEX
8
Flux traps
10
-1935
20
985
0
VERTEX
8
Flux traps
10
-1915
20
985
0
VERTEX
8
Flux traps
10
-1915
20
965
0
SEQEND
0
POLYLINE
8
Flux traps
70
1
40
0
41
0
66
1
0
VERTEX
8
Flux traps
10
-1885
20
1015
0
VERTEX
8
Flux traps
10
-1885
20
1035
0
VERTEX
8
Flux traps
10
-1865
20
1035
0
VERTEX
8
Flux traps
10
-1865
20
1015
0
SEQEND
0
POLYLINE
8
Flux traps
70
1
40
0
41
0
66
1
0
VERTEX
8
Flux traps
10
-1935
20
1015
0
VERTEX
8
Flux traps
10
-1935
20
1035
0
VERTEX
8
Flux traps
10
-1915
20
1035
0
VERTEX
8
Flux traps
10
-1915
20
1015
0
SEQEND
0
POLYLINE
8
Flux traps
70
1
40
0
41
0
66
1
0
VERTEX
8
Flux traps
10
-1685
20
1015
0
VERTEX
8
Flux traps
10
-1685
20
1035
0
VERTEX
8
Flux traps
10
-1665
20
1035
0
VERTEX
8
Flux traps
10
-1665
20
1015
0
SEQEND
0
POLYLINE
8
Flux traps
70
1
40
0
41
0
66
1
0
VERTEX
8
Flux traps
10
-1735
20
1015
0
VERTEX
8
Flux traps
10
-1735
20
1035
0
VERTEX
8
Flux traps
10
-1715
20
1035
0
VERTEX
8
Flux traps
10
-1715
20
1015
0
SEQEND
0
POLYLINE
8
Flux traps
70
1
40
0
41
0
66
1
0
VERTEX
8
Flux traps
10
-1685
20
865
0
VERTEX
8
Flux traps
10
-1685
20
885
0
VERTEX
8
Flux traps
10
-1665
20
885
0
VERTEX
8
Flux traps
10
-1665
20
865
0
SEQEND
0
POLYLINE
8
Flux traps
70
1
40
0
41
0
66
1
0
VERTEX
8
Flux traps
10
-1735
20
865
0
VERTEX
8
Flux traps
10
-1735
20
885
0
VERTEX
8
Flux traps
10
-1715
20
885
0
VERTEX
8
Flux traps
10
-1715
20
865
0
SEQEND
0
POLYLINE
8
Flux traps
70
1
40
0
41
0
66
1
0
VERTEX
8
Flux traps
10
-1785
20
865
0
VERTEX
8
Flux traps
10
-1785
20
885
0
VERTEX
8
Flux traps
10
-1765
20
885
0
VERTEX
8
Flux traps
10
-1765
20
865
0
SEQEND
0
POLYLINE
8
Flux traps
70
1
40
0
41
0
66
1
0
VERTEX
8
Flux traps
10
-1835
20
865
0
VERTEX
8
Flux traps
10
-1835
20
885
0
VERTEX
8
Flux traps
10
-1815
20
885
0
VERTEX
8
Flux traps
10
-1815
20
865
0
SEQEND
0
POLYLINE
8
Flux traps
70
1
40
0
41
0
66
1
0
VERTEX
8
Flux traps
10
-1985
20
865
0
VERTEX
8
Flux traps
10
-1985
20
885
0
VERTEX
8
Flux traps
10
-1965
20
885
0
VERTEX
8
Flux traps
10
-1965
20
865
0
SEQEND
0
POLYLINE
8
Flux traps
70
1
40
0
41
0
66
1
0
VERTEX
8
Flux traps
10
-2035
20
865
0
VERTEX
8
Flux traps
10
-2035
20
885
0
VERTEX
8
Flux traps
10
-2015
20
885
0
VERTEX
8
Flux traps
10
-2015
20
865
0
SEQEND
0
POLYLINE
8
Flux traps
70
1
40
0
41
0
66
1
0
VERTEX
8
Flux traps
10
-2085
20
865
0
VERTEX
8
Flux traps
10
-2085
20
885
0
VERTEX
8
Flux traps
10
-2065
20
885
0
VERTEX
8
Flux traps
10
-2065
20
865
0
SEQEND
0
POLYLINE
8
Flux traps
70
1
40
0
41
0
66
1
0
VERTEX
8
Flux traps
10
-1785
20
1015
0
VERTEX
8
Flux traps
10
-1785
20
1035
0
VERTEX
8
Flux traps
10
-1765
20
1035
0
VERTEX
8
Flux traps
10
-1765
20
1015
0
SEQEND
0
POLYLINE
8
Flux traps
70
1
40
0
41
0
66
1
0
VERTEX
8
Flux traps
10
-2035
20
965
0
VERTEX
8
Flux traps
10
-2035
20
985
0
VERTEX
8
Flux traps
10
-2015
20
985
0
VERTEX
8
Flux traps
10
-2015
20
965
0
SEQEND
0
POLYLINE
8
Flux traps
70
1
40
0
41
0
66
1
0
VERTEX
8
Flux traps
10
-2085
20
965
0
VERTEX
8
Flux traps
10
-2085
20
985
0
VERTEX
8
Flux traps
10
-2065
20
985
0
VERTEX
8
Flux traps
10
-2065
20
965
0
SEQEND
0
POLYLINE
8
Flux traps
70
1
40
0
41
0
66
1
0
VERTEX
8
Flux traps
10
-1585
20
865
0
VERTEX
8
Flux traps
10
-1585
20
885
0
VERTEX
8
Flux traps
10
-1565
20
885
0
VERTEX
8
Flux traps
10
-1565
20
865
0
SEQEND
0
POLYLINE
8
Flux traps
70
1
40
0
41
0
66
1
0
VERTEX
8
Flux traps
10
-1635
20
865
0
VERTEX
8
Flux traps
10
-1635
20
885
0
VERTEX
8
Flux traps
10
-1615
20
885
0
VERTEX
8
Flux traps
10
-1615
20
865
0
SEQEND
0
POLYLINE
8
Flux traps
70
1
40
0
41
0
66
1
0
VERTEX
8
Flux traps
10
-2035
20
1015
0
VERTEX
8
Flux traps
10
-2035
20
1035
0
VERTEX
8
Flux traps
10
-2015
20
1035
0
VERTEX
8
Flux traps
10
-2015
20
1015
0
SEQEND
0
POLYLINE
8
Flux traps
70
1
40
0
41
0
66
1
0
VERTEX
8
Flux traps
10
-2085
20
1015
0
VERTEX
8
Flux traps
10
-2085
20
1035
0
VERTEX
8
Flux traps
10
-2065
20
1035
0
VERTEX
8
Flux traps
10
-2065
20
1015
0
SEQEND
0
POLYLINE
8
Flux traps
70
1
40
0
41
0
66
1
0
VERTEX
8
Flux traps
10
-1585
20
915
0
VERTEX
8
Flux traps
10
-1585
20
935
0
VERTEX
8
Flux traps
10
-1565
20
935
0
VERTEX
8
Flux traps
10
-1565
20
915
0
SEQEND
0
POLYLINE
8
Flux traps
70
1
40
0
41
0
66
1
0
VERTEX
8
Flux traps
10
-1685
20
965
0
VERTEX
8
Flux traps
10
-1685
20
985
0
VERTEX
8
Flux traps
10
-1665
20
985
0
VERTEX
8
Flux traps
10
-1665
20
965
0
SEQEND
0
POLYLINE
8
Flux traps
70
1
40
0
41
0
66
1
0
VERTEX
8
Flux traps
10
-1735
20
965
0
VERTEX
8
Flux traps
10
-1735
20
985
0
VERTEX
8
Flux traps
10
-1715
20
985
0
VERTEX
8
Flux traps
10
-1715
20
965
0
SEQEND
0
POLYLINE
8
Flux traps
70
1
40
0
41
0
66
1
0
VERTEX
8
Flux traps
10
-1785
20
965
0
VERTEX
8
Flux traps
10
-1785
20
985
0
VERTEX
8
Flux traps
10
-1765
20
985
0
VERTEX
8
Flux traps
10
-1765
20
965
0
SEQEND
0
POLYLINE
8
Flux traps
70
1
40
0
41
0
66
1
0
VERTEX
8
Flux traps
10
-1635
20
915
0
VERTEX
8
Flux traps
10
-1635
20
935
0
VERTEX
8
Flux traps
10
-1615
20
935
0
VERTEX
8
Flux traps
10
-1615
20
915
0
SEQEND
0
POLYLINE
8
Flux traps
70
1
40
0
41
0
66
1
0
VERTEX
8
Flux traps
10
-1585
20
965
0
VERTEX
8
Flux traps
10
-1585
20
985
0
VERTEX
8
Flux traps
10
-1565
20
985
0
VERTEX
8
Flux traps
10
-1565
20
965
0
SEQEND
0
POLYLINE
8
Flux traps
70
1
40
0
41
0
66
1
0
VERTEX
8
Flux traps
10
-1635
20
965
0
VERTEX
8
Flux traps
10
-1635
20
985
0
VERTEX
8
Flux traps
10
-1615
20
985
0
VERTEX
8
Flux traps
10
-1615
20
965
0
SEQEND
0
POLYLINE
8
Flux traps
70
1
40
0
41
0
66
1
0
VERTEX
8
Flux traps
10
-1585
20
1015
0
VERTEX
8
Flux traps
10
-1585
20
1035
0
VERTEX
8
Flux traps
10
-1565
20
1035
0
VERTEX
8
Flux traps
10
-1565
20
1015
0
SEQEND
0
POLYLINE
8
Flux traps
70
1
40
0
41
0
66
1
0
VERTEX
8
Flux traps
10
-1635
20
1015
0
VERTEX
8
Flux traps
10
-1635
20
1035
0
VERTEX
8
Flux traps
10
-1615
20
1035
0
VERTEX
8
Flux traps
10
-1615
20
1015
0
SEQEND
0
POLYLINE
8
Flux traps
70
1
40
0
41
0
66
1
0
VERTEX
8
Flux traps
10
-1835
20
1015
0
VERTEX
8
Flux traps
10
-1835
20
1035
0
VERTEX
8
Flux traps
10
-1815
20
1035
0
VERTEX
8
Flux traps
10
-1815
20
1015
0
SEQEND
0
POLYLINE
8
Flux traps
70
1
40
0
41
0
66
1
0
VERTEX
8
Flux traps
10
-1985
20
1015
0
VERTEX
8
Flux traps
10
-1985
20
1035
0
VERTEX
8
Flux traps
10
-1965
20
1035
0
VERTEX
8
Flux traps
10
-1965
20
1015
0
SEQEND
0
POLYLINE
8
Flux traps
70
1
40
0
41
0
66
1
0
VERTEX
8
Flux traps
10
-1885
20
865
0
VERTEX
8
Flux traps
10
-1885
20
885
0
VERTEX
8
Flux traps
10
-1865
20
885
0
VERTEX
8
Flux traps
10
-1865
20
865
0
SEQEND
0
POLYLINE
8
Flux traps
70
1
40
0
41
0
66
1
0
VERTEX
8
Flux traps
10
-1685
20
915
0
VERTEX
8
Flux traps
10
-1685
20
935
0
VERTEX
8
Flux traps
10
-1665
20
935
0
VERTEX
8
Flux traps
10
-1665
20
915
0
SEQEND
0
POLYLINE
8
Flux traps
70
1
40
0
41
0
66
1
0
VERTEX
8
Flux traps
10
-1735
20
915
0
VERTEX
8
Flux traps
10
-1735
20
935
0
VERTEX
8
Flux traps
10
-1715
20
935
0
VERTEX
8
Flux traps
10
-1715
20
915
0
SEQEND
0
POLYLINE
8
Flux traps
70
1
40
0
41
0
66
1
0
VERTEX
8
Flux traps
10
-1785
20
915
0
VERTEX
8
Flux traps
10
-1785
20
935
0
VERTEX
8
Flux traps
10
-1765
20
935
0
VERTEX
8
Flux traps
10
-1765
20
915
0
SEQEND
0
POLYLINE
8
Flux traps
70
1
40
0
41
0
66
1
0
VERTEX
8
Flux traps
10
-1835
20
915
0
VERTEX
8
Flux traps
10
-1835
20
935
0
VERTEX
8
Flux traps
10
-1815
20
935
0
VERTEX
8
Flux traps
10
-1815
20
915
0
SEQEND
0
POLYLINE
8
Flux traps
70
1
40
0
41
0
66
1
0
VERTEX
8
Flux traps
10
-1985
20
915
0
VERTEX
8
Flux traps
10
-1985
20
935
0
VERTEX
8
Flux traps
10
-1965
20
935
0
VERTEX
8
Flux traps
10
-1965
20
915
0
SEQEND
0
POLYLINE
8
Flux traps
70
1
40
0
41
0
66
1
0
VERTEX
8
Flux traps
10
-2035
20
915
0
VERTEX
8
Flux traps
10
-2035
20
935
0
VERTEX
8
Flux traps
10
-2015
20
935
0
VERTEX
8
Flux traps
10
-2015
20
915
0
SEQEND
0
POLYLINE
8
Flux traps
70
1
40
0
41
0
66
1
0
VERTEX
8
Flux traps
10
-2085
20
915
0
VERTEX
8
Flux traps
10
-2085
20
935
0
VERTEX
8
Flux traps
10
-2065
20
935
0
VERTEX
8
Flux traps
10
-2065
20
915
0
SEQEND
0
POLYLINE
8
Flux traps
70
1
40
0
41
0
66
1
0
VERTEX
8
Flux traps
10
-1835
20
965
0
VERTEX
8
Flux traps
10
-1835
20
985
0
VERTEX
8
Flux traps
10
-1815
20
985
0
VERTEX
8
Flux traps
10
-1815
20
965
0
SEQEND
0
POLYLINE
8
Flux traps
70
1
40
0
41
0
66
1
0
VERTEX
8
Flux traps
10
-1985
20
965
0
VERTEX
8
Flux traps
10
-1985
20
985
0
VERTEX
8
Flux traps
10
-1965
20
985
0
VERTEX
8
Flux traps
10
-1965
20
965
0
SEQEND
0
POLYLINE
8
Flux traps
70
1
40
0
41
0
66
1
0
VERTEX
8
Flux traps
10
-1835
20
615
0
VERTEX
8
Flux traps
10
-1835
20
635
0
VERTEX
8
Flux traps
10
-1815
20
635
0
VERTEX
8
Flux traps
10
-1815
20
615
0
SEQEND
0
POLYLINE
8
Flux traps
70
1
40
0
41
0
66
1
0
VERTEX
8
Flux traps
10
-1985
20
615
0
VERTEX
8
Flux traps
10
-1985
20
635
0
VERTEX
8
Flux traps
10
-1965
20
635
0
VERTEX
8
Flux traps
10
-1965
20
615
0
SEQEND
0
POLYLINE
8
Flux traps
70
1
40
0
41
0
66
1
0
VERTEX
8
Flux traps
10
-2035
20
615
0
VERTEX
8
Flux traps
10
-2035
20
635
0
VERTEX
8
Flux traps
10
-2015
20
635
0
VERTEX
8
Flux traps
10
-2015
20
615
0
SEQEND
0
POLYLINE
8
Flux traps
70
1
40
0
41
0
66
1
0
VERTEX
8
Flux traps
10
-2085
20
615
0
VERTEX
8
Flux traps
10
-2085
20
635
0
VERTEX
8
Flux traps
10
-2065
20
635
0
VERTEX
8
Flux traps
10
-2065
20
615
0
SEQEND
0
POLYLINE
8
Flux traps
70
1
40
0
41
0
66
1
0
VERTEX
8
Flux traps
10
-1685
20
765
0
VERTEX
8
Flux traps
10
-1685
20
785
0
VERTEX
8
Flux traps
10
-1665
20
785
0
VERTEX
8
Flux traps
10
-1665
20
765
0
SEQEND
0
POLYLINE
8
Flux traps
70
1
40
0
41
0
66
1
0
VERTEX
8
Flux traps
10
-1735
20
765
0
VERTEX
8
Flux traps
10
-1735
20
785
0
VERTEX
8
Flux traps
10
-1715
20
785
0
VERTEX
8
Flux traps
10
-1715
20
765
0
SEQEND
0
POLYLINE
8
Flux traps
70
1
40
0
41
0
66
1
0
VERTEX
8
Flux traps
10
-1785
20
765
0
VERTEX
8
Flux traps
10
-1785
20
785
0
VERTEX
8
Flux traps
10
-1765
20
785
0
VERTEX
8
Flux traps
10
-1765
20
765
0
SEQEND
0
POLYLINE
8
Flux traps
70
1
40
0
41
0
66
1
0
VERTEX
8
Flux traps
10
-1835
20
765
0
VERTEX
8
Flux traps
10
-1835
20
785
0
VERTEX
8
Flux traps
10
-1815
20
785
0
VERTEX
8
Flux traps
10
-1815
20
765
0
SEQEND
0
POLYLINE
8
Flux traps
70
1
40
0
41
0
66
1
0
VERTEX
8
Flux traps
10
-1985
20
765
0
VERTEX
8
Flux traps
10
-1985
20
785
0
VERTEX
8
Flux traps
10
-1965
20
785
0
VERTEX
8
Flux traps
10
-1965
20
765
0
SEQEND
0
POLYLINE
8
Flux traps
70
1
40
0
41
0
66
1
0
VERTEX
8
Flux traps
10
-2035
20
765
0
VERTEX
8
Flux traps
10
-2035
20
785
0
VERTEX
8
Flux traps
10
-2015
20
785
0
VERTEX
8
Flux traps
10
-2015
20
765
0
SEQEND
0
POLYLINE
8
Flux traps
70
1
40
0
41
0
66
1
0
VERTEX
8
Flux traps
10
-2085
20
765
0
VERTEX
8
Flux traps
10
-2085
20
785
0
VERTEX
8
Flux traps
10
-2065
20
785
0
VERTEX
8
Flux traps
10
-2065
20
765
0
SEQEND
0
POLYLINE
8
Flux traps
70
1
40
0
41
0
66
1
0
VERTEX
8
Flux traps
10
-1935
20
665
0
VERTEX
8
Flux traps
10
-1935
20
685
0
VERTEX
8
Flux traps
10
-1915
20
685
0
VERTEX
8
Flux traps
10
-1915
20
665
0
SEQEND
0
POLYLINE
8
Flux traps
70
1
40
0
41
0
66
1
0
VERTEX
8
Flux traps
10
-1835
20
665
0
VERTEX
8
Flux traps
10
-1835
20
685
0
VERTEX
8
Flux traps
10
-1815
20
685
0
VERTEX
8
Flux traps
10
-1815
20
665
0
SEQEND
0
POLYLINE
8
Flux traps
70
1
40
0
41
0
66
1
0
VERTEX
8
Flux traps
10
-1985
20
665
0
VERTEX
8
Flux traps
10
-1985
20
685
0
VERTEX
8
Flux traps
10
-1965
20
685
0
VERTEX
8
Flux traps
10
-1965
20
665
0
SEQEND
0
POLYLINE
8
Flux traps
70
1
40
0
41
0
66
1
0
VERTEX
8
Flux traps
10
-2035
20
665
0
VERTEX
8
Flux traps
10
-2035
20
685
0
VERTEX
8
Flux traps
10
-2015
20
685
0
VERTEX
8
Flux traps
10
-2015
20
665
0
SEQEND
0
POLYLINE
8
Flux traps
70
1
40
0
41
0
66
1
0
VERTEX
8
Flux traps
10
-2085
20
665
0
VERTEX
8
Flux traps
10
-2085
20
685
0
VERTEX
8
Flux traps
10
-2065
20
685
0
VERTEX
8
Flux traps
10
-2065
20
665
0
SEQEND
0
POLYLINE
8
Flux traps
70
1
40
0
41
0
66
1
0
VERTEX
8
Flux traps
10
-1885
20
715
0
VERTEX
8
Flux traps
10
-1885
20
735
0
VERTEX
8
Flux traps
10
-1865
20
735
0
VERTEX
8
Flux traps
10
-1865
20
715
0
SEQEND
0
POLYLINE
8
Flux traps
70
1
40
0
41
0
66
1
0
VERTEX
8
Flux traps
10
-1935
20
715
0
VERTEX
8
Flux traps
10
-1935
20
735
0
VERTEX
8
Flux traps
10
-1915
20
735
0
VERTEX
8
Flux traps
10
-1915
20
715
0
SEQEND
0
POLYLINE
8
Flux traps
70
1
40
0
41
0
66
1
0
VERTEX
8
Flux traps
10
-1885
20
765
0
VERTEX
8
Flux traps
10
-1885
20
785
0
VERTEX
8
Flux traps
10
-1865
20
785
0
VERTEX
8
Flux traps
10
-1865
20
765
0
SEQEND
0
POLYLINE
8
Flux traps
70
1
40
0
41
0
66
1
0
VERTEX
8
Flux traps
10
-1935
20
765
0
VERTEX
8
Flux traps
10
-1935
20
785
0
VERTEX
8
Flux traps
10
-1915
20
785
0
VERTEX
8
Flux traps
10
-1915
20
765
0
SEQEND
0
POLYLINE
8
Flux traps
70
1
40
0
41
0
66
1
0
VERTEX
8
Flux traps
10
-1685
20
715
0
VERTEX
8
Flux traps
10
-1685
20
735
0
VERTEX
8
Flux traps
10
-1665
20
735
0
VERTEX
8
Flux traps
10
-1665
20
715
0
SEQEND
0
POLYLINE
8
Flux traps
70
1
40
0
41
0
66
1
0
VERTEX
8
Flux traps
10
-1735
20
715
0
VERTEX
8
Flux traps
10
-1735
20
735
0
VERTEX
8
Flux traps
10
-1715
20
735
0
VERTEX
8
Flux traps
10
-1715
20
715
0
SEQEND
0
POLYLINE
8
Flux traps
70
1
40
0
41
0
66
1
0
VERTEX
8
Flux traps
10
-1785
20
715
0
VERTEX
8
Flux traps
10
-1785
20
735
0
VERTEX
8
Flux traps
10
-1765
20
735
0
VERTEX
8
Flux traps
10
-1765
20
715
0
SEQEND
0
POLYLINE
8
Flux traps
70
1
40
0
41
0
66
1
0
VERTEX
8
Flux traps
10
-1835
20
715
0
VERTEX
8
Flux traps
10
-1835
20
735
0
VERTEX
8
Flux traps
10
-1815
20
735
0
VERTEX
8
Flux traps
10
-1815
20
715
0
SEQEND
0
POLYLINE
8
Flux traps
70
1
40
0
41
0
66
1
0
VERTEX
8
Flux traps
10
-1985
20
715
0
VERTEX
8
Flux traps
10
-1985
20
735
0
VERTEX
8
Flux traps
10
-1965
20
735
0
VERTEX
8
Flux traps
10
-1965
20
715
0
SEQEND
0
POLYLINE
8
Flux traps
70
1
40
0
41
0
66
1
0
VERTEX
8
Flux traps
10
-2035
20
715
0
VERTEX
8
Flux traps
10
-2035
20
735
0
VERTEX
8
Flux traps
10
-2015
20
735
0
VERTEX
8
Flux traps
10
-2015
20
715
0
SEQEND
0
POLYLINE
8
Flux traps
70
1
40
0
41
0
66
1
0
VERTEX
8
Flux traps
10
-2085
20
715
0
VERTEX
8
Flux traps
10
-2085
20
735
0
VERTEX
8
Flux traps
10
-2065
20
735
0
VERTEX
8
Flux traps
10
-2065
20
715
0
SEQEND
0
POLYLINE
8
Flux traps
70
1
40
0
41
0
66
1
0
VERTEX
8
Flux traps
10
-1885
20
615
0
VERTEX
8
Flux traps
10
-1885
20
635
0
VERTEX
8
Flux traps
10
-1865
20
635
0
VERTEX
8
Flux traps
10
-1865
20
615
0
SEQEND
0
POLYLINE
8
Flux traps
70
1
40
0
41
0
66
1
0
VERTEX
8
Flux traps
10
-1585
20
615
0
VERTEX
8
Flux traps
10
-1585
20
635
0
VERTEX
8
Flux traps
10
-1565
20
635
0
VERTEX
8
Flux traps
10
-1565
20
615
0
SEQEND
0
POLYLINE
8
Flux traps
70
1
40
0
41
0
66
1
0
VERTEX
8
Flux traps
10
-1635
20
615
0
VERTEX
8
Flux traps
10
-1635
20
635
0
VERTEX
8
Flux traps
10
-1615
20
635
0
VERTEX
8
Flux traps
10
-1615
20
615
0
SEQEND
0
POLYLINE
8
Flux traps
70
1
40
0
41
0
66
1
0
VERTEX
8
Flux traps
10
-1585
20
665
0
VERTEX
8
Flux traps
10
-1585
20
685
0
VERTEX
8
Flux traps
10
-1565
20
685
0
VERTEX
8
Flux traps
10
-1565
20
665
0
SEQEND
0
POLYLINE
8
Flux traps
70
1
40
0
41
0
66
1
0
VERTEX
8
Flux traps
10
-1635
20
665
0
VERTEX
8
Flux traps
10
-1635
20
685
0
VERTEX
8
Flux traps
10
-1615
20
685
0
VERTEX
8
Flux traps
10
-1615
20
665
0
SEQEND
0
POLYLINE
8
Flux traps
70
1
40
0
41
0
66
1
0
VERTEX
8
Flux traps
10
-1585
20
715
0
VERTEX
8
Flux traps
10
-1585
20
735
0
VERTEX
8
Flux traps
10
-1565
20
735
0
VERTEX
8
Flux traps
10
-1565
20
715
0
SEQEND
0
POLYLINE
8
Flux traps
70
1
40
0
41
0
66
1
0
VERTEX
8
Flux traps
10
-1635
20
715
0
VERTEX
8
Flux traps
10
-1635
20
735
0
VERTEX
8
Flux traps
10
-1615
20
735
0
VERTEX
8
Flux traps
10
-1615
20
715
0
SEQEND
0
POLYLINE
8
Flux traps
70
1
40
0
41
0
66
1
0
VERTEX
8
Flux traps
10
-1585
20
765
0
VERTEX
8
Flux traps
10
-1585
20
785
0
VERTEX
8
Flux traps
10
-1565
20
785
0
VERTEX
8
Flux traps
10
-1565
20
765
0
SEQEND
0
POLYLINE
8
Flux traps
70
1
40
0
41
0
66
1
0
VERTEX
8
Flux traps
10
-1635
20
765
0
VERTEX
8
Flux traps
10
-1635
20
785
0
VERTEX
8
Flux traps
10
-1615
20
785
0
VERTEX
8
Flux traps
10
-1615
20
765
0
SEQEND
0
POLYLINE
8
Flux traps
70
1
40
0
41
0
66
1
0
VERTEX
8
Flux traps
10
-1935
20
615
0
VERTEX
8
Flux traps
10
-1935
20
635
0
VERTEX
8
Flux traps
10
-1915
20
635
0
VERTEX
8
Flux traps
10
-1915
20
615
0
SEQEND
0
POLYLINE
8
Flux traps
70
1
40
0
41
0
66
1
0
VERTEX
8
Flux traps
10
-1885
20
665
0
VERTEX
8
Flux traps
10
-1885
20
685
0
VERTEX
8
Flux traps
10
-1865
20
685
0
VERTEX
8
Flux traps
10
-1865
20
665
0
SEQEND
0
POLYLINE
8
Flux traps
70
1
40
0
41
0
66
1
0
VERTEX
8
Flux traps
10
-1685
20
665
0
VERTEX
8
Flux traps
10
-1685
20
685
0
VERTEX
8
Flux traps
10
-1665
20
685
0
VERTEX
8
Flux traps
10
-1665
20
665
0
SEQEND
0
POLYLINE
8
Flux traps
70
1
40
0
41
0
66
1
0
VERTEX
8
Flux traps
10
-1735
20
665
0
VERTEX
8
Flux traps
10
-1735
20
685
0
VERTEX
8
Flux traps
10
-1715
20
685
0
VERTEX
8
Flux traps
10
-1715
20
665
0
SEQEND
0
POLYLINE
8
Flux traps
70
1
40
0
41
0
66
1
0
VERTEX
8
Flux traps
10
-1785
20
665
0
VERTEX
8
Flux traps
10
-1785
20
685
0
VERTEX
8
Flux traps
10
-1765
20
685
0
VERTEX
8
Flux traps
10
-1765
20
665
0
SEQEND
0
POLYLINE
8
Flux traps
70
1
40
0
41
0
66
1
0
VERTEX
8
Flux traps
10
-1685
20
615
0
VERTEX
8
Flux traps
10
-1685
20
635
0
VERTEX
8
Flux traps
10
-1665
20
635
0
VERTEX
8
Flux traps
10
-1665
20
615
0
SEQEND
0
POLYLINE
8
Flux traps
70
1
40
0
41
0
66
1
0
VERTEX
8
Flux traps
10
-1735
20
615
0
VERTEX
8
Flux traps
10
-1735
20
635
0
VERTEX
8
Flux traps
10
-1715
20
635
0
VERTEX
8
Flux traps
10
-1715
20
615
0
SEQEND
0
POLYLINE
8
Flux traps
70
1
40
0
41
0
66
1
0
VERTEX
8
Flux traps
10
-1785
20
615
0
VERTEX
8
Flux traps
10
-1785
20
635
0
VERTEX
8
Flux traps
10
-1765
20
635
0
VERTEX
8
Flux traps
10
-1765
20
615
0
SEQEND
0
POLYLINE
8
Flux traps
70
1
40
0
41
0
66
1
0
VERTEX
8
Flux traps
10
-1135
20
765
0
VERTEX
8
Flux traps
10
-1135
20
785
0
VERTEX
8
Flux traps
10
-1115
20
785
0
VERTEX
8
Flux traps
10
-1115
20
765
0
SEQEND
0
POLYLINE
8
Flux traps
70
1
40
0
41
0
66
1
0
VERTEX
8
Flux traps
10
-1185
20
765
0
VERTEX
8
Flux traps
10
-1185
20
785
0
VERTEX
8
Flux traps
10
-1165
20
785
0
VERTEX
8
Flux traps
10
-1165
20
765
0
SEQEND
0
POLYLINE
8
Flux traps
70
1
40
0
41
0
66
1
0
VERTEX
8
Flux traps
10
-1235
20
765
0
VERTEX
8
Flux traps
10
-1235
20
785
0
VERTEX
8
Flux traps
10
-1215
20
785
0
VERTEX
8
Flux traps
10
-1215
20
765
0
SEQEND
0
POLYLINE
8
Flux traps
70
1
40
0
41
0
66
1
0
VERTEX
8
Flux traps
10
-1385
20
765
0
VERTEX
8
Flux traps
10
-1385
20
785
0
VERTEX
8
Flux traps
10
-1365
20
785
0
VERTEX
8
Flux traps
10
-1365
20
765
0
SEQEND
0
POLYLINE
8
Flux traps
70
1
40
0
41
0
66
1
0
VERTEX
8
Flux traps
10
-1435
20
765
0
VERTEX
8
Flux traps
10
-1435
20
785
0
VERTEX
8
Flux traps
10
-1415
20
785
0
VERTEX
8
Flux traps
10
-1415
20
765
0
SEQEND
0
POLYLINE
8
Flux traps
70
1
40
0
41
0
66
1
0
VERTEX
8
Flux traps
10
-1485
20
765
0
VERTEX
8
Flux traps
10
-1485
20
785
0
VERTEX
8
Flux traps
10
-1465
20
785
0
VERTEX
8
Flux traps
10
-1465
20
765
0
SEQEND
0
POLYLINE
8
Flux traps
70
1
40
0
41
0
66
1
0
VERTEX
8
Flux traps
10
-1535
20
765
0
VERTEX
8
Flux traps
10
-1535
20
785
0
VERTEX
8
Flux traps
10
-1515
20
785
0
VERTEX
8
Flux traps
10
-1515
20
765
0
SEQEND
0
POLYLINE
8
Flux traps
70
1
40
0
41
0
66
1
0
VERTEX
8
Flux traps
10
-1135
20
615
0
VERTEX
8
Flux traps
10
-1135
20
635
0
VERTEX
8
Flux traps
10
-1115
20
635
0
VERTEX
8
Flux traps
10
-1115
20
615
0
SEQEND
0
POLYLINE
8
Flux traps
70
1
40
0
41
0
66
1
0
VERTEX
8
Flux traps
10
-1085
20
665
0
VERTEX
8
Flux traps
10
-1085
20
685
0
VERTEX
8
Flux traps
10
-1065
20
685
0
VERTEX
8
Flux traps
10
-1065
20
665
0
SEQEND
0
POLYLINE
8
Flux traps
70
1
40
0
41
0
66
1
0
VERTEX
8
Flux traps
10
-1285
20
765
0
VERTEX
8
Flux traps
10
-1285
20
785
0
VERTEX
8
Flux traps
10
-1265
20
785
0
VERTEX
8
Flux traps
10
-1265
20
765
0
SEQEND
0
POLYLINE
8
Flux traps
70
1
40
0
41
0
66
1
0
VERTEX
8
Flux traps
10
-1335
20
765
0
VERTEX
8
Flux traps
10
-1335
20
785
0
VERTEX
8
Flux traps
10
-1315
20
785
0
VERTEX
8
Flux traps
10
-1315
20
765
0
SEQEND
0
POLYLINE
8
Flux traps
70
1
40
0
41
0
66
1
0
VERTEX
8
Flux traps
10
-1085
20
715
0
VERTEX
8
Flux traps
10
-1085
20
735
0
VERTEX
8
Flux traps
10
-1065
20
735
0
VERTEX
8
Flux traps
10
-1065
20
715
0
SEQEND
0
POLYLINE
8
Flux traps
70
1
40
0
41
0
66
1
0
VERTEX
8
Flux traps
10
-1135
20
715
0
VERTEX
8
Flux traps
10
-1135
20
735
0
VERTEX
8
Flux traps
10
-1115
20
735
0
VERTEX
8
Flux traps
10
-1115
20
715
0
SEQEND
0
POLYLINE
8
Flux traps
70
1
40
0
41
0
66
1
0
VERTEX
8
Flux traps
10
-1185
20
715
0
VERTEX
8
Flux traps
10
-1185
20
735
0
VERTEX
8
Flux traps
10
-1165
20
735
0
VERTEX
8
Flux traps
10
-1165
20
715
0
SEQEND
0
POLYLINE
8
Flux traps
70
1
40
0
41
0
66
1
0
VERTEX
8
Flux traps
10
-1235
20
715
0
VERTEX
8
Flux traps
10
-1235
20
735
0
VERTEX
8
Flux traps
10
-1215
20
735
0
VERTEX
8
Flux traps
10
-1215
20
715
0
SEQEND
0
POLYLINE
8
Flux traps
70
1
40
0
41
0
66
1
0
VERTEX
8
Flux traps
10
-1285
20
715
0
VERTEX
8
Flux traps
10
-1285
20
735
0
VERTEX
8
Flux traps
10
-1265
20
735
0
VERTEX
8
Flux traps
10
-1265
20
715
0
SEQEND
0
POLYLINE
8
Flux traps
70
1
40
0
41
0
66
1
0
VERTEX
8
Flux traps
10
-1185
20
615
0
VERTEX
8
Flux traps
10
-1185
20
635
0
VERTEX
8
Flux traps
10
-1165
20
635
0
VERTEX
8
Flux traps
10
-1165
20
615
0
SEQEND
0
POLYLINE
8
Flux traps
70
1
40
0
41
0
66
1
0
VERTEX
8
Flux traps
10
-1235
20
615
0
VERTEX
8
Flux traps
10
-1235
20
635
0
VERTEX
8
Flux traps
10
-1215
20
635
0
VERTEX
8
Flux traps
10
-1215
20
615
0
SEQEND
0
POLYLINE
8
Flux traps
70
1
40
0
41
0
66
1
0
VERTEX
8
Flux traps
10
-1285
20
615
0
VERTEX
8
Flux traps
10
-1285
20
635
0
VERTEX
8
Flux traps
10
-1265
20
635
0
VERTEX
8
Flux traps
10
-1265
20
615
0
SEQEND
0
POLYLINE
8
Flux traps
70
1
40
0
41
0
66
1
0
VERTEX
8
Flux traps
10
-1335
20
615
0
VERTEX
8
Flux traps
10
-1335
20
635
0
VERTEX
8
Flux traps
10
-1315
20
635
0
VERTEX
8
Flux traps
10
-1315
20
615
0
SEQEND
0
POLYLINE
8
Flux traps
70
1
40
0
41
0
66
1
0
VERTEX
8
Flux traps
10
-1385
20
615
0
VERTEX
8
Flux traps
10
-1385
20
635
0
VERTEX
8
Flux traps
10
-1365
20
635
0
VERTEX
8
Flux traps
10
-1365
20
615
0
SEQEND
0
POLYLINE
8
Flux traps
70
1
40
0
41
0
66
1
0
VERTEX
8
Flux traps
10
-1135
20
665
0
VERTEX
8
Flux traps
10
-1135
20
685
0
VERTEX
8
Flux traps
10
-1115
20
685
0
VERTEX
8
Flux traps
10
-1115
20
665
0
SEQEND
0
POLYLINE
8
Flux traps
70
1
40
0
41
0
66
1
0
VERTEX
8
Flux traps
10
-1185
20
665
0
VERTEX
8
Flux traps
10
-1185
20
685
0
VERTEX
8
Flux traps
10
-1165
20
685
0
VERTEX
8
Flux traps
10
-1165
20
665
0
SEQEND
0
POLYLINE
8
Flux traps
70
1
40
0
41
0
66
1
0
VERTEX
8
Flux traps
10
-1235
20
665
0
VERTEX
8
Flux traps
10
-1235
20
685
0
VERTEX
8
Flux traps
10
-1215
20
685
0
VERTEX
8
Flux traps
10
-1215
20
665
0
SEQEND
0
POLYLINE
8
Flux traps
70
1
40
0
41
0
66
1
0
VERTEX
8
Flux traps
10
-1285
20
665
0
VERTEX
8
Flux traps
10
-1285
20
685
0
VERTEX
8
Flux traps
10
-1265
20
685
0
VERTEX
8
Flux traps
10
-1265
20
665
0
SEQEND
0
POLYLINE
8
Flux traps
70
1
40
0
41
0
66
1
0
VERTEX
8
Flux traps
10
-1335
20
665
0
VERTEX
8
Flux traps
10
-1335
20
685
0
VERTEX
8
Flux traps
10
-1315
20
685
0
VERTEX
8
Flux traps
10
-1315
20
665
0
SEQEND
0
POLYLINE
8
Flux traps
70
1
40
0
41
0
66
1
0
VERTEX
8
Flux traps
10
-1385
20
665
0
VERTEX
8
Flux traps
10
-1385
20
685
0
VERTEX
8
Flux traps
10
-1365
20
685
0
VERTEX
8
Flux traps
10
-1365
20
665
0
SEQEND
0
POLYLINE
8
Flux traps
70
1
40
0
41
0
66
1
0
VERTEX
8
Flux traps
10
-1435
20
665
0
VERTEX
8
Flux traps
10
-1435
20
685
0
VERTEX
8
Flux traps
10
-1415
20
685
0
VERTEX
8
Flux traps
10
-1415
20
665
0
SEQEND
0
POLYLINE
8
Flux traps
70
1
40
0
41
0
66
1
0
VERTEX
8
Flux traps
10
-1485
20
665
0
VERTEX
8
Flux traps
10
-1485
20
685
0
VERTEX
8
Flux traps
10
-1465
20
685
0
VERTEX
8
Flux traps
10
-1465
20
665
0
SEQEND
0
POLYLINE
8
Flux traps
70
1
40
0
41
0
66
1
0
VERTEX
8
Flux traps
10
-1535
20
665
0
VERTEX
8
Flux traps
10
-1535
20
685
0
VERTEX
8
Flux traps
10
-1515
20
685
0
VERTEX
8
Flux traps
10
-1515
20
665
0
SEQEND
0
POLYLINE
8
Flux traps
70
1
40
0
41
0
66
1
0
VERTEX
8
Flux traps
10
-1435
20
615
0
VERTEX
8
Flux traps
10
-1435
20
635
0
VERTEX
8
Flux traps
10
-1415
20
635
0
VERTEX
8
Flux traps
10
-1415
20
615
0
SEQEND
0
POLYLINE
8
Flux traps
70
1
40
0
41
0
66
1
0
VERTEX
8
Flux traps
10
-1535
20
615
0
VERTEX
8
Flux traps
10
-1535
20
635
0
VERTEX
8
Flux traps
10
-1515
20
635
0
VERTEX
8
Flux traps
10
-1515
20
615
0
SEQEND
0
POLYLINE
8
Flux traps
70
1
40
0
41
0
66
1
0
VERTEX
8
Flux traps
10
-1485
20
615
0
VERTEX
8
Flux traps
10
-1485
20
635
0
VERTEX
8
Flux traps
10
-1465
20
635
0
VERTEX
8
Flux traps
10
-1465
20
615
0
SEQEND
0
POLYLINE
8
Flux traps
70
1
40
0
41
0
66
1
0
VERTEX
8
Flux traps
10
-1335
20
715
0
VERTEX
8
Flux traps
10
-1335
20
735
0
VERTEX
8
Flux traps
10
-1315
20
735
0
VERTEX
8
Flux traps
10
-1315
20
715
0
SEQEND
0
POLYLINE
8
Flux traps
70
1
40
0
41
0
66
1
0
VERTEX
8
Flux traps
10
-1385
20
715
0
VERTEX
8
Flux traps
10
-1385
20
735
0
VERTEX
8
Flux traps
10
-1365
20
735
0
VERTEX
8
Flux traps
10
-1365
20
715
0
SEQEND
0
POLYLINE
8
Flux traps
70
1
40
0
41
0
66
1
0
VERTEX
8
Flux traps
10
-1435
20
715
0
VERTEX
8
Flux traps
10
-1435
20
735
0
VERTEX
8
Flux traps
10
-1415
20
735
0
VERTEX
8
Flux traps
10
-1415
20
715
0
SEQEND
0
POLYLINE
8
Flux traps
70
1
40
0
41
0
66
1
0
VERTEX
8
Flux traps
10
-1485
20
715
0
VERTEX
8
Flux traps
10
-1485
20
735
0
VERTEX
8
Flux traps
10
-1465
20
735
0
VERTEX
8
Flux traps
10
-1465
20
715
0
SEQEND
0
POLYLINE
8
Flux traps
70
1
40
0
41
0
66
1
0
VERTEX
8
Flux traps
10
-1535
20
715
0
VERTEX
8
Flux traps
10
-1535
20
735
0
VERTEX
8
Flux traps
10
-1515
20
735
0
VERTEX
8
Flux traps
10
-1515
20
715
0
SEQEND
0
POLYLINE
8
Flux traps
70
1
40
0
41
0
66
1
0
VERTEX
8
Flux traps
10
-1085
20
615
0
VERTEX
8
Flux traps
10
-1085
20
635
0
VERTEX
8
Flux traps
10
-1065
20
635
0
VERTEX
8
Flux traps
10
-1065
20
615
0
SEQEND
0
POLYLINE
8
Flux traps
70
1
40
0
41
0
66
1
0
VERTEX
8
Flux traps
10
-1085
20
765
0
VERTEX
8
Flux traps
10
-1085
20
785
0
VERTEX
8
Flux traps
10
-1065
20
785
0
VERTEX
8
Flux traps
10
-1065
20
765
0
SEQEND
0
POLYLINE
8
Flux traps
70
1
40
0
41
0
66
1
0
VERTEX
8
Flux traps
10
-1085
20
215
0
VERTEX
8
Flux traps
10
-1085
20
235
0
VERTEX
8
Flux traps
10
-1065
20
235
0
VERTEX
8
Flux traps
10
-1065
20
215
0
SEQEND
0
POLYLINE
8
Flux traps
70
1
40
0
41
0
66
1
0
VERTEX
8
Flux traps
10
-1135
20
215
0
VERTEX
8
Flux traps
10
-1135
20
235
0
VERTEX
8
Flux traps
10
-1115
20
235
0
VERTEX
8
Flux traps
10
-1115
20
215
0
SEQEND
0
POLYLINE
8
Flux traps
70
1
40
0
41
0
66
1
0
VERTEX
8
Flux traps
10
-1185
20
215
0
VERTEX
8
Flux traps
10
-1185
20
235
0
VERTEX
8
Flux traps
10
-1165
20
235
0
VERTEX
8
Flux traps
10
-1165
20
215
0
SEQEND
0
POLYLINE
8
Flux traps
70
1
40
0
41
0
66
1
0
VERTEX
8
Flux traps
10
-1235
20
215
0
VERTEX
8
Flux traps
10
-1235
20
235
0
VERTEX
8
Flux traps
10
-1215
20
235
0
VERTEX
8
Flux traps
10
-1215
20
215
0
SEQEND
0
POLYLINE
8
Flux traps
70
1
40
0
41
0
66
1
0
VERTEX
8
Flux traps
10
-1285
20
215
0
VERTEX
8
Flux traps
10
-1285
20
235
0
VERTEX
8
Flux traps
10
-1265
20
235
0
VERTEX
8
Flux traps
10
-1265
20
215
0
SEQEND
0
POLYLINE
8
Flux traps
70
1
40
0
41
0
66
1
0
VERTEX
8
Flux traps
10
-1085
20
265
0
VERTEX
8
Flux traps
10
-1085
20
285
0
VERTEX
8
Flux traps
10
-1065
20
285
0
VERTEX
8
Flux traps
10
-1065
20
265
0
SEQEND
0
POLYLINE
8
Flux traps
70
1
40
0
41
0
66
1
0
VERTEX
8
Flux traps
10
-1135
20
265
0
VERTEX
8
Flux traps
10
-1135
20
285
0
VERTEX
8
Flux traps
10
-1115
20
285
0
VERTEX
8
Flux traps
10
-1115
20
265
0
SEQEND
0
POLYLINE
8
Flux traps
70
1
40
0
41
0
66
1
0
VERTEX
8
Flux traps
10
-1185
20
265
0
VERTEX
8
Flux traps
10
-1185
20
285
0
VERTEX
8
Flux traps
10
-1165
20
285
0
VERTEX
8
Flux traps
10
-1165
20
265
0
SEQEND
0
POLYLINE
8
Flux traps
70
1
40
0
41
0
66
1
0
VERTEX
8
Flux traps
10
-1235
20
265
0
VERTEX
8
Flux traps
10
-1235
20
285
0
VERTEX
8
Flux traps
10
-1215
20
285
0
VERTEX
8
Flux traps
10
-1215
20
265
0
SEQEND
0
POLYLINE
8
Flux traps
70
1
40
0
41
0
66
1
0
VERTEX
8
Flux traps
10
-1285
20
265
0
VERTEX
8
Flux traps
10
-1285
20
285
0
VERTEX
8
Flux traps
10
-1265
20
285
0
VERTEX
8
Flux traps
10
-1265
20
265
0
SEQEND
0
POLYLINE
8
Flux traps
70
1
40
0
41
0
66
1
0
VERTEX
8
Flux traps
10
-1085
20
315
0
VERTEX
8
Flux traps
10
-1085
20
335
0
VERTEX
8
Flux traps
10
-1065
20
335
0
VERTEX
8
Flux traps
10
-1065
20
315
0
SEQEND
0
POLYLINE
8
Flux traps
70
1
40
0
41
0
66
1
0
VERTEX
8
Flux traps
10
-1135
20
315
0
VERTEX
8
Flux traps
10
-1135
20
335
0
VERTEX
8
Flux traps
10
-1115
20
335
0
VERTEX
8
Flux traps
10
-1115
20
315
0
SEQEND
0
POLYLINE
8
Flux traps
70
1
40
0
41
0
66
1
0
VERTEX
8
Flux traps
10
-1185
20
315
0
VERTEX
8
Flux traps
10
-1185
20
335
0
VERTEX
8
Flux traps
10
-1165
20
335
0
VERTEX
8
Flux traps
10
-1165
20
315
0
SEQEND
0
POLYLINE
8
Flux traps
70
1
40
0
41
0
66
1
0
VERTEX
8
Flux traps
10
-1235
20
315
0
VERTEX
8
Flux traps
10
-1235
20
335
0
VERTEX
8
Flux traps
10
-1215
20
335
0
VERTEX
8
Flux traps
10
-1215
20
315
0
SEQEND
0
POLYLINE
8
Flux traps
70
1
40
0
41
0
66
1
0
VERTEX
8
Flux traps
10
-1285
20
315
0
VERTEX
8
Flux traps
10
-1285
20
335
0
VERTEX
8
Flux traps
10
-1265
20
335
0
VERTEX
8
Flux traps
10
-1265
20
315
0
SEQEND
0
POLYLINE
8
Flux traps
70
1
40
0
41
0
66
1
0
VERTEX
8
Flux traps
10
-1335
20
315
0
VERTEX
8
Flux traps
10
-1335
20
335
0
VERTEX
8
Flux traps
10
-1315
20
335
0
VERTEX
8
Flux traps
10
-1315
20
315
0
SEQEND
0
POLYLINE
8
Flux traps
70
1
40
0
41
0
66
1
0
VERTEX
8
Flux traps
10
-1085
20
365
0
VERTEX
8
Flux traps
10
-1085
20
385
0
VERTEX
8
Flux traps
10
-1065
20
385
0
VERTEX
8
Flux traps
10
-1065
20
365
0
SEQEND
0
POLYLINE
8
Flux traps
70
1
40
0
41
0
66
1
0
VERTEX
8
Flux traps
10
-1135
20
365
0
VERTEX
8
Flux traps
10
-1135
20
385
0
VERTEX
8
Flux traps
10
-1115
20
385
0
VERTEX
8
Flux traps
10
-1115
20
365
0
SEQEND
0
POLYLINE
8
Flux traps
70
1
40
0
41
0
66
1
0
VERTEX
8
Flux traps
10
-1185
20
365
0
VERTEX
8
Flux traps
10
-1185
20
385
0
VERTEX
8
Flux traps
10
-1165
20
385
0
VERTEX
8
Flux traps
10
-1165
20
365
0
SEQEND
0
POLYLINE
8
Flux traps
70
1
40
0
41
0
66
1
0
VERTEX
8
Flux traps
10
-1235
20
365
0
VERTEX
8
Flux traps
10
-1235
20
385
0
VERTEX
8
Flux traps
10
-1215
20
385
0
VERTEX
8
Flux traps
10
-1215
20
365
0
SEQEND
0
POLYLINE
8
Flux traps
70
1
40
0
41
0
66
1
0
VERTEX
8
Flux traps
10
-1285
20
365
0
VERTEX
8
Flux traps
10
-1285
20
385
0
VERTEX
8
Flux traps
10
-1265
20
385
0
VERTEX
8
Flux traps
10
-1265
20
365
0
SEQEND
0
POLYLINE
8
Flux traps
70
1
40
0
41
0
66
1
0
VERTEX
8
Flux traps
10
-1335
20
365
0
VERTEX
8
Flux traps
10
-1335
20
385
0
VERTEX
8
Flux traps
10
-1315
20
385
0
VERTEX
8
Flux traps
10
-1315
20
365
0
SEQEND
0
POLYLINE
8
Flux traps
70
1
40
0
41
0
66
1
0
VERTEX
8
Flux traps
10
-1385
20
365
0
VERTEX
8
Flux traps
10
-1385
20
385
0
VERTEX
8
Flux traps
10
-1365
20
385
0
VERTEX
8
Flux traps
10
-1365
20
365
0
SEQEND
0
POLYLINE
8
Flux traps
70
1
40
0
41
0
66
1
0
VERTEX
8
Flux traps
10
-1085
20
415
0
VERTEX
8
Flux traps
10
-1085
20
435
0
VERTEX
8
Flux traps
10
-1065
20
435
0
VERTEX
8
Flux traps
10
-1065
20
415
0
SEQEND
0
POLYLINE
8
Flux traps
70
1
40
0
41
0
66
1
0
VERTEX
8
Flux traps
10
-1135
20
415
0
VERTEX
8
Flux traps
10
-1135
20
435
0
VERTEX
8
Flux traps
10
-1115
20
435
0
VERTEX
8
Flux traps
10
-1115
20
415
0
SEQEND
0
POLYLINE
8
Flux traps
70
1
40
0
41
0
66
1
0
VERTEX
8
Flux traps
10
-1185
20
415
0
VERTEX
8
Flux traps
10
-1185
20
435
0
VERTEX
8
Flux traps
10
-1165
20
435
0
VERTEX
8
Flux traps
10
-1165
20
415
0
SEQEND
0
POLYLINE
8
Flux traps
70
1
40
0
41
0
66
1
0
VERTEX
8
Flux traps
10
-1235
20
415
0
VERTEX
8
Flux traps
10
-1235
20
435
0
VERTEX
8
Flux traps
10
-1215
20
435
0
VERTEX
8
Flux traps
10
-1215
20
415
0
SEQEND
0
POLYLINE
8
Flux traps
70
1
40
0
41
0
66
1
0
VERTEX
8
Flux traps
10
-1285
20
415
0
VERTEX
8
Flux traps
10
-1285
20
435
0
VERTEX
8
Flux traps
10
-1265
20
435
0
VERTEX
8
Flux traps
10
-1265
20
415
0
SEQEND
0
POLYLINE
8
Flux traps
70
1
40
0
41
0
66
1
0
VERTEX
8
Flux traps
10
-1335
20
415
0
VERTEX
8
Flux traps
10
-1335
20
435
0
VERTEX
8
Flux traps
10
-1315
20
435
0
VERTEX
8
Flux traps
10
-1315
20
415
0
SEQEND
0
POLYLINE
8
Flux traps
70
1
40
0
41
0
66
1
0
VERTEX
8
Flux traps
10
-1385
20
415
0
VERTEX
8
Flux traps
10
-1385
20
435
0
VERTEX
8
Flux traps
10
-1365
20
435
0
VERTEX
8
Flux traps
10
-1365
20
415
0
SEQEND
0
POLYLINE
8
Flux traps
70
1
40
0
41
0
66
1
0
VERTEX
8
Flux traps
10
-1085
20
465
0
VERTEX
8
Flux traps
10
-1085
20
485
0
VERTEX
8
Flux traps
10
-1065
20
485
0
VERTEX
8
Flux traps
10
-1065
20
465
0
SEQEND
0
POLYLINE
8
Flux traps
70
1
40
0
41
0
66
1
0
VERTEX
8
Flux traps
10
-1135
20
465
0
VERTEX
8
Flux traps
10
-1135
20
485
0
VERTEX
8
Flux traps
10
-1115
20
485
0
VERTEX
8
Flux traps
10
-1115
20
465
0
SEQEND
0
POLYLINE
8
Flux traps
70
1
40
0
41
0
66
1
0
VERTEX
8
Flux traps
10
-1185
20
465
0
VERTEX
8
Flux traps
10
-1185
20
485
0
VERTEX
8
Flux traps
10
-1165
20
485
0
VERTEX
8
Flux traps
10
-1165
20
465
0
SEQEND
0
POLYLINE
8
Flux traps
70
1
40
0
41
0
66
1
0
VERTEX
8
Flux traps
10
-1235
20
465
0
VERTEX
8
Flux traps
10
-1235
20
485
0
VERTEX
8
Flux traps
10
-1215
20
485
0
VERTEX
8
Flux traps
10
-1215
20
465
0
SEQEND
0
POLYLINE
8
Flux traps
70
1
40
0
41
0
66
1
0
VERTEX
8
Flux traps
10
-1285
20
465
0
VERTEX
8
Flux traps
10
-1285
20
485
0
VERTEX
8
Flux traps
10
-1265
20
485
0
VERTEX
8
Flux traps
10
-1265
20
465
0
SEQEND
0
POLYLINE
8
Flux traps
70
1
40
0
41
0
66
1
0
VERTEX
8
Flux traps
10
-1335
20
465
0
VERTEX
8
Flux traps
10
-1335
20
485
0
VERTEX
8
Flux traps
10
-1315
20
485
0
VERTEX
8
Flux traps
10
-1315
20
465
0
SEQEND
0
POLYLINE
8
Flux traps
70
1
40
0
41
0
66
1
0
VERTEX
8
Flux traps
10
-1385
20
465
0
VERTEX
8
Flux traps
10
-1385
20
485
0
VERTEX
8
Flux traps
10
-1365
20
485
0
VERTEX
8
Flux traps
10
-1365
20
465
0
SEQEND
0
POLYLINE
8
Flux traps
70
1
40
0
41
0
66
1
0
VERTEX
8
Flux traps
10
-1435
20
465
0
VERTEX
8
Flux traps
10
-1435
20
485
0
VERTEX
8
Flux traps
10
-1415
20
485
0
VERTEX
8
Flux traps
10
-1415
20
465
0
SEQEND
0
POLYLINE
8
Flux traps
70
1
40
0
41
0
66
1
0
VERTEX
8
Flux traps
10
-1085
20
515
0
VERTEX
8
Flux traps
10
-1085
20
535
0
VERTEX
8
Flux traps
10
-1065
20
535
0
VERTEX
8
Flux traps
10
-1065
20
515
0
SEQEND
0
POLYLINE
8
Flux traps
70
1
40
0
41
0
66
1
0
VERTEX
8
Flux traps
10
-1135
20
515
0
VERTEX
8
Flux traps
10
-1135
20
535
0
VERTEX
8
Flux traps
10
-1115
20
535
0
VERTEX
8
Flux traps
10
-1115
20
515
0
SEQEND
0
POLYLINE
8
Flux traps
70
1
40
0
41
0
66
1
0
VERTEX
8
Flux traps
10
-1185
20
515
0
VERTEX
8
Flux traps
10
-1185
20
535
0
VERTEX
8
Flux traps
10
-1165
20
535
0
VERTEX
8
Flux traps
10
-1165
20
515
0
SEQEND
0
POLYLINE
8
Flux traps
70
1
40
0
41
0
66
1
0
VERTEX
8
Flux traps
10
-1235
20
515
0
VERTEX
8
Flux traps
10
-1235
20
535
0
VERTEX
8
Flux traps
10
-1215
20
535
0
VERTEX
8
Flux traps
10
-1215
20
515
0
SEQEND
0
POLYLINE
8
Flux traps
70
1
40
0
41
0
66
1
0
VERTEX
8
Flux traps
10
-1285
20
515
0
VERTEX
8
Flux traps
10
-1285
20
535
0
VERTEX
8
Flux traps
10
-1265
20
535
0
VERTEX
8
Flux traps
10
-1265
20
515
0
SEQEND
0
POLYLINE
8
Flux traps
70
1
40
0
41
0
66
1
0
VERTEX
8
Flux traps
10
-1335
20
515
0
VERTEX
8
Flux traps
10
-1335
20
535
0
VERTEX
8
Flux traps
10
-1315
20
535
0
VERTEX
8
Flux traps
10
-1315
20
515
0
SEQEND
0
POLYLINE
8
Flux traps
70
1
40
0
41
0
66
1
0
VERTEX
8
Flux traps
10
-1385
20
515
0
VERTEX
8
Flux traps
10
-1385
20
535
0
VERTEX
8
Flux traps
10
-1365
20
535
0
VERTEX
8
Flux traps
10
-1365
20
515
0
SEQEND
0
POLYLINE
8
Flux traps
70
1
40
0
41
0
66
1
0
VERTEX
8
Flux traps
10
-1435
20
515
0
VERTEX
8
Flux traps
10
-1435
20
535
0
VERTEX
8
Flux traps
10
-1415
20
535
0
VERTEX
8
Flux traps
10
-1415
20
515
0
SEQEND
0
POLYLINE
8
Flux traps
70
1
40
0
41
0
66
1
0
VERTEX
8
Flux traps
10
-1085
20
65
0
VERTEX
8
Flux traps
10
-1085
20
85
0
VERTEX
8
Flux traps
10
-1065
20
85
0
VERTEX
8
Flux traps
10
-1065
20
65
0
SEQEND
0
POLYLINE
8
Flux traps
70
1
40
0
41
0
66
1
0
VERTEX
8
Flux traps
10
-1135
20
65
0
VERTEX
8
Flux traps
10
-1135
20
85
0
VERTEX
8
Flux traps
10
-1115
20
85
0
VERTEX
8
Flux traps
10
-1115
20
65
0
SEQEND
0
POLYLINE
8
Flux traps
70
1
40
0
41
0
66
1
0
VERTEX
8
Flux traps
10
-1185
20
65
0
VERTEX
8
Flux traps
10
-1185
20
85
0
VERTEX
8
Flux traps
10
-1165
20
85
0
VERTEX
8
Flux traps
10
-1165
20
65
0
SEQEND
0
POLYLINE
8
Flux traps
70
1
40
0
41
0
66
1
0
VERTEX
8
Flux traps
10
-1085
20
115
0
VERTEX
8
Flux traps
10
-1085
20
135
0
VERTEX
8
Flux traps
10
-1065
20
135
0
VERTEX
8
Flux traps
10
-1065
20
115
0
SEQEND
0
POLYLINE
8
Flux traps
70
1
40
0
41
0
66
1
0
VERTEX
8
Flux traps
10
-1135
20
115
0
VERTEX
8
Flux traps
10
-1135
20
135
0
VERTEX
8
Flux traps
10
-1115
20
135
0
VERTEX
8
Flux traps
10
-1115
20
115
0
SEQEND
0
POLYLINE
8
Flux traps
70
1
40
0
41
0
66
1
0
VERTEX
8
Flux traps
10
-1185
20
115
0
VERTEX
8
Flux traps
10
-1185
20
135
0
VERTEX
8
Flux traps
10
-1165
20
135
0
VERTEX
8
Flux traps
10
-1165
20
115
0
SEQEND
0
POLYLINE
8
Flux traps
70
1
40
0
41
0
66
1
0
VERTEX
8
Flux traps
10
-1235
20
115
0
VERTEX
8
Flux traps
10
-1235
20
135
0
VERTEX
8
Flux traps
10
-1215
20
135
0
VERTEX
8
Flux traps
10
-1215
20
115
0
SEQEND
0
POLYLINE
8
Flux traps
70
1
40
0
41
0
66
1
0
VERTEX
8
Flux traps
10
-1085
20
165
0
VERTEX
8
Flux traps
10
-1085
20
185
0
VERTEX
8
Flux traps
10
-1065
20
185
0
VERTEX
8
Flux traps
10
-1065
20
165
0
SEQEND
0
POLYLINE
8
Flux traps
70
1
40
0
41
0
66
1
0
VERTEX
8
Flux traps
10
-1135
20
165
0
VERTEX
8
Flux traps
10
-1135
20
185
0
VERTEX
8
Flux traps
10
-1115
20
185
0
VERTEX
8
Flux traps
10
-1115
20
165
0
SEQEND
0
POLYLINE
8
Flux traps
70
1
40
0
41
0
66
1
0
VERTEX
8
Flux traps
10
-1185
20
165
0
VERTEX
8
Flux traps
10
-1185
20
185
0
VERTEX
8
Flux traps
10
-1165
20
185
0
VERTEX
8
Flux traps
10
-1165
20
165
0
SEQEND
0
POLYLINE
8
Flux traps
70
1
40
0
41
0
66
1
0
VERTEX
8
Flux traps
10
-1235
20
165
0
VERTEX
8
Flux traps
10
-1235
20
185
0
VERTEX
8
Flux traps
10
-1215
20
185
0
VERTEX
8
Flux traps
10
-1215
20
165
0
SEQEND
0
POLYLINE
8
Flux traps
70
1
40
0
41
0
66
1
0
VERTEX
8
Flux traps
10
-535
20
165
0
VERTEX
8
Flux traps
10
-535
20
185
0
VERTEX
8
Flux traps
10
-515
20
185
0
VERTEX
8
Flux traps
10
-515
20
165
0
SEQEND
0
POLYLINE
8
Flux traps
70
1
40
0
41
0
66
1
0
VERTEX
8
Flux traps
10
-535
20
515
0
VERTEX
8
Flux traps
10
-535
20
535
0
VERTEX
8
Flux traps
10
-515
20
535
0
VERTEX
8
Flux traps
10
-515
20
515
0
SEQEND
0
POLYLINE
8
Flux traps
70
1
40
0
41
0
66
1
0
VERTEX
8
Flux traps
10
-535
20
65
0
VERTEX
8
Flux traps
10
-535
20
85
0
VERTEX
8
Flux traps
10
-515
20
85
0
VERTEX
8
Flux traps
10
-515
20
65
0
SEQEND
0
POLYLINE
8
Flux traps
70
1
40
0
41
0
66
1
0
VERTEX
8
Flux traps
10
-535
20
215
0
VERTEX
8
Flux traps
10
-535
20
235
0
VERTEX
8
Flux traps
10
-515
20
235
0
VERTEX
8
Flux traps
10
-515
20
215
0
SEQEND
0
POLYLINE
8
Flux traps
70
1
40
0
41
0
66
1
0
VERTEX
8
Flux traps
10
-535
20
265
0
VERTEX
8
Flux traps
10
-535
20
285
0
VERTEX
8
Flux traps
10
-515
20
285
0
VERTEX
8
Flux traps
10
-515
20
265
0
SEQEND
0
POLYLINE
8
Flux traps
70
1
40
0
41
0
66
1
0
VERTEX
8
Flux traps
10
-35
20
315
0
VERTEX
8
Flux traps
10
-35
20
335
0
VERTEX
8
Flux traps
10
-15
20
335
0
VERTEX
8
Flux traps
10
-15
20
315
0
SEQEND
0
POLYLINE
8
Flux traps
70
1
40
0
41
0
66
1
0
VERTEX
8
Flux traps
10
-85
20
315
0
VERTEX
8
Flux traps
10
-85
20
335
0
VERTEX
8
Flux traps
10
-65
20
335
0
VERTEX
8
Flux traps
10
-65
20
315
0
SEQEND
0
POLYLINE
8
Flux traps
70
1
40
0
41
0
66
1
0
VERTEX
8
Flux traps
10
-135
20
315
0
VERTEX
8
Flux traps
10
-135
20
335
0
VERTEX
8
Flux traps
10
-115
20
335
0
VERTEX
8
Flux traps
10
-115
20
315
0
SEQEND
0
POLYLINE
8
Flux traps
70
1
40
0
41
0
66
1
0
VERTEX
8
Flux traps
10
-185
20
315
0
VERTEX
8
Flux traps
10
-185
20
335
0
VERTEX
8
Flux traps
10
-165
20
335
0
VERTEX
8
Flux traps
10
-165
20
315
0
SEQEND
0
POLYLINE
8
Flux traps
70
1
40
0
41
0
66
1
0
VERTEX
8
Flux traps
10
-235
20
315
0
VERTEX
8
Flux traps
10
-235
20
335
0
VERTEX
8
Flux traps
10
-215
20
335
0
VERTEX
8
Flux traps
10
-215
20
315
0
SEQEND
0
POLYLINE
8
Flux traps
70
1
40
0
41
0
66
1
0
VERTEX
8
Flux traps
10
-285
20
315
0
VERTEX
8
Flux traps
10
-285
20
335
0
VERTEX
8
Flux traps
10
-265
20
335
0
VERTEX
8
Flux traps
10
-265
20
315
0
SEQEND
0
POLYLINE
8
Flux traps
70
1
40
0
41
0
66
1
0
VERTEX
8
Flux traps
10
-335
20
315
0
VERTEX
8
Flux traps
10
-335
20
335
0
VERTEX
8
Flux traps
10
-315
20
335
0
VERTEX
8
Flux traps
10
-315
20
315
0
SEQEND
0
POLYLINE
8
Flux traps
70
1
40
0
41
0
66
1
0
VERTEX
8
Flux traps
10
-385
20
315
0
VERTEX
8
Flux traps
10
-385
20
335
0
VERTEX
8
Flux traps
10
-365
20
335
0
VERTEX
8
Flux traps
10
-365
20
315
0
SEQEND
0
POLYLINE
8
Flux traps
70
1
40
0
41
0
66
1
0
VERTEX
8
Flux traps
10
-435
20
315
0
VERTEX
8
Flux traps
10
-435
20
335
0
VERTEX
8
Flux traps
10
-415
20
335
0
VERTEX
8
Flux traps
10
-415
20
315
0
SEQEND
0
POLYLINE
8
Flux traps
70
1
40
0
41
0
66
1
0
VERTEX
8
Flux traps
10
-485
20
315
0
VERTEX
8
Flux traps
10
-485
20
335
0
VERTEX
8
Flux traps
10
-465
20
335
0
VERTEX
8
Flux traps
10
-465
20
315
0
SEQEND
0
POLYLINE
8
Flux traps
70
1
40
0
41
0
66
1
0
VERTEX
8
Flux traps
10
-535
20
315
0
VERTEX
8
Flux traps
10
-535
20
335
0
VERTEX
8
Flux traps
10
-515
20
335
0
VERTEX
8
Flux traps
10
-515
20
315
0
SEQEND
0
POLYLINE
8
Flux traps
70
1
40
0
41
0
66
1
0
VERTEX
8
Flux traps
10
-685
20
315
0
VERTEX
8
Flux traps
10
-685
20
335
0
VERTEX
8
Flux traps
10
-665
20
335
0
VERTEX
8
Flux traps
10
-665
20
315
0
SEQEND
0
POLYLINE
8
Flux traps
70
1
40
0
41
0
66
1
0
VERTEX
8
Flux traps
10
-735
20
315
0
VERTEX
8
Flux traps
10
-735
20
335
0
VERTEX
8
Flux traps
10
-715
20
335
0
VERTEX
8
Flux traps
10
-715
20
315
0
SEQEND
0
POLYLINE
8
Flux traps
70
1
40
0
41
0
66
1
0
VERTEX
8
Flux traps
10
-785
20
315
0
VERTEX
8
Flux traps
10
-785
20
335
0
VERTEX
8
Flux traps
10
-765
20
335
0
VERTEX
8
Flux traps
10
-765
20
315
0
SEQEND
0
POLYLINE
8
Flux traps
70
1
40
0
41
0
66
1
0
VERTEX
8
Flux traps
10
-835
20
315
0
VERTEX
8
Flux traps
10
-835
20
335
0
VERTEX
8
Flux traps
10
-815
20
335
0
VERTEX
8
Flux traps
10
-815
20
315
0
SEQEND
0
POLYLINE
8
Flux traps
70
1
40
0
41
0
66
1
0
VERTEX
8
Flux traps
10
-985
20
315
0
VERTEX
8
Flux traps
10
-985
20
335
0
VERTEX
8
Flux traps
10
-965
20
335
0
VERTEX
8
Flux traps
10
-965
20
315
0
SEQEND
0
POLYLINE
8
Flux traps
70
1
40
0
41
0
66
1
0
VERTEX
8
Flux traps
10
-1035
20
315
0
VERTEX
8
Flux traps
10
-1035
20
335
0
VERTEX
8
Flux traps
10
-1015
20
335
0
VERTEX
8
Flux traps
10
-1015
20
315
0
SEQEND
0
POLYLINE
8
Flux traps
70
1
40
0
41
0
66
1
0
VERTEX
8
Flux traps
10
-535
20
115
0
VERTEX
8
Flux traps
10
-535
20
135
0
VERTEX
8
Flux traps
10
-515
20
135
0
VERTEX
8
Flux traps
10
-515
20
115
0
SEQEND
0
POLYLINE
8
Flux traps
70
1
40
0
41
0
66
1
0
VERTEX
8
Flux traps
10
-535
20
365
0
VERTEX
8
Flux traps
10
-535
20
385
0
VERTEX
8
Flux traps
10
-515
20
385
0
VERTEX
8
Flux traps
10
-515
20
365
0
SEQEND
0
POLYLINE
8
Flux traps
70
1
40
0
41
0
66
1
0
VERTEX
8
Flux traps
10
-535
20
415
0
VERTEX
8
Flux traps
10
-535
20
435
0
VERTEX
8
Flux traps
10
-515
20
435
0
VERTEX
8
Flux traps
10
-515
20
415
0
SEQEND
0
POLYLINE
8
Flux traps
70
1
40
0
41
0
66
1
0
VERTEX
8
Flux traps
10
-535
20
465
0
VERTEX
8
Flux traps
10
-535
20
485
0
VERTEX
8
Flux traps
10
-515
20
485
0
VERTEX
8
Flux traps
10
-515
20
465
0
SEQEND
0
POLYLINE
8
Flux traps
70
1
40
0
41
0
66
1
0
VERTEX
8
Flux traps
10
-285
20
515
0
VERTEX
8
Flux traps
10
-285
20
535
0
VERTEX
8
Flux traps
10
-265
20
535
0
VERTEX
8
Flux traps
10
-265
20
515
0
SEQEND
0
POLYLINE
8
Flux traps
70
1
40
0
41
0
66
1
0
VERTEX
8
Flux traps
10
-335
20
515
0
VERTEX
8
Flux traps
10
-335
20
535
0
VERTEX
8
Flux traps
10
-315
20
535
0
VERTEX
8
Flux traps
10
-315
20
515
0
SEQEND
0
POLYLINE
8
Flux traps
70
1
40
0
41
0
66
1
0
VERTEX
8
Flux traps
10
-385
20
515
0
VERTEX
8
Flux traps
10
-385
20
535
0
VERTEX
8
Flux traps
10
-365
20
535
0
VERTEX
8
Flux traps
10
-365
20
515
0
SEQEND
0
POLYLINE
8
Flux traps
70
1
40
0
41
0
66
1
0
VERTEX
8
Flux traps
10
-435
20
515
0
VERTEX
8
Flux traps
10
-435
20
535
0
VERTEX
8
Flux traps
10
-415
20
535
0
VERTEX
8
Flux traps
10
-415
20
515
0
SEQEND
0
POLYLINE
8
Flux traps
70
1
40
0
41
0
66
1
0
VERTEX
8
Flux traps
10
-485
20
515
0
VERTEX
8
Flux traps
10
-485
20
535
0
VERTEX
8
Flux traps
10
-465
20
535
0
VERTEX
8
Flux traps
10
-465
20
515
0
SEQEND
0
POLYLINE
8
Flux traps
70
1
40
0
41
0
66
1
0
VERTEX
8
Flux traps
10
-35
20
515
0
VERTEX
8
Flux traps
10
-35
20
535
0
VERTEX
8
Flux traps
10
-15
20
535
0
VERTEX
8
Flux traps
10
-15
20
515
0
SEQEND
0
POLYLINE
8
Flux traps
70
1
40
0
41
0
66
1
0
VERTEX
8
Flux traps
10
-85
20
515
0
VERTEX
8
Flux traps
10
-85
20
535
0
VERTEX
8
Flux traps
10
-65
20
535
0
VERTEX
8
Flux traps
10
-65
20
515
0
SEQEND
0
POLYLINE
8
Flux traps
70
1
40
0
41
0
66
1
0
VERTEX
8
Flux traps
10
-35
20
365
0
VERTEX
8
Flux traps
10
-35
20
385
0
VERTEX
8
Flux traps
10
-15
20
385
0
VERTEX
8
Flux traps
10
-15
20
365
0
SEQEND
0
POLYLINE
8
Flux traps
70
1
40
0
41
0
66
1
0
VERTEX
8
Flux traps
10
-85
20
365
0
VERTEX
8
Flux traps
10
-85
20
385
0
VERTEX
8
Flux traps
10
-65
20
385
0
VERTEX
8
Flux traps
10
-65
20
365
0
SEQEND
0
POLYLINE
8
Flux traps
70
1
40
0
41
0
66
1
0
VERTEX
8
Flux traps
10
-135
20
365
0
VERTEX
8
Flux traps
10
-135
20
385
0
VERTEX
8
Flux traps
10
-115
20
385
0
VERTEX
8
Flux traps
10
-115
20
365
0
SEQEND
0
POLYLINE
8
Flux traps
70
1
40
0
41
0
66
1
0
VERTEX
8
Flux traps
10
-185
20
365
0
VERTEX
8
Flux traps
10
-185
20
385
0
VERTEX
8
Flux traps
10
-165
20
385
0
VERTEX
8
Flux traps
10
-165
20
365
0
SEQEND
0
POLYLINE
8
Flux traps
70
1
40
0
41
0
66
1
0
VERTEX
8
Flux traps
10
-235
20
365
0
VERTEX
8
Flux traps
10
-235
20
385
0
VERTEX
8
Flux traps
10
-215
20
385
0
VERTEX
8
Flux traps
10
-215
20
365
0
SEQEND
0
POLYLINE
8
Flux traps
70
1
40
0
41
0
66
1
0
VERTEX
8
Flux traps
10
-285
20
365
0
VERTEX
8
Flux traps
10
-285
20
385
0
VERTEX
8
Flux traps
10
-265
20
385
0
VERTEX
8
Flux traps
10
-265
20
365
0
SEQEND
0
POLYLINE
8
Flux traps
70
1
40
0
41
0
66
1
0
VERTEX
8
Flux traps
10
-335
20
365
0
VERTEX
8
Flux traps
10
-335
20
385
0
VERTEX
8
Flux traps
10
-315
20
385
0
VERTEX
8
Flux traps
10
-315
20
365
0
SEQEND
0
POLYLINE
8
Flux traps
70
1
40
0
41
0
66
1
0
VERTEX
8
Flux traps
10
-385
20
365
0
VERTEX
8
Flux traps
10
-385
20
385
0
VERTEX
8
Flux traps
10
-365
20
385
0
VERTEX
8
Flux traps
10
-365
20
365
0
SEQEND
0
POLYLINE
8
Flux traps
70
1
40
0
41
0
66
1
0
VERTEX
8
Flux traps
10
-435
20
365
0
VERTEX
8
Flux traps
10
-435
20
385
0
VERTEX
8
Flux traps
10
-415
20
385
0
VERTEX
8
Flux traps
10
-415
20
365
0
SEQEND
0
POLYLINE
8
Flux traps
70
1
40
0
41
0
66
1
0
VERTEX
8
Flux traps
10
-485
20
365
0
VERTEX
8
Flux traps
10
-485
20
385
0
VERTEX
8
Flux traps
10
-465
20
385
0
VERTEX
8
Flux traps
10
-465
20
365
0
SEQEND
0
POLYLINE
8
Flux traps
70
1
40
0
41
0
66
1
0
VERTEX
8
Flux traps
10
-135
20
515
0
VERTEX
8
Flux traps
10
-135
20
535
0
VERTEX
8
Flux traps
10
-115
20
535
0
VERTEX
8
Flux traps
10
-115
20
515
0
SEQEND
0
POLYLINE
8
Flux traps
70
1
40
0
41
0
66
1
0
VERTEX
8
Flux traps
10
-35
20
415
0
VERTEX
8
Flux traps
10
-35
20
435
0
VERTEX
8
Flux traps
10
-15
20
435
0
VERTEX
8
Flux traps
10
-15
20
415
0
SEQEND
0
POLYLINE
8
Flux traps
70
1
40
0
41
0
66
1
0
VERTEX
8
Flux traps
10
-85
20
415
0
VERTEX
8
Flux traps
10
-85
20
435
0
VERTEX
8
Flux traps
10
-65
20
435
0
VERTEX
8
Flux traps
10
-65
20
415
0
SEQEND
0
POLYLINE
8
Flux traps
70
1
40
0
41
0
66
1
0
VERTEX
8
Flux traps
10
-135
20
415
0
VERTEX
8
Flux traps
10
-135
20
435
0
VERTEX
8
Flux traps
10
-115
20
435
0
VERTEX
8
Flux traps
10
-115
20
415
0
SEQEND
0
POLYLINE
8
Flux traps
70
1
40
0
41
0
66
1
0
VERTEX
8
Flux traps
10
-185
20
415
0
VERTEX
8
Flux traps
10
-185
20
435
0
VERTEX
8
Flux traps
10
-165
20
435
0
VERTEX
8
Flux traps
10
-165
20
415
0
SEQEND
0
POLYLINE
8
Flux traps
70
1
40
0
41
0
66
1
0
VERTEX
8
Flux traps
10
-235
20
415
0
VERTEX
8
Flux traps
10
-235
20
435
0
VERTEX
8
Flux traps
10
-215
20
435
0
VERTEX
8
Flux traps
10
-215
20
415
0
SEQEND
0
POLYLINE
8
Flux traps
70
1
40
0
41
0
66
1
0
VERTEX
8
Flux traps
10
-285
20
415
0
VERTEX
8
Flux traps
10
-285
20
435
0
VERTEX
8
Flux traps
10
-265
20
435
0
VERTEX
8
Flux traps
10
-265
20
415
0
SEQEND
0
POLYLINE
8
Flux traps
70
1
40
0
41
0
66
1
0
VERTEX
8
Flux traps
10
-335
20
415
0
VERTEX
8
Flux traps
10
-335
20
435
0
VERTEX
8
Flux traps
10
-315
20
435
0
VERTEX
8
Flux traps
10
-315
20
415
0
SEQEND
0
POLYLINE
8
Flux traps
70
1
40
0
41
0
66
1
0
VERTEX
8
Flux traps
10
-385
20
415
0
VERTEX
8
Flux traps
10
-385
20
435
0
VERTEX
8
Flux traps
10
-365
20
435
0
VERTEX
8
Flux traps
10
-365
20
415
0
SEQEND
0
POLYLINE
8
Flux traps
70
1
40
0
41
0
66
1
0
VERTEX
8
Flux traps
10
-435
20
415
0
VERTEX
8
Flux traps
10
-435
20
435
0
VERTEX
8
Flux traps
10
-415
20
435
0
VERTEX
8
Flux traps
10
-415
20
415
0
SEQEND
0
POLYLINE
8
Flux traps
70
1
40
0
41
0
66
1
0
VERTEX
8
Flux traps
10
-485
20
415
0
VERTEX
8
Flux traps
10
-485
20
435
0
VERTEX
8
Flux traps
10
-465
20
435
0
VERTEX
8
Flux traps
10
-465
20
415
0
SEQEND
0
POLYLINE
8
Flux traps
70
1
40
0
41
0
66
1
0
VERTEX
8
Flux traps
10
-185
20
515
0
VERTEX
8
Flux traps
10
-185
20
535
0
VERTEX
8
Flux traps
10
-165
20
535
0
VERTEX
8
Flux traps
10
-165
20
515
0
SEQEND
0
POLYLINE
8
Flux traps
70
1
40
0
41
0
66
1
0
VERTEX
8
Flux traps
10
-35
20
465
0
VERTEX
8
Flux traps
10
-35
20
485
0
VERTEX
8
Flux traps
10
-15
20
485
0
VERTEX
8
Flux traps
10
-15
20
465
0
SEQEND
0
POLYLINE
8
Flux traps
70
1
40
0
41
0
66
1
0
VERTEX
8
Flux traps
10
-85
20
465
0
VERTEX
8
Flux traps
10
-85
20
485
0
VERTEX
8
Flux traps
10
-65
20
485
0
VERTEX
8
Flux traps
10
-65
20
465
0
SEQEND
0
POLYLINE
8
Flux traps
70
1
40
0
41
0
66
1
0
VERTEX
8
Flux traps
10
-135
20
465
0
VERTEX
8
Flux traps
10
-135
20
485
0
VERTEX
8
Flux traps
10
-115
20
485
0
VERTEX
8
Flux traps
10
-115
20
465
0
SEQEND
0
POLYLINE
8
Flux traps
70
1
40
0
41
0
66
1
0
VERTEX
8
Flux traps
10
-185
20
465
0
VERTEX
8
Flux traps
10
-185
20
485
0
VERTEX
8
Flux traps
10
-165
20
485
0
VERTEX
8
Flux traps
10
-165
20
465
0
SEQEND
0
POLYLINE
8
Flux traps
70
1
40
0
41
0
66
1
0
VERTEX
8
Flux traps
10
-235
20
465
0
VERTEX
8
Flux traps
10
-235
20
485
0
VERTEX
8
Flux traps
10
-215
20
485
0
VERTEX
8
Flux traps
10
-215
20
465
0
SEQEND
0
POLYLINE
8
Flux traps
70
1
40
0
41
0
66
1
0
VERTEX
8
Flux traps
10
-285
20
465
0
VERTEX
8
Flux traps
10
-285
20
485
0
VERTEX
8
Flux traps
10
-265
20
485
0
VERTEX
8
Flux traps
10
-265
20
465
0
SEQEND
0
POLYLINE
8
Flux traps
70
1
40
0
41
0
66
1
0
VERTEX
8
Flux traps
10
-335
20
465
0
VERTEX
8
Flux traps
10
-335
20
485
0
VERTEX
8
Flux traps
10
-315
20
485
0
VERTEX
8
Flux traps
10
-315
20
465
0
SEQEND
0
POLYLINE
8
Flux traps
70
1
40
0
41
0
66
1
0
VERTEX
8
Flux traps
10
-385
20
465
0
VERTEX
8
Flux traps
10
-385
20
485
0
VERTEX
8
Flux traps
10
-365
20
485
0
VERTEX
8
Flux traps
10
-365
20
465
0
SEQEND
0
POLYLINE
8
Flux traps
70
1
40
0
41
0
66
1
0
VERTEX
8
Flux traps
10
-435
20
465
0
VERTEX
8
Flux traps
10
-435
20
485
0
VERTEX
8
Flux traps
10
-415
20
485
0
VERTEX
8
Flux traps
10
-415
20
465
0
SEQEND
0
POLYLINE
8
Flux traps
70
1
40
0
41
0
66
1
0
VERTEX
8
Flux traps
10
-485
20
465
0
VERTEX
8
Flux traps
10
-485
20
485
0
VERTEX
8
Flux traps
10
-465
20
485
0
VERTEX
8
Flux traps
10
-465
20
465
0
SEQEND
0
POLYLINE
8
Flux traps
70
1
40
0
41
0
66
1
0
VERTEX
8
Flux traps
10
-235
20
515
0
VERTEX
8
Flux traps
10
-235
20
535
0
VERTEX
8
Flux traps
10
-215
20
535
0
VERTEX
8
Flux traps
10
-215
20
515
0
SEQEND
0
POLYLINE
8
Flux traps
70
1
40
0
41
0
66
1
0
VERTEX
8
Flux traps
10
-685
20
515
0
VERTEX
8
Flux traps
10
-685
20
535
0
VERTEX
8
Flux traps
10
-665
20
535
0
VERTEX
8
Flux traps
10
-665
20
515
0
SEQEND
0
POLYLINE
8
Flux traps
70
1
40
0
41
0
66
1
0
VERTEX
8
Flux traps
10
-735
20
515
0
VERTEX
8
Flux traps
10
-735
20
535
0
VERTEX
8
Flux traps
10
-715
20
535
0
VERTEX
8
Flux traps
10
-715
20
515
0
SEQEND
0
POLYLINE
8
Flux traps
70
1
40
0
41
0
66
1
0
VERTEX
8
Flux traps
10
-685
20
365
0
VERTEX
8
Flux traps
10
-685
20
385
0
VERTEX
8
Flux traps
10
-665
20
385
0
VERTEX
8
Flux traps
10
-665
20
365
0
SEQEND
0
POLYLINE
8
Flux traps
70
1
40
0
41
0
66
1
0
VERTEX
8
Flux traps
10
-735
20
365
0
VERTEX
8
Flux traps
10
-735
20
385
0
VERTEX
8
Flux traps
10
-715
20
385
0
VERTEX
8
Flux traps
10
-715
20
365
0
SEQEND
0
POLYLINE
8
Flux traps
70
1
40
0
41
0
66
1
0
VERTEX
8
Flux traps
10
-685
20
415
0
VERTEX
8
Flux traps
10
-685
20
435
0
VERTEX
8
Flux traps
10
-665
20
435
0
VERTEX
8
Flux traps
10
-665
20
415
0
SEQEND
0
POLYLINE
8
Flux traps
70
1
40
0
41
0
66
1
0
VERTEX
8
Flux traps
10
-735
20
415
0
VERTEX
8
Flux traps
10
-735
20
435
0
VERTEX
8
Flux traps
10
-715
20
435
0
VERTEX
8
Flux traps
10
-715
20
415
0
SEQEND
0
POLYLINE
8
Flux traps
70
1
40
0
41
0
66
1
0
VERTEX
8
Flux traps
10
-785
20
415
0
VERTEX
8
Flux traps
10
-785
20
435
0
VERTEX
8
Flux traps
10
-765
20
435
0
VERTEX
8
Flux traps
10
-765
20
415
0
SEQEND
0
POLYLINE
8
Flux traps
70
1
40
0
41
0
66
1
0
VERTEX
8
Flux traps
10
-835
20
415
0
VERTEX
8
Flux traps
10
-835
20
435
0
VERTEX
8
Flux traps
10
-815
20
435
0
VERTEX
8
Flux traps
10
-815
20
415
0
SEQEND
0
POLYLINE
8
Flux traps
70
1
40
0
41
0
66
1
0
VERTEX
8
Flux traps
10
-985
20
415
0
VERTEX
8
Flux traps
10
-985
20
435
0
VERTEX
8
Flux traps
10
-965
20
435
0
VERTEX
8
Flux traps
10
-965
20
415
0
SEQEND
0
POLYLINE
8
Flux traps
70
1
40
0
41
0
66
1
0
VERTEX
8
Flux traps
10
-1035
20
415
0
VERTEX
8
Flux traps
10
-1035
20
435
0
VERTEX
8
Flux traps
10
-1015
20
435
0
VERTEX
8
Flux traps
10
-1015
20
415
0
SEQEND
0
POLYLINE
8
Flux traps
70
1
40
0
41
0
66
1
0
VERTEX
8
Flux traps
10
-785
20
365
0
VERTEX
8
Flux traps
10
-785
20
385
0
VERTEX
8
Flux traps
10
-765
20
385
0
VERTEX
8
Flux traps
10
-765
20
365
0
SEQEND
0
POLYLINE
8
Flux traps
70
1
40
0
41
0
66
1
0
VERTEX
8
Flux traps
10
-835
20
365
0
VERTEX
8
Flux traps
10
-835
20
385
0
VERTEX
8
Flux traps
10
-815
20
385
0
VERTEX
8
Flux traps
10
-815
20
365
0
SEQEND
0
POLYLINE
8
Flux traps
70
1
40
0
41
0
66
1
0
VERTEX
8
Flux traps
10
-985
20
365
0
VERTEX
8
Flux traps
10
-985
20
385
0
VERTEX
8
Flux traps
10
-965
20
385
0
VERTEX
8
Flux traps
10
-965
20
365
0
SEQEND
0
POLYLINE
8
Flux traps
70
1
40
0
41
0
66
1
0
VERTEX
8
Flux traps
10
-1035
20
365
0
VERTEX
8
Flux traps
10
-1035
20
385
0
VERTEX
8
Flux traps
10
-1015
20
385
0
VERTEX
8
Flux traps
10
-1015
20
365
0
SEQEND
0
POLYLINE
8
Flux traps
70
1
40
0
41
0
66
1
0
VERTEX
8
Flux traps
10
-785
20
515
0
VERTEX
8
Flux traps
10
-785
20
535
0
VERTEX
8
Flux traps
10
-765
20
535
0
VERTEX
8
Flux traps
10
-765
20
515
0
SEQEND
0
POLYLINE
8
Flux traps
70
1
40
0
41
0
66
1
0
VERTEX
8
Flux traps
10
-835
20
515
0
VERTEX
8
Flux traps
10
-835
20
535
0
VERTEX
8
Flux traps
10
-815
20
535
0
VERTEX
8
Flux traps
10
-815
20
515
0
SEQEND
0
POLYLINE
8
Flux traps
70
1
40
0
41
0
66
1
0
VERTEX
8
Flux traps
10
-985
20
515
0
VERTEX
8
Flux traps
10
-985
20
535
0
VERTEX
8
Flux traps
10
-965
20
535
0
VERTEX
8
Flux traps
10
-965
20
515
0
SEQEND
0
POLYLINE
8
Flux traps
70
1
40
0
41
0
66
1
0
VERTEX
8
Flux traps
10
-1035
20
515
0
VERTEX
8
Flux traps
10
-1035
20
535
0
VERTEX
8
Flux traps
10
-1015
20
535
0
VERTEX
8
Flux traps
10
-1015
20
515
0
SEQEND
0
POLYLINE
8
Flux traps
70
1
40
0
41
0
66
1
0
VERTEX
8
Flux traps
10
-835
20
465
0
VERTEX
8
Flux traps
10
-835
20
485
0
VERTEX
8
Flux traps
10
-815
20
485
0
VERTEX
8
Flux traps
10
-815
20
465
0
SEQEND
0
POLYLINE
8
Flux traps
70
1
40
0
41
0
66
1
0
VERTEX
8
Flux traps
10
-985
20
465
0
VERTEX
8
Flux traps
10
-985
20
485
0
VERTEX
8
Flux traps
10
-965
20
485
0
VERTEX
8
Flux traps
10
-965
20
465
0
SEQEND
0
POLYLINE
8
Flux traps
70
1
40
0
41
0
66
1
0
VERTEX
8
Flux traps
10
-1035
20
465
0
VERTEX
8
Flux traps
10
-1035
20
485
0
VERTEX
8
Flux traps
10
-1015
20
485
0
VERTEX
8
Flux traps
10
-1015
20
465
0
SEQEND
0
POLYLINE
8
Flux traps
70
1
40
0
41
0
66
1
0
VERTEX
8
Flux traps
10
-685
20
465
0
VERTEX
8
Flux traps
10
-685
20
485
0
VERTEX
8
Flux traps
10
-665
20
485
0
VERTEX
8
Flux traps
10
-665
20
465
0
SEQEND
0
POLYLINE
8
Flux traps
70
1
40
0
41
0
66
1
0
VERTEX
8
Flux traps
10
-735
20
465
0
VERTEX
8
Flux traps
10
-735
20
485
0
VERTEX
8
Flux traps
10
-715
20
485
0
VERTEX
8
Flux traps
10
-715
20
465
0
SEQEND
0
POLYLINE
8
Flux traps
70
1
40
0
41
0
66
1
0
VERTEX
8
Flux traps
10
-785
20
465
0
VERTEX
8
Flux traps
10
-785
20
485
0
VERTEX
8
Flux traps
10
-765
20
485
0
VERTEX
8
Flux traps
10
-765
20
465
0
SEQEND
0
POLYLINE
8
Flux traps
70
1
40
0
41
0
66
1
0
VERTEX
8
Flux traps
10
-835
20
165
0
VERTEX
8
Flux traps
10
-835
20
185
0
VERTEX
8
Flux traps
10
-815
20
185
0
VERTEX
8
Flux traps
10
-815
20
165
0
SEQEND
0
POLYLINE
8
Flux traps
70
1
40
0
41
0
66
1
0
VERTEX
8
Flux traps
10
-985
20
165
0
VERTEX
8
Flux traps
10
-985
20
185
0
VERTEX
8
Flux traps
10
-965
20
185
0
VERTEX
8
Flux traps
10
-965
20
165
0
SEQEND
0
POLYLINE
8
Flux traps
70
1
40
0
41
0
66
1
0
VERTEX
8
Flux traps
10
-1035
20
165
0
VERTEX
8
Flux traps
10
-1035
20
185
0
VERTEX
8
Flux traps
10
-1015
20
185
0
VERTEX
8
Flux traps
10
-1015
20
165
0
SEQEND
0
POLYLINE
8
Flux traps
70
1
40
0
41
0
66
1
0
VERTEX
8
Flux traps
10
-685
20
165
0
VERTEX
8
Flux traps
10
-685
20
185
0
VERTEX
8
Flux traps
10
-665
20
185
0
VERTEX
8
Flux traps
10
-665
20
165
0
SEQEND
0
POLYLINE
8
Flux traps
70
1
40
0
41
0
66
1
0
VERTEX
8
Flux traps
10
-735
20
165
0
VERTEX
8
Flux traps
10
-735
20
185
0
VERTEX
8
Flux traps
10
-715
20
185
0
VERTEX
8
Flux traps
10
-715
20
165
0
SEQEND
0
POLYLINE
8
Flux traps
70
1
40
0
41
0
66
1
0
VERTEX
8
Flux traps
10
-685
20
215
0
VERTEX
8
Flux traps
10
-685
20
235
0
VERTEX
8
Flux traps
10
-665
20
235
0
VERTEX
8
Flux traps
10
-665
20
215
0
SEQEND
0
POLYLINE
8
Flux traps
70
1
40
0
41
0
66
1
0
VERTEX
8
Flux traps
10
-735
20
215
0
VERTEX
8
Flux traps
10
-735
20
235
0
VERTEX
8
Flux traps
10
-715
20
235
0
VERTEX
8
Flux traps
10
-715
20
215
0
SEQEND
0
POLYLINE
8
Flux traps
70
1
40
0
41
0
66
1
0
VERTEX
8
Flux traps
10
-785
20
215
0
VERTEX
8
Flux traps
10
-785
20
235
0
VERTEX
8
Flux traps
10
-765
20
235
0
VERTEX
8
Flux traps
10
-765
20
215
0
SEQEND
0
POLYLINE
8
Flux traps
70
1
40
0
41
0
66
1
0
VERTEX
8
Flux traps
10
-835
20
215
0
VERTEX
8
Flux traps
10
-835
20
235
0
VERTEX
8
Flux traps
10
-815
20
235
0
VERTEX
8
Flux traps
10
-815
20
215
0
SEQEND
0
POLYLINE
8
Flux traps
70
1
40
0
41
0
66
1
0
VERTEX
8
Flux traps
10
-985
20
215
0
VERTEX
8
Flux traps
10
-985
20
235
0
VERTEX
8
Flux traps
10
-965
20
235
0
VERTEX
8
Flux traps
10
-965
20
215
0
SEQEND
0
POLYLINE
8
Flux traps
70
1
40
0
41
0
66
1
0
VERTEX
8
Flux traps
10
-1035
20
215
0
VERTEX
8
Flux traps
10
-1035
20
235
0
VERTEX
8
Flux traps
10
-1015
20
235
0
VERTEX
8
Flux traps
10
-1015
20
215
0
SEQEND
0
POLYLINE
8
Flux traps
70
1
40
0
41
0
66
1
0
VERTEX
8
Flux traps
10
-985
20
65
0
VERTEX
8
Flux traps
10
-985
20
85
0
VERTEX
8
Flux traps
10
-965
20
85
0
VERTEX
8
Flux traps
10
-965
20
65
0
SEQEND
0
POLYLINE
8
Flux traps
70
1
40
0
41
0
66
1
0
VERTEX
8
Flux traps
10
-1035
20
65
0
VERTEX
8
Flux traps
10
-1035
20
85
0
VERTEX
8
Flux traps
10
-1015
20
85
0
VERTEX
8
Flux traps
10
-1015
20
65
0
SEQEND
0
POLYLINE
8
Flux traps
70
1
40
0
41
0
66
1
0
VERTEX
8
Flux traps
10
-785
20
165
0
VERTEX
8
Flux traps
10
-785
20
185
0
VERTEX
8
Flux traps
10
-765
20
185
0
VERTEX
8
Flux traps
10
-765
20
165
0
SEQEND
0
POLYLINE
8
Flux traps
70
1
40
0
41
0
66
1
0
VERTEX
8
Flux traps
10
-685
20
265
0
VERTEX
8
Flux traps
10
-685
20
285
0
VERTEX
8
Flux traps
10
-665
20
285
0
VERTEX
8
Flux traps
10
-665
20
265
0
SEQEND
0
POLYLINE
8
Flux traps
70
1
40
0
41
0
66
1
0
VERTEX
8
Flux traps
10
-685
20
118.377
0
VERTEX
8
Flux traps
10
-685
20
135
0
VERTEX
8
Flux traps
10
-668.377
20
135
0
SEQEND
0
POLYLINE
8
Flux traps
70
1
40
0
41
0
66
1
0
VERTEX
8
Flux traps
10
-735
20
115
0
VERTEX
8
Flux traps
10
-735
20
135
0
VERTEX
8
Flux traps
10
-715
20
135
0
VERTEX
8
Flux traps
10
-715
20
115
0
SEQEND
0
POLYLINE
8
Flux traps
70
1
40
0
41
0
66
1
0
VERTEX
8
Flux traps
10
-785
20
115
0
VERTEX
8
Flux traps
10
-785
20
135
0
VERTEX
8
Flux traps
10
-765
20
135
0
VERTEX
8
Flux traps
10
-765
20
115
0
SEQEND
0
POLYLINE
8
Flux traps
70
1
40
0
41
0
66
1
0
VERTEX
8
Flux traps
10
-815
20
118.377
0
VERTEX
8
Flux traps
10
-831.623
20
135
0
VERTEX
8
Flux traps
10
-815
20
135
0
SEQEND
0
POLYLINE
8
Flux traps
70
1
40
0
41
0
66
1
0
VERTEX
8
Flux traps
10
-985
20
115
0
VERTEX
8
Flux traps
10
-985
20
135
0
VERTEX
8
Flux traps
10
-965
20
135
0
VERTEX
8
Flux traps
10
-965
20
115
0
SEQEND
0
POLYLINE
8
Flux traps
70
1
40
0
41
0
66
1
0
VERTEX
8
Flux traps
10
-1035
20
115
0
VERTEX
8
Flux traps
10
-1035
20
135
0
VERTEX
8
Flux traps
10
-1015
20
135
0
VERTEX
8
Flux traps
10
-1015
20
115
0
SEQEND
0
POLYLINE
8
Flux traps
70
1
40
0
41
0
66
1
0
VERTEX
8
Flux traps
10
-735
20
265
0
VERTEX
8
Flux traps
10
-735
20
285
0
VERTEX
8
Flux traps
10
-715
20
285
0
VERTEX
8
Flux traps
10
-715
20
265
0
SEQEND
0
POLYLINE
8
Flux traps
70
1
40
0
41
0
66
1
0
VERTEX
8
Flux traps
10
-785
20
265
0
VERTEX
8
Flux traps
10
-785
20
285
0
VERTEX
8
Flux traps
10
-765
20
285
0
VERTEX
8
Flux traps
10
-765
20
265
0
SEQEND
0
POLYLINE
8
Flux traps
70
1
40
0
41
0
66
1
0
VERTEX
8
Flux traps
10
-835
20
265
0
VERTEX
8
Flux traps
10
-835
20
285
0
VERTEX
8
Flux traps
10
-815
20
285
0
VERTEX
8
Flux traps
10
-815
20
265
0
SEQEND
0
POLYLINE
8
Flux traps
70
1
40
0
41
0
66
1
0
VERTEX
8
Flux traps
10
-985
20
265
0
VERTEX
8
Flux traps
10
-985
20
285
0
VERTEX
8
Flux traps
10
-965
20
285
0
VERTEX
8
Flux traps
10
-965
20
265
0
SEQEND
0
POLYLINE
8
Flux traps
70
1
40
0
41
0
66
1
0
VERTEX
8
Flux traps
10
-1035
20
265
0
VERTEX
8
Flux traps
10
-1035
20
285
0
VERTEX
8
Flux traps
10
-1015
20
285
0
VERTEX
8
Flux traps
10
-1015
20
265
0
SEQEND
0
POLYLINE
8
Flux traps
70
1
40
0
41
0
66
1
0
VERTEX
8
Flux traps
10
-285
20
215
0
VERTEX
8
Flux traps
10
-285
20
235
0
VERTEX
8
Flux traps
10
-265
20
235
0
VERTEX
8
Flux traps
10
-265
20
215
0
SEQEND
0
POLYLINE
8
Flux traps
70
1
40
0
41
0
66
1
0
VERTEX
8
Flux traps
10
-335
20
215
0
VERTEX
8
Flux traps
10
-335
20
235
0
VERTEX
8
Flux traps
10
-315
20
235
0
VERTEX
8
Flux traps
10
-315
20
215
0
SEQEND
0
POLYLINE
8
Flux traps
70
1
40
0
41
0
66
1
0
VERTEX
8
Flux traps
10
-35
20
115
0
VERTEX
8
Flux traps
10
-35
20
135
0
VERTEX
8
Flux traps
10
-15
20
135
0
VERTEX
8
Flux traps
10
-15
20
115
0
SEQEND
0
POLYLINE
8
Flux traps
70
1
40
0
41
0
66
1
0
VERTEX
8
Flux traps
10
-85
20
115
0
VERTEX
8
Flux traps
10
-85
20
135
0
VERTEX
8
Flux traps
10
-65
20
135
0
VERTEX
8
Flux traps
10
-65
20
115
0
SEQEND
0
POLYLINE
8
Flux traps
70
1
40
0
41
0
66
1
0
VERTEX
8
Flux traps
10
-135
20
115
0
VERTEX
8
Flux traps
10
-135
20
135
0
VERTEX
8
Flux traps
10
-115
20
135
0
VERTEX
8
Flux traps
10
-115
20
115
0
SEQEND
0
POLYLINE
8
Flux traps
70
1
40
0
41
0
66
1
0
VERTEX
8
Flux traps
10
-185
20
115
0
VERTEX
8
Flux traps
10
-185
20
135
0
VERTEX
8
Flux traps
10
-165
20
135
0
VERTEX
8
Flux traps
10
-165
20
115
0
SEQEND
0
POLYLINE
8
Flux traps
70
1
40
0
41
0
66
1
0
VERTEX
8
Flux traps
10
-235
20
115
0
VERTEX
8
Flux traps
10
-235
20
135
0
VERTEX
8
Flux traps
10
-215
20
135
0
VERTEX
8
Flux traps
10
-215
20
115
0
SEQEND
0
POLYLINE
8
Flux traps
70
1
40
0
41
0
66
1
0
VERTEX
8
Flux traps
10
-385
20
215
0
VERTEX
8
Flux traps
10
-385
20
235
0
VERTEX
8
Flux traps
10
-365
20
235
0
VERTEX
8
Flux traps
10
-365
20
215
0
SEQEND
0
POLYLINE
8
Flux traps
70
1
40
0
41
0
66
1
0
VERTEX
8
Flux traps
10
-435
20
215
0
VERTEX
8
Flux traps
10
-435
20
235
0
VERTEX
8
Flux traps
10
-415
20
235
0
VERTEX
8
Flux traps
10
-415
20
215
0
SEQEND
0
POLYLINE
8
Flux traps
70
1
40
0
41
0
66
1
0
VERTEX
8
Flux traps
10
-485
20
215
0
VERTEX
8
Flux traps
10
-485
20
235
0
VERTEX
8
Flux traps
10
-465
20
235
0
VERTEX
8
Flux traps
10
-465
20
215
0
SEQEND
0
POLYLINE
8
Flux traps
70
1
40
0
41
0
66
1
0
VERTEX
8
Flux traps
10
-285
20
165
0
VERTEX
8
Flux traps
10
-285
20
185
0
VERTEX
8
Flux traps
10
-265
20
185
0
VERTEX
8
Flux traps
10
-265
20
165
0
SEQEND
0
POLYLINE
8
Flux traps
70
1
40
0
41
0
66
1
0
VERTEX
8
Flux traps
10
-185
20
65
0
VERTEX
8
Flux traps
10
-185
20
85
0
VERTEX
8
Flux traps
10
-165
20
85
0
VERTEX
8
Flux traps
10
-165
20
65
0
SEQEND
0
POLYLINE
8
Flux traps
70
1
40
0
41
0
66
1
0
VERTEX
8
Flux traps
10
-335
20
165
0
VERTEX
8
Flux traps
10
-335
20
185
0
VERTEX
8
Flux traps
10
-315
20
185
0
VERTEX
8
Flux traps
10
-315
20
165
0
SEQEND
0
POLYLINE
8
Flux traps
70
1
40
0
41
0
66
1
0
VERTEX
8
Flux traps
10
-385
20
165
0
VERTEX
8
Flux traps
10
-385
20
185
0
VERTEX
8
Flux traps
10
-365
20
185
0
VERTEX
8
Flux traps
10
-365
20
165
0
SEQEND
0
POLYLINE
8
Flux traps
70
1
40
0
41
0
66
1
0
VERTEX
8
Flux traps
10
-435
20
165
0
VERTEX
8
Flux traps
10
-435
20
185
0
VERTEX
8
Flux traps
10
-415
20
185
0
VERTEX
8
Flux traps
10
-415
20
165
0
SEQEND
0
POLYLINE
8
Flux traps
70
1
40
0
41
0
66
1
0
VERTEX
8
Flux traps
10
-485
20
165
0
VERTEX
8
Flux traps
10
-485
20
185
0
VERTEX
8
Flux traps
10
-465
20
185
0
VERTEX
8
Flux traps
10
-465
20
165
0
SEQEND
0
POLYLINE
8
Flux traps
70
1
40
0
41
0
66
1
0
VERTEX
8
Flux traps
10
-385
20
65
0
VERTEX
8
Flux traps
10
-385
20
85
0
VERTEX
8
Flux traps
10
-365
20
85
0
VERTEX
8
Flux traps
10
-365
20
65
0
SEQEND
0
POLYLINE
8
Flux traps
70
1
40
0
41
0
66
1
0
VERTEX
8
Flux traps
10
-435
20
65
0
VERTEX
8
Flux traps
10
-435
20
85
0
VERTEX
8
Flux traps
10
-415
20
85
0
VERTEX
8
Flux traps
10
-415
20
65
0
SEQEND
0
POLYLINE
8
Flux traps
70
1
40
0
41
0
66
1
0
VERTEX
8
Flux traps
10
-485
20
65
0
VERTEX
8
Flux traps
10
-485
20
85
0
VERTEX
8
Flux traps
10
-465
20
85
0
VERTEX
8
Flux traps
10
-465
20
65
0
SEQEND
0
POLYLINE
8
Flux traps
70
1
40
0
41
0
66
1
0
VERTEX
8
Flux traps
10
-235
20
165
0
VERTEX
8
Flux traps
10
-235
20
185
0
VERTEX
8
Flux traps
10
-215
20
185
0
VERTEX
8
Flux traps
10
-215
20
165
0
SEQEND
0
POLYLINE
8
Flux traps
70
1
40
0
41
0
66
1
0
VERTEX
8
Flux traps
10
-35
20
65
0
VERTEX
8
Flux traps
10
-35
20
85
0
VERTEX
8
Flux traps
10
-15
20
85
0
VERTEX
8
Flux traps
10
-15
20
65
0
SEQEND
0
POLYLINE
8
Flux traps
70
1
40
0
41
0
66
1
0
VERTEX
8
Flux traps
10
-85
20
65
0
VERTEX
8
Flux traps
10
-85
20
85
0
VERTEX
8
Flux traps
10
-65
20
85
0
VERTEX
8
Flux traps
10
-65
20
65
0
SEQEND
0
POLYLINE
8
Flux traps
70
1
40
0
41
0
66
1
0
VERTEX
8
Flux traps
10
-135
20
65
0
VERTEX
8
Flux traps
10
-135
20
85
0
VERTEX
8
Flux traps
10
-115
20
85
0
VERTEX
8
Flux traps
10
-115
20
65
0
SEQEND
0
POLYLINE
8
Flux traps
70
1
40
0
41
0
66
1
0
VERTEX
8
Flux traps
10
-35
20
265
0
VERTEX
8
Flux traps
10
-35
20
285
0
VERTEX
8
Flux traps
10
-15
20
285
0
VERTEX
8
Flux traps
10
-15
20
265
0
SEQEND
0
POLYLINE
8
Flux traps
70
1
40
0
41
0
66
1
0
VERTEX
8
Flux traps
10
-85
20
265
0
VERTEX
8
Flux traps
10
-85
20
285
0
VERTEX
8
Flux traps
10
-65
20
285
0
VERTEX
8
Flux traps
10
-65
20
265
0
SEQEND
0
POLYLINE
8
Flux traps
70
1
40
0
41
0
66
1
0
VERTEX
8
Flux traps
10
-285
20
115
0
VERTEX
8
Flux traps
10
-285
20
135
0
VERTEX
8
Flux traps
10
-265
20
135
0
VERTEX
8
Flux traps
10
-265
20
115
0
SEQEND
0
POLYLINE
8
Flux traps
70
1
40
0
41
0
66
1
0
VERTEX
8
Flux traps
10
-335
20
115
0
VERTEX
8
Flux traps
10
-335
20
135
0
VERTEX
8
Flux traps
10
-315
20
135
0
VERTEX
8
Flux traps
10
-315
20
115
0
SEQEND
0
POLYLINE
8
Flux traps
70
1
40
0
41
0
66
1
0
VERTEX
8
Flux traps
10
-385
20
115
0
VERTEX
8
Flux traps
10
-385
20
135
0
VERTEX
8
Flux traps
10
-365
20
135
0
VERTEX
8
Flux traps
10
-365
20
115
0
SEQEND
0
POLYLINE
8
Flux traps
70
1
40
0
41
0
66
1
0
VERTEX
8
Flux traps
10
-435
20
115
0
VERTEX
8
Flux traps
10
-435
20
135
0
VERTEX
8
Flux traps
10
-415
20
135
0
VERTEX
8
Flux traps
10
-415
20
115
0
SEQEND
0
POLYLINE
8
Flux traps
70
1
40
0
41
0
66
1
0
VERTEX
8
Flux traps
10
-235
20
65
0
VERTEX
8
Flux traps
10
-235
20
85
0
VERTEX
8
Flux traps
10
-215
20
85
0
VERTEX
8
Flux traps
10
-215
20
65
0
SEQEND
0
POLYLINE
8
Flux traps
70
1
40
0
41
0
66
1
0
VERTEX
8
Flux traps
10
-285
20
65
0
VERTEX
8
Flux traps
10
-285
20
85
0
VERTEX
8
Flux traps
10
-265
20
85
0
VERTEX
8
Flux traps
10
-265
20
65
0
SEQEND
0
POLYLINE
8
Flux traps
70
1
40
0
41
0
66
1
0
VERTEX
8
Flux traps
10
-335
20
65
0
VERTEX
8
Flux traps
10
-335
20
85
0
VERTEX
8
Flux traps
10
-315
20
85
0
VERTEX
8
Flux traps
10
-315
20
65
0
SEQEND
0
POLYLINE
8
Flux traps
70
1
40
0
41
0
66
1
0
VERTEX
8
Flux traps
10
-35
20
165
0
VERTEX
8
Flux traps
10
-35
20
185
0
VERTEX
8
Flux traps
10
-15
20
185
0
VERTEX
8
Flux traps
10
-15
20
165
0
SEQEND
0
POLYLINE
8
Flux traps
70
1
40
0
41
0
66
1
0
VERTEX
8
Flux traps
10
-85
20
165
0
VERTEX
8
Flux traps
10
-85
20
185
0
VERTEX
8
Flux traps
10
-65
20
185
0
VERTEX
8
Flux traps
10
-65
20
165
0
SEQEND
0
POLYLINE
8
Flux traps
70
1
40
0
41
0
66
1
0
VERTEX
8
Flux traps
10
-135
20
165
0
VERTEX
8
Flux traps
10
-135
20
185
0
VERTEX
8
Flux traps
10
-115
20
185
0
VERTEX
8
Flux traps
10
-115
20
165
0
SEQEND
0
POLYLINE
8
Flux traps
70
1
40
0
41
0
66
1
0
VERTEX
8
Flux traps
10
-185
20
165
0
VERTEX
8
Flux traps
10
-185
20
185
0
VERTEX
8
Flux traps
10
-165
20
185
0
VERTEX
8
Flux traps
10
-165
20
165
0
SEQEND
0
POLYLINE
8
Flux traps
70
1
40
0
41
0
66
1
0
VERTEX
8
Flux traps
10
-485
20
115
0
VERTEX
8
Flux traps
10
-485
20
135
0
VERTEX
8
Flux traps
10
-465
20
135
0
VERTEX
8
Flux traps
10
-465
20
115
0
SEQEND
0
POLYLINE
8
Flux traps
70
1
40
0
41
0
66
1
0
VERTEX
8
Flux traps
10
-135
20
265
0
VERTEX
8
Flux traps
10
-135
20
285
0
VERTEX
8
Flux traps
10
-115
20
285
0
VERTEX
8
Flux traps
10
-115
20
265
0
SEQEND
0
POLYLINE
8
Flux traps
70
1
40
0
41
0
66
1
0
VERTEX
8
Flux traps
10
-185
20
265
0
VERTEX
8
Flux traps
10
-185
20
285
0
VERTEX
8
Flux traps
10
-165
20
285
0
VERTEX
8
Flux traps
10
-165
20
265
0
SEQEND
0
POLYLINE
8
Flux traps
70
1
40
0
41
0
66
1
0
VERTEX
8
Flux traps
10
-235
20
265
0
VERTEX
8
Flux traps
10
-235
20
285
0
VERTEX
8
Flux traps
10
-215
20
285
0
VERTEX
8
Flux traps
10
-215
20
265
0
SEQEND
0
POLYLINE
8
Flux traps
70
1
40
0
41
0
66
1
0
VERTEX
8
Flux traps
10
-285
20
265
0
VERTEX
8
Flux traps
10
-285
20
285
0
VERTEX
8
Flux traps
10
-265
20
285
0
VERTEX
8
Flux traps
10
-265
20
265
0
SEQEND
0
POLYLINE
8
Flux traps
70
1
40
0
41
0
66
1
0
VERTEX
8
Flux traps
10
-335
20
265
0
VERTEX
8
Flux traps
10
-335
20
285
0
VERTEX
8
Flux traps
10
-315
20
285
0
VERTEX
8
Flux traps
10
-315
20
265
0
SEQEND
0
POLYLINE
8
Flux traps
70
1
40
0
41
0
66
1
0
VERTEX
8
Flux traps
10
-385
20
265
0
VERTEX
8
Flux traps
10
-385
20
285
0
VERTEX
8
Flux traps
10
-365
20
285
0
VERTEX
8
Flux traps
10
-365
20
265
0
SEQEND
0
POLYLINE
8
Flux traps
70
1
40
0
41
0
66
1
0
VERTEX
8
Flux traps
10
-435
20
265
0
VERTEX
8
Flux traps
10
-435
20
285
0
VERTEX
8
Flux traps
10
-415
20
285
0
VERTEX
8
Flux traps
10
-415
20
265
0
SEQEND
0
POLYLINE
8
Flux traps
70
1
40
0
41
0
66
1
0
VERTEX
8
Flux traps
10
-485
20
265
0
VERTEX
8
Flux traps
10
-485
20
285
0
VERTEX
8
Flux traps
10
-465
20
285
0
VERTEX
8
Flux traps
10
-465
20
265
0
SEQEND
0
POLYLINE
8
Flux traps
70
1
40
0
41
0
66
1
0
VERTEX
8
Flux traps
10
-35
20
215
0
VERTEX
8
Flux traps
10
-35
20
235
0
VERTEX
8
Flux traps
10
-15
20
235
0
VERTEX
8
Flux traps
10
-15
20
215
0
SEQEND
0
POLYLINE
8
Flux traps
70
1
40
0
41
0
66
1
0
VERTEX
8
Flux traps
10
-85
20
215
0
VERTEX
8
Flux traps
10
-85
20
235
0
VERTEX
8
Flux traps
10
-65
20
235
0
VERTEX
8
Flux traps
10
-65
20
215
0
SEQEND
0
POLYLINE
8
Flux traps
70
1
40
0
41
0
66
1
0
VERTEX
8
Flux traps
10
-135
20
215
0
VERTEX
8
Flux traps
10
-135
20
235
0
VERTEX
8
Flux traps
10
-115
20
235
0
VERTEX
8
Flux traps
10
-115
20
215
0
SEQEND
0
POLYLINE
8
Flux traps
70
1
40
0
41
0
66
1
0
VERTEX
8
Flux traps
10
-185
20
215
0
VERTEX
8
Flux traps
10
-185
20
235
0
VERTEX
8
Flux traps
10
-165
20
235
0
VERTEX
8
Flux traps
10
-165
20
215
0
SEQEND
0
POLYLINE
8
Flux traps
70
1
40
0
41
0
66
1
0
VERTEX
8
Flux traps
10
-235
20
215
0
VERTEX
8
Flux traps
10
-235
20
235
0
VERTEX
8
Flux traps
10
-215
20
235
0
VERTEX
8
Flux traps
10
-215
20
215
0
SEQEND
0
POLYLINE
8
Flux traps
70
1
40
0
41
0
66
1
0
VERTEX
8
Flux traps
10
15
20
565
0
VERTEX
8
Flux traps
10
15
20
585
0
VERTEX
8
Flux traps
10
35
20
585
0
VERTEX
8
Flux traps
10
35
20
565
0
SEQEND
0
POLYLINE
8
Flux traps
70
1
40
0
41
0
66
1
0
VERTEX
8
Flux traps
10
815
20
565
0
VERTEX
8
Flux traps
10
815
20
585
0
VERTEX
8
Flux traps
10
835
20
585
0
VERTEX
8
Flux traps
10
835
20
565
0
SEQEND
0
POLYLINE
8
Flux traps
70
1
40
0
41
0
66
1
0
VERTEX
8
Flux traps
10
315
20
565
0
VERTEX
8
Flux traps
10
315
20
585
0
VERTEX
8
Flux traps
10
335
20
585
0
VERTEX
8
Flux traps
10
335
20
565
0
SEQEND
0
POLYLINE
8
Flux traps
70
1
40
0
41
0
66
1
0
VERTEX
8
Flux traps
10
865
20
565
0
VERTEX
8
Flux traps
10
865
20
585
0
VERTEX
8
Flux traps
10
885
20
585
0
VERTEX
8
Flux traps
10
885
20
565
0
SEQEND
0
POLYLINE
8
Flux traps
70
1
40
0
41
0
66
1
0
VERTEX
8
Flux traps
10
215
20
565
0
VERTEX
8
Flux traps
10
215
20
585
0
VERTEX
8
Flux traps
10
235
20
585
0
VERTEX
8
Flux traps
10
235
20
565
0
SEQEND
0
POLYLINE
8
Flux traps
70
1
40
0
41
0
66
1
0
VERTEX
8
Flux traps
10
915
20
565
0
VERTEX
8
Flux traps
10
915
20
585
0
VERTEX
8
Flux traps
10
935
20
585
0
VERTEX
8
Flux traps
10
935
20
565
0
SEQEND
0
POLYLINE
8
Flux traps
70
1
40
0
41
0
66
1
0
VERTEX
8
Flux traps
10
465
20
565
0
VERTEX
8
Flux traps
10
465
20
585
0
VERTEX
8
Flux traps
10
485
20
585
0
VERTEX
8
Flux traps
10
485
20
565
0
SEQEND
0
POLYLINE
8
Flux traps
70
1
40
0
41
0
66
1
0
VERTEX
8
Flux traps
10
515
20
565
0
VERTEX
8
Flux traps
10
515
20
585
0
VERTEX
8
Flux traps
10
535
20
585
0
VERTEX
8
Flux traps
10
535
20
565
0
SEQEND
0
POLYLINE
8
Flux traps
70
1
40
0
41
0
66
1
0
VERTEX
8
Flux traps
10
165
20
565
0
VERTEX
8
Flux traps
10
165
20
585
0
VERTEX
8
Flux traps
10
185
20
585
0
VERTEX
8
Flux traps
10
185
20
565
0
SEQEND
0
POLYLINE
8
Flux traps
70
1
40
0
41
0
66
1
0
VERTEX
8
Flux traps
10
565
20
565
0
VERTEX
8
Flux traps
10
565
20
585
0
VERTEX
8
Flux traps
10
585
20
585
0
VERTEX
8
Flux traps
10
585
20
565
0
SEQEND
0
POLYLINE
8
Flux traps
70
1
40
0
41
0
66
1
0
VERTEX
8
Flux traps
10
265
20
565
0
VERTEX
8
Flux traps
10
265
20
585
0
VERTEX
8
Flux traps
10
285
20
585
0
VERTEX
8
Flux traps
10
285
20
565
0
SEQEND
0
POLYLINE
8
Flux traps
70
1
40
0
41
0
66
1
0
VERTEX
8
Flux traps
10
615
20
565
0
VERTEX
8
Flux traps
10
615
20
585
0
VERTEX
8
Flux traps
10
635
20
585
0
VERTEX
8
Flux traps
10
635
20
565
0
SEQEND
0
POLYLINE
8
Flux traps
70
1
40
0
41
0
66
1
0
VERTEX
8
Flux traps
10
1165
20
565
0
VERTEX
8
Flux traps
10
1165
20
585
0
VERTEX
8
Flux traps
10
1185
20
585
0
VERTEX
8
Flux traps
10
1185
20
565
0
SEQEND
0
POLYLINE
8
Flux traps
70
1
40
0
41
0
66
1
0
VERTEX
8
Flux traps
10
1215
20
565
0
VERTEX
8
Flux traps
10
1215
20
585
0
VERTEX
8
Flux traps
10
1235
20
585
0
VERTEX
8
Flux traps
10
1235
20
565
0
SEQEND
0
POLYLINE
8
Flux traps
70
1
40
0
41
0
66
1
0
VERTEX
8
Flux traps
10
1265
20
565
0
VERTEX
8
Flux traps
10
1265
20
585
0
VERTEX
8
Flux traps
10
1285
20
585
0
VERTEX
8
Flux traps
10
1285
20
565
0
SEQEND
0
POLYLINE
8
Flux traps
70
1
40
0
41
0
66
1
0
VERTEX
8
Flux traps
10
1315
20
565
0
VERTEX
8
Flux traps
10
1315
20
585
0
VERTEX
8
Flux traps
10
1335
20
585
0
VERTEX
8
Flux traps
10
1335
20
565
0
SEQEND
0
POLYLINE
8
Flux traps
70
1
40
0
41
0
66
1
0
VERTEX
8
Flux traps
10
1365
20
565
0
VERTEX
8
Flux traps
10
1365
20
585
0
VERTEX
8
Flux traps
10
1385
20
585
0
VERTEX
8
Flux traps
10
1385
20
565
0
SEQEND
0
POLYLINE
8
Flux traps
70
1
40
0
41
0
66
1
0
VERTEX
8
Flux traps
10
1415
20
565
0
VERTEX
8
Flux traps
10
1415
20
585
0
VERTEX
8
Flux traps
10
1435
20
585
0
VERTEX
8
Flux traps
10
1435
20
565
0
SEQEND
0
POLYLINE
8
Flux traps
70
1
40
0
41
0
66
1
0
VERTEX
8
Flux traps
10
1465
20
565
0
VERTEX
8
Flux traps
10
1465
20
585
0
VERTEX
8
Flux traps
10
1485
20
585
0
VERTEX
8
Flux traps
10
1485
20
565
0
SEQEND
0
POLYLINE
8
Flux traps
70
1
40
0
41
0
66
1
0
VERTEX
8
Flux traps
10
965
20
565
0
VERTEX
8
Flux traps
10
965
20
585
0
VERTEX
8
Flux traps
10
985
20
585
0
VERTEX
8
Flux traps
10
985
20
565
0
SEQEND
0
POLYLINE
8
Flux traps
70
1
40
0
41
0
66
1
0
VERTEX
8
Flux traps
10
1015
20
565
0
VERTEX
8
Flux traps
10
1015
20
585
0
VERTEX
8
Flux traps
10
1035
20
585
0
VERTEX
8
Flux traps
10
1035
20
565
0
SEQEND
0
POLYLINE
8
Flux traps
70
1
40
0
41
0
66
1
0
VERTEX
8
Flux traps
10
1065
20
565
0
VERTEX
8
Flux traps
10
1065
20
585
0
VERTEX
8
Flux traps
10
1085
20
585
0
VERTEX
8
Flux traps
10
1085
20
565
0
SEQEND
0
POLYLINE
8
Flux traps
70
1
40
0
41
0
66
1
0
VERTEX
8
Flux traps
10
1115
20
565
0
VERTEX
8
Flux traps
10
1115
20
585
0
VERTEX
8
Flux traps
10
1135
20
585
0
VERTEX
8
Flux traps
10
1135
20
565
0
SEQEND
0
POLYLINE
8
Flux traps
70
1
40
0
41
0
66
1
0
VERTEX
8
Flux traps
10
765
20
565
0
VERTEX
8
Flux traps
10
765
20
585
0
VERTEX
8
Flux traps
10
785
20
585
0
VERTEX
8
Flux traps
10
785
20
565
0
SEQEND
0
POLYLINE
8
Flux traps
70
1
40
0
41
0
66
1
0
VERTEX
8
Flux traps
10
1565
20
815
0
VERTEX
8
Flux traps
10
1565
20
835
0
VERTEX
8
Flux traps
10
1585
20
835
0
VERTEX
8
Flux traps
10
1585
20
815
0
SEQEND
0
POLYLINE
8
Flux traps
70
1
40
0
41
0
66
1
0
VERTEX
8
Flux traps
10
1615
20
815
0
VERTEX
8
Flux traps
10
1615
20
835
0
VERTEX
8
Flux traps
10
1635
20
835
0
VERTEX
8
Flux traps
10
1635
20
815
0
SEQEND
0
POLYLINE
8
Flux traps
70
1
40
0
41
0
66
1
0
VERTEX
8
Flux traps
10
1265
20
815
0
VERTEX
8
Flux traps
10
1265
20
835
0
VERTEX
8
Flux traps
10
1285
20
835
0
VERTEX
8
Flux traps
10
1285
20
815
0
SEQEND
0
POLYLINE
8
Flux traps
70
1
40
0
41
0
66
1
0
VERTEX
8
Flux traps
10
1315
20
815
0
VERTEX
8
Flux traps
10
1315
20
835
0
VERTEX
8
Flux traps
10
1335
20
835
0
VERTEX
8
Flux traps
10
1335
20
815
0
SEQEND
0
POLYLINE
8
Flux traps
70
1
40
0
41
0
66
1
0
VERTEX
8
Flux traps
10
1165
20
815
0
VERTEX
8
Flux traps
10
1165
20
835
0
VERTEX
8
Flux traps
10
1185
20
835
0
VERTEX
8
Flux traps
10
1185
20
815
0
SEQEND
0
POLYLINE
8
Flux traps
70
1
40
0
41
0
66
1
0
VERTEX
8
Flux traps
10
1215
20
815
0
VERTEX
8
Flux traps
10
1215
20
835
0
VERTEX
8
Flux traps
10
1235
20
835
0
VERTEX
8
Flux traps
10
1235
20
815
0
SEQEND
0
POLYLINE
8
Flux traps
70
1
40
0
41
0
66
1
0
VERTEX
8
Flux traps
10
1365
20
815
0
VERTEX
8
Flux traps
10
1365
20
835
0
VERTEX
8
Flux traps
10
1385
20
835
0
VERTEX
8
Flux traps
10
1385
20
815
0
SEQEND
0
POLYLINE
8
Flux traps
70
1
40
0
41
0
66
1
0
VERTEX
8
Flux traps
10
1415
20
815
0
VERTEX
8
Flux traps
10
1415
20
835
0
VERTEX
8
Flux traps
10
1435
20
835
0
VERTEX
8
Flux traps
10
1435
20
815
0
SEQEND
0
POLYLINE
8
Flux traps
70
1
40
0
41
0
66
1
0
VERTEX
8
Flux traps
10
1465
20
815
0
VERTEX
8
Flux traps
10
1465
20
835
0
VERTEX
8
Flux traps
10
1485
20
835
0
VERTEX
8
Flux traps
10
1485
20
815
0
SEQEND
0
POLYLINE
8
Flux traps
70
1
40
0
41
0
66
1
0
VERTEX
8
Flux traps
10
1515
20
815
0
VERTEX
8
Flux traps
10
1515
20
835
0
VERTEX
8
Flux traps
10
1535
20
835
0
VERTEX
8
Flux traps
10
1535
20
815
0
SEQEND
0
POLYLINE
8
Flux traps
70
1
40
0
41
0
66
1
0
VERTEX
8
Flux traps
10
1665
20
815
0
VERTEX
8
Flux traps
10
1665
20
835
0
VERTEX
8
Flux traps
10
1685
20
835
0
VERTEX
8
Flux traps
10
1685
20
815
0
SEQEND
0
POLYLINE
8
Flux traps
70
1
40
0
41
0
66
1
0
VERTEX
8
Flux traps
10
1715
20
815
0
VERTEX
8
Flux traps
10
1715
20
835
0
VERTEX
8
Flux traps
10
1735
20
835
0
VERTEX
8
Flux traps
10
1735
20
815
0
SEQEND
0
POLYLINE
8
Flux traps
70
1
40
0
41
0
66
1
0
VERTEX
8
Flux traps
10
1765
20
815
0
VERTEX
8
Flux traps
10
1765
20
835
0
VERTEX
8
Flux traps
10
1785
20
835
0
VERTEX
8
Flux traps
10
1785
20
815
0
SEQEND
0
POLYLINE
8
Flux traps
70
1
40
0
41
0
66
1
0
VERTEX
8
Flux traps
10
1815
20
815
0
VERTEX
8
Flux traps
10
1815
20
835
0
VERTEX
8
Flux traps
10
1835
20
835
0
VERTEX
8
Flux traps
10
1835
20
815
0
SEQEND
0
POLYLINE
8
Flux traps
70
1
40
0
41
0
66
1
0
VERTEX
8
Flux traps
10
1965
20
815
0
VERTEX
8
Flux traps
10
1965
20
835
0
VERTEX
8
Flux traps
10
1985
20
835
0
VERTEX
8
Flux traps
10
1985
20
815
0
SEQEND
0
POLYLINE
8
Flux traps
70
1
40
0
41
0
66
1
0
VERTEX
8
Flux traps
10
2015
20
815
0
VERTEX
8
Flux traps
10
2015
20
835
0
VERTEX
8
Flux traps
10
2035
20
835
0
VERTEX
8
Flux traps
10
2035
20
815
0
SEQEND
0
POLYLINE
8
Flux traps
70
1
40
0
41
0
66
1
0
VERTEX
8
Flux traps
10
2065
20
815
0
VERTEX
8
Flux traps
10
2065
20
835
0
VERTEX
8
Flux traps
10
2085
20
835
0
VERTEX
8
Flux traps
10
2085
20
815
0
SEQEND
0
POLYLINE
8
Flux traps
70
1
40
0
41
0
66
1
0
VERTEX
8
Flux traps
10
1865
20
815
0
VERTEX
8
Flux traps
10
1865
20
835
0
VERTEX
8
Flux traps
10
1885
20
835
0
VERTEX
8
Flux traps
10
1885
20
815
0
SEQEND
0
POLYLINE
8
Flux traps
70
1
40
0
41
0
66
1
0
VERTEX
8
Flux traps
10
1915
20
815
0
VERTEX
8
Flux traps
10
1915
20
835
0
VERTEX
8
Flux traps
10
1935
20
835
0
VERTEX
8
Flux traps
10
1935
20
815
0
SEQEND
0
POLYLINE
8
Flux traps
70
1
40
0
41
0
66
1
0
VERTEX
8
Flux traps
10
1065
20
815
0
VERTEX
8
Flux traps
10
1065
20
835
0
VERTEX
8
Flux traps
10
1085
20
835
0
VERTEX
8
Flux traps
10
1085
20
815
0
SEQEND
0
POLYLINE
8
Flux traps
70
1
40
0
41
0
66
1
0
VERTEX
8
Flux traps
10
1115
20
815
0
VERTEX
8
Flux traps
10
1115
20
835
0
VERTEX
8
Flux traps
10
1135
20
835
0
VERTEX
8
Flux traps
10
1135
20
815
0
SEQEND
0
POLYLINE
8
Flux traps
70
1
40
0
41
0
66
1
0
VERTEX
8
Flux traps
10
1915
20
915
0
VERTEX
8
Flux traps
10
1915
20
935
0
VERTEX
8
Flux traps
10
1935
20
935
0
VERTEX
8
Flux traps
10
1935
20
915
0
SEQEND
0
POLYLINE
8
Flux traps
70
1
40
0
41
0
66
1
0
VERTEX
8
Flux traps
10
1565
20
865
0
VERTEX
8
Flux traps
10
1565
20
885
0
VERTEX
8
Flux traps
10
1585
20
885
0
VERTEX
8
Flux traps
10
1585
20
865
0
SEQEND
0
POLYLINE
8
Flux traps
70
1
40
0
41
0
66
1
0
VERTEX
8
Flux traps
10
1615
20
865
0
VERTEX
8
Flux traps
10
1615
20
885
0
VERTEX
8
Flux traps
10
1635
20
885
0
VERTEX
8
Flux traps
10
1635
20
865
0
SEQEND
0
POLYLINE
8
Flux traps
70
1
40
0
41
0
66
1
0
VERTEX
8
Flux traps
10
1565
20
915
0
VERTEX
8
Flux traps
10
1565
20
935
0
VERTEX
8
Flux traps
10
1585
20
935
0
VERTEX
8
Flux traps
10
1585
20
915
0
SEQEND
0
POLYLINE
8
Flux traps
70
1
40
0
41
0
66
1
0
VERTEX
8
Flux traps
10
1615
20
915
0
VERTEX
8
Flux traps
10
1615
20
935
0
VERTEX
8
Flux traps
10
1635
20
935
0
VERTEX
8
Flux traps
10
1635
20
915
0
SEQEND
0
POLYLINE
8
Flux traps
70
1
40
0
41
0
66
1
0
VERTEX
8
Flux traps
10
1565
20
965
0
VERTEX
8
Flux traps
10
1565
20
985
0
VERTEX
8
Flux traps
10
1585
20
985
0
VERTEX
8
Flux traps
10
1585
20
965
0
SEQEND
0
POLYLINE
8
Flux traps
70
1
40
0
41
0
66
1
0
VERTEX
8
Flux traps
10
1615
20
965
0
VERTEX
8
Flux traps
10
1615
20
985
0
VERTEX
8
Flux traps
10
1635
20
985
0
VERTEX
8
Flux traps
10
1635
20
965
0
SEQEND
0
POLYLINE
8
Flux traps
70
1
40
0
41
0
66
1
0
VERTEX
8
Flux traps
10
1565
20
1015
0
VERTEX
8
Flux traps
10
1565
20
1035
0
VERTEX
8
Flux traps
10
1585
20
1035
0
VERTEX
8
Flux traps
10
1585
20
1015
0
SEQEND
0
POLYLINE
8
Flux traps
70
1
40
0
41
0
66
1
0
VERTEX
8
Flux traps
10
1615
20
1015
0
VERTEX
8
Flux traps
10
1615
20
1035
0
VERTEX
8
Flux traps
10
1635
20
1035
0
VERTEX
8
Flux traps
10
1635
20
1015
0
SEQEND
0
POLYLINE
8
Flux traps
70
1
40
0
41
0
66
1
0
VERTEX
8
Flux traps
10
1865
20
965
0
VERTEX
8
Flux traps
10
1865
20
985
0
VERTEX
8
Flux traps
10
1885
20
985
0
VERTEX
8
Flux traps
10
1885
20
965
0
SEQEND
0
POLYLINE
8
Flux traps
70
1
40
0
41
0
66
1
0
VERTEX
8
Flux traps
10
1665
20
865
0
VERTEX
8
Flux traps
10
1665
20
885
0
VERTEX
8
Flux traps
10
1685
20
885
0
VERTEX
8
Flux traps
10
1685
20
865
0
SEQEND
0
POLYLINE
8
Flux traps
70
1
40
0
41
0
66
1
0
VERTEX
8
Flux traps
10
1715
20
865
0
VERTEX
8
Flux traps
10
1715
20
885
0
VERTEX
8
Flux traps
10
1735
20
885
0
VERTEX
8
Flux traps
10
1735
20
865
0
SEQEND
0
POLYLINE
8
Flux traps
70
1
40
0
41
0
66
1
0
VERTEX
8
Flux traps
10
1765
20
865
0
VERTEX
8
Flux traps
10
1765
20
885
0
VERTEX
8
Flux traps
10
1785
20
885
0
VERTEX
8
Flux traps
10
1785
20
865
0
SEQEND
0
POLYLINE
8
Flux traps
70
1
40
0
41
0
66
1
0
VERTEX
8
Flux traps
10
1815
20
865
0
VERTEX
8
Flux traps
10
1815
20
885
0
VERTEX
8
Flux traps
10
1835
20
885
0
VERTEX
8
Flux traps
10
1835
20
865
0
SEQEND
0
POLYLINE
8
Flux traps
70
1
40
0
41
0
66
1
0
VERTEX
8
Flux traps
10
1965
20
865
0
VERTEX
8
Flux traps
10
1965
20
885
0
VERTEX
8
Flux traps
10
1985
20
885
0
VERTEX
8
Flux traps
10
1985
20
865
0
SEQEND
0
POLYLINE
8
Flux traps
70
1
40
0
41
0
66
1
0
VERTEX
8
Flux traps
10
2015
20
865
0
VERTEX
8
Flux traps
10
2015
20
885
0
VERTEX
8
Flux traps
10
2035
20
885
0
VERTEX
8
Flux traps
10
2035
20
865
0
SEQEND
0
POLYLINE
8
Flux traps
70
1
40
0
41
0
66
1
0
VERTEX
8
Flux traps
10
2065
20
865
0
VERTEX
8
Flux traps
10
2065
20
885
0
VERTEX
8
Flux traps
10
2085
20
885
0
VERTEX
8
Flux traps
10
2085
20
865
0
SEQEND
0
POLYLINE
8
Flux traps
70
1
40
0
41
0
66
1
0
VERTEX
8
Flux traps
10
1665
20
915
0
VERTEX
8
Flux traps
10
1665
20
935
0
VERTEX
8
Flux traps
10
1685
20
935
0
VERTEX
8
Flux traps
10
1685
20
915
0
SEQEND
0
POLYLINE
8
Flux traps
70
1
40
0
41
0
66
1
0
VERTEX
8
Flux traps
10
1715
20
915
0
VERTEX
8
Flux traps
10
1715
20
935
0
VERTEX
8
Flux traps
10
1735
20
935
0
VERTEX
8
Flux traps
10
1735
20
915
0
SEQEND
0
POLYLINE
8
Flux traps
70
1
40
0
41
0
66
1
0
VERTEX
8
Flux traps
10
1765
20
915
0
VERTEX
8
Flux traps
10
1765
20
935
0
VERTEX
8
Flux traps
10
1785
20
935
0
VERTEX
8
Flux traps
10
1785
20
915
0
SEQEND
0
POLYLINE
8
Flux traps
70
1
40
0
41
0
66
1
0
VERTEX
8
Flux traps
10
1815
20
915
0
VERTEX
8
Flux traps
10
1815
20
935
0
VERTEX
8
Flux traps
10
1835
20
935
0
VERTEX
8
Flux traps
10
1835
20
915
0
SEQEND
0
POLYLINE
8
Flux traps
70
1
40
0
41
0
66
1
0
VERTEX
8
Flux traps
10
1965
20
915
0
VERTEX
8
Flux traps
10
1965
20
935
0
VERTEX
8
Flux traps
10
1985
20
935
0
VERTEX
8
Flux traps
10
1985
20
915
0
SEQEND
0
POLYLINE
8
Flux traps
70
1
40
0
41
0
66
1
0
VERTEX
8
Flux traps
10
2015
20
915
0
VERTEX
8
Flux traps
10
2015
20
935
0
VERTEX
8
Flux traps
10
2035
20
935
0
VERTEX
8
Flux traps
10
2035
20
915
0
SEQEND
0
POLYLINE
8
Flux traps
70
1
40
0
41
0
66
1
0
VERTEX
8
Flux traps
10
2065
20
915
0
VERTEX
8
Flux traps
10
2065
20
935
0
VERTEX
8
Flux traps
10
2085
20
935
0
VERTEX
8
Flux traps
10
2085
20
915
0
SEQEND
0
POLYLINE
8
Flux traps
70
1
40
0
41
0
66
1
0
VERTEX
8
Flux traps
10
1665
20
965
0
VERTEX
8
Flux traps
10
1665
20
985
0
VERTEX
8
Flux traps
10
1685
20
985
0
VERTEX
8
Flux traps
10
1685
20
965
0
SEQEND
0
POLYLINE
8
Flux traps
70
1
40
0
41
0
66
1
0
VERTEX
8
Flux traps
10
1915
20
965
0
VERTEX
8
Flux traps
10
1915
20
985
0
VERTEX
8
Flux traps
10
1935
20
985
0
VERTEX
8
Flux traps
10
1935
20
965
0
SEQEND
0
POLYLINE
8
Flux traps
70
1
40
0
41
0
66
1
0
VERTEX
8
Flux traps
10
1715
20
965
0
VERTEX
8
Flux traps
10
1715
20
985
0
VERTEX
8
Flux traps
10
1735
20
985
0
VERTEX
8
Flux traps
10
1735
20
965
0
SEQEND
0
POLYLINE
8
Flux traps
70
1
40
0
41
0
66
1
0
VERTEX
8
Flux traps
10
1765
20
965
0
VERTEX
8
Flux traps
10
1765
20
985
0
VERTEX
8
Flux traps
10
1785
20
985
0
VERTEX
8
Flux traps
10
1785
20
965
0
SEQEND
0
POLYLINE
8
Flux traps
70
1
40
0
41
0
66
1
0
VERTEX
8
Flux traps
10
1815
20
965
0
VERTEX
8
Flux traps
10
1815
20
985
0
VERTEX
8
Flux traps
10
1835
20
985
0
VERTEX
8
Flux traps
10
1835
20
965
0
SEQEND
0
POLYLINE
8
Flux traps
70
1
40
0
41
0
66
1
0
VERTEX
8
Flux traps
10
1965
20
965
0
VERTEX
8
Flux traps
10
1965
20
985
0
VERTEX
8
Flux traps
10
1985
20
985
0
VERTEX
8
Flux traps
10
1985
20
965
0
SEQEND
0
POLYLINE
8
Flux traps
70
1
40
0
41
0
66
1
0
VERTEX
8
Flux traps
10
2015
20
965
0
VERTEX
8
Flux traps
10
2015
20
985
0
VERTEX
8
Flux traps
10
2035
20
985
0
VERTEX
8
Flux traps
10
2035
20
965
0
SEQEND
0
POLYLINE
8
Flux traps
70
1
40
0
41
0
66
1
0
VERTEX
8
Flux traps
10
2065
20
965
0
VERTEX
8
Flux traps
10
2065
20
985
0
VERTEX
8
Flux traps
10
2085
20
985
0
VERTEX
8
Flux traps
10
2085
20
965
0
SEQEND
0
POLYLINE
8
Flux traps
70
1
40
0
41
0
66
1
0
VERTEX
8
Flux traps
10
1665
20
1015
0
VERTEX
8
Flux traps
10
1665
20
1035
0
VERTEX
8
Flux traps
10
1685
20
1035
0
VERTEX
8
Flux traps
10
1685
20
1015
0
SEQEND
0
POLYLINE
8
Flux traps
70
1
40
0
41
0
66
1
0
VERTEX
8
Flux traps
10
1715
20
1015
0
VERTEX
8
Flux traps
10
1715
20
1035
0
VERTEX
8
Flux traps
10
1735
20
1035
0
VERTEX
8
Flux traps
10
1735
20
1015
0
SEQEND
0
POLYLINE
8
Flux traps
70
1
40
0
41
0
66
1
0
VERTEX
8
Flux traps
10
1765
20
1015
0
VERTEX
8
Flux traps
10
1765
20
1035
0
VERTEX
8
Flux traps
10
1785
20
1035
0
VERTEX
8
Flux traps
10
1785
20
1015
0
SEQEND
0
POLYLINE
8
Flux traps
70
1
40
0
41
0
66
1
0
VERTEX
8
Flux traps
10
1815
20
1015
0
VERTEX
8
Flux traps
10
1815
20
1035
0
VERTEX
8
Flux traps
10
1835
20
1035
0
VERTEX
8
Flux traps
10
1835
20
1015
0
SEQEND
0
POLYLINE
8
Flux traps
70
1
40
0
41
0
66
1
0
VERTEX
8
Flux traps
10
1965
20
1015
0
VERTEX
8
Flux traps
10
1965
20
1035
0
VERTEX
8
Flux traps
10
1985
20
1035
0
VERTEX
8
Flux traps
10
1985
20
1015
0
SEQEND
0
POLYLINE
8
Flux traps
70
1
40
0
41
0
66
1
0
VERTEX
8
Flux traps
10
1865
20
1015
0
VERTEX
8
Flux traps
10
1865
20
1035
0
VERTEX
8
Flux traps
10
1885
20
1035
0
VERTEX
8
Flux traps
10
1885
20
1015
0
SEQEND
0
POLYLINE
8
Flux traps
70
1
40
0
41
0
66
1
0
VERTEX
8
Flux traps
10
1915
20
1015
0
VERTEX
8
Flux traps
10
1915
20
1035
0
VERTEX
8
Flux traps
10
1935
20
1035
0
VERTEX
8
Flux traps
10
1935
20
1015
0
SEQEND
0
POLYLINE
8
Flux traps
70
1
40
0
41
0
66
1
0
VERTEX
8
Flux traps
10
2015
20
1015
0
VERTEX
8
Flux traps
10
2015
20
1035
0
VERTEX
8
Flux traps
10
2035
20
1035
0
VERTEX
8
Flux traps
10
2035
20
1015
0
SEQEND
0
POLYLINE
8
Flux traps
70
1
40
0
41
0
66
1
0
VERTEX
8
Flux traps
10
2065
20
1015
0
VERTEX
8
Flux traps
10
2065
20
1035
0
VERTEX
8
Flux traps
10
2085
20
1035
0
VERTEX
8
Flux traps
10
2085
20
1015
0
SEQEND
0
POLYLINE
8
Flux traps
70
1
40
0
41
0
66
1
0
VERTEX
8
Flux traps
10
1865
20
865
0
VERTEX
8
Flux traps
10
1865
20
885
0
VERTEX
8
Flux traps
10
1885
20
885
0
VERTEX
8
Flux traps
10
1885
20
865
0
SEQEND
0
POLYLINE
8
Flux traps
70
1
40
0
41
0
66
1
0
VERTEX
8
Flux traps
10
1865
20
915
0
VERTEX
8
Flux traps
10
1865
20
935
0
VERTEX
8
Flux traps
10
1885
20
935
0
VERTEX
8
Flux traps
10
1885
20
915
0
SEQEND
0
POLYLINE
8
Flux traps
70
1
40
0
41
0
66
1
0
VERTEX
8
Flux traps
10
1915
20
865
0
VERTEX
8
Flux traps
10
1915
20
885
0
VERTEX
8
Flux traps
10
1935
20
885
0
VERTEX
8
Flux traps
10
1935
20
865
0
SEQEND
0
POLYLINE
8
Flux traps
70
1
40
0
41
0
66
1
0
VERTEX
8
Flux traps
10
1165
20
965
0
VERTEX
8
Flux traps
10
1165
20
985
0
VERTEX
8
Flux traps
10
1185
20
985
0
VERTEX
8
Flux traps
10
1185
20
965
0
SEQEND
0
POLYLINE
8
Flux traps
70
1
40
0
41
0
66
1
0
VERTEX
8
Flux traps
10
1215
20
965
0
VERTEX
8
Flux traps
10
1215
20
985
0
VERTEX
8
Flux traps
10
1235
20
985
0
VERTEX
8
Flux traps
10
1235
20
965
0
SEQEND
0
POLYLINE
8
Flux traps
70
1
40
0
41
0
66
1
0
VERTEX
8
Flux traps
10
1365
20
965
0
VERTEX
8
Flux traps
10
1365
20
985
0
VERTEX
8
Flux traps
10
1385
20
985
0
VERTEX
8
Flux traps
10
1385
20
965
0
SEQEND
0
POLYLINE
8
Flux traps
70
1
40
0
41
0
66
1
0
VERTEX
8
Flux traps
10
1415
20
965
0
VERTEX
8
Flux traps
10
1415
20
985
0
VERTEX
8
Flux traps
10
1435
20
985
0
VERTEX
8
Flux traps
10
1435
20
965
0
SEQEND
0
POLYLINE
8
Flux traps
70
1
40
0
41
0
66
1
0
VERTEX
8
Flux traps
10
1465
20
965
0
VERTEX
8
Flux traps
10
1465
20
985
0
VERTEX
8
Flux traps
10
1485
20
985
0
VERTEX
8
Flux traps
10
1485
20
965
0
SEQEND
0
POLYLINE
8
Flux traps
70
1
40
0
41
0
66
1
0
VERTEX
8
Flux traps
10
1515
20
965
0
VERTEX
8
Flux traps
10
1515
20
985
0
VERTEX
8
Flux traps
10
1535
20
985
0
VERTEX
8
Flux traps
10
1535
20
965
0
SEQEND
0
POLYLINE
8
Flux traps
70
1
40
0
41
0
66
1
0
VERTEX
8
Flux traps
10
1315
20
965
0
VERTEX
8
Flux traps
10
1315
20
985
0
VERTEX
8
Flux traps
10
1335
20
985
0
VERTEX
8
Flux traps
10
1335
20
965
0
SEQEND
0
POLYLINE
8
Flux traps
70
1
40
0
41
0
66
1
0
VERTEX
8
Flux traps
10
1265
20
1015
0
VERTEX
8
Flux traps
10
1265
20
1035
0
VERTEX
8
Flux traps
10
1285
20
1035
0
VERTEX
8
Flux traps
10
1285
20
1015
0
SEQEND
0
POLYLINE
8
Flux traps
70
1
40
0
41
0
66
1
0
VERTEX
8
Flux traps
10
1315
20
1015
0
VERTEX
8
Flux traps
10
1315
20
1035
0
VERTEX
8
Flux traps
10
1335
20
1035
0
VERTEX
8
Flux traps
10
1335
20
1015
0
SEQEND
0
POLYLINE
8
Flux traps
70
1
40
0
41
0
66
1
0
VERTEX
8
Flux traps
10
1265
20
865
0
VERTEX
8
Flux traps
10
1265
20
885
0
VERTEX
8
Flux traps
10
1285
20
885
0
VERTEX
8
Flux traps
10
1285
20
865
0
SEQEND
0
POLYLINE
8
Flux traps
70
1
40
0
41
0
66
1
0
VERTEX
8
Flux traps
10
1315
20
865
0
VERTEX
8
Flux traps
10
1315
20
885
0
VERTEX
8
Flux traps
10
1335
20
885
0
VERTEX
8
Flux traps
10
1335
20
865
0
SEQEND
0
POLYLINE
8
Flux traps
70
1
40
0
41
0
66
1
0
VERTEX
8
Flux traps
10
1265
20
915
0
VERTEX
8
Flux traps
10
1265
20
935
0
VERTEX
8
Flux traps
10
1285
20
935
0
VERTEX
8
Flux traps
10
1285
20
915
0
SEQEND
0
POLYLINE
8
Flux traps
70
1
40
0
41
0
66
1
0
VERTEX
8
Flux traps
10
1315
20
915
0
VERTEX
8
Flux traps
10
1315
20
935
0
VERTEX
8
Flux traps
10
1335
20
935
0
VERTEX
8
Flux traps
10
1335
20
915
0
SEQEND
0
POLYLINE
8
Flux traps
70
1
40
0
41
0
66
1
0
VERTEX
8
Flux traps
10
1165
20
915
0
VERTEX
8
Flux traps
10
1165
20
935
0
VERTEX
8
Flux traps
10
1185
20
935
0
VERTEX
8
Flux traps
10
1185
20
915
0
SEQEND
0
POLYLINE
8
Flux traps
70
1
40
0
41
0
66
1
0
VERTEX
8
Flux traps
10
1165
20
1015
0
VERTEX
8
Flux traps
10
1165
20
1035
0
VERTEX
8
Flux traps
10
1185
20
1035
0
VERTEX
8
Flux traps
10
1185
20
1015
0
SEQEND
0
POLYLINE
8
Flux traps
70
1
40
0
41
0
66
1
0
VERTEX
8
Flux traps
10
1215
20
1015
0
VERTEX
8
Flux traps
10
1215
20
1035
0
VERTEX
8
Flux traps
10
1235
20
1035
0
VERTEX
8
Flux traps
10
1235
20
1015
0
SEQEND
0
POLYLINE
8
Flux traps
70
1
40
0
41
0
66
1
0
VERTEX
8
Flux traps
10
1365
20
1015
0
VERTEX
8
Flux traps
10
1365
20
1035
0
VERTEX
8
Flux traps
10
1385
20
1035
0
VERTEX
8
Flux traps
10
1385
20
1015
0
SEQEND
0
POLYLINE
8
Flux traps
70
1
40
0
41
0
66
1
0
VERTEX
8
Flux traps
10
1415
20
1015
0
VERTEX
8
Flux traps
10
1415
20
1035
0
VERTEX
8
Flux traps
10
1435
20
1035
0
VERTEX
8
Flux traps
10
1435
20
1015
0
SEQEND
0
POLYLINE
8
Flux traps
70
1
40
0
41
0
66
1
0
VERTEX
8
Flux traps
10
1465
20
1015
0
VERTEX
8
Flux traps
10
1465
20
1035
0
VERTEX
8
Flux traps
10
1485
20
1035
0
VERTEX
8
Flux traps
10
1485
20
1015
0
SEQEND
0
POLYLINE
8
Flux traps
70
1
40
0
41
0
66
1
0
VERTEX
8
Flux traps
10
1515
20
1015
0
VERTEX
8
Flux traps
10
1515
20
1035
0
VERTEX
8
Flux traps
10
1535
20
1035
0
VERTEX
8
Flux traps
10
1535
20
1015
0
SEQEND
0
POLYLINE
8
Flux traps
70
1
40
0
41
0
66
1
0
VERTEX
8
Flux traps
10
1215
20
915
0
VERTEX
8
Flux traps
10
1215
20
935
0
VERTEX
8
Flux traps
10
1235
20
935
0
VERTEX
8
Flux traps
10
1235
20
915
0
SEQEND
0
POLYLINE
8
Flux traps
70
1
40
0
41
0
66
1
0
VERTEX
8
Flux traps
10
1365
20
915
0
VERTEX
8
Flux traps
10
1365
20
935
0
VERTEX
8
Flux traps
10
1385
20
935
0
VERTEX
8
Flux traps
10
1385
20
915
0
SEQEND
0
POLYLINE
8
Flux traps
70
1
40
0
41
0
66
1
0
VERTEX
8
Flux traps
10
1415
20
915
0
VERTEX
8
Flux traps
10
1415
20
935
0
VERTEX
8
Flux traps
10
1435
20
935
0
VERTEX
8
Flux traps
10
1435
20
915
0
SEQEND
0
POLYLINE
8
Flux traps
70
1
40
0
41
0
66
1
0
VERTEX
8
Flux traps
10
1465
20
915
0
VERTEX
8
Flux traps
10
1465
20
935
0
VERTEX
8
Flux traps
10
1485
20
935
0
VERTEX
8
Flux traps
10
1485
20
915
0
SEQEND
0
POLYLINE
8
Flux traps
70
1
40
0
41
0
66
1
0
VERTEX
8
Flux traps
10
1515
20
915
0
VERTEX
8
Flux traps
10
1515
20
935
0
VERTEX
8
Flux traps
10
1535
20
935
0
VERTEX
8
Flux traps
10
1535
20
915
0
SEQEND
0
POLYLINE
8
Flux traps
70
1
40
0
41
0
66
1
0
VERTEX
8
Flux traps
10
1265
20
965
0
VERTEX
8
Flux traps
10
1265
20
985
0
VERTEX
8
Flux traps
10
1285
20
985
0
VERTEX
8
Flux traps
10
1285
20
965
0
SEQEND
0
POLYLINE
8
Flux traps
70
1
40
0
41
0
66
1
0
VERTEX
8
Flux traps
10
1165
20
865
0
VERTEX
8
Flux traps
10
1165
20
885
0
VERTEX
8
Flux traps
10
1185
20
885
0
VERTEX
8
Flux traps
10
1185
20
865
0
SEQEND
0
POLYLINE
8
Flux traps
70
1
40
0
41
0
66
1
0
VERTEX
8
Flux traps
10
1065
20
865
0
VERTEX
8
Flux traps
10
1065
20
885
0
VERTEX
8
Flux traps
10
1085
20
885
0
VERTEX
8
Flux traps
10
1085
20
865
0
SEQEND
0
POLYLINE
8
Flux traps
70
1
40
0
41
0
66
1
0
VERTEX
8
Flux traps
10
1065
20
915
0
VERTEX
8
Flux traps
10
1065
20
935
0
VERTEX
8
Flux traps
10
1085
20
935
0
VERTEX
8
Flux traps
10
1085
20
915
0
SEQEND
0
POLYLINE
8
Flux traps
70
1
40
0
41
0
66
1
0
VERTEX
8
Flux traps
10
1065
20
965
0
VERTEX
8
Flux traps
10
1065
20
985
0
VERTEX
8
Flux traps
10
1085
20
985
0
VERTEX
8
Flux traps
10
1085
20
965
0
SEQEND
0
POLYLINE
8
Flux traps
70
1
40
0
41
0
66
1
0
VERTEX
8
Flux traps
10
1065
20
1015
0
VERTEX
8
Flux traps
10
1065
20
1035
0
VERTEX
8
Flux traps
10
1085
20
1035
0
VERTEX
8
Flux traps
10
1085
20
1015
0
SEQEND
0
POLYLINE
8
Flux traps
70
1
40
0
41
0
66
1
0
VERTEX
8
Flux traps
10
1215
20
865
0
VERTEX
8
Flux traps
10
1215
20
885
0
VERTEX
8
Flux traps
10
1235
20
885
0
VERTEX
8
Flux traps
10
1235
20
865
0
SEQEND
0
POLYLINE
8
Flux traps
70
1
40
0
41
0
66
1
0
VERTEX
8
Flux traps
10
1365
20
865
0
VERTEX
8
Flux traps
10
1365
20
885
0
VERTEX
8
Flux traps
10
1385
20
885
0
VERTEX
8
Flux traps
10
1385
20
865
0
SEQEND
0
POLYLINE
8
Flux traps
70
1
40
0
41
0
66
1
0
VERTEX
8
Flux traps
10
1415
20
865
0
VERTEX
8
Flux traps
10
1415
20
885
0
VERTEX
8
Flux traps
10
1435
20
885
0
VERTEX
8
Flux traps
10
1435
20
865
0
SEQEND
0
POLYLINE
8
Flux traps
70
1
40
0
41
0
66
1
0
VERTEX
8
Flux traps
10
1465
20
865
0
VERTEX
8
Flux traps
10
1465
20
885
0
VERTEX
8
Flux traps
10
1485
20
885
0
VERTEX
8
Flux traps
10
1485
20
865
0
SEQEND
0
POLYLINE
8
Flux traps
70
1
40
0
41
0
66
1
0
VERTEX
8
Flux traps
10
1115
20
865
0
VERTEX
8
Flux traps
10
1115
20
885
0
VERTEX
8
Flux traps
10
1135
20
885
0
VERTEX
8
Flux traps
10
1135
20
865
0
SEQEND
0
POLYLINE
8
Flux traps
70
1
40
0
41
0
66
1
0
VERTEX
8
Flux traps
10
1115
20
915
0
VERTEX
8
Flux traps
10
1115
20
935
0
VERTEX
8
Flux traps
10
1135
20
935
0
VERTEX
8
Flux traps
10
1135
20
915
0
SEQEND
0
POLYLINE
8
Flux traps
70
1
40
0
41
0
66
1
0
VERTEX
8
Flux traps
10
1115
20
965
0
VERTEX
8
Flux traps
10
1115
20
985
0
VERTEX
8
Flux traps
10
1135
20
985
0
VERTEX
8
Flux traps
10
1135
20
965
0
SEQEND
0
POLYLINE
8
Flux traps
70
1
40
0
41
0
66
1
0
VERTEX
8
Flux traps
10
1115
20
1015
0
VERTEX
8
Flux traps
10
1115
20
1035
0
VERTEX
8
Flux traps
10
1135
20
1035
0
VERTEX
8
Flux traps
10
1135
20
1015
0
SEQEND
0
POLYLINE
8
Flux traps
70
1
40
0
41
0
66
1
0
VERTEX
8
Flux traps
10
1515
20
865
0
VERTEX
8
Flux traps
10
1515
20
885
0
VERTEX
8
Flux traps
10
1535
20
885
0
VERTEX
8
Flux traps
10
1535
20
865
0
SEQEND
0
POLYLINE
8
Flux traps
70
1
40
0
41
0
66
1
0
VERTEX
8
Flux traps
10
1165
20
765
0
VERTEX
8
Flux traps
10
1165
20
785
0
VERTEX
8
Flux traps
10
1185
20
785
0
VERTEX
8
Flux traps
10
1185
20
765
0
SEQEND
0
POLYLINE
8
Flux traps
70
1
40
0
41
0
66
1
0
VERTEX
8
Flux traps
10
1215
20
765
0
VERTEX
8
Flux traps
10
1215
20
785
0
VERTEX
8
Flux traps
10
1235
20
785
0
VERTEX
8
Flux traps
10
1235
20
765
0
SEQEND
0
POLYLINE
8
Flux traps
70
1
40
0
41
0
66
1
0
VERTEX
8
Flux traps
10
1365
20
765
0
VERTEX
8
Flux traps
10
1365
20
785
0
VERTEX
8
Flux traps
10
1385
20
785
0
VERTEX
8
Flux traps
10
1385
20
765
0
SEQEND
0
POLYLINE
8
Flux traps
70
1
40
0
41
0
66
1
0
VERTEX
8
Flux traps
10
1415
20
765
0
VERTEX
8
Flux traps
10
1415
20
785
0
VERTEX
8
Flux traps
10
1435
20
785
0
VERTEX
8
Flux traps
10
1435
20
765
0
SEQEND
0
POLYLINE
8
Flux traps
70
1
40
0
41
0
66
1
0
VERTEX
8
Flux traps
10
1465
20
765
0
VERTEX
8
Flux traps
10
1465
20
785
0
VERTEX
8
Flux traps
10
1485
20
785
0
VERTEX
8
Flux traps
10
1485
20
765
0
SEQEND
0
POLYLINE
8
Flux traps
70
1
40
0
41
0
66
1
0
VERTEX
8
Flux traps
10
1215
20
615
0
VERTEX
8
Flux traps
10
1215
20
635
0
VERTEX
8
Flux traps
10
1235
20
635
0
VERTEX
8
Flux traps
10
1235
20
615
0
SEQEND
0
POLYLINE
8
Flux traps
70
1
40
0
41
0
66
1
0
VERTEX
8
Flux traps
10
1265
20
615
0
VERTEX
8
Flux traps
10
1265
20
635
0
VERTEX
8
Flux traps
10
1285
20
635
0
VERTEX
8
Flux traps
10
1285
20
615
0
SEQEND
0
POLYLINE
8
Flux traps
70
1
40
0
41
0
66
1
0
VERTEX
8
Flux traps
10
1315
20
615
0
VERTEX
8
Flux traps
10
1315
20
635
0
VERTEX
8
Flux traps
10
1335
20
635
0
VERTEX
8
Flux traps
10
1335
20
615
0
SEQEND
0
POLYLINE
8
Flux traps
70
1
40
0
41
0
66
1
0
VERTEX
8
Flux traps
10
1365
20
615
0
VERTEX
8
Flux traps
10
1365
20
635
0
VERTEX
8
Flux traps
10
1385
20
635
0
VERTEX
8
Flux traps
10
1385
20
615
0
SEQEND
0
POLYLINE
8
Flux traps
70
1
40
0
41
0
66
1
0
VERTEX
8
Flux traps
10
1415
20
615
0
VERTEX
8
Flux traps
10
1415
20
635
0
VERTEX
8
Flux traps
10
1435
20
635
0
VERTEX
8
Flux traps
10
1435
20
615
0
SEQEND
0
POLYLINE
8
Flux traps
70
1
40
0
41
0
66
1
0
VERTEX
8
Flux traps
10
1465
20
615
0
VERTEX
8
Flux traps
10
1465
20
635
0
VERTEX
8
Flux traps
10
1485
20
635
0
VERTEX
8
Flux traps
10
1485
20
615
0
SEQEND
0
POLYLINE
8
Flux traps
70
1
40
0
41
0
66
1
0
VERTEX
8
Flux traps
10
1265
20
765
0
VERTEX
8
Flux traps
10
1265
20
785
0
VERTEX
8
Flux traps
10
1285
20
785
0
VERTEX
8
Flux traps
10
1285
20
765
0
SEQEND
0
POLYLINE
8
Flux traps
70
1
40
0
41
0
66
1
0
VERTEX
8
Flux traps
10
1315
20
765
0
VERTEX
8
Flux traps
10
1315
20
785
0
VERTEX
8
Flux traps
10
1335
20
785
0
VERTEX
8
Flux traps
10
1335
20
765
0
SEQEND
0
POLYLINE
8
Flux traps
70
1
40
0
41
0
66
1
0
VERTEX
8
Flux traps
10
1165
20
615
0
VERTEX
8
Flux traps
10
1165
20
635
0
VERTEX
8
Flux traps
10
1185
20
635
0
VERTEX
8
Flux traps
10
1185
20
615
0
SEQEND
0
POLYLINE
8
Flux traps
70
1
40
0
41
0
66
1
0
VERTEX
8
Flux traps
10
1065
20
615
0
VERTEX
8
Flux traps
10
1065
20
635
0
VERTEX
8
Flux traps
10
1085
20
635
0
VERTEX
8
Flux traps
10
1085
20
615
0
SEQEND
0
POLYLINE
8
Flux traps
70
1
40
0
41
0
66
1
0
VERTEX
8
Flux traps
10
1065
20
665
0
VERTEX
8
Flux traps
10
1065
20
685
0
VERTEX
8
Flux traps
10
1085
20
685
0
VERTEX
8
Flux traps
10
1085
20
665
0
SEQEND
0
POLYLINE
8
Flux traps
70
1
40
0
41
0
66
1
0
VERTEX
8
Flux traps
10
1065
20
715
0
VERTEX
8
Flux traps
10
1065
20
735
0
VERTEX
8
Flux traps
10
1085
20
735
0
VERTEX
8
Flux traps
10
1085
20
715
0
SEQEND
0
POLYLINE
8
Flux traps
70
1
40
0
41
0
66
1
0
VERTEX
8
Flux traps
10
1065
20
765
0
VERTEX
8
Flux traps
10
1065
20
785
0
VERTEX
8
Flux traps
10
1085
20
785
0
VERTEX
8
Flux traps
10
1085
20
765
0
SEQEND
0
POLYLINE
8
Flux traps
70
1
40
0
41
0
66
1
0
VERTEX
8
Flux traps
10
1165
20
665
0
VERTEX
8
Flux traps
10
1165
20
685
0
VERTEX
8
Flux traps
10
1185
20
685
0
VERTEX
8
Flux traps
10
1185
20
665
0
SEQEND
0
POLYLINE
8
Flux traps
70
1
40
0
41
0
66
1
0
VERTEX
8
Flux traps
10
1215
20
665
0
VERTEX
8
Flux traps
10
1215
20
685
0
VERTEX
8
Flux traps
10
1235
20
685
0
VERTEX
8
Flux traps
10
1235
20
665
0
SEQEND
0
POLYLINE
8
Flux traps
70
1
40
0
41
0
66
1
0
VERTEX
8
Flux traps
10
1265
20
665
0
VERTEX
8
Flux traps
10
1265
20
685
0
VERTEX
8
Flux traps
10
1285
20
685
0
VERTEX
8
Flux traps
10
1285
20
665
0
SEQEND
0
POLYLINE
8
Flux traps
70
1
40
0
41
0
66
1
0
VERTEX
8
Flux traps
10
1315
20
665
0
VERTEX
8
Flux traps
10
1315
20
685
0
VERTEX
8
Flux traps
10
1335
20
685
0
VERTEX
8
Flux traps
10
1335
20
665
0
SEQEND
0
POLYLINE
8
Flux traps
70
1
40
0
41
0
66
1
0
VERTEX
8
Flux traps
10
1365
20
665
0
VERTEX
8
Flux traps
10
1365
20
685
0
VERTEX
8
Flux traps
10
1385
20
685
0
VERTEX
8
Flux traps
10
1385
20
665
0
SEQEND
0
POLYLINE
8
Flux traps
70
1
40
0
41
0
66
1
0
VERTEX
8
Flux traps
10
1415
20
665
0
VERTEX
8
Flux traps
10
1415
20
685
0
VERTEX
8
Flux traps
10
1435
20
685
0
VERTEX
8
Flux traps
10
1435
20
665
0
SEQEND
0
POLYLINE
8
Flux traps
70
1
40
0
41
0
66
1
0
VERTEX
8
Flux traps
10
1465
20
665
0
VERTEX
8
Flux traps
10
1465
20
685
0
VERTEX
8
Flux traps
10
1485
20
685
0
VERTEX
8
Flux traps
10
1485
20
665
0
SEQEND
0
POLYLINE
8
Flux traps
70
1
40
0
41
0
66
1
0
VERTEX
8
Flux traps
10
1165
20
715
0
VERTEX
8
Flux traps
10
1165
20
735
0
VERTEX
8
Flux traps
10
1185
20
735
0
VERTEX
8
Flux traps
10
1185
20
715
0
SEQEND
0
POLYLINE
8
Flux traps
70
1
40
0
41
0
66
1
0
VERTEX
8
Flux traps
10
1115
20
615
0
VERTEX
8
Flux traps
10
1115
20
635
0
VERTEX
8
Flux traps
10
1135
20
635
0
VERTEX
8
Flux traps
10
1135
20
615
0
SEQEND
0
POLYLINE
8
Flux traps
70
1
40
0
41
0
66
1
0
VERTEX
8
Flux traps
10
1115
20
665
0
VERTEX
8
Flux traps
10
1115
20
685
0
VERTEX
8
Flux traps
10
1135
20
685
0
VERTEX
8
Flux traps
10
1135
20
665
0
SEQEND
0
POLYLINE
8
Flux traps
70
1
40
0
41
0
66
1
0
VERTEX
8
Flux traps
10
1115
20
715
0
VERTEX
8
Flux traps
10
1115
20
735
0
VERTEX
8
Flux traps
10
1135
20
735
0
VERTEX
8
Flux traps
10
1135
20
715
0
SEQEND
0
POLYLINE
8
Flux traps
70
1
40
0
41
0
66
1
0
VERTEX
8
Flux traps
10
1115
20
765
0
VERTEX
8
Flux traps
10
1115
20
785
0
VERTEX
8
Flux traps
10
1135
20
785
0
VERTEX
8
Flux traps
10
1135
20
765
0
SEQEND
0
POLYLINE
8
Flux traps
70
1
40
0
41
0
66
1
0
VERTEX
8
Flux traps
10
1215
20
715
0
VERTEX
8
Flux traps
10
1215
20
735
0
VERTEX
8
Flux traps
10
1235
20
735
0
VERTEX
8
Flux traps
10
1235
20
715
0
SEQEND
0
POLYLINE
8
Flux traps
70
1
40
0
41
0
66
1
0
VERTEX
8
Flux traps
10
1265
20
715
0
VERTEX
8
Flux traps
10
1265
20
735
0
VERTEX
8
Flux traps
10
1285
20
735
0
VERTEX
8
Flux traps
10
1285
20
715
0
SEQEND
0
POLYLINE
8
Flux traps
70
1
40
0
41
0
66
1
0
VERTEX
8
Flux traps
10
1315
20
715
0
VERTEX
8
Flux traps
10
1315
20
735
0
VERTEX
8
Flux traps
10
1335
20
735
0
VERTEX
8
Flux traps
10
1335
20
715
0
SEQEND
0
POLYLINE
8
Flux traps
70
1
40
0
41
0
66
1
0
VERTEX
8
Flux traps
10
1365
20
715
0
VERTEX
8
Flux traps
10
1365
20
735
0
VERTEX
8
Flux traps
10
1385
20
735
0
VERTEX
8
Flux traps
10
1385
20
715
0
SEQEND
0
POLYLINE
8
Flux traps
70
1
40
0
41
0
66
1
0
VERTEX
8
Flux traps
10
1415
20
715
0
VERTEX
8
Flux traps
10
1415
20
735
0
VERTEX
8
Flux traps
10
1435
20
735
0
VERTEX
8
Flux traps
10
1435
20
715
0
SEQEND
0
POLYLINE
8
Flux traps
70
1
40
0
41
0
66
1
0
VERTEX
8
Flux traps
10
1465
20
715
0
VERTEX
8
Flux traps
10
1465
20
735
0
VERTEX
8
Flux traps
10
1485
20
735
0
VERTEX
8
Flux traps
10
1485
20
715
0
SEQEND
0
POLYLINE
8
Flux traps
70
1
40
0
41
0
66
1
0
VERTEX
8
Flux traps
10
1865
20
715
0
VERTEX
8
Flux traps
10
1865
20
735
0
VERTEX
8
Flux traps
10
1885
20
735
0
VERTEX
8
Flux traps
10
1885
20
715
0
SEQEND
0
POLYLINE
8
Flux traps
70
1
40
0
41
0
66
1
0
VERTEX
8
Flux traps
10
1715
20
765
0
VERTEX
8
Flux traps
10
1715
20
785
0
VERTEX
8
Flux traps
10
1735
20
785
0
VERTEX
8
Flux traps
10
1735
20
765
0
SEQEND
0
POLYLINE
8
Flux traps
70
1
40
0
41
0
66
1
0
VERTEX
8
Flux traps
10
1765
20
765
0
VERTEX
8
Flux traps
10
1765
20
785
0
VERTEX
8
Flux traps
10
1785
20
785
0
VERTEX
8
Flux traps
10
1785
20
765
0
SEQEND
0
POLYLINE
8
Flux traps
70
1
40
0
41
0
66
1
0
VERTEX
8
Flux traps
10
1815
20
765
0
VERTEX
8
Flux traps
10
1815
20
785
0
VERTEX
8
Flux traps
10
1835
20
785
0
VERTEX
8
Flux traps
10
1835
20
765
0
SEQEND
0
POLYLINE
8
Flux traps
70
1
40
0
41
0
66
1
0
VERTEX
8
Flux traps
10
1965
20
765
0
VERTEX
8
Flux traps
10
1965
20
785
0
VERTEX
8
Flux traps
10
1985
20
785
0
VERTEX
8
Flux traps
10
1985
20
765
0
SEQEND
0
POLYLINE
8
Flux traps
70
1
40
0
41
0
66
1
0
VERTEX
8
Flux traps
10
1915
20
765
0
VERTEX
8
Flux traps
10
1915
20
785
0
VERTEX
8
Flux traps
10
1935
20
785
0
VERTEX
8
Flux traps
10
1935
20
765
0
SEQEND
0
POLYLINE
8
Flux traps
70
1
40
0
41
0
66
1
0
VERTEX
8
Flux traps
10
2015
20
765
0
VERTEX
8
Flux traps
10
2015
20
785
0
VERTEX
8
Flux traps
10
2035
20
785
0
VERTEX
8
Flux traps
10
2035
20
765
0
SEQEND
0
POLYLINE
8
Flux traps
70
1
40
0
41
0
66
1
0
VERTEX
8
Flux traps
10
2065
20
765
0
VERTEX
8
Flux traps
10
2065
20
785
0
VERTEX
8
Flux traps
10
2085
20
785
0
VERTEX
8
Flux traps
10
2085
20
765
0
SEQEND
0
POLYLINE
8
Flux traps
70
1
40
0
41
0
66
1
0
VERTEX
8
Flux traps
10
1915
20
715
0
VERTEX
8
Flux traps
10
1915
20
735
0
VERTEX
8
Flux traps
10
1935
20
735
0
VERTEX
8
Flux traps
10
1935
20
715
0
SEQEND
0
POLYLINE
8
Flux traps
70
1
40
0
41
0
66
1
0
VERTEX
8
Flux traps
10
1715
20
665
0
VERTEX
8
Flux traps
10
1715
20
685
0
VERTEX
8
Flux traps
10
1735
20
685
0
VERTEX
8
Flux traps
10
1735
20
665
0
SEQEND
0
POLYLINE
8
Flux traps
70
1
40
0
41
0
66
1
0
VERTEX
8
Flux traps
10
1765
20
665
0
VERTEX
8
Flux traps
10
1765
20
685
0
VERTEX
8
Flux traps
10
1785
20
685
0
VERTEX
8
Flux traps
10
1785
20
665
0
SEQEND
0
POLYLINE
8
Flux traps
70
1
40
0
41
0
66
1
0
VERTEX
8
Flux traps
10
1815
20
665
0
VERTEX
8
Flux traps
10
1815
20
685
0
VERTEX
8
Flux traps
10
1835
20
685
0
VERTEX
8
Flux traps
10
1835
20
665
0
SEQEND
0
POLYLINE
8
Flux traps
70
1
40
0
41
0
66
1
0
VERTEX
8
Flux traps
10
1965
20
665
0
VERTEX
8
Flux traps
10
1965
20
685
0
VERTEX
8
Flux traps
10
1985
20
685
0
VERTEX
8
Flux traps
10
1985
20
665
0
SEQEND
0
POLYLINE
8
Flux traps
70
1
40
0
41
0
66
1
0
VERTEX
8
Flux traps
10
2015
20
665
0
VERTEX
8
Flux traps
10
2015
20
685
0
VERTEX
8
Flux traps
10
2035
20
685
0
VERTEX
8
Flux traps
10
2035
20
665
0
SEQEND
0
POLYLINE
8
Flux traps
70
1
40
0
41
0
66
1
0
VERTEX
8
Flux traps
10
2065
20
665
0
VERTEX
8
Flux traps
10
2065
20
685
0
VERTEX
8
Flux traps
10
2085
20
685
0
VERTEX
8
Flux traps
10
2085
20
665
0
SEQEND
0
POLYLINE
8
Flux traps
70
1
40
0
41
0
66
1
0
VERTEX
8
Flux traps
10
1865
20
765
0
VERTEX
8
Flux traps
10
1865
20
785
0
VERTEX
8
Flux traps
10
1885
20
785
0
VERTEX
8
Flux traps
10
1885
20
765
0
SEQEND
0
POLYLINE
8
Flux traps
70
1
40
0
41
0
66
1
0
VERTEX
8
Flux traps
10
1715
20
615
0
VERTEX
8
Flux traps
10
1715
20
635
0
VERTEX
8
Flux traps
10
1735
20
635
0
VERTEX
8
Flux traps
10
1735
20
615
0
SEQEND
0
POLYLINE
8
Flux traps
70
1
40
0
41
0
66
1
0
VERTEX
8
Flux traps
10
1765
20
615
0
VERTEX
8
Flux traps
10
1765
20
635
0
VERTEX
8
Flux traps
10
1785
20
635
0
VERTEX
8
Flux traps
10
1785
20
615
0
SEQEND
0
POLYLINE
8
Flux traps
70
1
40
0
41
0
66
1
0
VERTEX
8
Flux traps
10
1815
20
615
0
VERTEX
8
Flux traps
10
1815
20
635
0
VERTEX
8
Flux traps
10
1835
20
635
0
VERTEX
8
Flux traps
10
1835
20
615
0
SEQEND
0
POLYLINE
8
Flux traps
70
1
40
0
41
0
66
1
0
VERTEX
8
Flux traps
10
1965
20
615
0
VERTEX
8
Flux traps
10
1965
20
635
0
VERTEX
8
Flux traps
10
1985
20
635
0
VERTEX
8
Flux traps
10
1985
20
615
0
SEQEND
0
POLYLINE
8
Flux traps
70
1
40
0
41
0
66
1
0
VERTEX
8
Flux traps
10
2015
20
615
0
VERTEX
8
Flux traps
10
2015
20
635
0
VERTEX
8
Flux traps
10
2035
20
635
0
VERTEX
8
Flux traps
10
2035
20
615
0
SEQEND
0
POLYLINE
8
Flux traps
70
1
40
0
41
0
66
1
0
VERTEX
8
Flux traps
10
2065
20
615
0
VERTEX
8
Flux traps
10
2065
20
635
0
VERTEX
8
Flux traps
10
2085
20
635
0
VERTEX
8
Flux traps
10
2085
20
615
0
SEQEND
0
POLYLINE
8
Flux traps
70
1
40
0
41
0
66
1
0
VERTEX
8
Flux traps
10
1715
20
715
0
VERTEX
8
Flux traps
10
1715
20
735
0
VERTEX
8
Flux traps
10
1735
20
735
0
VERTEX
8
Flux traps
10
1735
20
715
0
SEQEND
0
POLYLINE
8
Flux traps
70
1
40
0
41
0
66
1
0
VERTEX
8
Flux traps
10
1765
20
715
0
VERTEX
8
Flux traps
10
1765
20
735
0
VERTEX
8
Flux traps
10
1785
20
735
0
VERTEX
8
Flux traps
10
1785
20
715
0
SEQEND
0
POLYLINE
8
Flux traps
70
1
40
0
41
0
66
1
0
VERTEX
8
Flux traps
10
1815
20
715
0
VERTEX
8
Flux traps
10
1815
20
735
0
VERTEX
8
Flux traps
10
1835
20
735
0
VERTEX
8
Flux traps
10
1835
20
715
0
SEQEND
0
POLYLINE
8
Flux traps
70
1
40
0
41
0
66
1
0
VERTEX
8
Flux traps
10
1965
20
715
0
VERTEX
8
Flux traps
10
1965
20
735
0
VERTEX
8
Flux traps
10
1985
20
735
0
VERTEX
8
Flux traps
10
1985
20
715
0
SEQEND
0
POLYLINE
8
Flux traps
70
1
40
0
41
0
66
1
0
VERTEX
8
Flux traps
10
2015
20
715
0
VERTEX
8
Flux traps
10
2015
20
735
0
VERTEX
8
Flux traps
10
2035
20
735
0
VERTEX
8
Flux traps
10
2035
20
715
0
SEQEND
0
POLYLINE
8
Flux traps
70
1
40
0
41
0
66
1
0
VERTEX
8
Flux traps
10
2065
20
715
0
VERTEX
8
Flux traps
10
2065
20
735
0
VERTEX
8
Flux traps
10
2085
20
735
0
VERTEX
8
Flux traps
10
2085
20
715
0
SEQEND
0
POLYLINE
8
Flux traps
70
1
40
0
41
0
66
1
0
VERTEX
8
Flux traps
10
1865
20
615
0
VERTEX
8
Flux traps
10
1865
20
635
0
VERTEX
8
Flux traps
10
1885
20
635
0
VERTEX
8
Flux traps
10
1885
20
615
0
SEQEND
0
POLYLINE
8
Flux traps
70
1
40
0
41
0
66
1
0
VERTEX
8
Flux traps
10
1915
20
615
0
VERTEX
8
Flux traps
10
1915
20
635
0
VERTEX
8
Flux traps
10
1935
20
635
0
VERTEX
8
Flux traps
10
1935
20
615
0
SEQEND
0
POLYLINE
8
Flux traps
70
1
40
0
41
0
66
1
0
VERTEX
8
Flux traps
10
1865
20
665
0
VERTEX
8
Flux traps
10
1865
20
685
0
VERTEX
8
Flux traps
10
1885
20
685
0
VERTEX
8
Flux traps
10
1885
20
665
0
SEQEND
0
POLYLINE
8
Flux traps
70
1
40
0
41
0
66
1
0
VERTEX
8
Flux traps
10
1915
20
665
0
VERTEX
8
Flux traps
10
1915
20
685
0
VERTEX
8
Flux traps
10
1935
20
685
0
VERTEX
8
Flux traps
10
1935
20
665
0
SEQEND
0
POLYLINE
8
Flux traps
70
1
40
0
41
0
66
1
0
VERTEX
8
Flux traps
10
565
20
815
0
VERTEX
8
Flux traps
10
565
20
835
0
VERTEX
8
Flux traps
10
585
20
835
0
VERTEX
8
Flux traps
10
585
20
815
0
SEQEND
0
POLYLINE
8
Flux traps
70
1
40
0
41
0
66
1
0
VERTEX
8
Flux traps
10
15
20
815
0
VERTEX
8
Flux traps
10
15
20
835
0
VERTEX
8
Flux traps
10
35
20
835
0
VERTEX
8
Flux traps
10
35
20
815
0
SEQEND
0
POLYLINE
8
Flux traps
70
1
40
0
41
0
66
1
0
VERTEX
8
Flux traps
10
615
20
815
0
VERTEX
8
Flux traps
10
615
20
835
0
VERTEX
8
Flux traps
10
635
20
835
0
VERTEX
8
Flux traps
10
635
20
815
0
SEQEND
0
POLYLINE
8
Flux traps
70
1
40
0
41
0
66
1
0
VERTEX
8
Flux traps
10
815
20
815
0
VERTEX
8
Flux traps
10
815
20
835
0
VERTEX
8
Flux traps
10
835
20
835
0
VERTEX
8
Flux traps
10
835
20
815
0
SEQEND
0
POLYLINE
8
Flux traps
70
1
40
0
41
0
66
1
0
VERTEX
8
Flux traps
10
315
20
815
0
VERTEX
8
Flux traps
10
315
20
835
0
VERTEX
8
Flux traps
10
335
20
835
0
VERTEX
8
Flux traps
10
335
20
815
0
SEQEND
0
POLYLINE
8
Flux traps
70
1
40
0
41
0
66
1
0
VERTEX
8
Flux traps
10
265
20
815
0
VERTEX
8
Flux traps
10
265
20
835
0
VERTEX
8
Flux traps
10
285
20
835
0
VERTEX
8
Flux traps
10
285
20
815
0
SEQEND
0
POLYLINE
8
Flux traps
70
1
40
0
41
0
66
1
0
VERTEX
8
Flux traps
10
965
20
815
0
VERTEX
8
Flux traps
10
965
20
835
0
VERTEX
8
Flux traps
10
985
20
835
0
VERTEX
8
Flux traps
10
985
20
815
0
SEQEND
0
POLYLINE
8
Flux traps
70
1
40
0
41
0
66
1
0
VERTEX
8
Flux traps
10
865
20
815
0
VERTEX
8
Flux traps
10
865
20
835
0
VERTEX
8
Flux traps
10
885
20
835
0
VERTEX
8
Flux traps
10
885
20
815
0
SEQEND
0
POLYLINE
8
Flux traps
70
1
40
0
41
0
66
1
0
VERTEX
8
Flux traps
10
215
20
815
0
VERTEX
8
Flux traps
10
215
20
835
0
VERTEX
8
Flux traps
10
235
20
835
0
VERTEX
8
Flux traps
10
235
20
815
0
SEQEND
0
POLYLINE
8
Flux traps
70
1
40
0
41
0
66
1
0
VERTEX
8
Flux traps
10
1015
20
815
0
VERTEX
8
Flux traps
10
1015
20
835
0
VERTEX
8
Flux traps
10
1035
20
835
0
VERTEX
8
Flux traps
10
1035
20
815
0
SEQEND
0
POLYLINE
8
Flux traps
70
1
40
0
41
0
66
1
0
VERTEX
8
Flux traps
10
765
20
815
0
VERTEX
8
Flux traps
10
765
20
835
0
VERTEX
8
Flux traps
10
785
20
835
0
VERTEX
8
Flux traps
10
785
20
815
0
SEQEND
0
POLYLINE
8
Flux traps
70
1
40
0
41
0
66
1
0
VERTEX
8
Flux traps
10
915
20
815
0
VERTEX
8
Flux traps
10
915
20
835
0
VERTEX
8
Flux traps
10
935
20
835
0
VERTEX
8
Flux traps
10
935
20
815
0
SEQEND
0
POLYLINE
8
Flux traps
70
1
40
0
41
0
66
1
0
VERTEX
8
Flux traps
10
465
20
815
0
VERTEX
8
Flux traps
10
465
20
835
0
VERTEX
8
Flux traps
10
485
20
835
0
VERTEX
8
Flux traps
10
485
20
815
0
SEQEND
0
POLYLINE
8
Flux traps
70
1
40
0
41
0
66
1
0
VERTEX
8
Flux traps
10
515
20
615
0
VERTEX
8
Flux traps
10
515
20
635
0
VERTEX
8
Flux traps
10
535
20
635
0
VERTEX
8
Flux traps
10
535
20
615
0
SEQEND
0
POLYLINE
8
Flux traps
70
1
40
0
41
0
66
1
0
VERTEX
8
Flux traps
10
515
20
665
0
VERTEX
8
Flux traps
10
515
20
685
0
VERTEX
8
Flux traps
10
535
20
685
0
VERTEX
8
Flux traps
10
535
20
665
0
SEQEND
0
POLYLINE
8
Flux traps
70
1
40
0
41
0
66
1
0
VERTEX
8
Flux traps
10
515
20
715
0
VERTEX
8
Flux traps
10
515
20
735
0
VERTEX
8
Flux traps
10
535
20
735
0
VERTEX
8
Flux traps
10
535
20
715
0
SEQEND
0
POLYLINE
8
Flux traps
70
1
40
0
41
0
66
1
0
VERTEX
8
Flux traps
10
515
20
765
0
VERTEX
8
Flux traps
10
515
20
785
0
VERTEX
8
Flux traps
10
535
20
785
0
VERTEX
8
Flux traps
10
535
20
765
0
SEQEND
0
POLYLINE
8
Flux traps
70
1
40
0
41
0
66
1
0
VERTEX
8
Flux traps
10
515
20
815
0
VERTEX
8
Flux traps
10
515
20
835
0
VERTEX
8
Flux traps
10
535
20
835
0
VERTEX
8
Flux traps
10
535
20
815
0
SEQEND
0
POLYLINE
8
Flux traps
70
1
40
0
41
0
66
1
0
VERTEX
8
Flux traps
10
515
20
865
0
VERTEX
8
Flux traps
10
515
20
885
0
VERTEX
8
Flux traps
10
535
20
885
0
VERTEX
8
Flux traps
10
535
20
865
0
SEQEND
0
POLYLINE
8
Flux traps
70
1
40
0
41
0
66
1
0
VERTEX
8
Flux traps
10
165
20
815
0
VERTEX
8
Flux traps
10
165
20
835
0
VERTEX
8
Flux traps
10
185
20
835
0
VERTEX
8
Flux traps
10
185
20
815
0
SEQEND
0
POLYLINE
8
Flux traps
70
1
40
0
41
0
66
1
0
VERTEX
8
Flux traps
10
515
20
915
0
VERTEX
8
Flux traps
10
515
20
935
0
VERTEX
8
Flux traps
10
535
20
935
0
VERTEX
8
Flux traps
10
535
20
915
0
SEQEND
0
POLYLINE
8
Flux traps
70
1
40
0
41
0
66
1
0
VERTEX
8
Flux traps
10
515
20
965
0
VERTEX
8
Flux traps
10
515
20
985
0
VERTEX
8
Flux traps
10
535
20
985
0
VERTEX
8
Flux traps
10
535
20
965
0
SEQEND
0
POLYLINE
8
Flux traps
70
1
40
0
41
0
66
1
0
VERTEX
8
Flux traps
10
515
20
1015
0
VERTEX
8
Flux traps
10
515
20
1035
0
VERTEX
8
Flux traps
10
535
20
1035
0
VERTEX
8
Flux traps
10
535
20
1015
0
SEQEND
0
POLYLINE
8
Flux traps
70
1
40
0
41
0
66
1
0
VERTEX
8
Flux traps
10
965
20
965
0
VERTEX
8
Flux traps
10
965
20
985
0
VERTEX
8
Flux traps
10
985
20
985
0
VERTEX
8
Flux traps
10
985
20
965
0
SEQEND
0
POLYLINE
8
Flux traps
70
1
40
0
41
0
66
1
0
VERTEX
8
Flux traps
10
965
20
1015
0
VERTEX
8
Flux traps
10
965
20
1035
0
VERTEX
8
Flux traps
10
985
20
1035
0
VERTEX
8
Flux traps
10
985
20
1015
0
SEQEND
0
POLYLINE
8
Flux traps
70
1
40
0
41
0
66
1
0
VERTEX
8
Flux traps
10
765
20
965
0
VERTEX
8
Flux traps
10
765
20
985
0
VERTEX
8
Flux traps
10
785
20
985
0
VERTEX
8
Flux traps
10
785
20
965
0
SEQEND
0
POLYLINE
8
Flux traps
70
1
40
0
41
0
66
1
0
VERTEX
8
Flux traps
10
615
20
865
0
VERTEX
8
Flux traps
10
615
20
885
0
VERTEX
8
Flux traps
10
635
20
885
0
VERTEX
8
Flux traps
10
635
20
865
0
SEQEND
0
POLYLINE
8
Flux traps
70
1
40
0
41
0
66
1
0
VERTEX
8
Flux traps
10
865
20
865
0
VERTEX
8
Flux traps
10
865
20
885
0
VERTEX
8
Flux traps
10
885
20
885
0
VERTEX
8
Flux traps
10
885
20
865
0
SEQEND
0
POLYLINE
8
Flux traps
70
1
40
0
41
0
66
1
0
VERTEX
8
Flux traps
10
865
20
915
0
VERTEX
8
Flux traps
10
865
20
935
0
VERTEX
8
Flux traps
10
885
20
935
0
VERTEX
8
Flux traps
10
885
20
915
0
SEQEND
0
POLYLINE
8
Flux traps
70
1
40
0
41
0
66
1
0
VERTEX
8
Flux traps
10
865
20
965
0
VERTEX
8
Flux traps
10
865
20
985
0
VERTEX
8
Flux traps
10
885
20
985
0
VERTEX
8
Flux traps
10
885
20
965
0
SEQEND
0
POLYLINE
8
Flux traps
70
1
40
0
41
0
66
1
0
VERTEX
8
Flux traps
10
865
20
1015
0
VERTEX
8
Flux traps
10
865
20
1035
0
VERTEX
8
Flux traps
10
885
20
1035
0
VERTEX
8
Flux traps
10
885
20
1015
0
SEQEND
0
POLYLINE
8
Flux traps
70
1
40
0
41
0
66
1
0
VERTEX
8
Flux traps
10
765
20
1015
0
VERTEX
8
Flux traps
10
765
20
1035
0
VERTEX
8
Flux traps
10
785
20
1035
0
VERTEX
8
Flux traps
10
785
20
1015
0
SEQEND
0
POLYLINE
8
Flux traps
70
1
40
0
41
0
66
1
0
VERTEX
8
Flux traps
10
615
20
915
0
VERTEX
8
Flux traps
10
615
20
935
0
VERTEX
8
Flux traps
10
635
20
935
0
VERTEX
8
Flux traps
10
635
20
915
0
SEQEND
0
POLYLINE
8
Flux traps
70
1
40
0
41
0
66
1
0
VERTEX
8
Flux traps
10
615
20
965
0
VERTEX
8
Flux traps
10
615
20
985
0
VERTEX
8
Flux traps
10
635
20
985
0
VERTEX
8
Flux traps
10
635
20
965
0
SEQEND
0
POLYLINE
8
Flux traps
70
1
40
0
41
0
66
1
0
VERTEX
8
Flux traps
10
1015
20
865
0
VERTEX
8
Flux traps
10
1015
20
885
0
VERTEX
8
Flux traps
10
1035
20
885
0
VERTEX
8
Flux traps
10
1035
20
865
0
SEQEND
0
POLYLINE
8
Flux traps
70
1
40
0
41
0
66
1
0
VERTEX
8
Flux traps
10
1015
20
915
0
VERTEX
8
Flux traps
10
1015
20
935
0
VERTEX
8
Flux traps
10
1035
20
935
0
VERTEX
8
Flux traps
10
1035
20
915
0
SEQEND
0
POLYLINE
8
Flux traps
70
1
40
0
41
0
66
1
0
VERTEX
8
Flux traps
10
1015
20
965
0
VERTEX
8
Flux traps
10
1015
20
985
0
VERTEX
8
Flux traps
10
1035
20
985
0
VERTEX
8
Flux traps
10
1035
20
965
0
SEQEND
0
POLYLINE
8
Flux traps
70
1
40
0
41
0
66
1
0
VERTEX
8
Flux traps
10
1015
20
1015
0
VERTEX
8
Flux traps
10
1015
20
1035
0
VERTEX
8
Flux traps
10
1035
20
1035
0
VERTEX
8
Flux traps
10
1035
20
1015
0
SEQEND
0
POLYLINE
8
Flux traps
70
1
40
0
41
0
66
1
0
VERTEX
8
Flux traps
10
615
20
1015
0
VERTEX
8
Flux traps
10
615
20
1035
0
VERTEX
8
Flux traps
10
635
20
1035
0
VERTEX
8
Flux traps
10
635
20
1015
0
SEQEND
0
POLYLINE
8
Flux traps
70
1
40
0
41
0
66
1
0
VERTEX
8
Flux traps
10
765
20
865
0
VERTEX
8
Flux traps
10
765
20
885
0
VERTEX
8
Flux traps
10
785
20
885
0
VERTEX
8
Flux traps
10
785
20
865
0
SEQEND
0
POLYLINE
8
Flux traps
70
1
40
0
41
0
66
1
0
VERTEX
8
Flux traps
10
915
20
865
0
VERTEX
8
Flux traps
10
915
20
885
0
VERTEX
8
Flux traps
10
935
20
885
0
VERTEX
8
Flux traps
10
935
20
865
0
SEQEND
0
POLYLINE
8
Flux traps
70
1
40
0
41
0
66
1
0
VERTEX
8
Flux traps
10
915
20
915
0
VERTEX
8
Flux traps
10
915
20
935
0
VERTEX
8
Flux traps
10
935
20
935
0
VERTEX
8
Flux traps
10
935
20
915
0
SEQEND
0
POLYLINE
8
Flux traps
70
1
40
0
41
0
66
1
0
VERTEX
8
Flux traps
10
915
20
965
0
VERTEX
8
Flux traps
10
915
20
985
0
VERTEX
8
Flux traps
10
935
20
985
0
VERTEX
8
Flux traps
10
935
20
965
0
SEQEND
0
POLYLINE
8
Flux traps
70
1
40
0
41
0
66
1
0
VERTEX
8
Flux traps
10
915
20
1015
0
VERTEX
8
Flux traps
10
915
20
1035
0
VERTEX
8
Flux traps
10
935
20
1035
0
VERTEX
8
Flux traps
10
935
20
1015
0
SEQEND
0
POLYLINE
8
Flux traps
70
1
40
0
41
0
66
1
0
VERTEX
8
Flux traps
10
565
20
965
0
VERTEX
8
Flux traps
10
565
20
985
0
VERTEX
8
Flux traps
10
585
20
985
0
VERTEX
8
Flux traps
10
585
20
965
0
SEQEND
0
POLYLINE
8
Flux traps
70
1
40
0
41
0
66
1
0
VERTEX
8
Flux traps
10
815
20
865
0
VERTEX
8
Flux traps
10
815
20
885
0
VERTEX
8
Flux traps
10
835
20
885
0
VERTEX
8
Flux traps
10
835
20
865
0
SEQEND
0
POLYLINE
8
Flux traps
70
1
40
0
41
0
66
1
0
VERTEX
8
Flux traps
10
815
20
915
0
VERTEX
8
Flux traps
10
815
20
935
0
VERTEX
8
Flux traps
10
835
20
935
0
VERTEX
8
Flux traps
10
835
20
915
0
SEQEND
0
POLYLINE
8
Flux traps
70
1
40
0
41
0
66
1
0
VERTEX
8
Flux traps
10
815
20
965
0
VERTEX
8
Flux traps
10
815
20
985
0
VERTEX
8
Flux traps
10
835
20
985
0
VERTEX
8
Flux traps
10
835
20
965
0
SEQEND
0
POLYLINE
8
Flux traps
70
1
40
0
41
0
66
1
0
VERTEX
8
Flux traps
10
815
20
1015
0
VERTEX
8
Flux traps
10
815
20
1035
0
VERTEX
8
Flux traps
10
835
20
1035
0
VERTEX
8
Flux traps
10
835
20
1015
0
SEQEND
0
POLYLINE
8
Flux traps
70
1
40
0
41
0
66
1
0
VERTEX
8
Flux traps
10
765
20
915
0
VERTEX
8
Flux traps
10
765
20
935
0
VERTEX
8
Flux traps
10
785
20
935
0
VERTEX
8
Flux traps
10
785
20
915
0
SEQEND
0
POLYLINE
8
Flux traps
70
1
40
0
41
0
66
1
0
VERTEX
8
Flux traps
10
565
20
1015
0
VERTEX
8
Flux traps
10
565
20
1035
0
VERTEX
8
Flux traps
10
585
20
1035
0
VERTEX
8
Flux traps
10
585
20
1015
0
SEQEND
0
POLYLINE
8
Flux traps
70
1
40
0
41
0
66
1
0
VERTEX
8
Flux traps
10
565
20
865
0
VERTEX
8
Flux traps
10
565
20
885
0
VERTEX
8
Flux traps
10
585
20
885
0
VERTEX
8
Flux traps
10
585
20
865
0
SEQEND
0
POLYLINE
8
Flux traps
70
1
40
0
41
0
66
1
0
VERTEX
8
Flux traps
10
565
20
915
0
VERTEX
8
Flux traps
10
565
20
935
0
VERTEX
8
Flux traps
10
585
20
935
0
VERTEX
8
Flux traps
10
585
20
915
0
SEQEND
0
POLYLINE
8
Flux traps
70
1
40
0
41
0
66
1
0
VERTEX
8
Flux traps
10
965
20
865
0
VERTEX
8
Flux traps
10
965
20
885
0
VERTEX
8
Flux traps
10
985
20
885
0
VERTEX
8
Flux traps
10
985
20
865
0
SEQEND
0
POLYLINE
8
Flux traps
70
1
40
0
41
0
66
1
0
VERTEX
8
Flux traps
10
965
20
915
0
VERTEX
8
Flux traps
10
965
20
935
0
VERTEX
8
Flux traps
10
985
20
935
0
VERTEX
8
Flux traps
10
985
20
915
0
SEQEND
0
POLYLINE
8
Flux traps
70
1
40
0
41
0
66
1
0
VERTEX
8
Flux traps
10
15
20
965
0
VERTEX
8
Flux traps
10
15
20
985
0
VERTEX
8
Flux traps
10
35
20
985
0
VERTEX
8
Flux traps
10
35
20
965
0
SEQEND
0
POLYLINE
8
Flux traps
70
1
40
0
41
0
66
1
0
VERTEX
8
Flux traps
10
465
20
865
0
VERTEX
8
Flux traps
10
465
20
885
0
VERTEX
8
Flux traps
10
485
20
885
0
VERTEX
8
Flux traps
10
485
20
865
0
SEQEND
0
POLYLINE
8
Flux traps
70
1
40
0
41
0
66
1
0
VERTEX
8
Flux traps
10
465
20
915
0
VERTEX
8
Flux traps
10
465
20
935
0
VERTEX
8
Flux traps
10
485
20
935
0
VERTEX
8
Flux traps
10
485
20
915
0
SEQEND
0
POLYLINE
8
Flux traps
70
1
40
0
41
0
66
1
0
VERTEX
8
Flux traps
10
465
20
965
0
VERTEX
8
Flux traps
10
465
20
985
0
VERTEX
8
Flux traps
10
485
20
985
0
VERTEX
8
Flux traps
10
485
20
965
0
SEQEND
0
POLYLINE
8
Flux traps
70
1
40
0
41
0
66
1
0
VERTEX
8
Flux traps
10
465
20
1015
0
VERTEX
8
Flux traps
10
465
20
1035
0
VERTEX
8
Flux traps
10
485
20
1035
0
VERTEX
8
Flux traps
10
485
20
1015
0
SEQEND
0
POLYLINE
8
Flux traps
70
1
40
0
41
0
66
1
0
VERTEX
8
Flux traps
10
215
20
1015
0
VERTEX
8
Flux traps
10
215
20
1035
0
VERTEX
8
Flux traps
10
235
20
1035
0
VERTEX
8
Flux traps
10
235
20
1015
0
SEQEND
0
POLYLINE
8
Flux traps
70
1
40
0
41
0
66
1
0
VERTEX
8
Flux traps
10
15
20
1015
0
VERTEX
8
Flux traps
10
15
20
1035
0
VERTEX
8
Flux traps
10
35
20
1035
0
VERTEX
8
Flux traps
10
35
20
1015
0
SEQEND
0
POLYLINE
8
Flux traps
70
1
40
0
41
0
66
1
0
VERTEX
8
Flux traps
10
315
20
865
0
VERTEX
8
Flux traps
10
315
20
885
0
VERTEX
8
Flux traps
10
335
20
885
0
VERTEX
8
Flux traps
10
335
20
865
0
SEQEND
0
POLYLINE
8
Flux traps
70
1
40
0
41
0
66
1
0
VERTEX
8
Flux traps
10
315
20
915
0
VERTEX
8
Flux traps
10
315
20
935
0
VERTEX
8
Flux traps
10
335
20
935
0
VERTEX
8
Flux traps
10
335
20
915
0
SEQEND
0
POLYLINE
8
Flux traps
70
1
40
0
41
0
66
1
0
VERTEX
8
Flux traps
10
215
20
965
0
VERTEX
8
Flux traps
10
215
20
985
0
VERTEX
8
Flux traps
10
235
20
985
0
VERTEX
8
Flux traps
10
235
20
965
0
SEQEND
0
POLYLINE
8
Flux traps
70
1
40
0
41
0
66
1
0
VERTEX
8
Flux traps
10
15
20
865
0
VERTEX
8
Flux traps
10
15
20
885
0
VERTEX
8
Flux traps
10
35
20
885
0
VERTEX
8
Flux traps
10
35
20
865
0
SEQEND
0
POLYLINE
8
Flux traps
70
1
40
0
41
0
66
1
0
VERTEX
8
Flux traps
10
315
20
965
0
VERTEX
8
Flux traps
10
315
20
985
0
VERTEX
8
Flux traps
10
335
20
985
0
VERTEX
8
Flux traps
10
335
20
965
0
SEQEND
0
POLYLINE
8
Flux traps
70
1
40
0
41
0
66
1
0
VERTEX
8
Flux traps
10
265
20
865
0
VERTEX
8
Flux traps
10
265
20
885
0
VERTEX
8
Flux traps
10
285
20
885
0
VERTEX
8
Flux traps
10
285
20
865
0
SEQEND
0
POLYLINE
8
Flux traps
70
1
40
0
41
0
66
1
0
VERTEX
8
Flux traps
10
265
20
915
0
VERTEX
8
Flux traps
10
265
20
935
0
VERTEX
8
Flux traps
10
285
20
935
0
VERTEX
8
Flux traps
10
285
20
915
0
SEQEND
0
POLYLINE
8
Flux traps
70
1
40
0
41
0
66
1
0
VERTEX
8
Flux traps
10
265
20
965
0
VERTEX
8
Flux traps
10
265
20
985
0
VERTEX
8
Flux traps
10
285
20
985
0
VERTEX
8
Flux traps
10
285
20
965
0
SEQEND
0
POLYLINE
8
Flux traps
70
1
40
0
41
0
66
1
0
VERTEX
8
Flux traps
10
265
20
1015
0
VERTEX
8
Flux traps
10
265
20
1035
0
VERTEX
8
Flux traps
10
285
20
1035
0
VERTEX
8
Flux traps
10
285
20
1015
0
SEQEND
0
POLYLINE
8
Flux traps
70
1
40
0
41
0
66
1
0
VERTEX
8
Flux traps
10
315
20
1015
0
VERTEX
8
Flux traps
10
315
20
1035
0
VERTEX
8
Flux traps
10
335
20
1035
0
VERTEX
8
Flux traps
10
335
20
1015
0
SEQEND
0
POLYLINE
8
Flux traps
70
1
40
0
41
0
66
1
0
VERTEX
8
Flux traps
10
165
20
865
0
VERTEX
8
Flux traps
10
165
20
885
0
VERTEX
8
Flux traps
10
185
20
885
0
VERTEX
8
Flux traps
10
185
20
865
0
SEQEND
0
POLYLINE
8
Flux traps
70
1
40
0
41
0
66
1
0
VERTEX
8
Flux traps
10
165
20
915
0
VERTEX
8
Flux traps
10
165
20
935
0
VERTEX
8
Flux traps
10
185
20
935
0
VERTEX
8
Flux traps
10
185
20
915
0
SEQEND
0
POLYLINE
8
Flux traps
70
1
40
0
41
0
66
1
0
VERTEX
8
Flux traps
10
165
20
965
0
VERTEX
8
Flux traps
10
165
20
985
0
VERTEX
8
Flux traps
10
185
20
985
0
VERTEX
8
Flux traps
10
185
20
965
0
SEQEND
0
POLYLINE
8
Flux traps
70
1
40
0
41
0
66
1
0
VERTEX
8
Flux traps
10
165
20
1015
0
VERTEX
8
Flux traps
10
165
20
1035
0
VERTEX
8
Flux traps
10
185
20
1035
0
VERTEX
8
Flux traps
10
185
20
1015
0
SEQEND
0
POLYLINE
8
Flux traps
70
1
40
0
41
0
66
1
0
VERTEX
8
Flux traps
10
215
20
865
0
VERTEX
8
Flux traps
10
215
20
885
0
VERTEX
8
Flux traps
10
235
20
885
0
VERTEX
8
Flux traps
10
235
20
865
0
SEQEND
0
POLYLINE
8
Flux traps
70
1
40
0
41
0
66
1
0
VERTEX
8
Flux traps
10
215
20
915
0
VERTEX
8
Flux traps
10
215
20
935
0
VERTEX
8
Flux traps
10
235
20
935
0
VERTEX
8
Flux traps
10
235
20
915
0
SEQEND
0
POLYLINE
8
Flux traps
70
1
40
0
41
0
66
1
0
VERTEX
8
Flux traps
10
15
20
915
0
VERTEX
8
Flux traps
10
15
20
935
0
VERTEX
8
Flux traps
10
35
20
935
0
VERTEX
8
Flux traps
10
35
20
915
0
SEQEND
0
POLYLINE
8
Flux traps
70
1
40
0
41
0
66
1
0
VERTEX
8
Flux traps
10
215
20
665
0
VERTEX
8
Flux traps
10
215
20
685
0
VERTEX
8
Flux traps
10
235
20
685
0
VERTEX
8
Flux traps
10
235
20
665
0
SEQEND
0
POLYLINE
8
Flux traps
70
1
40
0
41
0
66
1
0
VERTEX
8
Flux traps
10
215
20
715
0
VERTEX
8
Flux traps
10
215
20
735
0
VERTEX
8
Flux traps
10
235
20
735
0
VERTEX
8
Flux traps
10
235
20
715
0
SEQEND
0
POLYLINE
8
Flux traps
70
1
40
0
41
0
66
1
0
VERTEX
8
Flux traps
10
215
20
765
0
VERTEX
8
Flux traps
10
215
20
785
0
VERTEX
8
Flux traps
10
235
20
785
0
VERTEX
8
Flux traps
10
235
20
765
0
SEQEND
0
POLYLINE
8
Flux traps
70
1
40
0
41
0
66
1
0
VERTEX
8
Flux traps
10
315
20
665
0
VERTEX
8
Flux traps
10
315
20
685
0
VERTEX
8
Flux traps
10
335
20
685
0
VERTEX
8
Flux traps
10
335
20
665
0
SEQEND
0
POLYLINE
8
Flux traps
70
1
40
0
41
0
66
1
0
VERTEX
8
Flux traps
10
315
20
715
0
VERTEX
8
Flux traps
10
315
20
735
0
VERTEX
8
Flux traps
10
335
20
735
0
VERTEX
8
Flux traps
10
335
20
715
0
SEQEND
0
POLYLINE
8
Flux traps
70
1
40
0
41
0
66
1
0
VERTEX
8
Flux traps
10
315
20
765
0
VERTEX
8
Flux traps
10
315
20
785
0
VERTEX
8
Flux traps
10
335
20
785
0
VERTEX
8
Flux traps
10
335
20
765
0
SEQEND
0
POLYLINE
8
Flux traps
70
1
40
0
41
0
66
1
0
VERTEX
8
Flux traps
10
15
20
615
0
VERTEX
8
Flux traps
10
15
20
635
0
VERTEX
8
Flux traps
10
35
20
635
0
VERTEX
8
Flux traps
10
35
20
615
0
SEQEND
0
POLYLINE
8
Flux traps
70
1
40
0
41
0
66
1
0
VERTEX
8
Flux traps
10
465
20
615
0
VERTEX
8
Flux traps
10
465
20
635
0
VERTEX
8
Flux traps
10
485
20
635
0
VERTEX
8
Flux traps
10
485
20
615
0
SEQEND
0
POLYLINE
8
Flux traps
70
1
40
0
41
0
66
1
0
VERTEX
8
Flux traps
10
465
20
665
0
VERTEX
8
Flux traps
10
465
20
685
0
VERTEX
8
Flux traps
10
485
20
685
0
VERTEX
8
Flux traps
10
485
20
665
0
SEQEND
0
POLYLINE
8
Flux traps
70
1
40
0
41
0
66
1
0
VERTEX
8
Flux traps
10
465
20
715
0
VERTEX
8
Flux traps
10
465
20
735
0
VERTEX
8
Flux traps
10
485
20
735
0
VERTEX
8
Flux traps
10
485
20
715
0
SEQEND
0
POLYLINE
8
Flux traps
70
1
40
0
41
0
66
1
0
VERTEX
8
Flux traps
10
465
20
765
0
VERTEX
8
Flux traps
10
465
20
785
0
VERTEX
8
Flux traps
10
485
20
785
0
VERTEX
8
Flux traps
10
485
20
765
0
SEQEND
0
POLYLINE
8
Flux traps
70
1
40
0
41
0
66
1
0
VERTEX
8
Flux traps
10
265
20
765
0
VERTEX
8
Flux traps
10
265
20
785
0
VERTEX
8
Flux traps
10
285
20
785
0
VERTEX
8
Flux traps
10
285
20
765
0
SEQEND
0
POLYLINE
8
Flux traps
70
1
40
0
41
0
66
1
0
VERTEX
8
Flux traps
10
265
20
615
0
VERTEX
8
Flux traps
10
265
20
635
0
VERTEX
8
Flux traps
10
285
20
635
0
VERTEX
8
Flux traps
10
285
20
615
0
SEQEND
0
POLYLINE
8
Flux traps
70
1
40
0
41
0
66
1
0
VERTEX
8
Flux traps
10
265
20
665
0
VERTEX
8
Flux traps
10
265
20
685
0
VERTEX
8
Flux traps
10
285
20
685
0
VERTEX
8
Flux traps
10
285
20
665
0
SEQEND
0
POLYLINE
8
Flux traps
70
1
40
0
41
0
66
1
0
VERTEX
8
Flux traps
10
265
20
715
0
VERTEX
8
Flux traps
10
265
20
735
0
VERTEX
8
Flux traps
10
285
20
735
0
VERTEX
8
Flux traps
10
285
20
715
0
SEQEND
0
POLYLINE
8
Flux traps
70
1
40
0
41
0
66
1
0
VERTEX
8
Flux traps
10
315
20
615
0
VERTEX
8
Flux traps
10
315
20
635
0
VERTEX
8
Flux traps
10
335
20
635
0
VERTEX
8
Flux traps
10
335
20
615
0
SEQEND
0
POLYLINE
8
Flux traps
70
1
40
0
41
0
66
1
0
VERTEX
8
Flux traps
10
215
20
615
0
VERTEX
8
Flux traps
10
215
20
635
0
VERTEX
8
Flux traps
10
235
20
635
0
VERTEX
8
Flux traps
10
235
20
615
0
SEQEND
0
POLYLINE
8
Flux traps
70
1
40
0
41
0
66
1
0
VERTEX
8
Flux traps
10
15
20
665
0
VERTEX
8
Flux traps
10
15
20
685
0
VERTEX
8
Flux traps
10
35
20
685
0
VERTEX
8
Flux traps
10
35
20
665
0
SEQEND
0
POLYLINE
8
Flux traps
70
1
40
0
41
0
66
1
0
VERTEX
8
Flux traps
10
15
20
715
0
VERTEX
8
Flux traps
10
15
20
735
0
VERTEX
8
Flux traps
10
35
20
735
0
VERTEX
8
Flux traps
10
35
20
715
0
SEQEND
0
POLYLINE
8
Flux traps
70
1
40
0
41
0
66
1
0
VERTEX
8
Flux traps
10
165
20
615
0
VERTEX
8
Flux traps
10
165
20
635
0
VERTEX
8
Flux traps
10
185
20
635
0
VERTEX
8
Flux traps
10
185
20
615
0
SEQEND
0
POLYLINE
8
Flux traps
70
1
40
0
41
0
66
1
0
VERTEX
8
Flux traps
10
165
20
665
0
VERTEX
8
Flux traps
10
165
20
685
0
VERTEX
8
Flux traps
10
185
20
685
0
VERTEX
8
Flux traps
10
185
20
665
0
SEQEND
0
POLYLINE
8
Flux traps
70
1
40
0
41
0
66
1
0
VERTEX
8
Flux traps
10
165
20
715
0
VERTEX
8
Flux traps
10
165
20
735
0
VERTEX
8
Flux traps
10
185
20
735
0
VERTEX
8
Flux traps
10
185
20
715
0
SEQEND
0
POLYLINE
8
Flux traps
70
1
40
0
41
0
66
1
0
VERTEX
8
Flux traps
10
165
20
765
0
VERTEX
8
Flux traps
10
165
20
785
0
VERTEX
8
Flux traps
10
185
20
785
0
VERTEX
8
Flux traps
10
185
20
765
0
SEQEND
0
POLYLINE
8
Flux traps
70
1
40
0
41
0
66
1
0
VERTEX
8
Flux traps
10
15
20
765
0
VERTEX
8
Flux traps
10
15
20
785
0
VERTEX
8
Flux traps
10
35
20
785
0
VERTEX
8
Flux traps
10
35
20
765
0
SEQEND
0
POLYLINE
8
Flux traps
70
1
40
0
41
0
66
1
0
VERTEX
8
Flux traps
10
565
20
765
0
VERTEX
8
Flux traps
10
565
20
785
0
VERTEX
8
Flux traps
10
585
20
785
0
VERTEX
8
Flux traps
10
585
20
765
0
SEQEND
0
POLYLINE
8
Flux traps
70
1
40
0
41
0
66
1
0
VERTEX
8
Flux traps
10
865
20
615
0
VERTEX
8
Flux traps
10
865
20
635
0
VERTEX
8
Flux traps
10
885
20
635
0
VERTEX
8
Flux traps
10
885
20
615
0
SEQEND
0
POLYLINE
8
Flux traps
70
1
40
0
41
0
66
1
0
VERTEX
8
Flux traps
10
865
20
665
0
VERTEX
8
Flux traps
10
865
20
685
0
VERTEX
8
Flux traps
10
885
20
685
0
VERTEX
8
Flux traps
10
885
20
665
0
SEQEND
0
POLYLINE
8
Flux traps
70
1
40
0
41
0
66
1
0
VERTEX
8
Flux traps
10
865
20
715
0
VERTEX
8
Flux traps
10
865
20
735
0
VERTEX
8
Flux traps
10
885
20
735
0
VERTEX
8
Flux traps
10
885
20
715
0
SEQEND
0
POLYLINE
8
Flux traps
70
1
40
0
41
0
66
1
0
VERTEX
8
Flux traps
10
865
20
765
0
VERTEX
8
Flux traps
10
865
20
785
0
VERTEX
8
Flux traps
10
885
20
785
0
VERTEX
8
Flux traps
10
885
20
765
0
SEQEND
0
POLYLINE
8
Flux traps
70
1
40
0
41
0
66
1
0
VERTEX
8
Flux traps
10
565
20
715
0
VERTEX
8
Flux traps
10
565
20
735
0
VERTEX
8
Flux traps
10
585
20
735
0
VERTEX
8
Flux traps
10
585
20
715
0
SEQEND
0
POLYLINE
8
Flux traps
70
1
40
0
41
0
66
1
0
VERTEX
8
Flux traps
10
815
20
615
0
VERTEX
8
Flux traps
10
815
20
635
0
VERTEX
8
Flux traps
10
835
20
635
0
VERTEX
8
Flux traps
10
835
20
615
0
SEQEND
0
POLYLINE
8
Flux traps
70
1
40
0
41
0
66
1
0
VERTEX
8
Flux traps
10
915
20
615
0
VERTEX
8
Flux traps
10
915
20
635
0
VERTEX
8
Flux traps
10
935
20
635
0
VERTEX
8
Flux traps
10
935
20
615
0
SEQEND
0
POLYLINE
8
Flux traps
70
1
40
0
41
0
66
1
0
VERTEX
8
Flux traps
10
915
20
665
0
VERTEX
8
Flux traps
10
915
20
685
0
VERTEX
8
Flux traps
10
935
20
685
0
VERTEX
8
Flux traps
10
935
20
665
0
SEQEND
0
POLYLINE
8
Flux traps
70
1
40
0
41
0
66
1
0
VERTEX
8
Flux traps
10
915
20
715
0
VERTEX
8
Flux traps
10
915
20
735
0
VERTEX
8
Flux traps
10
935
20
735
0
VERTEX
8
Flux traps
10
935
20
715
0
SEQEND
0
POLYLINE
8
Flux traps
70
1
40
0
41
0
66
1
0
VERTEX
8
Flux traps
10
915
20
765
0
VERTEX
8
Flux traps
10
915
20
785
0
VERTEX
8
Flux traps
10
935
20
785
0
VERTEX
8
Flux traps
10
935
20
765
0
SEQEND
0
POLYLINE
8
Flux traps
70
1
40
0
41
0
66
1
0
VERTEX
8
Flux traps
10
815
20
665
0
VERTEX
8
Flux traps
10
815
20
685
0
VERTEX
8
Flux traps
10
835
20
685
0
VERTEX
8
Flux traps
10
835
20
665
0
SEQEND
0
POLYLINE
8
Flux traps
70
1
40
0
41
0
66
1
0
VERTEX
8
Flux traps
10
815
20
715
0
VERTEX
8
Flux traps
10
815
20
735
0
VERTEX
8
Flux traps
10
835
20
735
0
VERTEX
8
Flux traps
10
835
20
715
0
SEQEND
0
POLYLINE
8
Flux traps
70
1
40
0
41
0
66
1
0
VERTEX
8
Flux traps
10
965
20
615
0
VERTEX
8
Flux traps
10
965
20
635
0
VERTEX
8
Flux traps
10
985
20
635
0
VERTEX
8
Flux traps
10
985
20
615
0
SEQEND
0
POLYLINE
8
Flux traps
70
1
40
0
41
0
66
1
0
VERTEX
8
Flux traps
10
965
20
665
0
VERTEX
8
Flux traps
10
965
20
685
0
VERTEX
8
Flux traps
10
985
20
685
0
VERTEX
8
Flux traps
10
985
20
665
0
SEQEND
0
POLYLINE
8
Flux traps
70
1
40
0
41
0
66
1
0
VERTEX
8
Flux traps
10
965
20
715
0
VERTEX
8
Flux traps
10
965
20
735
0
VERTEX
8
Flux traps
10
985
20
735
0
VERTEX
8
Flux traps
10
985
20
715
0
SEQEND
0
POLYLINE
8
Flux traps
70
1
40
0
41
0
66
1
0
VERTEX
8
Flux traps
10
965
20
765
0
VERTEX
8
Flux traps
10
965
20
785
0
VERTEX
8
Flux traps
10
985
20
785
0
VERTEX
8
Flux traps
10
985
20
765
0
SEQEND
0
POLYLINE
8
Flux traps
70
1
40
0
41
0
66
1
0
VERTEX
8
Flux traps
10
815
20
765
0
VERTEX
8
Flux traps
10
815
20
785
0
VERTEX
8
Flux traps
10
835
20
785
0
VERTEX
8
Flux traps
10
835
20
765
0
SEQEND
0
POLYLINE
8
Flux traps
70
1
40
0
41
0
66
1
0
VERTEX
8
Flux traps
10
615
20
615
0
VERTEX
8
Flux traps
10
615
20
635
0
VERTEX
8
Flux traps
10
635
20
635
0
VERTEX
8
Flux traps
10
635
20
615
0
SEQEND
0
POLYLINE
8
Flux traps
70
1
40
0
41
0
66
1
0
VERTEX
8
Flux traps
10
615
20
665
0
VERTEX
8
Flux traps
10
615
20
685
0
VERTEX
8
Flux traps
10
635
20
685
0
VERTEX
8
Flux traps
10
635
20
665
0
SEQEND
0
POLYLINE
8
Flux traps
70
1
40
0
41
0
66
1
0
VERTEX
8
Flux traps
10
615
20
715
0
VERTEX
8
Flux traps
10
615
20
735
0
VERTEX
8
Flux traps
10
635
20
735
0
VERTEX
8
Flux traps
10
635
20
715
0
SEQEND
0
POLYLINE
8
Flux traps
70
1
40
0
41
0
66
1
0
VERTEX
8
Flux traps
10
615
20
765
0
VERTEX
8
Flux traps
10
615
20
785
0
VERTEX
8
Flux traps
10
635
20
785
0
VERTEX
8
Flux traps
10
635
20
765
0
SEQEND
0
POLYLINE
8
Flux traps
70
1
40
0
41
0
66
1
0
VERTEX
8
Flux traps
10
1015
20
615
0
VERTEX
8
Flux traps
10
1015
20
635
0
VERTEX
8
Flux traps
10
1035
20
635
0
VERTEX
8
Flux traps
10
1035
20
615
0
SEQEND
0
POLYLINE
8
Flux traps
70
1
40
0
41
0
66
1
0
VERTEX
8
Flux traps
10
1015
20
665
0
VERTEX
8
Flux traps
10
1015
20
685
0
VERTEX
8
Flux traps
10
1035
20
685
0
VERTEX
8
Flux traps
10
1035
20
665
0
SEQEND
0
POLYLINE
8
Flux traps
70
1
40
0
41
0
66
1
0
VERTEX
8
Flux traps
10
1015
20
715
0
VERTEX
8
Flux traps
10
1015
20
735
0
VERTEX
8
Flux traps
10
1035
20
735
0
VERTEX
8
Flux traps
10
1035
20
715
0
SEQEND
0
POLYLINE
8
Flux traps
70
1
40
0
41
0
66
1
0
VERTEX
8
Flux traps
10
1015
20
765
0
VERTEX
8
Flux traps
10
1015
20
785
0
VERTEX
8
Flux traps
10
1035
20
785
0
VERTEX
8
Flux traps
10
1035
20
765
0
SEQEND
0
POLYLINE
8
Flux traps
70
1
40
0
41
0
66
1
0
VERTEX
8
Flux traps
10
565
20
615
0
VERTEX
8
Flux traps
10
565
20
635
0
VERTEX
8
Flux traps
10
585
20
635
0
VERTEX
8
Flux traps
10
585
20
615
0
SEQEND
0
POLYLINE
8
Flux traps
70
1
40
0
41
0
66
1
0
VERTEX
8
Flux traps
10
565
20
665
0
VERTEX
8
Flux traps
10
565
20
685
0
VERTEX
8
Flux traps
10
585
20
685
0
VERTEX
8
Flux traps
10
585
20
665
0
SEQEND
0
POLYLINE
8
Flux traps
70
1
40
0
41
0
66
1
0
VERTEX
8
Flux traps
10
765
20
615
0
VERTEX
8
Flux traps
10
765
20
635
0
VERTEX
8
Flux traps
10
785
20
635
0
VERTEX
8
Flux traps
10
785
20
615
0
SEQEND
0
POLYLINE
8
Flux traps
70
1
40
0
41
0
66
1
0
VERTEX
8
Flux traps
10
765
20
665
0
VERTEX
8
Flux traps
10
765
20
685
0
VERTEX
8
Flux traps
10
785
20
685
0
VERTEX
8
Flux traps
10
785
20
665
0
SEQEND
0
POLYLINE
8
Flux traps
70
1
40
0
41
0
66
1
0
VERTEX
8
Flux traps
10
765
20
715
0
VERTEX
8
Flux traps
10
765
20
735
0
VERTEX
8
Flux traps
10
785
20
735
0
VERTEX
8
Flux traps
10
785
20
715
0
SEQEND
0
POLYLINE
8
Flux traps
70
1
40
0
41
0
66
1
0
VERTEX
8
Flux traps
10
765
20
765
0
VERTEX
8
Flux traps
10
765
20
785
0
VERTEX
8
Flux traps
10
785
20
785
0
VERTEX
8
Flux traps
10
785
20
765
0
SEQEND
0
POLYLINE
8
Flux traps
70
1
40
0
41
0
66
1
0
VERTEX
8
Flux traps
10
465
20
315
0
VERTEX
8
Flux traps
10
465
20
335
0
VERTEX
8
Flux traps
10
485
20
335
0
VERTEX
8
Flux traps
10
485
20
315
0
SEQEND
0
POLYLINE
8
Flux traps
70
1
40
0
41
0
66
1
0
VERTEX
8
Flux traps
10
865
20
315
0
VERTEX
8
Flux traps
10
865
20
335
0
VERTEX
8
Flux traps
10
885
20
335
0
VERTEX
8
Flux traps
10
885
20
315
0
SEQEND
0
POLYLINE
8
Flux traps
70
1
40
0
41
0
66
1
0
VERTEX
8
Flux traps
10
965
20
315
0
VERTEX
8
Flux traps
10
965
20
335
0
VERTEX
8
Flux traps
10
985
20
335
0
VERTEX
8
Flux traps
10
985
20
315
0
SEQEND
0
POLYLINE
8
Flux traps
70
1
40
0
41
0
66
1
0
VERTEX
8
Flux traps
10
315
20
315
0
VERTEX
8
Flux traps
10
315
20
335
0
VERTEX
8
Flux traps
10
335
20
335
0
VERTEX
8
Flux traps
10
335
20
315
0
SEQEND
0
POLYLINE
8
Flux traps
70
1
40
0
41
0
66
1
0
VERTEX
8
Flux traps
10
165
20
315
0
VERTEX
8
Flux traps
10
165
20
335
0
VERTEX
8
Flux traps
10
185
20
335
0
VERTEX
8
Flux traps
10
185
20
315
0
SEQEND
0
POLYLINE
8
Flux traps
70
1
40
0
41
0
66
1
0
VERTEX
8
Flux traps
10
515
20
65
0
VERTEX
8
Flux traps
10
515
20
85
0
VERTEX
8
Flux traps
10
535
20
85
0
VERTEX
8
Flux traps
10
535
20
65
0
SEQEND
0
POLYLINE
8
Flux traps
70
1
40
0
41
0
66
1
0
VERTEX
8
Flux traps
10
515
20
115
0
VERTEX
8
Flux traps
10
515
20
135
0
VERTEX
8
Flux traps
10
535
20
135
0
VERTEX
8
Flux traps
10
535
20
115
0
SEQEND
0
POLYLINE
8
Flux traps
70
1
40
0
41
0
66
1
0
VERTEX
8
Flux traps
10
515
20
165
0
VERTEX
8
Flux traps
10
515
20
185
0
VERTEX
8
Flux traps
10
535
20
185
0
VERTEX
8
Flux traps
10
535
20
165
0
SEQEND
0
POLYLINE
8
Flux traps
70
1
40
0
41
0
66
1
0
VERTEX
8
Flux traps
10
515
20
215
0
VERTEX
8
Flux traps
10
515
20
235
0
VERTEX
8
Flux traps
10
535
20
235
0
VERTEX
8
Flux traps
10
535
20
215
0
SEQEND
0
POLYLINE
8
Flux traps
70
1
40
0
41
0
66
1
0
VERTEX
8
Flux traps
10
515
20
265
0
VERTEX
8
Flux traps
10
515
20
285
0
VERTEX
8
Flux traps
10
535
20
285
0
VERTEX
8
Flux traps
10
535
20
265
0
SEQEND
0
POLYLINE
8
Flux traps
70
1
40
0
41
0
66
1
0
VERTEX
8
Flux traps
10
515
20
315
0
VERTEX
8
Flux traps
10
515
20
335
0
VERTEX
8
Flux traps
10
535
20
335
0
VERTEX
8
Flux traps
10
535
20
315
0
SEQEND
0
POLYLINE
8
Flux traps
70
1
40
0
41
0
66
1
0
VERTEX
8
Flux traps
10
515
20
365
0
VERTEX
8
Flux traps
10
515
20
385
0
VERTEX
8
Flux traps
10
535
20
385
0
VERTEX
8
Flux traps
10
535
20
365
0
SEQEND
0
POLYLINE
8
Flux traps
70
1
40
0
41
0
66
1
0
VERTEX
8
Flux traps
10
515
20
415
0
VERTEX
8
Flux traps
10
515
20
435
0
VERTEX
8
Flux traps
10
535
20
435
0
VERTEX
8
Flux traps
10
535
20
415
0
SEQEND
0
POLYLINE
8
Flux traps
70
1
40
0
41
0
66
1
0
VERTEX
8
Flux traps
10
515
20
465
0
VERTEX
8
Flux traps
10
515
20
485
0
VERTEX
8
Flux traps
10
535
20
485
0
VERTEX
8
Flux traps
10
535
20
465
0
SEQEND
0
POLYLINE
8
Flux traps
70
1
40
0
41
0
66
1
0
VERTEX
8
Flux traps
10
515
20
515
0
VERTEX
8
Flux traps
10
515
20
535
0
VERTEX
8
Flux traps
10
535
20
535
0
VERTEX
8
Flux traps
10
535
20
515
0
SEQEND
0
POLYLINE
8
Flux traps
70
1
40
0
41
0
66
1
0
VERTEX
8
Flux traps
10
1015
20
315
0
VERTEX
8
Flux traps
10
1015
20
335
0
VERTEX
8
Flux traps
10
1035
20
335
0
VERTEX
8
Flux traps
10
1035
20
315
0
SEQEND
0
POLYLINE
8
Flux traps
70
1
40
0
41
0
66
1
0
VERTEX
8
Flux traps
10
215
20
315
0
VERTEX
8
Flux traps
10
215
20
335
0
VERTEX
8
Flux traps
10
235
20
335
0
VERTEX
8
Flux traps
10
235
20
315
0
SEQEND
0
POLYLINE
8
Flux traps
70
1
40
0
41
0
66
1
0
VERTEX
8
Flux traps
10
815
20
315
0
VERTEX
8
Flux traps
10
815
20
335
0
VERTEX
8
Flux traps
10
835
20
335
0
VERTEX
8
Flux traps
10
835
20
315
0
SEQEND
0
POLYLINE
8
Flux traps
70
1
40
0
41
0
66
1
0
VERTEX
8
Flux traps
10
565
20
315
0
VERTEX
8
Flux traps
10
565
20
335
0
VERTEX
8
Flux traps
10
585
20
335
0
VERTEX
8
Flux traps
10
585
20
315
0
SEQEND
0
POLYLINE
8
Flux traps
70
1
40
0
41
0
66
1
0
VERTEX
8
Flux traps
10
265
20
315
0
VERTEX
8
Flux traps
10
265
20
335
0
VERTEX
8
Flux traps
10
285
20
335
0
VERTEX
8
Flux traps
10
285
20
315
0
SEQEND
0
POLYLINE
8
Flux traps
70
1
40
0
41
0
66
1
0
VERTEX
8
Flux traps
10
665
20
315
0
VERTEX
8
Flux traps
10
665
20
335
0
VERTEX
8
Flux traps
10
685
20
335
0
VERTEX
8
Flux traps
10
685
20
315
0
SEQEND
0
POLYLINE
8
Flux traps
70
1
40
0
41
0
66
1
0
VERTEX
8
Flux traps
10
915
20
315
0
VERTEX
8
Flux traps
10
915
20
335
0
VERTEX
8
Flux traps
10
935
20
335
0
VERTEX
8
Flux traps
10
935
20
315
0
SEQEND
0
POLYLINE
8
Flux traps
70
1
40
0
41
0
66
1
0
VERTEX
8
Flux traps
10
15
20
315
0
VERTEX
8
Flux traps
10
15
20
335
0
VERTEX
8
Flux traps
10
35
20
335
0
VERTEX
8
Flux traps
10
35
20
315
0
SEQEND
0
POLYLINE
8
Flux traps
70
1
40
0
41
0
66
1
0
VERTEX
8
Flux traps
10
715
20
315
0
VERTEX
8
Flux traps
10
715
20
335
0
VERTEX
8
Flux traps
10
735
20
335
0
VERTEX
8
Flux traps
10
735
20
315
0
SEQEND
0
POLYLINE
8
Flux traps
70
1
40
0
41
0
66
1
0
VERTEX
8
Flux traps
10
615
20
315
0
VERTEX
8
Flux traps
10
615
20
335
0
VERTEX
8
Flux traps
10
635
20
335
0
VERTEX
8
Flux traps
10
635
20
315
0
SEQEND
0
POLYLINE
8
Flux traps
70
1
40
0
41
0
66
1
0
VERTEX
8
Flux traps
10
765
20
315
0
VERTEX
8
Flux traps
10
765
20
335
0
VERTEX
8
Flux traps
10
785
20
335
0
VERTEX
8
Flux traps
10
785
20
315
0
SEQEND
0
POLYLINE
8
Flux traps
70
1
40
0
41
0
66
1
0
VERTEX
8
Flux traps
10
1015
20
465
0
VERTEX
8
Flux traps
10
1015
20
485
0
VERTEX
8
Flux traps
10
1035
20
485
0
VERTEX
8
Flux traps
10
1035
20
465
0
SEQEND
0
POLYLINE
8
Flux traps
70
1
40
0
41
0
66
1
0
VERTEX
8
Flux traps
10
1015
20
515
0
VERTEX
8
Flux traps
10
1015
20
535
0
VERTEX
8
Flux traps
10
1035
20
535
0
VERTEX
8
Flux traps
10
1035
20
515
0
SEQEND
0
POLYLINE
8
Flux traps
70
1
40
0
41
0
66
1
0
VERTEX
8
Flux traps
10
965
20
415
0
VERTEX
8
Flux traps
10
965
20
435
0
VERTEX
8
Flux traps
10
985
20
435
0
VERTEX
8
Flux traps
10
985
20
415
0
SEQEND
0
POLYLINE
8
Flux traps
70
1
40
0
41
0
66
1
0
VERTEX
8
Flux traps
10
965
20
465
0
VERTEX
8
Flux traps
10
965
20
485
0
VERTEX
8
Flux traps
10
985
20
485
0
VERTEX
8
Flux traps
10
985
20
465
0
SEQEND
0
POLYLINE
8
Flux traps
70
1
40
0
41
0
66
1
0
VERTEX
8
Flux traps
10
815
20
365
0
VERTEX
8
Flux traps
10
815
20
385
0
VERTEX
8
Flux traps
10
835
20
385
0
VERTEX
8
Flux traps
10
835
20
365
0
SEQEND
0
POLYLINE
8
Flux traps
70
1
40
0
41
0
66
1
0
VERTEX
8
Flux traps
10
965
20
515
0
VERTEX
8
Flux traps
10
965
20
535
0
VERTEX
8
Flux traps
10
985
20
535
0
VERTEX
8
Flux traps
10
985
20
515
0
SEQEND
0
POLYLINE
8
Flux traps
70
1
40
0
41
0
66
1
0
VERTEX
8
Flux traps
10
565
20
365
0
VERTEX
8
Flux traps
10
565
20
385
0
VERTEX
8
Flux traps
10
585
20
385
0
VERTEX
8
Flux traps
10
585
20
365
0
SEQEND
0
POLYLINE
8
Flux traps
70
1
40
0
41
0
66
1
0
VERTEX
8
Flux traps
10
565
20
415
0
VERTEX
8
Flux traps
10
565
20
435
0
VERTEX
8
Flux traps
10
585
20
435
0
VERTEX
8
Flux traps
10
585
20
415
0
SEQEND
0
POLYLINE
8
Flux traps
70
1
40
0
41
0
66
1
0
VERTEX
8
Flux traps
10
565
20
465
0
VERTEX
8
Flux traps
10
565
20
485
0
VERTEX
8
Flux traps
10
585
20
485
0
VERTEX
8
Flux traps
10
585
20
465
0
SEQEND
0
POLYLINE
8
Flux traps
70
1
40
0
41
0
66
1
0
VERTEX
8
Flux traps
10
565
20
515
0
VERTEX
8
Flux traps
10
565
20
535
0
VERTEX
8
Flux traps
10
585
20
535
0
VERTEX
8
Flux traps
10
585
20
515
0
SEQEND
0
POLYLINE
8
Flux traps
70
1
40
0
41
0
66
1
0
VERTEX
8
Flux traps
10
815
20
415
0
VERTEX
8
Flux traps
10
815
20
435
0
VERTEX
8
Flux traps
10
835
20
435
0
VERTEX
8
Flux traps
10
835
20
415
0
SEQEND
0
POLYLINE
8
Flux traps
70
1
40
0
41
0
66
1
0
VERTEX
8
Flux traps
10
815
20
465
0
VERTEX
8
Flux traps
10
815
20
485
0
VERTEX
8
Flux traps
10
835
20
485
0
VERTEX
8
Flux traps
10
835
20
465
0
SEQEND
0
POLYLINE
8
Flux traps
70
1
40
0
41
0
66
1
0
VERTEX
8
Flux traps
10
815
20
515
0
VERTEX
8
Flux traps
10
815
20
535
0
VERTEX
8
Flux traps
10
835
20
535
0
VERTEX
8
Flux traps
10
835
20
515
0
SEQEND
0
POLYLINE
8
Flux traps
70
1
40
0
41
0
66
1
0
VERTEX
8
Flux traps
10
865
20
415
0
VERTEX
8
Flux traps
10
865
20
435
0
VERTEX
8
Flux traps
10
885
20
435
0
VERTEX
8
Flux traps
10
885
20
415
0
SEQEND
0
POLYLINE
8
Flux traps
70
1
40
0
41
0
66
1
0
VERTEX
8
Flux traps
10
865
20
465
0
VERTEX
8
Flux traps
10
865
20
485
0
VERTEX
8
Flux traps
10
885
20
485
0
VERTEX
8
Flux traps
10
885
20
465
0
SEQEND
0
POLYLINE
8
Flux traps
70
1
40
0
41
0
66
1
0
VERTEX
8
Flux traps
10
665
20
365
0
VERTEX
8
Flux traps
10
665
20
385
0
VERTEX
8
Flux traps
10
685
20
385
0
VERTEX
8
Flux traps
10
685
20
365
0
SEQEND
0
POLYLINE
8
Flux traps
70
1
40
0
41
0
66
1
0
VERTEX
8
Flux traps
10
665
20
415
0
VERTEX
8
Flux traps
10
665
20
435
0
VERTEX
8
Flux traps
10
685
20
435
0
VERTEX
8
Flux traps
10
685
20
415
0
SEQEND
0
POLYLINE
8
Flux traps
70
1
40
0
41
0
66
1
0
VERTEX
8
Flux traps
10
665
20
465
0
VERTEX
8
Flux traps
10
665
20
485
0
VERTEX
8
Flux traps
10
685
20
485
0
VERTEX
8
Flux traps
10
685
20
465
0
SEQEND
0
POLYLINE
8
Flux traps
70
1
40
0
41
0
66
1
0
VERTEX
8
Flux traps
10
665
20
515
0
VERTEX
8
Flux traps
10
665
20
535
0
VERTEX
8
Flux traps
10
685
20
535
0
VERTEX
8
Flux traps
10
685
20
515
0
SEQEND
0
POLYLINE
8
Flux traps
70
1
40
0
41
0
66
1
0
VERTEX
8
Flux traps
10
865
20
515
0
VERTEX
8
Flux traps
10
865
20
535
0
VERTEX
8
Flux traps
10
885
20
535
0
VERTEX
8
Flux traps
10
885
20
515
0
SEQEND
0
POLYLINE
8
Flux traps
70
1
40
0
41
0
66
1
0
VERTEX
8
Flux traps
10
915
20
365
0
VERTEX
8
Flux traps
10
915
20
385
0
VERTEX
8
Flux traps
10
935
20
385
0
VERTEX
8
Flux traps
10
935
20
365
0
SEQEND
0
POLYLINE
8
Flux traps
70
1
40
0
41
0
66
1
0
VERTEX
8
Flux traps
10
865
20
365
0
VERTEX
8
Flux traps
10
865
20
385
0
VERTEX
8
Flux traps
10
885
20
385
0
VERTEX
8
Flux traps
10
885
20
365
0
SEQEND
0
POLYLINE
8
Flux traps
70
1
40
0
41
0
66
1
0
VERTEX
8
Flux traps
10
965
20
365
0
VERTEX
8
Flux traps
10
965
20
385
0
VERTEX
8
Flux traps
10
985
20
385
0
VERTEX
8
Flux traps
10
985
20
365
0
SEQEND
0
POLYLINE
8
Flux traps
70
1
40
0
41
0
66
1
0
VERTEX
8
Flux traps
10
715
20
365
0
VERTEX
8
Flux traps
10
715
20
385
0
VERTEX
8
Flux traps
10
735
20
385
0
VERTEX
8
Flux traps
10
735
20
365
0
SEQEND
0
POLYLINE
8
Flux traps
70
1
40
0
41
0
66
1
0
VERTEX
8
Flux traps
10
1015
20
365
0
VERTEX
8
Flux traps
10
1015
20
385
0
VERTEX
8
Flux traps
10
1035
20
385
0
VERTEX
8
Flux traps
10
1035
20
365
0
SEQEND
0
POLYLINE
8
Flux traps
70
1
40
0
41
0
66
1
0
VERTEX
8
Flux traps
10
615
20
365
0
VERTEX
8
Flux traps
10
615
20
385
0
VERTEX
8
Flux traps
10
635
20
385
0
VERTEX
8
Flux traps
10
635
20
365
0
SEQEND
0
POLYLINE
8
Flux traps
70
1
40
0
41
0
66
1
0
VERTEX
8
Flux traps
10
615
20
415
0
VERTEX
8
Flux traps
10
615
20
435
0
VERTEX
8
Flux traps
10
635
20
435
0
VERTEX
8
Flux traps
10
635
20
415
0
SEQEND
0
POLYLINE
8
Flux traps
70
1
40
0
41
0
66
1
0
VERTEX
8
Flux traps
10
615
20
465
0
VERTEX
8
Flux traps
10
615
20
485
0
VERTEX
8
Flux traps
10
635
20
485
0
VERTEX
8
Flux traps
10
635
20
465
0
SEQEND
0
POLYLINE
8
Flux traps
70
1
40
0
41
0
66
1
0
VERTEX
8
Flux traps
10
615
20
515
0
VERTEX
8
Flux traps
10
615
20
535
0
VERTEX
8
Flux traps
10
635
20
535
0
VERTEX
8
Flux traps
10
635
20
515
0
SEQEND
0
POLYLINE
8
Flux traps
70
1
40
0
41
0
66
1
0
VERTEX
8
Flux traps
10
715
20
415
0
VERTEX
8
Flux traps
10
715
20
435
0
VERTEX
8
Flux traps
10
735
20
435
0
VERTEX
8
Flux traps
10
735
20
415
0
SEQEND
0
POLYLINE
8
Flux traps
70
1
40
0
41
0
66
1
0
VERTEX
8
Flux traps
10
715
20
465
0
VERTEX
8
Flux traps
10
715
20
485
0
VERTEX
8
Flux traps
10
735
20
485
0
VERTEX
8
Flux traps
10
735
20
465
0
SEQEND
0
POLYLINE
8
Flux traps
70
1
40
0
41
0
66
1
0
VERTEX
8
Flux traps
10
715
20
515
0
VERTEX
8
Flux traps
10
715
20
535
0
VERTEX
8
Flux traps
10
735
20
535
0
VERTEX
8
Flux traps
10
735
20
515
0
SEQEND
0
POLYLINE
8
Flux traps
70
1
40
0
41
0
66
1
0
VERTEX
8
Flux traps
10
1015
20
415
0
VERTEX
8
Flux traps
10
1015
20
435
0
VERTEX
8
Flux traps
10
1035
20
435
0
VERTEX
8
Flux traps
10
1035
20
415
0
SEQEND
0
POLYLINE
8
Flux traps
70
1
40
0
41
0
66
1
0
VERTEX
8
Flux traps
10
765
20
365
0
VERTEX
8
Flux traps
10
765
20
385
0
VERTEX
8
Flux traps
10
785
20
385
0
VERTEX
8
Flux traps
10
785
20
365
0
SEQEND
0
POLYLINE
8
Flux traps
70
1
40
0
41
0
66
1
0
VERTEX
8
Flux traps
10
765
20
415
0
VERTEX
8
Flux traps
10
765
20
435
0
VERTEX
8
Flux traps
10
785
20
435
0
VERTEX
8
Flux traps
10
785
20
415
0
SEQEND
0
POLYLINE
8
Flux traps
70
1
40
0
41
0
66
1
0
VERTEX
8
Flux traps
10
765
20
465
0
VERTEX
8
Flux traps
10
765
20
485
0
VERTEX
8
Flux traps
10
785
20
485
0
VERTEX
8
Flux traps
10
785
20
465
0
SEQEND
0
POLYLINE
8
Flux traps
70
1
40
0
41
0
66
1
0
VERTEX
8
Flux traps
10
765
20
515
0
VERTEX
8
Flux traps
10
765
20
535
0
VERTEX
8
Flux traps
10
785
20
535
0
VERTEX
8
Flux traps
10
785
20
515
0
SEQEND
0
POLYLINE
8
Flux traps
70
1
40
0
41
0
66
1
0
VERTEX
8
Flux traps
10
915
20
415
0
VERTEX
8
Flux traps
10
915
20
435
0
VERTEX
8
Flux traps
10
935
20
435
0
VERTEX
8
Flux traps
10
935
20
415
0
SEQEND
0
POLYLINE
8
Flux traps
70
1
40
0
41
0
66
1
0
VERTEX
8
Flux traps
10
915
20
465
0
VERTEX
8
Flux traps
10
915
20
485
0
VERTEX
8
Flux traps
10
935
20
485
0
VERTEX
8
Flux traps
10
935
20
465
0
SEQEND
0
POLYLINE
8
Flux traps
70
1
40
0
41
0
66
1
0
VERTEX
8
Flux traps
10
915
20
515
0
VERTEX
8
Flux traps
10
915
20
535
0
VERTEX
8
Flux traps
10
935
20
535
0
VERTEX
8
Flux traps
10
935
20
515
0
SEQEND
0
POLYLINE
8
Flux traps
70
1
40
0
41
0
66
1
0
VERTEX
8
Flux traps
10
465
20
365
0
VERTEX
8
Flux traps
10
465
20
385
0
VERTEX
8
Flux traps
10
485
20
385
0
VERTEX
8
Flux traps
10
485
20
365
0
SEQEND
0
POLYLINE
8
Flux traps
70
1
40
0
41
0
66
1
0
VERTEX
8
Flux traps
10
465
20
415
0
VERTEX
8
Flux traps
10
465
20
435
0
VERTEX
8
Flux traps
10
485
20
435
0
VERTEX
8
Flux traps
10
485
20
415
0
SEQEND
0
POLYLINE
8
Flux traps
70
1
40
0
41
0
66
1
0
VERTEX
8
Flux traps
10
315
20
515
0
VERTEX
8
Flux traps
10
315
20
535
0
VERTEX
8
Flux traps
10
335
20
535
0
VERTEX
8
Flux traps
10
335
20
515
0
SEQEND
0
POLYLINE
8
Flux traps
70
1
40
0
41
0
66
1
0
VERTEX
8
Flux traps
10
465
20
465
0
VERTEX
8
Flux traps
10
465
20
485
0
VERTEX
8
Flux traps
10
485
20
485
0
VERTEX
8
Flux traps
10
485
20
465
0
SEQEND
0
POLYLINE
8
Flux traps
70
1
40
0
41
0
66
1
0
VERTEX
8
Flux traps
10
315
20
365
0
VERTEX
8
Flux traps
10
315
20
385
0
VERTEX
8
Flux traps
10
335
20
385
0
VERTEX
8
Flux traps
10
335
20
365
0
SEQEND
0
POLYLINE
8
Flux traps
70
1
40
0
41
0
66
1
0
VERTEX
8
Flux traps
10
315
20
415
0
VERTEX
8
Flux traps
10
315
20
435
0
VERTEX
8
Flux traps
10
335
20
435
0
VERTEX
8
Flux traps
10
335
20
415
0
SEQEND
0
POLYLINE
8
Flux traps
70
1
40
0
41
0
66
1
0
VERTEX
8
Flux traps
10
315
20
465
0
VERTEX
8
Flux traps
10
315
20
485
0
VERTEX
8
Flux traps
10
335
20
485
0
VERTEX
8
Flux traps
10
335
20
465
0
SEQEND
0
POLYLINE
8
Flux traps
70
1
40
0
41
0
66
1
0
VERTEX
8
Flux traps
10
465
20
515
0
VERTEX
8
Flux traps
10
465
20
535
0
VERTEX
8
Flux traps
10
485
20
535
0
VERTEX
8
Flux traps
10
485
20
515
0
SEQEND
0
POLYLINE
8
Flux traps
70
1
40
0
41
0
66
1
0
VERTEX
8
Flux traps
10
165
20
365
0
VERTEX
8
Flux traps
10
165
20
385
0
VERTEX
8
Flux traps
10
185
20
385
0
VERTEX
8
Flux traps
10
185
20
365
0
SEQEND
0
POLYLINE
8
Flux traps
70
1
40
0
41
0
66
1
0
VERTEX
8
Flux traps
10
215
20
365
0
VERTEX
8
Flux traps
10
215
20
385
0
VERTEX
8
Flux traps
10
235
20
385
0
VERTEX
8
Flux traps
10
235
20
365
0
SEQEND
0
POLYLINE
8
Flux traps
70
1
40
0
41
0
66
1
0
VERTEX
8
Flux traps
10
15
20
515
0
VERTEX
8
Flux traps
10
15
20
535
0
VERTEX
8
Flux traps
10
35
20
535
0
VERTEX
8
Flux traps
10
35
20
515
0
SEQEND
0
POLYLINE
8
Flux traps
70
1
40
0
41
0
66
1
0
VERTEX
8
Flux traps
10
215
20
415
0
VERTEX
8
Flux traps
10
215
20
435
0
VERTEX
8
Flux traps
10
235
20
435
0
VERTEX
8
Flux traps
10
235
20
415
0
SEQEND
0
POLYLINE
8
Flux traps
70
1
40
0
41
0
66
1
0
VERTEX
8
Flux traps
10
265
20
365
0
VERTEX
8
Flux traps
10
265
20
385
0
VERTEX
8
Flux traps
10
285
20
385
0
VERTEX
8
Flux traps
10
285
20
365
0
SEQEND
0
POLYLINE
8
Flux traps
70
1
40
0
41
0
66
1
0
VERTEX
8
Flux traps
10
15
20
365
0
VERTEX
8
Flux traps
10
15
20
385
0
VERTEX
8
Flux traps
10
35
20
385
0
VERTEX
8
Flux traps
10
35
20
365
0
SEQEND
0
POLYLINE
8
Flux traps
70
1
40
0
41
0
66
1
0
VERTEX
8
Flux traps
10
15
20
415
0
VERTEX
8
Flux traps
10
15
20
435
0
VERTEX
8
Flux traps
10
35
20
435
0
VERTEX
8
Flux traps
10
35
20
415
0
SEQEND
0
POLYLINE
8
Flux traps
70
1
40
0
41
0
66
1
0
VERTEX
8
Flux traps
10
15
20
465
0
VERTEX
8
Flux traps
10
15
20
485
0
VERTEX
8
Flux traps
10
35
20
485
0
VERTEX
8
Flux traps
10
35
20
465
0
SEQEND
0
POLYLINE
8
Flux traps
70
1
40
0
41
0
66
1
0
VERTEX
8
Flux traps
10
265
20
415
0
VERTEX
8
Flux traps
10
265
20
435
0
VERTEX
8
Flux traps
10
285
20
435
0
VERTEX
8
Flux traps
10
285
20
415
0
SEQEND
0
POLYLINE
8
Flux traps
70
1
40
0
41
0
66
1
0
VERTEX
8
Flux traps
10
265
20
465
0
VERTEX
8
Flux traps
10
265
20
485
0
VERTEX
8
Flux traps
10
285
20
485
0
VERTEX
8
Flux traps
10
285
20
465
0
SEQEND
0
POLYLINE
8
Flux traps
70
1
40
0
41
0
66
1
0
VERTEX
8
Flux traps
10
265
20
515
0
VERTEX
8
Flux traps
10
265
20
535
0
VERTEX
8
Flux traps
10
285
20
535
0
VERTEX
8
Flux traps
10
285
20
515
0
SEQEND
0
POLYLINE
8
Flux traps
70
1
40
0
41
0
66
1
0
VERTEX
8
Flux traps
10
215
20
465
0
VERTEX
8
Flux traps
10
215
20
485
0
VERTEX
8
Flux traps
10
235
20
485
0
VERTEX
8
Flux traps
10
235
20
465
0
SEQEND
0
POLYLINE
8
Flux traps
70
1
40
0
41
0
66
1
0
VERTEX
8
Flux traps
10
165
20
415
0
VERTEX
8
Flux traps
10
165
20
435
0
VERTEX
8
Flux traps
10
185
20
435
0
VERTEX
8
Flux traps
10
185
20
415
0
SEQEND
0
POLYLINE
8
Flux traps
70
1
40
0
41
0
66
1
0
VERTEX
8
Flux traps
10
165
20
465
0
VERTEX
8
Flux traps
10
165
20
485
0
VERTEX
8
Flux traps
10
185
20
485
0
VERTEX
8
Flux traps
10
185
20
465
0
SEQEND
0
POLYLINE
8
Flux traps
70
1
40
0
41
0
66
1
0
VERTEX
8
Flux traps
10
165
20
515
0
VERTEX
8
Flux traps
10
165
20
535
0
VERTEX
8
Flux traps
10
185
20
535
0
VERTEX
8
Flux traps
10
185
20
515
0
SEQEND
0
POLYLINE
8
Flux traps
70
1
40
0
41
0
66
1
0
VERTEX
8
Flux traps
10
215
20
515
0
VERTEX
8
Flux traps
10
215
20
535
0
VERTEX
8
Flux traps
10
235
20
535
0
VERTEX
8
Flux traps
10
235
20
515
0
SEQEND
0
POLYLINE
8
Flux traps
70
1
40
0
41
0
66
1
0
VERTEX
8
Flux traps
10
265
20
165
0
VERTEX
8
Flux traps
10
265
20
185
0
VERTEX
8
Flux traps
10
285
20
185
0
VERTEX
8
Flux traps
10
285
20
165
0
SEQEND
0
POLYLINE
8
Flux traps
70
1
40
0
41
0
66
1
0
VERTEX
8
Flux traps
10
185
20
118.377
0
VERTEX
8
Flux traps
10
168.377
20
135
0
VERTEX
8
Flux traps
10
185
20
135
0
SEQEND
0
POLYLINE
8
Flux traps
70
1
40
0
41
0
66
1
0
VERTEX
8
Flux traps
10
165
20
165
0
VERTEX
8
Flux traps
10
165
20
185
0
VERTEX
8
Flux traps
10
185
20
185
0
VERTEX
8
Flux traps
10
185
20
165
0
SEQEND
0
POLYLINE
8
Flux traps
70
1
40
0
41
0
66
1
0
VERTEX
8
Flux traps
10
165
20
215
0
VERTEX
8
Flux traps
10
165
20
235
0
VERTEX
8
Flux traps
10
185
20
235
0
VERTEX
8
Flux traps
10
185
20
215
0
SEQEND
0
POLYLINE
8
Flux traps
70
1
40
0
41
0
66
1
0
VERTEX
8
Flux traps
10
165
20
265
0
VERTEX
8
Flux traps
10
165
20
285
0
VERTEX
8
Flux traps
10
185
20
285
0
VERTEX
8
Flux traps
10
185
20
265
0
SEQEND
0
POLYLINE
8
Flux traps
70
1
40
0
41
0
66
1
0
VERTEX
8
Flux traps
10
465
20
215
0
VERTEX
8
Flux traps
10
465
20
235
0
VERTEX
8
Flux traps
10
485
20
235
0
VERTEX
8
Flux traps
10
485
20
215
0
SEQEND
0
POLYLINE
8
Flux traps
70
1
40
0
41
0
66
1
0
VERTEX
8
Flux traps
10
465
20
265
0
VERTEX
8
Flux traps
10
465
20
285
0
VERTEX
8
Flux traps
10
485
20
285
0
VERTEX
8
Flux traps
10
485
20
265
0
SEQEND
0
POLYLINE
8
Flux traps
70
1
40
0
41
0
66
1
0
VERTEX
8
Flux traps
10
215
20
215
0
VERTEX
8
Flux traps
10
215
20
235
0
VERTEX
8
Flux traps
10
235
20
235
0
VERTEX
8
Flux traps
10
235
20
215
0
SEQEND
0
POLYLINE
8
Flux traps
70
1
40
0
41
0
66
1
0
VERTEX
8
Flux traps
10
215
20
265
0
VERTEX
8
Flux traps
10
215
20
285
0
VERTEX
8
Flux traps
10
235
20
285
0
VERTEX
8
Flux traps
10
235
20
265
0
SEQEND
0
POLYLINE
8
Flux traps
70
1
40
0
41
0
66
1
0
VERTEX
8
Flux traps
10
15
20
115
0
VERTEX
8
Flux traps
10
15
20
135
0
VERTEX
8
Flux traps
10
35
20
135
0
VERTEX
8
Flux traps
10
35
20
115
0
SEQEND
0
POLYLINE
8
Flux traps
70
1
40
0
41
0
66
1
0
VERTEX
8
Flux traps
10
315
20
118.377
0
VERTEX
8
Flux traps
10
315
20
135
0
VERTEX
8
Flux traps
10
331.623
20
135
0
SEQEND
0
POLYLINE
8
Flux traps
70
1
40
0
41
0
66
1
0
VERTEX
8
Flux traps
10
465
20
65
0
VERTEX
8
Flux traps
10
465
20
85
0
VERTEX
8
Flux traps
10
485
20
85
0
VERTEX
8
Flux traps
10
485
20
65
0
SEQEND
0
POLYLINE
8
Flux traps
70
1
40
0
41
0
66
1
0
VERTEX
8
Flux traps
10
265
20
215
0
VERTEX
8
Flux traps
10
265
20
235
0
VERTEX
8
Flux traps
10
285
20
235
0
VERTEX
8
Flux traps
10
285
20
215
0
SEQEND
0
POLYLINE
8
Flux traps
70
1
40
0
41
0
66
1
0
VERTEX
8
Flux traps
10
265
20
265
0
VERTEX
8
Flux traps
10
265
20
285
0
VERTEX
8
Flux traps
10
285
20
285
0
VERTEX
8
Flux traps
10
285
20
265
0
SEQEND
0
POLYLINE
8
Flux traps
70
1
40
0
41
0
66
1
0
VERTEX
8
Flux traps
10
315
20
215
0
VERTEX
8
Flux traps
10
315
20
235
0
VERTEX
8
Flux traps
10
335
20
235
0
VERTEX
8
Flux traps
10
335
20
215
0
SEQEND
0
POLYLINE
8
Flux traps
70
1
40
0
41
0
66
1
0
VERTEX
8
Flux traps
10
315
20
265
0
VERTEX
8
Flux traps
10
315
20
285
0
VERTEX
8
Flux traps
10
335
20
285
0
VERTEX
8
Flux traps
10
335
20
265
0
SEQEND
0
POLYLINE
8
Flux traps
70
1
40
0
41
0
66
1
0
VERTEX
8
Flux traps
10
215
20
115
0
VERTEX
8
Flux traps
10
215
20
135
0
VERTEX
8
Flux traps
10
235
20
135
0
VERTEX
8
Flux traps
10
235
20
115
0
SEQEND
0
POLYLINE
8
Flux traps
70
1
40
0
41
0
66
1
0
VERTEX
8
Flux traps
10
215
20
165
0
VERTEX
8
Flux traps
10
215
20
185
0
VERTEX
8
Flux traps
10
235
20
185
0
VERTEX
8
Flux traps
10
235
20
165
0
SEQEND
0
POLYLINE
8
Flux traps
70
1
40
0
41
0
66
1
0
VERTEX
8
Flux traps
10
465
20
115
0
VERTEX
8
Flux traps
10
465
20
135
0
VERTEX
8
Flux traps
10
485
20
135
0
VERTEX
8
Flux traps
10
485
20
115
0
SEQEND
0
POLYLINE
8
Flux traps
70
1
40
0
41
0
66
1
0
VERTEX
8
Flux traps
10
465
20
165
0
VERTEX
8
Flux traps
10
465
20
185
0
VERTEX
8
Flux traps
10
485
20
185
0
VERTEX
8
Flux traps
10
485
20
165
0
SEQEND
0
POLYLINE
8
Flux traps
70
1
40
0
41
0
66
1
0
VERTEX
8
Flux traps
10
15
20
165
0
VERTEX
8
Flux traps
10
15
20
185
0
VERTEX
8
Flux traps
10
35
20
185
0
VERTEX
8
Flux traps
10
35
20
165
0
SEQEND
0
POLYLINE
8
Flux traps
70
1
40
0
41
0
66
1
0
VERTEX
8
Flux traps
10
15
20
215
0
VERTEX
8
Flux traps
10
15
20
235
0
VERTEX
8
Flux traps
10
35
20
235
0
VERTEX
8
Flux traps
10
35
20
215
0
SEQEND
0
POLYLINE
8
Flux traps
70
1
40
0
41
0
66
1
0
VERTEX
8
Flux traps
10
15
20
265
0
VERTEX
8
Flux traps
10
15
20
285
0
VERTEX
8
Flux traps
10
35
20
285
0
VERTEX
8
Flux traps
10
35
20
265
0
SEQEND
0
POLYLINE
8
Flux traps
70
1
40
0
41
0
66
1
0
VERTEX
8
Flux traps
10
265
20
115
0
VERTEX
8
Flux traps
10
265
20
135
0
VERTEX
8
Flux traps
10
285
20
135
0
VERTEX
8
Flux traps
10
285
20
115
0
SEQEND
0
POLYLINE
8
Flux traps
70
1
40
0
41
0
66
1
0
VERTEX
8
Flux traps
10
315
20
165
0
VERTEX
8
Flux traps
10
315
20
185
0
VERTEX
8
Flux traps
10
335
20
185
0
VERTEX
8
Flux traps
10
335
20
165
0
SEQEND
0
POLYLINE
8
Flux traps
70
1
40
0
41
0
66
1
0
VERTEX
8
Flux traps
10
15
20
65
0
VERTEX
8
Flux traps
10
15
20
85
0
VERTEX
8
Flux traps
10
35
20
85
0
VERTEX
8
Flux traps
10
35
20
65
0
SEQEND
0
POLYLINE
8
Flux traps
70
1
40
0
41
0
66
1
0
VERTEX
8
Flux traps
10
665
20
115
0
VERTEX
8
Flux traps
10
665
20
135
0
VERTEX
8
Flux traps
10
685
20
135
0
VERTEX
8
Flux traps
10
685
20
115
0
SEQEND
0
POLYLINE
8
Flux traps
70
1
40
0
41
0
66
1
0
VERTEX
8
Flux traps
10
665
20
165
0
VERTEX
8
Flux traps
10
665
20
185
0
VERTEX
8
Flux traps
10
685
20
185
0
VERTEX
8
Flux traps
10
685
20
165
0
SEQEND
0
POLYLINE
8
Flux traps
70
1
40
0
41
0
66
1
0
VERTEX
8
Flux traps
10
665
20
215
0
VERTEX
8
Flux traps
10
665
20
235
0
VERTEX
8
Flux traps
10
685
20
235
0
VERTEX
8
Flux traps
10
685
20
215
0
SEQEND
0
POLYLINE
8
Flux traps
70
1
40
0
41
0
66
1
0
VERTEX
8
Flux traps
10
665
20
265
0
VERTEX
8
Flux traps
10
665
20
285
0
VERTEX
8
Flux traps
10
685
20
285
0
VERTEX
8
Flux traps
10
685
20
265
0
SEQEND
0
POLYLINE
8
Flux traps
70
1
40
0
41
0
66
1
0
VERTEX
8
Flux traps
10
865
20
115
0
VERTEX
8
Flux traps
10
865
20
135
0
VERTEX
8
Flux traps
10
885
20
135
0
VERTEX
8
Flux traps
10
885
20
115
0
SEQEND
0
POLYLINE
8
Flux traps
70
1
40
0
41
0
66
1
0
VERTEX
8
Flux traps
10
865
20
165
0
VERTEX
8
Flux traps
10
865
20
185
0
VERTEX
8
Flux traps
10
885
20
185
0
VERTEX
8
Flux traps
10
885
20
165
0
SEQEND
0
POLYLINE
8
Flux traps
70
1
40
0
41
0
66
1
0
VERTEX
8
Flux traps
10
565
20
65
0
VERTEX
8
Flux traps
10
565
20
85
0
VERTEX
8
Flux traps
10
585
20
85
0
VERTEX
8
Flux traps
10
585
20
65
0
SEQEND
0
POLYLINE
8
Flux traps
70
1
40
0
41
0
66
1
0
VERTEX
8
Flux traps
10
565
20
115
0
VERTEX
8
Flux traps
10
565
20
135
0
VERTEX
8
Flux traps
10
585
20
135
0
VERTEX
8
Flux traps
10
585
20
115
0
SEQEND
0
POLYLINE
8
Flux traps
70
1
40
0
41
0
66
1
0
VERTEX
8
Flux traps
10
565
20
165
0
VERTEX
8
Flux traps
10
565
20
185
0
VERTEX
8
Flux traps
10
585
20
185
0
VERTEX
8
Flux traps
10
585
20
165
0
SEQEND
0
POLYLINE
8
Flux traps
70
1
40
0
41
0
66
1
0
VERTEX
8
Flux traps
10
565
20
215
0
VERTEX
8
Flux traps
10
565
20
235
0
VERTEX
8
Flux traps
10
585
20
235
0
VERTEX
8
Flux traps
10
585
20
215
0
SEQEND
0
POLYLINE
8
Flux traps
70
1
40
0
41
0
66
1
0
VERTEX
8
Flux traps
10
565
20
265
0
VERTEX
8
Flux traps
10
565
20
285
0
VERTEX
8
Flux traps
10
585
20
285
0
VERTEX
8
Flux traps
10
585
20
265
0
SEQEND
0
POLYLINE
8
Flux traps
70
1
40
0
41
0
66
1
0
VERTEX
8
Flux traps
10
865
20
215
0
VERTEX
8
Flux traps
10
865
20
235
0
VERTEX
8
Flux traps
10
885
20
235
0
VERTEX
8
Flux traps
10
885
20
215
0
SEQEND
0
POLYLINE
8
Flux traps
70
1
40
0
41
0
66
1
0
VERTEX
8
Flux traps
10
715
20
65
0
VERTEX
8
Flux traps
10
715
20
85
0
VERTEX
8
Flux traps
10
735
20
85
0
VERTEX
8
Flux traps
10
735
20
65
0
SEQEND
0
POLYLINE
8
Flux traps
70
1
40
0
41
0
66
1
0
VERTEX
8
Flux traps
10
715
20
115
0
VERTEX
8
Flux traps
10
715
20
135
0
VERTEX
8
Flux traps
10
735
20
135
0
VERTEX
8
Flux traps
10
735
20
115
0
SEQEND
0
POLYLINE
8
Flux traps
70
1
40
0
41
0
66
1
0
VERTEX
8
Flux traps
10
715
20
165
0
VERTEX
8
Flux traps
10
715
20
185
0
VERTEX
8
Flux traps
10
735
20
185
0
VERTEX
8
Flux traps
10
735
20
165
0
SEQEND
0
POLYLINE
8
Flux traps
70
1
40
0
41
0
66
1
0
VERTEX
8
Flux traps
10
715
20
215
0
VERTEX
8
Flux traps
10
715
20
235
0
VERTEX
8
Flux traps
10
735
20
235
0
VERTEX
8
Flux traps
10
735
20
215
0
SEQEND
0
POLYLINE
8
Flux traps
70
1
40
0
41
0
66
1
0
VERTEX
8
Flux traps
10
715
20
265
0
VERTEX
8
Flux traps
10
715
20
285
0
VERTEX
8
Flux traps
10
735
20
285
0
VERTEX
8
Flux traps
10
735
20
265
0
SEQEND
0
POLYLINE
8
Flux traps
70
1
40
0
41
0
66
1
0
VERTEX
8
Flux traps
10
965
20
65
0
VERTEX
8
Flux traps
10
965
20
85
0
VERTEX
8
Flux traps
10
985
20
85
0
VERTEX
8
Flux traps
10
985
20
65
0
SEQEND
0
POLYLINE
8
Flux traps
70
1
40
0
41
0
66
1
0
VERTEX
8
Flux traps
10
815
20
115
0
VERTEX
8
Flux traps
10
815
20
135
0
VERTEX
8
Flux traps
10
835
20
135
0
VERTEX
8
Flux traps
10
835
20
115
0
SEQEND
0
POLYLINE
8
Flux traps
70
1
40
0
41
0
66
1
0
VERTEX
8
Flux traps
10
615
20
65
0
VERTEX
8
Flux traps
10
615
20
85
0
VERTEX
8
Flux traps
10
635
20
85
0
VERTEX
8
Flux traps
10
635
20
65
0
SEQEND
0
POLYLINE
8
Flux traps
70
1
40
0
41
0
66
1
0
VERTEX
8
Flux traps
10
615
20
115
0
VERTEX
8
Flux traps
10
615
20
135
0
VERTEX
8
Flux traps
10
635
20
135
0
VERTEX
8
Flux traps
10
635
20
115
0
SEQEND
0
POLYLINE
8
Flux traps
70
1
40
0
41
0
66
1
0
VERTEX
8
Flux traps
10
615
20
165
0
VERTEX
8
Flux traps
10
615
20
185
0
VERTEX
8
Flux traps
10
635
20
185
0
VERTEX
8
Flux traps
10
635
20
165
0
SEQEND
0
POLYLINE
8
Flux traps
70
1
40
0
41
0
66
1
0
VERTEX
8
Flux traps
10
615
20
215
0
VERTEX
8
Flux traps
10
615
20
235
0
VERTEX
8
Flux traps
10
635
20
235
0
VERTEX
8
Flux traps
10
635
20
215
0
SEQEND
0
POLYLINE
8
Flux traps
70
1
40
0
41
0
66
1
0
VERTEX
8
Flux traps
10
615
20
265
0
VERTEX
8
Flux traps
10
615
20
285
0
VERTEX
8
Flux traps
10
635
20
285
0
VERTEX
8
Flux traps
10
635
20
265
0
SEQEND
0
POLYLINE
8
Flux traps
70
1
40
0
41
0
66
1
0
VERTEX
8
Flux traps
10
815
20
165
0
VERTEX
8
Flux traps
10
815
20
185
0
VERTEX
8
Flux traps
10
835
20
185
0
VERTEX
8
Flux traps
10
835
20
165
0
SEQEND
0
POLYLINE
8
Flux traps
70
1
40
0
41
0
66
1
0
VERTEX
8
Flux traps
10
965
20
115
0
VERTEX
8
Flux traps
10
965
20
135
0
VERTEX
8
Flux traps
10
985
20
135
0
VERTEX
8
Flux traps
10
985
20
115
0
SEQEND
0
POLYLINE
8
Flux traps
70
1
40
0
41
0
66
1
0
VERTEX
8
Flux traps
10
965
20
165
0
VERTEX
8
Flux traps
10
965
20
185
0
VERTEX
8
Flux traps
10
985
20
185
0
VERTEX
8
Flux traps
10
985
20
165
0
SEQEND
0
POLYLINE
8
Flux traps
70
1
40
0
41
0
66
1
0
VERTEX
8
Flux traps
10
965
20
215
0
VERTEX
8
Flux traps
10
965
20
235
0
VERTEX
8
Flux traps
10
985
20
235
0
VERTEX
8
Flux traps
10
985
20
215
0
SEQEND
0
POLYLINE
8
Flux traps
70
1
40
0
41
0
66
1
0
VERTEX
8
Flux traps
10
965
20
265
0
VERTEX
8
Flux traps
10
965
20
285
0
VERTEX
8
Flux traps
10
985
20
285
0
VERTEX
8
Flux traps
10
985
20
265
0
SEQEND
0
POLYLINE
8
Flux traps
70
1
40
0
41
0
66
1
0
VERTEX
8
Flux traps
10
865
20
265
0
VERTEX
8
Flux traps
10
865
20
285
0
VERTEX
8
Flux traps
10
885
20
285
0
VERTEX
8
Flux traps
10
885
20
265
0
SEQEND
0
POLYLINE
8
Flux traps
70
1
40
0
41
0
66
1
0
VERTEX
8
Flux traps
10
815
20
65
0
VERTEX
8
Flux traps
10
815
20
85
0
VERTEX
8
Flux traps
10
835
20
85
0
VERTEX
8
Flux traps
10
835
20
65
0
SEQEND
0
POLYLINE
8
Flux traps
70
1
40
0
41
0
66
1
0
VERTEX
8
Flux traps
10
1015
20
65
0
VERTEX
8
Flux traps
10
1015
20
85
0
VERTEX
8
Flux traps
10
1035
20
85
0
VERTEX
8
Flux traps
10
1035
20
65
0
SEQEND
0
POLYLINE
8
Flux traps
70
1
40
0
41
0
66
1
0
VERTEX
8
Flux traps
10
915
20
65
0
VERTEX
8
Flux traps
10
915
20
85
0
VERTEX
8
Flux traps
10
935
20
85
0
VERTEX
8
Flux traps
10
935
20
65
0
SEQEND
0
POLYLINE
8
Flux traps
70
1
40
0
41
0
66
1
0
VERTEX
8
Flux traps
10
915
20
115
0
VERTEX
8
Flux traps
10
915
20
135
0
VERTEX
8
Flux traps
10
935
20
135
0
VERTEX
8
Flux traps
10
935
20
115
0
SEQEND
0
POLYLINE
8
Flux traps
70
1
40
0
41
0
66
1
0
VERTEX
8
Flux traps
10
915
20
165
0
VERTEX
8
Flux traps
10
915
20
185
0
VERTEX
8
Flux traps
10
935
20
185
0
VERTEX
8
Flux traps
10
935
20
165
0
SEQEND
0
POLYLINE
8
Flux traps
70
1
40
0
41
0
66
1
0
VERTEX
8
Flux traps
10
765
20
65
0
VERTEX
8
Flux traps
10
765
20
85
0
VERTEX
8
Flux traps
10
785
20
85
0
VERTEX
8
Flux traps
10
785
20
65
0
SEQEND
0
POLYLINE
8
Flux traps
70
1
40
0
41
0
66
1
0
VERTEX
8
Flux traps
10
765
20
115
0
VERTEX
8
Flux traps
10
765
20
135
0
VERTEX
8
Flux traps
10
785
20
135
0
VERTEX
8
Flux traps
10
785
20
115
0
SEQEND
0
POLYLINE
8
Flux traps
70
1
40
0
41
0
66
1
0
VERTEX
8
Flux traps
10
765
20
165
0
VERTEX
8
Flux traps
10
765
20
185
0
VERTEX
8
Flux traps
10
785
20
185
0
VERTEX
8
Flux traps
10
785
20
165
0
SEQEND
0
POLYLINE
8
Flux traps
70
1
40
0
41
0
66
1
0
VERTEX
8
Flux traps
10
765
20
215
0
VERTEX
8
Flux traps
10
765
20
235
0
VERTEX
8
Flux traps
10
785
20
235
0
VERTEX
8
Flux traps
10
785
20
215
0
SEQEND
0
POLYLINE
8
Flux traps
70
1
40
0
41
0
66
1
0
VERTEX
8
Flux traps
10
765
20
265
0
VERTEX
8
Flux traps
10
765
20
285
0
VERTEX
8
Flux traps
10
785
20
285
0
VERTEX
8
Flux traps
10
785
20
265
0
SEQEND
0
POLYLINE
8
Flux traps
70
1
40
0
41
0
66
1
0
VERTEX
8
Flux traps
10
915
20
215
0
VERTEX
8
Flux traps
10
915
20
235
0
VERTEX
8
Flux traps
10
935
20
235
0
VERTEX
8
Flux traps
10
935
20
215
0
SEQEND
0
POLYLINE
8
Flux traps
70
1
40
0
41
0
66
1
0
VERTEX
8
Flux traps
10
1015
20
115
0
VERTEX
8
Flux traps
10
1015
20
135
0
VERTEX
8
Flux traps
10
1035
20
135
0
VERTEX
8
Flux traps
10
1035
20
115
0
SEQEND
0
POLYLINE
8
Flux traps
70
1
40
0
41
0
66
1
0
VERTEX
8
Flux traps
10
1015
20
165
0
VERTEX
8
Flux traps
10
1015
20
185
0
VERTEX
8
Flux traps
10
1035
20
185
0
VERTEX
8
Flux traps
10
1035
20
165
0
SEQEND
0
POLYLINE
8
Flux traps
70
1
40
0
41
0
66
1
0
VERTEX
8
Flux traps
10
1015
20
215
0
VERTEX
8
Flux traps
10
1015
20
235
0
VERTEX
8
Flux traps
10
1035
20
235
0
VERTEX
8
Flux traps
10
1035
20
215
0
SEQEND
0
POLYLINE
8
Flux traps
70
1
40
0
41
0
66
1
0
VERTEX
8
Flux traps
10
815
20
215
0
VERTEX
8
Flux traps
10
815
20
235
0
VERTEX
8
Flux traps
10
835
20
235
0
VERTEX
8
Flux traps
10
835
20
215
0
SEQEND
0
POLYLINE
8
Flux traps
70
1
40
0
41
0
66
1
0
VERTEX
8
Flux traps
10
815
20
265
0
VERTEX
8
Flux traps
10
815
20
285
0
VERTEX
8
Flux traps
10
835
20
285
0
VERTEX
8
Flux traps
10
835
20
265
0
SEQEND
0
POLYLINE
8
Flux traps
70
1
40
0
41
0
66
1
0
VERTEX
8
Flux traps
10
1015
20
265
0
VERTEX
8
Flux traps
10
1015
20
285
0
VERTEX
8
Flux traps
10
1035
20
285
0
VERTEX
8
Flux traps
10
1035
20
265
0
SEQEND
0
POLYLINE
8
Flux traps
70
1
40
0
41
0
66
1
0
VERTEX
8
Flux traps
10
865
20
65
0
VERTEX
8
Flux traps
10
865
20
85
0
VERTEX
8
Flux traps
10
885
20
85
0
VERTEX
8
Flux traps
10
885
20
65
0
SEQEND
0
POLYLINE
8
Flux traps
70
1
40
0
41
0
66
1
0
VERTEX
8
Flux traps
10
915
20
265
0
VERTEX
8
Flux traps
10
915
20
285
0
VERTEX
8
Flux traps
10
935
20
285
0
VERTEX
8
Flux traps
10
935
20
265
0
SEQEND
0
POLYLINE
8
Flux traps
70
1
40
0
41
0
66
1
0
VERTEX
8
Flux traps
10
665
20
65
0
VERTEX
8
Flux traps
10
665
20
85
0
VERTEX
8
Flux traps
10
685
20
85
0
VERTEX
8
Flux traps
10
685
20
65
0
SEQEND
0
POLYLINE
8
Flux traps
70
1
40
0
41
0
66
1
0
VERTEX
8
Flux traps
10
1165
20
415
0
VERTEX
8
Flux traps
10
1165
20
435
0
VERTEX
8
Flux traps
10
1185
20
435
0
VERTEX
8
Flux traps
10
1185
20
415
0
SEQEND
0
POLYLINE
8
Flux traps
70
1
40
0
41
0
66
1
0
VERTEX
8
Flux traps
10
1215
20
415
0
VERTEX
8
Flux traps
10
1215
20
435
0
VERTEX
8
Flux traps
10
1235
20
435
0
VERTEX
8
Flux traps
10
1235
20
415
0
SEQEND
0
POLYLINE
8
Flux traps
70
1
40
0
41
0
66
1
0
VERTEX
8
Flux traps
10
1265
20
415
0
VERTEX
8
Flux traps
10
1265
20
435
0
VERTEX
8
Flux traps
10
1285
20
435
0
VERTEX
8
Flux traps
10
1285
20
415
0
SEQEND
0
POLYLINE
8
Flux traps
70
1
40
0
41
0
66
1
0
VERTEX
8
Flux traps
10
1315
20
415
0
VERTEX
8
Flux traps
10
1315
20
435
0
VERTEX
8
Flux traps
10
1335
20
435
0
VERTEX
8
Flux traps
10
1335
20
415
0
SEQEND
0
POLYLINE
8
Flux traps
70
1
40
0
41
0
66
1
0
VERTEX
8
Flux traps
10
1365
20
415
0
VERTEX
8
Flux traps
10
1365
20
435
0
VERTEX
8
Flux traps
10
1385
20
435
0
VERTEX
8
Flux traps
10
1385
20
415
0
SEQEND
0
POLYLINE
8
Flux traps
70
1
40
0
41
0
66
1
0
VERTEX
8
Flux traps
10
1165
20
465
0
VERTEX
8
Flux traps
10
1165
20
485
0
VERTEX
8
Flux traps
10
1185
20
485
0
VERTEX
8
Flux traps
10
1185
20
465
0
SEQEND
0
POLYLINE
8
Flux traps
70
1
40
0
41
0
66
1
0
VERTEX
8
Flux traps
10
1215
20
465
0
VERTEX
8
Flux traps
10
1215
20
485
0
VERTEX
8
Flux traps
10
1235
20
485
0
VERTEX
8
Flux traps
10
1235
20
465
0
SEQEND
0
POLYLINE
8
Flux traps
70
1
40
0
41
0
66
1
0
VERTEX
8
Flux traps
10
1265
20
465
0
VERTEX
8
Flux traps
10
1265
20
485
0
VERTEX
8
Flux traps
10
1285
20
485
0
VERTEX
8
Flux traps
10
1285
20
465
0
SEQEND
0
POLYLINE
8
Flux traps
70
1
40
0
41
0
66
1
0
VERTEX
8
Flux traps
10
1315
20
465
0
VERTEX
8
Flux traps
10
1315
20
485
0
VERTEX
8
Flux traps
10
1335
20
485
0
VERTEX
8
Flux traps
10
1335
20
465
0
SEQEND
0
POLYLINE
8
Flux traps
70
1
40
0
41
0
66
1
0
VERTEX
8
Flux traps
10
1365
20
465
0
VERTEX
8
Flux traps
10
1365
20
485
0
VERTEX
8
Flux traps
10
1385
20
485
0
VERTEX
8
Flux traps
10
1385
20
465
0
SEQEND
0
POLYLINE
8
Flux traps
70
1
40
0
41
0
66
1
0
VERTEX
8
Flux traps
10
1415
20
465
0
VERTEX
8
Flux traps
10
1415
20
485
0
VERTEX
8
Flux traps
10
1435
20
485
0
VERTEX
8
Flux traps
10
1435
20
465
0
SEQEND
0
POLYLINE
8
Flux traps
70
1
40
0
41
0
66
1
0
VERTEX
8
Flux traps
10
1165
20
515
0
VERTEX
8
Flux traps
10
1165
20
535
0
VERTEX
8
Flux traps
10
1185
20
535
0
VERTEX
8
Flux traps
10
1185
20
515
0
SEQEND
0
POLYLINE
8
Flux traps
70
1
40
0
41
0
66
1
0
VERTEX
8
Flux traps
10
1215
20
515
0
VERTEX
8
Flux traps
10
1215
20
535
0
VERTEX
8
Flux traps
10
1235
20
535
0
VERTEX
8
Flux traps
10
1235
20
515
0
SEQEND
0
POLYLINE
8
Flux traps
70
1
40
0
41
0
66
1
0
VERTEX
8
Flux traps
10
1265
20
515
0
VERTEX
8
Flux traps
10
1265
20
535
0
VERTEX
8
Flux traps
10
1285
20
535
0
VERTEX
8
Flux traps
10
1285
20
515
0
SEQEND
0
POLYLINE
8
Flux traps
70
1
40
0
41
0
66
1
0
VERTEX
8
Flux traps
10
1065
20
65
0
VERTEX
8
Flux traps
10
1065
20
85
0
VERTEX
8
Flux traps
10
1085
20
85
0
VERTEX
8
Flux traps
10
1085
20
65
0
SEQEND
0
POLYLINE
8
Flux traps
70
1
40
0
41
0
66
1
0
VERTEX
8
Flux traps
10
1065
20
115
0
VERTEX
8
Flux traps
10
1065
20
135
0
VERTEX
8
Flux traps
10
1085
20
135
0
VERTEX
8
Flux traps
10
1085
20
115
0
SEQEND
0
POLYLINE
8
Flux traps
70
1
40
0
41
0
66
1
0
VERTEX
8
Flux traps
10
1115
20
65
0
VERTEX
8
Flux traps
10
1115
20
85
0
VERTEX
8
Flux traps
10
1135
20
85
0
VERTEX
8
Flux traps
10
1135
20
65
0
SEQEND
0
POLYLINE
8
Flux traps
70
1
40
0
41
0
66
1
0
VERTEX
8
Flux traps
10
1115
20
115
0
VERTEX
8
Flux traps
10
1115
20
135
0
VERTEX
8
Flux traps
10
1135
20
135
0
VERTEX
8
Flux traps
10
1135
20
115
0
SEQEND
0
POLYLINE
8
Flux traps
70
1
40
0
41
0
66
1
0
VERTEX
8
Flux traps
10
1115
20
165
0
VERTEX
8
Flux traps
10
1115
20
185
0
VERTEX
8
Flux traps
10
1135
20
185
0
VERTEX
8
Flux traps
10
1135
20
165
0
SEQEND
0
POLYLINE
8
Flux traps
70
1
40
0
41
0
66
1
0
VERTEX
8
Flux traps
10
1115
20
215
0
VERTEX
8
Flux traps
10
1115
20
235
0
VERTEX
8
Flux traps
10
1135
20
235
0
VERTEX
8
Flux traps
10
1135
20
215
0
SEQEND
0
POLYLINE
8
Flux traps
70
1
40
0
41
0
66
1
0
VERTEX
8
Flux traps
10
1115
20
265
0
VERTEX
8
Flux traps
10
1115
20
285
0
VERTEX
8
Flux traps
10
1135
20
285
0
VERTEX
8
Flux traps
10
1135
20
265
0
SEQEND
0
POLYLINE
8
Flux traps
70
1
40
0
41
0
66
1
0
VERTEX
8
Flux traps
10
1115
20
315
0
VERTEX
8
Flux traps
10
1115
20
335
0
VERTEX
8
Flux traps
10
1135
20
335
0
VERTEX
8
Flux traps
10
1135
20
315
0
SEQEND
0
POLYLINE
8
Flux traps
70
1
40
0
41
0
66
1
0
VERTEX
8
Flux traps
10
1115
20
365
0
VERTEX
8
Flux traps
10
1115
20
385
0
VERTEX
8
Flux traps
10
1135
20
385
0
VERTEX
8
Flux traps
10
1135
20
365
0
SEQEND
0
POLYLINE
8
Flux traps
70
1
40
0
41
0
66
1
0
VERTEX
8
Flux traps
10
1115
20
415
0
VERTEX
8
Flux traps
10
1115
20
435
0
VERTEX
8
Flux traps
10
1135
20
435
0
VERTEX
8
Flux traps
10
1135
20
415
0
SEQEND
0
POLYLINE
8
Flux traps
70
1
40
0
41
0
66
1
0
VERTEX
8
Flux traps
10
1115
20
465
0
VERTEX
8
Flux traps
10
1115
20
485
0
VERTEX
8
Flux traps
10
1135
20
485
0
VERTEX
8
Flux traps
10
1135
20
465
0
SEQEND
0
POLYLINE
8
Flux traps
70
1
40
0
41
0
66
1
0
VERTEX
8
Flux traps
10
1115
20
515
0
VERTEX
8
Flux traps
10
1115
20
535
0
VERTEX
8
Flux traps
10
1135
20
535
0
VERTEX
8
Flux traps
10
1135
20
515
0
SEQEND
0
POLYLINE
8
Flux traps
70
1
40
0
41
0
66
1
0
VERTEX
8
Flux traps
10
1065
20
165
0
VERTEX
8
Flux traps
10
1065
20
185
0
VERTEX
8
Flux traps
10
1085
20
185
0
VERTEX
8
Flux traps
10
1085
20
165
0
SEQEND
0
POLYLINE
8
Flux traps
70
1
40
0
41
0
66
1
0
VERTEX
8
Flux traps
10
1065
20
215
0
VERTEX
8
Flux traps
10
1065
20
235
0
VERTEX
8
Flux traps
10
1085
20
235
0
VERTEX
8
Flux traps
10
1085
20
215
0
SEQEND
0
POLYLINE
8
Flux traps
70
1
40
0
41
0
66
1
0
VERTEX
8
Flux traps
10
1065
20
265
0
VERTEX
8
Flux traps
10
1065
20
285
0
VERTEX
8
Flux traps
10
1085
20
285
0
VERTEX
8
Flux traps
10
1085
20
265
0
SEQEND
0
POLYLINE
8
Flux traps
70
1
40
0
41
0
66
1
0
VERTEX
8
Flux traps
10
1065
20
315
0
VERTEX
8
Flux traps
10
1065
20
335
0
VERTEX
8
Flux traps
10
1085
20
335
0
VERTEX
8
Flux traps
10
1085
20
315
0
SEQEND
0
POLYLINE
8
Flux traps
70
1
40
0
41
0
66
1
0
VERTEX
8
Flux traps
10
1065
20
365
0
VERTEX
8
Flux traps
10
1065
20
385
0
VERTEX
8
Flux traps
10
1085
20
385
0
VERTEX
8
Flux traps
10
1085
20
365
0
SEQEND
0
POLYLINE
8
Flux traps
70
1
40
0
41
0
66
1
0
VERTEX
8
Flux traps
10
1065
20
415
0
VERTEX
8
Flux traps
10
1065
20
435
0
VERTEX
8
Flux traps
10
1085
20
435
0
VERTEX
8
Flux traps
10
1085
20
415
0
SEQEND
0
POLYLINE
8
Flux traps
70
1
40
0
41
0
66
1
0
VERTEX
8
Flux traps
10
1065
20
465
0
VERTEX
8
Flux traps
10
1065
20
485
0
VERTEX
8
Flux traps
10
1085
20
485
0
VERTEX
8
Flux traps
10
1085
20
465
0
SEQEND
0
POLYLINE
8
Flux traps
70
1
40
0
41
0
66
1
0
VERTEX
8
Flux traps
10
1065
20
515
0
VERTEX
8
Flux traps
10
1065
20
535
0
VERTEX
8
Flux traps
10
1085
20
535
0
VERTEX
8
Flux traps
10
1085
20
515
0
SEQEND
0
POLYLINE
8
Flux traps
70
1
40
0
41
0
66
1
0
VERTEX
8
Flux traps
10
1315
20
515
0
VERTEX
8
Flux traps
10
1315
20
535
0
VERTEX
8
Flux traps
10
1335
20
535
0
VERTEX
8
Flux traps
10
1335
20
515
0
SEQEND
0
POLYLINE
8
Flux traps
70
1
40
0
41
0
66
1
0
VERTEX
8
Flux traps
10
1365
20
515
0
VERTEX
8
Flux traps
10
1365
20
535
0
VERTEX
8
Flux traps
10
1385
20
535
0
VERTEX
8
Flux traps
10
1385
20
515
0
SEQEND
0
POLYLINE
8
Flux traps
70
1
40
0
41
0
66
1
0
VERTEX
8
Flux traps
10
1415
20
515
0
VERTEX
8
Flux traps
10
1415
20
535
0
VERTEX
8
Flux traps
10
1435
20
535
0
VERTEX
8
Flux traps
10
1435
20
515
0
SEQEND
0
POLYLINE
8
Flux traps
70
1
40
0
41
0
66
1
0
VERTEX
8
Flux traps
10
1165
20
65
0
VERTEX
8
Flux traps
10
1165
20
85
0
VERTEX
8
Flux traps
10
1185
20
85
0
VERTEX
8
Flux traps
10
1185
20
65
0
SEQEND
0
POLYLINE
8
Flux traps
70
1
40
0
41
0
66
1
0
VERTEX
8
Flux traps
10
1165
20
115
0
VERTEX
8
Flux traps
10
1165
20
135
0
VERTEX
8
Flux traps
10
1185
20
135
0
VERTEX
8
Flux traps
10
1185
20
115
0
SEQEND
0
POLYLINE
8
Flux traps
70
1
40
0
41
0
66
1
0
VERTEX
8
Flux traps
10
1215
20
115
0
VERTEX
8
Flux traps
10
1215
20
135
0
VERTEX
8
Flux traps
10
1235
20
135
0
VERTEX
8
Flux traps
10
1235
20
115
0
SEQEND
0
POLYLINE
8
Flux traps
70
1
40
0
41
0
66
1
0
VERTEX
8
Flux traps
10
1165
20
165
0
VERTEX
8
Flux traps
10
1165
20
185
0
VERTEX
8
Flux traps
10
1185
20
185
0
VERTEX
8
Flux traps
10
1185
20
165
0
SEQEND
0
POLYLINE
8
Flux traps
70
1
40
0
41
0
66
1
0
VERTEX
8
Flux traps
10
1215
20
165
0
VERTEX
8
Flux traps
10
1215
20
185
0
VERTEX
8
Flux traps
10
1235
20
185
0
VERTEX
8
Flux traps
10
1235
20
165
0
SEQEND
0
POLYLINE
8
Flux traps
70
1
40
0
41
0
66
1
0
VERTEX
8
Flux traps
10
1165
20
215
0
VERTEX
8
Flux traps
10
1165
20
235
0
VERTEX
8
Flux traps
10
1185
20
235
0
VERTEX
8
Flux traps
10
1185
20
215
0
SEQEND
0
POLYLINE
8
Flux traps
70
1
40
0
41
0
66
1
0
VERTEX
8
Flux traps
10
1215
20
215
0
VERTEX
8
Flux traps
10
1215
20
235
0
VERTEX
8
Flux traps
10
1235
20
235
0
VERTEX
8
Flux traps
10
1235
20
215
0
SEQEND
0
POLYLINE
8
Flux traps
70
1
40
0
41
0
66
1
0
VERTEX
8
Flux traps
10
1265
20
215
0
VERTEX
8
Flux traps
10
1265
20
235
0
VERTEX
8
Flux traps
10
1285
20
235
0
VERTEX
8
Flux traps
10
1285
20
215
0
SEQEND
0
POLYLINE
8
Flux traps
70
1
40
0
41
0
66
1
0
VERTEX
8
Flux traps
10
1165
20
265
0
VERTEX
8
Flux traps
10
1165
20
285
0
VERTEX
8
Flux traps
10
1185
20
285
0
VERTEX
8
Flux traps
10
1185
20
265
0
SEQEND
0
POLYLINE
8
Flux traps
70
1
40
0
41
0
66
1
0
VERTEX
8
Flux traps
10
1215
20
265
0
VERTEX
8
Flux traps
10
1215
20
285
0
VERTEX
8
Flux traps
10
1235
20
285
0
VERTEX
8
Flux traps
10
1235
20
265
0
SEQEND
0
POLYLINE
8
Flux traps
70
1
40
0
41
0
66
1
0
VERTEX
8
Flux traps
10
1265
20
265
0
VERTEX
8
Flux traps
10
1265
20
285
0
VERTEX
8
Flux traps
10
1285
20
285
0
VERTEX
8
Flux traps
10
1285
20
265
0
SEQEND
0
POLYLINE
8
Flux traps
70
1
40
0
41
0
66
1
0
VERTEX
8
Flux traps
10
1165
20
315
0
VERTEX
8
Flux traps
10
1165
20
335
0
VERTEX
8
Flux traps
10
1185
20
335
0
VERTEX
8
Flux traps
10
1185
20
315
0
SEQEND
0
POLYLINE
8
Flux traps
70
1
40
0
41
0
66
1
0
VERTEX
8
Flux traps
10
1215
20
315
0
VERTEX
8
Flux traps
10
1215
20
335
0
VERTEX
8
Flux traps
10
1235
20
335
0
VERTEX
8
Flux traps
10
1235
20
315
0
SEQEND
0
POLYLINE
8
Flux traps
70
1
40
0
41
0
66
1
0
VERTEX
8
Flux traps
10
1265
20
315
0
VERTEX
8
Flux traps
10
1265
20
335
0
VERTEX
8
Flux traps
10
1285
20
335
0
VERTEX
8
Flux traps
10
1285
20
315
0
SEQEND
0
POLYLINE
8
Flux traps
70
1
40
0
41
0
66
1
0
VERTEX
8
Flux traps
10
1315
20
315
0
VERTEX
8
Flux traps
10
1315
20
335
0
VERTEX
8
Flux traps
10
1335
20
335
0
VERTEX
8
Flux traps
10
1335
20
315
0
SEQEND
0
POLYLINE
8
Flux traps
70
1
40
0
41
0
66
1
0
VERTEX
8
Flux traps
10
1165
20
365
0
VERTEX
8
Flux traps
10
1165
20
385
0
VERTEX
8
Flux traps
10
1185
20
385
0
VERTEX
8
Flux traps
10
1185
20
365
0
SEQEND
0
POLYLINE
8
Flux traps
70
1
40
0
41
0
66
1
0
VERTEX
8
Flux traps
10
1215
20
365
0
VERTEX
8
Flux traps
10
1215
20
385
0
VERTEX
8
Flux traps
10
1235
20
385
0
VERTEX
8
Flux traps
10
1235
20
365
0
SEQEND
0
POLYLINE
8
Flux traps
70
1
40
0
41
0
66
1
0
VERTEX
8
Flux traps
10
1265
20
365
0
VERTEX
8
Flux traps
10
1265
20
385
0
VERTEX
8
Flux traps
10
1285
20
385
0
VERTEX
8
Flux traps
10
1285
20
365
0
SEQEND
0
POLYLINE
8
Flux traps
70
1
40
0
41
0
66
1
0
VERTEX
8
Flux traps
10
1315
20
365
0
VERTEX
8
Flux traps
10
1315
20
385
0
VERTEX
8
Flux traps
10
1335
20
385
0
VERTEX
8
Flux traps
10
1335
20
365
0
SEQEND
0
POLYLINE
8
Flux traps
70
1
40
0
41
0
66
1
0
VERTEX
8
Flux traps
10
1365
20
365
0
VERTEX
8
Flux traps
10
1365
20
385
0
VERTEX
8
Flux traps
10
1385
20
385
0
VERTEX
8
Flux traps
10
1385
20
365
0
SEQEND
0
ENDSEC
0
EOF
