999
BEAMER DXF Output by GenISys GmbH
0
SECTION
2
HEADER
9
$ACADVER
1
AC1009
9
$EXTMAX
10
3500.00000000
20
3500.00000000
30
0.00000000
9
$EXTMIN
10
-3500.00000000
20
-3500.00000000
30
0.00000000
9
$LUNITS
70
2
9
$LUPREC
70
3
0
ENDSEC
0
SECTION
2
TABLES
0
TABLE
2
LTYPE
70
16
0
LTYPE
2
CONTINUOUS
70
0
3
Solid line
72
65
73
0
40
0.00000000
0
ENDTAB
0
ENDSEC
0
SECTION
2
BLOCKS
0
BLOCK
8
0
2
$MODEL_SPACE
70
0
10
0.00000000
20
0.00000000
30
0.00000000
3
$MODEL_SPACE
1

0
ENDBLK
8
0
0
BLOCK
67
1
8
0
2
$PAPER_SPACE
70
0
10
0.00000000
20
0.00000000
30
0.00000000
3
$PAPER_SPACE
1

0
ENDBLK
67
1
8
0
0
BLOCK
8
0
2
DXF_TOP_Kantele_S7W4
70
0
10
0.00000000
20
0.00000000
30
0.00000000
3
DXF_TOP_Kantele_S7W4
1

0
POLYLINE
8
Feedline
66
1
10
0.00000000
20
0.00000000
30
0.00000000
70
1
0
VERTEX
8
Feedline
10
-742.89300000
20
-2640.95000000
30
0.00000000
0
VERTEX
8
Feedline
10
202.04400000
20
-2640.95000000
30
0.00000000
0
VERTEX
8
Feedline
10
202.91300000
20
-2640.95400000
30
0.00000000
0
VERTEX
8
Feedline
10
203.78300000
20
-2640.96500000
30
0.00000000
0
VERTEX
8
Feedline
10
204.65200000
20
-2640.98400000
30
0.00000000
0
VERTEX
8
Feedline
10
205.52200000
20
-2641.01000000
30
0.00000000
0
VERTEX
8
Feedline
10
206.39100000
20
-2641.04400000
30
0.00000000
0
VERTEX
8
Feedline
10
207.26000000
20
-2641.08600000
30
0.00000000
0
VERTEX
8
Feedline
10
208.12800000
20
-2641.13500000
30
0.00000000
0
VERTEX
8
Feedline
10
208.99600000
20
-2641.19200000
30
0.00000000
0
VERTEX
8
Feedline
10
209.86400000
20
-2641.25600000
30
0.00000000
0
VERTEX
8
Feedline
10
210.73000000
20
-2641.32800000
30
0.00000000
0
VERTEX
8
Feedline
10
211.59700000
20
-2641.40700000
30
0.00000000
0
VERTEX
8
Feedline
10
212.46200000
20
-2641.49400000
30
0.00000000
0
VERTEX
8
Feedline
10
213.32700000
20
-2641.58800000
30
0.00000000
0
VERTEX
8
Feedline
10
214.19100000
20
-2641.69000000
30
0.00000000
0
VERTEX
8
Feedline
10
215.05400000
20
-2641.79900000
30
0.00000000
0
VERTEX
8
Feedline
10
215.91500000
20
-2641.91600000
30
0.00000000
0
VERTEX
8
Feedline
10
252.11800000
20
-2646.98400000
30
0.00000000
0
VERTEX
8
Feedline
10
252.97800000
20
-2647.10100000
30
0.00000000
0
VERTEX
8
Feedline
10
253.84100000
20
-2647.21000000
30
0.00000000
0
VERTEX
8
Feedline
10
254.70400000
20
-2647.31200000
30
0.00000000
0
VERTEX
8
Feedline
10
255.56700000
20
-2647.40600000
30
0.00000000
0
VERTEX
8
Feedline
10
256.43200000
20
-2647.49300000
30
0.00000000
0
VERTEX
8
Feedline
10
257.29700000
20
-2647.57200000
30
0.00000000
0
VERTEX
8
Feedline
10
258.16400000
20
-2647.64400000
30
0.00000000
0
VERTEX
8
Feedline
10
259.03000000
20
-2647.70800000
30
0.00000000
0
VERTEX
8
Feedline
10
259.89700000
20
-2647.76500000
30
0.00000000
0
VERTEX
8
Feedline
10
260.76500000
20
-2647.81400000
30
0.00000000
0
VERTEX
8
Feedline
10
261.63200000
20
-2647.85600000
30
0.00000000
0
VERTEX
8
Feedline
10
262.50100000
20
-2647.89000000
30
0.00000000
0
VERTEX
8
Feedline
10
263.36900000
20
-2647.91600000
30
0.00000000
0
VERTEX
8
Feedline
10
264.23800000
20
-2647.93500000
30
0.00000000
0
VERTEX
8
Feedline
10
265.10600000
20
-2647.94600000
30
0.00000000
0
VERTEX
8
Feedline
10
265.97600000
20
-2647.95000000
30
0.00000000
0
VERTEX
8
Feedline
10
458.20900000
20
-2647.95000000
30
0.00000000
0
VERTEX
8
Feedline
10
458.56400000
20
-2647.94600000
30
0.00000000
0
VERTEX
8
Feedline
10
458.91800000
20
-2647.93400000
30
0.00000000
0
VERTEX
8
Feedline
10
459.27200000
20
-2647.91400000
30
0.00000000
0
VERTEX
8
Feedline
10
459.62600000
20
-2647.88700000
30
0.00000000
0
VERTEX
8
Feedline
10
459.97800000
20
-2647.85100000
30
0.00000000
0
VERTEX
8
Feedline
10
460.33000000
20
-2647.80800000
30
0.00000000
0
VERTEX
8
Feedline
10
460.68100000
20
-2647.75800000
30
0.00000000
0
VERTEX
8
Feedline
10
461.03100000
20
-2647.69900000
30
0.00000000
0
VERTEX
8
Feedline
10
461.37900000
20
-2647.63200000
30
0.00000000
0
VERTEX
8
Feedline
10
461.72600000
20
-2647.55700000
30
0.00000000
0
VERTEX
8
Feedline
10
462.07100000
20
-2647.47500000
30
0.00000000
0
VERTEX
8
Feedline
10
462.41400000
20
-2647.38600000
30
0.00000000
0
VERTEX
8
Feedline
10
462.75500000
20
-2647.28900000
30
0.00000000
0
VERTEX
8
Feedline
10
463.09300000
20
-2647.18300000
30
0.00000000
0
VERTEX
8
Feedline
10
463.43700000
20
-2647.06900000
30
0.00000000
0
VERTEX
8
Feedline
10
463.76300000
20
-2646.95200000
30
0.00000000
0
VERTEX
8
Feedline
10
464.09400000
20
-2646.82500000
30
0.00000000
0
VERTEX
8
Feedline
10
464.42300000
20
-2646.69000000
30
0.00000000
0
VERTEX
8
Feedline
10
464.74800000
20
-2646.54800000
30
0.00000000
0
VERTEX
8
Feedline
10
465.06800000
20
-2646.40000000
30
0.00000000
0
VERTEX
8
Feedline
10
465.39400000
20
-2646.24000000
30
0.00000000
0
VERTEX
8
Feedline
10
465.70200000
20
-2646.08100000
30
0.00000000
0
VERTEX
8
Feedline
10
466.01400000
20
-2645.91000000
30
0.00000000
0
VERTEX
8
Feedline
10
466.32100000
20
-2645.73400000
30
0.00000000
0
VERTEX
8
Feedline
10
466.62400000
20
-2645.55000000
30
0.00000000
0
VERTEX
8
Feedline
10
466.92300000
20
-2645.35900000
30
0.00000000
0
VERTEX
8
Feedline
10
467.21800000
20
-2645.16300000
30
0.00000000
0
VERTEX
8
Feedline
10
467.50800000
20
-2644.95900000
30
0.00000000
0
VERTEX
8
Feedline
10
467.79400000
20
-2644.74900000
30
0.00000000
0
VERTEX
8
Feedline
10
468.07400000
20
-2644.53300000
30
0.00000000
0
VERTEX
8
Feedline
10
468.35000000
20
-2644.31000000
30
0.00000000
0
VERTEX
8
Feedline
10
468.62100000
20
-2644.08200000
30
0.00000000
0
VERTEX
8
Feedline
10
468.88800000
20
-2643.84800000
30
0.00000000
0
VERTEX
8
Feedline
10
469.14900000
20
-2643.60800000
30
0.00000000
0
VERTEX
8
Feedline
10
469.40400000
20
-2643.36100000
30
0.00000000
0
VERTEX
8
Feedline
10
469.65300000
20
-2643.11000000
30
0.00000000
0
VERTEX
8
Feedline
10
469.89700000
20
-2642.85300000
30
0.00000000
0
VERTEX
8
Feedline
10
470.13600000
20
-2642.59100000
30
0.00000000
0
VERTEX
8
Feedline
10
470.36900000
20
-2642.32300000
30
0.00000000
0
VERTEX
8
Feedline
10
470.59500000
20
-2642.04900000
30
0.00000000
0
VERTEX
8
Feedline
10
470.81500000
20
-2641.77200000
30
0.00000000
0
VERTEX
8
Feedline
10
471.02900000
20
-2641.48900000
30
0.00000000
0
VERTEX
8
Feedline
10
471.23700000
20
-2641.20200000
30
0.00000000
0
VERTEX
8
Feedline
10
471.43900000
20
-2640.91000000
30
0.00000000
0
VERTEX
8
Feedline
10
471.63300000
20
-2640.61400000
30
0.00000000
0
VERTEX
8
Feedline
10
471.82100000
20
-2640.31400000
30
0.00000000
0
VERTEX
8
Feedline
10
472.00300000
20
-2640.00900000
30
0.00000000
0
VERTEX
8
Feedline
10
472.17700000
20
-2639.70100000
30
0.00000000
0
VERTEX
8
Feedline
10
472.34500000
20
-2639.38800000
30
0.00000000
0
VERTEX
8
Feedline
10
472.50500000
20
-2639.07200000
30
0.00000000
0
VERTEX
8
Feedline
10
472.66000000
20
-2638.75300000
30
0.00000000
0
VERTEX
8
Feedline
10
472.80600000
20
-2638.43000000
30
0.00000000
0
VERTEX
8
Feedline
10
472.94500000
20
-2638.10400000
30
0.00000000
0
VERTEX
8
Feedline
10
473.07700000
20
-2637.77500000
30
0.00000000
0
VERTEX
8
Feedline
10
473.20200000
20
-2637.44300000
30
0.00000000
0
VERTEX
8
Feedline
10
473.31900000
20
-2637.10800000
30
0.00000000
0
VERTEX
8
Feedline
10
473.42900000
20
-2636.77100000
30
0.00000000
0
VERTEX
8
Feedline
10
473.53100000
20
-2636.43200000
30
0.00000000
0
VERTEX
8
Feedline
10
473.62600000
20
-2636.09000000
30
0.00000000
0
VERTEX
8
Feedline
10
473.71300000
20
-2635.74600000
30
0.00000000
0
VERTEX
8
Feedline
10
473.79200000
20
-2635.40100000
30
0.00000000
0
VERTEX
8
Feedline
10
473.86400000
20
-2635.05300000
30
0.00000000
0
VERTEX
8
Feedline
10
473.92900000
20
-2634.70400000
30
0.00000000
0
VERTEX
8
Feedline
10
473.98500000
20
-2634.35500000
30
0.00000000
0
VERTEX
8
Feedline
10
474.03300000
20
-2634.00400000
30
0.00000000
0
VERTEX
8
Feedline
10
474.07300000
20
-2633.65200000
30
0.00000000
0
VERTEX
8
Feedline
10
474.10600000
20
-2633.29900000
30
0.00000000
0
VERTEX
8
Feedline
10
474.13100000
20
-2632.94500000
30
0.00000000
0
VERTEX
8
Feedline
10
474.14800000
20
-2632.59100000
30
0.00000000
0
VERTEX
8
Feedline
10
474.15800000
20
-2632.23600000
30
0.00000000
0
VERTEX
8
Feedline
10
474.15900000
20
-2631.88100000
30
0.00000000
0
VERTEX
8
Feedline
10
474.15200000
20
-2631.52700000
30
0.00000000
0
VERTEX
8
Feedline
10
474.13800000
20
-2631.17400000
30
0.00000000
0
VERTEX
8
Feedline
10
474.11500000
20
-2630.82000000
30
0.00000000
0
VERTEX
8
Feedline
10
474.08500000
20
-2630.46600000
30
0.00000000
0
VERTEX
8
Feedline
10
474.04700000
20
-2630.11400000
30
0.00000000
0
VERTEX
8
Feedline
10
474.00100000
20
-2629.76200000
30
0.00000000
0
VERTEX
8
Feedline
10
473.94800000
20
-2629.41100000
30
0.00000000
0
VERTEX
8
Feedline
10
473.88700000
20
-2629.06200000
30
0.00000000
0
VERTEX
8
Feedline
10
473.81700000
20
-2628.71400000
30
0.00000000
0
VERTEX
8
Feedline
10
473.74000000
20
-2628.36800000
30
0.00000000
0
VERTEX
8
Feedline
10
473.65600000
20
-2628.02400000
30
0.00000000
0
VERTEX
8
Feedline
10
473.56400000
20
-2627.68100000
30
0.00000000
0
VERTEX
8
Feedline
10
473.46400000
20
-2627.34200000
30
0.00000000
0
VERTEX
8
Feedline
10
473.35700000
20
-2627.00400000
30
0.00000000
0
VERTEX
8
Feedline
10
473.24200000
20
-2626.66900000
30
0.00000000
0
VERTEX
8
Feedline
10
473.11900000
20
-2626.33600000
30
0.00000000
0
VERTEX
8
Feedline
10
472.99000000
20
-2626.00600000
30
0.00000000
0
VERTEX
8
Feedline
10
472.85300000
20
-2625.67900000
30
0.00000000
0
VERTEX
8
Feedline
10
472.70900000
20
-2625.35500000
30
0.00000000
0
VERTEX
8
Feedline
10
472.55800000
20
-2625.03400000
30
0.00000000
0
VERTEX
8
Feedline
10
472.40000000
20
-2624.71700000
30
0.00000000
0
VERTEX
8
Feedline
10
472.23400000
20
-2624.40300000
30
0.00000000
0
VERTEX
8
Feedline
10
472.06200000
20
-2624.09400000
30
0.00000000
0
VERTEX
8
Feedline
10
471.88200000
20
-2623.78800000
30
0.00000000
0
VERTEX
8
Feedline
10
471.69700000
20
-2623.48600000
30
0.00000000
0
VERTEX
8
Feedline
10
471.50400000
20
-2623.18800000
30
0.00000000
0
VERTEX
8
Feedline
10
471.30500000
20
-2622.89500000
30
0.00000000
0
VERTEX
8
Feedline
10
471.10000000
20
-2622.60500000
30
0.00000000
0
VERTEX
8
Feedline
10
470.88700000
20
-2622.32100000
30
0.00000000
0
VERTEX
8
Feedline
10
470.66900000
20
-2622.04200000
30
0.00000000
0
VERTEX
8
Feedline
10
470.44500000
20
-2621.76800000
30
0.00000000
0
VERTEX
8
Feedline
10
470.21400000
20
-2621.49800000
30
0.00000000
0
VERTEX
8
Feedline
10
469.97800000
20
-2621.23400000
30
0.00000000
0
VERTEX
8
Feedline
10
469.73600000
20
-2620.97600000
30
0.00000000
0
VERTEX
8
Feedline
10
469.48700000
20
-2620.72100000
30
0.00000000
0
VERTEX
8
Feedline
10
398.71000000
20
-2549.94400000
30
0.00000000
0
VERTEX
8
Feedline
10
403.73100000
20
-2544.92400000
30
0.00000000
0
VERTEX
8
Feedline
10
502.08500000
20
-2643.27800000
30
0.00000000
0
VERTEX
8
Feedline
10
502.33400000
20
-2643.52200000
30
0.00000000
0
VERTEX
8
Feedline
10
502.58800000
20
-2643.75900000
30
0.00000000
0
VERTEX
8
Feedline
10
502.84700000
20
-2643.99100000
30
0.00000000
0
VERTEX
8
Feedline
10
503.11100000
20
-2644.21900000
30
0.00000000
0
VERTEX
8
Feedline
10
503.38000000
20
-2644.43900000
30
0.00000000
0
VERTEX
8
Feedline
10
503.65300000
20
-2644.65400000
30
0.00000000
0
VERTEX
8
Feedline
10
503.93300000
20
-2644.86300000
30
0.00000000
0
VERTEX
8
Feedline
10
504.21500000
20
-2645.06500000
30
0.00000000
0
VERTEX
8
Feedline
10
504.50200000
20
-2645.26200000
30
0.00000000
0
VERTEX
8
Feedline
10
504.79400000
20
-2645.45200000
30
0.00000000
0
VERTEX
8
Feedline
10
505.08900000
20
-2645.63600000
30
0.00000000
0
VERTEX
8
Feedline
10
505.38900000
20
-2645.81300000
30
0.00000000
0
VERTEX
8
Feedline
10
505.69200000
20
-2645.98400000
30
0.00000000
0
VERTEX
8
Feedline
10
505.99900000
20
-2646.14800000
30
0.00000000
0
VERTEX
8
Feedline
10
506.30900000
20
-2646.30500000
30
0.00000000
0
VERTEX
8
Feedline
10
506.62300000
20
-2646.45600000
30
0.00000000
0
VERTEX
8
Feedline
10
506.94000000
20
-2646.59900000
30
0.00000000
0
VERTEX
8
Feedline
10
507.26000000
20
-2646.73600000
30
0.00000000
0
VERTEX
8
Feedline
10
507.58300000
20
-2646.86500000
30
0.00000000
0
VERTEX
8
Feedline
10
507.90800000
20
-2646.98800000
30
0.00000000
0
VERTEX
8
Feedline
10
508.23700000
20
-2647.10400000
30
0.00000000
0
VERTEX
8
Feedline
10
508.56700000
20
-2647.21100000
30
0.00000000
0
VERTEX
8
Feedline
10
508.90000000
20
-2647.31300000
30
0.00000000
0
VERTEX
8
Feedline
10
509.23500000
20
-2647.40700000
30
0.00000000
0
VERTEX
8
Feedline
10
509.57300000
20
-2647.49200000
30
0.00000000
0
VERTEX
8
Feedline
10
509.91200000
20
-2647.57200000
30
0.00000000
0
VERTEX
8
Feedline
10
510.25200000
20
-2647.64400000
30
0.00000000
0
VERTEX
8
Feedline
10
510.59400000
20
-2647.70800000
30
0.00000000
0
VERTEX
8
Feedline
10
510.93800000
20
-2647.76500000
30
0.00000000
0
VERTEX
8
Feedline
10
511.28200000
20
-2647.81300000
30
0.00000000
0
VERTEX
8
Feedline
10
511.62700000
20
-2647.85500000
30
0.00000000
0
VERTEX
8
Feedline
10
511.97300000
20
-2647.88900000
30
0.00000000
0
VERTEX
8
Feedline
10
512.32000000
20
-2647.91600000
30
0.00000000
0
VERTEX
8
Feedline
10
512.66800000
20
-2647.93500000
30
0.00000000
0
VERTEX
8
Feedline
10
513.01600000
20
-2647.94600000
30
0.00000000
0
VERTEX
8
Feedline
10
513.36400000
20
-2647.95000000
30
0.00000000
0
VERTEX
8
Feedline
10
811.76300000
20
-2647.95000000
30
0.00000000
0
VERTEX
8
Feedline
10
812.11700000
20
-2647.94600000
30
0.00000000
0
VERTEX
8
Feedline
10
812.47200000
20
-2647.93400000
30
0.00000000
0
VERTEX
8
Feedline
10
812.82600000
20
-2647.91400000
30
0.00000000
0
VERTEX
8
Feedline
10
813.17900000
20
-2647.88700000
30
0.00000000
0
VERTEX
8
Feedline
10
813.53100000
20
-2647.85100000
30
0.00000000
0
VERTEX
8
Feedline
10
813.88300000
20
-2647.80800000
30
0.00000000
0
VERTEX
8
Feedline
10
814.23400000
20
-2647.75800000
30
0.00000000
0
VERTEX
8
Feedline
10
814.58400000
20
-2647.69900000
30
0.00000000
0
VERTEX
8
Feedline
10
814.93200000
20
-2647.63200000
30
0.00000000
0
VERTEX
8
Feedline
10
815.27900000
20
-2647.55700000
30
0.00000000
0
VERTEX
8
Feedline
10
815.62400000
20
-2647.47500000
30
0.00000000
0
VERTEX
8
Feedline
10
815.96700000
20
-2647.38600000
30
0.00000000
0
VERTEX
8
Feedline
10
816.30800000
20
-2647.28900000
30
0.00000000
0
VERTEX
8
Feedline
10
816.64700000
20
-2647.18300000
30
0.00000000
0
VERTEX
8
Feedline
10
816.98300000
20
-2647.07200000
30
0.00000000
0
VERTEX
8
Feedline
10
817.31700000
20
-2646.95200000
30
0.00000000
0
VERTEX
8
Feedline
10
817.64800000
20
-2646.82500000
30
0.00000000
0
VERTEX
8
Feedline
10
817.97600000
20
-2646.69000000
30
0.00000000
0
VERTEX
8
Feedline
10
818.30100000
20
-2646.54800000
30
0.00000000
0
VERTEX
8
Feedline
10
818.62200000
20
-2646.40000000
30
0.00000000
0
VERTEX
8
Feedline
10
818.94700000
20
-2646.24000000
30
0.00000000
0
VERTEX
8
Feedline
10
819.26100000
20
-2646.07800000
30
0.00000000
0
VERTEX
8
Feedline
10
819.56700000
20
-2645.91000000
30
0.00000000
0
VERTEX
8
Feedline
10
819.87400000
20
-2645.73400000
30
0.00000000
0
VERTEX
8
Feedline
10
820.17700000
20
-2645.55000000
30
0.00000000
0
VERTEX
8
Feedline
10
820.47600000
20
-2645.35900000
30
0.00000000
0
VERTEX
8
Feedline
10
820.77100000
20
-2645.16300000
30
0.00000000
0
VERTEX
8
Feedline
10
821.06100000
20
-2644.95900000
30
0.00000000
0
VERTEX
8
Feedline
10
821.34700000
20
-2644.74900000
30
0.00000000
0
VERTEX
8
Feedline
10
821.62800000
20
-2644.53300000
30
0.00000000
0
VERTEX
8
Feedline
10
821.90400000
20
-2644.31000000
30
0.00000000
0
VERTEX
8
Feedline
10
822.17500000
20
-2644.08200000
30
0.00000000
0
VERTEX
8
Feedline
10
822.44200000
20
-2643.84800000
30
0.00000000
0
VERTEX
8
Feedline
10
822.70200000
20
-2643.60800000
30
0.00000000
0
VERTEX
8
Feedline
10
822.95700000
20
-2643.36100000
30
0.00000000
0
VERTEX
8
Feedline
10
823.20700000
20
-2643.11000000
30
0.00000000
0
VERTEX
8
Feedline
10
823.45100000
20
-2642.85300000
30
0.00000000
0
VERTEX
8
Feedline
10
823.69000000
20
-2642.59100000
30
0.00000000
0
VERTEX
8
Feedline
10
823.92200000
20
-2642.32300000
30
0.00000000
0
VERTEX
8
Feedline
10
824.14800000
20
-2642.04900000
30
0.00000000
0
VERTEX
8
Feedline
10
824.36800000
20
-2641.77200000
30
0.00000000
0
VERTEX
8
Feedline
10
824.58300000
20
-2641.48900000
30
0.00000000
0
VERTEX
8
Feedline
10
824.79000000
20
-2641.20200000
30
0.00000000
0
VERTEX
8
Feedline
10
824.99200000
20
-2640.91000000
30
0.00000000
0
VERTEX
8
Feedline
10
825.18700000
20
-2640.61400000
30
0.00000000
0
VERTEX
8
Feedline
10
825.37400000
20
-2640.31400000
30
0.00000000
0
VERTEX
8
Feedline
10
825.55600000
20
-2640.00900000
30
0.00000000
0
VERTEX
8
Feedline
10
825.73000000
20
-2639.70100000
30
0.00000000
0
VERTEX
8
Feedline
10
825.89900000
20
-2639.38800000
30
0.00000000
0
VERTEX
8
Feedline
10
826.05900000
20
-2639.07200000
30
0.00000000
0
VERTEX
8
Feedline
10
826.21300000
20
-2638.75300000
30
0.00000000
0
VERTEX
8
Feedline
10
826.35900000
20
-2638.43000000
30
0.00000000
0
VERTEX
8
Feedline
10
826.49900000
20
-2638.10400000
30
0.00000000
0
VERTEX
8
Feedline
10
826.63000000
20
-2637.77500000
30
0.00000000
0
VERTEX
8
Feedline
10
826.75500000
20
-2637.44300000
30
0.00000000
0
VERTEX
8
Feedline
10
826.87300000
20
-2637.10800000
30
0.00000000
0
VERTEX
8
Feedline
10
826.98200000
20
-2636.77100000
30
0.00000000
0
VERTEX
8
Feedline
10
827.08500000
20
-2636.43200000
30
0.00000000
0
VERTEX
8
Feedline
10
827.18000000
20
-2636.09000000
30
0.00000000
0
VERTEX
8
Feedline
10
827.26600000
20
-2635.74600000
30
0.00000000
0
VERTEX
8
Feedline
10
827.34600000
20
-2635.40100000
30
0.00000000
0
VERTEX
8
Feedline
10
827.41800000
20
-2635.05300000
30
0.00000000
0
VERTEX
8
Feedline
10
827.48200000
20
-2634.70500000
30
0.00000000
0
VERTEX
8
Feedline
10
827.53800000
20
-2634.35500000
30
0.00000000
0
VERTEX
8
Feedline
10
827.58600000
20
-2634.00400000
30
0.00000000
0
VERTEX
8
Feedline
10
827.62700000
20
-2633.65200000
30
0.00000000
0
VERTEX
8
Feedline
10
827.66000000
20
-2633.29900000
30
0.00000000
0
VERTEX
8
Feedline
10
827.68500000
20
-2632.94500000
30
0.00000000
0
VERTEX
8
Feedline
10
827.70200000
20
-2632.59100000
30
0.00000000
0
VERTEX
8
Feedline
10
827.71100000
20
-2632.23600000
30
0.00000000
0
VERTEX
8
Feedline
10
827.71200000
20
-2631.88100000
30
0.00000000
0
VERTEX
8
Feedline
10
827.70600000
20
-2631.52700000
30
0.00000000
0
VERTEX
8
Feedline
10
827.69100000
20
-2631.17400000
30
0.00000000
0
VERTEX
8
Feedline
10
827.66900000
20
-2630.82000000
30
0.00000000
0
VERTEX
8
Feedline
10
827.63800000
20
-2630.46600000
30
0.00000000
0
VERTEX
8
Feedline
10
827.60000000
20
-2630.11400000
30
0.00000000
0
VERTEX
8
Feedline
10
827.55400000
20
-2629.76200000
30
0.00000000
0
VERTEX
8
Feedline
10
827.50200000
20
-2629.41100000
30
0.00000000
0
VERTEX
8
Feedline
10
827.44000000
20
-2629.06200000
30
0.00000000
0
VERTEX
8
Feedline
10
827.37100000
20
-2628.71400000
30
0.00000000
0
VERTEX
8
Feedline
10
827.29300000
20
-2628.36800000
30
0.00000000
0
VERTEX
8
Feedline
10
827.21000000
20
-2628.02400000
30
0.00000000
0
VERTEX
8
Feedline
10
827.11700000
20
-2627.68200000
30
0.00000000
0
VERTEX
8
Feedline
10
827.01700000
20
-2627.34200000
30
0.00000000
0
VERTEX
8
Feedline
10
826.91000000
20
-2627.00400000
30
0.00000000
0
VERTEX
8
Feedline
10
826.79500000
20
-2626.66900000
30
0.00000000
0
VERTEX
8
Feedline
10
826.67300000
20
-2626.33600000
30
0.00000000
0
VERTEX
8
Feedline
10
826.54400000
20
-2626.00600000
30
0.00000000
0
VERTEX
8
Feedline
10
826.40600000
20
-2625.67900000
30
0.00000000
0
VERTEX
8
Feedline
10
826.26300000
20
-2625.35500000
30
0.00000000
0
VERTEX
8
Feedline
10
826.11100000
20
-2625.03400000
30
0.00000000
0
VERTEX
8
Feedline
10
825.95300000
20
-2624.71700000
30
0.00000000
0
VERTEX
8
Feedline
10
825.78700000
20
-2624.40300000
30
0.00000000
0
VERTEX
8
Feedline
10
825.61500000
20
-2624.09400000
30
0.00000000
0
VERTEX
8
Feedline
10
825.43600000
20
-2623.78800000
30
0.00000000
0
VERTEX
8
Feedline
10
825.25000000
20
-2623.48600000
30
0.00000000
0
VERTEX
8
Feedline
10
825.05700000
20
-2623.18800000
30
0.00000000
0
VERTEX
8
Feedline
10
824.85800000
20
-2622.89500000
30
0.00000000
0
VERTEX
8
Feedline
10
824.65300000
20
-2622.60500000
30
0.00000000
0
VERTEX
8
Feedline
10
824.44000000
20
-2622.32100000
30
0.00000000
0
VERTEX
8
Feedline
10
824.22200000
20
-2622.04200000
30
0.00000000
0
VERTEX
8
Feedline
10
823.99800000
20
-2621.76800000
30
0.00000000
0
VERTEX
8
Feedline
10
823.76700000
20
-2621.49800000
30
0.00000000
0
VERTEX
8
Feedline
10
823.53100000
20
-2621.23400000
30
0.00000000
0
VERTEX
8
Feedline
10
823.28900000
20
-2620.97600000
30
0.00000000
0
VERTEX
8
Feedline
10
823.04000000
20
-2620.72100000
30
0.00000000
0
VERTEX
8
Feedline
10
752.26300000
20
-2549.94400000
30
0.00000000
0
VERTEX
8
Feedline
10
757.28400000
20
-2544.92400000
30
0.00000000
0
VERTEX
8
Feedline
10
855.63800000
20
-2643.27800000
30
0.00000000
0
VERTEX
8
Feedline
10
855.88800000
20
-2643.52200000
30
0.00000000
0
VERTEX
8
Feedline
10
856.14200000
20
-2643.75900000
30
0.00000000
0
VERTEX
8
Feedline
10
856.40000000
20
-2643.99100000
30
0.00000000
0
VERTEX
8
Feedline
10
856.66400000
20
-2644.21900000
30
0.00000000
0
VERTEX
8
Feedline
10
856.93300000
20
-2644.43900000
30
0.00000000
0
VERTEX
8
Feedline
10
857.20700000
20
-2644.65400000
30
0.00000000
0
VERTEX
8
Feedline
10
857.48600000
20
-2644.86300000
30
0.00000000
0
VERTEX
8
Feedline
10
857.76900000
20
-2645.06500000
30
0.00000000
0
VERTEX
8
Feedline
10
858.05600000
20
-2645.26200000
30
0.00000000
0
VERTEX
8
Feedline
10
858.34700000
20
-2645.45200000
30
0.00000000
0
VERTEX
8
Feedline
10
858.64300000
20
-2645.63600000
30
0.00000000
0
VERTEX
8
Feedline
10
858.94200000
20
-2645.81300000
30
0.00000000
0
VERTEX
8
Feedline
10
859.24500000
20
-2645.98400000
30
0.00000000
0
VERTEX
8
Feedline
10
859.55200000
20
-2646.14800000
30
0.00000000
0
VERTEX
8
Feedline
10
859.86200000
20
-2646.30500000
30
0.00000000
0
VERTEX
8
Feedline
10
860.17600000
20
-2646.45600000
30
0.00000000
0
VERTEX
8
Feedline
10
860.49300000
20
-2646.59900000
30
0.00000000
0
VERTEX
8
Feedline
10
860.81300000
20
-2646.73600000
30
0.00000000
0
VERTEX
8
Feedline
10
861.13600000
20
-2646.86500000
30
0.00000000
0
VERTEX
8
Feedline
10
861.46200000
20
-2646.98800000
30
0.00000000
0
VERTEX
8
Feedline
10
861.79000000
20
-2647.10400000
30
0.00000000
0
VERTEX
8
Feedline
10
862.12100000
20
-2647.21100000
30
0.00000000
0
VERTEX
8
Feedline
10
862.45400000
20
-2647.31300000
30
0.00000000
0
VERTEX
8
Feedline
10
862.78900000
20
-2647.40700000
30
0.00000000
0
VERTEX
8
Feedline
10
863.12600000
20
-2647.49200000
30
0.00000000
0
VERTEX
8
Feedline
10
863.46500000
20
-2647.57200000
30
0.00000000
0
VERTEX
8
Feedline
10
863.80600000
20
-2647.64400000
30
0.00000000
0
VERTEX
8
Feedline
10
864.14800000
20
-2647.70800000
30
0.00000000
0
VERTEX
8
Feedline
10
864.49100000
20
-2647.76500000
30
0.00000000
0
VERTEX
8
Feedline
10
864.83600000
20
-2647.81300000
30
0.00000000
0
VERTEX
8
Feedline
10
865.18000000
20
-2647.85500000
30
0.00000000
0
VERTEX
8
Feedline
10
865.52700000
20
-2647.88900000
30
0.00000000
0
VERTEX
8
Feedline
10
865.87400000
20
-2647.91600000
30
0.00000000
0
VERTEX
8
Feedline
10
866.22100000
20
-2647.93500000
30
0.00000000
0
VERTEX
8
Feedline
10
866.56900000
20
-2647.94600000
30
0.00000000
0
VERTEX
8
Feedline
10
866.91700000
20
-2647.95000000
30
0.00000000
0
VERTEX
8
Feedline
10
866.91700000
20
-2630.05000000
30
0.00000000
0
VERTEX
8
Feedline
10
850.01600000
20
-2630.05000000
30
0.00000000
0
VERTEX
8
Feedline
10
849.81900000
20
-2630.04600000
30
0.00000000
0
VERTEX
8
Feedline
10
849.62100000
20
-2630.03500000
30
0.00000000
0
VERTEX
8
Feedline
10
849.42400000
20
-2630.01500000
30
0.00000000
0
VERTEX
8
Feedline
10
849.22700000
20
-2629.98700000
30
0.00000000
0
VERTEX
8
Feedline
10
849.03200000
20
-2629.95300000
30
0.00000000
0
VERTEX
8
Feedline
10
848.83800000
20
-2629.91100000
30
0.00000000
0
VERTEX
8
Feedline
10
848.64600000
20
-2629.86000000
30
0.00000000
0
VERTEX
8
Feedline
10
848.45700000
20
-2629.80300000
30
0.00000000
0
VERTEX
8
Feedline
10
848.27000000
20
-2629.73800000
30
0.00000000
0
VERTEX
8
Feedline
10
848.08500000
20
-2629.66500000
30
0.00000000
0
VERTEX
8
Feedline
10
847.90300000
20
-2629.58600000
30
0.00000000
0
VERTEX
8
Feedline
10
847.72500000
20
-2629.50000000
30
0.00000000
0
VERTEX
8
Feedline
10
847.55000000
20
-2629.40600000
30
0.00000000
0
VERTEX
8
Feedline
10
847.37900000
20
-2629.30600000
30
0.00000000
0
VERTEX
8
Feedline
10
847.21200000
20
-2629.19900000
30
0.00000000
0
VERTEX
8
Feedline
10
847.05000000
20
-2629.08600000
30
0.00000000
0
VERTEX
8
Feedline
10
846.89100000
20
-2628.96600000
30
0.00000000
0
VERTEX
8
Feedline
10
846.73800000
20
-2628.84000000
30
0.00000000
0
VERTEX
8
Feedline
10
846.58900000
20
-2628.70900000
30
0.00000000
0
VERTEX
8
Feedline
10
846.44700000
20
-2628.57200000
30
0.00000000
0
VERTEX
8
Feedline
10
759.40600000
20
-2541.53000000
30
0.00000000
0
VERTEX
8
Feedline
10
748.87000000
20
-2552.06600000
30
0.00000000
0
VERTEX
8
Feedline
10
818.23400000
20
-2621.42900000
30
0.00000000
0
VERTEX
8
Feedline
10
818.37300000
20
-2621.57400000
30
0.00000000
0
VERTEX
8
Feedline
10
818.50700000
20
-2621.72600000
30
0.00000000
0
VERTEX
8
Feedline
10
818.63600000
20
-2621.88300000
30
0.00000000
0
VERTEX
8
Feedline
10
818.75600000
20
-2622.04300000
30
0.00000000
0
VERTEX
8
Feedline
10
818.87100000
20
-2622.20800000
30
0.00000000
0
VERTEX
8
Feedline
10
818.97900000
20
-2622.37900000
30
0.00000000
0
VERTEX
8
Feedline
10
819.08000000
20
-2622.55300000
30
0.00000000
0
VERTEX
8
Feedline
10
819.17400000
20
-2622.73200000
30
0.00000000
0
VERTEX
8
Feedline
10
819.26100000
20
-2622.91300000
30
0.00000000
0
VERTEX
8
Feedline
10
819.34000000
20
-2623.09800000
30
0.00000000
0
VERTEX
8
Feedline
10
819.41300000
20
-2623.28700000
30
0.00000000
0
VERTEX
8
Feedline
10
819.47800000
20
-2623.47800000
30
0.00000000
0
VERTEX
8
Feedline
10
819.53500000
20
-2623.67400000
30
0.00000000
0
VERTEX
8
Feedline
10
819.58400000
20
-2623.86700000
30
0.00000000
0
VERTEX
8
Feedline
10
819.62500000
20
-2624.06500000
30
0.00000000
0
VERTEX
8
Feedline
10
819.65800000
20
-2624.26300000
30
0.00000000
0
VERTEX
8
Feedline
10
819.68400000
20
-2624.46400000
30
0.00000000
0
VERTEX
8
Feedline
10
819.70100000
20
-2624.66400000
30
0.00000000
0
VERTEX
8
Feedline
10
819.71000000
20
-2624.86600000
30
0.00000000
0
VERTEX
8
Feedline
10
819.71200000
20
-2625.06800000
30
0.00000000
0
VERTEX
8
Feedline
10
819.70500000
20
-2625.26900000
30
0.00000000
0
VERTEX
8
Feedline
10
819.69000000
20
-2625.47000000
30
0.00000000
0
VERTEX
8
Feedline
10
819.66800000
20
-2625.67100000
30
0.00000000
0
VERTEX
8
Feedline
10
819.63600000
20
-2625.87000000
30
0.00000000
0
VERTEX
8
Feedline
10
819.59800000
20
-2626.06800000
30
0.00000000
0
VERTEX
8
Feedline
10
819.55100000
20
-2626.26400000
30
0.00000000
0
VERTEX
8
Feedline
10
819.49700000
20
-2626.45700000
30
0.00000000
0
VERTEX
8
Feedline
10
819.43500000
20
-2626.64900000
30
0.00000000
0
VERTEX
8
Feedline
10
819.36600000
20
-2626.83900000
30
0.00000000
0
VERTEX
8
Feedline
10
819.28800000
20
-2627.02500000
30
0.00000000
0
VERTEX
8
Feedline
10
819.20400000
20
-2627.20900000
30
0.00000000
0
VERTEX
8
Feedline
10
819.11200000
20
-2627.38800000
30
0.00000000
0
VERTEX
8
Feedline
10
819.01300000
20
-2627.56300000
30
0.00000000
0
VERTEX
8
Feedline
10
818.90700000
20
-2627.73500000
30
0.00000000
0
VERTEX
8
Feedline
10
818.79500000
20
-2627.90300000
30
0.00000000
0
VERTEX
8
Feedline
10
818.67600000
20
-2628.06500000
30
0.00000000
0
VERTEX
8
Feedline
10
818.54900000
20
-2628.22300000
30
0.00000000
0
VERTEX
8
Feedline
10
818.41800000
20
-2628.37500000
30
0.00000000
0
VERTEX
8
Feedline
10
818.28000000
20
-2628.52300000
30
0.00000000
0
VERTEX
8
Feedline
10
818.13600000
20
-2628.66400000
30
0.00000000
0
VERTEX
8
Feedline
10
817.98800000
20
-2628.80100000
30
0.00000000
0
VERTEX
8
Feedline
10
817.83300000
20
-2628.93000000
30
0.00000000
0
VERTEX
8
Feedline
10
817.67400000
20
-2629.05400000
30
0.00000000
0
VERTEX
8
Feedline
10
817.50900000
20
-2629.17000000
30
0.00000000
0
VERTEX
8
Feedline
10
817.34100000
20
-2629.28100000
30
0.00000000
0
VERTEX
8
Feedline
10
817.16800000
20
-2629.38400000
30
0.00000000
0
VERTEX
8
Feedline
10
816.99100000
20
-2629.48100000
30
0.00000000
0
VERTEX
8
Feedline
10
816.81000000
20
-2629.57000000
30
0.00000000
0
VERTEX
8
Feedline
10
816.62600000
20
-2629.65300000
30
0.00000000
0
VERTEX
8
Feedline
10
816.43900000
20
-2629.72800000
30
0.00000000
0
VERTEX
8
Feedline
10
816.24900000
20
-2629.79400000
30
0.00000000
0
VERTEX
8
Feedline
10
816.05600000
20
-2629.85400000
30
0.00000000
0
VERTEX
8
Feedline
10
815.86100000
20
-2629.90600000
30
0.00000000
0
VERTEX
8
Feedline
10
815.66400000
20
-2629.95000000
30
0.00000000
0
VERTEX
8
Feedline
10
815.46500000
20
-2629.98500000
30
0.00000000
0
VERTEX
8
Feedline
10
815.26600000
20
-2630.01400000
30
0.00000000
0
VERTEX
8
Feedline
10
815.06500000
20
-2630.03400000
30
0.00000000
0
VERTEX
8
Feedline
10
814.86200000
20
-2630.04600000
30
0.00000000
0
VERTEX
8
Feedline
10
814.66200000
20
-2630.05000000
30
0.00000000
0
VERTEX
8
Feedline
10
496.46300000
20
-2630.05000000
30
0.00000000
0
VERTEX
8
Feedline
10
496.26600000
20
-2630.04600000
30
0.00000000
0
VERTEX
8
Feedline
10
496.06800000
20
-2630.03500000
30
0.00000000
0
VERTEX
8
Feedline
10
495.87000000
20
-2630.01500000
30
0.00000000
0
VERTEX
8
Feedline
10
495.67400000
20
-2629.98700000
30
0.00000000
0
VERTEX
8
Feedline
10
495.47900000
20
-2629.95300000
30
0.00000000
0
VERTEX
8
Feedline
10
495.28500000
20
-2629.91100000
30
0.00000000
0
VERTEX
8
Feedline
10
495.09300000
20
-2629.86000000
30
0.00000000
0
VERTEX
8
Feedline
10
494.90400000
20
-2629.80300000
30
0.00000000
0
VERTEX
8
Feedline
10
494.71700000
20
-2629.73800000
30
0.00000000
0
VERTEX
8
Feedline
10
494.53200000
20
-2629.66500000
30
0.00000000
0
VERTEX
8
Feedline
10
494.35000000
20
-2629.58600000
30
0.00000000
0
VERTEX
8
Feedline
10
494.17100000
20
-2629.50000000
30
0.00000000
0
VERTEX
8
Feedline
10
493.99700000
20
-2629.40600000
30
0.00000000
0
VERTEX
8
Feedline
10
493.82600000
20
-2629.30600000
30
0.00000000
0
VERTEX
8
Feedline
10
493.65800000
20
-2629.19900000
30
0.00000000
0
VERTEX
8
Feedline
10
493.49600000
20
-2629.08500000
30
0.00000000
0
VERTEX
8
Feedline
10
493.33800000
20
-2628.96600000
30
0.00000000
0
VERTEX
8
Feedline
10
493.18500000
20
-2628.84000000
30
0.00000000
0
VERTEX
8
Feedline
10
493.03600000
20
-2628.70900000
30
0.00000000
0
VERTEX
8
Feedline
10
492.89400000
20
-2628.57200000
30
0.00000000
0
VERTEX
8
Feedline
10
405.85200000
20
-2541.53000000
30
0.00000000
0
VERTEX
8
Feedline
10
395.31700000
20
-2552.06600000
30
0.00000000
0
VERTEX
8
Feedline
10
464.68000000
20
-2621.42900000
30
0.00000000
0
VERTEX
8
Feedline
10
464.82000000
20
-2621.57400000
30
0.00000000
0
VERTEX
8
Feedline
10
464.95300000
20
-2621.72600000
30
0.00000000
0
VERTEX
8
Feedline
10
465.08200000
20
-2621.88200000
30
0.00000000
0
VERTEX
8
Feedline
10
465.20300000
20
-2622.04300000
30
0.00000000
0
VERTEX
8
Feedline
10
465.31700000
20
-2622.20800000
30
0.00000000
0
VERTEX
8
Feedline
10
465.42500000
20
-2622.37900000
30
0.00000000
0
VERTEX
8
Feedline
10
465.52700000
20
-2622.55300000
30
0.00000000
0
VERTEX
8
Feedline
10
465.62100000
20
-2622.73200000
30
0.00000000
0
VERTEX
8
Feedline
10
465.70800000
20
-2622.91300000
30
0.00000000
0
VERTEX
8
Feedline
10
465.78700000
20
-2623.09800000
30
0.00000000
0
VERTEX
8
Feedline
10
465.85900000
20
-2623.28700000
30
0.00000000
0
VERTEX
8
Feedline
10
465.92400000
20
-2623.47800000
30
0.00000000
0
VERTEX
8
Feedline
10
465.98100000
20
-2623.67100000
30
0.00000000
0
VERTEX
8
Feedline
10
466.03000000
20
-2623.86700000
30
0.00000000
0
VERTEX
8
Feedline
10
466.07100000
20
-2624.06500000
30
0.00000000
0
VERTEX
8
Feedline
10
466.10400000
20
-2624.26300000
30
0.00000000
0
VERTEX
8
Feedline
10
466.13000000
20
-2624.46400000
30
0.00000000
0
VERTEX
8
Feedline
10
466.14800000
20
-2624.66400000
30
0.00000000
0
VERTEX
8
Feedline
10
466.15700000
20
-2624.86600000
30
0.00000000
0
VERTEX
8
Feedline
10
466.15800000
20
-2625.06800000
30
0.00000000
0
VERTEX
8
Feedline
10
466.15200000
20
-2625.26900000
30
0.00000000
0
VERTEX
8
Feedline
10
466.13700000
20
-2625.47000000
30
0.00000000
0
VERTEX
8
Feedline
10
466.11500000
20
-2625.67100000
30
0.00000000
0
VERTEX
8
Feedline
10
466.08300000
20
-2625.87000000
30
0.00000000
0
VERTEX
8
Feedline
10
466.04500000
20
-2626.06800000
30
0.00000000
0
VERTEX
8
Feedline
10
465.99800000
20
-2626.26400000
30
0.00000000
0
VERTEX
8
Feedline
10
465.94400000
20
-2626.45800000
30
0.00000000
0
VERTEX
8
Feedline
10
465.88100000
20
-2626.64900000
30
0.00000000
0
VERTEX
8
Feedline
10
465.81200000
20
-2626.83900000
30
0.00000000
0
VERTEX
8
Feedline
10
465.73500000
20
-2627.02500000
30
0.00000000
0
VERTEX
8
Feedline
10
465.65000000
20
-2627.20900000
30
0.00000000
0
VERTEX
8
Feedline
10
465.55800000
20
-2627.38800000
30
0.00000000
0
VERTEX
8
Feedline
10
465.46000000
20
-2627.56300000
30
0.00000000
0
VERTEX
8
Feedline
10
465.35400000
20
-2627.73500000
30
0.00000000
0
VERTEX
8
Feedline
10
465.24100000
20
-2627.90300000
30
0.00000000
0
VERTEX
8
Feedline
10
465.12200000
20
-2628.06500000
30
0.00000000
0
VERTEX
8
Feedline
10
464.99600000
20
-2628.22300000
30
0.00000000
0
VERTEX
8
Feedline
10
464.86400000
20
-2628.37500000
30
0.00000000
0
VERTEX
8
Feedline
10
464.72700000
20
-2628.52300000
30
0.00000000
0
VERTEX
8
Feedline
10
464.58300000
20
-2628.66400000
30
0.00000000
0
VERTEX
8
Feedline
10
464.43400000
20
-2628.80100000
30
0.00000000
0
VERTEX
8
Feedline
10
464.27900000
20
-2628.93000000
30
0.00000000
0
VERTEX
8
Feedline
10
464.12100000
20
-2629.05400000
30
0.00000000
0
VERTEX
8
Feedline
10
463.95600000
20
-2629.17000000
30
0.00000000
0
VERTEX
8
Feedline
10
463.78800000
20
-2629.28100000
30
0.00000000
0
VERTEX
8
Feedline
10
463.61500000
20
-2629.38400000
30
0.00000000
0
VERTEX
8
Feedline
10
463.43700000
20
-2629.48100000
30
0.00000000
0
VERTEX
8
Feedline
10
463.25600000
20
-2629.57000000
30
0.00000000
0
VERTEX
8
Feedline
10
463.07300000
20
-2629.65300000
30
0.00000000
0
VERTEX
8
Feedline
10
462.88500000
20
-2629.72800000
30
0.00000000
0
VERTEX
8
Feedline
10
462.69500000
20
-2629.79400000
30
0.00000000
0
VERTEX
8
Feedline
10
462.50200000
20
-2629.85400000
30
0.00000000
0
VERTEX
8
Feedline
10
462.30700000
20
-2629.90600000
30
0.00000000
0
VERTEX
8
Feedline
10
462.11100000
20
-2629.95000000
30
0.00000000
0
VERTEX
8
Feedline
10
461.91200000
20
-2629.98500000
30
0.00000000
0
VERTEX
8
Feedline
10
461.71200000
20
-2630.01400000
30
0.00000000
0
VERTEX
8
Feedline
10
461.51200000
20
-2630.03400000
30
0.00000000
0
VERTEX
8
Feedline
10
461.30800000
20
-2630.04600000
30
0.00000000
0
VERTEX
8
Feedline
10
461.10900000
20
-2630.05000000
30
0.00000000
0
VERTEX
8
Feedline
10
-742.89300000
20
-2630.05000000
30
0.00000000
0
SEQEND
8
Feedline
0
POLYLINE
8
Feedline
66
1
10
0.00000000
20
0.00000000
30
0.00000000
70
1
0
VERTEX
8
Feedline
10
1025.05000000
20
2978.86800000
30
0.00000000
0
VERTEX
8
Feedline
10
1025.05400000
20
2978.23800000
30
0.00000000
0
VERTEX
8
Feedline
10
1025.06600000
20
2977.60700000
30
0.00000000
0
VERTEX
8
Feedline
10
1025.08600000
20
2976.97700000
30
0.00000000
0
VERTEX
8
Feedline
10
1025.11400000
20
2976.34700000
30
0.00000000
0
VERTEX
8
Feedline
10
1025.14900000
20
2975.71800000
30
0.00000000
0
VERTEX
8
Feedline
10
1025.19300000
20
2975.09000000
30
0.00000000
0
VERTEX
8
Feedline
10
1025.24500000
20
2974.46100000
30
0.00000000
0
VERTEX
8
Feedline
10
1025.30400000
20
2973.83400000
30
0.00000000
0
VERTEX
8
Feedline
10
1025.37200000
20
2973.20700000
30
0.00000000
0
VERTEX
8
Feedline
10
1025.44700000
20
2972.58200000
30
0.00000000
0
VERTEX
8
Feedline
10
1025.53100000
20
2971.95800000
30
0.00000000
0
VERTEX
8
Feedline
10
1025.62100000
20
2971.33300000
30
0.00000000
0
VERTEX
8
Feedline
10
1025.72000000
20
2970.71100000
30
0.00000000
0
VERTEX
8
Feedline
10
1025.82700000
20
2970.09100000
30
0.00000000
0
VERTEX
8
Feedline
10
1025.94200000
20
2969.47000000
30
0.00000000
0
VERTEX
8
Feedline
10
1026.06400000
20
2968.85200000
30
0.00000000
0
VERTEX
8
Feedline
10
1026.19500000
20
2968.23500000
30
0.00000000
0
VERTEX
8
Feedline
10
1026.33300000
20
2967.62100000
30
0.00000000
0
VERTEX
8
Feedline
10
1026.47900000
20
2967.00800000
30
0.00000000
0
VERTEX
8
Feedline
10
1026.63200000
20
2966.39600000
30
0.00000000
0
VERTEX
8
Feedline
10
1026.79300000
20
2965.78700000
30
0.00000000
0
VERTEX
8
Feedline
10
1026.96200000
20
2965.18000000
30
0.00000000
0
VERTEX
8
Feedline
10
1027.13800000
20
2964.57500000
30
0.00000000
0
VERTEX
8
Feedline
10
1027.32300000
20
2963.97300000
30
0.00000000
0
VERTEX
8
Feedline
10
1027.51500000
20
2963.37200000
30
0.00000000
0
VERTEX
8
Feedline
10
1027.71300000
20
2962.77400000
30
0.00000000
0
VERTEX
8
Feedline
10
1027.92000000
20
2962.17800000
30
0.00000000
0
VERTEX
8
Feedline
10
1028.13500000
20
2961.58600000
30
0.00000000
0
VERTEX
8
Feedline
10
1028.35700000
20
2960.99700000
30
0.00000000
0
VERTEX
8
Feedline
10
1028.58600000
20
2960.40900000
30
0.00000000
0
VERTEX
8
Feedline
10
1028.82200000
20
2959.82500000
30
0.00000000
0
VERTEX
8
Feedline
10
1029.06600000
20
2959.24400000
30
0.00000000
0
VERTEX
8
Feedline
10
1029.31800000
20
2958.66600000
30
0.00000000
0
VERTEX
8
Feedline
10
1029.57600000
20
2958.09100000
30
0.00000000
0
VERTEX
8
Feedline
10
1029.84100000
20
2957.52000000
30
0.00000000
0
VERTEX
8
Feedline
10
1030.11500000
20
2956.95200000
30
0.00000000
0
VERTEX
8
Feedline
10
1030.39500000
20
2956.38700000
30
0.00000000
0
VERTEX
8
Feedline
10
1030.68200000
20
2955.82600000
30
0.00000000
0
VERTEX
8
Feedline
10
1030.97600000
20
2955.26900000
30
0.00000000
0
VERTEX
8
Feedline
10
1031.27700000
20
2954.71500000
30
0.00000000
0
VERTEX
8
Feedline
10
1031.58600000
20
2954.16500000
30
0.00000000
0
VERTEX
8
Feedline
10
1031.90000000
20
2953.62000000
30
0.00000000
0
VERTEX
8
Feedline
10
1032.22300000
20
2953.07900000
30
0.00000000
0
VERTEX
8
Feedline
10
1032.55200000
20
2952.54000000
30
0.00000000
0
VERTEX
8
Feedline
10
1032.88700000
20
2952.00700000
30
0.00000000
0
VERTEX
8
Feedline
10
1033.22900000
20
2951.47800000
30
0.00000000
0
VERTEX
8
Feedline
10
1033.57800000
20
2950.95300000
30
0.00000000
0
VERTEX
8
Feedline
10
1033.93300000
20
2950.43200000
30
0.00000000
0
VERTEX
8
Feedline
10
1034.29600000
20
2949.91700000
30
0.00000000
0
VERTEX
8
Feedline
10
1034.66400000
20
2949.40500000
30
0.00000000
0
VERTEX
8
Feedline
10
1035.03900000
20
2948.89900000
30
0.00000000
0
VERTEX
8
Feedline
10
1035.42000000
20
2948.39700000
30
0.00000000
0
VERTEX
8
Feedline
10
1035.80700000
20
2947.90000000
30
0.00000000
0
VERTEX
8
Feedline
10
1036.20200000
20
2947.40800000
30
0.00000000
0
VERTEX
8
Feedline
10
1036.60200000
20
2946.92200000
30
0.00000000
0
VERTEX
8
Feedline
10
1037.00700000
20
2946.43900000
30
0.00000000
0
VERTEX
8
Feedline
10
1037.42000000
20
2945.96300000
30
0.00000000
0
VERTEX
8
Feedline
10
1037.83800000
20
2945.49100000
30
0.00000000
0
VERTEX
8
Feedline
10
1038.26200000
20
2945.02500000
30
0.00000000
0
VERTEX
8
Feedline
10
1038.69200000
20
2944.56400000
30
0.00000000
0
VERTEX
8
Feedline
10
1039.12700000
20
2944.10900000
30
0.00000000
0
VERTEX
8
Feedline
10
1039.56900000
20
2943.65900000
30
0.00000000
0
VERTEX
8
Feedline
10
1040.01600000
20
2943.21400000
30
0.00000000
0
VERTEX
8
Feedline
10
1040.46900000
20
2942.77600000
30
0.00000000
0
VERTEX
8
Feedline
10
1040.92600000
20
2942.34300000
30
0.00000000
0
VERTEX
8
Feedline
10
1041.39000000
20
2941.91700000
30
0.00000000
0
VERTEX
8
Feedline
10
1041.85900000
20
2941.49500000
30
0.00000000
0
VERTEX
8
Feedline
10
1042.33300000
20
2941.08100000
30
0.00000000
0
VERTEX
8
Feedline
10
1042.81200000
20
2940.67100000
30
0.00000000
0
VERTEX
8
Feedline
10
1043.29700000
20
2940.26800000
30
0.00000000
0
VERTEX
8
Feedline
10
1043.78700000
20
2939.87100000
30
0.00000000
0
VERTEX
8
Feedline
10
1044.28100000
20
2939.48000000
30
0.00000000
0
VERTEX
8
Feedline
10
1044.78100000
20
2939.09600000
30
0.00000000
0
VERTEX
8
Feedline
10
1045.28500000
20
2938.71800000
30
0.00000000
0
VERTEX
8
Feedline
10
1045.79400000
20
2938.34600000
30
0.00000000
0
VERTEX
8
Feedline
10
1046.30700000
20
2937.98100000
30
0.00000000
0
VERTEX
8
Feedline
10
1046.82500000
20
2937.62200000
30
0.00000000
0
VERTEX
8
Feedline
10
1047.34800000
20
2937.26900000
30
0.00000000
0
VERTEX
8
Feedline
10
1047.87400000
20
2936.92500000
30
0.00000000
0
VERTEX
8
Feedline
10
1048.40600000
20
2936.58500000
30
0.00000000
0
VERTEX
8
Feedline
10
1048.94100000
20
2936.25400000
30
0.00000000
0
VERTEX
8
Feedline
10
1049.48200000
20
2935.92800000
30
0.00000000
0
VERTEX
8
Feedline
10
1050.02500000
20
2935.60900000
30
0.00000000
0
VERTEX
8
Feedline
10
1355.02500000
20
2759.51700000
30
0.00000000
0
VERTEX
8
Feedline
10
1355.57000000
20
2759.19900000
30
0.00000000
0
VERTEX
8
Feedline
10
1356.11100000
20
2758.87300000
30
0.00000000
0
VERTEX
8
Feedline
10
1356.64800000
20
2758.53900000
30
0.00000000
0
VERTEX
8
Feedline
10
1357.18000000
20
2758.20000000
30
0.00000000
0
VERTEX
8
Feedline
10
1357.70800000
20
2757.85400000
30
0.00000000
0
VERTEX
8
Feedline
10
1358.23100000
20
2757.50100000
30
0.00000000
0
VERTEX
8
Feedline
10
1358.75100000
20
2757.14200000
30
0.00000000
0
VERTEX
8
Feedline
10
1359.26500000
20
2756.77600000
30
0.00000000
0
VERTEX
8
Feedline
10
1359.77500000
20
2756.40300000
30
0.00000000
0
VERTEX
8
Feedline
10
1360.28000000
20
2756.02400000
30
0.00000000
0
VERTEX
8
Feedline
10
1360.78100000
20
2755.63900000
30
0.00000000
0
VERTEX
8
Feedline
10
1361.27600000
20
2755.24700000
30
0.00000000
0
VERTEX
8
Feedline
10
1361.76700000
20
2754.85000000
30
0.00000000
0
VERTEX
8
Feedline
10
1362.25200000
20
2754.44600000
30
0.00000000
0
VERTEX
8
Feedline
10
1362.73300000
20
2754.03600000
30
0.00000000
0
VERTEX
8
Feedline
10
1363.20700000
20
2753.62000000
30
0.00000000
0
VERTEX
8
Feedline
10
1363.67800000
20
2753.19800000
30
0.00000000
0
VERTEX
8
Feedline
10
1364.14200000
20
2752.77100000
30
0.00000000
0
VERTEX
8
Feedline
10
1364.60100000
20
2752.33600000
30
0.00000000
0
VERTEX
8
Feedline
10
1365.05400000
20
2751.89700000
30
0.00000000
0
VERTEX
8
Feedline
10
1365.50200000
20
2751.45200000
30
0.00000000
0
VERTEX
8
Feedline
10
1365.94500000
20
2751.00200000
30
0.00000000
0
VERTEX
8
Feedline
10
1366.38100000
20
2750.54500000
30
0.00000000
0
VERTEX
8
Feedline
10
1366.81200000
20
2750.08300000
30
0.00000000
0
VERTEX
8
Feedline
10
1367.23600000
20
2749.61600000
30
0.00000000
0
VERTEX
8
Feedline
10
1367.65600000
20
2749.14400000
30
0.00000000
0
VERTEX
8
Feedline
10
1368.06900000
20
2748.66600000
30
0.00000000
0
VERTEX
8
Feedline
10
1368.47500000
20
2748.18300000
30
0.00000000
0
VERTEX
8
Feedline
10
1368.87600000
20
2747.69600000
30
0.00000000
0
VERTEX
8
Feedline
10
1369.27100000
20
2747.20200000
30
0.00000000
0
VERTEX
8
Feedline
10
1369.66000000
20
2746.70400000
30
0.00000000
0
VERTEX
8
Feedline
10
1370.04100000
20
2746.20100000
30
0.00000000
0
VERTEX
8
Feedline
10
1370.41700000
20
2745.69400000
30
0.00000000
0
VERTEX
8
Feedline
10
1370.78600000
20
2745.18200000
30
0.00000000
0
VERTEX
8
Feedline
10
1371.14900000
20
2744.66400000
30
0.00000000
0
VERTEX
8
Feedline
10
1371.50500000
20
2744.14300000
30
0.00000000
0
VERTEX
8
Feedline
10
1371.85500000
20
2743.61700000
30
0.00000000
0
VERTEX
8
Feedline
10
1372.19700000
20
2743.08700000
30
0.00000000
0
VERTEX
8
Feedline
10
1372.53300000
20
2742.55200000
30
0.00000000
0
VERTEX
8
Feedline
10
1372.86300000
20
2742.01400000
30
0.00000000
0
VERTEX
8
Feedline
10
1373.18600000
20
2741.47100000
30
0.00000000
0
VERTEX
8
Feedline
10
1373.50100000
20
2740.92400000
30
0.00000000
0
VERTEX
8
Feedline
10
1373.81100000
20
2740.37300000
30
0.00000000
0
VERTEX
8
Feedline
10
1374.11200000
20
2739.81900000
30
0.00000000
0
VERTEX
8
Feedline
10
1374.40700000
20
2739.26000000
30
0.00000000
0
VERTEX
8
Feedline
10
1374.69500000
20
2738.69800000
30
0.00000000
0
VERTEX
8
Feedline
10
1374.97500000
20
2738.13300000
30
0.00000000
0
VERTEX
8
Feedline
10
1375.24900000
20
2737.56300000
30
0.00000000
0
VERTEX
8
Feedline
10
1375.51500000
20
2736.99100000
30
0.00000000
0
VERTEX
8
Feedline
10
1375.77400000
20
2736.41500000
30
0.00000000
0
VERTEX
8
Feedline
10
1376.02600000
20
2735.83600000
30
0.00000000
0
VERTEX
8
Feedline
10
1376.27000000
20
2735.25300000
30
0.00000000
0
VERTEX
8
Feedline
10
1376.50700000
20
2734.66800000
30
0.00000000
0
VERTEX
8
Feedline
10
1376.73700000
20
2734.08000000
30
0.00000000
0
VERTEX
8
Feedline
10
1376.95900000
20
2733.48900000
30
0.00000000
0
VERTEX
8
Feedline
10
1377.17400000
20
2732.89500000
30
0.00000000
0
VERTEX
8
Feedline
10
1377.38100000
20
2732.29800000
30
0.00000000
0
VERTEX
8
Feedline
10
1377.58100000
20
2731.70000000
30
0.00000000
0
VERTEX
8
Feedline
10
1377.77300000
20
2731.09800000
30
0.00000000
0
VERTEX
8
Feedline
10
1377.95800000
20
2730.49400000
30
0.00000000
0
VERTEX
8
Feedline
10
1378.13400000
20
2729.88800000
30
0.00000000
0
VERTEX
8
Feedline
10
1378.30300000
20
2729.27900000
30
0.00000000
0
VERTEX
8
Feedline
10
1378.46500000
20
2728.66900000
30
0.00000000
0
VERTEX
8
Feedline
10
1378.61900000
20
2728.05700000
30
0.00000000
0
VERTEX
8
Feedline
10
1378.76500000
20
2727.44200000
30
0.00000000
0
VERTEX
8
Feedline
10
1378.90300000
20
2726.82600000
30
0.00000000
0
VERTEX
8
Feedline
10
1379.03400000
20
2726.20800000
30
0.00000000
0
VERTEX
8
Feedline
10
1379.15600000
20
2725.58800000
30
0.00000000
0
VERTEX
8
Feedline
10
1379.27100000
20
2724.96800000
30
0.00000000
0
VERTEX
8
Feedline
10
1379.37800000
20
2724.34500000
30
0.00000000
0
VERTEX
8
Feedline
10
1379.47700000
20
2723.72200000
30
0.00000000
0
VERTEX
8
Feedline
10
1379.56900000
20
2723.09700000
30
0.00000000
0
VERTEX
8
Feedline
10
1379.65300000
20
2722.47100000
30
0.00000000
0
VERTEX
8
Feedline
10
1379.72800000
20
2721.84500000
30
0.00000000
0
VERTEX
8
Feedline
10
1379.79600000
20
2721.21600000
30
0.00000000
0
VERTEX
8
Feedline
10
1379.85500000
20
2720.58700000
30
0.00000000
0
VERTEX
8
Feedline
10
1379.90700000
20
2719.95900000
30
0.00000000
0
VERTEX
8
Feedline
10
1379.95100000
20
2719.32800000
30
0.00000000
0
VERTEX
8
Feedline
10
1379.98600000
20
2718.69700000
30
0.00000000
0
VERTEX
8
Feedline
10
1380.01400000
20
2718.06700000
30
0.00000000
0
VERTEX
8
Feedline
10
1380.03400000
20
2717.43600000
30
0.00000000
0
VERTEX
8
Feedline
10
1380.04600000
20
2716.80500000
30
0.00000000
0
VERTEX
8
Feedline
10
1380.05000000
20
2716.17300000
30
0.00000000
0
VERTEX
8
Feedline
10
1390.95000000
20
2716.17300000
30
0.00000000
0
VERTEX
8
Feedline
10
1390.95000000
20
2753.28900000
30
0.00000000
0
VERTEX
8
Feedline
10
1390.94600000
20
2753.91200000
30
0.00000000
0
VERTEX
8
Feedline
10
1390.93400000
20
2754.53500000
30
0.00000000
0
VERTEX
8
Feedline
10
1390.91500000
20
2755.15700000
30
0.00000000
0
VERTEX
8
Feedline
10
1390.88800000
20
2755.78000000
30
0.00000000
0
VERTEX
8
Feedline
10
1390.85300000
20
2756.40100000
30
0.00000000
0
VERTEX
8
Feedline
10
1390.81000000
20
2757.02200000
30
0.00000000
0
VERTEX
8
Feedline
10
1390.76000000
20
2757.64300000
30
0.00000000
0
VERTEX
8
Feedline
10
1390.70200000
20
2758.26300000
30
0.00000000
0
VERTEX
8
Feedline
10
1390.63600000
20
2758.88200000
30
0.00000000
0
VERTEX
8
Feedline
10
1390.56200000
20
2759.50100000
30
0.00000000
0
VERTEX
8
Feedline
10
1390.48100000
20
2760.11800000
30
0.00000000
0
VERTEX
8
Feedline
10
1390.39300000
20
2760.73400000
30
0.00000000
0
VERTEX
8
Feedline
10
1390.29600000
20
2761.34900000
30
0.00000000
0
VERTEX
8
Feedline
10
1390.19100000
20
2761.96300000
30
0.00000000
0
VERTEX
8
Feedline
10
1390.07900000
20
2762.57600000
30
0.00000000
0
VERTEX
8
Feedline
10
1389.96000000
20
2763.18700000
30
0.00000000
0
VERTEX
8
Feedline
10
1389.83200000
20
2763.79600000
30
0.00000000
0
VERTEX
8
Feedline
10
1389.69700000
20
2764.40400000
30
0.00000000
0
VERTEX
8
Feedline
10
1389.55500000
20
2765.01000000
30
0.00000000
0
VERTEX
8
Feedline
10
1389.40600000
20
2765.61500000
30
0.00000000
0
VERTEX
8
Feedline
10
1389.24800000
20
2766.21700000
30
0.00000000
0
VERTEX
8
Feedline
10
1389.08300000
20
2766.81700000
30
0.00000000
0
VERTEX
8
Feedline
10
1388.91100000
20
2767.41600000
30
0.00000000
0
VERTEX
8
Feedline
10
1388.73100000
20
2768.01200000
30
0.00000000
0
VERTEX
8
Feedline
10
1388.54300000
20
2768.60700000
30
0.00000000
0
VERTEX
8
Feedline
10
1388.34900000
20
2769.19800000
30
0.00000000
0
VERTEX
8
Feedline
10
1388.14700000
20
2769.78700000
30
0.00000000
0
VERTEX
8
Feedline
10
1387.93800000
20
2770.37300000
30
0.00000000
0
VERTEX
8
Feedline
10
1387.71500000
20
2770.97300000
30
0.00000000
0
VERTEX
8
Feedline
10
1387.49700000
20
2771.53800000
30
0.00000000
0
VERTEX
8
Feedline
10
1387.26600000
20
2772.11600000
30
0.00000000
0
VERTEX
8
Feedline
10
1387.02800000
20
2772.69200000
30
0.00000000
0
VERTEX
8
Feedline
10
1386.78200000
20
2773.26400000
30
0.00000000
0
VERTEX
8
Feedline
10
1386.52900000
20
2773.83300000
30
0.00000000
0
VERTEX
8
Feedline
10
1386.27000000
20
2774.39900000
30
0.00000000
0
VERTEX
8
Feedline
10
1386.00300000
20
2774.96200000
30
0.00000000
0
VERTEX
8
Feedline
10
1385.72900000
20
2775.52100000
30
0.00000000
0
VERTEX
8
Feedline
10
1385.44900000
20
2776.07700000
30
0.00000000
0
VERTEX
8
Feedline
10
1385.16200000
20
2776.63000000
30
0.00000000
0
VERTEX
8
Feedline
10
1384.86700000
20
2777.17800000
30
0.00000000
0
VERTEX
8
Feedline
10
1384.56600000
20
2777.72400000
30
0.00000000
0
VERTEX
8
Feedline
10
1384.25800000
20
2778.26400000
30
0.00000000
0
VERTEX
8
Feedline
10
1383.94300000
20
2778.80100000
30
0.00000000
0
VERTEX
8
Feedline
10
1383.61900000
20
2779.34100000
30
0.00000000
0
VERTEX
8
Feedline
10
1383.29300000
20
2779.86600000
30
0.00000000
0
VERTEX
8
Feedline
10
1382.95900000
20
2780.39000000
30
0.00000000
0
VERTEX
8
Feedline
10
1382.61800000
20
2780.91000000
30
0.00000000
0
VERTEX
8
Feedline
10
1382.27100000
20
2781.42700000
30
0.00000000
0
VERTEX
8
Feedline
10
1381.91700000
20
2781.93900000
30
0.00000000
0
VERTEX
8
Feedline
10
1381.55600000
20
2782.44800000
30
0.00000000
0
VERTEX
8
Feedline
10
1381.19000000
20
2782.95000000
30
0.00000000
0
VERTEX
8
Feedline
10
1380.81700000
20
2783.45000000
30
0.00000000
0
VERTEX
8
Feedline
10
1380.43800000
20
2783.94300000
30
0.00000000
0
VERTEX
8
Feedline
10
1380.04600000
20
2784.44100000
30
0.00000000
0
VERTEX
8
Feedline
10
1379.65300000
20
2784.92700000
30
0.00000000
0
VERTEX
8
Feedline
10
1379.26400000
20
2785.39700000
30
0.00000000
0
VERTEX
8
Feedline
10
1378.85400000
20
2785.88000000
30
0.00000000
0
VERTEX
8
Feedline
10
1378.45200000
20
2786.34100000
30
0.00000000
0
VERTEX
8
Feedline
10
1378.03700000
20
2786.80400000
30
0.00000000
0
VERTEX
8
Feedline
10
1377.61600000
20
2787.26400000
30
0.00000000
0
VERTEX
8
Feedline
10
1377.19000000
20
2787.71800000
30
0.00000000
0
VERTEX
8
Feedline
10
1376.75700000
20
2788.16600000
30
0.00000000
0
VERTEX
8
Feedline
10
1376.32000000
20
2788.61000000
30
0.00000000
0
VERTEX
8
Feedline
10
1229.61000000
20
2935.32000000
30
0.00000000
0
VERTEX
8
Feedline
10
1229.17100000
20
2935.76400000
30
0.00000000
0
VERTEX
8
Feedline
10
1228.73800000
20
2936.21400000
30
0.00000000
0
VERTEX
8
Feedline
10
1228.31000000
20
2936.66800000
30
0.00000000
0
VERTEX
8
Feedline
10
1227.88900000
20
2937.12800000
30
0.00000000
0
VERTEX
8
Feedline
10
1227.47400000
20
2937.59300000
30
0.00000000
0
VERTEX
8
Feedline
10
1227.06300000
20
2938.06300000
30
0.00000000
0
VERTEX
8
Feedline
10
1226.66000000
20
2938.53900000
30
0.00000000
0
VERTEX
8
Feedline
10
1226.26100000
20
2939.01900000
30
0.00000000
0
VERTEX
8
Feedline
10
1225.86900000
20
2939.50500000
30
0.00000000
0
VERTEX
8
Feedline
10
1225.48400000
20
2939.99500000
30
0.00000000
0
VERTEX
8
Feedline
10
1225.10300000
20
2940.49000000
30
0.00000000
0
VERTEX
8
Feedline
10
1224.73000000
20
2940.99000000
30
0.00000000
0
VERTEX
8
Feedline
10
1224.36200000
20
2941.49400000
30
0.00000000
0
VERTEX
8
Feedline
10
1224.00100000
20
2942.00300000
30
0.00000000
0
VERTEX
8
Feedline
10
1223.64700000
20
2942.51700000
30
0.00000000
0
VERTEX
8
Feedline
10
1223.29800000
20
2943.03400000
30
0.00000000
0
VERTEX
8
Feedline
10
1222.95700000
20
2943.55600000
30
0.00000000
0
VERTEX
8
Feedline
10
1222.62200000
20
2944.08200000
30
0.00000000
0
VERTEX
8
Feedline
10
1222.29200000
20
2944.61300000
30
0.00000000
0
VERTEX
8
Feedline
10
1221.97100000
20
2945.14700000
30
0.00000000
0
VERTEX
8
Feedline
10
1221.65600000
20
2945.68600000
30
0.00000000
0
VERTEX
8
Feedline
10
1221.34600000
20
2946.22800000
30
0.00000000
0
VERTEX
8
Feedline
10
1221.04500000
20
2946.77400000
30
0.00000000
0
VERTEX
8
Feedline
10
1220.75000000
20
2947.32400000
30
0.00000000
0
VERTEX
8
Feedline
10
1220.46100000
20
2947.87700000
30
0.00000000
0
VERTEX
8
Feedline
10
1220.18100000
20
2948.43500000
30
0.00000000
0
VERTEX
8
Feedline
10
1219.90700000
20
2948.99400000
30
0.00000000
0
VERTEX
8
Feedline
10
1219.64000000
20
2949.55900000
30
0.00000000
0
VERTEX
8
Feedline
10
1219.37900000
20
2950.12500000
30
0.00000000
0
VERTEX
8
Feedline
10
1219.12600000
20
2950.69600000
30
0.00000000
0
VERTEX
8
Feedline
10
1218.88000000
20
2951.27000000
30
0.00000000
0
VERTEX
8
Feedline
10
1218.64200000
20
2951.84600000
30
0.00000000
0
VERTEX
8
Feedline
10
1218.40900000
20
2952.42600000
30
0.00000000
0
VERTEX
8
Feedline
10
1218.18500000
20
2953.00700000
30
0.00000000
0
VERTEX
8
Feedline
10
1217.96800000
20
2953.59300000
30
0.00000000
0
VERTEX
8
Feedline
10
1217.75900000
20
2954.18100000
30
0.00000000
0
VERTEX
8
Feedline
10
1217.55700000
20
2954.77000000
30
0.00000000
0
VERTEX
8
Feedline
10
1217.35900000
20
2955.37100000
30
0.00000000
0
VERTEX
8
Feedline
10
1217.17300000
20
2955.95800000
30
0.00000000
0
VERTEX
8
Feedline
10
1216.99300000
20
2956.55600000
30
0.00000000
0
VERTEX
8
Feedline
10
1216.82100000
20
2957.15500000
30
0.00000000
0
VERTEX
8
Feedline
10
1216.65600000
20
2957.75700000
30
0.00000000
0
VERTEX
8
Feedline
10
1216.49800000
20
2958.36100000
30
0.00000000
0
VERTEX
8
Feedline
10
1216.34700000
20
2958.96600000
30
0.00000000
0
VERTEX
8
Feedline
10
1216.20500000
20
2959.57400000
30
0.00000000
0
VERTEX
8
Feedline
10
1216.07000000
20
2960.18200000
30
0.00000000
0
VERTEX
8
Feedline
10
1215.94200000
20
2960.79300000
30
0.00000000
0
VERTEX
8
Feedline
10
1215.82300000
20
2961.40600000
30
0.00000000
0
VERTEX
8
Feedline
10
1215.71100000
20
2962.01900000
30
0.00000000
0
VERTEX
8
Feedline
10
1215.60600000
20
2962.63500000
30
0.00000000
0
VERTEX
8
Feedline
10
1215.50900000
20
2963.25200000
30
0.00000000
0
VERTEX
8
Feedline
10
1215.41900000
20
2963.86800000
30
0.00000000
0
VERTEX
8
Feedline
10
1215.33800000
20
2964.48700000
30
0.00000000
0
VERTEX
8
Feedline
10
1215.26400000
20
2965.10600000
30
0.00000000
0
VERTEX
8
Feedline
10
1215.19800000
20
2965.72700000
30
0.00000000
0
VERTEX
8
Feedline
10
1215.14000000
20
2966.34900000
30
0.00000000
0
VERTEX
8
Feedline
10
1215.09000000
20
2966.97000000
30
0.00000000
0
VERTEX
8
Feedline
10
1215.04700000
20
2967.59300000
30
0.00000000
0
VERTEX
8
Feedline
10
1215.01200000
20
2968.21600000
30
0.00000000
0
VERTEX
8
Feedline
10
1214.98500000
20
2968.83900000
30
0.00000000
0
VERTEX
8
Feedline
10
1214.96600000
20
2969.46300000
30
0.00000000
0
VERTEX
8
Feedline
10
1214.95400000
20
2970.08600000
30
0.00000000
0
VERTEX
8
Feedline
10
1214.95000000
20
2970.71100000
30
0.00000000
0
VERTEX
8
Feedline
10
1214.95000000
20
3150.05000000
30
0.00000000
0
VERTEX
8
Feedline
10
1585.05000000
20
3150.05000000
30
0.00000000
0
VERTEX
8
Feedline
10
1585.05000000
20
2970.71100000
30
0.00000000
0
VERTEX
8
Feedline
10
1585.04600000
20
2970.08600000
30
0.00000000
0
VERTEX
8
Feedline
10
1585.03400000
20
2969.46300000
30
0.00000000
0
VERTEX
8
Feedline
10
1585.01500000
20
2968.83900000
30
0.00000000
0
VERTEX
8
Feedline
10
1584.98800000
20
2968.21600000
30
0.00000000
0
VERTEX
8
Feedline
10
1584.95300000
20
2967.59300000
30
0.00000000
0
VERTEX
8
Feedline
10
1584.91000000
20
2966.97000000
30
0.00000000
0
VERTEX
8
Feedline
10
1584.86000000
20
2966.34900000
30
0.00000000
0
VERTEX
8
Feedline
10
1584.80200000
20
2965.72700000
30
0.00000000
0
VERTEX
8
Feedline
10
1584.73600000
20
2965.10600000
30
0.00000000
0
VERTEX
8
Feedline
10
1584.66200000
20
2964.48700000
30
0.00000000
0
VERTEX
8
Feedline
10
1584.58100000
20
2963.86800000
30
0.00000000
0
VERTEX
8
Feedline
10
1584.49100000
20
2963.25200000
30
0.00000000
0
VERTEX
8
Feedline
10
1584.39400000
20
2962.63500000
30
0.00000000
0
VERTEX
8
Feedline
10
1584.28900000
20
2962.01900000
30
0.00000000
0
VERTEX
8
Feedline
10
1584.17700000
20
2961.40600000
30
0.00000000
0
VERTEX
8
Feedline
10
1584.05800000
20
2960.79300000
30
0.00000000
0
VERTEX
8
Feedline
10
1583.93000000
20
2960.18200000
30
0.00000000
0
VERTEX
8
Feedline
10
1583.79500000
20
2959.57400000
30
0.00000000
0
VERTEX
8
Feedline
10
1583.65300000
20
2958.96600000
30
0.00000000
0
VERTEX
8
Feedline
10
1583.50200000
20
2958.36100000
30
0.00000000
0
VERTEX
8
Feedline
10
1583.34400000
20
2957.75700000
30
0.00000000
0
VERTEX
8
Feedline
10
1583.17900000
20
2957.15500000
30
0.00000000
0
VERTEX
8
Feedline
10
1583.00700000
20
2956.55600000
30
0.00000000
0
VERTEX
8
Feedline
10
1582.82700000
20
2955.95800000
30
0.00000000
0
VERTEX
8
Feedline
10
1582.63900000
20
2955.36300000
30
0.00000000
0
VERTEX
8
Feedline
10
1582.44300000
20
2954.77000000
30
0.00000000
0
VERTEX
8
Feedline
10
1582.24100000
20
2954.18100000
30
0.00000000
0
VERTEX
8
Feedline
10
1582.03200000
20
2953.59300000
30
0.00000000
0
VERTEX
8
Feedline
10
1581.81500000
20
2953.00700000
30
0.00000000
0
VERTEX
8
Feedline
10
1581.59100000
20
2952.42600000
30
0.00000000
0
VERTEX
8
Feedline
10
1581.35800000
20
2951.84600000
30
0.00000000
0
VERTEX
8
Feedline
10
1581.12000000
20
2951.27000000
30
0.00000000
0
VERTEX
8
Feedline
10
1580.87400000
20
2950.69600000
30
0.00000000
0
VERTEX
8
Feedline
10
1580.62100000
20
2950.12500000
30
0.00000000
0
VERTEX
8
Feedline
10
1580.36000000
20
2949.55900000
30
0.00000000
0
VERTEX
8
Feedline
10
1580.09300000
20
2948.99400000
30
0.00000000
0
VERTEX
8
Feedline
10
1579.81900000
20
2948.43500000
30
0.00000000
0
VERTEX
8
Feedline
10
1579.53900000
20
2947.87700000
30
0.00000000
0
VERTEX
8
Feedline
10
1579.25000000
20
2947.32400000
30
0.00000000
0
VERTEX
8
Feedline
10
1578.95500000
20
2946.77400000
30
0.00000000
0
VERTEX
8
Feedline
10
1578.65400000
20
2946.22800000
30
0.00000000
0
VERTEX
8
Feedline
10
1578.34400000
20
2945.68600000
30
0.00000000
0
VERTEX
8
Feedline
10
1578.02900000
20
2945.14700000
30
0.00000000
0
VERTEX
8
Feedline
10
1577.70800000
20
2944.61300000
30
0.00000000
0
VERTEX
8
Feedline
10
1577.37800000
20
2944.08200000
30
0.00000000
0
VERTEX
8
Feedline
10
1577.04300000
20
2943.55600000
30
0.00000000
0
VERTEX
8
Feedline
10
1576.70200000
20
2943.03400000
30
0.00000000
0
VERTEX
8
Feedline
10
1576.35300000
20
2942.51700000
30
0.00000000
0
VERTEX
8
Feedline
10
1575.99900000
20
2942.00300000
30
0.00000000
0
VERTEX
8
Feedline
10
1575.63800000
20
2941.49400000
30
0.00000000
0
VERTEX
8
Feedline
10
1575.27000000
20
2940.99000000
30
0.00000000
0
VERTEX
8
Feedline
10
1574.89700000
20
2940.49000000
30
0.00000000
0
VERTEX
8
Feedline
10
1574.51600000
20
2939.99500000
30
0.00000000
0
VERTEX
8
Feedline
10
1574.13100000
20
2939.50500000
30
0.00000000
0
VERTEX
8
Feedline
10
1573.73900000
20
2939.01900000
30
0.00000000
0
VERTEX
8
Feedline
10
1573.34000000
20
2938.53900000
30
0.00000000
0
VERTEX
8
Feedline
10
1572.93700000
20
2938.06300000
30
0.00000000
0
VERTEX
8
Feedline
10
1572.52600000
20
2937.59300000
30
0.00000000
0
VERTEX
8
Feedline
10
1572.11100000
20
2937.12800000
30
0.00000000
0
VERTEX
8
Feedline
10
1571.69000000
20
2936.66800000
30
0.00000000
0
VERTEX
8
Feedline
10
1571.26200000
20
2936.21400000
30
0.00000000
0
VERTEX
8
Feedline
10
1570.82900000
20
2935.76400000
30
0.00000000
0
VERTEX
8
Feedline
10
1570.39000000
20
2935.32000000
30
0.00000000
0
VERTEX
8
Feedline
10
1423.68000000
20
2788.61000000
30
0.00000000
0
VERTEX
8
Feedline
10
1423.24300000
20
2788.16600000
30
0.00000000
0
VERTEX
8
Feedline
10
1422.81000000
20
2787.71800000
30
0.00000000
0
VERTEX
8
Feedline
10
1422.38400000
20
2787.26400000
30
0.00000000
0
VERTEX
8
Feedline
10
1421.95100000
20
2786.79100000
30
0.00000000
0
VERTEX
8
Feedline
10
1421.54800000
20
2786.34100000
30
0.00000000
0
VERTEX
8
Feedline
10
1421.13900000
20
2785.87100000
30
0.00000000
0
VERTEX
8
Feedline
10
1420.72900000
20
2785.38800000
30
0.00000000
0
VERTEX
8
Feedline
10
1420.33900000
20
2784.91700000
30
0.00000000
0
VERTEX
8
Feedline
10
1419.94700000
20
2784.43300000
30
0.00000000
0
VERTEX
8
Feedline
10
1419.56200000
20
2783.94300000
30
0.00000000
0
VERTEX
8
Feedline
10
1419.18300000
20
2783.45000000
30
0.00000000
0
VERTEX
8
Feedline
10
1418.81000000
20
2782.95000000
30
0.00000000
0
VERTEX
8
Feedline
10
1418.44400000
20
2782.44800000
30
0.00000000
0
VERTEX
8
Feedline
10
1418.08300000
20
2781.93900000
30
0.00000000
0
VERTEX
8
Feedline
10
1417.72900000
20
2781.42700000
30
0.00000000
0
VERTEX
8
Feedline
10
1417.37700000
20
2780.90300000
30
0.00000000
0
VERTEX
8
Feedline
10
1417.04100000
20
2780.39000000
30
0.00000000
0
VERTEX
8
Feedline
10
1416.70600000
20
2779.86400000
30
0.00000000
0
VERTEX
8
Feedline
10
1416.37800000
20
2779.33500000
30
0.00000000
0
VERTEX
8
Feedline
10
1416.05100000
20
2778.79100000
30
0.00000000
0
VERTEX
8
Feedline
10
1415.74200000
20
2778.26400000
30
0.00000000
0
VERTEX
8
Feedline
10
1415.43400000
20
2777.72400000
30
0.00000000
0
VERTEX
8
Feedline
10
1415.13300000
20
2777.17800000
30
0.00000000
0
VERTEX
8
Feedline
10
1414.83800000
20
2776.63000000
30
0.00000000
0
VERTEX
8
Feedline
10
1414.55100000
20
2776.07700000
30
0.00000000
0
VERTEX
8
Feedline
10
1414.27100000
20
2775.52100000
30
0.00000000
0
VERTEX
8
Feedline
10
1413.99700000
20
2774.96200000
30
0.00000000
0
VERTEX
8
Feedline
10
1413.73000000
20
2774.39900000
30
0.00000000
0
VERTEX
8
Feedline
10
1413.47100000
20
2773.83300000
30
0.00000000
0
VERTEX
8
Feedline
10
1413.21800000
20
2773.26400000
30
0.00000000
0
VERTEX
8
Feedline
10
1412.97200000
20
2772.69200000
30
0.00000000
0
VERTEX
8
Feedline
10
1412.73400000
20
2772.11600000
30
0.00000000
0
VERTEX
8
Feedline
10
1412.50300000
20
2771.53800000
30
0.00000000
0
VERTEX
8
Feedline
10
1412.27900000
20
2770.95700000
30
0.00000000
0
VERTEX
8
Feedline
10
1412.06200000
20
2770.37300000
30
0.00000000
0
VERTEX
8
Feedline
10
1411.85300000
20
2769.78700000
30
0.00000000
0
VERTEX
8
Feedline
10
1411.65100000
20
2769.19800000
30
0.00000000
0
VERTEX
8
Feedline
10
1411.45700000
20
2768.60700000
30
0.00000000
0
VERTEX
8
Feedline
10
1411.26900000
20
2768.01200000
30
0.00000000
0
VERTEX
8
Feedline
10
1411.08900000
20
2767.41600000
30
0.00000000
0
VERTEX
8
Feedline
10
1410.91700000
20
2766.81700000
30
0.00000000
0
VERTEX
8
Feedline
10
1410.75200000
20
2766.21700000
30
0.00000000
0
VERTEX
8
Feedline
10
1410.59400000
20
2765.61500000
30
0.00000000
0
VERTEX
8
Feedline
10
1410.44500000
20
2765.01000000
30
0.00000000
0
VERTEX
8
Feedline
10
1410.30300000
20
2764.40400000
30
0.00000000
0
VERTEX
8
Feedline
10
1410.16800000
20
2763.79600000
30
0.00000000
0
VERTEX
8
Feedline
10
1410.04000000
20
2763.18700000
30
0.00000000
0
VERTEX
8
Feedline
10
1409.92100000
20
2762.57600000
30
0.00000000
0
VERTEX
8
Feedline
10
1409.80900000
20
2761.96300000
30
0.00000000
0
VERTEX
8
Feedline
10
1409.70400000
20
2761.34900000
30
0.00000000
0
VERTEX
8
Feedline
10
1409.60700000
20
2760.73400000
30
0.00000000
0
VERTEX
8
Feedline
10
1409.51900000
20
2760.11800000
30
0.00000000
0
VERTEX
8
Feedline
10
1409.43800000
20
2759.50100000
30
0.00000000
0
VERTEX
8
Feedline
10
1409.36400000
20
2758.88200000
30
0.00000000
0
VERTEX
8
Feedline
10
1409.29800000
20
2758.26300000
30
0.00000000
0
VERTEX
8
Feedline
10
1409.24000000
20
2757.64300000
30
0.00000000
0
VERTEX
8
Feedline
10
1409.19000000
20
2757.02200000
30
0.00000000
0
VERTEX
8
Feedline
10
1409.14700000
20
2756.40100000
30
0.00000000
0
VERTEX
8
Feedline
10
1409.11200000
20
2755.78000000
30
0.00000000
0
VERTEX
8
Feedline
10
1409.08500000
20
2755.15700000
30
0.00000000
0
VERTEX
8
Feedline
10
1409.06600000
20
2754.53500000
30
0.00000000
0
VERTEX
8
Feedline
10
1409.05400000
20
2753.91200000
30
0.00000000
0
VERTEX
8
Feedline
10
1409.05000000
20
2753.28900000
30
0.00000000
0
VERTEX
8
Feedline
10
1409.05000000
20
2716.17300000
30
0.00000000
0
VERTEX
8
Feedline
10
1419.95000000
20
2716.17300000
30
0.00000000
0
VERTEX
8
Feedline
10
1419.95400000
20
2716.80500000
30
0.00000000
0
VERTEX
8
Feedline
10
1419.96600000
20
2717.43600000
30
0.00000000
0
VERTEX
8
Feedline
10
1419.98600000
20
2718.06700000
30
0.00000000
0
VERTEX
8
Feedline
10
1420.01400000
20
2718.69700000
30
0.00000000
0
VERTEX
8
Feedline
10
1420.04900000
20
2719.32800000
30
0.00000000
0
VERTEX
8
Feedline
10
1420.09300000
20
2719.95900000
30
0.00000000
0
VERTEX
8
Feedline
10
1420.14500000
20
2720.58700000
30
0.00000000
0
VERTEX
8
Feedline
10
1420.20400000
20
2721.21600000
30
0.00000000
0
VERTEX
8
Feedline
10
1420.27200000
20
2721.84500000
30
0.00000000
0
VERTEX
8
Feedline
10
1420.34700000
20
2722.47100000
30
0.00000000
0
VERTEX
8
Feedline
10
1420.43100000
20
2723.09700000
30
0.00000000
0
VERTEX
8
Feedline
10
1420.52300000
20
2723.72200000
30
0.00000000
0
VERTEX
8
Feedline
10
1420.62200000
20
2724.34700000
30
0.00000000
0
VERTEX
8
Feedline
10
1420.72900000
20
2724.96900000
30
0.00000000
0
VERTEX
8
Feedline
10
1420.84400000
20
2725.58900000
30
0.00000000
0
VERTEX
8
Feedline
10
1420.96700000
20
2726.21300000
30
0.00000000
0
VERTEX
8
Feedline
10
1421.09800000
20
2726.83000000
30
0.00000000
0
VERTEX
8
Feedline
10
1421.23700000
20
2727.45000000
30
0.00000000
0
VERTEX
8
Feedline
10
1421.38400000
20
2728.06800000
30
0.00000000
0
VERTEX
8
Feedline
10
1421.53500000
20
2728.66900000
30
0.00000000
0
VERTEX
8
Feedline
10
1421.69700000
20
2729.27900000
30
0.00000000
0
VERTEX
8
Feedline
10
1421.86600000
20
2729.88800000
30
0.00000000
0
VERTEX
8
Feedline
10
1422.04200000
20
2730.49400000
30
0.00000000
0
VERTEX
8
Feedline
10
1422.22700000
20
2731.09800000
30
0.00000000
0
VERTEX
8
Feedline
10
1422.41900000
20
2731.70000000
30
0.00000000
0
VERTEX
8
Feedline
10
1422.61900000
20
2732.29800000
30
0.00000000
0
VERTEX
8
Feedline
10
1422.82600000
20
2732.89500000
30
0.00000000
0
VERTEX
8
Feedline
10
1423.04100000
20
2733.48900000
30
0.00000000
0
VERTEX
8
Feedline
10
1423.26300000
20
2734.08000000
30
0.00000000
0
VERTEX
8
Feedline
10
1423.49300000
20
2734.66800000
30
0.00000000
0
VERTEX
8
Feedline
10
1423.73000000
20
2735.25300000
30
0.00000000
0
VERTEX
8
Feedline
10
1423.97400000
20
2735.83600000
30
0.00000000
0
VERTEX
8
Feedline
10
1424.22600000
20
2736.41500000
30
0.00000000
0
VERTEX
8
Feedline
10
1424.48500000
20
2736.99100000
30
0.00000000
0
VERTEX
8
Feedline
10
1424.75100000
20
2737.56300000
30
0.00000000
0
VERTEX
8
Feedline
10
1425.02500000
20
2738.13300000
30
0.00000000
0
VERTEX
8
Feedline
10
1425.30500000
20
2738.69800000
30
0.00000000
0
VERTEX
8
Feedline
10
1425.59300000
20
2739.26000000
30
0.00000000
0
VERTEX
8
Feedline
10
1425.88800000
20
2739.81900000
30
0.00000000
0
VERTEX
8
Feedline
10
1426.18900000
20
2740.37300000
30
0.00000000
0
VERTEX
8
Feedline
10
1426.50200000
20
2740.92900000
30
0.00000000
0
VERTEX
8
Feedline
10
1426.81700000
20
2741.47700000
30
0.00000000
0
VERTEX
8
Feedline
10
1427.13700000
20
2742.01400000
30
0.00000000
0
VERTEX
8
Feedline
10
1427.46700000
20
2742.55200000
30
0.00000000
0
VERTEX
8
Feedline
10
1427.80300000
20
2743.08700000
30
0.00000000
0
VERTEX
8
Feedline
10
1428.14900000
20
2743.62300000
30
0.00000000
0
VERTEX
8
Feedline
10
1428.49500000
20
2744.14300000
30
0.00000000
0
VERTEX
8
Feedline
10
1428.85100000
20
2744.66400000
30
0.00000000
0
VERTEX
8
Feedline
10
1429.21400000
20
2745.18200000
30
0.00000000
0
VERTEX
8
Feedline
10
1429.58300000
20
2745.69400000
30
0.00000000
0
VERTEX
8
Feedline
10
1429.95900000
20
2746.20100000
30
0.00000000
0
VERTEX
8
Feedline
10
1430.34000000
20
2746.70400000
30
0.00000000
0
VERTEX
8
Feedline
10
1430.72900000
20
2747.20200000
30
0.00000000
0
VERTEX
8
Feedline
10
1431.12400000
20
2747.69600000
30
0.00000000
0
VERTEX
8
Feedline
10
1431.52500000
20
2748.18300000
30
0.00000000
0
VERTEX
8
Feedline
10
1431.93100000
20
2748.66600000
30
0.00000000
0
VERTEX
8
Feedline
10
1432.34400000
20
2749.14400000
30
0.00000000
0
VERTEX
8
Feedline
10
1432.76400000
20
2749.61600000
30
0.00000000
0
VERTEX
8
Feedline
10
1433.18800000
20
2750.08300000
30
0.00000000
0
VERTEX
8
Feedline
10
1433.61900000
20
2750.54500000
30
0.00000000
0
VERTEX
8
Feedline
10
1434.05500000
20
2751.00200000
30
0.00000000
0
VERTEX
8
Feedline
10
1434.49800000
20
2751.45200000
30
0.00000000
0
VERTEX
8
Feedline
10
1434.94600000
20
2751.89700000
30
0.00000000
0
VERTEX
8
Feedline
10
1435.39900000
20
2752.33600000
30
0.00000000
0
VERTEX
8
Feedline
10
1435.85800000
20
2752.77100000
30
0.00000000
0
VERTEX
8
Feedline
10
1436.32200000
20
2753.19800000
30
0.00000000
0
VERTEX
8
Feedline
10
1436.79300000
20
2753.62000000
30
0.00000000
0
VERTEX
8
Feedline
10
1437.26700000
20
2754.03600000
30
0.00000000
0
VERTEX
8
Feedline
10
1437.74800000
20
2754.44600000
30
0.00000000
0
VERTEX
8
Feedline
10
1438.23300000
20
2754.85000000
30
0.00000000
0
VERTEX
8
Feedline
10
1438.72400000
20
2755.24700000
30
0.00000000
0
VERTEX
8
Feedline
10
1439.21900000
20
2755.63900000
30
0.00000000
0
VERTEX
8
Feedline
10
1439.72000000
20
2756.02400000
30
0.00000000
0
VERTEX
8
Feedline
10
1440.22500000
20
2756.40300000
30
0.00000000
0
VERTEX
8
Feedline
10
1440.74100000
20
2756.78000000
30
0.00000000
0
VERTEX
8
Feedline
10
1441.24900000
20
2757.14200000
30
0.00000000
0
VERTEX
8
Feedline
10
1441.76900000
20
2757.50100000
30
0.00000000
0
VERTEX
8
Feedline
10
1442.29200000
20
2757.85400000
30
0.00000000
0
VERTEX
8
Feedline
10
1442.82000000
20
2758.20000000
30
0.00000000
0
VERTEX
8
Feedline
10
1443.35200000
20
2758.53900000
30
0.00000000
0
VERTEX
8
Feedline
10
1443.88900000
20
2758.87300000
30
0.00000000
0
VERTEX
8
Feedline
10
1444.43000000
20
2759.19900000
30
0.00000000
0
VERTEX
8
Feedline
10
1445.00000000
20
2759.53200000
30
0.00000000
0
VERTEX
8
Feedline
10
1749.97500000
20
2935.60900000
30
0.00000000
0
VERTEX
8
Feedline
10
1750.51900000
20
2935.92800000
30
0.00000000
0
VERTEX
8
Feedline
10
1751.05900000
20
2936.25400000
30
0.00000000
0
VERTEX
8
Feedline
10
1751.59500000
20
2936.58600000
30
0.00000000
0
VERTEX
8
Feedline
10
1752.12600000
20
2936.92500000
30
0.00000000
0
VERTEX
8
Feedline
10
1752.65300000
20
2937.27000000
30
0.00000000
0
VERTEX
8
Feedline
10
1753.17500000
20
2937.62200000
30
0.00000000
0
VERTEX
8
Feedline
10
1753.69400000
20
2937.98100000
30
0.00000000
0
VERTEX
8
Feedline
10
1754.20700000
20
2938.34700000
30
0.00000000
0
VERTEX
8
Feedline
10
1754.71500000
20
2938.71800000
30
0.00000000
0
VERTEX
8
Feedline
10
1755.22000000
20
2939.09600000
30
0.00000000
0
VERTEX
8
Feedline
10
1755.71900000
20
2939.48100000
30
0.00000000
0
VERTEX
8
Feedline
10
1756.21400000
20
2939.87100000
30
0.00000000
0
VERTEX
8
Feedline
10
1756.70300000
20
2940.26900000
30
0.00000000
0
VERTEX
8
Feedline
10
1757.18800000
20
2940.67100000
30
0.00000000
0
VERTEX
8
Feedline
10
1757.66800000
20
2941.08100000
30
0.00000000
0
VERTEX
8
Feedline
10
1758.14100000
20
2941.49600000
30
0.00000000
0
VERTEX
8
Feedline
10
1758.61100000
20
2941.91700000
30
0.00000000
0
VERTEX
8
Feedline
10
1759.07400000
20
2942.34400000
30
0.00000000
0
VERTEX
8
Feedline
10
1759.53200000
20
2942.77600000
30
0.00000000
0
VERTEX
8
Feedline
10
1759.98400000
20
2943.21500000
30
0.00000000
0
VERTEX
8
Feedline
10
1760.43200000
20
2943.65900000
30
0.00000000
0
VERTEX
8
Feedline
10
1760.87300000
20
2944.10900000
30
0.00000000
0
VERTEX
8
Feedline
10
1761.30900000
20
2944.56500000
30
0.00000000
0
VERTEX
8
Feedline
10
1761.73800000
20
2945.02500000
30
0.00000000
0
VERTEX
8
Feedline
10
1762.16200000
20
2945.49200000
30
0.00000000
0
VERTEX
8
Feedline
10
1762.58100000
20
2945.96300000
30
0.00000000
0
VERTEX
8
Feedline
10
1762.99300000
20
2946.44000000
30
0.00000000
0
VERTEX
8
Feedline
10
1763.39900000
20
2946.92200000
30
0.00000000
0
VERTEX
8
Feedline
10
1763.79800000
20
2947.40900000
30
0.00000000
0
VERTEX
8
Feedline
10
1764.19300000
20
2947.90000000
30
0.00000000
0
VERTEX
8
Feedline
10
1764.58100000
20
2948.39800000
30
0.00000000
0
VERTEX
8
Feedline
10
1764.96100000
20
2948.89900000
30
0.00000000
0
VERTEX
8
Feedline
10
1765.33700000
20
2949.40600000
30
0.00000000
0
VERTEX
8
Feedline
10
1765.70400000
20
2949.91700000
30
0.00000000
0
VERTEX
8
Feedline
10
1766.06700000
20
2950.43300000
30
0.00000000
0
VERTEX
8
Feedline
10
1766.42300000
20
2950.95300000
30
0.00000000
0
VERTEX
8
Feedline
10
1766.77100000
20
2951.47900000
30
0.00000000
0
VERTEX
8
Feedline
10
1767.11300000
20
2952.00700000
30
0.00000000
0
VERTEX
8
Feedline
10
1767.44900000
20
2952.54100000
30
0.00000000
0
VERTEX
8
Feedline
10
1767.77700000
20
2953.07900000
30
0.00000000
0
VERTEX
8
Feedline
10
1768.10000000
20
2953.62100000
30
0.00000000
0
VERTEX
8
Feedline
10
1768.41500000
20
2954.16600000
30
0.00000000
0
VERTEX
8
Feedline
10
1768.72300000
20
2954.71500000
30
0.00000000
0
VERTEX
8
Feedline
10
1769.02400000
20
2955.27000000
30
0.00000000
0
VERTEX
8
Feedline
10
1769.31900000
20
2955.82600000
30
0.00000000
0
VERTEX
8
Feedline
10
1769.60500000
20
2956.38800000
30
0.00000000
0
VERTEX
8
Feedline
10
1769.88500000
20
2956.95200000
30
0.00000000
0
VERTEX
8
Feedline
10
1770.15900000
20
2957.52100000
30
0.00000000
0
VERTEX
8
Feedline
10
1770.42500000
20
2958.09200000
30
0.00000000
0
VERTEX
8
Feedline
10
1770.68200000
20
2958.66600000
30
0.00000000
0
VERTEX
8
Feedline
10
1770.93400000
20
2959.24500000
30
0.00000000
0
VERTEX
8
Feedline
10
1771.17800000
20
2959.82500000
30
0.00000000
0
VERTEX
8
Feedline
10
1771.41500000
20
2960.41000000
30
0.00000000
0
VERTEX
8
Feedline
10
1771.64300000
20
2960.99700000
30
0.00000000
0
VERTEX
8
Feedline
10
1771.86500000
20
2961.58700000
30
0.00000000
0
VERTEX
8
Feedline
10
1772.08000000
20
2962.17900000
30
0.00000000
0
VERTEX
8
Feedline
10
1772.28700000
20
2962.77400000
30
0.00000000
0
VERTEX
8
Feedline
10
1772.48600000
20
2963.37300000
30
0.00000000
0
VERTEX
8
Feedline
10
1772.67700000
20
2963.97300000
30
0.00000000
0
VERTEX
8
Feedline
10
1772.86200000
20
2964.57600000
30
0.00000000
0
VERTEX
8
Feedline
10
1773.03800000
20
2965.18100000
30
0.00000000
0
VERTEX
8
Feedline
10
1773.20700000
20
2965.78700000
30
0.00000000
0
VERTEX
8
Feedline
10
1773.36900000
20
2966.39700000
30
0.00000000
0
VERTEX
8
Feedline
10
1773.52100000
20
2967.00800000
30
0.00000000
0
VERTEX
8
Feedline
10
1773.66700000
20
2967.62200000
30
0.00000000
0
VERTEX
8
Feedline
10
1773.80500000
20
2968.23600000
30
0.00000000
0
VERTEX
8
Feedline
10
1773.93600000
20
2968.85200000
30
0.00000000
0
VERTEX
8
Feedline
10
1774.05800000
20
2969.47100000
30
0.00000000
0
VERTEX
8
Feedline
10
1774.17300000
20
2970.09100000
30
0.00000000
0
VERTEX
8
Feedline
10
1774.28000000
20
2970.71100000
30
0.00000000
0
VERTEX
8
Feedline
10
1774.37900000
20
2971.33400000
30
0.00000000
0
VERTEX
8
Feedline
10
1774.47000000
20
2971.95800000
30
0.00000000
0
VERTEX
8
Feedline
10
1774.55300000
20
2972.58300000
30
0.00000000
0
VERTEX
8
Feedline
10
1774.62800000
20
2973.20800000
30
0.00000000
0
VERTEX
8
Feedline
10
1774.69600000
20
2973.83400000
30
0.00000000
0
VERTEX
8
Feedline
10
1774.75500000
20
2974.46200000
30
0.00000000
0
VERTEX
8
Feedline
10
1774.80700000
20
2975.09000000
30
0.00000000
0
VERTEX
8
Feedline
10
1774.85100000
20
2975.71800000
30
0.00000000
0
VERTEX
8
Feedline
10
1774.88600000
20
2976.34800000
30
0.00000000
0
VERTEX
8
Feedline
10
1774.91400000
20
2976.97700000
30
0.00000000
0
VERTEX
8
Feedline
10
1774.93400000
20
2977.60800000
30
0.00000000
0
VERTEX
8
Feedline
10
1774.94600000
20
2978.23900000
30
0.00000000
0
VERTEX
8
Feedline
10
1774.95000000
20
2978.86800000
30
0.00000000
0
VERTEX
8
Feedline
10
1774.95000000
20
3299.95000000
30
0.00000000
0
VERTEX
8
Feedline
10
1025.05000000
20
3299.95000000
30
0.00000000
0
SEQEND
8
Feedline
0
POLYLINE
8
Feedline
66
1
10
0.00000000
20
0.00000000
30
0.00000000
70
1
0
VERTEX
8
Feedline
10
1557.12300000
20
-2630.05000000
30
0.00000000
0
VERTEX
8
Feedline
10
1556.92600000
20
-2630.04600000
30
0.00000000
0
VERTEX
8
Feedline
10
1556.72800000
20
-2630.03500000
30
0.00000000
0
VERTEX
8
Feedline
10
1556.53100000
20
-2630.01500000
30
0.00000000
0
VERTEX
8
Feedline
10
1556.33400000
20
-2629.98700000
30
0.00000000
0
VERTEX
8
Feedline
10
1556.13900000
20
-2629.95300000
30
0.00000000
0
VERTEX
8
Feedline
10
1555.94500000
20
-2629.91100000
30
0.00000000
0
VERTEX
8
Feedline
10
1555.75300000
20
-2629.86000000
30
0.00000000
0
VERTEX
8
Feedline
10
1555.56400000
20
-2629.80300000
30
0.00000000
0
VERTEX
8
Feedline
10
1555.37700000
20
-2629.73800000
30
0.00000000
0
VERTEX
8
Feedline
10
1555.19200000
20
-2629.66500000
30
0.00000000
0
VERTEX
8
Feedline
10
1555.01000000
20
-2629.58600000
30
0.00000000
0
VERTEX
8
Feedline
10
1554.83100000
20
-2629.50000000
30
0.00000000
0
VERTEX
8
Feedline
10
1554.65700000
20
-2629.40600000
30
0.00000000
0
VERTEX
8
Feedline
10
1554.48600000
20
-2629.30600000
30
0.00000000
0
VERTEX
8
Feedline
10
1554.31800000
20
-2629.19900000
30
0.00000000
0
VERTEX
8
Feedline
10
1554.15600000
20
-2629.08500000
30
0.00000000
0
VERTEX
8
Feedline
10
1553.99800000
20
-2628.96600000
30
0.00000000
0
VERTEX
8
Feedline
10
1553.84500000
20
-2628.84000000
30
0.00000000
0
VERTEX
8
Feedline
10
1553.69600000
20
-2628.70900000
30
0.00000000
0
VERTEX
8
Feedline
10
1553.55400000
20
-2628.57200000
30
0.00000000
0
VERTEX
8
Feedline
10
1466.51200000
20
-2541.53000000
30
0.00000000
0
VERTEX
8
Feedline
10
1455.97700000
20
-2552.06600000
30
0.00000000
0
VERTEX
8
Feedline
10
1525.34000000
20
-2621.42900000
30
0.00000000
0
VERTEX
8
Feedline
10
1525.48000000
20
-2621.57400000
30
0.00000000
0
VERTEX
8
Feedline
10
1525.61300000
20
-2621.72600000
30
0.00000000
0
VERTEX
8
Feedline
10
1525.74200000
20
-2621.88200000
30
0.00000000
0
VERTEX
8
Feedline
10
1525.86300000
20
-2622.04300000
30
0.00000000
0
VERTEX
8
Feedline
10
1525.97800000
20
-2622.20800000
30
0.00000000
0
VERTEX
8
Feedline
10
1526.08600000
20
-2622.37900000
30
0.00000000
0
VERTEX
8
Feedline
10
1526.18700000
20
-2622.55300000
30
0.00000000
0
VERTEX
8
Feedline
10
1526.28100000
20
-2622.73200000
30
0.00000000
0
VERTEX
8
Feedline
10
1526.36800000
20
-2622.91300000
30
0.00000000
0
VERTEX
8
Feedline
10
1526.44700000
20
-2623.09800000
30
0.00000000
0
VERTEX
8
Feedline
10
1526.51900000
20
-2623.28700000
30
0.00000000
0
VERTEX
8
Feedline
10
1526.58400000
20
-2623.47800000
30
0.00000000
0
VERTEX
8
Feedline
10
1526.64200000
20
-2623.67400000
30
0.00000000
0
VERTEX
8
Feedline
10
1526.69000000
20
-2623.86700000
30
0.00000000
0
VERTEX
8
Feedline
10
1526.73100000
20
-2624.06500000
30
0.00000000
0
VERTEX
8
Feedline
10
1526.76400000
20
-2624.26300000
30
0.00000000
0
VERTEX
8
Feedline
10
1526.79100000
20
-2624.46400000
30
0.00000000
0
VERTEX
8
Feedline
10
1526.80800000
20
-2624.66400000
30
0.00000000
0
VERTEX
8
Feedline
10
1526.81700000
20
-2624.86600000
30
0.00000000
0
VERTEX
8
Feedline
10
1526.81800000
20
-2625.06800000
30
0.00000000
0
VERTEX
8
Feedline
10
1526.81200000
20
-2625.26900000
30
0.00000000
0
VERTEX
8
Feedline
10
1526.79700000
20
-2625.47000000
30
0.00000000
0
VERTEX
8
Feedline
10
1526.77500000
20
-2625.67100000
30
0.00000000
0
VERTEX
8
Feedline
10
1526.74300000
20
-2625.87000000
30
0.00000000
0
VERTEX
8
Feedline
10
1526.70500000
20
-2626.06800000
30
0.00000000
0
VERTEX
8
Feedline
10
1526.65800000
20
-2626.26400000
30
0.00000000
0
VERTEX
8
Feedline
10
1526.60300000
20
-2626.46000000
30
0.00000000
0
VERTEX
8
Feedline
10
1526.54200000
20
-2626.64900000
30
0.00000000
0
VERTEX
8
Feedline
10
1526.47200000
20
-2626.84100000
30
0.00000000
0
VERTEX
8
Feedline
10
1526.39500000
20
-2627.02500000
30
0.00000000
0
VERTEX
8
Feedline
10
1526.31100000
20
-2627.20900000
30
0.00000000
0
VERTEX
8
Feedline
10
1526.21900000
20
-2627.38800000
30
0.00000000
0
VERTEX
8
Feedline
10
1526.12000000
20
-2627.56300000
30
0.00000000
0
VERTEX
8
Feedline
10
1526.01400000
20
-2627.73500000
30
0.00000000
0
VERTEX
8
Feedline
10
1525.90100000
20
-2627.90300000
30
0.00000000
0
VERTEX
8
Feedline
10
1525.78200000
20
-2628.06500000
30
0.00000000
0
VERTEX
8
Feedline
10
1525.65700000
20
-2628.22300000
30
0.00000000
0
VERTEX
8
Feedline
10
1525.52500000
20
-2628.37500000
30
0.00000000
0
VERTEX
8
Feedline
10
1525.38700000
20
-2628.52300000
30
0.00000000
0
VERTEX
8
Feedline
10
1525.24300000
20
-2628.66400000
30
0.00000000
0
VERTEX
8
Feedline
10
1525.09400000
20
-2628.80100000
30
0.00000000
0
VERTEX
8
Feedline
10
1524.94000000
20
-2628.93000000
30
0.00000000
0
VERTEX
8
Feedline
10
1524.78100000
20
-2629.05400000
30
0.00000000
0
VERTEX
8
Feedline
10
1524.61600000
20
-2629.17000000
30
0.00000000
0
VERTEX
8
Feedline
10
1524.44800000
20
-2629.28100000
30
0.00000000
0
VERTEX
8
Feedline
10
1524.27500000
20
-2629.38400000
30
0.00000000
0
VERTEX
8
Feedline
10
1524.09700000
20
-2629.48100000
30
0.00000000
0
VERTEX
8
Feedline
10
1523.91600000
20
-2629.57000000
30
0.00000000
0
VERTEX
8
Feedline
10
1523.73300000
20
-2629.65300000
30
0.00000000
0
VERTEX
8
Feedline
10
1523.54600000
20
-2629.72800000
30
0.00000000
0
VERTEX
8
Feedline
10
1523.35500000
20
-2629.79400000
30
0.00000000
0
VERTEX
8
Feedline
10
1523.16300000
20
-2629.85400000
30
0.00000000
0
VERTEX
8
Feedline
10
1522.96800000
20
-2629.90600000
30
0.00000000
0
VERTEX
8
Feedline
10
1522.77100000
20
-2629.95000000
30
0.00000000
0
VERTEX
8
Feedline
10
1522.57200000
20
-2629.98500000
30
0.00000000
0
VERTEX
8
Feedline
10
1522.37300000
20
-2630.01400000
30
0.00000000
0
VERTEX
8
Feedline
10
1522.17200000
20
-2630.03400000
30
0.00000000
0
VERTEX
8
Feedline
10
1521.96900000
20
-2630.04600000
30
0.00000000
0
VERTEX
8
Feedline
10
1521.76900000
20
-2630.05000000
30
0.00000000
0
VERTEX
8
Feedline
10
1203.57000000
20
-2630.05000000
30
0.00000000
0
VERTEX
8
Feedline
10
1203.37300000
20
-2630.04600000
30
0.00000000
0
VERTEX
8
Feedline
10
1203.17500000
20
-2630.03500000
30
0.00000000
0
VERTEX
8
Feedline
10
1202.97700000
20
-2630.01500000
30
0.00000000
0
VERTEX
8
Feedline
10
1202.78100000
20
-2629.98700000
30
0.00000000
0
VERTEX
8
Feedline
10
1202.58500000
20
-2629.95300000
30
0.00000000
0
VERTEX
8
Feedline
10
1202.39200000
20
-2629.91100000
30
0.00000000
0
VERTEX
8
Feedline
10
1202.20000000
20
-2629.86000000
30
0.00000000
0
VERTEX
8
Feedline
10
1202.01100000
20
-2629.80300000
30
0.00000000
0
VERTEX
8
Feedline
10
1201.82300000
20
-2629.73800000
30
0.00000000
0
VERTEX
8
Feedline
10
1201.63800000
20
-2629.66500000
30
0.00000000
0
VERTEX
8
Feedline
10
1201.45700000
20
-2629.58600000
30
0.00000000
0
VERTEX
8
Feedline
10
1201.27800000
20
-2629.50000000
30
0.00000000
0
VERTEX
8
Feedline
10
1201.10400000
20
-2629.40600000
30
0.00000000
0
VERTEX
8
Feedline
10
1200.93200000
20
-2629.30600000
30
0.00000000
0
VERTEX
8
Feedline
10
1200.76500000
20
-2629.19900000
30
0.00000000
0
VERTEX
8
Feedline
10
1200.60300000
20
-2629.08600000
30
0.00000000
0
VERTEX
8
Feedline
10
1200.44400000
20
-2628.96600000
30
0.00000000
0
VERTEX
8
Feedline
10
1200.29100000
20
-2628.84000000
30
0.00000000
0
VERTEX
8
Feedline
10
1200.14300000
20
-2628.70900000
30
0.00000000
0
VERTEX
8
Feedline
10
1200.00000000
20
-2628.57200000
30
0.00000000
0
VERTEX
8
Feedline
10
1112.95900000
20
-2541.53000000
30
0.00000000
0
VERTEX
8
Feedline
10
1102.42300000
20
-2552.06600000
30
0.00000000
0
VERTEX
8
Feedline
10
1171.78700000
20
-2621.42900000
30
0.00000000
0
VERTEX
8
Feedline
10
1171.92600000
20
-2621.57400000
30
0.00000000
0
VERTEX
8
Feedline
10
1172.06000000
20
-2621.72600000
30
0.00000000
0
VERTEX
8
Feedline
10
1172.18900000
20
-2621.88300000
30
0.00000000
0
VERTEX
8
Feedline
10
1172.30900000
20
-2622.04300000
30
0.00000000
0
VERTEX
8
Feedline
10
1172.42400000
20
-2622.20800000
30
0.00000000
0
VERTEX
8
Feedline
10
1172.53200000
20
-2622.37900000
30
0.00000000
0
VERTEX
8
Feedline
10
1172.63300000
20
-2622.55300000
30
0.00000000
0
VERTEX
8
Feedline
10
1172.72800000
20
-2622.73100000
30
0.00000000
0
VERTEX
8
Feedline
10
1172.81500000
20
-2622.91300000
30
0.00000000
0
VERTEX
8
Feedline
10
1172.89400000
20
-2623.09800000
30
0.00000000
0
VERTEX
8
Feedline
10
1172.96600000
20
-2623.28700000
30
0.00000000
0
VERTEX
8
Feedline
10
1173.03100000
20
-2623.47800000
30
0.00000000
0
VERTEX
8
Feedline
10
1173.08800000
20
-2623.67400000
30
0.00000000
0
VERTEX
8
Feedline
10
1173.13700000
20
-2623.86700000
30
0.00000000
0
VERTEX
8
Feedline
10
1173.17800000
20
-2624.06500000
30
0.00000000
0
VERTEX
8
Feedline
10
1173.21100000
20
-2624.26300000
30
0.00000000
0
VERTEX
8
Feedline
10
1173.23700000
20
-2624.46400000
30
0.00000000
0
VERTEX
8
Feedline
10
1173.25400000
20
-2624.66400000
30
0.00000000
0
VERTEX
8
Feedline
10
1173.26400000
20
-2624.86600000
30
0.00000000
0
VERTEX
8
Feedline
10
1173.26500000
20
-2625.06800000
30
0.00000000
0
VERTEX
8
Feedline
10
1173.25800000
20
-2625.26900000
30
0.00000000
0
VERTEX
8
Feedline
10
1173.24400000
20
-2625.47000000
30
0.00000000
0
VERTEX
8
Feedline
10
1173.22100000
20
-2625.67100000
30
0.00000000
0
VERTEX
8
Feedline
10
1173.19000000
20
-2625.87000000
30
0.00000000
0
VERTEX
8
Feedline
10
1173.15200000
20
-2626.06800000
30
0.00000000
0
VERTEX
8
Feedline
10
1173.10400000
20
-2626.26400000
30
0.00000000
0
VERTEX
8
Feedline
10
1173.05100000
20
-2626.45700000
30
0.00000000
0
VERTEX
8
Feedline
10
1172.98800000
20
-2626.64900000
30
0.00000000
0
VERTEX
8
Feedline
10
1172.91900000
20
-2626.83900000
30
0.00000000
0
VERTEX
8
Feedline
10
1172.84200000
20
-2627.02500000
30
0.00000000
0
VERTEX
8
Feedline
10
1172.75700000
20
-2627.20900000
30
0.00000000
0
VERTEX
8
Feedline
10
1172.66500000
20
-2627.38800000
30
0.00000000
0
VERTEX
8
Feedline
10
1172.56600000
20
-2627.56300000
30
0.00000000
0
VERTEX
8
Feedline
10
1172.46100000
20
-2627.73500000
30
0.00000000
0
VERTEX
8
Feedline
10
1172.34800000
20
-2627.90300000
30
0.00000000
0
VERTEX
8
Feedline
10
1172.22900000
20
-2628.06500000
30
0.00000000
0
VERTEX
8
Feedline
10
1172.10300000
20
-2628.22300000
30
0.00000000
0
VERTEX
8
Feedline
10
1171.97100000
20
-2628.37500000
30
0.00000000
0
VERTEX
8
Feedline
10
1171.83400000
20
-2628.52300000
30
0.00000000
0
VERTEX
8
Feedline
10
1171.69000000
20
-2628.66400000
30
0.00000000
0
VERTEX
8
Feedline
10
1171.54100000
20
-2628.80100000
30
0.00000000
0
VERTEX
8
Feedline
10
1171.38600000
20
-2628.93000000
30
0.00000000
0
VERTEX
8
Feedline
10
1171.22700000
20
-2629.05400000
30
0.00000000
0
VERTEX
8
Feedline
10
1171.06300000
20
-2629.17000000
30
0.00000000
0
VERTEX
8
Feedline
10
1170.89500000
20
-2629.28100000
30
0.00000000
0
VERTEX
8
Feedline
10
1170.72100000
20
-2629.38400000
30
0.00000000
0
VERTEX
8
Feedline
10
1170.54400000
20
-2629.48100000
30
0.00000000
0
VERTEX
8
Feedline
10
1170.36300000
20
-2629.57000000
30
0.00000000
0
VERTEX
8
Feedline
10
1170.18000000
20
-2629.65300000
30
0.00000000
0
VERTEX
8
Feedline
10
1169.99200000
20
-2629.72800000
30
0.00000000
0
VERTEX
8
Feedline
10
1169.80200000
20
-2629.79400000
30
0.00000000
0
VERTEX
8
Feedline
10
1169.60900000
20
-2629.85400000
30
0.00000000
0
VERTEX
8
Feedline
10
1169.41400000
20
-2629.90600000
30
0.00000000
0
VERTEX
8
Feedline
10
1169.21700000
20
-2629.95000000
30
0.00000000
0
VERTEX
8
Feedline
10
1169.01900000
20
-2629.98500000
30
0.00000000
0
VERTEX
8
Feedline
10
1168.81900000
20
-2630.01400000
30
0.00000000
0
VERTEX
8
Feedline
10
1168.61800000
20
-2630.03400000
30
0.00000000
0
VERTEX
8
Feedline
10
1168.41500000
20
-2630.04600000
30
0.00000000
0
VERTEX
8
Feedline
10
1168.21600000
20
-2630.05000000
30
0.00000000
0
VERTEX
8
Feedline
10
866.91700000
20
-2630.05000000
30
0.00000000
0
VERTEX
8
Feedline
10
866.91700000
20
-2647.95000000
30
0.00000000
0
VERTEX
8
Feedline
10
1165.31600000
20
-2647.95000000
30
0.00000000
0
VERTEX
8
Feedline
10
1165.67100000
20
-2647.94600000
30
0.00000000
0
VERTEX
8
Feedline
10
1166.02500000
20
-2647.93400000
30
0.00000000
0
VERTEX
8
Feedline
10
1166.37900000
20
-2647.91400000
30
0.00000000
0
VERTEX
8
Feedline
10
1166.73300000
20
-2647.88700000
30
0.00000000
0
VERTEX
8
Feedline
10
1167.08500000
20
-2647.85100000
30
0.00000000
0
VERTEX
8
Feedline
10
1167.43700000
20
-2647.80800000
30
0.00000000
0
VERTEX
8
Feedline
10
1167.78800000
20
-2647.75800000
30
0.00000000
0
VERTEX
8
Feedline
10
1168.13700000
20
-2647.69900000
30
0.00000000
0
VERTEX
8
Feedline
10
1168.48600000
20
-2647.63200000
30
0.00000000
0
VERTEX
8
Feedline
10
1168.83200000
20
-2647.55700000
30
0.00000000
0
VERTEX
8
Feedline
10
1169.17700000
20
-2647.47500000
30
0.00000000
0
VERTEX
8
Feedline
10
1169.52000000
20
-2647.38600000
30
0.00000000
0
VERTEX
8
Feedline
10
1169.86100000
20
-2647.28900000
30
0.00000000
0
VERTEX
8
Feedline
10
1170.20000000
20
-2647.18300000
30
0.00000000
0
VERTEX
8
Feedline
10
1170.54400000
20
-2647.06900000
30
0.00000000
0
VERTEX
8
Feedline
10
1170.87000000
20
-2646.95200000
30
0.00000000
0
VERTEX
8
Feedline
10
1171.20100000
20
-2646.82500000
30
0.00000000
0
VERTEX
8
Feedline
10
1171.52900000
20
-2646.69000000
30
0.00000000
0
VERTEX
8
Feedline
10
1171.85400000
20
-2646.54800000
30
0.00000000
0
VERTEX
8
Feedline
10
1172.17500000
20
-2646.40000000
30
0.00000000
0
VERTEX
8
Feedline
10
1172.50000000
20
-2646.24000000
30
0.00000000
0
VERTEX
8
Feedline
10
1172.80900000
20
-2646.08100000
30
0.00000000
0
VERTEX
8
Feedline
10
1173.12000000
20
-2645.91000000
30
0.00000000
0
VERTEX
8
Feedline
10
1173.42800000
20
-2645.73400000
30
0.00000000
0
VERTEX
8
Feedline
10
1173.73100000
20
-2645.55000000
30
0.00000000
0
VERTEX
8
Feedline
10
1174.03000000
20
-2645.35900000
30
0.00000000
0
VERTEX
8
Feedline
10
1174.32400000
20
-2645.16300000
30
0.00000000
0
VERTEX
8
Feedline
10
1174.61500000
20
-2644.95900000
30
0.00000000
0
VERTEX
8
Feedline
10
1174.90000000
20
-2644.74900000
30
0.00000000
0
VERTEX
8
Feedline
10
1175.18100000
20
-2644.53300000
30
0.00000000
0
VERTEX
8
Feedline
10
1175.45700000
20
-2644.31000000
30
0.00000000
0
VERTEX
8
Feedline
10
1175.72800000
20
-2644.08200000
30
0.00000000
0
VERTEX
8
Feedline
10
1175.99500000
20
-2643.84800000
30
0.00000000
0
VERTEX
8
Feedline
10
1176.25600000
20
-2643.60800000
30
0.00000000
0
VERTEX
8
Feedline
10
1176.51100000
20
-2643.36100000
30
0.00000000
0
VERTEX
8
Feedline
10
1176.76000000
20
-2643.11000000
30
0.00000000
0
VERTEX
8
Feedline
10
1177.00400000
20
-2642.85300000
30
0.00000000
0
VERTEX
8
Feedline
10
1177.24300000
20
-2642.59100000
30
0.00000000
0
VERTEX
8
Feedline
10
1177.47500000
20
-2642.32300000
30
0.00000000
0
VERTEX
8
Feedline
10
1177.70100000
20
-2642.04900000
30
0.00000000
0
VERTEX
8
Feedline
10
1177.92100000
20
-2641.77200000
30
0.00000000
0
VERTEX
8
Feedline
10
1178.13600000
20
-2641.48900000
30
0.00000000
0
VERTEX
8
Feedline
10
1178.34400000
20
-2641.20200000
30
0.00000000
0
VERTEX
8
Feedline
10
1178.54600000
20
-2640.91000000
30
0.00000000
0
VERTEX
8
Feedline
10
1178.74000000
20
-2640.61400000
30
0.00000000
0
VERTEX
8
Feedline
10
1178.92800000
20
-2640.31400000
30
0.00000000
0
VERTEX
8
Feedline
10
1179.11000000
20
-2640.00900000
30
0.00000000
0
VERTEX
8
Feedline
10
1179.28400000
20
-2639.70100000
30
0.00000000
0
VERTEX
8
Feedline
10
1179.45200000
20
-2639.38800000
30
0.00000000
0
VERTEX
8
Feedline
10
1179.61200000
20
-2639.07200000
30
0.00000000
0
VERTEX
8
Feedline
10
1179.76600000
20
-2638.75300000
30
0.00000000
0
VERTEX
8
Feedline
10
1179.91200000
20
-2638.43000000
30
0.00000000
0
VERTEX
8
Feedline
10
1180.05200000
20
-2638.10400000
30
0.00000000
0
VERTEX
8
Feedline
10
1180.18400000
20
-2637.77500000
30
0.00000000
0
VERTEX
8
Feedline
10
1180.30900000
20
-2637.44300000
30
0.00000000
0
VERTEX
8
Feedline
10
1180.42600000
20
-2637.10800000
30
0.00000000
0
VERTEX
8
Feedline
10
1180.53500000
20
-2636.77100000
30
0.00000000
0
VERTEX
8
Feedline
10
1180.63800000
20
-2636.43200000
30
0.00000000
0
VERTEX
8
Feedline
10
1180.73300000
20
-2636.09000000
30
0.00000000
0
VERTEX
8
Feedline
10
1180.81900000
20
-2635.74600000
30
0.00000000
0
VERTEX
8
Feedline
10
1180.89900000
20
-2635.40100000
30
0.00000000
0
VERTEX
8
Feedline
10
1180.97100000
20
-2635.05300000
30
0.00000000
0
VERTEX
8
Feedline
10
1181.03500000
20
-2634.70400000
30
0.00000000
0
VERTEX
8
Feedline
10
1181.09200000
20
-2634.35500000
30
0.00000000
0
VERTEX
8
Feedline
10
1181.13900000
20
-2634.00400000
30
0.00000000
0
VERTEX
8
Feedline
10
1181.18000000
20
-2633.65200000
30
0.00000000
0
VERTEX
8
Feedline
10
1181.21300000
20
-2633.29900000
30
0.00000000
0
VERTEX
8
Feedline
10
1181.23800000
20
-2632.94500000
30
0.00000000
0
VERTEX
8
Feedline
10
1181.25500000
20
-2632.59100000
30
0.00000000
0
VERTEX
8
Feedline
10
1181.26400000
20
-2632.23600000
30
0.00000000
0
VERTEX
8
Feedline
10
1181.26600000
20
-2631.88100000
30
0.00000000
0
VERTEX
8
Feedline
10
1181.25900000
20
-2631.52700000
30
0.00000000
0
VERTEX
8
Feedline
10
1181.24500000
20
-2631.17400000
30
0.00000000
0
VERTEX
8
Feedline
10
1181.22200000
20
-2630.82000000
30
0.00000000
0
VERTEX
8
Feedline
10
1181.19200000
20
-2630.46600000
30
0.00000000
0
VERTEX
8
Feedline
10
1181.15400000
20
-2630.11400000
30
0.00000000
0
VERTEX
8
Feedline
10
1181.10800000
20
-2629.76200000
30
0.00000000
0
VERTEX
8
Feedline
10
1181.05500000
20
-2629.41100000
30
0.00000000
0
VERTEX
8
Feedline
10
1180.99300000
20
-2629.06200000
30
0.00000000
0
VERTEX
8
Feedline
10
1180.92400000
20
-2628.71400000
30
0.00000000
0
VERTEX
8
Feedline
10
1180.84700000
20
-2628.36800000
30
0.00000000
0
VERTEX
8
Feedline
10
1180.76300000
20
-2628.02400000
30
0.00000000
0
VERTEX
8
Feedline
10
1180.67100000
20
-2627.68200000
30
0.00000000
0
VERTEX
8
Feedline
10
1180.57000000
20
-2627.34200000
30
0.00000000
0
VERTEX
8
Feedline
10
1180.46300000
20
-2627.00400000
30
0.00000000
0
VERTEX
8
Feedline
10
1180.34900000
20
-2626.66900000
30
0.00000000
0
VERTEX
8
Feedline
10
1180.22600000
20
-2626.33600000
30
0.00000000
0
VERTEX
8
Feedline
10
1180.09700000
20
-2626.00600000
30
0.00000000
0
VERTEX
8
Feedline
10
1179.96000000
20
-2625.67900000
30
0.00000000
0
VERTEX
8
Feedline
10
1179.81600000
20
-2625.35500000
30
0.00000000
0
VERTEX
8
Feedline
10
1179.66400000
20
-2625.03400000
30
0.00000000
0
VERTEX
8
Feedline
10
1179.50600000
20
-2624.71700000
30
0.00000000
0
VERTEX
8
Feedline
10
1179.34100000
20
-2624.40300000
30
0.00000000
0
VERTEX
8
Feedline
10
1179.16900000
20
-2624.09400000
30
0.00000000
0
VERTEX
8
Feedline
10
1178.98900000
20
-2623.78800000
30
0.00000000
0
VERTEX
8
Feedline
10
1178.80400000
20
-2623.48600000
30
0.00000000
0
VERTEX
8
Feedline
10
1178.61000000
20
-2623.18800000
30
0.00000000
0
VERTEX
8
Feedline
10
1178.41200000
20
-2622.89500000
30
0.00000000
0
VERTEX
8
Feedline
10
1178.20600000
20
-2622.60500000
30
0.00000000
0
VERTEX
8
Feedline
10
1177.99400000
20
-2622.32100000
30
0.00000000
0
VERTEX
8
Feedline
10
1177.77600000
20
-2622.04200000
30
0.00000000
0
VERTEX
8
Feedline
10
1177.55200000
20
-2621.76800000
30
0.00000000
0
VERTEX
8
Feedline
10
1177.32100000
20
-2621.49800000
30
0.00000000
0
VERTEX
8
Feedline
10
1177.08400000
20
-2621.23400000
30
0.00000000
0
VERTEX
8
Feedline
10
1176.84200000
20
-2620.97600000
30
0.00000000
0
VERTEX
8
Feedline
10
1176.59400000
20
-2620.72100000
30
0.00000000
0
VERTEX
8
Feedline
10
1105.81700000
20
-2549.94400000
30
0.00000000
0
VERTEX
8
Feedline
10
1110.83800000
20
-2544.92400000
30
0.00000000
0
VERTEX
8
Feedline
10
1209.19200000
20
-2643.27800000
30
0.00000000
0
VERTEX
8
Feedline
10
1209.44100000
20
-2643.52200000
30
0.00000000
0
VERTEX
8
Feedline
10
1209.69500000
20
-2643.75900000
30
0.00000000
0
VERTEX
8
Feedline
10
1209.95400000
20
-2643.99100000
30
0.00000000
0
VERTEX
8
Feedline
10
1210.21800000
20
-2644.21900000
30
0.00000000
0
VERTEX
8
Feedline
10
1210.48700000
20
-2644.43900000
30
0.00000000
0
VERTEX
8
Feedline
10
1210.76000000
20
-2644.65400000
30
0.00000000
0
VERTEX
8
Feedline
10
1211.03900000
20
-2644.86300000
30
0.00000000
0
VERTEX
8
Feedline
10
1211.32200000
20
-2645.06500000
30
0.00000000
0
VERTEX
8
Feedline
10
1211.60900000
20
-2645.26200000
30
0.00000000
0
VERTEX
8
Feedline
10
1211.90100000
20
-2645.45200000
30
0.00000000
0
VERTEX
8
Feedline
10
1212.19600000
20
-2645.63600000
30
0.00000000
0
VERTEX
8
Feedline
10
1212.49500000
20
-2645.81300000
30
0.00000000
0
VERTEX
8
Feedline
10
1212.79900000
20
-2645.98400000
30
0.00000000
0
VERTEX
8
Feedline
10
1213.10500000
20
-2646.14800000
30
0.00000000
0
VERTEX
8
Feedline
10
1213.41600000
20
-2646.30500000
30
0.00000000
0
VERTEX
8
Feedline
10
1213.72900000
20
-2646.45600000
30
0.00000000
0
VERTEX
8
Feedline
10
1214.04600000
20
-2646.59900000
30
0.00000000
0
VERTEX
8
Feedline
10
1214.36600000
20
-2646.73600000
30
0.00000000
0
VERTEX
8
Feedline
10
1214.68900000
20
-2646.86500000
30
0.00000000
0
VERTEX
8
Feedline
10
1215.01700000
20
-2646.98900000
30
0.00000000
0
VERTEX
8
Feedline
10
1215.34300000
20
-2647.10400000
30
0.00000000
0
VERTEX
8
Feedline
10
1215.67400000
20
-2647.21100000
30
0.00000000
0
VERTEX
8
Feedline
10
1216.00700000
20
-2647.31300000
30
0.00000000
0
VERTEX
8
Feedline
10
1216.34700000
20
-2647.40800000
30
0.00000000
0
VERTEX
8
Feedline
10
1216.67900000
20
-2647.49200000
30
0.00000000
0
VERTEX
8
Feedline
10
1217.01800000
20
-2647.57200000
30
0.00000000
0
VERTEX
8
Feedline
10
1217.36100000
20
-2647.64400000
30
0.00000000
0
VERTEX
8
Feedline
10
1217.70100000
20
-2647.70800000
30
0.00000000
0
VERTEX
8
Feedline
10
1218.04400000
20
-2647.76500000
30
0.00000000
0
VERTEX
8
Feedline
10
1218.38900000
20
-2647.81300000
30
0.00000000
0
VERTEX
8
Feedline
10
1218.73400000
20
-2647.85500000
30
0.00000000
0
VERTEX
8
Feedline
10
1219.08000000
20
-2647.88900000
30
0.00000000
0
VERTEX
8
Feedline
10
1219.42700000
20
-2647.91600000
30
0.00000000
0
VERTEX
8
Feedline
10
1219.77400000
20
-2647.93500000
30
0.00000000
0
VERTEX
8
Feedline
10
1220.12200000
20
-2647.94600000
30
0.00000000
0
VERTEX
8
Feedline
10
1220.47000000
20
-2647.95000000
30
0.00000000
0
VERTEX
8
Feedline
10
1518.86900000
20
-2647.95000000
30
0.00000000
0
VERTEX
8
Feedline
10
1519.22400000
20
-2647.94600000
30
0.00000000
0
VERTEX
8
Feedline
10
1519.57900000
20
-2647.93400000
30
0.00000000
0
VERTEX
8
Feedline
10
1519.93300000
20
-2647.91400000
30
0.00000000
0
VERTEX
8
Feedline
10
1520.28600000
20
-2647.88700000
30
0.00000000
0
VERTEX
8
Feedline
10
1520.63800000
20
-2647.85100000
30
0.00000000
0
VERTEX
8
Feedline
10
1520.99200000
20
-2647.80800000
30
0.00000000
0
VERTEX
8
Feedline
10
1521.34100000
20
-2647.75800000
30
0.00000000
0
VERTEX
8
Feedline
10
1521.69100000
20
-2647.69900000
30
0.00000000
0
VERTEX
8
Feedline
10
1522.03900000
20
-2647.63200000
30
0.00000000
0
VERTEX
8
Feedline
10
1522.38600000
20
-2647.55700000
30
0.00000000
0
VERTEX
8
Feedline
10
1522.73100000
20
-2647.47500000
30
0.00000000
0
VERTEX
8
Feedline
10
1523.07400000
20
-2647.38600000
30
0.00000000
0
VERTEX
8
Feedline
10
1523.41500000
20
-2647.28900000
30
0.00000000
0
VERTEX
8
Feedline
10
1523.75400000
20
-2647.18300000
30
0.00000000
0
VERTEX
8
Feedline
10
1524.09700000
20
-2647.06900000
30
0.00000000
0
VERTEX
8
Feedline
10
1524.42400000
20
-2646.95200000
30
0.00000000
0
VERTEX
8
Feedline
10
1524.76400000
20
-2646.82100000
30
0.00000000
0
VERTEX
8
Feedline
10
1525.08300000
20
-2646.69000000
30
0.00000000
0
VERTEX
8
Feedline
10
1525.40800000
20
-2646.54800000
30
0.00000000
0
VERTEX
8
Feedline
10
1525.72800000
20
-2646.40000000
30
0.00000000
0
VERTEX
8
Feedline
10
1526.05500000
20
-2646.24000000
30
0.00000000
0
VERTEX
8
Feedline
10
1526.36800000
20
-2646.07800000
30
0.00000000
0
VERTEX
8
Feedline
10
1526.67400000
20
-2645.91000000
30
0.00000000
0
VERTEX
8
Feedline
10
1526.98100000
20
-2645.73400000
30
0.00000000
0
VERTEX
8
Feedline
10
1527.28400000
20
-2645.55000000
30
0.00000000
0
VERTEX
8
Feedline
10
1527.58300000
20
-2645.35900000
30
0.00000000
0
VERTEX
8
Feedline
10
1527.87800000
20
-2645.16300000
30
0.00000000
0
VERTEX
8
Feedline
10
1528.16800000
20
-2644.95900000
30
0.00000000
0
VERTEX
8
Feedline
10
1528.45400000
20
-2644.74900000
30
0.00000000
0
VERTEX
8
Feedline
10
1528.73500000
20
-2644.53300000
30
0.00000000
0
VERTEX
8
Feedline
10
1529.01100000
20
-2644.31000000
30
0.00000000
0
VERTEX
8
Feedline
10
1529.28200000
20
-2644.08200000
30
0.00000000
0
VERTEX
8
Feedline
10
1529.54800000
20
-2643.84800000
30
0.00000000
0
VERTEX
8
Feedline
10
1529.80900000
20
-2643.60800000
30
0.00000000
0
VERTEX
8
Feedline
10
1530.06400000
20
-2643.36100000
30
0.00000000
0
VERTEX
8
Feedline
10
1530.31400000
20
-2643.11000000
30
0.00000000
0
VERTEX
8
Feedline
10
1530.55700000
20
-2642.85300000
30
0.00000000
0
VERTEX
8
Feedline
10
1530.79700000
20
-2642.59100000
30
0.00000000
0
VERTEX
8
Feedline
10
1531.02900000
20
-2642.32300000
30
0.00000000
0
VERTEX
8
Feedline
10
1531.25500000
20
-2642.04900000
30
0.00000000
0
VERTEX
8
Feedline
10
1531.47500000
20
-2641.77200000
30
0.00000000
0
VERTEX
8
Feedline
10
1531.69000000
20
-2641.48900000
30
0.00000000
0
VERTEX
8
Feedline
10
1531.89700000
20
-2641.20200000
30
0.00000000
0
VERTEX
8
Feedline
10
1532.09900000
20
-2640.91000000
30
0.00000000
0
VERTEX
8
Feedline
10
1532.29300000
20
-2640.61400000
30
0.00000000
0
VERTEX
8
Feedline
10
1532.48100000
20
-2640.31400000
30
0.00000000
0
VERTEX
8
Feedline
10
1532.66300000
20
-2640.00900000
30
0.00000000
0
VERTEX
8
Feedline
10
1532.83700000
20
-2639.70100000
30
0.00000000
0
VERTEX
8
Feedline
10
1533.00500000
20
-2639.38800000
30
0.00000000
0
VERTEX
8
Feedline
10
1533.16600000
20
-2639.07200000
30
0.00000000
0
VERTEX
8
Feedline
10
1533.32000000
20
-2638.75300000
30
0.00000000
0
VERTEX
8
Feedline
10
1533.46600000
20
-2638.43000000
30
0.00000000
0
VERTEX
8
Feedline
10
1533.60600000
20
-2638.10400000
30
0.00000000
0
VERTEX
8
Feedline
10
1533.73700000
20
-2637.77500000
30
0.00000000
0
VERTEX
8
Feedline
10
1533.86200000
20
-2637.44300000
30
0.00000000
0
VERTEX
8
Feedline
10
1533.98000000
20
-2637.10800000
30
0.00000000
0
VERTEX
8
Feedline
10
1534.08900000
20
-2636.77100000
30
0.00000000
0
VERTEX
8
Feedline
10
1534.19100000
20
-2636.43200000
30
0.00000000
0
VERTEX
8
Feedline
10
1534.28600000
20
-2636.09000000
30
0.00000000
0
VERTEX
8
Feedline
10
1534.37300000
20
-2635.74600000
30
0.00000000
0
VERTEX
8
Feedline
10
1534.45300000
20
-2635.40100000
30
0.00000000
0
VERTEX
8
Feedline
10
1534.52400000
20
-2635.05300000
30
0.00000000
0
VERTEX
8
Feedline
10
1534.58900000
20
-2634.70400000
30
0.00000000
0
VERTEX
8
Feedline
10
1534.64500000
20
-2634.35500000
30
0.00000000
0
VERTEX
8
Feedline
10
1534.69300000
20
-2634.00400000
30
0.00000000
0
VERTEX
8
Feedline
10
1534.73300000
20
-2633.65200000
30
0.00000000
0
VERTEX
8
Feedline
10
1534.76600000
20
-2633.29900000
30
0.00000000
0
VERTEX
8
Feedline
10
1534.79100000
20
-2632.94500000
30
0.00000000
0
VERTEX
8
Feedline
10
1534.80800000
20
-2632.59100000
30
0.00000000
0
VERTEX
8
Feedline
10
1534.81800000
20
-2632.23600000
30
0.00000000
0
VERTEX
8
Feedline
10
1534.81900000
20
-2631.88100000
30
0.00000000
0
VERTEX
8
Feedline
10
1534.81200000
20
-2631.52700000
30
0.00000000
0
VERTEX
8
Feedline
10
1534.79800000
20
-2631.17400000
30
0.00000000
0
VERTEX
8
Feedline
10
1534.77600000
20
-2630.82000000
30
0.00000000
0
VERTEX
8
Feedline
10
1534.74500000
20
-2630.46600000
30
0.00000000
0
VERTEX
8
Feedline
10
1534.70700000
20
-2630.11400000
30
0.00000000
0
VERTEX
8
Feedline
10
1534.66100000
20
-2629.76200000
30
0.00000000
0
VERTEX
8
Feedline
10
1534.60800000
20
-2629.41100000
30
0.00000000
0
VERTEX
8
Feedline
10
1534.54700000
20
-2629.06200000
30
0.00000000
0
VERTEX
8
Feedline
10
1534.47700000
20
-2628.71400000
30
0.00000000
0
VERTEX
8
Feedline
10
1534.40000000
20
-2628.36800000
30
0.00000000
0
VERTEX
8
Feedline
10
1534.31600000
20
-2628.02400000
30
0.00000000
0
VERTEX
8
Feedline
10
1534.22400000
20
-2627.68100000
30
0.00000000
0
VERTEX
8
Feedline
10
1534.12400000
20
-2627.34200000
30
0.00000000
0
VERTEX
8
Feedline
10
1534.01700000
20
-2627.00400000
30
0.00000000
0
VERTEX
8
Feedline
10
1533.90200000
20
-2626.66900000
30
0.00000000
0
VERTEX
8
Feedline
10
1533.77900000
20
-2626.33600000
30
0.00000000
0
VERTEX
8
Feedline
10
1533.65000000
20
-2626.00600000
30
0.00000000
0
VERTEX
8
Feedline
10
1533.51300000
20
-2625.67900000
30
0.00000000
0
VERTEX
8
Feedline
10
1533.37000000
20
-2625.35500000
30
0.00000000
0
VERTEX
8
Feedline
10
1533.21800000
20
-2625.03400000
30
0.00000000
0
VERTEX
8
Feedline
10
1533.06000000
20
-2624.71700000
30
0.00000000
0
VERTEX
8
Feedline
10
1532.89400000
20
-2624.40300000
30
0.00000000
0
VERTEX
8
Feedline
10
1532.72200000
20
-2624.09400000
30
0.00000000
0
VERTEX
8
Feedline
10
1532.54200000
20
-2623.78800000
30
0.00000000
0
VERTEX
8
Feedline
10
1532.35700000
20
-2623.48600000
30
0.00000000
0
VERTEX
8
Feedline
10
1532.16400000
20
-2623.18800000
30
0.00000000
0
VERTEX
8
Feedline
10
1531.96500000
20
-2622.89500000
30
0.00000000
0
VERTEX
8
Feedline
10
1531.76000000
20
-2622.60500000
30
0.00000000
0
VERTEX
8
Feedline
10
1531.54700000
20
-2622.32100000
30
0.00000000
0
VERTEX
8
Feedline
10
1531.32900000
20
-2622.04200000
30
0.00000000
0
VERTEX
8
Feedline
10
1531.10500000
20
-2621.76800000
30
0.00000000
0
VERTEX
8
Feedline
10
1530.87100000
20
-2621.49400000
30
0.00000000
0
VERTEX
8
Feedline
10
1530.63800000
20
-2621.23400000
30
0.00000000
0
VERTEX
8
Feedline
10
1530.39600000
20
-2620.97600000
30
0.00000000
0
VERTEX
8
Feedline
10
1530.14700000
20
-2620.72100000
30
0.00000000
0
VERTEX
8
Feedline
10
1459.37000000
20
-2549.94400000
30
0.00000000
0
VERTEX
8
Feedline
10
1464.39100000
20
-2544.92400000
30
0.00000000
0
VERTEX
8
Feedline
10
1562.74500000
20
-2643.27800000
30
0.00000000
0
VERTEX
8
Feedline
10
1562.99500000
20
-2643.52200000
30
0.00000000
0
VERTEX
8
Feedline
10
1563.24800000
20
-2643.75900000
30
0.00000000
0
VERTEX
8
Feedline
10
1563.50700000
20
-2643.99100000
30
0.00000000
0
VERTEX
8
Feedline
10
1563.77100000
20
-2644.21900000
30
0.00000000
0
VERTEX
8
Feedline
10
1564.04000000
20
-2644.43900000
30
0.00000000
0
VERTEX
8
Feedline
10
1564.31400000
20
-2644.65400000
30
0.00000000
0
VERTEX
8
Feedline
10
1564.59300000
20
-2644.86300000
30
0.00000000
0
VERTEX
8
Feedline
10
1564.87600000
20
-2645.06500000
30
0.00000000
0
VERTEX
8
Feedline
10
1565.16300000
20
-2645.26200000
30
0.00000000
0
VERTEX
8
Feedline
10
1565.45400000
20
-2645.45200000
30
0.00000000
0
VERTEX
8
Feedline
10
1565.74900000
20
-2645.63600000
30
0.00000000
0
VERTEX
8
Feedline
10
1566.04900000
20
-2645.81300000
30
0.00000000
0
VERTEX
8
Feedline
10
1566.35200000
20
-2645.98400000
30
0.00000000
0
VERTEX
8
Feedline
10
1566.65900000
20
-2646.14800000
30
0.00000000
0
VERTEX
8
Feedline
10
1566.96900000
20
-2646.30500000
30
0.00000000
0
VERTEX
8
Feedline
10
1567.28300000
20
-2646.45600000
30
0.00000000
0
VERTEX
8
Feedline
10
1567.60000000
20
-2646.59900000
30
0.00000000
0
VERTEX
8
Feedline
10
1567.92000000
20
-2646.73600000
30
0.00000000
0
VERTEX
8
Feedline
10
1568.24300000
20
-2646.86500000
30
0.00000000
0
VERTEX
8
Feedline
10
1568.56800000
20
-2646.98800000
30
0.00000000
0
VERTEX
8
Feedline
10
1568.89700000
20
-2647.10400000
30
0.00000000
0
VERTEX
8
Feedline
10
1569.22700000
20
-2647.21100000
30
0.00000000
0
VERTEX
8
Feedline
10
1569.56100000
20
-2647.31300000
30
0.00000000
0
VERTEX
8
Feedline
10
1569.89600000
20
-2647.40700000
30
0.00000000
0
VERTEX
8
Feedline
10
1570.23300000
20
-2647.49200000
30
0.00000000
0
VERTEX
8
Feedline
10
1570.57200000
20
-2647.57200000
30
0.00000000
0
VERTEX
8
Feedline
10
1570.91200000
20
-2647.64400000
30
0.00000000
0
VERTEX
8
Feedline
10
1571.25400000
20
-2647.70800000
30
0.00000000
0
VERTEX
8
Feedline
10
1571.59800000
20
-2647.76500000
30
0.00000000
0
VERTEX
8
Feedline
10
1571.94200000
20
-2647.81300000
30
0.00000000
0
VERTEX
8
Feedline
10
1572.28700000
20
-2647.85500000
30
0.00000000
0
VERTEX
8
Feedline
10
1572.63300000
20
-2647.88900000
30
0.00000000
0
VERTEX
8
Feedline
10
1572.98000000
20
-2647.91600000
30
0.00000000
0
VERTEX
8
Feedline
10
1573.32800000
20
-2647.93500000
30
0.00000000
0
VERTEX
8
Feedline
10
1573.67600000
20
-2647.94600000
30
0.00000000
0
VERTEX
8
Feedline
10
1574.02400000
20
-2647.95000000
30
0.00000000
0
VERTEX
8
Feedline
10
1872.42300000
20
-2647.95000000
30
0.00000000
0
VERTEX
8
Feedline
10
1872.77700000
20
-2647.94600000
30
0.00000000
0
VERTEX
8
Feedline
10
1873.13200000
20
-2647.93400000
30
0.00000000
0
VERTEX
8
Feedline
10
1873.48600000
20
-2647.91400000
30
0.00000000
0
VERTEX
8
Feedline
10
1873.84000000
20
-2647.88700000
30
0.00000000
0
VERTEX
8
Feedline
10
1874.19100000
20
-2647.85100000
30
0.00000000
0
VERTEX
8
Feedline
10
1874.54300000
20
-2647.80800000
30
0.00000000
0
VERTEX
8
Feedline
10
1874.89400000
20
-2647.75800000
30
0.00000000
0
VERTEX
8
Feedline
10
1875.24400000
20
-2647.69900000
30
0.00000000
0
VERTEX
8
Feedline
10
1875.59200000
20
-2647.63200000
30
0.00000000
0
VERTEX
8
Feedline
10
1875.93900000
20
-2647.55700000
30
0.00000000
0
VERTEX
8
Feedline
10
1876.28400000
20
-2647.47500000
30
0.00000000
0
VERTEX
8
Feedline
10
1876.62700000
20
-2647.38600000
30
0.00000000
0
VERTEX
8
Feedline
10
1876.96800000
20
-2647.28900000
30
0.00000000
0
VERTEX
8
Feedline
10
1877.30700000
20
-2647.18300000
30
0.00000000
0
VERTEX
8
Feedline
10
1877.64300000
20
-2647.07200000
30
0.00000000
0
VERTEX
8
Feedline
10
1877.97700000
20
-2646.95200000
30
0.00000000
0
VERTEX
8
Feedline
10
1878.30800000
20
-2646.82500000
30
0.00000000
0
VERTEX
8
Feedline
10
1878.63600000
20
-2646.69000000
30
0.00000000
0
VERTEX
8
Feedline
10
1878.96100000
20
-2646.54800000
30
0.00000000
0
VERTEX
8
Feedline
10
1879.28200000
20
-2646.40000000
30
0.00000000
0
VERTEX
8
Feedline
10
1879.60700000
20
-2646.24000000
30
0.00000000
0
VERTEX
8
Feedline
10
1879.91600000
20
-2646.08100000
30
0.00000000
0
VERTEX
8
Feedline
10
1880.22700000
20
-2645.91000000
30
0.00000000
0
VERTEX
8
Feedline
10
1880.53400000
20
-2645.73400000
30
0.00000000
0
VERTEX
8
Feedline
10
1880.83800000
20
-2645.55000000
30
0.00000000
0
VERTEX
8
Feedline
10
1881.13700000
20
-2645.35900000
30
0.00000000
0
VERTEX
8
Feedline
10
1881.43100000
20
-2645.16300000
30
0.00000000
0
VERTEX
8
Feedline
10
1881.72200000
20
-2644.95900000
30
0.00000000
0
VERTEX
8
Feedline
10
1882.00700000
20
-2644.74900000
30
0.00000000
0
VERTEX
8
Feedline
10
1882.28800000
20
-2644.53300000
30
0.00000000
0
VERTEX
8
Feedline
10
1882.56400000
20
-2644.31000000
30
0.00000000
0
VERTEX
8
Feedline
10
1882.83500000
20
-2644.08200000
30
0.00000000
0
VERTEX
8
Feedline
10
1883.10200000
20
-2643.84800000
30
0.00000000
0
VERTEX
8
Feedline
10
1883.36200000
20
-2643.60800000
30
0.00000000
0
VERTEX
8
Feedline
10
1883.61700000
20
-2643.36100000
30
0.00000000
0
VERTEX
8
Feedline
10
1883.86700000
20
-2643.11000000
30
0.00000000
0
VERTEX
8
Feedline
10
1884.11100000
20
-2642.85300000
30
0.00000000
0
VERTEX
8
Feedline
10
1884.35000000
20
-2642.59100000
30
0.00000000
0
VERTEX
8
Feedline
10
1884.58200000
20
-2642.32300000
30
0.00000000
0
VERTEX
8
Feedline
10
1884.80800000
20
-2642.04900000
30
0.00000000
0
VERTEX
8
Feedline
10
1885.02800000
20
-2641.77200000
30
0.00000000
0
VERTEX
8
Feedline
10
1885.24300000
20
-2641.48900000
30
0.00000000
0
VERTEX
8
Feedline
10
1885.45000000
20
-2641.20200000
30
0.00000000
0
VERTEX
8
Feedline
10
1885.65200000
20
-2640.91000000
30
0.00000000
0
VERTEX
8
Feedline
10
1885.84700000
20
-2640.61400000
30
0.00000000
0
VERTEX
8
Feedline
10
1886.03400000
20
-2640.31400000
30
0.00000000
0
VERTEX
8
Feedline
10
1886.21600000
20
-2640.00900000
30
0.00000000
0
VERTEX
8
Feedline
10
1886.39100000
20
-2639.70100000
30
0.00000000
0
VERTEX
8
Feedline
10
1886.55900000
20
-2639.38800000
30
0.00000000
0
VERTEX
8
Feedline
10
1886.71900000
20
-2639.07200000
30
0.00000000
0
VERTEX
8
Feedline
10
1886.87300000
20
-2638.75300000
30
0.00000000
0
VERTEX
8
Feedline
10
1887.01900000
20
-2638.43000000
30
0.00000000
0
VERTEX
8
Feedline
10
1887.15900000
20
-2638.10400000
30
0.00000000
0
VERTEX
8
Feedline
10
1887.29000000
20
-2637.77500000
30
0.00000000
0
VERTEX
8
Feedline
10
1887.41500000
20
-2637.44300000
30
0.00000000
0
VERTEX
8
Feedline
10
1887.53300000
20
-2637.10800000
30
0.00000000
0
VERTEX
8
Feedline
10
1887.64200000
20
-2636.77100000
30
0.00000000
0
VERTEX
8
Feedline
10
1887.74500000
20
-2636.43200000
30
0.00000000
0
VERTEX
8
Feedline
10
1887.84000000
20
-2636.09000000
30
0.00000000
0
VERTEX
8
Feedline
10
1887.92600000
20
-2635.74600000
30
0.00000000
0
VERTEX
8
Feedline
10
1888.00600000
20
-2635.40100000
30
0.00000000
0
VERTEX
8
Feedline
10
1888.07800000
20
-2635.05300000
30
0.00000000
0
VERTEX
8
Feedline
10
1888.14200000
20
-2634.70500000
30
0.00000000
0
VERTEX
8
Feedline
10
1888.19800000
20
-2634.35500000
30
0.00000000
0
VERTEX
8
Feedline
10
1888.24600000
20
-2634.00400000
30
0.00000000
0
VERTEX
8
Feedline
10
1888.28700000
20
-2633.65200000
30
0.00000000
0
VERTEX
8
Feedline
10
1888.32000000
20
-2633.29900000
30
0.00000000
0
VERTEX
8
Feedline
10
1888.34500000
20
-2632.94500000
30
0.00000000
0
VERTEX
8
Feedline
10
1888.36200000
20
-2632.59100000
30
0.00000000
0
VERTEX
8
Feedline
10
1888.37100000
20
-2632.23600000
30
0.00000000
0
VERTEX
8
Feedline
10
1888.37200000
20
-2631.88100000
30
0.00000000
0
VERTEX
8
Feedline
10
1888.36600000
20
-2631.52700000
30
0.00000000
0
VERTEX
8
Feedline
10
1888.35100000
20
-2631.17400000
30
0.00000000
0
VERTEX
8
Feedline
10
1888.32900000
20
-2630.82000000
30
0.00000000
0
VERTEX
8
Feedline
10
1888.29900000
20
-2630.46600000
30
0.00000000
0
VERTEX
8
Feedline
10
1888.26100000
20
-2630.11400000
30
0.00000000
0
VERTEX
8
Feedline
10
1888.21500000
20
-2629.76200000
30
0.00000000
0
VERTEX
8
Feedline
10
1888.16200000
20
-2629.41100000
30
0.00000000
0
VERTEX
8
Feedline
10
1888.10000000
20
-2629.06200000
30
0.00000000
0
VERTEX
8
Feedline
10
1888.03100000
20
-2628.71400000
30
0.00000000
0
VERTEX
8
Feedline
10
1887.95400000
20
-2628.36800000
30
0.00000000
0
VERTEX
8
Feedline
10
1887.87000000
20
-2628.02500000
30
0.00000000
0
VERTEX
8
Feedline
10
1887.77700000
20
-2627.68200000
30
0.00000000
0
VERTEX
8
Feedline
10
1887.67700000
20
-2627.34200000
30
0.00000000
0
VERTEX
8
Feedline
10
1887.57100000
20
-2627.00400000
30
0.00000000
0
VERTEX
8
Feedline
10
1887.45500000
20
-2626.66900000
30
0.00000000
0
VERTEX
8
Feedline
10
1887.33300000
20
-2626.33600000
30
0.00000000
0
VERTEX
8
Feedline
10
1887.20400000
20
-2626.00600000
30
0.00000000
0
VERTEX
8
Feedline
10
1887.06700000
20
-2625.67900000
30
0.00000000
0
VERTEX
8
Feedline
10
1886.92300000
20
-2625.35500000
30
0.00000000
0
VERTEX
8
Feedline
10
1886.77100000
20
-2625.03400000
30
0.00000000
0
VERTEX
8
Feedline
10
1886.61300000
20
-2624.71700000
30
0.00000000
0
VERTEX
8
Feedline
10
1886.44700000
20
-2624.40300000
30
0.00000000
0
VERTEX
8
Feedline
10
1886.27600000
20
-2624.09400000
30
0.00000000
0
VERTEX
8
Feedline
10
1886.09600000
20
-2623.78800000
30
0.00000000
0
VERTEX
8
Feedline
10
1885.91000000
20
-2623.48600000
30
0.00000000
0
VERTEX
8
Feedline
10
1885.71700000
20
-2623.18800000
30
0.00000000
0
VERTEX
8
Feedline
10
1885.51800000
20
-2622.89500000
30
0.00000000
0
VERTEX
8
Feedline
10
1885.31300000
20
-2622.60500000
30
0.00000000
0
VERTEX
8
Feedline
10
1885.10100000
20
-2622.32100000
30
0.00000000
0
VERTEX
8
Feedline
10
1884.88300000
20
-2622.04200000
30
0.00000000
0
VERTEX
8
Feedline
10
1884.65800000
20
-2621.76800000
30
0.00000000
0
VERTEX
8
Feedline
10
1884.42700000
20
-2621.49800000
30
0.00000000
0
VERTEX
8
Feedline
10
1884.19100000
20
-2621.23400000
30
0.00000000
0
VERTEX
8
Feedline
10
1883.94900000
20
-2620.97600000
30
0.00000000
0
VERTEX
8
Feedline
10
1883.70100000
20
-2620.72100000
30
0.00000000
0
VERTEX
8
Feedline
10
1812.92400000
20
-2549.94400000
30
0.00000000
0
VERTEX
8
Feedline
10
1817.94400000
20
-2544.92400000
30
0.00000000
0
VERTEX
8
Feedline
10
1916.29800000
20
-2643.27800000
30
0.00000000
0
VERTEX
8
Feedline
10
1916.54800000
20
-2643.52200000
30
0.00000000
0
VERTEX
8
Feedline
10
1916.80200000
20
-2643.75900000
30
0.00000000
0
VERTEX
8
Feedline
10
1917.06100000
20
-2643.99100000
30
0.00000000
0
VERTEX
8
Feedline
10
1917.32500000
20
-2644.21900000
30
0.00000000
0
VERTEX
8
Feedline
10
1917.59300000
20
-2644.43900000
30
0.00000000
0
VERTEX
8
Feedline
10
1917.86700000
20
-2644.65400000
30
0.00000000
0
VERTEX
8
Feedline
10
1918.14600000
20
-2644.86300000
30
0.00000000
0
VERTEX
8
Feedline
10
1918.42900000
20
-2645.06500000
30
0.00000000
0
VERTEX
8
Feedline
10
1918.71600000
20
-2645.26200000
30
0.00000000
0
VERTEX
8
Feedline
10
1919.00700000
20
-2645.45200000
30
0.00000000
0
VERTEX
8
Feedline
10
1919.30300000
20
-2645.63600000
30
0.00000000
0
VERTEX
8
Feedline
10
1919.60200000
20
-2645.81300000
30
0.00000000
0
VERTEX
8
Feedline
10
1919.90500000
20
-2645.98400000
30
0.00000000
0
VERTEX
8
Feedline
10
1920.21200000
20
-2646.14800000
30
0.00000000
0
VERTEX
8
Feedline
10
1920.52300000
20
-2646.30500000
30
0.00000000
0
VERTEX
8
Feedline
10
1920.83600000
20
-2646.45600000
30
0.00000000
0
VERTEX
8
Feedline
10
1921.15300000
20
-2646.59900000
30
0.00000000
0
VERTEX
8
Feedline
10
1921.47300000
20
-2646.73600000
30
0.00000000
0
VERTEX
8
Feedline
10
1921.79600000
20
-2646.86500000
30
0.00000000
0
VERTEX
8
Feedline
10
1922.12200000
20
-2646.98800000
30
0.00000000
0
VERTEX
8
Feedline
10
1922.45000000
20
-2647.10400000
30
0.00000000
0
VERTEX
8
Feedline
10
1922.78100000
20
-2647.21100000
30
0.00000000
0
VERTEX
8
Feedline
10
1923.11400000
20
-2647.31300000
30
0.00000000
0
VERTEX
8
Feedline
10
1923.44900000
20
-2647.40700000
30
0.00000000
0
VERTEX
8
Feedline
10
1923.78600000
20
-2647.49200000
30
0.00000000
0
VERTEX
8
Feedline
10
1924.12500000
20
-2647.57200000
30
0.00000000
0
VERTEX
8
Feedline
10
1924.46600000
20
-2647.64400000
30
0.00000000
0
VERTEX
8
Feedline
10
1924.80800000
20
-2647.70800000
30
0.00000000
0
VERTEX
8
Feedline
10
1925.15100000
20
-2647.76500000
30
0.00000000
0
VERTEX
8
Feedline
10
1925.49600000
20
-2647.81300000
30
0.00000000
0
VERTEX
8
Feedline
10
1925.84000000
20
-2647.85500000
30
0.00000000
0
VERTEX
8
Feedline
10
1926.18700000
20
-2647.88900000
30
0.00000000
0
VERTEX
8
Feedline
10
1926.53400000
20
-2647.91600000
30
0.00000000
0
VERTEX
8
Feedline
10
1926.88100000
20
-2647.93500000
30
0.00000000
0
VERTEX
8
Feedline
10
1927.22900000
20
-2647.94600000
30
0.00000000
0
VERTEX
8
Feedline
10
1927.57700000
20
-2647.95000000
30
0.00000000
0
VERTEX
8
Feedline
10
2099.81100000
20
-2647.95000000
30
0.00000000
0
VERTEX
8
Feedline
10
2100.68000000
20
-2647.94600000
30
0.00000000
0
VERTEX
8
Feedline
10
2101.54800000
20
-2647.93500000
30
0.00000000
0
VERTEX
8
Feedline
10
2102.41700000
20
-2647.91600000
30
0.00000000
0
VERTEX
8
Feedline
10
2103.28500000
20
-2647.89000000
30
0.00000000
0
VERTEX
8
Feedline
10
2104.15400000
20
-2647.85600000
30
0.00000000
0
VERTEX
8
Feedline
10
2105.02100000
20
-2647.81400000
30
0.00000000
0
VERTEX
8
Feedline
10
2105.88900000
20
-2647.76500000
30
0.00000000
0
VERTEX
8
Feedline
10
2106.75700000
20
-2647.70800000
30
0.00000000
0
VERTEX
8
Feedline
10
2107.62300000
20
-2647.64400000
30
0.00000000
0
VERTEX
8
Feedline
10
2108.48900000
20
-2647.57200000
30
0.00000000
0
VERTEX
8
Feedline
10
2109.35400000
20
-2647.49300000
30
0.00000000
0
VERTEX
8
Feedline
10
2110.21900000
20
-2647.40600000
30
0.00000000
0
VERTEX
8
Feedline
10
2111.08200000
20
-2647.31200000
30
0.00000000
0
VERTEX
8
Feedline
10
2111.94600000
20
-2647.21000000
30
0.00000000
0
VERTEX
8
Feedline
10
2112.80700000
20
-2647.10100000
30
0.00000000
0
VERTEX
8
Feedline
10
2113.66800000
20
-2646.98400000
30
0.00000000
0
VERTEX
8
Feedline
10
2149.87100000
20
-2641.91600000
30
0.00000000
0
VERTEX
8
Feedline
10
2150.73300000
20
-2641.79900000
30
0.00000000
0
VERTEX
8
Feedline
10
2151.59600000
20
-2641.69000000
30
0.00000000
0
VERTEX
8
Feedline
10
2152.45900000
20
-2641.58800000
30
0.00000000
0
VERTEX
8
Feedline
10
2153.32400000
20
-2641.49400000
30
0.00000000
0
VERTEX
8
Feedline
10
2154.18900000
20
-2641.40700000
30
0.00000000
0
VERTEX
8
Feedline
10
2155.05600000
20
-2641.32800000
30
0.00000000
0
VERTEX
8
Feedline
10
2155.92300000
20
-2641.25600000
30
0.00000000
0
VERTEX
8
Feedline
10
2156.79100000
20
-2641.19200000
30
0.00000000
0
VERTEX
8
Feedline
10
2157.65800000
20
-2641.13500000
30
0.00000000
0
VERTEX
8
Feedline
10
2158.52600000
20
-2641.08600000
30
0.00000000
0
VERTEX
8
Feedline
10
2159.39500000
20
-2641.04400000
30
0.00000000
0
VERTEX
8
Feedline
10
2160.26400000
20
-2641.01000000
30
0.00000000
0
VERTEX
8
Feedline
10
2161.13400000
20
-2640.98400000
30
0.00000000
0
VERTEX
8
Feedline
10
2162.00300000
20
-2640.96500000
30
0.00000000
0
VERTEX
8
Feedline
10
2162.87300000
20
-2640.95400000
30
0.00000000
0
VERTEX
8
Feedline
10
2163.74300000
20
-2640.95000000
30
0.00000000
0
VERTEX
8
Feedline
10
2250.00000000
20
-2640.95000000
30
0.00000000
0
VERTEX
8
Feedline
10
2250.00000000
20
-2630.05000000
30
0.00000000
0
VERTEX
8
Feedline
10
1910.67700000
20
-2630.05000000
30
0.00000000
0
VERTEX
8
Feedline
10
1910.47900000
20
-2630.04600000
30
0.00000000
0
VERTEX
8
Feedline
10
1910.28100000
20
-2630.03500000
30
0.00000000
0
VERTEX
8
Feedline
10
1910.08400000
20
-2630.01500000
30
0.00000000
0
VERTEX
8
Feedline
10
1909.88700000
20
-2629.98700000
30
0.00000000
0
VERTEX
8
Feedline
10
1909.69200000
20
-2629.95300000
30
0.00000000
0
VERTEX
8
Feedline
10
1909.49800000
20
-2629.91100000
30
0.00000000
0
VERTEX
8
Feedline
10
1909.30600000
20
-2629.86000000
30
0.00000000
0
VERTEX
8
Feedline
10
1909.11800000
20
-2629.80300000
30
0.00000000
0
VERTEX
8
Feedline
10
1908.93000000
20
-2629.73800000
30
0.00000000
0
VERTEX
8
Feedline
10
1908.74500000
20
-2629.66500000
30
0.00000000
0
VERTEX
8
Feedline
10
1908.56300000
20
-2629.58600000
30
0.00000000
0
VERTEX
8
Feedline
10
1908.38500000
20
-2629.49900000
30
0.00000000
0
VERTEX
8
Feedline
10
1908.21100000
20
-2629.40600000
30
0.00000000
0
VERTEX
8
Feedline
10
1908.03900000
20
-2629.30600000
30
0.00000000
0
VERTEX
8
Feedline
10
1907.87200000
20
-2629.19900000
30
0.00000000
0
VERTEX
8
Feedline
10
1907.71000000
20
-2629.08600000
30
0.00000000
0
VERTEX
8
Feedline
10
1907.55100000
20
-2628.96600000
30
0.00000000
0
VERTEX
8
Feedline
10
1907.39700000
20
-2628.84000000
30
0.00000000
0
VERTEX
8
Feedline
10
1907.25000000
20
-2628.70900000
30
0.00000000
0
VERTEX
8
Feedline
10
1907.10700000
20
-2628.57200000
30
0.00000000
0
VERTEX
8
Feedline
10
1820.06600000
20
-2541.53000000
30
0.00000000
0
VERTEX
8
Feedline
10
1809.53000000
20
-2552.06600000
30
0.00000000
0
VERTEX
8
Feedline
10
1878.89400000
20
-2621.42900000
30
0.00000000
0
VERTEX
8
Feedline
10
1879.03300000
20
-2621.57400000
30
0.00000000
0
VERTEX
8
Feedline
10
1879.16700000
20
-2621.72600000
30
0.00000000
0
VERTEX
8
Feedline
10
1879.29600000
20
-2621.88300000
30
0.00000000
0
VERTEX
8
Feedline
10
1879.41600000
20
-2622.04300000
30
0.00000000
0
VERTEX
8
Feedline
10
1879.53100000
20
-2622.20800000
30
0.00000000
0
VERTEX
8
Feedline
10
1879.63900000
20
-2622.37900000
30
0.00000000
0
VERTEX
8
Feedline
10
1879.74000000
20
-2622.55300000
30
0.00000000
0
VERTEX
8
Feedline
10
1879.83400000
20
-2622.73100000
30
0.00000000
0
VERTEX
8
Feedline
10
1879.92200000
20
-2622.91300000
30
0.00000000
0
VERTEX
8
Feedline
10
1880.00000000
20
-2623.09800000
30
0.00000000
0
VERTEX
8
Feedline
10
1880.07300000
20
-2623.28700000
30
0.00000000
0
VERTEX
8
Feedline
10
1880.13800000
20
-2623.47800000
30
0.00000000
0
VERTEX
8
Feedline
10
1880.19500000
20
-2623.67400000
30
0.00000000
0
VERTEX
8
Feedline
10
1880.24400000
20
-2623.86700000
30
0.00000000
0
VERTEX
8
Feedline
10
1880.28500000
20
-2624.06500000
30
0.00000000
0
VERTEX
8
Feedline
10
1880.31800000
20
-2624.26300000
30
0.00000000
0
VERTEX
8
Feedline
10
1880.34400000
20
-2624.46400000
30
0.00000000
0
VERTEX
8
Feedline
10
1880.36100000
20
-2624.66400000
30
0.00000000
0
VERTEX
8
Feedline
10
1880.37100000
20
-2624.86600000
30
0.00000000
0
VERTEX
8
Feedline
10
1880.37200000
20
-2625.06800000
30
0.00000000
0
VERTEX
8
Feedline
10
1880.36500000
20
-2625.26900000
30
0.00000000
0
VERTEX
8
Feedline
10
1880.35100000
20
-2625.47000000
30
0.00000000
0
VERTEX
8
Feedline
10
1880.32800000
20
-2625.67100000
30
0.00000000
0
VERTEX
8
Feedline
10
1880.29700000
20
-2625.87000000
30
0.00000000
0
VERTEX
8
Feedline
10
1880.25800000
20
-2626.06800000
30
0.00000000
0
VERTEX
8
Feedline
10
1880.21100000
20
-2626.26400000
30
0.00000000
0
VERTEX
8
Feedline
10
1880.15700000
20
-2626.45700000
30
0.00000000
0
VERTEX
8
Feedline
10
1880.09500000
20
-2626.64900000
30
0.00000000
0
VERTEX
8
Feedline
10
1880.02600000
20
-2626.83900000
30
0.00000000
0
VERTEX
8
Feedline
10
1879.94900000
20
-2627.02500000
30
0.00000000
0
VERTEX
8
Feedline
10
1879.86400000
20
-2627.20900000
30
0.00000000
0
VERTEX
8
Feedline
10
1879.77200000
20
-2627.38800000
30
0.00000000
0
VERTEX
8
Feedline
10
1879.67300000
20
-2627.56300000
30
0.00000000
0
VERTEX
8
Feedline
10
1879.56700000
20
-2627.73500000
30
0.00000000
0
VERTEX
8
Feedline
10
1879.45500000
20
-2627.90300000
30
0.00000000
0
VERTEX
8
Feedline
10
1879.33600000
20
-2628.06500000
30
0.00000000
0
VERTEX
8
Feedline
10
1879.21000000
20
-2628.22300000
30
0.00000000
0
VERTEX
8
Feedline
10
1879.07800000
20
-2628.37500000
30
0.00000000
0
VERTEX
8
Feedline
10
1878.94100000
20
-2628.52300000
30
0.00000000
0
VERTEX
8
Feedline
10
1878.79600000
20
-2628.66400000
30
0.00000000
0
VERTEX
8
Feedline
10
1878.64800000
20
-2628.80100000
30
0.00000000
0
VERTEX
8
Feedline
10
1878.49300000
20
-2628.93000000
30
0.00000000
0
VERTEX
8
Feedline
10
1878.33400000
20
-2629.05400000
30
0.00000000
0
VERTEX
8
Feedline
10
1878.17000000
20
-2629.17000000
30
0.00000000
0
VERTEX
8
Feedline
10
1878.00100000
20
-2629.28100000
30
0.00000000
0
VERTEX
8
Feedline
10
1877.82800000
20
-2629.38400000
30
0.00000000
0
VERTEX
8
Feedline
10
1877.65100000
20
-2629.48100000
30
0.00000000
0
VERTEX
8
Feedline
10
1877.47000000
20
-2629.57000000
30
0.00000000
0
VERTEX
8
Feedline
10
1877.28600000
20
-2629.65300000
30
0.00000000
0
VERTEX
8
Feedline
10
1877.09900000
20
-2629.72800000
30
0.00000000
0
VERTEX
8
Feedline
10
1876.90900000
20
-2629.79400000
30
0.00000000
0
VERTEX
8
Feedline
10
1876.71600000
20
-2629.85400000
30
0.00000000
0
VERTEX
8
Feedline
10
1876.52100000
20
-2629.90600000
30
0.00000000
0
VERTEX
8
Feedline
10
1876.32400000
20
-2629.95000000
30
0.00000000
0
VERTEX
8
Feedline
10
1876.12600000
20
-2629.98500000
30
0.00000000
0
VERTEX
8
Feedline
10
1875.92600000
20
-2630.01400000
30
0.00000000
0
VERTEX
8
Feedline
10
1875.72500000
20
-2630.03400000
30
0.00000000
0
VERTEX
8
Feedline
10
1875.52200000
20
-2630.04600000
30
0.00000000
0
VERTEX
8
Feedline
10
1875.32200000
20
-2630.05000000
30
0.00000000
0
SEQEND
8
Feedline
0
POLYLINE
8
Feedline
66
1
10
0.00000000
20
0.00000000
30
0.00000000
70
1
0
VERTEX
8
Feedline
10
1540.04800000
20
2047.15400000
30
0.00000000
0
VERTEX
8
Feedline
10
1538.63000000
20
2048.57800000
30
0.00000000
0
VERTEX
8
Feedline
10
1537.21700000
20
2050.00700000
30
0.00000000
0
VERTEX
8
Feedline
10
1535.81000000
20
2051.44100000
30
0.00000000
0
VERTEX
8
Feedline
10
1534.37300000
20
2052.91900000
30
0.00000000
0
VERTEX
8
Feedline
10
1533.00500000
20
2054.33800000
30
0.00000000
0
VERTEX
8
Feedline
10
1531.60200000
20
2055.80300000
30
0.00000000
0
VERTEX
8
Feedline
10
1530.24200000
20
2057.23500000
30
0.00000000
0
VERTEX
8
Feedline
10
1528.86400000
20
2058.69700000
30
0.00000000
0
VERTEX
8
Feedline
10
1527.49100000
20
2060.16400000
30
0.00000000
0
VERTEX
8
Feedline
10
1526.12000000
20
2061.64300000
30
0.00000000
0
VERTEX
8
Feedline
10
1524.75100000
20
2063.13000000
30
0.00000000
0
VERTEX
8
Feedline
10
1523.41000000
20
2064.59900000
30
0.00000000
0
VERTEX
8
Feedline
10
1522.03900000
20
2066.11200000
30
0.00000000
0
VERTEX
8
Feedline
10
1520.71800000
20
2067.58300000
30
0.00000000
0
VERTEX
8
Feedline
10
1519.38100000
20
2069.08200000
30
0.00000000
0
VERTEX
8
Feedline
10
1518.04900000
20
2070.58700000
30
0.00000000
0
VERTEX
8
Feedline
10
1516.72400000
20
2072.09700000
30
0.00000000
0
VERTEX
8
Feedline
10
1515.40500000
20
2073.61200000
30
0.00000000
0
VERTEX
8
Feedline
10
1514.07100000
20
2075.15700000
30
0.00000000
0
VERTEX
8
Feedline
10
1512.78500000
20
2076.65900000
30
0.00000000
0
VERTEX
8
Feedline
10
1511.48400000
20
2078.18900000
30
0.00000000
0
VERTEX
8
Feedline
10
1510.18900000
20
2079.72500000
30
0.00000000
0
VERTEX
8
Feedline
10
1508.89400000
20
2081.27200000
30
0.00000000
0
VERTEX
8
Feedline
10
1507.61600000
20
2082.81200000
30
0.00000000
0
VERTEX
8
Feedline
10
1506.32900000
20
2084.37600000
30
0.00000000
0
VERTEX
8
Feedline
10
1505.06900000
20
2085.91900000
30
0.00000000
0
VERTEX
8
Feedline
10
1503.80400000
20
2087.48100000
30
0.00000000
0
VERTEX
8
Feedline
10
1502.54600000
20
2089.04700000
30
0.00000000
0
VERTEX
8
Feedline
10
1501.29400000
20
2090.61800000
30
0.00000000
0
VERTEX
8
Feedline
10
1500.04100000
20
2092.20200000
30
0.00000000
0
VERTEX
8
Feedline
10
1498.80900000
20
2093.77400000
30
0.00000000
0
VERTEX
8
Feedline
10
1497.57400000
20
2095.36000000
30
0.00000000
0
VERTEX
8
Feedline
10
1496.34700000
20
2096.95200000
30
0.00000000
0
VERTEX
8
Feedline
10
1495.12600000
20
2098.54700000
30
0.00000000
0
VERTEX
8
Feedline
10
1493.91200000
20
2100.14700000
30
0.00000000
0
VERTEX
8
Feedline
10
1492.68400000
20
2101.77900000
30
0.00000000
0
VERTEX
8
Feedline
10
1491.50200000
20
2103.36200000
30
0.00000000
0
VERTEX
8
Feedline
10
1490.30600000
20
2104.97600000
30
0.00000000
0
VERTEX
8
Feedline
10
1489.11700000
20
2106.59500000
30
0.00000000
0
VERTEX
8
Feedline
10
1487.93400000
20
2108.22000000
30
0.00000000
0
VERTEX
8
Feedline
10
1486.75700000
20
2109.84900000
30
0.00000000
0
VERTEX
8
Feedline
10
1485.56700000
20
2111.51000000
30
0.00000000
0
VERTEX
8
Feedline
10
1484.42400000
20
2113.12100000
30
0.00000000
0
VERTEX
8
Feedline
10
1483.26700000
20
2114.76200000
30
0.00000000
0
VERTEX
8
Feedline
10
1482.11600000
20
2116.40900000
30
0.00000000
0
VERTEX
8
Feedline
10
1480.97200000
20
2118.06100000
30
0.00000000
0
VERTEX
8
Feedline
10
1479.81100000
20
2119.75200000
30
0.00000000
0
VERTEX
8
Feedline
10
1478.70400000
20
2121.37700000
30
0.00000000
0
VERTEX
8
Feedline
10
1477.58000000
20
2123.04200000
30
0.00000000
0
VERTEX
8
Feedline
10
1476.46100000
20
2124.71100000
30
0.00000000
0
VERTEX
8
Feedline
10
1475.35000000
20
2126.38500000
30
0.00000000
0
VERTEX
8
Feedline
10
1474.24100000
20
2128.07200000
30
0.00000000
0
VERTEX
8
Feedline
10
1473.14800000
20
2129.74600000
30
0.00000000
0
VERTEX
8
Feedline
10
1472.05600000
20
2131.43300000
30
0.00000000
0
VERTEX
8
Feedline
10
1470.97200000
20
2133.12400000
30
0.00000000
0
VERTEX
8
Feedline
10
1469.89400000
20
2134.81900000
30
0.00000000
0
VERTEX
8
Feedline
10
1468.82300000
20
2136.51800000
30
0.00000000
0
VERTEX
8
Feedline
10
1467.75800000
20
2138.22300000
30
0.00000000
0
VERTEX
8
Feedline
10
1466.70000000
20
2139.93100000
30
0.00000000
0
VERTEX
8
Feedline
10
1465.61700000
20
2141.69600000
30
0.00000000
0
VERTEX
8
Feedline
10
1464.59800000
20
2143.37000000
30
0.00000000
0
VERTEX
8
Feedline
10
1463.56700000
20
2145.07900000
30
0.00000000
0
VERTEX
8
Feedline
10
1462.53600000
20
2146.80400000
30
0.00000000
0
VERTEX
8
Feedline
10
1461.50500000
20
2148.54400000
30
0.00000000
0
VERTEX
8
Feedline
10
1460.49500000
20
2150.26600000
30
0.00000000
0
VERTEX
8
Feedline
10
1459.48500000
20
2152.00200000
30
0.00000000
0
VERTEX
8
Feedline
10
1458.48200000
20
2153.74200000
30
0.00000000
0
VERTEX
8
Feedline
10
1457.48600000
20
2155.48700000
30
0.00000000
0
VERTEX
8
Feedline
10
1456.49500000
20
2157.23500000
30
0.00000000
0
VERTEX
8
Feedline
10
1455.51200000
20
2158.98800000
30
0.00000000
0
VERTEX
8
Feedline
10
1454.53700000
20
2160.74400000
30
0.00000000
0
VERTEX
8
Feedline
10
1453.56800000
20
2162.50400000
30
0.00000000
0
VERTEX
8
Feedline
10
1452.60600000
20
2164.26800000
30
0.00000000
0
VERTEX
8
Feedline
10
1451.65100000
20
2166.03500000
30
0.00000000
0
VERTEX
8
Feedline
10
1450.68600000
20
2167.83800000
30
0.00000000
0
VERTEX
8
Feedline
10
1449.76300000
20
2169.58200000
30
0.00000000
0
VERTEX
8
Feedline
10
1448.82900000
20
2171.36100000
30
0.00000000
0
VERTEX
8
Feedline
10
1447.90200000
20
2173.14300000
30
0.00000000
0
VERTEX
8
Feedline
10
1446.98200000
20
2174.92900000
30
0.00000000
0
VERTEX
8
Feedline
10
1446.06800000
20
2176.71900000
30
0.00000000
0
VERTEX
8
Feedline
10
1445.16300000
20
2178.51300000
30
0.00000000
0
VERTEX
8
Feedline
10
1444.26400000
20
2180.31000000
30
0.00000000
0
VERTEX
8
Feedline
10
1443.37200000
20
2182.11200000
30
0.00000000
0
VERTEX
8
Feedline
10
1442.48800000
20
2183.91400000
30
0.00000000
0
VERTEX
8
Feedline
10
1441.60000000
20
2185.74400000
30
0.00000000
0
VERTEX
8
Feedline
10
1440.73500000
20
2187.54500000
30
0.00000000
0
VERTEX
8
Feedline
10
1439.87800000
20
2189.34700000
30
0.00000000
0
VERTEX
8
Feedline
10
1439.02200000
20
2191.16400000
30
0.00000000
0
VERTEX
8
Feedline
10
1438.17400000
20
2192.98500000
30
0.00000000
0
VERTEX
8
Feedline
10
1437.33200000
20
2194.80900000
30
0.00000000
0
VERTEX
8
Feedline
10
1436.49700000
20
2196.63700000
30
0.00000000
0
VERTEX
8
Feedline
10
1435.67000000
20
2198.46900000
30
0.00000000
0
VERTEX
8
Feedline
10
1434.85000000
20
2200.30300000
30
0.00000000
0
VERTEX
8
Feedline
10
1434.03800000
20
2202.14000000
30
0.00000000
0
VERTEX
8
Feedline
10
1433.22500000
20
2203.99900000
30
0.00000000
0
VERTEX
8
Feedline
10
1432.43500000
20
2205.82400000
30
0.00000000
0
VERTEX
8
Feedline
10
1431.64400000
20
2207.67100000
30
0.00000000
0
VERTEX
8
Feedline
10
1430.86100000
20
2209.52100000
30
0.00000000
0
VERTEX
8
Feedline
10
1430.08500000
20
2211.37400000
30
0.00000000
0
VERTEX
8
Feedline
10
1429.31600000
20
2213.23000000
30
0.00000000
0
VERTEX
8
Feedline
10
1428.55400000
20
2215.08900000
30
0.00000000
0
VERTEX
8
Feedline
10
1427.80000000
20
2216.95100000
30
0.00000000
0
VERTEX
8
Feedline
10
1427.05400000
20
2218.81700000
30
0.00000000
0
VERTEX
8
Feedline
10
1426.31300000
20
2220.68500000
30
0.00000000
0
VERTEX
8
Feedline
10
1425.57300000
20
2222.57700000
30
0.00000000
0
VERTEX
8
Feedline
10
1424.83700000
20
2224.48100000
30
0.00000000
0
VERTEX
8
Feedline
10
1424.13900000
20
2226.30600000
30
0.00000000
0
VERTEX
8
Feedline
10
1423.43000000
20
2228.18500000
30
0.00000000
0
VERTEX
8
Feedline
10
1422.72700000
20
2230.06800000
30
0.00000000
0
VERTEX
8
Feedline
10
1422.03200000
20
2231.95300000
30
0.00000000
0
VERTEX
8
Feedline
10
1421.34500000
20
2233.84100000
30
0.00000000
0
VERTEX
8
Feedline
10
1420.66500000
20
2235.73100000
30
0.00000000
0
VERTEX
8
Feedline
10
1419.98600000
20
2237.64100000
30
0.00000000
0
VERTEX
8
Feedline
10
1419.32700000
20
2239.52100000
30
0.00000000
0
VERTEX
8
Feedline
10
1418.67000000
20
2241.41900000
30
0.00000000
0
VERTEX
8
Feedline
10
1418.01900000
20
2243.32000000
30
0.00000000
0
VERTEX
8
Feedline
10
1417.37700000
20
2245.22300000
30
0.00000000
0
VERTEX
8
Feedline
10
1416.73900000
20
2247.13600000
30
0.00000000
0
VERTEX
8
Feedline
10
1416.11000000
20
2249.04700000
30
0.00000000
0
VERTEX
8
Feedline
10
1415.49300000
20
2250.94900000
30
0.00000000
0
VERTEX
8
Feedline
10
1414.88100000
20
2252.86200000
30
0.00000000
0
VERTEX
8
Feedline
10
1414.27100000
20
2254.79600000
30
0.00000000
0
VERTEX
8
Feedline
10
1413.67800000
20
2256.69600000
30
0.00000000
0
VERTEX
8
Feedline
10
1413.08900000
20
2258.61600000
30
0.00000000
0
VERTEX
8
Feedline
10
1412.50300000
20
2260.55200000
30
0.00000000
0
VERTEX
8
Feedline
10
1411.93200000
20
2262.46500000
30
0.00000000
0
VERTEX
8
Feedline
10
1411.36500000
20
2264.39200000
30
0.00000000
0
VERTEX
8
Feedline
10
1410.80500000
20
2266.32200000
30
0.00000000
0
VERTEX
8
Feedline
10
1410.25400000
20
2268.25300000
30
0.00000000
0
VERTEX
8
Feedline
10
1409.70400000
20
2270.20400000
30
0.00000000
0
VERTEX
8
Feedline
10
1409.17300000
20
2272.12400000
30
0.00000000
0
VERTEX
8
Feedline
10
1408.64400000
20
2274.06200000
30
0.00000000
0
VERTEX
8
Feedline
10
1408.12300000
20
2276.00200000
30
0.00000000
0
VERTEX
8
Feedline
10
1407.60900000
20
2277.94400000
30
0.00000000
0
VERTEX
8
Feedline
10
1407.10300000
20
2279.88900000
30
0.00000000
0
VERTEX
8
Feedline
10
1406.60500000
20
2281.83500000
30
0.00000000
0
VERTEX
8
Feedline
10
1406.11400000
20
2283.78300000
30
0.00000000
0
VERTEX
8
Feedline
10
1405.63100000
20
2285.73300000
30
0.00000000
0
VERTEX
8
Feedline
10
1405.15100000
20
2287.70600000
30
0.00000000
0
VERTEX
8
Feedline
10
1404.68800000
20
2289.63900000
30
0.00000000
0
VERTEX
8
Feedline
10
1404.22900000
20
2291.59500000
30
0.00000000
0
VERTEX
8
Feedline
10
1403.77700000
20
2293.55300000
30
0.00000000
0
VERTEX
8
Feedline
10
1403.33200000
20
2295.51200000
30
0.00000000
0
VERTEX
8
Feedline
10
1402.89600000
20
2297.47300000
30
0.00000000
0
VERTEX
8
Feedline
10
1402.46700000
20
2299.43500000
30
0.00000000
0
VERTEX
8
Feedline
10
1402.04600000
20
2301.40100000
30
0.00000000
0
VERTEX
8
Feedline
10
1401.63300000
20
2303.36700000
30
0.00000000
0
VERTEX
8
Feedline
10
1401.22700000
20
2305.33400000
30
0.00000000
0
VERTEX
8
Feedline
10
1400.83000000
20
2307.30300000
30
0.00000000
0
VERTEX
8
Feedline
10
1400.44000000
20
2309.27400000
30
0.00000000
0
VERTEX
8
Feedline
10
1400.05700000
20
2311.24700000
30
0.00000000
0
VERTEX
8
Feedline
10
1399.68300000
20
2313.22100000
30
0.00000000
0
VERTEX
8
Feedline
10
1399.31600000
20
2315.19600000
30
0.00000000
0
VERTEX
8
Feedline
10
1398.95800000
20
2317.17300000
30
0.00000000
0
VERTEX
8
Feedline
10
1398.60700000
20
2319.15100000
30
0.00000000
0
VERTEX
8
Feedline
10
1398.26300000
20
2321.13100000
30
0.00000000
0
VERTEX
8
Feedline
10
1397.92800000
20
2323.11200000
30
0.00000000
0
VERTEX
8
Feedline
10
1397.60000000
20
2325.09400000
30
0.00000000
0
VERTEX
8
Feedline
10
1397.28100000
20
2327.07700000
30
0.00000000
0
VERTEX
8
Feedline
10
1396.96900000
20
2329.06100000
30
0.00000000
0
VERTEX
8
Feedline
10
1396.66500000
20
2331.04800000
30
0.00000000
0
VERTEX
8
Feedline
10
1396.36800000
20
2333.03500000
30
0.00000000
0
VERTEX
8
Feedline
10
1396.08000000
20
2335.02300000
30
0.00000000
0
VERTEX
8
Feedline
10
1395.79800000
20
2337.01200000
30
0.00000000
0
VERTEX
8
Feedline
10
1395.52600000
20
2339.00300000
30
0.00000000
0
VERTEX
8
Feedline
10
1395.26100000
20
2340.99500000
30
0.00000000
0
VERTEX
8
Feedline
10
1395.00400000
20
2342.98700000
30
0.00000000
0
VERTEX
8
Feedline
10
1394.75500000
20
2344.98100000
30
0.00000000
0
VERTEX
8
Feedline
10
1394.51400000
20
2346.97500000
30
0.00000000
0
VERTEX
8
Feedline
10
1394.28000000
20
2348.97000000
30
0.00000000
0
VERTEX
8
Feedline
10
1394.05500000
20
2350.96600000
30
0.00000000
0
VERTEX
8
Feedline
10
1393.83700000
20
2352.96500000
30
0.00000000
0
VERTEX
8
Feedline
10
1393.62700000
20
2354.96200000
30
0.00000000
0
VERTEX
8
Feedline
10
1393.42600000
20
2356.96100000
30
0.00000000
0
VERTEX
8
Feedline
10
1393.23200000
20
2358.96100000
30
0.00000000
0
VERTEX
8
Feedline
10
1393.04600000
20
2360.96100000
30
0.00000000
0
VERTEX
8
Feedline
10
1392.86700000
20
2362.96300000
30
0.00000000
0
VERTEX
8
Feedline
10
1392.69700000
20
2364.96500000
30
0.00000000
0
VERTEX
8
Feedline
10
1392.53500000
20
2366.96700000
30
0.00000000
0
VERTEX
8
Feedline
10
1392.38000000
20
2368.97000000
30
0.00000000
0
VERTEX
8
Feedline
10
1392.23400000
20
2370.97300000
30
0.00000000
0
VERTEX
8
Feedline
10
1392.09500000
20
2372.97800000
30
0.00000000
0
VERTEX
8
Feedline
10
1391.96500000
20
2374.98300000
30
0.00000000
0
VERTEX
8
Feedline
10
1391.84200000
20
2376.98800000
30
0.00000000
0
VERTEX
8
Feedline
10
1391.72700000
20
2378.99400000
30
0.00000000
0
VERTEX
8
Feedline
10
1391.62000000
20
2381.00000000
30
0.00000000
0
VERTEX
8
Feedline
10
1391.52100000
20
2383.00700000
30
0.00000000
0
VERTEX
8
Feedline
10
1391.43000000
20
2385.01400000
30
0.00000000
0
VERTEX
8
Feedline
10
1391.34600000
20
2387.02100000
30
0.00000000
0
VERTEX
8
Feedline
10
1391.27100000
20
2389.02900000
30
0.00000000
0
VERTEX
8
Feedline
10
1391.20400000
20
2391.03600000
30
0.00000000
0
VERTEX
8
Feedline
10
1391.14400000
20
2393.04500000
30
0.00000000
0
VERTEX
8
Feedline
10
1391.09300000
20
2395.05400000
30
0.00000000
0
VERTEX
8
Feedline
10
1391.04900000
20
2397.06200000
30
0.00000000
0
VERTEX
8
Feedline
10
1391.01300000
20
2399.07100000
30
0.00000000
0
VERTEX
8
Feedline
10
1390.98600000
20
2401.07900000
30
0.00000000
0
VERTEX
8
Feedline
10
1390.96600000
20
2403.08900000
30
0.00000000
0
VERTEX
8
Feedline
10
1390.95400000
20
2405.09800000
30
0.00000000
0
VERTEX
8
Feedline
10
1390.95000000
20
2407.10700000
30
0.00000000
0
VERTEX
8
Feedline
10
1390.95000000
20
2716.17300000
30
0.00000000
0
VERTEX
8
Feedline
10
1380.05000000
20
2716.17300000
30
0.00000000
0
VERTEX
8
Feedline
10
1380.05000000
20
2407.10700000
30
0.00000000
0
VERTEX
8
Feedline
10
1380.05400000
20
2405.07500000
30
0.00000000
0
VERTEX
8
Feedline
10
1380.06600000
20
2403.04300000
30
0.00000000
0
VERTEX
8
Feedline
10
1380.08600000
20
2401.01200000
30
0.00000000
0
VERTEX
8
Feedline
10
1380.11400000
20
2398.98100000
30
0.00000000
0
VERTEX
8
Feedline
10
1380.14900000
20
2396.94900000
30
0.00000000
0
VERTEX
8
Feedline
10
1380.19300000
20
2394.91800000
30
0.00000000
0
VERTEX
8
Feedline
10
1380.24500000
20
2392.88600000
30
0.00000000
0
VERTEX
8
Feedline
10
1380.30400000
20
2390.85500000
30
0.00000000
0
VERTEX
8
Feedline
10
1380.37200000
20
2388.82600000
30
0.00000000
0
VERTEX
8
Feedline
10
1380.44700000
20
2386.79500000
30
0.00000000
0
VERTEX
8
Feedline
10
1380.53000000
20
2384.76500000
30
0.00000000
0
VERTEX
8
Feedline
10
1380.62200000
20
2382.73500000
30
0.00000000
0
VERTEX
8
Feedline
10
1380.72100000
20
2380.70600000
30
0.00000000
0
VERTEX
8
Feedline
10
1380.82800000
20
2378.67800000
30
0.00000000
0
VERTEX
8
Feedline
10
1380.94300000
20
2376.64900000
30
0.00000000
0
VERTEX
8
Feedline
10
1381.06600000
20
2374.62100000
30
0.00000000
0
VERTEX
8
Feedline
10
1381.19700000
20
2372.59300000
30
0.00000000
0
VERTEX
8
Feedline
10
1381.33600000
20
2370.56600000
30
0.00000000
0
VERTEX
8
Feedline
10
1381.48200000
20
2368.54100000
30
0.00000000
0
VERTEX
8
Feedline
10
1381.63700000
20
2366.51500000
30
0.00000000
0
VERTEX
8
Feedline
10
1381.80000000
20
2364.48900000
30
0.00000000
0
VERTEX
8
Feedline
10
1381.97000000
20
2362.46500000
30
0.00000000
0
VERTEX
8
Feedline
10
1382.14900000
20
2360.44100000
30
0.00000000
0
VERTEX
8
Feedline
10
1382.33500000
20
2358.41800000
30
0.00000000
0
VERTEX
8
Feedline
10
1382.52900000
20
2356.39600000
30
0.00000000
0
VERTEX
8
Feedline
10
1382.73100000
20
2354.37400000
30
0.00000000
0
VERTEX
8
Feedline
10
1382.94100000
20
2352.35300000
30
0.00000000
0
VERTEX
8
Feedline
10
1383.15900000
20
2350.33300000
30
0.00000000
0
VERTEX
8
Feedline
10
1383.38600000
20
2348.30500000
30
0.00000000
0
VERTEX
8
Feedline
10
1383.62200000
20
2346.26500000
30
0.00000000
0
VERTEX
8
Feedline
10
1383.86000000
20
2344.27900000
30
0.00000000
0
VERTEX
8
Feedline
10
1384.11000000
20
2342.26200000
30
0.00000000
0
VERTEX
8
Feedline
10
1384.36700000
20
2340.24700000
30
0.00000000
0
VERTEX
8
Feedline
10
1384.63200000
20
2338.23300000
30
0.00000000
0
VERTEX
8
Feedline
10
1384.90500000
20
2336.22000000
30
0.00000000
0
VERTEX
8
Feedline
10
1385.18600000
20
2334.20700000
30
0.00000000
0
VERTEX
8
Feedline
10
1385.47400000
20
2332.19600000
30
0.00000000
0
VERTEX
8
Feedline
10
1385.77100000
20
2330.18600000
30
0.00000000
0
VERTEX
8
Feedline
10
1386.07500000
20
2328.17700000
30
0.00000000
0
VERTEX
8
Feedline
10
1386.38800000
20
2326.17000000
30
0.00000000
0
VERTEX
8
Feedline
10
1386.70800000
20
2324.16400000
30
0.00000000
0
VERTEX
8
Feedline
10
1387.03600000
20
2322.15900000
30
0.00000000
0
VERTEX
8
Feedline
10
1387.37200000
20
2320.15500000
30
0.00000000
0
VERTEX
8
Feedline
10
1387.72100000
20
2318.11800000
30
0.00000000
0
VERTEX
8
Feedline
10
1388.06700000
20
2316.15200000
30
0.00000000
0
VERTEX
8
Feedline
10
1388.42600000
20
2314.15200000
30
0.00000000
0
VERTEX
8
Feedline
10
1388.79400000
20
2312.15400000
30
0.00000000
0
VERTEX
8
Feedline
10
1389.16800000
20
2310.15700000
30
0.00000000
0
VERTEX
8
Feedline
10
1389.55500000
20
2308.14000000
30
0.00000000
0
VERTEX
8
Feedline
10
1389.94200000
20
2306.16800000
30
0.00000000
0
VERTEX
8
Feedline
10
1390.34000000
20
2304.17600000
30
0.00000000
0
VERTEX
8
Feedline
10
1390.74600000
20
2302.18500000
30
0.00000000
0
VERTEX
8
Feedline
10
1391.16000000
20
2300.19500000
30
0.00000000
0
VERTEX
8
Feedline
10
1391.58200000
20
2298.20800000
30
0.00000000
0
VERTEX
8
Feedline
10
1392.01100000
20
2296.22300000
30
0.00000000
0
VERTEX
8
Feedline
10
1392.44800000
20
2294.23900000
30
0.00000000
0
VERTEX
8
Feedline
10
1392.89300000
20
2292.25600000
30
0.00000000
0
VERTEX
8
Feedline
10
1393.34600000
20
2290.27500000
30
0.00000000
0
VERTEX
8
Feedline
10
1393.80700000
20
2288.29600000
30
0.00000000
0
VERTEX
8
Feedline
10
1394.28000000
20
2286.29600000
30
0.00000000
0
VERTEX
8
Feedline
10
1394.75500000
20
2284.32500000
30
0.00000000
0
VERTEX
8
Feedline
10
1395.23400000
20
2282.37100000
30
0.00000000
0
VERTEX
8
Feedline
10
1395.72500000
20
2280.40000000
30
0.00000000
0
VERTEX
8
Feedline
10
1396.22300000
20
2278.43000000
30
0.00000000
0
VERTEX
8
Feedline
10
1396.73000000
20
2276.46200000
30
0.00000000
0
VERTEX
8
Feedline
10
1397.24500000
20
2274.49800000
30
0.00000000
0
VERTEX
8
Feedline
10
1397.76700000
20
2272.53400000
30
0.00000000
0
VERTEX
8
Feedline
10
1398.29600000
20
2270.57200000
30
0.00000000
0
VERTEX
8
Feedline
10
1398.83400000
20
2268.61300000
30
0.00000000
0
VERTEX
8
Feedline
10
1399.37900000
20
2266.65500000
30
0.00000000
0
VERTEX
8
Feedline
10
1399.93100000
20
2264.70100000
30
0.00000000
0
VERTEX
8
Feedline
10
1400.49200000
20
2262.74800000
30
0.00000000
0
VERTEX
8
Feedline
10
1401.06000000
20
2260.79700000
30
0.00000000
0
VERTEX
8
Feedline
10
1401.63500000
20
2258.84800000
30
0.00000000
0
VERTEX
8
Feedline
10
1402.21800000
20
2256.90200000
30
0.00000000
0
VERTEX
8
Feedline
10
1402.80900000
20
2254.95900000
30
0.00000000
0
VERTEX
8
Feedline
10
1403.40800000
20
2253.01700000
30
0.00000000
0
VERTEX
8
Feedline
10
1404.01300000
20
2251.07800000
30
0.00000000
0
VERTEX
8
Feedline
10
1404.62700000
20
2249.14100000
30
0.00000000
0
VERTEX
8
Feedline
10
1405.25300000
20
2247.19100000
30
0.00000000
0
VERTEX
8
Feedline
10
1405.87700000
20
2245.27400000
30
0.00000000
0
VERTEX
8
Feedline
10
1406.51200000
20
2243.34500000
30
0.00000000
0
VERTEX
8
Feedline
10
1407.15600000
20
2241.41800000
30
0.00000000
0
VERTEX
8
Feedline
10
1407.80700000
20
2239.49300000
30
0.00000000
0
VERTEX
8
Feedline
10
1408.46600000
20
2237.57100000
30
0.00000000
0
VERTEX
8
Feedline
10
1409.13200000
20
2235.65200000
30
0.00000000
0
VERTEX
8
Feedline
10
1409.80900000
20
2233.72700000
30
0.00000000
0
VERTEX
8
Feedline
10
1410.48700000
20
2231.82100000
30
0.00000000
0
VERTEX
8
Feedline
10
1411.17600000
20
2229.91000000
30
0.00000000
0
VERTEX
8
Feedline
10
1411.87200000
20
2228.00100000
30
0.00000000
0
VERTEX
8
Feedline
10
1412.57500000
20
2226.09500000
30
0.00000000
0
VERTEX
8
Feedline
10
1413.28700000
20
2224.19200000
30
0.00000000
0
VERTEX
8
Feedline
10
1414.00500000
20
2222.29200000
30
0.00000000
0
VERTEX
8
Feedline
10
1414.73100000
20
2220.39400000
30
0.00000000
0
VERTEX
8
Feedline
10
1415.46400000
20
2218.49900000
30
0.00000000
0
VERTEX
8
Feedline
10
1416.20800000
20
2216.60000000
30
0.00000000
0
VERTEX
8
Feedline
10
1416.95200000
20
2214.71800000
30
0.00000000
0
VERTEX
8
Feedline
10
1417.70800000
20
2212.83300000
30
0.00000000
0
VERTEX
8
Feedline
10
1418.47100000
20
2210.95000000
30
0.00000000
0
VERTEX
8
Feedline
10
1419.24100000
20
2209.06900000
30
0.00000000
0
VERTEX
8
Feedline
10
1420.01800000
20
2207.19200000
30
0.00000000
0
VERTEX
8
Feedline
10
1420.80300000
20
2205.31800000
30
0.00000000
0
VERTEX
8
Feedline
10
1421.59500000
20
2203.44700000
30
0.00000000
0
VERTEX
8
Feedline
10
1422.39500000
20
2201.58000000
30
0.00000000
0
VERTEX
8
Feedline
10
1423.20200000
20
2199.71500000
30
0.00000000
0
VERTEX
8
Feedline
10
1424.02000000
20
2197.84400000
30
0.00000000
0
VERTEX
8
Feedline
10
1424.83700000
20
2195.99500000
30
0.00000000
0
VERTEX
8
Feedline
10
1425.67900000
20
2194.11200000
30
0.00000000
0
VERTEX
8
Feedline
10
1426.50200000
20
2192.28900000
30
0.00000000
0
VERTEX
8
Feedline
10
1427.34900000
20
2190.43000000
30
0.00000000
0
VERTEX
8
Feedline
10
1428.19400000
20
2188.59500000
30
0.00000000
0
VERTEX
8
Feedline
10
1429.05200000
20
2186.75300000
30
0.00000000
0
VERTEX
8
Feedline
10
1429.91600000
20
2184.91400000
30
0.00000000
0
VERTEX
8
Feedline
10
1430.78800000
20
2183.07900000
30
0.00000000
0
VERTEX
8
Feedline
10
1431.66700000
20
2181.24800000
30
0.00000000
0
VERTEX
8
Feedline
10
1432.55300000
20
2179.41900000
30
0.00000000
0
VERTEX
8
Feedline
10
1433.44700000
20
2177.59400000
30
0.00000000
0
VERTEX
8
Feedline
10
1434.34700000
20
2175.77300000
30
0.00000000
0
VERTEX
8
Feedline
10
1435.25500000
20
2173.95500000
30
0.00000000
0
VERTEX
8
Feedline
10
1436.18100000
20
2172.11700000
30
0.00000000
0
VERTEX
8
Feedline
10
1437.09100000
20
2170.33100000
30
0.00000000
0
VERTEX
8
Feedline
10
1438.01900000
20
2168.52400000
30
0.00000000
0
VERTEX
8
Feedline
10
1438.95500000
20
2166.72000000
30
0.00000000
0
VERTEX
8
Feedline
10
1439.89800000
20
2164.92000000
30
0.00000000
0
VERTEX
8
Feedline
10
1440.84800000
20
2163.12400000
30
0.00000000
0
VERTEX
8
Feedline
10
1441.80500000
20
2161.33300000
30
0.00000000
0
VERTEX
8
Feedline
10
1442.77400000
20
2159.53500000
30
0.00000000
0
VERTEX
8
Feedline
10
1443.73900000
20
2157.75900000
30
0.00000000
0
VERTEX
8
Feedline
10
1444.71700000
20
2155.97800000
30
0.00000000
0
VERTEX
8
Feedline
10
1445.70200000
20
2154.20100000
30
0.00000000
0
VERTEX
8
Feedline
10
1446.69400000
20
2152.42700000
30
0.00000000
0
VERTEX
8
Feedline
10
1447.69300000
20
2150.65900000
30
0.00000000
0
VERTEX
8
Feedline
10
1448.69700000
20
2148.89300000
30
0.00000000
0
VERTEX
8
Feedline
10
1449.72300000
20
2147.11000000
30
0.00000000
0
VERTEX
8
Feedline
10
1450.72900000
20
2145.37400000
30
0.00000000
0
VERTEX
8
Feedline
10
1451.75500000
20
2143.62000000
30
0.00000000
0
VERTEX
8
Feedline
10
1452.78800000
20
2141.87100000
30
0.00000000
0
VERTEX
8
Feedline
10
1453.82800000
20
2140.12600000
30
0.00000000
0
VERTEX
8
Feedline
10
1454.87500000
20
2138.38500000
30
0.00000000
0
VERTEX
8
Feedline
10
1455.94900000
20
2136.61400000
30
0.00000000
0
VERTEX
8
Feedline
10
1456.98900000
20
2134.91400000
30
0.00000000
0
VERTEX
8
Feedline
10
1458.05600000
20
2133.18500000
30
0.00000000
0
VERTEX
8
Feedline
10
1459.12900000
20
2131.46000000
30
0.00000000
0
VERTEX
8
Feedline
10
1460.20900000
20
2129.74000000
30
0.00000000
0
VERTEX
8
Feedline
10
1461.29700000
20
2128.02400000
30
0.00000000
0
VERTEX
8
Feedline
10
1462.39100000
20
2126.31100000
30
0.00000000
0
VERTEX
8
Feedline
10
1463.49100000
20
2124.60300000
30
0.00000000
0
VERTEX
8
Feedline
10
1464.60400000
20
2122.89100000
30
0.00000000
0
VERTEX
8
Feedline
10
1465.73400000
20
2121.16800000
30
0.00000000
0
VERTEX
8
Feedline
10
1466.83300000
20
2119.50700000
30
0.00000000
0
VERTEX
8
Feedline
10
1467.96000000
20
2117.81600000
30
0.00000000
0
VERTEX
8
Feedline
10
1469.09300000
20
2116.13000000
30
0.00000000
0
VERTEX
8
Feedline
10
1470.23300000
20
2114.44800000
30
0.00000000
0
VERTEX
8
Feedline
10
1471.38000000
20
2112.77100000
30
0.00000000
0
VERTEX
8
Feedline
10
1472.53400000
20
2111.09800000
30
0.00000000
0
VERTEX
8
Feedline
10
1473.69400000
20
2109.43100000
30
0.00000000
0
VERTEX
8
Feedline
10
1474.86000000
20
2107.76700000
30
0.00000000
0
VERTEX
8
Feedline
10
1476.03300000
20
2106.10800000
30
0.00000000
0
VERTEX
8
Feedline
10
1477.21300000
20
2104.45400000
30
0.00000000
0
VERTEX
8
Feedline
10
1478.39900000
20
2102.80400000
30
0.00000000
0
VERTEX
8
Feedline
10
1479.59000000
20
2101.15900000
30
0.00000000
0
VERTEX
8
Feedline
10
1480.78900000
20
2099.51800000
30
0.00000000
0
VERTEX
8
Feedline
10
1481.99400000
20
2097.88300000
30
0.00000000
0
VERTEX
8
Feedline
10
1483.20600000
20
2096.25200000
30
0.00000000
0
VERTEX
8
Feedline
10
1484.42400000
20
2094.62600000
30
0.00000000
0
VERTEX
8
Feedline
10
1485.66800000
20
2092.97800000
30
0.00000000
0
VERTEX
8
Feedline
10
1486.87900000
20
2091.38700000
30
0.00000000
0
VERTEX
8
Feedline
10
1488.11600000
20
2089.77500000
30
0.00000000
0
VERTEX
8
Feedline
10
1489.35900000
20
2088.16900000
30
0.00000000
0
VERTEX
8
Feedline
10
1490.60700000
20
2086.56700000
30
0.00000000
0
VERTEX
8
Feedline
10
1491.86300000
20
2084.97000000
30
0.00000000
0
VERTEX
8
Feedline
10
1493.12500000
20
2083.37700000
30
0.00000000
0
VERTEX
8
Feedline
10
1494.39300000
20
2081.79000000
30
0.00000000
0
VERTEX
8
Feedline
10
1495.66700000
20
2080.20700000
30
0.00000000
0
VERTEX
8
Feedline
10
1496.94800000
20
2078.63100000
30
0.00000000
0
VERTEX
8
Feedline
10
1498.23500000
20
2077.05800000
30
0.00000000
0
VERTEX
8
Feedline
10
1499.52800000
20
2075.49000000
30
0.00000000
0
VERTEX
8
Feedline
10
1500.82600000
20
2073.92800000
30
0.00000000
0
VERTEX
8
Feedline
10
1502.13100000
20
2072.37100000
30
0.00000000
0
VERTEX
8
Feedline
10
1503.44200000
20
2070.81800000
30
0.00000000
0
VERTEX
8
Feedline
10
1504.75900000
20
2069.27100000
30
0.00000000
0
VERTEX
8
Feedline
10
1506.08200000
20
2067.73000000
30
0.00000000
0
VERTEX
8
Feedline
10
1507.41100000
20
2066.19400000
30
0.00000000
0
VERTEX
8
Feedline
10
1508.74700000
20
2064.66200000
30
0.00000000
0
VERTEX
8
Feedline
10
1510.08800000
20
2063.13600000
30
0.00000000
0
VERTEX
8
Feedline
10
1511.43400000
20
2061.61500000
30
0.00000000
0
VERTEX
8
Feedline
10
1512.78700000
20
2060.09900000
30
0.00000000
0
VERTEX
8
Feedline
10
1514.16700000
20
2058.56500000
30
0.00000000
0
VERTEX
8
Feedline
10
1515.51100000
20
2057.08400000
30
0.00000000
0
VERTEX
8
Feedline
10
1516.88200000
20
2055.58400000
30
0.00000000
0
VERTEX
8
Feedline
10
1518.25800000
20
2054.09000000
30
0.00000000
0
VERTEX
8
Feedline
10
1519.64100000
20
2052.60100000
30
0.00000000
0
VERTEX
8
Feedline
10
1521.02900000
20
2051.11700000
30
0.00000000
0
VERTEX
8
Feedline
10
1522.42200000
20
2049.63900000
30
0.00000000
0
VERTEX
8
Feedline
10
1523.82200000
20
2048.16600000
30
0.00000000
0
VERTEX
8
Feedline
10
1525.24300000
20
2046.68300000
30
0.00000000
0
VERTEX
8
Feedline
10
1526.68200000
20
2045.19400000
30
0.00000000
0
VERTEX
8
Feedline
10
1528.05600000
20
2043.78200000
30
0.00000000
0
VERTEX
8
Feedline
10
1529.47800000
20
2042.33100000
30
0.00000000
0
VERTEX
8
Feedline
10
1530.90700000
20
2040.88600000
30
0.00000000
0
VERTEX
8
Feedline
10
1532.35700000
20
2039.42900000
30
0.00000000
0
VERTEX
8
Feedline
10
2489.44600000
20
1082.33900000
30
0.00000000
0
VERTEX
8
Feedline
10
2490.82500000
20
1080.95500000
30
0.00000000
0
VERTEX
8
Feedline
10
2492.19800000
20
1079.56600000
30
0.00000000
0
VERTEX
8
Feedline
10
2493.56500000
20
1078.17100000
30
0.00000000
0
VERTEX
8
Feedline
10
2494.93400000
20
1076.76300000
30
0.00000000
0
VERTEX
8
Feedline
10
2496.30700000
20
1075.33900000
30
0.00000000
0
VERTEX
8
Feedline
10
2497.67500000
20
1073.90700000
30
0.00000000
0
VERTEX
8
Feedline
10
2499.00000000
20
1072.51100000
30
0.00000000
0
VERTEX
8
Feedline
10
2500.31500000
20
1071.11100000
30
0.00000000
0
VERTEX
8
Feedline
10
2501.64900000
20
1069.68300000
30
0.00000000
0
VERTEX
8
Feedline
10
2502.97600000
20
1068.24900000
30
0.00000000
0
VERTEX
8
Feedline
10
2504.29600000
20
1066.81000000
30
0.00000000
0
VERTEX
8
Feedline
10
2505.61200000
20
1065.36600000
30
0.00000000
0
VERTEX
8
Feedline
10
2506.92100000
20
1063.91500000
30
0.00000000
0
VERTEX
8
Feedline
10
2508.23100000
20
1062.45200000
30
0.00000000
0
VERTEX
8
Feedline
10
2509.52100000
20
1061.00000000
30
0.00000000
0
VERTEX
8
Feedline
10
2510.81400000
20
1059.53500000
30
0.00000000
0
VERTEX
8
Feedline
10
2512.09900000
20
1058.06400000
30
0.00000000
0
VERTEX
8
Feedline
10
2513.37900000
20
1056.58800000
30
0.00000000
0
VERTEX
8
Feedline
10
2514.65200000
20
1055.10700000
30
0.00000000
0
VERTEX
8
Feedline
10
2515.91900000
20
1053.61900000
30
0.00000000
0
VERTEX
8
Feedline
10
2517.18100000
20
1052.12800000
30
0.00000000
0
VERTEX
8
Feedline
10
2518.43600000
20
1050.63100000
30
0.00000000
0
VERTEX
8
Feedline
10
2519.68600000
20
1049.12900000
30
0.00000000
0
VERTEX
8
Feedline
10
2520.92900000
20
1047.62300000
30
0.00000000
0
VERTEX
8
Feedline
10
2522.18400000
20
1046.08800000
30
0.00000000
0
VERTEX
8
Feedline
10
2523.39700000
20
1044.59300000
30
0.00000000
0
VERTEX
8
Feedline
10
2524.62100000
20
1043.07100000
30
0.00000000
0
VERTEX
8
Feedline
10
2525.83900000
20
1041.54400000
30
0.00000000
0
VERTEX
8
Feedline
10
2527.05200000
20
1040.01300000
30
0.00000000
0
VERTEX
8
Feedline
10
2528.26700000
20
1038.46400000
30
0.00000000
0
VERTEX
8
Feedline
10
2529.45800000
20
1036.93400000
30
0.00000000
0
VERTEX
8
Feedline
10
2530.65100000
20
1035.38700000
30
0.00000000
0
VERTEX
8
Feedline
10
2531.83800000
20
1033.83600000
30
0.00000000
0
VERTEX
8
Feedline
10
2533.01900000
20
1032.28000000
30
0.00000000
0
VERTEX
8
Feedline
10
2534.19300000
20
1030.71900000
30
0.00000000
0
VERTEX
8
Feedline
10
2535.36100000
20
1029.15300000
30
0.00000000
0
VERTEX
8
Feedline
10
2536.52300000
20
1027.58300000
30
0.00000000
0
VERTEX
8
Feedline
10
2537.68500000
20
1025.99800000
30
0.00000000
0
VERTEX
8
Feedline
10
2538.82700000
20
1024.42700000
30
0.00000000
0
VERTEX
8
Feedline
10
2539.97000000
20
1022.84200000
30
0.00000000
0
VERTEX
8
Feedline
10
2541.10600000
20
1021.25300000
30
0.00000000
0
VERTEX
8
Feedline
10
2542.23600000
20
1019.65900000
30
0.00000000
0
VERTEX
8
Feedline
10
2543.35800000
20
1018.06100000
30
0.00000000
0
VERTEX
8
Feedline
10
2544.47500000
20
1016.45800000
30
0.00000000
0
VERTEX
8
Feedline
10
2545.58500000
20
1014.85000000
30
0.00000000
0
VERTEX
8
Feedline
10
2546.68800000
20
1013.23800000
30
0.00000000
0
VERTEX
8
Feedline
10
2547.78500000
20
1011.62200000
30
0.00000000
0
VERTEX
8
Feedline
10
2548.87600000
20
1010.00100000
30
0.00000000
0
VERTEX
8
Feedline
10
2549.95900000
20
1008.37600000
30
0.00000000
0
VERTEX
8
Feedline
10
2551.03600000
20
1006.74500000
30
0.00000000
0
VERTEX
8
Feedline
10
2552.12300000
20
1005.08600000
30
0.00000000
0
VERTEX
8
Feedline
10
2553.17000000
20
1003.47300000
30
0.00000000
0
VERTEX
8
Feedline
10
2554.22700000
20
1001.83000000
30
0.00000000
0
VERTEX
8
Feedline
10
2555.27800000
20
1000.18300000
30
0.00000000
0
VERTEX
8
Feedline
10
2556.32100000
20
998.53200000
30
0.00000000
0
VERTEX
8
Feedline
10
2557.38500000
20
996.83200000
30
0.00000000
0
VERTEX
8
Feedline
10
2558.38900000
20
995.21600000
30
0.00000000
0
VERTEX
8
Feedline
10
2559.43200000
20
993.51900000
30
0.00000000
0
VERTEX
8
Feedline
10
2560.42900000
20
991.88400000
30
0.00000000
0
VERTEX
8
Feedline
10
2561.43900000
20
990.21200000
30
0.00000000
0
VERTEX
8
Feedline
10
2562.44600000
20
988.52800000
30
0.00000000
0
VERTEX
8
Feedline
10
2563.43800000
20
986.85400000
30
0.00000000
0
VERTEX
8
Feedline
10
2564.43300000
20
985.16100000
30
0.00000000
0
VERTEX
8
Feedline
10
2565.40900000
20
983.48200000
30
0.00000000
0
VERTEX
8
Feedline
10
2566.38500000
20
981.79000000
30
0.00000000
0
VERTEX
8
Feedline
10
2567.35300000
20
980.09300000
30
0.00000000
0
VERTEX
8
Feedline
10
2568.31600000
20
978.39300000
30
0.00000000
0
VERTEX
8
Feedline
10
2569.27100000
20
976.68800000
30
0.00000000
0
VERTEX
8
Feedline
10
2570.23300000
20
974.95500000
30
0.00000000
0
VERTEX
8
Feedline
10
2571.16500000
20
973.25800000
30
0.00000000
0
VERTEX
8
Feedline
10
2572.09400000
20
971.55300000
30
0.00000000
0
VERTEX
8
Feedline
10
2573.02000000
20
969.83300000
30
0.00000000
0
VERTEX
8
Feedline
10
2573.94000000
20
968.10900000
30
0.00000000
0
VERTEX
8
Feedline
10
2574.85300000
20
966.38200000
30
0.00000000
0
VERTEX
8
Feedline
10
2575.75900000
20
964.65200000
30
0.00000000
0
VERTEX
8
Feedline
10
2576.65800000
20
962.91800000
30
0.00000000
0
VERTEX
8
Feedline
10
2577.55100000
20
961.17900000
30
0.00000000
0
VERTEX
8
Feedline
10
2578.43500000
20
959.43800000
30
0.00000000
0
VERTEX
8
Feedline
10
2579.31300000
20
957.69200000
30
0.00000000
0
VERTEX
8
Feedline
10
2580.18300000
20
955.94300000
30
0.00000000
0
VERTEX
8
Feedline
10
2581.04700000
20
954.19100000
30
0.00000000
0
VERTEX
8
Feedline
10
2581.90300000
20
952.43600000
30
0.00000000
0
VERTEX
8
Feedline
10
2582.75200000
20
950.67600000
30
0.00000000
0
VERTEX
8
Feedline
10
2583.59400000
20
948.91300000
30
0.00000000
0
VERTEX
8
Feedline
10
2584.42800000
20
947.14700000
30
0.00000000
0
VERTEX
8
Feedline
10
2585.25600000
20
945.37700000
30
0.00000000
0
VERTEX
8
Feedline
10
2586.07600000
20
943.60500000
30
0.00000000
0
VERTEX
8
Feedline
10
2586.89000000
20
941.82900000
30
0.00000000
0
VERTEX
8
Feedline
10
2587.70900000
20
940.01900000
30
0.00000000
0
VERTEX
8
Feedline
10
2588.50300000
20
938.24800000
30
0.00000000
0
VERTEX
8
Feedline
10
2589.29100000
20
936.46800000
30
0.00000000
0
VERTEX
8
Feedline
10
2590.07100000
20
934.68800000
30
0.00000000
0
VERTEX
8
Feedline
10
2590.84700000
20
932.89900000
30
0.00000000
0
VERTEX
8
Feedline
10
2591.61600000
20
931.10300000
30
0.00000000
0
VERTEX
8
Feedline
10
2592.37900000
20
929.30400000
30
0.00000000
0
VERTEX
8
Feedline
10
2593.13400000
20
927.50200000
30
0.00000000
0
VERTEX
8
Feedline
10
2593.88100000
20
925.69800000
30
0.00000000
0
VERTEX
8
Feedline
10
2594.62100000
20
923.89000000
30
0.00000000
0
VERTEX
8
Feedline
10
2595.35400000
20
922.07900000
30
0.00000000
0
VERTEX
8
Feedline
10
2596.09900000
20
920.21700000
30
0.00000000
0
VERTEX
8
Feedline
10
2596.79800000
20
918.44800000
30
0.00000000
0
VERTEX
8
Feedline
10
2597.50900000
20
916.62900000
30
0.00000000
0
VERTEX
8
Feedline
10
2598.22400000
20
914.77400000
30
0.00000000
0
VERTEX
8
Feedline
10
2598.91700000
20
912.95600000
30
0.00000000
0
VERTEX
8
Feedline
10
2599.60300000
20
911.13300000
30
0.00000000
0
VERTEX
8
Feedline
10
2600.29000000
20
909.28600000
30
0.00000000
0
VERTEX
8
Feedline
10
2600.95400000
20
907.47900000
30
0.00000000
0
VERTEX
8
Feedline
10
2601.61800000
20
905.64800000
30
0.00000000
0
VERTEX
8
Feedline
10
2602.27500000
20
903.81200000
30
0.00000000
0
VERTEX
8
Feedline
10
2602.92600000
20
901.97100000
30
0.00000000
0
VERTEX
8
Feedline
10
2603.57000000
20
900.12600000
30
0.00000000
0
VERTEX
8
Feedline
10
2604.20600000
20
898.27900000
30
0.00000000
0
VERTEX
8
Feedline
10
2604.84700000
20
896.39000000
30
0.00000000
0
VERTEX
8
Feedline
10
2605.45500000
20
894.57700000
30
0.00000000
0
VERTEX
8
Feedline
10
2606.06900000
20
892.72300000
30
0.00000000
0
VERTEX
8
Feedline
10
2606.67600000
20
890.86500000
30
0.00000000
0
VERTEX
8
Feedline
10
2607.27500000
20
889.00100000
30
0.00000000
0
VERTEX
8
Feedline
10
2607.86500000
20
887.14400000
30
0.00000000
0
VERTEX
8
Feedline
10
2608.44800000
20
885.27900000
30
0.00000000
0
VERTEX
8
Feedline
10
2609.02300000
20
883.41300000
30
0.00000000
0
VERTEX
8
Feedline
10
2609.59100000
20
881.54300000
30
0.00000000
0
VERTEX
8
Feedline
10
2610.15200000
20
879.67200000
30
0.00000000
0
VERTEX
8
Feedline
10
2610.70500000
20
877.79800000
30
0.00000000
0
VERTEX
8
Feedline
10
2611.25000000
20
875.92200000
30
0.00000000
0
VERTEX
8
Feedline
10
2611.79100000
20
874.03000000
30
0.00000000
0
VERTEX
8
Feedline
10
2612.31700000
20
872.16300000
30
0.00000000
0
VERTEX
8
Feedline
10
2612.83900000
20
870.28100000
30
0.00000000
0
VERTEX
8
Feedline
10
2613.35400000
20
868.39700000
30
0.00000000
0
VERTEX
8
Feedline
10
2613.87600000
20
866.45100000
30
0.00000000
0
VERTEX
8
Feedline
10
2614.36000000
20
864.62200000
30
0.00000000
0
VERTEX
8
Feedline
10
2614.85100000
20
862.73000000
30
0.00000000
0
VERTEX
8
Feedline
10
2615.33500000
20
860.83800000
30
0.00000000
0
VERTEX
8
Feedline
10
2615.81200000
20
858.94300000
30
0.00000000
0
VERTEX
8
Feedline
10
2616.28000000
20
857.04700000
30
0.00000000
0
VERTEX
8
Feedline
10
2616.74100000
20
855.14900000
30
0.00000000
0
VERTEX
8
Feedline
10
2617.19400000
20
853.24800000
30
0.00000000
0
VERTEX
8
Feedline
10
2617.63900000
20
851.34600000
30
0.00000000
0
VERTEX
8
Feedline
10
2618.07600000
20
849.44200000
30
0.00000000
0
VERTEX
8
Feedline
10
2618.50600000
20
847.53700000
30
0.00000000
0
VERTEX
8
Feedline
10
2618.92800000
20
845.63000000
30
0.00000000
0
VERTEX
8
Feedline
10
2619.34300000
20
843.71600000
30
0.00000000
0
VERTEX
8
Feedline
10
2619.74900000
20
841.80900000
30
0.00000000
0
VERTEX
8
Feedline
10
2620.14700000
20
839.89700000
30
0.00000000
0
VERTEX
8
Feedline
10
2620.53800000
20
837.98300000
30
0.00000000
0
VERTEX
8
Feedline
10
2620.92100000
20
836.06800000
30
0.00000000
0
VERTEX
8
Feedline
10
2621.29600000
20
834.15100000
30
0.00000000
0
VERTEX
8
Feedline
10
2621.66400000
20
832.23100000
30
0.00000000
0
VERTEX
8
Feedline
10
2622.02300000
20
830.31100000
30
0.00000000
0
VERTEX
8
Feedline
10
2622.37900000
20
828.36800000
30
0.00000000
0
VERTEX
8
Feedline
10
2622.71900000
20
826.46700000
30
0.00000000
0
VERTEX
8
Feedline
10
2623.05500000
20
824.54200000
30
0.00000000
0
VERTEX
8
Feedline
10
2623.38700000
20
822.59400000
30
0.00000000
0
VERTEX
8
Feedline
10
2623.70600000
20
820.68100000
30
0.00000000
0
VERTEX
8
Feedline
10
2624.01700000
20
818.76100000
30
0.00000000
0
VERTEX
8
Feedline
10
2624.32600000
20
816.79900000
30
0.00000000
0
VERTEX
8
Feedline
10
2624.61800000
20
814.90100000
30
0.00000000
0
VERTEX
8
Feedline
10
2624.90700000
20
812.96900000
30
0.00000000
0
VERTEX
8
Feedline
10
2625.18900000
20
811.03600000
30
0.00000000
0
VERTEX
8
Feedline
10
2625.47000000
20
809.04900000
30
0.00000000
0
VERTEX
8
Feedline
10
2625.72800000
20
807.16600000
30
0.00000000
0
VERTEX
8
Feedline
10
2625.98600000
20
805.23000000
30
0.00000000
0
VERTEX
8
Feedline
10
2626.23600000
20
803.29200000
30
0.00000000
0
VERTEX
8
Feedline
10
2626.47700000
20
801.35300000
30
0.00000000
0
VERTEX
8
Feedline
10
2626.71100000
20
799.41400000
30
0.00000000
0
VERTEX
8
Feedline
10
2626.93700000
20
797.47400000
30
0.00000000
0
VERTEX
8
Feedline
10
2627.15600000
20
795.53200000
30
0.00000000
0
VERTEX
8
Feedline
10
2627.36600000
20
793.59000000
30
0.00000000
0
VERTEX
8
Feedline
10
2627.56800000
20
791.64700000
30
0.00000000
0
VERTEX
8
Feedline
10
2627.76300000
20
789.70300000
30
0.00000000
0
VERTEX
8
Feedline
10
2627.94900000
20
787.75900000
30
0.00000000
0
VERTEX
8
Feedline
10
2628.12800000
20
785.81300000
30
0.00000000
0
VERTEX
8
Feedline
10
2628.29800000
20
783.86700000
30
0.00000000
0
VERTEX
8
Feedline
10
2628.46100000
20
781.92100000
30
0.00000000
0
VERTEX
8
Feedline
10
2628.61600000
20
779.97300000
30
0.00000000
0
VERTEX
8
Feedline
10
2628.76300000
20
778.02400000
30
0.00000000
0
VERTEX
8
Feedline
10
2628.90200000
20
776.07600000
30
0.00000000
0
VERTEX
8
Feedline
10
2629.03300000
20
774.12700000
30
0.00000000
0
VERTEX
8
Feedline
10
2629.15700000
20
772.16000000
30
0.00000000
0
VERTEX
8
Feedline
10
2629.27100000
20
770.22800000
30
0.00000000
0
VERTEX
8
Feedline
10
2629.37900000
20
768.25300000
30
0.00000000
0
VERTEX
8
Feedline
10
2629.47800000
20
766.32600000
30
0.00000000
0
VERTEX
8
Feedline
10
2629.57000000
20
764.34500000
30
0.00000000
0
VERTEX
8
Feedline
10
2629.65300000
20
762.42100000
30
0.00000000
0
VERTEX
8
Feedline
10
2629.72800000
20
760.47100000
30
0.00000000
0
VERTEX
8
Feedline
10
2629.79600000
20
758.51900000
30
0.00000000
0
VERTEX
8
Feedline
10
2629.85500000
20
756.56600000
30
0.00000000
0
VERTEX
8
Feedline
10
2629.90700000
20
754.61300000
30
0.00000000
0
VERTEX
8
Feedline
10
2629.95100000
20
752.63500000
30
0.00000000
0
VERTEX
8
Feedline
10
2629.98600000
20
750.70700000
30
0.00000000
0
VERTEX
8
Feedline
10
2630.01400000
20
748.75400000
30
0.00000000
0
VERTEX
8
Feedline
10
2630.03400000
20
746.80000000
30
0.00000000
0
VERTEX
8
Feedline
10
2630.04600000
20
744.84700000
30
0.00000000
0
VERTEX
8
Feedline
10
2630.05000000
20
742.89300000
30
0.00000000
0
VERTEX
8
Feedline
10
2640.95000000
20
742.89300000
30
0.00000000
0
VERTEX
8
Feedline
10
2640.94600000
20
744.87100000
30
0.00000000
0
VERTEX
8
Feedline
10
2640.93400000
20
746.84800000
30
0.00000000
0
VERTEX
8
Feedline
10
2640.91400000
20
748.82500000
30
0.00000000
0
VERTEX
8
Feedline
10
2640.88600000
20
750.80200000
30
0.00000000
0
VERTEX
8
Feedline
10
2640.85000000
20
752.78000000
30
0.00000000
0
VERTEX
8
Feedline
10
2640.80700000
20
754.75700000
30
0.00000000
0
VERTEX
8
Feedline
10
2640.75500000
20
756.73400000
30
0.00000000
0
VERTEX
8
Feedline
10
2640.69500000
20
758.70900000
30
0.00000000
0
VERTEX
8
Feedline
10
2640.62700000
20
760.68600000
30
0.00000000
0
VERTEX
8
Feedline
10
2640.55200000
20
762.66200000
30
0.00000000
0
VERTEX
8
Feedline
10
2640.46800000
20
764.63800000
30
0.00000000
0
VERTEX
8
Feedline
10
2640.37700000
20
766.61300000
30
0.00000000
0
VERTEX
8
Feedline
10
2640.27700000
20
768.58700000
30
0.00000000
0
VERTEX
8
Feedline
10
2640.17000000
20
770.56200000
30
0.00000000
0
VERTEX
8
Feedline
10
2640.05400000
20
772.54500000
30
0.00000000
0
VERTEX
8
Feedline
10
2639.93100000
20
774.51000000
30
0.00000000
0
VERTEX
8
Feedline
10
2639.79900000
20
776.48300000
30
0.00000000
0
VERTEX
8
Feedline
10
2639.66000000
20
778.45500000
30
0.00000000
0
VERTEX
8
Feedline
10
2639.51300000
20
780.43000000
30
0.00000000
0
VERTEX
8
Feedline
10
2639.35800000
20
782.39800000
30
0.00000000
0
VERTEX
8
Feedline
10
2639.19500000
20
784.37000000
30
0.00000000
0
VERTEX
8
Feedline
10
2639.02400000
20
786.33900000
30
0.00000000
0
VERTEX
8
Feedline
10
2638.84500000
20
788.30800000
30
0.00000000
0
VERTEX
8
Feedline
10
2638.65800000
20
790.27700000
30
0.00000000
0
VERTEX
8
Feedline
10
2638.46300000
20
792.24500000
30
0.00000000
0
VERTEX
8
Feedline
10
2638.26000000
20
794.21200000
30
0.00000000
0
VERTEX
8
Feedline
10
2638.05000000
20
796.17800000
30
0.00000000
0
VERTEX
8
Feedline
10
2637.83100000
20
798.14300000
30
0.00000000
0
VERTEX
8
Feedline
10
2637.60400000
20
800.10700000
30
0.00000000
0
VERTEX
8
Feedline
10
2637.37000000
20
802.07100000
30
0.00000000
0
VERTEX
8
Feedline
10
2637.12800000
20
804.03300000
30
0.00000000
0
VERTEX
8
Feedline
10
2636.87800000
20
805.99500000
30
0.00000000
0
VERTEX
8
Feedline
10
2636.61900000
20
807.95500000
30
0.00000000
0
VERTEX
8
Feedline
10
2636.35300000
20
809.91400000
30
0.00000000
0
VERTEX
8
Feedline
10
2636.07900000
20
811.87300000
30
0.00000000
0
VERTEX
8
Feedline
10
2635.79900000
20
813.83000000
30
0.00000000
0
VERTEX
8
Feedline
10
2635.50900000
20
815.78700000
30
0.00000000
0
VERTEX
8
Feedline
10
2635.21100000
20
817.74100000
30
0.00000000
0
VERTEX
8
Feedline
10
2634.90600000
20
819.69500000
30
0.00000000
0
VERTEX
8
Feedline
10
2634.59300000
20
821.64700000
30
0.00000000
0
VERTEX
8
Feedline
10
2634.27200000
20
823.59800000
30
0.00000000
0
VERTEX
8
Feedline
10
2633.94300000
20
825.54900000
30
0.00000000
0
VERTEX
8
Feedline
10
2633.60600000
20
827.49600000
30
0.00000000
0
VERTEX
8
Feedline
10
2633.25400000
20
829.48300000
30
0.00000000
0
VERTEX
8
Feedline
10
2632.89400000
20
831.46200000
30
0.00000000
0
VERTEX
8
Feedline
10
2632.54400000
20
833.35500000
30
0.00000000
0
VERTEX
8
Feedline
10
2632.18000000
20
835.27700000
30
0.00000000
0
VERTEX
8
Feedline
10
2631.80400000
20
837.21700000
30
0.00000000
0
VERTEX
8
Feedline
10
2631.42000000
20
839.15700000
30
0.00000000
0
VERTEX
8
Feedline
10
2631.02800000
20
841.09600000
30
0.00000000
0
VERTEX
8
Feedline
10
2630.62900000
20
843.03300000
30
0.00000000
0
VERTEX
8
Feedline
10
2630.22100000
20
844.96800000
30
0.00000000
0
VERTEX
8
Feedline
10
2629.79400000
20
846.95400000
30
0.00000000
0
VERTEX
8
Feedline
10
2629.37700000
20
848.86500000
30
0.00000000
0
VERTEX
8
Feedline
10
2628.95300000
20
850.76200000
30
0.00000000
0
VERTEX
8
Feedline
10
2628.51500000
20
852.69100000
30
0.00000000
0
VERTEX
8
Feedline
10
2628.06500000
20
854.62900000
30
0.00000000
0
VERTEX
8
Feedline
10
2627.60500000
20
856.58000000
30
0.00000000
0
VERTEX
8
Feedline
10
2627.14900000
20
858.48400000
30
0.00000000
0
VERTEX
8
Feedline
10
2626.68300000
20
860.38500000
30
0.00000000
0
VERTEX
8
Feedline
10
2626.20700000
20
862.30400000
30
0.00000000
0
VERTEX
8
Feedline
10
2625.71800000
20
864.23400000
30
0.00000000
0
VERTEX
8
Feedline
10
2625.23000000
20
866.13600000
30
0.00000000
0
VERTEX
8
Feedline
10
2624.73000000
20
868.04900000
30
0.00000000
0
VERTEX
8
Feedline
10
2624.22200000
20
869.96000000
30
0.00000000
0
VERTEX
8
Feedline
10
2623.70400000
20
871.87500000
30
0.00000000
0
VERTEX
8
Feedline
10
2623.18300000
20
873.77700000
30
0.00000000
0
VERTEX
8
Feedline
10
2622.65100000
20
875.68100000
30
0.00000000
0
VERTEX
8
Feedline
10
2622.11300000
20
877.58300000
30
0.00000000
0
VERTEX
8
Feedline
10
2621.56600000
20
879.48400000
30
0.00000000
0
VERTEX
8
Feedline
10
2621.01200000
20
881.38200000
30
0.00000000
0
VERTEX
8
Feedline
10
2620.44100000
20
883.31200000
30
0.00000000
0
VERTEX
8
Feedline
10
2619.87300000
20
885.19800000
30
0.00000000
0
VERTEX
8
Feedline
10
2619.29300000
20
887.10000000
30
0.00000000
0
VERTEX
8
Feedline
10
2618.72000000
20
888.95200000
30
0.00000000
0
VERTEX
8
Feedline
10
2618.12800000
20
890.83900000
30
0.00000000
0
VERTEX
8
Feedline
10
2617.52800000
20
892.72400000
30
0.00000000
0
VERTEX
8
Feedline
10
2616.92100000
20
894.60600000
30
0.00000000
0
VERTEX
8
Feedline
10
2616.30700000
20
896.48400000
30
0.00000000
0
VERTEX
8
Feedline
10
2615.68400000
20
898.36100000
30
0.00000000
0
VERTEX
8
Feedline
10
2615.05400000
20
900.23600000
30
0.00000000
0
VERTEX
8
Feedline
10
2614.41700000
20
902.10800000
30
0.00000000
0
VERTEX
8
Feedline
10
2613.76500000
20
903.99700000
30
0.00000000
0
VERTEX
8
Feedline
10
2613.11900000
20
905.84300000
30
0.00000000
0
VERTEX
8
Feedline
10
2612.45900000
20
907.70700000
30
0.00000000
0
VERTEX
8
Feedline
10
2611.78700000
20
909.58000000
30
0.00000000
0
VERTEX
8
Feedline
10
2611.11600000
20
911.42700000
30
0.00000000
0
VERTEX
8
Feedline
10
2610.43400000
20
913.28300000
30
0.00000000
0
VERTEX
8
Feedline
10
2609.74400000
20
915.13600000
30
0.00000000
0
VERTEX
8
Feedline
10
2609.04600000
20
916.98600000
30
0.00000000
0
VERTEX
8
Feedline
10
2608.34100000
20
918.83400000
30
0.00000000
0
VERTEX
8
Feedline
10
2607.62900000
20
920.67900000
30
0.00000000
0
VERTEX
8
Feedline
10
2606.90900000
20
922.52100000
30
0.00000000
0
VERTEX
8
Feedline
10
2606.18000000
20
924.36300000
30
0.00000000
0
VERTEX
8
Feedline
10
2605.44800000
20
926.19500000
30
0.00000000
0
VERTEX
8
Feedline
10
2604.70600000
20
928.02800000
30
0.00000000
0
VERTEX
8
Feedline
10
2603.93200000
20
929.91600000
30
0.00000000
0
VERTEX
8
Feedline
10
2603.19400000
20
931.69900000
30
0.00000000
0
VERTEX
8
Feedline
10
2602.43500000
20
933.50900000
30
0.00000000
0
VERTEX
8
Feedline
10
2601.66400000
20
935.32900000
30
0.00000000
0
VERTEX
8
Feedline
10
2600.88500000
20
937.14700000
30
0.00000000
0
VERTEX
8
Feedline
10
2600.09900000
20
938.96100000
30
0.00000000
0
VERTEX
8
Feedline
10
2599.29700000
20
940.79300000
30
0.00000000
0
VERTEX
8
Feedline
10
2598.50500000
20
942.58100000
30
0.00000000
0
VERTEX
8
Feedline
10
2597.69700000
20
944.38500000
30
0.00000000
0
VERTEX
8
Feedline
10
2596.88200000
20
946.18700000
30
0.00000000
0
VERTEX
8
Feedline
10
2596.05300000
20
947.99900000
30
0.00000000
0
VERTEX
8
Feedline
10
2595.23000000
20
949.78000000
30
0.00000000
0
VERTEX
8
Feedline
10
2594.39300000
20
951.57200000
30
0.00000000
0
VERTEX
8
Feedline
10
2593.54900000
20
953.36000000
30
0.00000000
0
VERTEX
8
Feedline
10
2592.69800000
20
955.14400000
30
0.00000000
0
VERTEX
8
Feedline
10
2591.83900000
20
956.92600000
30
0.00000000
0
VERTEX
8
Feedline
10
2590.97400000
20
958.70400000
30
0.00000000
0
VERTEX
8
Feedline
10
2590.10100000
20
960.47800000
30
0.00000000
0
VERTEX
8
Feedline
10
2589.22100000
20
962.24900000
30
0.00000000
0
VERTEX
8
Feedline
10
2588.33300000
20
964.01600000
30
0.00000000
0
VERTEX
8
Feedline
10
2587.43900000
20
965.78000000
30
0.00000000
0
VERTEX
8
Feedline
10
2586.52700000
20
967.56200000
30
0.00000000
0
VERTEX
8
Feedline
10
2585.63000000
20
969.29600000
30
0.00000000
0
VERTEX
8
Feedline
10
2584.71500000
20
971.04900000
30
0.00000000
0
VERTEX
8
Feedline
10
2583.79200000
20
972.79900000
30
0.00000000
0
VERTEX
8
Feedline
10
2582.86300000
20
974.54300000
30
0.00000000
0
VERTEX
8
Feedline
10
2581.90300000
20
976.32700000
30
0.00000000
0
VERTEX
8
Feedline
10
2580.98300000
20
978.02300000
30
0.00000000
0
VERTEX
8
Feedline
10
2580.03200000
20
979.75700000
30
0.00000000
0
VERTEX
8
Feedline
10
2579.07400000
20
981.48700000
30
0.00000000
0
VERTEX
8
Feedline
10
2578.11000000
20
983.21300000
30
0.00000000
0
VERTEX
8
Feedline
10
2577.13800000
20
984.93500000
30
0.00000000
0
VERTEX
8
Feedline
10
2576.16100000
20
986.65400000
30
0.00000000
0
VERTEX
8
Feedline
10
2575.17500000
20
988.36800000
30
0.00000000
0
VERTEX
8
Feedline
10
2574.18300000
20
990.07900000
30
0.00000000
0
VERTEX
8
Feedline
10
2573.17900000
20
991.79500000
30
0.00000000
0
VERTEX
8
Feedline
10
2572.17800000
20
993.48700000
30
0.00000000
0
VERTEX
8
Feedline
10
2571.16000000
20
995.19500000
30
0.00000000
0
VERTEX
8
Feedline
10
2570.13200000
20
996.90300000
30
0.00000000
0
VERTEX
8
Feedline
10
2569.11900000
20
998.57000000
30
0.00000000
0
VERTEX
8
Feedline
10
2568.08600000
20
1000.25700000
30
0.00000000
0
VERTEX
8
Feedline
10
2567.04700000
20
1001.93900000
30
0.00000000
0
VERTEX
8
Feedline
10
2566.00000000
20
1003.61500000
30
0.00000000
0
VERTEX
8
Feedline
10
2564.94600000
20
1005.28900000
30
0.00000000
0
VERTEX
8
Feedline
10
2563.88600000
20
1006.95800000
30
0.00000000
0
VERTEX
8
Feedline
10
2562.81900000
20
1008.62300000
30
0.00000000
0
VERTEX
8
Feedline
10
2561.74500000
20
1010.28400000
30
0.00000000
0
VERTEX
8
Feedline
10
2560.66500000
20
1011.94000000
30
0.00000000
0
VERTEX
8
Feedline
10
2559.57800000
20
1013.59100000
30
0.00000000
0
VERTEX
8
Feedline
10
2558.48400000
20
1015.23900000
30
0.00000000
0
VERTEX
8
Feedline
10
2557.38500000
20
1016.88200000
30
0.00000000
0
VERTEX
8
Feedline
10
2556.27800000
20
1018.52100000
30
0.00000000
0
VERTEX
8
Feedline
10
2555.16400000
20
1020.15500000
30
0.00000000
0
VERTEX
8
Feedline
10
2554.04400000
20
1021.78500000
30
0.00000000
0
VERTEX
8
Feedline
10
2552.91700000
20
1023.40900000
30
0.00000000
0
VERTEX
8
Feedline
10
2551.76500000
20
1025.05700000
30
0.00000000
0
VERTEX
8
Feedline
10
2550.64400000
20
1026.64600000
30
0.00000000
0
VERTEX
8
Feedline
10
2549.49800000
20
1028.25800000
30
0.00000000
0
VERTEX
8
Feedline
10
2548.34600000
20
1029.86500000
30
0.00000000
0
VERTEX
8
Feedline
10
2547.18700000
20
1031.46700000
30
0.00000000
0
VERTEX
8
Feedline
10
2546.00800000
20
1033.08200000
30
0.00000000
0
VERTEX
8
Feedline
10
2544.85000000
20
1034.65600000
30
0.00000000
0
VERTEX
8
Feedline
10
2543.66100000
20
1036.25800000
30
0.00000000
0
VERTEX
8
Feedline
10
2542.48600000
20
1037.82800000
30
0.00000000
0
VERTEX
8
Feedline
10
2541.29100000
20
1039.41100000
30
0.00000000
0
VERTEX
8
Feedline
10
2540.09800000
20
1040.98000000
30
0.00000000
0
VERTEX
8
Feedline
10
2538.89400000
20
1042.54800000
30
0.00000000
0
VERTEX
8
Feedline
10
2537.67800000
20
1044.12000000
30
0.00000000
0
VERTEX
8
Feedline
10
2536.43900000
20
1045.70800000
30
0.00000000
0
VERTEX
8
Feedline
10
2535.24500000
20
1047.22500000
30
0.00000000
0
VERTEX
8
Feedline
10
2534.01600000
20
1048.77500000
30
0.00000000
0
VERTEX
8
Feedline
10
2532.78100000
20
1050.31900000
30
0.00000000
0
VERTEX
8
Feedline
10
2531.54000000
20
1051.85900000
30
0.00000000
0
VERTEX
8
Feedline
10
2530.29200000
20
1053.39200000
30
0.00000000
0
VERTEX
8
Feedline
10
2529.03800000
20
1054.92100000
30
0.00000000
0
VERTEX
8
Feedline
10
2527.76900000
20
1056.45700000
30
0.00000000
0
VERTEX
8
Feedline
10
2526.51300000
20
1057.96500000
30
0.00000000
0
VERTEX
8
Feedline
10
2525.23600000
20
1059.48500000
30
0.00000000
0
VERTEX
8
Feedline
10
2523.96300000
20
1060.98800000
30
0.00000000
0
VERTEX
8
Feedline
10
2522.67500000
20
1062.49400000
30
0.00000000
0
VERTEX
8
Feedline
10
2521.37200000
20
1064.00800000
30
0.00000000
0
VERTEX
8
Feedline
10
2520.09200000
20
1065.48200000
30
0.00000000
0
VERTEX
8
Feedline
10
2518.78900000
20
1066.97100000
30
0.00000000
0
VERTEX
8
Feedline
10
2517.48200000
20
1068.45300000
30
0.00000000
0
VERTEX
8
Feedline
10
2516.16700000
20
1069.93100000
30
0.00000000
0
VERTEX
8
Feedline
10
2514.84700000
20
1071.40300000
30
0.00000000
0
VERTEX
8
Feedline
10
2513.52100000
20
1072.86900000
30
0.00000000
0
VERTEX
8
Feedline
10
2512.18900000
20
1074.33100000
30
0.00000000
0
VERTEX
8
Feedline
10
2510.81400000
20
1075.82700000
30
0.00000000
0
VERTEX
8
Feedline
10
2509.48400000
20
1077.26300000
30
0.00000000
0
VERTEX
8
Feedline
10
2508.15100000
20
1078.69000000
30
0.00000000
0
VERTEX
8
Feedline
10
2506.79400000
20
1080.13200000
30
0.00000000
0
VERTEX
8
Feedline
10
2505.44100000
20
1081.55800000
30
0.00000000
0
VERTEX
8
Feedline
10
2504.07400000
20
1082.98600000
30
0.00000000
0
VERTEX
8
Feedline
10
2502.70200000
20
1084.40900000
30
0.00000000
0
VERTEX
8
Feedline
10
2501.29600000
20
1085.85500000
30
0.00000000
0
VERTEX
8
Feedline
10
2499.93900000
20
1087.24000000
30
0.00000000
0
VERTEX
8
Feedline
10
2498.53600000
20
1088.65900000
30
0.00000000
0
VERTEX
8
Feedline
10
2497.15400000
20
1090.04800000
30
0.00000000
0
SEQEND
8
Feedline
0
POLYLINE
8
Feedline
66
1
10
0.00000000
20
0.00000000
30
0.00000000
70
1
0
VERTEX
8
Feedline
10
2510.01900000
20
1102.77900000
30
0.00000000
0
VERTEX
8
Feedline
10
2511.37000000
20
1101.42200000
30
0.00000000
0
VERTEX
8
Feedline
10
2512.78300000
20
1099.99300000
30
0.00000000
0
VERTEX
8
Feedline
10
2514.19000000
20
1098.55900000
30
0.00000000
0
VERTEX
8
Feedline
10
2515.60700000
20
1097.10100000
30
0.00000000
0
VERTEX
8
Feedline
10
2516.98500000
20
1095.67300000
30
0.00000000
0
VERTEX
8
Feedline
10
2518.39800000
20
1094.19700000
30
0.00000000
0
VERTEX
8
Feedline
10
2519.75800000
20
1092.76500000
30
0.00000000
0
VERTEX
8
Feedline
10
2521.13600000
20
1091.30300000
30
0.00000000
0
VERTEX
8
Feedline
10
2522.50900000
20
1089.83600000
30
0.00000000
0
VERTEX
8
Feedline
10
2523.87500000
20
1088.36300000
30
0.00000000
0
VERTEX
8
Feedline
10
2525.24100000
20
1086.87900000
30
0.00000000
0
VERTEX
8
Feedline
10
2526.61500000
20
1085.37300000
30
0.00000000
0
VERTEX
8
Feedline
10
2527.93900000
20
1083.91200000
30
0.00000000
0
VERTEX
8
Feedline
10
2529.28200000
20
1082.41700000
30
0.00000000
0
VERTEX
8
Feedline
10
2530.61900000
20
1080.91800000
30
0.00000000
0
VERTEX
8
Feedline
10
2531.95100000
20
1079.41300000
30
0.00000000
0
VERTEX
8
Feedline
10
2533.27600000
20
1077.90300000
30
0.00000000
0
VERTEX
8
Feedline
10
2534.59500000
20
1076.38800000
30
0.00000000
0
VERTEX
8
Feedline
10
2535.93800000
20
1074.83200000
30
0.00000000
0
VERTEX
8
Feedline
10
2537.21500000
20
1073.34100000
30
0.00000000
0
VERTEX
8
Feedline
10
2538.51600000
20
1071.81100000
30
0.00000000
0
VERTEX
8
Feedline
10
2539.82300000
20
1070.26100000
30
0.00000000
0
VERTEX
8
Feedline
10
2541.10600000
20
1068.72800000
30
0.00000000
0
VERTEX
8
Feedline
10
2542.38400000
20
1067.18800000
30
0.00000000
0
VERTEX
8
Feedline
10
2543.67100000
20
1065.62400000
30
0.00000000
0
VERTEX
8
Feedline
10
2544.95200000
20
1064.05500000
30
0.00000000
0
VERTEX
8
Feedline
10
2546.19600000
20
1062.51900000
30
0.00000000
0
VERTEX
8
Feedline
10
2547.45400000
20
1060.95300000
30
0.00000000
0
VERTEX
8
Feedline
10
2548.70600000
20
1059.38200000
30
0.00000000
0
VERTEX
8
Feedline
10
2549.95900000
20
1057.79800000
30
0.00000000
0
VERTEX
8
Feedline
10
2551.19100000
20
1056.22600000
30
0.00000000
0
VERTEX
8
Feedline
10
2552.44300000
20
1054.61700000
30
0.00000000
0
VERTEX
8
Feedline
10
2553.65300000
20
1053.04800000
30
0.00000000
0
VERTEX
8
Feedline
10
2554.87400000
20
1051.45300000
30
0.00000000
0
VERTEX
8
Feedline
10
2556.08800000
20
1049.85300000
30
0.00000000
0
VERTEX
8
Feedline
10
2557.31600000
20
1048.22100000
30
0.00000000
0
VERTEX
8
Feedline
10
2558.49800000
20
1046.63800000
30
0.00000000
0
VERTEX
8
Feedline
10
2559.70200000
20
1045.01300000
30
0.00000000
0
VERTEX
8
Feedline
10
2560.89200000
20
1043.39300000
30
0.00000000
0
VERTEX
8
Feedline
10
2562.08400000
20
1041.75600000
30
0.00000000
0
VERTEX
8
Feedline
10
2563.24300000
20
1040.15100000
30
0.00000000
0
VERTEX
8
Feedline
10
2564.43300000
20
1038.49000000
30
0.00000000
0
VERTEX
8
Feedline
10
2565.61600000
20
1036.82300000
30
0.00000000
0
VERTEX
8
Feedline
10
2566.73300000
20
1035.23800000
30
0.00000000
0
VERTEX
8
Feedline
10
2567.88400000
20
1033.59100000
30
0.00000000
0
VERTEX
8
Feedline
10
2569.02800000
20
1031.93900000
30
0.00000000
0
VERTEX
8
Feedline
10
2570.18900000
20
1030.24800000
30
0.00000000
0
VERTEX
8
Feedline
10
2571.29600000
20
1028.62300000
30
0.00000000
0
VERTEX
8
Feedline
10
2572.42000000
20
1026.95800000
30
0.00000000
0
VERTEX
8
Feedline
10
2573.53900000
20
1025.28900000
30
0.00000000
0
VERTEX
8
Feedline
10
2574.65000000
20
1023.61500000
30
0.00000000
0
VERTEX
8
Feedline
10
2575.75900000
20
1021.92800000
30
0.00000000
0
VERTEX
8
Feedline
10
2576.85200000
20
1020.25400000
30
0.00000000
0
VERTEX
8
Feedline
10
2577.94400000
20
1018.56700000
30
0.00000000
0
VERTEX
8
Feedline
10
2579.02800000
20
1016.87600000
30
0.00000000
0
VERTEX
8
Feedline
10
2580.10600000
20
1015.18100000
30
0.00000000
0
VERTEX
8
Feedline
10
2581.17700000
20
1013.48200000
30
0.00000000
0
VERTEX
8
Feedline
10
2582.24200000
20
1011.77700000
30
0.00000000
0
VERTEX
8
Feedline
10
2583.30000000
20
1010.06900000
30
0.00000000
0
VERTEX
8
Feedline
10
2584.38300000
20
1008.30400000
30
0.00000000
0
VERTEX
8
Feedline
10
2585.40200000
20
1006.63000000
30
0.00000000
0
VERTEX
8
Feedline
10
2586.43300000
20
1004.92100000
30
0.00000000
0
VERTEX
8
Feedline
10
2587.46400000
20
1003.19600000
30
0.00000000
0
VERTEX
8
Feedline
10
2588.50300000
20
1001.44200000
30
0.00000000
0
VERTEX
8
Feedline
10
2589.50500000
20
999.73400000
30
0.00000000
0
VERTEX
8
Feedline
10
2590.51500000
20
997.99800000
30
0.00000000
0
VERTEX
8
Feedline
10
2591.51800000
20
996.25800000
30
0.00000000
0
VERTEX
8
Feedline
10
2592.51400000
20
994.51300000
30
0.00000000
0
VERTEX
8
Feedline
10
2593.50500000
20
992.76500000
30
0.00000000
0
VERTEX
8
Feedline
10
2594.48800000
20
991.01200000
30
0.00000000
0
VERTEX
8
Feedline
10
2595.46300000
20
989.25600000
30
0.00000000
0
VERTEX
8
Feedline
10
2596.43200000
20
987.49600000
30
0.00000000
0
VERTEX
8
Feedline
10
2597.39400000
20
985.73200000
30
0.00000000
0
VERTEX
8
Feedline
10
2598.34900000
20
983.96500000
30
0.00000000
0
VERTEX
8
Feedline
10
2599.31400000
20
982.16200000
30
0.00000000
0
VERTEX
8
Feedline
10
2600.24100000
20
980.41100000
30
0.00000000
0
VERTEX
8
Feedline
10
2601.17100000
20
978.63900000
30
0.00000000
0
VERTEX
8
Feedline
10
2602.09800000
20
976.85700000
30
0.00000000
0
VERTEX
8
Feedline
10
2603.01800000
20
975.07100000
30
0.00000000
0
VERTEX
8
Feedline
10
2603.95600000
20
973.23300000
30
0.00000000
0
VERTEX
8
Feedline
10
2604.84700000
20
971.46600000
30
0.00000000
0
VERTEX
8
Feedline
10
2605.74200000
20
969.67700000
30
0.00000000
0
VERTEX
8
Feedline
10
2606.63000000
20
967.88500000
30
0.00000000
0
VERTEX
8
Feedline
10
2607.51200000
20
966.08600000
30
0.00000000
0
VERTEX
8
Feedline
10
2608.40000000
20
964.25600000
30
0.00000000
0
VERTEX
8
Feedline
10
2609.25900000
20
962.46800000
30
0.00000000
0
VERTEX
8
Feedline
10
2610.14600000
20
960.60300000
30
0.00000000
0
VERTEX
8
Feedline
10
2610.97800000
20
958.83600000
30
0.00000000
0
VERTEX
8
Feedline
10
2611.84100000
20
956.98300000
30
0.00000000
0
VERTEX
8
Feedline
10
2612.66800000
20
955.19100000
30
0.00000000
0
VERTEX
8
Feedline
10
2613.50300000
20
953.36300000
30
0.00000000
0
VERTEX
8
Feedline
10
2614.34200000
20
951.50400000
30
0.00000000
0
VERTEX
8
Feedline
10
2615.15000000
20
949.69700000
30
0.00000000
0
VERTEX
8
Feedline
10
2615.96200000
20
947.86000000
30
0.00000000
0
VERTEX
8
Feedline
10
2616.76700000
20
946.02000000
30
0.00000000
0
VERTEX
8
Feedline
10
2617.59000000
20
944.11700000
30
0.00000000
0
VERTEX
8
Feedline
10
2618.35600000
20
942.32900000
30
0.00000000
0
VERTEX
8
Feedline
10
2619.13900000
20
940.47900000
30
0.00000000
0
VERTEX
8
Feedline
10
2619.93000000
20
938.59000000
30
0.00000000
0
VERTEX
8
Feedline
10
2620.68400000
20
936.77000000
30
0.00000000
0
VERTEX
8
Feedline
10
2621.44600000
20
934.91100000
30
0.00000000
0
VERTEX
8
Feedline
10
2622.20800000
20
933.02900000
30
0.00000000
0
VERTEX
8
Feedline
10
2622.94600000
20
931.18300000
30
0.00000000
0
VERTEX
8
Feedline
10
2623.69100000
20
929.30300000
30
0.00000000
0
VERTEX
8
Feedline
10
2624.42700000
20
927.42300000
30
0.00000000
0
VERTEX
8
Feedline
10
2625.14300000
20
925.57100000
30
0.00000000
0
VERTEX
8
Feedline
10
2625.87200000
20
923.66400000
30
0.00000000
0
VERTEX
8
Feedline
10
2626.57000000
20
921.81500000
30
0.00000000
0
VERTEX
8
Feedline
10
2627.27300000
20
919.93200000
30
0.00000000
0
VERTEX
8
Feedline
10
2627.96800000
20
918.04700000
30
0.00000000
0
VERTEX
8
Feedline
10
2628.67200000
20
916.11200000
30
0.00000000
0
VERTEX
8
Feedline
10
2629.34100000
20
914.25200000
30
0.00000000
0
VERTEX
8
Feedline
10
2630.01500000
20
912.35700000
30
0.00000000
0
VERTEX
8
Feedline
10
2630.67300000
20
910.47900000
30
0.00000000
0
VERTEX
8
Feedline
10
2631.33000000
20
908.58100000
30
0.00000000
0
VERTEX
8
Feedline
10
2631.98100000
20
906.68000000
30
0.00000000
0
VERTEX
8
Feedline
10
2632.62300000
20
904.77700000
30
0.00000000
0
VERTEX
8
Feedline
10
2633.26500000
20
902.85100000
30
0.00000000
0
VERTEX
8
Feedline
10
2633.89000000
20
900.95300000
30
0.00000000
0
VERTEX
8
Feedline
10
2634.50700000
20
899.05100000
30
0.00000000
0
VERTEX
8
Feedline
10
2635.11900000
20
897.13600000
30
0.00000000
0
VERTEX
8
Feedline
10
2635.72400000
20
895.22200000
30
0.00000000
0
VERTEX
8
Feedline
10
2636.32200000
20
893.30400000
30
0.00000000
0
VERTEX
8
Feedline
10
2636.91100000
20
891.38400000
30
0.00000000
0
VERTEX
8
Feedline
10
2637.49400000
20
889.46000000
30
0.00000000
0
VERTEX
8
Feedline
10
2638.06800000
20
887.53500000
30
0.00000000
0
VERTEX
8
Feedline
10
2638.63500000
20
885.60800000
30
0.00000000
0
VERTEX
8
Feedline
10
2639.19500000
20
883.67800000
30
0.00000000
0
VERTEX
8
Feedline
10
2639.74600000
20
881.74700000
30
0.00000000
0
VERTEX
8
Feedline
10
2640.29100000
20
879.81200000
30
0.00000000
0
VERTEX
8
Feedline
10
2640.82700000
20
877.87600000
30
0.00000000
0
VERTEX
8
Feedline
10
2641.35600000
20
875.93800000
30
0.00000000
0
VERTEX
8
Feedline
10
2641.87700000
20
873.99800000
30
0.00000000
0
VERTEX
8
Feedline
10
2642.39100000
20
872.05600000
30
0.00000000
0
VERTEX
8
Feedline
10
2642.89700000
20
870.11100000
30
0.00000000
0
VERTEX
8
Feedline
10
2643.40200000
20
868.13900000
30
0.00000000
0
VERTEX
8
Feedline
10
2643.88600000
20
866.21700000
30
0.00000000
0
VERTEX
8
Feedline
10
2644.36900000
20
864.26700000
30
0.00000000
0
VERTEX
8
Feedline
10
2644.84900000
20
862.29400000
30
0.00000000
0
VERTEX
8
Feedline
10
2645.31200000
20
860.36100000
30
0.00000000
0
VERTEX
8
Feedline
10
2645.77100000
20
858.40500000
30
0.00000000
0
VERTEX
8
Feedline
10
2646.22300000
20
856.44700000
30
0.00000000
0
VERTEX
8
Feedline
10
2646.66800000
20
854.48800000
30
0.00000000
0
VERTEX
8
Feedline
10
2647.10400000
20
852.52700000
30
0.00000000
0
VERTEX
8
Feedline
10
2647.53300000
20
850.56500000
30
0.00000000
0
VERTEX
8
Feedline
10
2647.95400000
20
848.59900000
30
0.00000000
0
VERTEX
8
Feedline
10
2648.36700000
20
846.63300000
30
0.00000000
0
VERTEX
8
Feedline
10
2648.77300000
20
844.66600000
30
0.00000000
0
VERTEX
8
Feedline
10
2649.17000000
20
842.69700000
30
0.00000000
0
VERTEX
8
Feedline
10
2649.56000000
20
840.72600000
30
0.00000000
0
VERTEX
8
Feedline
10
2649.94300000
20
838.75300000
30
0.00000000
0
VERTEX
8
Feedline
10
2650.31700000
20
836.77900000
30
0.00000000
0
VERTEX
8
Feedline
10
2650.68400000
20
834.80400000
30
0.00000000
0
VERTEX
8
Feedline
10
2651.04200000
20
832.82700000
30
0.00000000
0
VERTEX
8
Feedline
10
2651.39300000
20
830.84900000
30
0.00000000
0
VERTEX
8
Feedline
10
2651.73700000
20
828.86900000
30
0.00000000
0
VERTEX
8
Feedline
10
2652.07200000
20
826.88800000
30
0.00000000
0
VERTEX
8
Feedline
10
2652.40000000
20
824.90600000
30
0.00000000
0
VERTEX
8
Feedline
10
2652.71900000
20
822.92300000
30
0.00000000
0
VERTEX
8
Feedline
10
2653.03100000
20
820.93900000
30
0.00000000
0
VERTEX
8
Feedline
10
2653.33500000
20
818.95200000
30
0.00000000
0
VERTEX
8
Feedline
10
2653.63200000
20
816.96500000
30
0.00000000
0
VERTEX
8
Feedline
10
2653.92000000
20
814.97700000
30
0.00000000
0
VERTEX
8
Feedline
10
2654.20200000
20
812.98800000
30
0.00000000
0
VERTEX
8
Feedline
10
2654.47400000
20
810.99700000
30
0.00000000
0
VERTEX
8
Feedline
10
2654.73900000
20
809.00500000
30
0.00000000
0
VERTEX
8
Feedline
10
2654.99600000
20
807.01300000
30
0.00000000
0
VERTEX
8
Feedline
10
2655.24500000
20
805.01900000
30
0.00000000
0
VERTEX
8
Feedline
10
2655.48600000
20
803.02500000
30
0.00000000
0
VERTEX
8
Feedline
10
2655.72000000
20
801.03000000
30
0.00000000
0
VERTEX
8
Feedline
10
2655.94500000
20
799.03400000
30
0.00000000
0
VERTEX
8
Feedline
10
2656.16300000
20
797.03500000
30
0.00000000
0
VERTEX
8
Feedline
10
2656.37300000
20
795.03800000
30
0.00000000
0
VERTEX
8
Feedline
10
2656.57400000
20
793.03900000
30
0.00000000
0
VERTEX
8
Feedline
10
2656.76800000
20
791.03900000
30
0.00000000
0
VERTEX
8
Feedline
10
2656.95400000
20
789.03900000
30
0.00000000
0
VERTEX
8
Feedline
10
2657.13300000
20
787.03700000
30
0.00000000
0
VERTEX
8
Feedline
10
2657.30300000
20
785.03500000
30
0.00000000
0
VERTEX
8
Feedline
10
2657.46500000
20
783.03300000
30
0.00000000
0
VERTEX
8
Feedline
10
2657.62000000
20
781.03000000
30
0.00000000
0
VERTEX
8
Feedline
10
2657.76600000
20
779.02700000
30
0.00000000
0
VERTEX
8
Feedline
10
2657.90500000
20
777.02200000
30
0.00000000
0
VERTEX
8
Feedline
10
2658.03500000
20
775.01700000
30
0.00000000
0
VERTEX
8
Feedline
10
2658.15800000
20
773.01200000
30
0.00000000
0
VERTEX
8
Feedline
10
2658.27300000
20
771.00600000
30
0.00000000
0
VERTEX
8
Feedline
10
2658.38000000
20
769.00000000
30
0.00000000
0
VERTEX
8
Feedline
10
2658.47900000
20
766.99300000
30
0.00000000
0
VERTEX
8
Feedline
10
2658.57000000
20
764.98600000
30
0.00000000
0
VERTEX
8
Feedline
10
2658.65400000
20
762.97900000
30
0.00000000
0
VERTEX
8
Feedline
10
2658.72900000
20
760.97100000
30
0.00000000
0
VERTEX
8
Feedline
10
2658.79600000
20
758.96400000
30
0.00000000
0
VERTEX
8
Feedline
10
2658.85600000
20
756.95500000
30
0.00000000
0
VERTEX
8
Feedline
10
2658.90700000
20
754.94600000
30
0.00000000
0
VERTEX
8
Feedline
10
2658.95100000
20
752.93800000
30
0.00000000
0
VERTEX
8
Feedline
10
2658.98700000
20
750.92900000
30
0.00000000
0
VERTEX
8
Feedline
10
2659.01400000
20
748.92100000
30
0.00000000
0
VERTEX
8
Feedline
10
2659.03400000
20
746.91100000
30
0.00000000
0
VERTEX
8
Feedline
10
2659.04600000
20
744.90200000
30
0.00000000
0
VERTEX
8
Feedline
10
2659.05000000
20
742.89300000
30
0.00000000
0
VERTEX
8
Feedline
10
2669.95000000
20
742.89300000
30
0.00000000
0
VERTEX
8
Feedline
10
2669.94600000
20
744.92500000
30
0.00000000
0
VERTEX
8
Feedline
10
2669.93400000
20
746.95700000
30
0.00000000
0
VERTEX
8
Feedline
10
2669.91400000
20
748.98800000
30
0.00000000
0
VERTEX
8
Feedline
10
2669.88600000
20
751.01900000
30
0.00000000
0
VERTEX
8
Feedline
10
2669.85100000
20
753.05100000
30
0.00000000
0
VERTEX
8
Feedline
10
2669.80600000
20
755.12100000
30
0.00000000
0
VERTEX
8
Feedline
10
2669.75400000
20
757.14800000
30
0.00000000
0
VERTEX
8
Feedline
10
2669.69600000
20
759.14500000
30
0.00000000
0
VERTEX
8
Feedline
10
2669.62800000
20
761.17400000
30
0.00000000
0
VERTEX
8
Feedline
10
2669.55300000
20
763.20500000
30
0.00000000
0
VERTEX
8
Feedline
10
2669.47000000
20
765.23500000
30
0.00000000
0
VERTEX
8
Feedline
10
2669.37800000
20
767.26500000
30
0.00000000
0
VERTEX
8
Feedline
10
2669.27900000
20
769.29400000
30
0.00000000
0
VERTEX
8
Feedline
10
2669.17200000
20
771.32200000
30
0.00000000
0
VERTEX
8
Feedline
10
2669.05700000
20
773.35100000
30
0.00000000
0
VERTEX
8
Feedline
10
2668.93400000
20
775.37900000
30
0.00000000
0
VERTEX
8
Feedline
10
2668.80300000
20
777.40700000
30
0.00000000
0
VERTEX
8
Feedline
10
2668.66400000
20
779.43400000
30
0.00000000
0
VERTEX
8
Feedline
10
2668.51800000
20
781.45900000
30
0.00000000
0
VERTEX
8
Feedline
10
2668.36300000
20
783.48500000
30
0.00000000
0
VERTEX
8
Feedline
10
2668.20000000
20
785.51100000
30
0.00000000
0
VERTEX
8
Feedline
10
2668.03000000
20
787.53500000
30
0.00000000
0
VERTEX
8
Feedline
10
2667.85100000
20
789.55900000
30
0.00000000
0
VERTEX
8
Feedline
10
2667.66500000
20
791.58200000
30
0.00000000
0
VERTEX
8
Feedline
10
2667.47100000
20
793.60400000
30
0.00000000
0
VERTEX
8
Feedline
10
2667.26900000
20
795.62600000
30
0.00000000
0
VERTEX
8
Feedline
10
2667.05900000
20
797.64700000
30
0.00000000
0
VERTEX
8
Feedline
10
2666.84100000
20
799.66700000
30
0.00000000
0
VERTEX
8
Feedline
10
2666.61500000
20
801.68600000
30
0.00000000
0
VERTEX
8
Feedline
10
2666.38100000
20
803.70400000
30
0.00000000
0
VERTEX
8
Feedline
10
2666.14000000
20
805.72100000
30
0.00000000
0
VERTEX
8
Feedline
10
2665.89000000
20
807.73800000
30
0.00000000
0
VERTEX
8
Feedline
10
2665.63300000
20
809.75300000
30
0.00000000
0
VERTEX
8
Feedline
10
2665.36800000
20
811.76700000
30
0.00000000
0
VERTEX
8
Feedline
10
2665.09500000
20
813.78000000
30
0.00000000
0
VERTEX
8
Feedline
10
2664.81400000
20
815.79300000
30
0.00000000
0
VERTEX
8
Feedline
10
2664.52600000
20
817.80400000
30
0.00000000
0
VERTEX
8
Feedline
10
2664.22900000
20
819.81400000
30
0.00000000
0
VERTEX
8
Feedline
10
2663.92500000
20
821.82300000
30
0.00000000
0
VERTEX
8
Feedline
10
2663.61200000
20
823.83000000
30
0.00000000
0
VERTEX
8
Feedline
10
2663.29200000
20
825.83600000
30
0.00000000
0
VERTEX
8
Feedline
10
2662.96400000
20
827.84100000
30
0.00000000
0
VERTEX
8
Feedline
10
2662.62800000
20
829.84500000
30
0.00000000
0
VERTEX
8
Feedline
10
2662.28300000
20
831.85700000
30
0.00000000
0
VERTEX
8
Feedline
10
2661.93000000
20
833.86400000
30
0.00000000
0
VERTEX
8
Feedline
10
2661.56800000
20
835.88000000
30
0.00000000
0
VERTEX
8
Feedline
10
2661.19900000
20
837.88200000
30
0.00000000
0
VERTEX
8
Feedline
10
2660.83200000
20
839.84300000
30
0.00000000
0
VERTEX
8
Feedline
10
2660.44900000
20
841.83900000
30
0.00000000
0
VERTEX
8
Feedline
10
2660.05800000
20
843.83200000
30
0.00000000
0
VERTEX
8
Feedline
10
2659.66000000
20
845.82400000
30
0.00000000
0
VERTEX
8
Feedline
10
2659.25400000
20
847.81500000
30
0.00000000
0
VERTEX
8
Feedline
10
2658.84000000
20
849.80500000
30
0.00000000
0
VERTEX
8
Feedline
10
2658.41200000
20
851.82100000
30
0.00000000
0
VERTEX
8
Feedline
10
2657.98900000
20
853.77700000
30
0.00000000
0
VERTEX
8
Feedline
10
2657.55200000
20
855.76100000
30
0.00000000
0
VERTEX
8
Feedline
10
2657.10700000
20
857.74400000
30
0.00000000
0
VERTEX
8
Feedline
10
2656.65400000
20
859.72500000
30
0.00000000
0
VERTEX
8
Feedline
10
2656.19300000
20
861.70400000
30
0.00000000
0
VERTEX
8
Feedline
10
2655.72000000
20
863.70400000
30
0.00000000
0
VERTEX
8
Feedline
10
2655.24500000
20
865.67500000
30
0.00000000
0
VERTEX
8
Feedline
10
2654.76600000
20
867.62900000
30
0.00000000
0
VERTEX
8
Feedline
10
2654.26600000
20
869.63700000
30
0.00000000
0
VERTEX
8
Feedline
10
2653.77700000
20
871.57000000
30
0.00000000
0
VERTEX
8
Feedline
10
2653.26400000
20
873.55800000
30
0.00000000
0
VERTEX
8
Feedline
10
2652.75500000
20
875.50200000
30
0.00000000
0
VERTEX
8
Feedline
10
2652.23300000
20
877.46600000
30
0.00000000
0
VERTEX
8
Feedline
10
2651.70400000
20
879.42800000
30
0.00000000
0
VERTEX
8
Feedline
10
2651.16600000
20
881.38700000
30
0.00000000
0
VERTEX
8
Feedline
10
2650.62100000
20
883.34500000
30
0.00000000
0
VERTEX
8
Feedline
10
2650.06900000
20
885.29900000
30
0.00000000
0
VERTEX
8
Feedline
10
2649.50800000
20
887.25200000
30
0.00000000
0
VERTEX
8
Feedline
10
2648.94000000
20
889.20300000
30
0.00000000
0
VERTEX
8
Feedline
10
2648.36500000
20
891.15200000
30
0.00000000
0
VERTEX
8
Feedline
10
2647.78200000
20
893.09800000
30
0.00000000
0
VERTEX
8
Feedline
10
2647.18300000
20
895.06700000
30
0.00000000
0
VERTEX
8
Feedline
10
2646.59200000
20
896.98300000
30
0.00000000
0
VERTEX
8
Feedline
10
2645.98400000
20
898.93200000
30
0.00000000
0
VERTEX
8
Feedline
10
2645.37300000
20
900.85900000
30
0.00000000
0
VERTEX
8
Feedline
10
2644.74700000
20
902.80900000
30
0.00000000
0
VERTEX
8
Feedline
10
2644.12300000
20
904.72600000
30
0.00000000
0
VERTEX
8
Feedline
10
2643.48800000
20
906.65500000
30
0.00000000
0
VERTEX
8
Feedline
10
2642.84400000
20
908.58200000
30
0.00000000
0
VERTEX
8
Feedline
10
2642.19300000
20
910.50700000
30
0.00000000
0
VERTEX
8
Feedline
10
2641.53400000
20
912.42900000
30
0.00000000
0
VERTEX
8
Feedline
10
2640.86800000
20
914.34800000
30
0.00000000
0
VERTEX
8
Feedline
10
2640.19400000
20
916.26400000
30
0.00000000
0
VERTEX
8
Feedline
10
2639.51300000
20
918.17900000
30
0.00000000
0
VERTEX
8
Feedline
10
2638.82400000
20
920.09000000
30
0.00000000
0
VERTEX
8
Feedline
10
2638.12800000
20
921.99900000
30
0.00000000
0
VERTEX
8
Feedline
10
2637.42500000
20
923.90500000
30
0.00000000
0
VERTEX
8
Feedline
10
2636.71300000
20
925.80800000
30
0.00000000
0
VERTEX
8
Feedline
10
2635.99500000
20
927.70800000
30
0.00000000
0
VERTEX
8
Feedline
10
2635.26900000
20
929.60600000
30
0.00000000
0
VERTEX
8
Feedline
10
2634.53600000
20
931.50100000
30
0.00000000
0
VERTEX
8
Feedline
10
2633.79200000
20
933.40000000
30
0.00000000
0
VERTEX
8
Feedline
10
2633.04800000
20
935.28200000
30
0.00000000
0
VERTEX
8
Feedline
10
2632.29200000
20
937.16700000
30
0.00000000
0
VERTEX
8
Feedline
10
2631.52700000
20
939.05300000
30
0.00000000
0
VERTEX
8
Feedline
10
2630.75900000
20
940.93100000
30
0.00000000
0
VERTEX
8
Feedline
10
2629.98200000
20
942.80800000
30
0.00000000
0
VERTEX
8
Feedline
10
2629.19700000
20
944.68200000
30
0.00000000
0
VERTEX
8
Feedline
10
2628.40500000
20
946.55300000
30
0.00000000
0
VERTEX
8
Feedline
10
2627.60500000
20
948.42000000
30
0.00000000
0
VERTEX
8
Feedline
10
2626.79800000
20
950.28500000
30
0.00000000
0
VERTEX
8
Feedline
10
2625.97600000
20
952.16400000
30
0.00000000
0
VERTEX
8
Feedline
10
2625.16300000
20
954.00500000
30
0.00000000
0
VERTEX
8
Feedline
10
2624.30900000
20
955.91500000
30
0.00000000
0
VERTEX
8
Feedline
10
2623.47800000
20
957.75700000
30
0.00000000
0
VERTEX
8
Feedline
10
2622.65100000
20
959.57000000
30
0.00000000
0
VERTEX
8
Feedline
10
2621.80600000
20
961.40500000
30
0.00000000
0
VERTEX
8
Feedline
10
2620.94800000
20
963.24700000
30
0.00000000
0
VERTEX
8
Feedline
10
2620.08100000
20
965.09200000
30
0.00000000
0
VERTEX
8
Feedline
10
2619.21200000
20
966.92100000
30
0.00000000
0
VERTEX
8
Feedline
10
2618.31700000
20
968.78500000
30
0.00000000
0
VERTEX
8
Feedline
10
2617.44700000
20
970.58100000
30
0.00000000
0
VERTEX
8
Feedline
10
2616.55300000
20
972.40600000
30
0.00000000
0
VERTEX
8
Feedline
10
2615.65300000
20
974.22700000
30
0.00000000
0
VERTEX
8
Feedline
10
2614.74500000
20
976.04500000
30
0.00000000
0
VERTEX
8
Feedline
10
2613.81900000
20
977.88300000
30
0.00000000
0
VERTEX
8
Feedline
10
2612.90900000
20
979.66900000
30
0.00000000
0
VERTEX
8
Feedline
10
2611.98100000
20
981.47600000
30
0.00000000
0
VERTEX
8
Feedline
10
2611.04500000
20
983.28000000
30
0.00000000
0
VERTEX
8
Feedline
10
2610.08900000
20
985.10400000
30
0.00000000
0
VERTEX
8
Feedline
10
2609.15200000
20
986.87600000
30
0.00000000
0
VERTEX
8
Feedline
10
2608.19500000
20
988.66700000
30
0.00000000
0
VERTEX
8
Feedline
10
2607.21500000
20
990.48600000
30
0.00000000
0
VERTEX
8
Feedline
10
2606.26100000
20
992.24100000
30
0.00000000
0
VERTEX
8
Feedline
10
2605.28300000
20
994.02200000
30
0.00000000
0
VERTEX
8
Feedline
10
2604.29800000
20
995.79900000
30
0.00000000
0
VERTEX
8
Feedline
10
2603.30600000
20
997.57300000
30
0.00000000
0
VERTEX
8
Feedline
10
2602.30700000
20
999.34100000
30
0.00000000
0
VERTEX
8
Feedline
10
2601.30300000
20
1001.10700000
30
0.00000000
0
VERTEX
8
Feedline
10
2600.24100000
20
1002.95200000
30
0.00000000
0
VERTEX
8
Feedline
10
2599.27100000
20
1004.62600000
30
0.00000000
0
VERTEX
8
Feedline
10
2598.24500000
20
1006.38000000
30
0.00000000
0
VERTEX
8
Feedline
10
2597.21200000
20
1008.12900000
30
0.00000000
0
VERTEX
8
Feedline
10
2596.17200000
20
1009.87400000
30
0.00000000
0
VERTEX
8
Feedline
10
2595.12500000
20
1011.61500000
30
0.00000000
0
VERTEX
8
Feedline
10
2594.07100000
20
1013.35300000
30
0.00000000
0
VERTEX
8
Feedline
10
2593.01100000
20
1015.08600000
30
0.00000000
0
VERTEX
8
Feedline
10
2591.92900000
20
1016.84000000
30
0.00000000
0
VERTEX
8
Feedline
10
2590.84400000
20
1018.58200000
30
0.00000000
0
VERTEX
8
Feedline
10
2589.78700000
20
1020.26600000
30
0.00000000
0
VERTEX
8
Feedline
10
2588.70300000
20
1021.97600000
30
0.00000000
0
VERTEX
8
Feedline
10
2587.60900000
20
1023.68900000
30
0.00000000
0
VERTEX
8
Feedline
10
2586.50900000
20
1025.39700000
30
0.00000000
0
VERTEX
8
Feedline
10
2585.38700000
20
1027.12300000
30
0.00000000
0
VERTEX
8
Feedline
10
2584.26600000
20
1028.83200000
30
0.00000000
0
VERTEX
8
Feedline
10
2583.15500000
20
1030.51100000
30
0.00000000
0
VERTEX
8
Feedline
10
2582.04000000
20
1032.18400000
30
0.00000000
0
VERTEX
8
Feedline
10
2580.90700000
20
1033.87000000
30
0.00000000
0
VERTEX
8
Feedline
10
2579.76700000
20
1035.55200000
30
0.00000000
0
VERTEX
8
Feedline
10
2578.62000000
20
1037.22900000
30
0.00000000
0
VERTEX
8
Feedline
10
2577.46600000
20
1038.90200000
30
0.00000000
0
VERTEX
8
Feedline
10
2576.30600000
20
1040.56900000
30
0.00000000
0
VERTEX
8
Feedline
10
2575.14000000
20
1042.23300000
30
0.00000000
0
VERTEX
8
Feedline
10
2573.96700000
20
1043.89200000
30
0.00000000
0
VERTEX
8
Feedline
10
2572.78700000
20
1045.54600000
30
0.00000000
0
VERTEX
8
Feedline
10
2571.56900000
20
1047.24000000
30
0.00000000
0
VERTEX
8
Feedline
10
2570.40100000
20
1048.85200000
30
0.00000000
0
VERTEX
8
Feedline
10
2569.21100000
20
1050.48200000
30
0.00000000
0
VERTEX
8
Feedline
10
2568.00600000
20
1052.11700000
30
0.00000000
0
VERTEX
8
Feedline
10
2566.79400000
20
1053.74800000
30
0.00000000
0
VERTEX
8
Feedline
10
2565.57600000
20
1055.37400000
30
0.00000000
0
VERTEX
8
Feedline
10
2564.33200000
20
1057.02200000
30
0.00000000
0
VERTEX
8
Feedline
10
2563.12100000
20
1058.61300000
30
0.00000000
0
VERTEX
8
Feedline
10
2561.88400000
20
1060.22500000
30
0.00000000
0
VERTEX
8
Feedline
10
2560.64100000
20
1061.83100000
30
0.00000000
0
VERTEX
8
Feedline
10
2559.39300000
20
1063.43300000
30
0.00000000
0
VERTEX
8
Feedline
10
2558.13700000
20
1065.03000000
30
0.00000000
0
VERTEX
8
Feedline
10
2556.87500000
20
1066.62300000
30
0.00000000
0
VERTEX
8
Feedline
10
2555.60700000
20
1068.21000000
30
0.00000000
0
VERTEX
8
Feedline
10
2554.33300000
20
1069.79300000
30
0.00000000
0
VERTEX
8
Feedline
10
2553.05200000
20
1071.36900000
30
0.00000000
0
VERTEX
8
Feedline
10
2551.76500000
20
1072.94200000
30
0.00000000
0
VERTEX
8
Feedline
10
2550.47200000
20
1074.51000000
30
0.00000000
0
VERTEX
8
Feedline
10
2549.17400000
20
1076.07200000
30
0.00000000
0
VERTEX
8
Feedline
10
2547.86900000
20
1077.62900000
30
0.00000000
0
VERTEX
8
Feedline
10
2546.55800000
20
1079.18200000
30
0.00000000
0
VERTEX
8
Feedline
10
2545.24100000
20
1080.72900000
30
0.00000000
0
VERTEX
8
Feedline
10
2543.91800000
20
1082.27000000
30
0.00000000
0
VERTEX
8
Feedline
10
2542.58900000
20
1083.80600000
30
0.00000000
0
VERTEX
8
Feedline
10
2541.25300000
20
1085.33800000
30
0.00000000
0
VERTEX
8
Feedline
10
2539.91200000
20
1086.86400000
30
0.00000000
0
VERTEX
8
Feedline
10
2538.56600000
20
1088.38500000
30
0.00000000
0
VERTEX
8
Feedline
10
2537.21300000
20
1089.90100000
30
0.00000000
0
VERTEX
8
Feedline
10
2535.83300000
20
1091.43500000
30
0.00000000
0
VERTEX
8
Feedline
10
2534.48900000
20
1092.91600000
30
0.00000000
0
VERTEX
8
Feedline
10
2533.11800000
20
1094.41600000
30
0.00000000
0
VERTEX
8
Feedline
10
2531.74200000
20
1095.91000000
30
0.00000000
0
VERTEX
8
Feedline
10
2530.35900000
20
1097.39900000
30
0.00000000
0
VERTEX
8
Feedline
10
2528.95400000
20
1098.90100000
30
0.00000000
0
VERTEX
8
Feedline
10
2527.57800000
20
1100.36100000
30
0.00000000
0
VERTEX
8
Feedline
10
2526.17800000
20
1101.83400000
30
0.00000000
0
VERTEX
8
Feedline
10
2524.77300000
20
1103.30000000
30
0.00000000
0
VERTEX
8
Feedline
10
2523.35800000
20
1104.76500000
30
0.00000000
0
VERTEX
8
Feedline
10
2521.94400000
20
1106.21800000
30
0.00000000
0
VERTEX
8
Feedline
10
2520.52200000
20
1107.66900000
30
0.00000000
0
VERTEX
8
Feedline
10
2519.09300000
20
1109.11400000
30
0.00000000
0
VERTEX
8
Feedline
10
2517.66100000
20
1110.55400000
30
0.00000000
0
VERTEX
8
Feedline
10
1560.55400000
20
2067.66100000
30
0.00000000
0
VERTEX
8
Feedline
10
1559.17500000
20
2069.04500000
30
0.00000000
0
VERTEX
8
Feedline
10
1557.80200000
20
2070.43400000
30
0.00000000
0
VERTEX
8
Feedline
10
1556.43500000
20
2071.82900000
30
0.00000000
0
VERTEX
8
Feedline
10
1555.07300000
20
2073.23000000
30
0.00000000
0
VERTEX
8
Feedline
10
1553.69600000
20
2074.65800000
30
0.00000000
0
VERTEX
8
Feedline
10
1552.36700000
20
2076.04900000
30
0.00000000
0
VERTEX
8
Feedline
10
1551.02300000
20
2077.46600000
30
0.00000000
0
VERTEX
8
Feedline
10
1549.68500000
20
2078.88900000
30
0.00000000
0
VERTEX
8
Feedline
10
1548.35100000
20
2080.31700000
30
0.00000000
0
VERTEX
8
Feedline
10
1547.02400000
20
2081.75100000
30
0.00000000
0
VERTEX
8
Feedline
10
1545.70400000
20
2083.19000000
30
0.00000000
0
VERTEX
8
Feedline
10
1544.38800000
20
2084.63400000
30
0.00000000
0
VERTEX
8
Feedline
10
1543.07900000
20
2086.08500000
30
0.00000000
0
VERTEX
8
Feedline
10
1541.76900000
20
2087.54800000
30
0.00000000
0
VERTEX
8
Feedline
10
1540.47900000
20
2089.00000000
30
0.00000000
0
VERTEX
8
Feedline
10
1539.18600000
20
2090.46500000
30
0.00000000
0
VERTEX
8
Feedline
10
1537.90100000
20
2091.93600000
30
0.00000000
0
VERTEX
8
Feedline
10
1536.62100000
20
2093.41200000
30
0.00000000
0
VERTEX
8
Feedline
10
1535.34800000
20
2094.89300000
30
0.00000000
0
VERTEX
8
Feedline
10
1534.08100000
20
2096.38100000
30
0.00000000
0
VERTEX
8
Feedline
10
1532.81900000
20
2097.87200000
30
0.00000000
0
VERTEX
8
Feedline
10
1531.54700000
20
2099.38900000
30
0.00000000
0
VERTEX
8
Feedline
10
1530.31400000
20
2100.87200000
30
0.00000000
0
VERTEX
8
Feedline
10
1529.07100000
20
2102.37700000
30
0.00000000
0
VERTEX
8
Feedline
10
1527.83400000
20
2103.88900000
30
0.00000000
0
VERTEX
8
Feedline
10
1526.58400000
20
2105.43100000
30
0.00000000
0
VERTEX
8
Feedline
10
1525.37900000
20
2106.92900000
30
0.00000000
0
VERTEX
8
Feedline
10
1524.16100000
20
2108.45600000
30
0.00000000
0
VERTEX
8
Feedline
10
1522.94800000
20
2109.98700000
30
0.00000000
0
VERTEX
8
Feedline
10
1521.74300000
20
2111.52400000
30
0.00000000
0
VERTEX
8
Feedline
10
1520.54200000
20
2113.06600000
30
0.00000000
0
VERTEX
8
Feedline
10
1519.34900000
20
2114.61300000
30
0.00000000
0
VERTEX
8
Feedline
10
1518.16200000
20
2116.16400000
30
0.00000000
0
VERTEX
8
Feedline
10
1516.98100000
20
2117.72000000
30
0.00000000
0
VERTEX
8
Feedline
10
1515.80700000
20
2119.28100000
30
0.00000000
0
VERTEX
8
Feedline
10
1514.63900000
20
2120.84700000
30
0.00000000
0
VERTEX
8
Feedline
10
1513.47700000
20
2122.41700000
30
0.00000000
0
VERTEX
8
Feedline
10
1512.31500000
20
2124.00200000
30
0.00000000
0
VERTEX
8
Feedline
10
1511.17300000
20
2125.57300000
30
0.00000000
0
VERTEX
8
Feedline
10
1510.03000000
20
2127.15800000
30
0.00000000
0
VERTEX
8
Feedline
10
1508.89400000
20
2128.74700000
30
0.00000000
0
VERTEX
8
Feedline
10
1507.76400000
20
2130.34100000
30
0.00000000
0
VERTEX
8
Feedline
10
1506.64200000
20
2131.93900000
30
0.00000000
0
VERTEX
8
Feedline
10
1505.52500000
20
2133.54200000
30
0.00000000
0
VERTEX
8
Feedline
10
1504.41500000
20
2135.15000000
30
0.00000000
0
VERTEX
8
Feedline
10
1503.31200000
20
2136.76200000
30
0.00000000
0
VERTEX
8
Feedline
10
1502.21500000
20
2138.37800000
30
0.00000000
0
VERTEX
8
Feedline
10
1501.12400000
20
2139.99900000
30
0.00000000
0
VERTEX
8
Feedline
10
1500.04100000
20
2141.62400000
30
0.00000000
0
VERTEX
8
Feedline
10
1498.96400000
20
2143.25500000
30
0.00000000
0
VERTEX
8
Feedline
10
1497.89300000
20
2144.88900000
30
0.00000000
0
VERTEX
8
Feedline
10
1496.83000000
20
2146.52700000
30
0.00000000
0
VERTEX
8
Feedline
10
1495.77300000
20
2148.17000000
30
0.00000000
0
VERTEX
8
Feedline
10
1494.72200000
20
2149.81700000
30
0.00000000
0
VERTEX
8
Feedline
10
1493.67900000
20
2151.46800000
30
0.00000000
0
VERTEX
8
Feedline
10
1492.61500000
20
2153.16900000
30
0.00000000
0
VERTEX
8
Feedline
10
1491.61100000
20
2154.78400000
30
0.00000000
0
VERTEX
8
Feedline
10
1490.56800000
20
2156.48100000
30
0.00000000
0
VERTEX
8
Feedline
10
1489.57100000
20
2158.11600000
30
0.00000000
0
VERTEX
8
Feedline
10
1488.56100000
20
2159.78800000
30
0.00000000
0
VERTEX
8
Feedline
10
1487.55800000
20
2161.46400000
30
0.00000000
0
VERTEX
8
Feedline
10
1486.56200000
20
2163.14600000
30
0.00000000
0
VERTEX
8
Feedline
10
1485.56700000
20
2164.83900000
30
0.00000000
0
VERTEX
8
Feedline
10
1484.59100000
20
2166.51800000
30
0.00000000
0
VERTEX
8
Feedline
10
1483.61500000
20
2168.21000000
30
0.00000000
0
VERTEX
8
Feedline
10
1482.64700000
20
2169.90700000
30
0.00000000
0
VERTEX
8
Feedline
10
1481.68400000
20
2171.60700000
30
0.00000000
0
VERTEX
8
Feedline
10
1480.72900000
20
2173.31200000
30
0.00000000
0
VERTEX
8
Feedline
10
1479.76700000
20
2175.04500000
30
0.00000000
0
VERTEX
8
Feedline
10
1478.83500000
20
2176.74200000
30
0.00000000
0
VERTEX
8
Feedline
10
1477.90600000
20
2178.44700000
30
0.00000000
0
VERTEX
8
Feedline
10
1476.98000000
20
2180.16700000
30
0.00000000
0
VERTEX
8
Feedline
10
1476.06000000
20
2181.89100000
30
0.00000000
0
VERTEX
8
Feedline
10
1475.14700000
20
2183.61800000
30
0.00000000
0
VERTEX
8
Feedline
10
1474.24100000
20
2185.34800000
30
0.00000000
0
VERTEX
8
Feedline
10
1473.34200000
20
2187.08200000
30
0.00000000
0
VERTEX
8
Feedline
10
1472.44900000
20
2188.82000000
30
0.00000000
0
VERTEX
8
Feedline
10
1471.56500000
20
2190.56200000
30
0.00000000
0
VERTEX
8
Feedline
10
1470.68700000
20
2192.30800000
30
0.00000000
0
VERTEX
8
Feedline
10
1469.81700000
20
2194.05700000
30
0.00000000
0
VERTEX
8
Feedline
10
1468.95300000
20
2195.80900000
30
0.00000000
0
VERTEX
8
Feedline
10
1468.09700000
20
2197.56400000
30
0.00000000
0
VERTEX
8
Feedline
10
1467.24800000
20
2199.32400000
30
0.00000000
0
VERTEX
8
Feedline
10
1466.40600000
20
2201.08700000
30
0.00000000
0
VERTEX
8
Feedline
10
1465.57200000
20
2202.85300000
30
0.00000000
0
VERTEX
8
Feedline
10
1464.74400000
20
2204.62300000
30
0.00000000
0
VERTEX
8
Feedline
10
1463.92400000
20
2206.39500000
30
0.00000000
0
VERTEX
8
Feedline
10
1463.11000000
20
2208.17100000
30
0.00000000
0
VERTEX
8
Feedline
10
1462.30400000
20
2209.95100000
30
0.00000000
0
VERTEX
8
Feedline
10
1461.50500000
20
2211.73400000
30
0.00000000
0
VERTEX
8
Feedline
10
1460.71400000
20
2213.52000000
30
0.00000000
0
VERTEX
8
Feedline
10
1459.93000000
20
2215.30900000
30
0.00000000
0
VERTEX
8
Feedline
10
1459.15300000
20
2217.10100000
30
0.00000000
0
VERTEX
8
Feedline
10
1458.38400000
20
2218.89700000
30
0.00000000
0
VERTEX
8
Feedline
10
1457.62100000
20
2220.69600000
30
0.00000000
0
VERTEX
8
Feedline
10
1456.86600000
20
2222.49800000
30
0.00000000
0
VERTEX
8
Feedline
10
1456.11900000
20
2224.30200000
30
0.00000000
0
VERTEX
8
Feedline
10
1455.37900000
20
2226.11000000
30
0.00000000
0
VERTEX
8
Feedline
10
1454.64600000
20
2227.92100000
30
0.00000000
0
VERTEX
8
Feedline
10
1453.92100000
20
2229.73500000
30
0.00000000
0
VERTEX
8
Feedline
10
1453.20200000
20
2231.55200000
30
0.00000000
0
VERTEX
8
Feedline
10
1452.49100000
20
2233.37100000
30
0.00000000
0
VERTEX
8
Feedline
10
1451.78800000
20
2235.19400000
30
0.00000000
0
VERTEX
8
Feedline
10
1451.09200000
20
2237.01900000
30
0.00000000
0
VERTEX
8
Feedline
10
1450.40400000
20
2238.84700000
30
0.00000000
0
VERTEX
8
Feedline
10
1449.71000000
20
2240.71400000
30
0.00000000
0
VERTEX
8
Feedline
10
1449.04900000
20
2242.51200000
30
0.00000000
0
VERTEX
8
Feedline
10
1448.38300000
20
2244.34900000
30
0.00000000
0
VERTEX
8
Feedline
10
1447.72500000
20
2246.18800000
30
0.00000000
0
VERTEX
8
Feedline
10
1447.07400000
20
2248.02900000
30
0.00000000
0
VERTEX
8
Feedline
10
1446.43000000
20
2249.87400000
30
0.00000000
0
VERTEX
8
Feedline
10
1445.79400000
20
2251.72100000
30
0.00000000
0
VERTEX
8
Feedline
10
1445.16300000
20
2253.57800000
30
0.00000000
0
VERTEX
8
Feedline
10
1444.54500000
20
2255.42300000
30
0.00000000
0
VERTEX
8
Feedline
10
1443.93100000
20
2257.27700000
30
0.00000000
0
VERTEX
8
Feedline
10
1443.32400000
20
2259.13500000
30
0.00000000
0
VERTEX
8
Feedline
10
1442.72500000
20
2260.99900000
30
0.00000000
0
VERTEX
8
Feedline
10
1442.13500000
20
2262.85600000
30
0.00000000
0
VERTEX
8
Feedline
10
1441.55200000
20
2264.72100000
30
0.00000000
0
VERTEX
8
Feedline
10
1440.97700000
20
2266.58700000
30
0.00000000
0
VERTEX
8
Feedline
10
1440.40900000
20
2268.45700000
30
0.00000000
0
VERTEX
8
Feedline
10
1439.84800000
20
2270.32800000
30
0.00000000
0
VERTEX
8
Feedline
10
1439.29500000
20
2272.20200000
30
0.00000000
0
VERTEX
8
Feedline
10
1438.75000000
20
2274.07800000
30
0.00000000
0
VERTEX
8
Feedline
10
1438.20900000
20
2275.97000000
30
0.00000000
0
VERTEX
8
Feedline
10
1437.68300000
20
2277.83700000
30
0.00000000
0
VERTEX
8
Feedline
10
1437.16100000
20
2279.71900000
30
0.00000000
0
VERTEX
8
Feedline
10
1436.64600000
20
2281.60300000
30
0.00000000
0
VERTEX
8
Feedline
10
1436.12400000
20
2283.54900000
30
0.00000000
0
VERTEX
8
Feedline
10
1435.64000000
20
2285.37800000
30
0.00000000
0
VERTEX
8
Feedline
10
1435.14900000
20
2287.27000000
30
0.00000000
0
VERTEX
8
Feedline
10
1434.66500000
20
2289.16200000
30
0.00000000
0
VERTEX
8
Feedline
10
1434.18800000
20
2291.05700000
30
0.00000000
0
VERTEX
8
Feedline
10
1433.72000000
20
2292.95300000
30
0.00000000
0
VERTEX
8
Feedline
10
1433.25900000
20
2294.85100000
30
0.00000000
0
VERTEX
8
Feedline
10
1432.80100000
20
2296.77400000
30
0.00000000
0
VERTEX
8
Feedline
10
1432.36100000
20
2298.65400000
30
0.00000000
0
VERTEX
8
Feedline
10
1431.92400000
20
2300.55800000
30
0.00000000
0
VERTEX
8
Feedline
10
1431.49400000
20
2302.46300000
30
0.00000000
0
VERTEX
8
Feedline
10
1431.07200000
20
2304.37000000
30
0.00000000
0
VERTEX
8
Feedline
10
1430.65800000
20
2306.27900000
30
0.00000000
0
VERTEX
8
Feedline
10
1430.25100000
20
2308.19100000
30
0.00000000
0
VERTEX
8
Feedline
10
1429.85300000
20
2310.10300000
30
0.00000000
0
VERTEX
8
Feedline
10
1429.46200000
20
2312.01700000
30
0.00000000
0
VERTEX
8
Feedline
10
1429.07900000
20
2313.93200000
30
0.00000000
0
VERTEX
8
Feedline
10
1428.70400000
20
2315.84900000
30
0.00000000
0
VERTEX
8
Feedline
10
1428.33600000
20
2317.76900000
30
0.00000000
0
VERTEX
8
Feedline
10
1427.97700000
20
2319.68900000
30
0.00000000
0
VERTEX
8
Feedline
10
1427.62500000
20
2321.61000000
30
0.00000000
0
VERTEX
8
Feedline
10
1427.28100000
20
2323.53300000
30
0.00000000
0
VERTEX
8
Feedline
10
1426.94500000
20
2325.45800000
30
0.00000000
0
VERTEX
8
Feedline
10
1426.61700000
20
2327.38400000
30
0.00000000
0
VERTEX
8
Feedline
10
1426.29400000
20
2329.31900000
30
0.00000000
0
VERTEX
8
Feedline
10
1425.98300000
20
2331.23900000
30
0.00000000
0
VERTEX
8
Feedline
10
1425.67400000
20
2333.20100000
30
0.00000000
0
VERTEX
8
Feedline
10
1425.38200000
20
2335.09900000
30
0.00000000
0
VERTEX
8
Feedline
10
1425.09300000
20
2337.03100000
30
0.00000000
0
VERTEX
8
Feedline
10
1424.81100000
20
2338.96400000
30
0.00000000
0
VERTEX
8
Feedline
10
1424.53700000
20
2340.89900000
30
0.00000000
0
VERTEX
8
Feedline
10
1424.27200000
20
2342.83800000
30
0.00000000
0
VERTEX
8
Feedline
10
1424.01400000
20
2344.77000000
30
0.00000000
0
VERTEX
8
Feedline
10
1423.76400000
20
2346.70800000
30
0.00000000
0
VERTEX
8
Feedline
10
1423.52300000
20
2348.64700000
30
0.00000000
0
VERTEX
8
Feedline
10
1423.28900000
20
2350.58600000
30
0.00000000
0
VERTEX
8
Feedline
10
1423.06300000
20
2352.52600000
30
0.00000000
0
VERTEX
8
Feedline
10
1422.84400000
20
2354.46800000
30
0.00000000
0
VERTEX
8
Feedline
10
1422.63400000
20
2356.41000000
30
0.00000000
0
VERTEX
8
Feedline
10
1422.43200000
20
2358.35300000
30
0.00000000
0
VERTEX
8
Feedline
10
1422.23700000
20
2360.29700000
30
0.00000000
0
VERTEX
8
Feedline
10
1422.05100000
20
2362.24100000
30
0.00000000
0
VERTEX
8
Feedline
10
1421.87200000
20
2364.18700000
30
0.00000000
0
VERTEX
8
Feedline
10
1421.70200000
20
2366.13300000
30
0.00000000
0
VERTEX
8
Feedline
10
1421.53900000
20
2368.07900000
30
0.00000000
0
VERTEX
8
Feedline
10
1421.38100000
20
2370.06300000
30
0.00000000
0
VERTEX
8
Feedline
10
1421.23500000
20
2372.00000000
30
0.00000000
0
VERTEX
8
Feedline
10
1421.09700000
20
2373.93800000
30
0.00000000
0
VERTEX
8
Feedline
10
1420.96600000
20
2375.89000000
30
0.00000000
0
VERTEX
8
Feedline
10
1420.84400000
20
2377.82500000
30
0.00000000
0
VERTEX
8
Feedline
10
1420.72900000
20
2379.77800000
30
0.00000000
0
VERTEX
8
Feedline
10
1420.62100000
20
2381.74700000
30
0.00000000
0
VERTEX
8
Feedline
10
1420.52200000
20
2383.67400000
30
0.00000000
0
VERTEX
8
Feedline
10
1420.43100000
20
2385.62500000
30
0.00000000
0
VERTEX
8
Feedline
10
1420.34700000
20
2387.57700000
30
0.00000000
0
VERTEX
8
Feedline
10
1420.27200000
20
2389.52900000
30
0.00000000
0
VERTEX
8
Feedline
10
1420.20400000
20
2391.48100000
30
0.00000000
0
VERTEX
8
Feedline
10
1420.14500000
20
2393.43400000
30
0.00000000
0
VERTEX
8
Feedline
10
1420.09300000
20
2395.38700000
30
0.00000000
0
VERTEX
8
Feedline
10
1420.04900000
20
2397.34000000
30
0.00000000
0
VERTEX
8
Feedline
10
1420.01400000
20
2399.29300000
30
0.00000000
0
VERTEX
8
Feedline
10
1419.98600000
20
2401.24600000
30
0.00000000
0
VERTEX
8
Feedline
10
1419.96600000
20
2403.20000000
30
0.00000000
0
VERTEX
8
Feedline
10
1419.95400000
20
2405.15300000
30
0.00000000
0
VERTEX
8
Feedline
10
1419.95000000
20
2407.10700000
30
0.00000000
0
VERTEX
8
Feedline
10
1419.95000000
20
2716.17300000
30
0.00000000
0
VERTEX
8
Feedline
10
1409.05000000
20
2716.17300000
30
0.00000000
0
VERTEX
8
Feedline
10
1409.05000000
20
2407.10700000
30
0.00000000
0
VERTEX
8
Feedline
10
1409.05400000
20
2405.12900000
30
0.00000000
0
VERTEX
8
Feedline
10
1409.06600000
20
2403.15200000
30
0.00000000
0
VERTEX
8
Feedline
10
1409.08600000
20
2401.17500000
30
0.00000000
0
VERTEX
8
Feedline
10
1409.11400000
20
2399.19800000
30
0.00000000
0
VERTEX
8
Feedline
10
1409.15000000
20
2397.22000000
30
0.00000000
0
VERTEX
8
Feedline
10
1409.19300000
20
2395.24300000
30
0.00000000
0
VERTEX
8
Feedline
10
1409.24500000
20
2393.26600000
30
0.00000000
0
VERTEX
8
Feedline
10
1409.30500000
20
2391.29100000
30
0.00000000
0
VERTEX
8
Feedline
10
1409.37300000
20
2389.31400000
30
0.00000000
0
VERTEX
8
Feedline
10
1409.44800000
20
2387.33800000
30
0.00000000
0
VERTEX
8
Feedline
10
1409.53200000
20
2385.36200000
30
0.00000000
0
VERTEX
8
Feedline
10
1409.62300000
20
2383.38700000
30
0.00000000
0
VERTEX
8
Feedline
10
1409.72300000
20
2381.41300000
30
0.00000000
0
VERTEX
8
Feedline
10
1409.83000000
20
2379.43800000
30
0.00000000
0
VERTEX
8
Feedline
10
1409.94600000
20
2377.46400000
30
0.00000000
0
VERTEX
8
Feedline
10
1410.06900000
20
2375.49000000
30
0.00000000
0
VERTEX
8
Feedline
10
1410.20100000
20
2373.51700000
30
0.00000000
0
VERTEX
8
Feedline
10
1410.34000000
20
2371.54500000
30
0.00000000
0
VERTEX
8
Feedline
10
1410.48700000
20
2369.57000000
30
0.00000000
0
VERTEX
8
Feedline
10
1410.64200000
20
2367.60200000
30
0.00000000
0
VERTEX
8
Feedline
10
1410.80500000
20
2365.63000000
30
0.00000000
0
VERTEX
8
Feedline
10
1410.97600000
20
2363.66100000
30
0.00000000
0
VERTEX
8
Feedline
10
1411.15500000
20
2361.69200000
30
0.00000000
0
VERTEX
8
Feedline
10
1411.34200000
20
2359.72300000
30
0.00000000
0
VERTEX
8
Feedline
10
1411.53700000
20
2357.75500000
30
0.00000000
0
VERTEX
8
Feedline
10
1411.74000000
20
2355.78800000
30
0.00000000
0
VERTEX
8
Feedline
10
1411.95000000
20
2353.82200000
30
0.00000000
0
VERTEX
8
Feedline
10
1412.16900000
20
2351.85700000
30
0.00000000
0
VERTEX
8
Feedline
10
1412.39600000
20
2349.89300000
30
0.00000000
0
VERTEX
8
Feedline
10
1412.63000000
20
2347.92900000
30
0.00000000
0
VERTEX
8
Feedline
10
1412.87200000
20
2345.96700000
30
0.00000000
0
VERTEX
8
Feedline
10
1413.12200000
20
2344.00500000
30
0.00000000
0
VERTEX
8
Feedline
10
1413.38100000
20
2342.04500000
30
0.00000000
0
VERTEX
8
Feedline
10
1413.64700000
20
2340.08600000
30
0.00000000
0
VERTEX
8
Feedline
10
1413.92100000
20
2338.12700000
30
0.00000000
0
VERTEX
8
Feedline
10
1414.20100000
20
2336.17000000
30
0.00000000
0
VERTEX
8
Feedline
10
1414.49100000
20
2334.21300000
30
0.00000000
0
VERTEX
8
Feedline
10
1414.78900000
20
2332.25900000
30
0.00000000
0
VERTEX
8
Feedline
10
1415.09400000
20
2330.30500000
30
0.00000000
0
VERTEX
8
Feedline
10
1415.40700000
20
2328.35300000
30
0.00000000
0
VERTEX
8
Feedline
10
1415.72800000
20
2326.40200000
30
0.00000000
0
VERTEX
8
Feedline
10
1416.06300000
20
2324.41700000
30
0.00000000
0
VERTEX
8
Feedline
10
1416.39400000
20
2322.50400000
30
0.00000000
0
VERTEX
8
Feedline
10
1416.74200000
20
2320.54300000
30
0.00000000
0
VERTEX
8
Feedline
10
1417.09200000
20
2318.61100000
30
0.00000000
0
VERTEX
8
Feedline
10
1417.45200000
20
2316.66600000
30
0.00000000
0
VERTEX
8
Feedline
10
1417.82000000
20
2314.72300000
30
0.00000000
0
VERTEX
8
Feedline
10
1418.19600000
20
2312.78300000
30
0.00000000
0
VERTEX
8
Feedline
10
1418.58000000
20
2310.84300000
30
0.00000000
0
VERTEX
8
Feedline
10
1418.97200000
20
2308.90400000
30
0.00000000
0
VERTEX
8
Feedline
10
1419.37100000
20
2306.96700000
30
0.00000000
0
VERTEX
8
Feedline
10
1419.77900000
20
2305.03200000
30
0.00000000
0
VERTEX
8
Feedline
10
1420.20400000
20
2303.05200000
30
0.00000000
0
VERTEX
8
Feedline
10
1420.62200000
20
2301.14000000
30
0.00000000
0
VERTEX
8
Feedline
10
1421.04700000
20
2299.23800000
30
0.00000000
0
VERTEX
8
Feedline
10
1421.48500000
20
2297.30900000
30
0.00000000
0
VERTEX
8
Feedline
10
1421.93200000
20
2295.38300000
30
0.00000000
0
VERTEX
8
Feedline
10
1422.39500000
20
2293.42000000
30
0.00000000
0
VERTEX
8
Feedline
10
1422.84700000
20
2291.53600000
30
0.00000000
0
VERTEX
8
Feedline
10
1423.31700000
20
2289.61500000
30
0.00000000
0
VERTEX
8
Feedline
10
1423.79300000
20
2287.69600000
30
0.00000000
0
VERTEX
8
Feedline
10
1424.27800000
20
2285.77800000
30
0.00000000
0
VERTEX
8
Feedline
10
1424.77000000
20
2283.86400000
30
0.00000000
0
VERTEX
8
Feedline
10
1425.27000000
20
2281.95100000
30
0.00000000
0
VERTEX
8
Feedline
10
1425.77800000
20
2280.04000000
30
0.00000000
0
VERTEX
8
Feedline
10
1426.29600000
20
2278.12500000
30
0.00000000
0
VERTEX
8
Feedline
10
1426.81700000
20
2276.22300000
30
0.00000000
0
VERTEX
8
Feedline
10
1427.34900000
20
2274.31900000
30
0.00000000
0
VERTEX
8
Feedline
10
1427.88700000
20
2272.41700000
30
0.00000000
0
VERTEX
8
Feedline
10
1428.43400000
20
2270.51600000
30
0.00000000
0
VERTEX
8
Feedline
10
1428.98800000
20
2268.61800000
30
0.00000000
0
VERTEX
8
Feedline
10
1429.55900000
20
2266.68800000
30
0.00000000
0
VERTEX
8
Feedline
10
1430.11900000
20
2264.82900000
30
0.00000000
0
VERTEX
8
Feedline
10
1430.70700000
20
2262.90000000
30
0.00000000
0
VERTEX
8
Feedline
10
1431.28000000
20
2261.04800000
30
0.00000000
0
VERTEX
8
Feedline
10
1431.87200000
20
2259.16100000
30
0.00000000
0
VERTEX
8
Feedline
10
1432.47200000
20
2257.27600000
30
0.00000000
0
VERTEX
8
Feedline
10
1433.07900000
20
2255.39400000
30
0.00000000
0
VERTEX
8
Feedline
10
1433.69300000
20
2253.51600000
30
0.00000000
0
VERTEX
8
Feedline
10
1434.31600000
20
2251.63900000
30
0.00000000
0
VERTEX
8
Feedline
10
1434.94600000
20
2249.76400000
30
0.00000000
0
VERTEX
8
Feedline
10
1435.58300000
20
2247.89200000
30
0.00000000
0
VERTEX
8
Feedline
10
1436.23500000
20
2246.00300000
30
0.00000000
0
VERTEX
8
Feedline
10
1436.88100000
20
2244.15700000
30
0.00000000
0
VERTEX
8
Feedline
10
1437.54100000
20
2242.29300000
30
0.00000000
0
VERTEX
8
Feedline
10
1438.21300000
20
2240.42000000
30
0.00000000
0
VERTEX
8
Feedline
10
1438.88400000
20
2238.57300000
30
0.00000000
0
VERTEX
8
Feedline
10
1439.56600000
20
2236.71700000
30
0.00000000
0
VERTEX
8
Feedline
10
1440.25600000
20
2234.86400000
30
0.00000000
0
VERTEX
8
Feedline
10
1440.95400000
20
2233.01400000
30
0.00000000
0
VERTEX
8
Feedline
10
1441.65900000
20
2231.16600000
30
0.00000000
0
VERTEX
8
Feedline
10
1442.37100000
20
2229.32100000
30
0.00000000
0
VERTEX
8
Feedline
10
1443.09100000
20
2227.47900000
30
0.00000000
0
VERTEX
8
Feedline
10
1443.81800000
20
2225.64000000
30
0.00000000
0
VERTEX
8
Feedline
10
1444.55200000
20
2223.80500000
30
0.00000000
0
VERTEX
8
Feedline
10
1445.29400000
20
2221.97200000
30
0.00000000
0
VERTEX
8
Feedline
10
1446.04400000
20
2220.14200000
30
0.00000000
0
VERTEX
8
Feedline
10
1446.80000000
20
2218.31500000
30
0.00000000
0
VERTEX
8
Feedline
10
1447.56500000
20
2216.49100000
30
0.00000000
0
VERTEX
8
Feedline
10
1448.33600000
20
2214.67100000
30
0.00000000
0
VERTEX
8
Feedline
10
1449.11500000
20
2212.85300000
30
0.00000000
0
VERTEX
8
Feedline
10
1449.90100000
20
2211.03900000
30
0.00000000
0
VERTEX
8
Feedline
10
1450.70300000
20
2209.20700000
30
0.00000000
0
VERTEX
8
Feedline
10
1451.49500000
20
2207.41900000
30
0.00000000
0
VERTEX
8
Feedline
10
1452.30300000
20
2205.61500000
30
0.00000000
0
VERTEX
8
Feedline
10
1453.11800000
20
2203.81300000
30
0.00000000
0
VERTEX
8
Feedline
10
1453.94000000
20
2202.01500000
30
0.00000000
0
VERTEX
8
Feedline
10
1454.77000000
20
2200.22000000
30
0.00000000
0
VERTEX
8
Feedline
10
1455.60700000
20
2198.42800000
30
0.00000000
0
VERTEX
8
Feedline
10
1456.45100000
20
2196.64000000
30
0.00000000
0
VERTEX
8
Feedline
10
1457.30200000
20
2194.85600000
30
0.00000000
0
VERTEX
8
Feedline
10
1458.16100000
20
2193.07400000
30
0.00000000
0
VERTEX
8
Feedline
10
1459.02600000
20
2191.29600000
30
0.00000000
0
VERTEX
8
Feedline
10
1459.89900000
20
2189.52200000
30
0.00000000
0
VERTEX
8
Feedline
10
1460.77900000
20
2187.75100000
30
0.00000000
0
VERTEX
8
Feedline
10
1461.66700000
20
2185.98400000
30
0.00000000
0
VERTEX
8
Feedline
10
1462.56100000
20
2184.22000000
30
0.00000000
0
VERTEX
8
Feedline
10
1463.46100000
20
2182.46000000
30
0.00000000
0
VERTEX
8
Feedline
10
1464.39100000
20
2180.66500000
30
0.00000000
0
VERTEX
8
Feedline
10
1465.28500000
20
2178.95100000
30
0.00000000
0
VERTEX
8
Feedline
10
1466.20800000
20
2177.20100000
30
0.00000000
0
VERTEX
8
Feedline
10
1467.13700000
20
2175.45700000
30
0.00000000
0
VERTEX
8
Feedline
10
1468.09700000
20
2173.67300000
30
0.00000000
0
VERTEX
8
Feedline
10
1469.01700000
20
2171.97700000
30
0.00000000
0
VERTEX
8
Feedline
10
1469.96800000
20
2170.24300000
30
0.00000000
0
VERTEX
8
Feedline
10
1470.92600000
20
2168.51300000
30
0.00000000
0
VERTEX
8
Feedline
10
1471.89000000
20
2166.78700000
30
0.00000000
0
VERTEX
8
Feedline
10
1472.86200000
20
2165.06500000
30
0.00000000
0
VERTEX
8
Feedline
10
1473.83900000
20
2163.34600000
30
0.00000000
0
VERTEX
8
Feedline
10
1474.82500000
20
2161.63200000
30
0.00000000
0
VERTEX
8
Feedline
10
1475.81700000
20
2159.92100000
30
0.00000000
0
VERTEX
8
Feedline
10
1476.81600000
20
2158.21400000
30
0.00000000
0
VERTEX
8
Feedline
10
1477.82200000
20
2156.51300000
30
0.00000000
0
VERTEX
8
Feedline
10
1478.84000000
20
2154.80500000
30
0.00000000
0
VERTEX
8
Feedline
10
1479.86800000
20
2153.09700000
30
0.00000000
0
VERTEX
8
Feedline
10
1480.88100000
20
2151.43000000
30
0.00000000
0
VERTEX
8
Feedline
10
1481.91400000
20
2149.74300000
30
0.00000000
0
VERTEX
8
Feedline
10
1482.95300000
20
2148.06100000
30
0.00000000
0
VERTEX
8
Feedline
10
1484.00000000
20
2146.38500000
30
0.00000000
0
VERTEX
8
Feedline
10
1485.05400000
20
2144.71100000
30
0.00000000
0
VERTEX
8
Feedline
10
1486.11400000
20
2143.04200000
30
0.00000000
0
VERTEX
8
Feedline
10
1487.18100000
20
2141.37700000
30
0.00000000
0
VERTEX
8
Feedline
10
1488.25500000
20
2139.71600000
30
0.00000000
0
VERTEX
8
Feedline
10
1489.33500000
20
2138.06000000
30
0.00000000
0
VERTEX
8
Feedline
10
1490.42200000
20
2136.40900000
30
0.00000000
0
VERTEX
8
Feedline
10
1491.51600000
20
2134.76100000
30
0.00000000
0
VERTEX
8
Feedline
10
1492.61500000
20
2133.11800000
30
0.00000000
0
VERTEX
8
Feedline
10
1493.72200000
20
2131.47900000
30
0.00000000
0
VERTEX
8
Feedline
10
1494.83600000
20
2129.84500000
30
0.00000000
0
VERTEX
8
Feedline
10
1495.95600000
20
2128.21500000
30
0.00000000
0
VERTEX
8
Feedline
10
1497.08300000
20
2126.59100000
30
0.00000000
0
VERTEX
8
Feedline
10
1498.23500000
20
2124.94300000
30
0.00000000
0
VERTEX
8
Feedline
10
1499.35600000
20
2123.35400000
30
0.00000000
0
VERTEX
8
Feedline
10
1500.50200000
20
2121.74200000
30
0.00000000
0
VERTEX
8
Feedline
10
1501.65400000
20
2120.13500000
30
0.00000000
0
VERTEX
8
Feedline
10
1502.81300000
20
2118.53300000
30
0.00000000
0
VERTEX
8
Feedline
10
1503.97800000
20
2116.93700000
30
0.00000000
0
VERTEX
8
Feedline
10
1505.15000000
20
2115.34400000
30
0.00000000
0
VERTEX
8
Feedline
10
1506.33900000
20
2113.74200000
30
0.00000000
0
VERTEX
8
Feedline
10
1507.51400000
20
2112.17200000
30
0.00000000
0
VERTEX
8
Feedline
10
1508.70900000
20
2110.58900000
30
0.00000000
0
VERTEX
8
Feedline
10
1509.90200000
20
2109.02000000
30
0.00000000
0
VERTEX
8
Feedline
10
1511.10600000
20
2107.45200000
30
0.00000000
0
VERTEX
8
Feedline
10
1512.32200000
20
2105.88000000
30
0.00000000
0
VERTEX
8
Feedline
10
1513.55600000
20
2104.29800000
30
0.00000000
0
VERTEX
8
Feedline
10
1514.75500000
20
2102.77500000
30
0.00000000
0
VERTEX
8
Feedline
10
1515.98400000
20
2101.22500000
30
0.00000000
0
VERTEX
8
Feedline
10
1517.21900000
20
2099.68100000
30
0.00000000
0
VERTEX
8
Feedline
10
1518.46000000
20
2098.14100000
30
0.00000000
0
VERTEX
8
Feedline
10
1519.70800000
20
2096.60800000
30
0.00000000
0
VERTEX
8
Feedline
10
1520.96200000
20
2095.07900000
30
0.00000000
0
VERTEX
8
Feedline
10
1522.22100000
20
2093.55500000
30
0.00000000
0
VERTEX
8
Feedline
10
1523.48700000
20
2092.03500000
30
0.00000000
0
VERTEX
8
Feedline
10
1524.78100000
20
2090.49600000
30
0.00000000
0
VERTEX
8
Feedline
10
1526.05500000
20
2088.99200000
30
0.00000000
0
VERTEX
8
Feedline
10
1527.32200000
20
2087.51000000
30
0.00000000
0
VERTEX
8
Feedline
10
1528.61200000
20
2086.01100000
30
0.00000000
0
VERTEX
8
Feedline
10
1529.90800000
20
2084.51800000
30
0.00000000
0
VERTEX
8
Feedline
10
1531.21100000
20
2083.02900000
30
0.00000000
0
VERTEX
8
Feedline
10
1532.54200000
20
2081.52100000
30
0.00000000
0
VERTEX
8
Feedline
10
1533.83300000
20
2080.06900000
30
0.00000000
0
VERTEX
8
Feedline
10
1535.15300000
20
2078.59700000
30
0.00000000
0
VERTEX
8
Feedline
10
1536.47900000
20
2077.13100000
30
0.00000000
0
VERTEX
8
Feedline
10
1537.81100000
20
2075.66900000
30
0.00000000
0
VERTEX
8
Feedline
10
1539.18600000
20
2074.17300000
30
0.00000000
0
VERTEX
8
Feedline
10
1540.51600000
20
2072.73700000
30
0.00000000
0
VERTEX
8
Feedline
10
1541.84900000
20
2071.31000000
30
0.00000000
0
VERTEX
8
Feedline
10
1543.19700000
20
2069.87700000
30
0.00000000
0
VERTEX
8
Feedline
10
1544.55900000
20
2068.44200000
30
0.00000000
0
VERTEX
8
Feedline
10
1545.92600000
20
2067.01400000
30
0.00000000
0
VERTEX
8
Feedline
10
1547.29800000
20
2065.59100000
30
0.00000000
0
VERTEX
8
Feedline
10
1548.67700000
20
2064.17300000
30
0.00000000
0
VERTEX
8
Feedline
10
1550.06100000
20
2062.76000000
30
0.00000000
0
VERTEX
8
Feedline
10
1551.45000000
20
2061.35400000
30
0.00000000
0
VERTEX
8
Feedline
10
1552.84600000
20
2059.95200000
30
0.00000000
0
SEQEND
8
Feedline
0
POLYLINE
8
Feedline
66
1
10
0.00000000
20
0.00000000
30
0.00000000
70
1
0
VERTEX
8
Feedline
10
2647.95000000
20
-866.91700000
30
0.00000000
0
VERTEX
8
Feedline
10
2647.94600000
20
-866.56900000
30
0.00000000
0
VERTEX
8
Feedline
10
2647.93500000
20
-866.22000000
30
0.00000000
0
VERTEX
8
Feedline
10
2647.91600000
20
-865.86800000
30
0.00000000
0
VERTEX
8
Feedline
10
2647.88900000
20
-865.52700000
30
0.00000000
0
VERTEX
8
Feedline
10
2647.85500000
20
-865.18000000
30
0.00000000
0
VERTEX
8
Feedline
10
2647.81300000
20
-864.83600000
30
0.00000000
0
VERTEX
8
Feedline
10
2647.76500000
20
-864.49100000
30
0.00000000
0
VERTEX
8
Feedline
10
2647.70800000
20
-864.14800000
30
0.00000000
0
VERTEX
8
Feedline
10
2647.64400000
20
-863.80600000
30
0.00000000
0
VERTEX
8
Feedline
10
2647.57200000
20
-863.46500000
30
0.00000000
0
VERTEX
8
Feedline
10
2647.49200000
20
-863.12600000
30
0.00000000
0
VERTEX
8
Feedline
10
2647.40600000
20
-862.78700000
30
0.00000000
0
VERTEX
8
Feedline
10
2647.31200000
20
-862.45200000
30
0.00000000
0
VERTEX
8
Feedline
10
2647.21000000
20
-862.11800000
30
0.00000000
0
VERTEX
8
Feedline
10
2647.10400000
20
-861.79000000
30
0.00000000
0
VERTEX
8
Feedline
10
2646.98400000
20
-861.45300000
30
0.00000000
0
VERTEX
8
Feedline
10
2646.86500000
20
-861.13600000
30
0.00000000
0
VERTEX
8
Feedline
10
2646.73600000
20
-860.81300000
30
0.00000000
0
VERTEX
8
Feedline
10
2646.59900000
20
-860.49300000
30
0.00000000
0
VERTEX
8
Feedline
10
2646.45600000
20
-860.17600000
30
0.00000000
0
VERTEX
8
Feedline
10
2646.30500000
20
-859.86200000
30
0.00000000
0
VERTEX
8
Feedline
10
2646.14800000
20
-859.55200000
30
0.00000000
0
VERTEX
8
Feedline
10
2645.98400000
20
-859.24500000
30
0.00000000
0
VERTEX
8
Feedline
10
2645.81300000
20
-858.94200000
30
0.00000000
0
VERTEX
8
Feedline
10
2645.63600000
20
-858.64300000
30
0.00000000
0
VERTEX
8
Feedline
10
2645.45200000
20
-858.34700000
30
0.00000000
0
VERTEX
8
Feedline
10
2645.26200000
20
-858.05600000
30
0.00000000
0
VERTEX
8
Feedline
10
2645.06500000
20
-857.76900000
30
0.00000000
0
VERTEX
8
Feedline
10
2644.86300000
20
-857.48600000
30
0.00000000
0
VERTEX
8
Feedline
10
2644.65400000
20
-857.20700000
30
0.00000000
0
VERTEX
8
Feedline
10
2644.43900000
20
-856.93300000
30
0.00000000
0
VERTEX
8
Feedline
10
2644.21900000
20
-856.66400000
30
0.00000000
0
VERTEX
8
Feedline
10
2643.99100000
20
-856.40000000
30
0.00000000
0
VERTEX
8
Feedline
10
2643.75900000
20
-856.14200000
30
0.00000000
0
VERTEX
8
Feedline
10
2643.52200000
20
-855.88800000
30
0.00000000
0
VERTEX
8
Feedline
10
2643.27800000
20
-855.63800000
30
0.00000000
0
VERTEX
8
Feedline
10
2544.92400000
20
-757.28400000
30
0.00000000
0
VERTEX
8
Feedline
10
2549.94400000
20
-752.26300000
30
0.00000000
0
VERTEX
8
Feedline
10
2620.72100000
20
-823.04000000
30
0.00000000
0
VERTEX
8
Feedline
10
2620.97600000
20
-823.28900000
30
0.00000000
0
VERTEX
8
Feedline
10
2621.23400000
20
-823.53100000
30
0.00000000
0
VERTEX
8
Feedline
10
2621.49800000
20
-823.76700000
30
0.00000000
0
VERTEX
8
Feedline
10
2621.76800000
20
-823.99800000
30
0.00000000
0
VERTEX
8
Feedline
10
2622.04300000
20
-824.22200000
30
0.00000000
0
VERTEX
8
Feedline
10
2622.32600000
20
-824.44400000
30
0.00000000
0
VERTEX
8
Feedline
10
2622.60600000
20
-824.65300000
30
0.00000000
0
VERTEX
8
Feedline
10
2622.89900000
20
-824.86100000
30
0.00000000
0
VERTEX
8
Feedline
10
2623.18800000
20
-825.05700000
30
0.00000000
0
VERTEX
8
Feedline
10
2623.48600000
20
-825.25000000
30
0.00000000
0
VERTEX
8
Feedline
10
2623.78800000
20
-825.43600000
30
0.00000000
0
VERTEX
8
Feedline
10
2624.09900000
20
-825.61700000
30
0.00000000
0
VERTEX
8
Feedline
10
2624.40300000
20
-825.78700000
30
0.00000000
0
VERTEX
8
Feedline
10
2624.71700000
20
-825.95300000
30
0.00000000
0
VERTEX
8
Feedline
10
2625.03400000
20
-826.11100000
30
0.00000000
0
VERTEX
8
Feedline
10
2625.35500000
20
-826.26300000
30
0.00000000
0
VERTEX
8
Feedline
10
2625.68400000
20
-826.40800000
30
0.00000000
0
VERTEX
8
Feedline
10
2626.00600000
20
-826.54400000
30
0.00000000
0
VERTEX
8
Feedline
10
2626.33600000
20
-826.67300000
30
0.00000000
0
VERTEX
8
Feedline
10
2626.66900000
20
-826.79500000
30
0.00000000
0
VERTEX
8
Feedline
10
2627.00500000
20
-826.91000000
30
0.00000000
0
VERTEX
8
Feedline
10
2627.34200000
20
-827.01700000
30
0.00000000
0
VERTEX
8
Feedline
10
2627.68200000
20
-827.11700000
30
0.00000000
0
VERTEX
8
Feedline
10
2628.02500000
20
-827.21000000
30
0.00000000
0
VERTEX
8
Feedline
10
2628.37500000
20
-827.29500000
30
0.00000000
0
VERTEX
8
Feedline
10
2628.71400000
20
-827.37100000
30
0.00000000
0
VERTEX
8
Feedline
10
2629.06200000
20
-827.44000000
30
0.00000000
0
VERTEX
8
Feedline
10
2629.41100000
20
-827.50200000
30
0.00000000
0
VERTEX
8
Feedline
10
2629.76200000
20
-827.55400000
30
0.00000000
0
VERTEX
8
Feedline
10
2630.11400000
20
-827.60000000
30
0.00000000
0
VERTEX
8
Feedline
10
2630.46600000
20
-827.63800000
30
0.00000000
0
VERTEX
8
Feedline
10
2630.82000000
20
-827.66900000
30
0.00000000
0
VERTEX
8
Feedline
10
2631.17400000
20
-827.69100000
30
0.00000000
0
VERTEX
8
Feedline
10
2631.52900000
20
-827.70600000
30
0.00000000
0
VERTEX
8
Feedline
10
2631.88100000
20
-827.71200000
30
0.00000000
0
VERTEX
8
Feedline
10
2632.23600000
20
-827.71100000
30
0.00000000
0
VERTEX
8
Feedline
10
2632.59500000
20
-827.70200000
30
0.00000000
0
VERTEX
8
Feedline
10
2632.94500000
20
-827.68500000
30
0.00000000
0
VERTEX
8
Feedline
10
2633.29900000
20
-827.66000000
30
0.00000000
0
VERTEX
8
Feedline
10
2633.65200000
20
-827.62700000
30
0.00000000
0
VERTEX
8
Feedline
10
2634.00400000
20
-827.58600000
30
0.00000000
0
VERTEX
8
Feedline
10
2634.35500000
20
-827.53800000
30
0.00000000
0
VERTEX
8
Feedline
10
2634.70500000
20
-827.48200000
30
0.00000000
0
VERTEX
8
Feedline
10
2635.05300000
20
-827.41800000
30
0.00000000
0
VERTEX
8
Feedline
10
2635.40100000
20
-827.34600000
30
0.00000000
0
VERTEX
8
Feedline
10
2635.74600000
20
-827.26600000
30
0.00000000
0
VERTEX
8
Feedline
10
2636.09000000
20
-827.18000000
30
0.00000000
0
VERTEX
8
Feedline
10
2636.43200000
20
-827.08500000
30
0.00000000
0
VERTEX
8
Feedline
10
2636.77100000
20
-826.98200000
30
0.00000000
0
VERTEX
8
Feedline
10
2637.10800000
20
-826.87300000
30
0.00000000
0
VERTEX
8
Feedline
10
2637.44300000
20
-826.75500000
30
0.00000000
0
VERTEX
8
Feedline
10
2637.77500000
20
-826.63000000
30
0.00000000
0
VERTEX
8
Feedline
10
2638.10400000
20
-826.49900000
30
0.00000000
0
VERTEX
8
Feedline
10
2638.43000000
20
-826.35900000
30
0.00000000
0
VERTEX
8
Feedline
10
2638.75300000
20
-826.21300000
30
0.00000000
0
VERTEX
8
Feedline
10
2639.07200000
20
-826.05900000
30
0.00000000
0
VERTEX
8
Feedline
10
2639.38800000
20
-825.89900000
30
0.00000000
0
VERTEX
8
Feedline
10
2639.70100000
20
-825.73000000
30
0.00000000
0
VERTEX
8
Feedline
10
2640.00900000
20
-825.55600000
30
0.00000000
0
VERTEX
8
Feedline
10
2640.31400000
20
-825.37400000
30
0.00000000
0
VERTEX
8
Feedline
10
2640.61400000
20
-825.18700000
30
0.00000000
0
VERTEX
8
Feedline
10
2640.91500000
20
-824.98800000
30
0.00000000
0
VERTEX
8
Feedline
10
2641.20200000
20
-824.79000000
30
0.00000000
0
VERTEX
8
Feedline
10
2641.49400000
20
-824.57900000
30
0.00000000
0
VERTEX
8
Feedline
10
2641.77200000
20
-824.36800000
30
0.00000000
0
VERTEX
8
Feedline
10
2642.04900000
20
-824.14800000
30
0.00000000
0
VERTEX
8
Feedline
10
2642.32300000
20
-823.92200000
30
0.00000000
0
VERTEX
8
Feedline
10
2642.59100000
20
-823.69000000
30
0.00000000
0
VERTEX
8
Feedline
10
2642.85300000
20
-823.45100000
30
0.00000000
0
VERTEX
8
Feedline
10
2643.11000000
20
-823.20700000
30
0.00000000
0
VERTEX
8
Feedline
10
2643.36100000
20
-822.95700000
30
0.00000000
0
VERTEX
8
Feedline
10
2643.60800000
20
-822.70200000
30
0.00000000
0
VERTEX
8
Feedline
10
2643.84800000
20
-822.44200000
30
0.00000000
0
VERTEX
8
Feedline
10
2644.08200000
20
-822.17500000
30
0.00000000
0
VERTEX
8
Feedline
10
2644.31000000
20
-821.90400000
30
0.00000000
0
VERTEX
8
Feedline
10
2644.53300000
20
-821.62800000
30
0.00000000
0
VERTEX
8
Feedline
10
2644.74900000
20
-821.34700000
30
0.00000000
0
VERTEX
8
Feedline
10
2644.95900000
20
-821.06100000
30
0.00000000
0
VERTEX
8
Feedline
10
2645.16300000
20
-820.77100000
30
0.00000000
0
VERTEX
8
Feedline
10
2645.35900000
20
-820.47600000
30
0.00000000
0
VERTEX
8
Feedline
10
2645.55000000
20
-820.17700000
30
0.00000000
0
VERTEX
8
Feedline
10
2645.73400000
20
-819.87400000
30
0.00000000
0
VERTEX
8
Feedline
10
2645.91000000
20
-819.56700000
30
0.00000000
0
VERTEX
8
Feedline
10
2646.08100000
20
-819.25600000
30
0.00000000
0
VERTEX
8
Feedline
10
2646.24300000
20
-818.94000000
30
0.00000000
0
VERTEX
8
Feedline
10
2646.40000000
20
-818.62200000
30
0.00000000
0
VERTEX
8
Feedline
10
2646.54800000
20
-818.30100000
30
0.00000000
0
VERTEX
8
Feedline
10
2646.69000000
20
-817.97600000
30
0.00000000
0
VERTEX
8
Feedline
10
2646.82500000
20
-817.64800000
30
0.00000000
0
VERTEX
8
Feedline
10
2646.95200000
20
-817.31700000
30
0.00000000
0
VERTEX
8
Feedline
10
2647.07200000
20
-816.98300000
30
0.00000000
0
VERTEX
8
Feedline
10
2647.18300000
20
-816.64700000
30
0.00000000
0
VERTEX
8
Feedline
10
2647.28900000
20
-816.30800000
30
0.00000000
0
VERTEX
8
Feedline
10
2647.38600000
20
-815.96700000
30
0.00000000
0
VERTEX
8
Feedline
10
2647.47500000
20
-815.62400000
30
0.00000000
0
VERTEX
8
Feedline
10
2647.55700000
20
-815.27900000
30
0.00000000
0
VERTEX
8
Feedline
10
2647.63200000
20
-814.93200000
30
0.00000000
0
VERTEX
8
Feedline
10
2647.69900000
20
-814.58400000
30
0.00000000
0
VERTEX
8
Feedline
10
2647.75800000
20
-814.23400000
30
0.00000000
0
VERTEX
8
Feedline
10
2647.80800000
20
-813.88300000
30
0.00000000
0
VERTEX
8
Feedline
10
2647.85100000
20
-813.53100000
30
0.00000000
0
VERTEX
8
Feedline
10
2647.88700000
20
-813.17900000
30
0.00000000
0
VERTEX
8
Feedline
10
2647.91400000
20
-812.82600000
30
0.00000000
0
VERTEX
8
Feedline
10
2647.93400000
20
-812.47200000
30
0.00000000
0
VERTEX
8
Feedline
10
2647.94600000
20
-812.11700000
30
0.00000000
0
VERTEX
8
Feedline
10
2647.95000000
20
-811.76300000
30
0.00000000
0
VERTEX
8
Feedline
10
2647.95000000
20
-513.36400000
30
0.00000000
0
VERTEX
8
Feedline
10
2647.94600000
20
-513.01600000
30
0.00000000
0
VERTEX
8
Feedline
10
2647.93500000
20
-512.66700000
30
0.00000000
0
VERTEX
8
Feedline
10
2647.91600000
20
-512.31400000
30
0.00000000
0
VERTEX
8
Feedline
10
2647.88900000
20
-511.97300000
30
0.00000000
0
VERTEX
8
Feedline
10
2647.85500000
20
-511.62700000
30
0.00000000
0
VERTEX
8
Feedline
10
2647.81300000
20
-511.28200000
30
0.00000000
0
VERTEX
8
Feedline
10
2647.76500000
20
-510.93800000
30
0.00000000
0
VERTEX
8
Feedline
10
2647.70800000
20
-510.59400000
30
0.00000000
0
VERTEX
8
Feedline
10
2647.64400000
20
-510.25200000
30
0.00000000
0
VERTEX
8
Feedline
10
2647.57200000
20
-509.91200000
30
0.00000000
0
VERTEX
8
Feedline
10
2647.49200000
20
-509.57300000
30
0.00000000
0
VERTEX
8
Feedline
10
2647.40600000
20
-509.23300000
30
0.00000000
0
VERTEX
8
Feedline
10
2647.31200000
20
-508.89800000
30
0.00000000
0
VERTEX
8
Feedline
10
2647.21000000
20
-508.56400000
30
0.00000000
0
VERTEX
8
Feedline
10
2647.10100000
20
-508.23100000
30
0.00000000
0
VERTEX
8
Feedline
10
2646.98400000
20
-507.89900000
30
0.00000000
0
VERTEX
8
Feedline
10
2646.86500000
20
-507.58300000
30
0.00000000
0
VERTEX
8
Feedline
10
2646.73600000
20
-507.26000000
30
0.00000000
0
VERTEX
8
Feedline
10
2646.59900000
20
-506.94000000
30
0.00000000
0
VERTEX
8
Feedline
10
2646.45600000
20
-506.62300000
30
0.00000000
0
VERTEX
8
Feedline
10
2646.30500000
20
-506.30900000
30
0.00000000
0
VERTEX
8
Feedline
10
2646.14800000
20
-505.99900000
30
0.00000000
0
VERTEX
8
Feedline
10
2645.98400000
20
-505.69200000
30
0.00000000
0
VERTEX
8
Feedline
10
2645.81300000
20
-505.38900000
30
0.00000000
0
VERTEX
8
Feedline
10
2645.63600000
20
-505.08900000
30
0.00000000
0
VERTEX
8
Feedline
10
2645.45200000
20
-504.79400000
30
0.00000000
0
VERTEX
8
Feedline
10
2645.26200000
20
-504.50200000
30
0.00000000
0
VERTEX
8
Feedline
10
2645.06500000
20
-504.21500000
30
0.00000000
0
VERTEX
8
Feedline
10
2644.86300000
20
-503.93300000
30
0.00000000
0
VERTEX
8
Feedline
10
2644.65400000
20
-503.65300000
30
0.00000000
0
VERTEX
8
Feedline
10
2644.43900000
20
-503.38000000
30
0.00000000
0
VERTEX
8
Feedline
10
2644.21900000
20
-503.11100000
30
0.00000000
0
VERTEX
8
Feedline
10
2643.99100000
20
-502.84700000
30
0.00000000
0
VERTEX
8
Feedline
10
2643.75900000
20
-502.58800000
30
0.00000000
0
VERTEX
8
Feedline
10
2643.52200000
20
-502.33400000
30
0.00000000
0
VERTEX
8
Feedline
10
2643.27800000
20
-502.08500000
30
0.00000000
0
VERTEX
8
Feedline
10
2544.92400000
20
-403.73100000
30
0.00000000
0
VERTEX
8
Feedline
10
2549.94400000
20
-398.71000000
30
0.00000000
0
VERTEX
8
Feedline
10
2620.72100000
20
-469.48700000
30
0.00000000
0
VERTEX
8
Feedline
10
2620.97600000
20
-469.73600000
30
0.00000000
0
VERTEX
8
Feedline
10
2621.23400000
20
-469.97800000
30
0.00000000
0
VERTEX
8
Feedline
10
2621.49800000
20
-470.21400000
30
0.00000000
0
VERTEX
8
Feedline
10
2621.76800000
20
-470.44500000
30
0.00000000
0
VERTEX
8
Feedline
10
2622.04300000
20
-470.66900000
30
0.00000000
0
VERTEX
8
Feedline
10
2622.32600000
20
-470.89100000
30
0.00000000
0
VERTEX
8
Feedline
10
2622.60600000
20
-471.10000000
30
0.00000000
0
VERTEX
8
Feedline
10
2622.89900000
20
-471.30800000
30
0.00000000
0
VERTEX
8
Feedline
10
2623.18800000
20
-471.50400000
30
0.00000000
0
VERTEX
8
Feedline
10
2623.48600000
20
-471.69700000
30
0.00000000
0
VERTEX
8
Feedline
10
2623.78800000
20
-471.88200000
30
0.00000000
0
VERTEX
8
Feedline
10
2624.09900000
20
-472.06400000
30
0.00000000
0
VERTEX
8
Feedline
10
2624.40300000
20
-472.23400000
30
0.00000000
0
VERTEX
8
Feedline
10
2624.71700000
20
-472.40000000
30
0.00000000
0
VERTEX
8
Feedline
10
2625.03400000
20
-472.55800000
30
0.00000000
0
VERTEX
8
Feedline
10
2625.35500000
20
-472.70900000
30
0.00000000
0
VERTEX
8
Feedline
10
2625.68400000
20
-472.85500000
30
0.00000000
0
VERTEX
8
Feedline
10
2626.00600000
20
-472.99000000
30
0.00000000
0
VERTEX
8
Feedline
10
2626.33600000
20
-473.11900000
30
0.00000000
0
VERTEX
8
Feedline
10
2626.66900000
20
-473.24200000
30
0.00000000
0
VERTEX
8
Feedline
10
2627.00500000
20
-473.35700000
30
0.00000000
0
VERTEX
8
Feedline
10
2627.34200000
20
-473.46400000
30
0.00000000
0
VERTEX
8
Feedline
10
2627.68200000
20
-473.56400000
30
0.00000000
0
VERTEX
8
Feedline
10
2628.02500000
20
-473.65600000
30
0.00000000
0
VERTEX
8
Feedline
10
2628.36800000
20
-473.74000000
30
0.00000000
0
VERTEX
8
Feedline
10
2628.71400000
20
-473.81700000
30
0.00000000
0
VERTEX
8
Feedline
10
2629.06200000
20
-473.88700000
30
0.00000000
0
VERTEX
8
Feedline
10
2629.41100000
20
-473.94800000
30
0.00000000
0
VERTEX
8
Feedline
10
2629.76200000
20
-474.00100000
30
0.00000000
0
VERTEX
8
Feedline
10
2630.11400000
20
-474.04700000
30
0.00000000
0
VERTEX
8
Feedline
10
2630.46600000
20
-474.08500000
30
0.00000000
0
VERTEX
8
Feedline
10
2630.82000000
20
-474.11500000
30
0.00000000
0
VERTEX
8
Feedline
10
2631.17400000
20
-474.13800000
30
0.00000000
0
VERTEX
8
Feedline
10
2631.52900000
20
-474.15200000
30
0.00000000
0
VERTEX
8
Feedline
10
2631.88100000
20
-474.15900000
30
0.00000000
0
VERTEX
8
Feedline
10
2632.22900000
20
-474.15800000
30
0.00000000
0
VERTEX
8
Feedline
10
2632.23600000
20
-474.15800000
30
0.00000000
0
VERTEX
8
Feedline
10
2632.59500000
20
-474.14800000
30
0.00000000
0
VERTEX
8
Feedline
10
2632.94500000
20
-474.13100000
30
0.00000000
0
VERTEX
8
Feedline
10
2633.30600000
20
-474.10600000
30
0.00000000
0
VERTEX
8
Feedline
10
2633.65200000
20
-474.07300000
30
0.00000000
0
VERTEX
8
Feedline
10
2634.00400000
20
-474.03300000
30
0.00000000
0
VERTEX
8
Feedline
10
2634.35500000
20
-473.98500000
30
0.00000000
0
VERTEX
8
Feedline
10
2634.70500000
20
-473.92900000
30
0.00000000
0
VERTEX
8
Feedline
10
2635.05300000
20
-473.86400000
30
0.00000000
0
VERTEX
8
Feedline
10
2635.40100000
20
-473.79200000
30
0.00000000
0
VERTEX
8
Feedline
10
2635.74600000
20
-473.71300000
30
0.00000000
0
VERTEX
8
Feedline
10
2636.09000000
20
-473.62600000
30
0.00000000
0
VERTEX
8
Feedline
10
2636.43200000
20
-473.53100000
30
0.00000000
0
VERTEX
8
Feedline
10
2636.77100000
20
-473.42900000
30
0.00000000
0
VERTEX
8
Feedline
10
2637.10800000
20
-473.31900000
30
0.00000000
0
VERTEX
8
Feedline
10
2637.44300000
20
-473.20200000
30
0.00000000
0
VERTEX
8
Feedline
10
2637.77500000
20
-473.07700000
30
0.00000000
0
VERTEX
8
Feedline
10
2638.10400000
20
-472.94500000
30
0.00000000
0
VERTEX
8
Feedline
10
2638.43000000
20
-472.80600000
30
0.00000000
0
VERTEX
8
Feedline
10
2638.75300000
20
-472.66000000
30
0.00000000
0
VERTEX
8
Feedline
10
2639.07200000
20
-472.50500000
30
0.00000000
0
VERTEX
8
Feedline
10
2639.38800000
20
-472.34500000
30
0.00000000
0
VERTEX
8
Feedline
10
2639.70100000
20
-472.17700000
30
0.00000000
0
VERTEX
8
Feedline
10
2640.00900000
20
-472.00300000
30
0.00000000
0
VERTEX
8
Feedline
10
2640.31400000
20
-471.82100000
30
0.00000000
0
VERTEX
8
Feedline
10
2640.61400000
20
-471.63300000
30
0.00000000
0
VERTEX
8
Feedline
10
2640.91500000
20
-471.43500000
30
0.00000000
0
VERTEX
8
Feedline
10
2641.20200000
20
-471.23700000
30
0.00000000
0
VERTEX
8
Feedline
10
2641.49400000
20
-471.02500000
30
0.00000000
0
VERTEX
8
Feedline
10
2641.77200000
20
-470.81500000
30
0.00000000
0
VERTEX
8
Feedline
10
2642.04900000
20
-470.59500000
30
0.00000000
0
VERTEX
8
Feedline
10
2642.32300000
20
-470.36900000
30
0.00000000
0
VERTEX
8
Feedline
10
2642.59100000
20
-470.13600000
30
0.00000000
0
VERTEX
8
Feedline
10
2642.85300000
20
-469.89700000
30
0.00000000
0
VERTEX
8
Feedline
10
2643.11000000
20
-469.65300000
30
0.00000000
0
VERTEX
8
Feedline
10
2643.36100000
20
-469.40400000
30
0.00000000
0
VERTEX
8
Feedline
10
2643.60800000
20
-469.14900000
30
0.00000000
0
VERTEX
8
Feedline
10
2643.84800000
20
-468.88800000
30
0.00000000
0
VERTEX
8
Feedline
10
2644.08200000
20
-468.62100000
30
0.00000000
0
VERTEX
8
Feedline
10
2644.31000000
20
-468.35000000
30
0.00000000
0
VERTEX
8
Feedline
10
2644.53300000
20
-468.07400000
30
0.00000000
0
VERTEX
8
Feedline
10
2644.74900000
20
-467.79400000
30
0.00000000
0
VERTEX
8
Feedline
10
2644.95900000
20
-467.50800000
30
0.00000000
0
VERTEX
8
Feedline
10
2645.16300000
20
-467.21800000
30
0.00000000
0
VERTEX
8
Feedline
10
2645.35900000
20
-466.92300000
30
0.00000000
0
VERTEX
8
Feedline
10
2645.55000000
20
-466.62400000
30
0.00000000
0
VERTEX
8
Feedline
10
2645.73400000
20
-466.32100000
30
0.00000000
0
VERTEX
8
Feedline
10
2645.91000000
20
-466.01400000
30
0.00000000
0
VERTEX
8
Feedline
10
2646.08100000
20
-465.70200000
30
0.00000000
0
VERTEX
8
Feedline
10
2646.24300000
20
-465.38700000
30
0.00000000
0
VERTEX
8
Feedline
10
2646.40000000
20
-465.06800000
30
0.00000000
0
VERTEX
8
Feedline
10
2646.54800000
20
-464.74800000
30
0.00000000
0
VERTEX
8
Feedline
10
2646.69000000
20
-464.42300000
30
0.00000000
0
VERTEX
8
Feedline
10
2646.82500000
20
-464.09400000
30
0.00000000
0
VERTEX
8
Feedline
10
2646.95200000
20
-463.76300000
30
0.00000000
0
VERTEX
8
Feedline
10
2647.07200000
20
-463.43000000
30
0.00000000
0
VERTEX
8
Feedline
10
2647.18300000
20
-463.09300000
30
0.00000000
0
VERTEX
8
Feedline
10
2647.28900000
20
-462.75500000
30
0.00000000
0
VERTEX
8
Feedline
10
2647.38600000
20
-462.41400000
30
0.00000000
0
VERTEX
8
Feedline
10
2647.47500000
20
-462.07100000
30
0.00000000
0
VERTEX
8
Feedline
10
2647.55700000
20
-461.72600000
30
0.00000000
0
VERTEX
8
Feedline
10
2647.63200000
20
-461.37900000
30
0.00000000
0
VERTEX
8
Feedline
10
2647.69900000
20
-461.03100000
30
0.00000000
0
VERTEX
8
Feedline
10
2647.75800000
20
-460.68100000
30
0.00000000
0
VERTEX
8
Feedline
10
2647.80800000
20
-460.33000000
30
0.00000000
0
VERTEX
8
Feedline
10
2647.85100000
20
-459.97800000
30
0.00000000
0
VERTEX
8
Feedline
10
2647.88700000
20
-459.62600000
30
0.00000000
0
VERTEX
8
Feedline
10
2647.91400000
20
-459.27200000
30
0.00000000
0
VERTEX
8
Feedline
10
2647.93400000
20
-458.91800000
30
0.00000000
0
VERTEX
8
Feedline
10
2647.94600000
20
-458.56400000
30
0.00000000
0
VERTEX
8
Feedline
10
2647.95000000
20
-458.20900000
30
0.00000000
0
VERTEX
8
Feedline
10
2647.95000000
20
-265.97600000
30
0.00000000
0
VERTEX
8
Feedline
10
2647.94600000
20
-265.10600000
30
0.00000000
0
VERTEX
8
Feedline
10
2647.93500000
20
-264.23800000
30
0.00000000
0
VERTEX
8
Feedline
10
2647.91600000
20
-263.35700000
30
0.00000000
0
VERTEX
8
Feedline
10
2647.89000000
20
-262.50100000
30
0.00000000
0
VERTEX
8
Feedline
10
2647.85500000
20
-261.61700000
30
0.00000000
0
VERTEX
8
Feedline
10
2647.81300000
20
-260.75300000
30
0.00000000
0
VERTEX
8
Feedline
10
2647.76500000
20
-259.88900000
30
0.00000000
0
VERTEX
8
Feedline
10
2647.70800000
20
-259.02500000
30
0.00000000
0
VERTEX
8
Feedline
10
2647.64400000
20
-258.16200000
30
0.00000000
0
VERTEX
8
Feedline
10
2647.57200000
20
-257.29700000
30
0.00000000
0
VERTEX
8
Feedline
10
2647.49200000
20
-256.42400000
30
0.00000000
0
VERTEX
8
Feedline
10
2647.40600000
20
-255.56700000
30
0.00000000
0
VERTEX
8
Feedline
10
2647.31200000
20
-254.70400000
30
0.00000000
0
VERTEX
8
Feedline
10
2647.21000000
20
-253.84100000
30
0.00000000
0
VERTEX
8
Feedline
10
2647.10100000
20
-252.97800000
30
0.00000000
0
VERTEX
8
Feedline
10
2646.98400000
20
-252.11800000
30
0.00000000
0
VERTEX
8
Feedline
10
2641.91600000
20
-215.91500000
30
0.00000000
0
VERTEX
8
Feedline
10
2641.79900000
20
-215.05300000
30
0.00000000
0
VERTEX
8
Feedline
10
2641.69000000
20
-214.19100000
30
0.00000000
0
VERTEX
8
Feedline
10
2641.58800000
20
-213.32700000
30
0.00000000
0
VERTEX
8
Feedline
10
2641.49400000
20
-212.46200000
30
0.00000000
0
VERTEX
8
Feedline
10
2641.40700000
20
-211.59700000
30
0.00000000
0
VERTEX
8
Feedline
10
2641.32800000
20
-210.73000000
30
0.00000000
0
VERTEX
8
Feedline
10
2641.25600000
20
-209.86400000
30
0.00000000
0
VERTEX
8
Feedline
10
2641.19200000
20
-208.99600000
30
0.00000000
0
VERTEX
8
Feedline
10
2641.13500000
20
-208.12800000
30
0.00000000
0
VERTEX
8
Feedline
10
2641.08600000
20
-207.26000000
30
0.00000000
0
VERTEX
8
Feedline
10
2641.04400000
20
-206.39100000
30
0.00000000
0
VERTEX
8
Feedline
10
2641.01000000
20
-205.52200000
30
0.00000000
0
VERTEX
8
Feedline
10
2640.98400000
20
-204.65200000
30
0.00000000
0
VERTEX
8
Feedline
10
2640.96500000
20
-203.78300000
30
0.00000000
0
VERTEX
8
Feedline
10
2640.95400000
20
-202.91300000
30
0.00000000
0
VERTEX
8
Feedline
10
2640.95000000
20
-202.04400000
30
0.00000000
0
VERTEX
8
Feedline
10
2640.95000000
20
742.89300000
30
0.00000000
0
VERTEX
8
Feedline
10
2630.05000000
20
742.89300000
30
0.00000000
0
VERTEX
8
Feedline
10
2630.05000000
20
-461.11000000
30
0.00000000
0
VERTEX
8
Feedline
10
2630.04600000
20
-461.31000000
30
0.00000000
0
VERTEX
8
Feedline
10
2630.03400000
20
-461.51200000
30
0.00000000
0
VERTEX
8
Feedline
10
2630.01400000
20
-461.71200000
30
0.00000000
0
VERTEX
8
Feedline
10
2629.98500000
20
-461.91400000
30
0.00000000
0
VERTEX
8
Feedline
10
2629.95000000
20
-462.11100000
30
0.00000000
0
VERTEX
8
Feedline
10
2629.90600000
20
-462.30700000
30
0.00000000
0
VERTEX
8
Feedline
10
2629.85400000
20
-462.50200000
30
0.00000000
0
VERTEX
8
Feedline
10
2629.79400000
20
-462.69500000
30
0.00000000
0
VERTEX
8
Feedline
10
2629.72700000
20
-462.88700000
30
0.00000000
0
VERTEX
8
Feedline
10
2629.65200000
20
-463.07500000
30
0.00000000
0
VERTEX
8
Feedline
10
2629.56800000
20
-463.26100000
30
0.00000000
0
VERTEX
8
Feedline
10
2629.48100000
20
-463.43700000
30
0.00000000
0
VERTEX
8
Feedline
10
2629.38400000
20
-463.61500000
30
0.00000000
0
VERTEX
8
Feedline
10
2629.28100000
20
-463.78800000
30
0.00000000
0
VERTEX
8
Feedline
10
2629.17000000
20
-463.95600000
30
0.00000000
0
VERTEX
8
Feedline
10
2629.05400000
20
-464.12100000
30
0.00000000
0
VERTEX
8
Feedline
10
2628.92700000
20
-464.28300000
30
0.00000000
0
VERTEX
8
Feedline
10
2628.80100000
20
-464.43400000
30
0.00000000
0
VERTEX
8
Feedline
10
2628.66400000
20
-464.58300000
30
0.00000000
0
VERTEX
8
Feedline
10
2628.52300000
20
-464.72700000
30
0.00000000
0
VERTEX
8
Feedline
10
2628.37500000
20
-464.86400000
30
0.00000000
0
VERTEX
8
Feedline
10
2628.22300000
20
-464.99700000
30
0.00000000
0
VERTEX
8
Feedline
10
2628.06500000
20
-465.12200000
30
0.00000000
0
VERTEX
8
Feedline
10
2627.90300000
20
-465.24100000
30
0.00000000
0
VERTEX
8
Feedline
10
2627.73500000
20
-465.35400000
30
0.00000000
0
VERTEX
8
Feedline
10
2627.56200000
20
-465.46100000
30
0.00000000
0
VERTEX
8
Feedline
10
2627.38800000
20
-465.55800000
30
0.00000000
0
VERTEX
8
Feedline
10
2627.20900000
20
-465.65000000
30
0.00000000
0
VERTEX
8
Feedline
10
2627.02500000
20
-465.73500000
30
0.00000000
0
VERTEX
8
Feedline
10
2626.83900000
20
-465.81200000
30
0.00000000
0
VERTEX
8
Feedline
10
2626.64900000
20
-465.88100000
30
0.00000000
0
VERTEX
8
Feedline
10
2626.45700000
20
-465.94400000
30
0.00000000
0
VERTEX
8
Feedline
10
2626.26400000
20
-465.99800000
30
0.00000000
0
VERTEX
8
Feedline
10
2626.06800000
20
-466.04500000
30
0.00000000
0
VERTEX
8
Feedline
10
2625.87000000
20
-466.08300000
30
0.00000000
0
VERTEX
8
Feedline
10
2625.66900000
20
-466.11500000
30
0.00000000
0
VERTEX
8
Feedline
10
2625.47000000
20
-466.13700000
30
0.00000000
0
VERTEX
8
Feedline
10
2625.26600000
20
-466.15200000
30
0.00000000
0
VERTEX
8
Feedline
10
2625.06700000
20
-466.15800000
30
0.00000000
0
VERTEX
8
Feedline
10
2624.86600000
20
-466.15700000
30
0.00000000
0
VERTEX
8
Feedline
10
2624.66400000
20
-466.14800000
30
0.00000000
0
VERTEX
8
Feedline
10
2624.46400000
20
-466.13000000
30
0.00000000
0
VERTEX
8
Feedline
10
2624.26000000
20
-466.10400000
30
0.00000000
0
VERTEX
8
Feedline
10
2624.06000000
20
-466.07000000
30
0.00000000
0
VERTEX
8
Feedline
10
2623.86700000
20
-466.03000000
30
0.00000000
0
VERTEX
8
Feedline
10
2623.67100000
20
-465.98100000
30
0.00000000
0
VERTEX
8
Feedline
10
2623.47800000
20
-465.92400000
30
0.00000000
0
VERTEX
8
Feedline
10
2623.28700000
20
-465.85900000
30
0.00000000
0
VERTEX
8
Feedline
10
2623.09800000
20
-465.78700000
30
0.00000000
0
VERTEX
8
Feedline
10
2622.91300000
20
-465.70800000
30
0.00000000
0
VERTEX
8
Feedline
10
2622.73100000
20
-465.62100000
30
0.00000000
0
VERTEX
8
Feedline
10
2622.55200000
20
-465.52600000
30
0.00000000
0
VERTEX
8
Feedline
10
2622.37500000
20
-465.42200000
30
0.00000000
0
VERTEX
8
Feedline
10
2622.20800000
20
-465.31700000
30
0.00000000
0
VERTEX
8
Feedline
10
2622.04200000
20
-465.20200000
30
0.00000000
0
VERTEX
8
Feedline
10
2621.88100000
20
-465.08100000
30
0.00000000
0
VERTEX
8
Feedline
10
2621.72600000
20
-464.95300000
30
0.00000000
0
VERTEX
8
Feedline
10
2621.57400000
20
-464.82000000
30
0.00000000
0
VERTEX
8
Feedline
10
2621.42900000
20
-464.68000000
30
0.00000000
0
VERTEX
8
Feedline
10
2552.06600000
20
-395.31700000
30
0.00000000
0
VERTEX
8
Feedline
10
2541.53000000
20
-405.85200000
30
0.00000000
0
VERTEX
8
Feedline
10
2628.57200000
20
-492.89400000
30
0.00000000
0
VERTEX
8
Feedline
10
2628.71000000
20
-493.03700000
30
0.00000000
0
VERTEX
8
Feedline
10
2628.84000000
20
-493.18500000
30
0.00000000
0
VERTEX
8
Feedline
10
2628.96600000
20
-493.33800000
30
0.00000000
0
VERTEX
8
Feedline
10
2629.08600000
20
-493.49600000
30
0.00000000
0
VERTEX
8
Feedline
10
2629.19900000
20
-493.65800000
30
0.00000000
0
VERTEX
8
Feedline
10
2629.30600000
20
-493.82600000
30
0.00000000
0
VERTEX
8
Feedline
10
2629.40600000
20
-493.99700000
30
0.00000000
0
VERTEX
8
Feedline
10
2629.50000000
20
-494.17100000
30
0.00000000
0
VERTEX
8
Feedline
10
2629.58600000
20
-494.35000000
30
0.00000000
0
VERTEX
8
Feedline
10
2629.66500000
20
-494.53200000
30
0.00000000
0
VERTEX
8
Feedline
10
2629.73800000
20
-494.71700000
30
0.00000000
0
VERTEX
8
Feedline
10
2629.80300000
20
-494.90400000
30
0.00000000
0
VERTEX
8
Feedline
10
2629.86000000
20
-495.09300000
30
0.00000000
0
VERTEX
8
Feedline
10
2629.91100000
20
-495.28500000
30
0.00000000
0
VERTEX
8
Feedline
10
2629.95300000
20
-495.47900000
30
0.00000000
0
VERTEX
8
Feedline
10
2629.98700000
20
-495.67400000
30
0.00000000
0
VERTEX
8
Feedline
10
2630.01500000
20
-495.87000000
30
0.00000000
0
VERTEX
8
Feedline
10
2630.03500000
20
-496.06800000
30
0.00000000
0
VERTEX
8
Feedline
10
2630.04600000
20
-496.26700000
30
0.00000000
0
VERTEX
8
Feedline
10
2630.05000000
20
-496.46300000
30
0.00000000
0
VERTEX
8
Feedline
10
2630.05000000
20
-814.66200000
30
0.00000000
0
VERTEX
8
Feedline
10
2630.04600000
20
-814.86400000
30
0.00000000
0
VERTEX
8
Feedline
10
2630.03400000
20
-815.06500000
30
0.00000000
0
VERTEX
8
Feedline
10
2630.01400000
20
-815.26600000
30
0.00000000
0
VERTEX
8
Feedline
10
2629.98500000
20
-815.46700000
30
0.00000000
0
VERTEX
8
Feedline
10
2629.95000000
20
-815.66400000
30
0.00000000
0
VERTEX
8
Feedline
10
2629.90600000
20
-815.86100000
30
0.00000000
0
VERTEX
8
Feedline
10
2629.85400000
20
-816.05600000
30
0.00000000
0
VERTEX
8
Feedline
10
2629.79400000
20
-816.24900000
30
0.00000000
0
VERTEX
8
Feedline
10
2629.72700000
20
-816.44100000
30
0.00000000
0
VERTEX
8
Feedline
10
2629.65200000
20
-816.62800000
30
0.00000000
0
VERTEX
8
Feedline
10
2629.56800000
20
-816.81500000
30
0.00000000
0
VERTEX
8
Feedline
10
2629.48100000
20
-816.99100000
30
0.00000000
0
VERTEX
8
Feedline
10
2629.38400000
20
-817.16800000
30
0.00000000
0
VERTEX
8
Feedline
10
2629.28100000
20
-817.34100000
30
0.00000000
0
VERTEX
8
Feedline
10
2629.17000000
20
-817.50900000
30
0.00000000
0
VERTEX
8
Feedline
10
2629.05400000
20
-817.67400000
30
0.00000000
0
VERTEX
8
Feedline
10
2628.93000000
20
-817.83300000
30
0.00000000
0
VERTEX
8
Feedline
10
2628.80100000
20
-817.98800000
30
0.00000000
0
VERTEX
8
Feedline
10
2628.66400000
20
-818.13600000
30
0.00000000
0
VERTEX
8
Feedline
10
2628.52300000
20
-818.28000000
30
0.00000000
0
VERTEX
8
Feedline
10
2628.37500000
20
-818.41800000
30
0.00000000
0
VERTEX
8
Feedline
10
2628.22300000
20
-818.55000000
30
0.00000000
0
VERTEX
8
Feedline
10
2628.06500000
20
-818.67600000
30
0.00000000
0
VERTEX
8
Feedline
10
2627.90300000
20
-818.79500000
30
0.00000000
0
VERTEX
8
Feedline
10
2627.73500000
20
-818.90700000
30
0.00000000
0
VERTEX
8
Feedline
10
2627.56200000
20
-819.01400000
30
0.00000000
0
VERTEX
8
Feedline
10
2627.38800000
20
-819.11200000
30
0.00000000
0
VERTEX
8
Feedline
10
2627.20900000
20
-819.20400000
30
0.00000000
0
VERTEX
8
Feedline
10
2627.02500000
20
-819.28800000
30
0.00000000
0
VERTEX
8
Feedline
10
2626.83900000
20
-819.36600000
30
0.00000000
0
VERTEX
8
Feedline
10
2626.64900000
20
-819.43500000
30
0.00000000
0
VERTEX
8
Feedline
10
2626.45700000
20
-819.49700000
30
0.00000000
0
VERTEX
8
Feedline
10
2626.26400000
20
-819.55100000
30
0.00000000
0
VERTEX
8
Feedline
10
2626.06800000
20
-819.59800000
30
0.00000000
0
VERTEX
8
Feedline
10
2625.87000000
20
-819.63600000
30
0.00000000
0
VERTEX
8
Feedline
10
2625.66900000
20
-819.66800000
30
0.00000000
0
VERTEX
8
Feedline
10
2625.47000000
20
-819.69000000
30
0.00000000
0
VERTEX
8
Feedline
10
2625.26600000
20
-819.70500000
30
0.00000000
0
VERTEX
8
Feedline
10
2625.06700000
20
-819.71200000
30
0.00000000
0
VERTEX
8
Feedline
10
2624.86600000
20
-819.71000000
30
0.00000000
0
VERTEX
8
Feedline
10
2624.66400000
20
-819.70100000
30
0.00000000
0
VERTEX
8
Feedline
10
2624.46400000
20
-819.68400000
30
0.00000000
0
VERTEX
8
Feedline
10
2624.26000000
20
-819.65800000
30
0.00000000
0
VERTEX
8
Feedline
10
2624.06000000
20
-819.62400000
30
0.00000000
0
VERTEX
8
Feedline
10
2623.86700000
20
-819.58400000
30
0.00000000
0
VERTEX
8
Feedline
10
2623.67100000
20
-819.53400000
30
0.00000000
0
VERTEX
8
Feedline
10
2623.47800000
20
-819.47800000
30
0.00000000
0
VERTEX
8
Feedline
10
2623.28700000
20
-819.41300000
30
0.00000000
0
VERTEX
8
Feedline
10
2623.09800000
20
-819.34000000
30
0.00000000
0
VERTEX
8
Feedline
10
2622.91300000
20
-819.26100000
30
0.00000000
0
VERTEX
8
Feedline
10
2622.73100000
20
-819.17400000
30
0.00000000
0
VERTEX
8
Feedline
10
2622.55200000
20
-819.07900000
30
0.00000000
0
VERTEX
8
Feedline
10
2622.37900000
20
-818.97900000
30
0.00000000
0
VERTEX
8
Feedline
10
2622.20800000
20
-818.87100000
30
0.00000000
0
VERTEX
8
Feedline
10
2622.04200000
20
-818.75500000
30
0.00000000
0
VERTEX
8
Feedline
10
2621.88100000
20
-818.63400000
30
0.00000000
0
VERTEX
8
Feedline
10
2621.72600000
20
-818.50700000
30
0.00000000
0
VERTEX
8
Feedline
10
2621.57400000
20
-818.37300000
30
0.00000000
0
VERTEX
8
Feedline
10
2621.42900000
20
-818.23400000
30
0.00000000
0
VERTEX
8
Feedline
10
2552.06600000
20
-748.87000000
30
0.00000000
0
VERTEX
8
Feedline
10
2541.53000000
20
-759.40600000
30
0.00000000
0
VERTEX
8
Feedline
10
2628.57200000
20
-846.44700000
30
0.00000000
0
VERTEX
8
Feedline
10
2628.71000000
20
-846.59000000
30
0.00000000
0
VERTEX
8
Feedline
10
2628.84000000
20
-846.73800000
30
0.00000000
0
VERTEX
8
Feedline
10
2628.96600000
20
-846.89100000
30
0.00000000
0
VERTEX
8
Feedline
10
2629.08600000
20
-847.05000000
30
0.00000000
0
VERTEX
8
Feedline
10
2629.19900000
20
-847.21200000
30
0.00000000
0
VERTEX
8
Feedline
10
2629.30600000
20
-847.37900000
30
0.00000000
0
VERTEX
8
Feedline
10
2629.40600000
20
-847.55000000
30
0.00000000
0
VERTEX
8
Feedline
10
2629.50000000
20
-847.72500000
30
0.00000000
0
VERTEX
8
Feedline
10
2629.58600000
20
-847.90300000
30
0.00000000
0
VERTEX
8
Feedline
10
2629.66500000
20
-848.08500000
30
0.00000000
0
VERTEX
8
Feedline
10
2629.73800000
20
-848.27000000
30
0.00000000
0
VERTEX
8
Feedline
10
2629.80300000
20
-848.45700000
30
0.00000000
0
VERTEX
8
Feedline
10
2629.86000000
20
-848.64600000
30
0.00000000
0
VERTEX
8
Feedline
10
2629.91100000
20
-848.83800000
30
0.00000000
0
VERTEX
8
Feedline
10
2629.95300000
20
-849.03200000
30
0.00000000
0
VERTEX
8
Feedline
10
2629.98700000
20
-849.22700000
30
0.00000000
0
VERTEX
8
Feedline
10
2630.01500000
20
-849.42400000
30
0.00000000
0
VERTEX
8
Feedline
10
2630.03500000
20
-849.62100000
30
0.00000000
0
VERTEX
8
Feedline
10
2630.04600000
20
-849.82000000
30
0.00000000
0
VERTEX
8
Feedline
10
2630.05000000
20
-850.01600000
30
0.00000000
0
VERTEX
8
Feedline
10
2630.05000000
20
-1168.21700000
30
0.00000000
0
VERTEX
8
Feedline
10
2630.04600000
20
-1168.41700000
30
0.00000000
0
VERTEX
8
Feedline
10
2630.03400000
20
-1168.61800000
30
0.00000000
0
VERTEX
8
Feedline
10
2630.01400000
20
-1168.81900000
30
0.00000000
0
VERTEX
8
Feedline
10
2629.98500000
20
-1169.02100000
30
0.00000000
0
VERTEX
8
Feedline
10
2629.95000000
20
-1169.21700000
30
0.00000000
0
VERTEX
8
Feedline
10
2629.90600000
20
-1169.41400000
30
0.00000000
0
VERTEX
8
Feedline
10
2629.85400000
20
-1169.60900000
30
0.00000000
0
VERTEX
8
Feedline
10
2629.79400000
20
-1169.80200000
30
0.00000000
0
VERTEX
8
Feedline
10
2629.72700000
20
-1169.99400000
30
0.00000000
0
VERTEX
8
Feedline
10
2629.65200000
20
-1170.18200000
30
0.00000000
0
VERTEX
8
Feedline
10
2629.56800000
20
-1170.36800000
30
0.00000000
0
VERTEX
8
Feedline
10
2629.48100000
20
-1170.54400000
30
0.00000000
0
VERTEX
8
Feedline
10
2629.38400000
20
-1170.72100000
30
0.00000000
0
VERTEX
8
Feedline
10
2629.28100000
20
-1170.89500000
30
0.00000000
0
VERTEX
8
Feedline
10
2629.17000000
20
-1171.06300000
30
0.00000000
0
VERTEX
8
Feedline
10
2629.05400000
20
-1171.22700000
30
0.00000000
0
VERTEX
8
Feedline
10
2628.93000000
20
-1171.38600000
30
0.00000000
0
VERTEX
8
Feedline
10
2628.80100000
20
-1171.54100000
30
0.00000000
0
VERTEX
8
Feedline
10
2628.66400000
20
-1171.69000000
30
0.00000000
0
VERTEX
8
Feedline
10
2628.52300000
20
-1171.83400000
30
0.00000000
0
VERTEX
8
Feedline
10
2628.37500000
20
-1171.97100000
30
0.00000000
0
VERTEX
8
Feedline
10
2628.22300000
20
-1172.10400000
30
0.00000000
0
VERTEX
8
Feedline
10
2628.06500000
20
-1172.22900000
30
0.00000000
0
VERTEX
8
Feedline
10
2627.90300000
20
-1172.34800000
30
0.00000000
0
VERTEX
8
Feedline
10
2627.73500000
20
-1172.46100000
30
0.00000000
0
VERTEX
8
Feedline
10
2627.56200000
20
-1172.56700000
30
0.00000000
0
VERTEX
8
Feedline
10
2627.38800000
20
-1172.66500000
30
0.00000000
0
VERTEX
8
Feedline
10
2627.20900000
20
-1172.75700000
30
0.00000000
0
VERTEX
8
Feedline
10
2627.02500000
20
-1172.84200000
30
0.00000000
0
VERTEX
8
Feedline
10
2626.83900000
20
-1172.91900000
30
0.00000000
0
VERTEX
8
Feedline
10
2626.64900000
20
-1172.98800000
30
0.00000000
0
VERTEX
8
Feedline
10
2626.45700000
20
-1173.05100000
30
0.00000000
0
VERTEX
8
Feedline
10
2626.26400000
20
-1173.10400000
30
0.00000000
0
VERTEX
8
Feedline
10
2626.06800000
20
-1173.15200000
30
0.00000000
0
VERTEX
8
Feedline
10
2625.87000000
20
-1173.19000000
30
0.00000000
0
VERTEX
8
Feedline
10
2625.66400000
20
-1173.22100000
30
0.00000000
0
VERTEX
8
Feedline
10
2625.47000000
20
-1173.24400000
30
0.00000000
0
VERTEX
8
Feedline
10
2625.26600000
20
-1173.25800000
30
0.00000000
0
VERTEX
8
Feedline
10
2625.06700000
20
-1173.26500000
30
0.00000000
0
VERTEX
8
Feedline
10
2624.86600000
20
-1173.26400000
30
0.00000000
0
VERTEX
8
Feedline
10
2624.66400000
20
-1173.25400000
30
0.00000000
0
VERTEX
8
Feedline
10
2624.46400000
20
-1173.23700000
30
0.00000000
0
VERTEX
8
Feedline
10
2624.26000000
20
-1173.21100000
30
0.00000000
0
VERTEX
8
Feedline
10
2624.06000000
20
-1173.17700000
30
0.00000000
0
VERTEX
8
Feedline
10
2623.86700000
20
-1173.13700000
30
0.00000000
0
VERTEX
8
Feedline
10
2623.67100000
20
-1173.08700000
30
0.00000000
0
VERTEX
8
Feedline
10
2623.47800000
20
-1173.03100000
30
0.00000000
0
VERTEX
8
Feedline
10
2623.28700000
20
-1172.96600000
30
0.00000000
0
VERTEX
8
Feedline
10
2623.09800000
20
-1172.89400000
30
0.00000000
0
VERTEX
8
Feedline
10
2622.91300000
20
-1172.81500000
30
0.00000000
0
VERTEX
8
Feedline
10
2622.73100000
20
-1172.72800000
30
0.00000000
0
VERTEX
8
Feedline
10
2622.55200000
20
-1172.63200000
30
0.00000000
0
VERTEX
8
Feedline
10
2622.37900000
20
-1172.53200000
30
0.00000000
0
VERTEX
8
Feedline
10
2622.20800000
20
-1172.42400000
30
0.00000000
0
VERTEX
8
Feedline
10
2622.04200000
20
-1172.30800000
30
0.00000000
0
VERTEX
8
Feedline
10
2621.88100000
20
-1172.18700000
30
0.00000000
0
VERTEX
8
Feedline
10
2621.72600000
20
-1172.06000000
30
0.00000000
0
VERTEX
8
Feedline
10
2621.57400000
20
-1171.92600000
30
0.00000000
0
VERTEX
8
Feedline
10
2621.42900000
20
-1171.78700000
30
0.00000000
0
VERTEX
8
Feedline
10
2552.06600000
20
-1102.42300000
30
0.00000000
0
VERTEX
8
Feedline
10
2541.53000000
20
-1112.95900000
30
0.00000000
0
VERTEX
8
Feedline
10
2628.57200000
20
-1200.00000000
30
0.00000000
0
VERTEX
8
Feedline
10
2628.71000000
20
-1200.14400000
30
0.00000000
0
VERTEX
8
Feedline
10
2628.84000000
20
-1200.29200000
30
0.00000000
0
VERTEX
8
Feedline
10
2628.96600000
20
-1200.44400000
30
0.00000000
0
VERTEX
8
Feedline
10
2629.08600000
20
-1200.60300000
30
0.00000000
0
VERTEX
8
Feedline
10
2629.19900000
20
-1200.76500000
30
0.00000000
0
VERTEX
8
Feedline
10
2629.30600000
20
-1200.93200000
30
0.00000000
0
VERTEX
8
Feedline
10
2629.40600000
20
-1201.10400000
30
0.00000000
0
VERTEX
8
Feedline
10
2629.50000000
20
-1201.27800000
30
0.00000000
0
VERTEX
8
Feedline
10
2629.58600000
20
-1201.45700000
30
0.00000000
0
VERTEX
8
Feedline
10
2629.66500000
20
-1201.63800000
30
0.00000000
0
VERTEX
8
Feedline
10
2629.73800000
20
-1201.82300000
30
0.00000000
0
VERTEX
8
Feedline
10
2629.80300000
20
-1202.01100000
30
0.00000000
0
VERTEX
8
Feedline
10
2629.86000000
20
-1202.20000000
30
0.00000000
0
VERTEX
8
Feedline
10
2629.91100000
20
-1202.39200000
30
0.00000000
0
VERTEX
8
Feedline
10
2629.95300000
20
-1202.58500000
30
0.00000000
0
VERTEX
8
Feedline
10
2629.98700000
20
-1202.78100000
30
0.00000000
0
VERTEX
8
Feedline
10
2630.01500000
20
-1202.97700000
30
0.00000000
0
VERTEX
8
Feedline
10
2630.03500000
20
-1203.17500000
30
0.00000000
0
VERTEX
8
Feedline
10
2630.04600000
20
-1203.37400000
30
0.00000000
0
VERTEX
8
Feedline
10
2630.05000000
20
-1203.57000000
30
0.00000000
0
VERTEX
8
Feedline
10
2630.05000000
20
-1521.76900000
30
0.00000000
0
VERTEX
8
Feedline
10
2630.04600000
20
-1521.97100000
30
0.00000000
0
VERTEX
8
Feedline
10
2630.03400000
20
-1522.17200000
30
0.00000000
0
VERTEX
8
Feedline
10
2630.01400000
20
-1522.37300000
30
0.00000000
0
VERTEX
8
Feedline
10
2629.98500000
20
-1522.57400000
30
0.00000000
0
VERTEX
8
Feedline
10
2629.95000000
20
-1522.77100000
30
0.00000000
0
VERTEX
8
Feedline
10
2629.90600000
20
-1522.96800000
30
0.00000000
0
VERTEX
8
Feedline
10
2629.85400000
20
-1523.16300000
30
0.00000000
0
VERTEX
8
Feedline
10
2629.79400000
20
-1523.35500000
30
0.00000000
0
VERTEX
8
Feedline
10
2629.72700000
20
-1523.54800000
30
0.00000000
0
VERTEX
8
Feedline
10
2629.65200000
20
-1523.73500000
30
0.00000000
0
VERTEX
8
Feedline
10
2629.56800000
20
-1523.92100000
30
0.00000000
0
VERTEX
8
Feedline
10
2629.48100000
20
-1524.09700000
30
0.00000000
0
VERTEX
8
Feedline
10
2629.38400000
20
-1524.27500000
30
0.00000000
0
VERTEX
8
Feedline
10
2629.28100000
20
-1524.44800000
30
0.00000000
0
VERTEX
8
Feedline
10
2629.17000000
20
-1524.61600000
30
0.00000000
0
VERTEX
8
Feedline
10
2629.05400000
20
-1524.78100000
30
0.00000000
0
VERTEX
8
Feedline
10
2628.93000000
20
-1524.94000000
30
0.00000000
0
VERTEX
8
Feedline
10
2628.80100000
20
-1525.09400000
30
0.00000000
0
VERTEX
8
Feedline
10
2628.66400000
20
-1525.24300000
30
0.00000000
0
VERTEX
8
Feedline
10
2628.52300000
20
-1525.38700000
30
0.00000000
0
VERTEX
8
Feedline
10
2628.37500000
20
-1525.52500000
30
0.00000000
0
VERTEX
8
Feedline
10
2628.22300000
20
-1525.65700000
30
0.00000000
0
VERTEX
8
Feedline
10
2628.06500000
20
-1525.78200000
30
0.00000000
0
VERTEX
8
Feedline
10
2627.90300000
20
-1525.90100000
30
0.00000000
0
VERTEX
8
Feedline
10
2627.73500000
20
-1526.01400000
30
0.00000000
0
VERTEX
8
Feedline
10
2627.56200000
20
-1526.12100000
30
0.00000000
0
VERTEX
8
Feedline
10
2627.38800000
20
-1526.21900000
30
0.00000000
0
VERTEX
8
Feedline
10
2627.20900000
20
-1526.31100000
30
0.00000000
0
VERTEX
8
Feedline
10
2627.02500000
20
-1526.39500000
30
0.00000000
0
VERTEX
8
Feedline
10
2626.83900000
20
-1526.47300000
30
0.00000000
0
VERTEX
8
Feedline
10
2626.64900000
20
-1526.54200000
30
0.00000000
0
VERTEX
8
Feedline
10
2626.45700000
20
-1526.60400000
30
0.00000000
0
VERTEX
8
Feedline
10
2626.26400000
20
-1526.65800000
30
0.00000000
0
VERTEX
8
Feedline
10
2626.06800000
20
-1526.70500000
30
0.00000000
0
VERTEX
8
Feedline
10
2625.87000000
20
-1526.74300000
30
0.00000000
0
VERTEX
8
Feedline
10
2625.66900000
20
-1526.77500000
30
0.00000000
0
VERTEX
8
Feedline
10
2625.47000000
20
-1526.79700000
30
0.00000000
0
VERTEX
8
Feedline
10
2625.26600000
20
-1526.81200000
30
0.00000000
0
VERTEX
8
Feedline
10
2625.06700000
20
-1526.81800000
30
0.00000000
0
VERTEX
8
Feedline
10
2624.86600000
20
-1526.81700000
30
0.00000000
0
VERTEX
8
Feedline
10
2624.66400000
20
-1526.80800000
30
0.00000000
0
VERTEX
8
Feedline
10
2624.46400000
20
-1526.79100000
30
0.00000000
0
VERTEX
8
Feedline
10
2624.26000000
20
-1526.76400000
30
0.00000000
0
VERTEX
8
Feedline
10
2624.06000000
20
-1526.73000000
30
0.00000000
0
VERTEX
8
Feedline
10
2623.86700000
20
-1526.69000000
30
0.00000000
0
VERTEX
8
Feedline
10
2623.67100000
20
-1526.64100000
30
0.00000000
0
VERTEX
8
Feedline
10
2623.47800000
20
-1526.58400000
30
0.00000000
0
VERTEX
8
Feedline
10
2623.28700000
20
-1526.51900000
30
0.00000000
0
VERTEX
8
Feedline
10
2623.09800000
20
-1526.44700000
30
0.00000000
0
VERTEX
8
Feedline
10
2622.91300000
20
-1526.36800000
30
0.00000000
0
VERTEX
8
Feedline
10
2622.73100000
20
-1526.28100000
30
0.00000000
0
VERTEX
8
Feedline
10
2622.55200000
20
-1526.18600000
30
0.00000000
0
VERTEX
8
Feedline
10
2622.37900000
20
-1526.08600000
30
0.00000000
0
VERTEX
8
Feedline
10
2622.20800000
20
-1525.97800000
30
0.00000000
0
VERTEX
8
Feedline
10
2622.04200000
20
-1525.86200000
30
0.00000000
0
VERTEX
8
Feedline
10
2621.88100000
20
-1525.74100000
30
0.00000000
0
VERTEX
8
Feedline
10
2621.72600000
20
-1525.61300000
30
0.00000000
0
VERTEX
8
Feedline
10
2621.57400000
20
-1525.48000000
30
0.00000000
0
VERTEX
8
Feedline
10
2621.42900000
20
-1525.34000000
30
0.00000000
0
VERTEX
8
Feedline
10
2552.06600000
20
-1455.97700000
30
0.00000000
0
VERTEX
8
Feedline
10
2541.53000000
20
-1466.51200000
30
0.00000000
0
VERTEX
8
Feedline
10
2628.57200000
20
-1553.55400000
30
0.00000000
0
VERTEX
8
Feedline
10
2628.71000000
20
-1553.69700000
30
0.00000000
0
VERTEX
8
Feedline
10
2628.84000000
20
-1553.84500000
30
0.00000000
0
VERTEX
8
Feedline
10
2628.96600000
20
-1553.99800000
30
0.00000000
0
VERTEX
8
Feedline
10
2629.08600000
20
-1554.15600000
30
0.00000000
0
VERTEX
8
Feedline
10
2629.19900000
20
-1554.31800000
30
0.00000000
0
VERTEX
8
Feedline
10
2629.30600000
20
-1554.48600000
30
0.00000000
0
VERTEX
8
Feedline
10
2629.40600000
20
-1554.65700000
30
0.00000000
0
VERTEX
8
Feedline
10
2629.50000000
20
-1554.83100000
30
0.00000000
0
VERTEX
8
Feedline
10
2629.58600000
20
-1555.01000000
30
0.00000000
0
VERTEX
8
Feedline
10
2629.66500000
20
-1555.19200000
30
0.00000000
0
VERTEX
8
Feedline
10
2629.73800000
20
-1555.37700000
30
0.00000000
0
VERTEX
8
Feedline
10
2629.80300000
20
-1555.56400000
30
0.00000000
0
VERTEX
8
Feedline
10
2629.86000000
20
-1555.75300000
30
0.00000000
0
VERTEX
8
Feedline
10
2629.91100000
20
-1555.94500000
30
0.00000000
0
VERTEX
8
Feedline
10
2629.95300000
20
-1556.13900000
30
0.00000000
0
VERTEX
8
Feedline
10
2629.98700000
20
-1556.33400000
30
0.00000000
0
VERTEX
8
Feedline
10
2630.01500000
20
-1556.53100000
30
0.00000000
0
VERTEX
8
Feedline
10
2630.03500000
20
-1556.72800000
30
0.00000000
0
VERTEX
8
Feedline
10
2630.04600000
20
-1556.92700000
30
0.00000000
0
VERTEX
8
Feedline
10
2630.05000000
20
-1557.12300000
30
0.00000000
0
VERTEX
8
Feedline
10
2630.05000000
20
-1809.53000000
30
0.00000000
0
VERTEX
8
Feedline
10
2647.95000000
20
-1809.53000000
30
0.00000000
0
VERTEX
8
Feedline
10
2647.95000000
20
-1574.02400000
30
0.00000000
0
VERTEX
8
Feedline
10
2647.94600000
20
-1573.67600000
30
0.00000000
0
VERTEX
8
Feedline
10
2647.93500000
20
-1573.32700000
30
0.00000000
0
VERTEX
8
Feedline
10
2647.91600000
20
-1572.97400000
30
0.00000000
0
VERTEX
8
Feedline
10
2647.88900000
20
-1572.63300000
30
0.00000000
0
VERTEX
8
Feedline
10
2647.85500000
20
-1572.28700000
30
0.00000000
0
VERTEX
8
Feedline
10
2647.81300000
20
-1571.94200000
30
0.00000000
0
VERTEX
8
Feedline
10
2647.76500000
20
-1571.59800000
30
0.00000000
0
VERTEX
8
Feedline
10
2647.70800000
20
-1571.25400000
30
0.00000000
0
VERTEX
8
Feedline
10
2647.64400000
20
-1570.91200000
30
0.00000000
0
VERTEX
8
Feedline
10
2647.57200000
20
-1570.57200000
30
0.00000000
0
VERTEX
8
Feedline
10
2647.49200000
20
-1570.23300000
30
0.00000000
0
VERTEX
8
Feedline
10
2647.40600000
20
-1569.89400000
30
0.00000000
0
VERTEX
8
Feedline
10
2647.31200000
20
-1569.55900000
30
0.00000000
0
VERTEX
8
Feedline
10
2647.21000000
20
-1569.22400000
30
0.00000000
0
VERTEX
8
Feedline
10
2647.10100000
20
-1568.89100000
30
0.00000000
0
VERTEX
8
Feedline
10
2646.98400000
20
-1568.55900000
30
0.00000000
0
VERTEX
8
Feedline
10
2646.86500000
20
-1568.24300000
30
0.00000000
0
VERTEX
8
Feedline
10
2646.73600000
20
-1567.92000000
30
0.00000000
0
VERTEX
8
Feedline
10
2646.59900000
20
-1567.60000000
30
0.00000000
0
VERTEX
8
Feedline
10
2646.45600000
20
-1567.28300000
30
0.00000000
0
VERTEX
8
Feedline
10
2646.30500000
20
-1566.96900000
30
0.00000000
0
VERTEX
8
Feedline
10
2646.14800000
20
-1566.65900000
30
0.00000000
0
VERTEX
8
Feedline
10
2645.98400000
20
-1566.35200000
30
0.00000000
0
VERTEX
8
Feedline
10
2645.81300000
20
-1566.04900000
30
0.00000000
0
VERTEX
8
Feedline
10
2645.63600000
20
-1565.74900000
30
0.00000000
0
VERTEX
8
Feedline
10
2645.45200000
20
-1565.45400000
30
0.00000000
0
VERTEX
8
Feedline
10
2645.26200000
20
-1565.16300000
30
0.00000000
0
VERTEX
8
Feedline
10
2645.06500000
20
-1564.87600000
30
0.00000000
0
VERTEX
8
Feedline
10
2644.86300000
20
-1564.59300000
30
0.00000000
0
VERTEX
8
Feedline
10
2644.65400000
20
-1564.31400000
30
0.00000000
0
VERTEX
8
Feedline
10
2644.43900000
20
-1564.04000000
30
0.00000000
0
VERTEX
8
Feedline
10
2644.21900000
20
-1563.77100000
30
0.00000000
0
VERTEX
8
Feedline
10
2643.99100000
20
-1563.50700000
30
0.00000000
0
VERTEX
8
Feedline
10
2643.75900000
20
-1563.24800000
30
0.00000000
0
VERTEX
8
Feedline
10
2643.52200000
20
-1562.99500000
30
0.00000000
0
VERTEX
8
Feedline
10
2643.27800000
20
-1562.74500000
30
0.00000000
0
VERTEX
8
Feedline
10
2544.92400000
20
-1464.39100000
30
0.00000000
0
VERTEX
8
Feedline
10
2549.94400000
20
-1459.37000000
30
0.00000000
0
VERTEX
8
Feedline
10
2620.72100000
20
-1530.14700000
30
0.00000000
0
VERTEX
8
Feedline
10
2620.97600000
20
-1530.39600000
30
0.00000000
0
VERTEX
8
Feedline
10
2621.23400000
20
-1530.63800000
30
0.00000000
0
VERTEX
8
Feedline
10
2621.49800000
20
-1530.87400000
30
0.00000000
0
VERTEX
8
Feedline
10
2621.76800000
20
-1531.10500000
30
0.00000000
0
VERTEX
8
Feedline
10
2622.04300000
20
-1531.32900000
30
0.00000000
0
VERTEX
8
Feedline
10
2622.32600000
20
-1531.55100000
30
0.00000000
0
VERTEX
8
Feedline
10
2622.60600000
20
-1531.76000000
30
0.00000000
0
VERTEX
8
Feedline
10
2622.89900000
20
-1531.96800000
30
0.00000000
0
VERTEX
8
Feedline
10
2623.18800000
20
-1532.16400000
30
0.00000000
0
VERTEX
8
Feedline
10
2623.48600000
20
-1532.35700000
30
0.00000000
0
VERTEX
8
Feedline
10
2623.78800000
20
-1532.54200000
30
0.00000000
0
VERTEX
8
Feedline
10
2624.09900000
20
-1532.72400000
30
0.00000000
0
VERTEX
8
Feedline
10
2624.40300000
20
-1532.89400000
30
0.00000000
0
VERTEX
8
Feedline
10
2624.71700000
20
-1533.06000000
30
0.00000000
0
VERTEX
8
Feedline
10
2625.03400000
20
-1533.21800000
30
0.00000000
0
VERTEX
8
Feedline
10
2625.35500000
20
-1533.37000000
30
0.00000000
0
VERTEX
8
Feedline
10
2625.68400000
20
-1533.51500000
30
0.00000000
0
VERTEX
8
Feedline
10
2626.00600000
20
-1533.65000000
30
0.00000000
0
VERTEX
8
Feedline
10
2626.33600000
20
-1533.77900000
30
0.00000000
0
VERTEX
8
Feedline
10
2626.66900000
20
-1533.90200000
30
0.00000000
0
VERTEX
8
Feedline
10
2627.00500000
20
-1534.01700000
30
0.00000000
0
VERTEX
8
Feedline
10
2627.34200000
20
-1534.12400000
30
0.00000000
0
VERTEX
8
Feedline
10
2627.68200000
20
-1534.22400000
30
0.00000000
0
VERTEX
8
Feedline
10
2628.02500000
20
-1534.31600000
30
0.00000000
0
VERTEX
8
Feedline
10
2628.36800000
20
-1534.40000000
30
0.00000000
0
VERTEX
8
Feedline
10
2628.71400000
20
-1534.47700000
30
0.00000000
0
VERTEX
8
Feedline
10
2629.06200000
20
-1534.54700000
30
0.00000000
0
VERTEX
8
Feedline
10
2629.41100000
20
-1534.60800000
30
0.00000000
0
VERTEX
8
Feedline
10
2629.76200000
20
-1534.66100000
30
0.00000000
0
VERTEX
8
Feedline
10
2630.11400000
20
-1534.70700000
30
0.00000000
0
VERTEX
8
Feedline
10
2630.46600000
20
-1534.74500000
30
0.00000000
0
VERTEX
8
Feedline
10
2630.82000000
20
-1534.77600000
30
0.00000000
0
VERTEX
8
Feedline
10
2631.17400000
20
-1534.79800000
30
0.00000000
0
VERTEX
8
Feedline
10
2631.52900000
20
-1534.81200000
30
0.00000000
0
VERTEX
8
Feedline
10
2631.88100000
20
-1534.81900000
30
0.00000000
0
VERTEX
8
Feedline
10
2632.23600000
20
-1534.81800000
30
0.00000000
0
VERTEX
8
Feedline
10
2632.59500000
20
-1534.80800000
30
0.00000000
0
VERTEX
8
Feedline
10
2632.94500000
20
-1534.79100000
30
0.00000000
0
VERTEX
8
Feedline
10
2633.29900000
20
-1534.76600000
30
0.00000000
0
VERTEX
8
Feedline
10
2633.65200000
20
-1534.73300000
30
0.00000000
0
VERTEX
8
Feedline
10
2634.00400000
20
-1534.69300000
30
0.00000000
0
VERTEX
8
Feedline
10
2634.35500000
20
-1534.64500000
30
0.00000000
0
VERTEX
8
Feedline
10
2634.70500000
20
-1534.58900000
30
0.00000000
0
VERTEX
8
Feedline
10
2635.06200000
20
-1534.52200000
30
0.00000000
0
VERTEX
8
Feedline
10
2635.40100000
20
-1534.45300000
30
0.00000000
0
VERTEX
8
Feedline
10
2635.74600000
20
-1534.37300000
30
0.00000000
0
VERTEX
8
Feedline
10
2636.09000000
20
-1534.28600000
30
0.00000000
0
VERTEX
8
Feedline
10
2636.43200000
20
-1534.19100000
30
0.00000000
0
VERTEX
8
Feedline
10
2636.77100000
20
-1534.08900000
30
0.00000000
0
VERTEX
8
Feedline
10
2637.10800000
20
-1533.98000000
30
0.00000000
0
VERTEX
8
Feedline
10
2637.44300000
20
-1533.86200000
30
0.00000000
0
VERTEX
8
Feedline
10
2637.77500000
20
-1533.73700000
30
0.00000000
0
VERTEX
8
Feedline
10
2638.10400000
20
-1533.60600000
30
0.00000000
0
VERTEX
8
Feedline
10
2638.43000000
20
-1533.46600000
30
0.00000000
0
VERTEX
8
Feedline
10
2638.75300000
20
-1533.32000000
30
0.00000000
0
VERTEX
8
Feedline
10
2639.07200000
20
-1533.16600000
30
0.00000000
0
VERTEX
8
Feedline
10
2639.38800000
20
-1533.00500000
30
0.00000000
0
VERTEX
8
Feedline
10
2639.70100000
20
-1532.83700000
30
0.00000000
0
VERTEX
8
Feedline
10
2640.00900000
20
-1532.66300000
30
0.00000000
0
VERTEX
8
Feedline
10
2640.31400000
20
-1532.48100000
30
0.00000000
0
VERTEX
8
Feedline
10
2640.61400000
20
-1532.29300000
30
0.00000000
0
VERTEX
8
Feedline
10
2640.91500000
20
-1532.09500000
30
0.00000000
0
VERTEX
8
Feedline
10
2641.20200000
20
-1531.89700000
30
0.00000000
0
VERTEX
8
Feedline
10
2641.49400000
20
-1531.68600000
30
0.00000000
0
VERTEX
8
Feedline
10
2641.77200000
20
-1531.47500000
30
0.00000000
0
VERTEX
8
Feedline
10
2642.04900000
20
-1531.25500000
30
0.00000000
0
VERTEX
8
Feedline
10
2642.32300000
20
-1531.02900000
30
0.00000000
0
VERTEX
8
Feedline
10
2642.59100000
20
-1530.79700000
30
0.00000000
0
VERTEX
8
Feedline
10
2642.85300000
20
-1530.55700000
30
0.00000000
0
VERTEX
8
Feedline
10
2643.11000000
20
-1530.31400000
30
0.00000000
0
VERTEX
8
Feedline
10
2643.36100000
20
-1530.06400000
30
0.00000000
0
VERTEX
8
Feedline
10
2643.60800000
20
-1529.80900000
30
0.00000000
0
VERTEX
8
Feedline
10
2643.84800000
20
-1529.54800000
30
0.00000000
0
VERTEX
8
Feedline
10
2644.08200000
20
-1529.28200000
30
0.00000000
0
VERTEX
8
Feedline
10
2644.31000000
20
-1529.01100000
30
0.00000000
0
VERTEX
8
Feedline
10
2644.53300000
20
-1528.73500000
30
0.00000000
0
VERTEX
8
Feedline
10
2644.74900000
20
-1528.45400000
30
0.00000000
0
VERTEX
8
Feedline
10
2644.95900000
20
-1528.16800000
30
0.00000000
0
VERTEX
8
Feedline
10
2645.16300000
20
-1527.87800000
30
0.00000000
0
VERTEX
8
Feedline
10
2645.35900000
20
-1527.58300000
30
0.00000000
0
VERTEX
8
Feedline
10
2645.55000000
20
-1527.28400000
30
0.00000000
0
VERTEX
8
Feedline
10
2645.73400000
20
-1526.98100000
30
0.00000000
0
VERTEX
8
Feedline
10
2645.91000000
20
-1526.67400000
30
0.00000000
0
VERTEX
8
Feedline
10
2646.08100000
20
-1526.36300000
30
0.00000000
0
VERTEX
8
Feedline
10
2646.24300000
20
-1526.04700000
30
0.00000000
0
VERTEX
8
Feedline
10
2646.40000000
20
-1525.72800000
30
0.00000000
0
VERTEX
8
Feedline
10
2646.54800000
20
-1525.40800000
30
0.00000000
0
VERTEX
8
Feedline
10
2646.69000000
20
-1525.08300000
30
0.00000000
0
VERTEX
8
Feedline
10
2646.82500000
20
-1524.75500000
30
0.00000000
0
VERTEX
8
Feedline
10
2646.95200000
20
-1524.42400000
30
0.00000000
0
VERTEX
8
Feedline
10
2647.07200000
20
-1524.09000000
30
0.00000000
0
VERTEX
8
Feedline
10
2647.18300000
20
-1523.75400000
30
0.00000000
0
VERTEX
8
Feedline
10
2647.28900000
20
-1523.41500000
30
0.00000000
0
VERTEX
8
Feedline
10
2647.38600000
20
-1523.07400000
30
0.00000000
0
VERTEX
8
Feedline
10
2647.47500000
20
-1522.73100000
30
0.00000000
0
VERTEX
8
Feedline
10
2647.55700000
20
-1522.38600000
30
0.00000000
0
VERTEX
8
Feedline
10
2647.63200000
20
-1522.03900000
30
0.00000000
0
VERTEX
8
Feedline
10
2647.69900000
20
-1521.69100000
30
0.00000000
0
VERTEX
8
Feedline
10
2647.75800000
20
-1521.34100000
30
0.00000000
0
VERTEX
8
Feedline
10
2647.80800000
20
-1520.99000000
30
0.00000000
0
VERTEX
8
Feedline
10
2647.85100000
20
-1520.63800000
30
0.00000000
0
VERTEX
8
Feedline
10
2647.88700000
20
-1520.28600000
30
0.00000000
0
VERTEX
8
Feedline
10
2647.91400000
20
-1519.93300000
30
0.00000000
0
VERTEX
8
Feedline
10
2647.93400000
20
-1519.57900000
30
0.00000000
0
VERTEX
8
Feedline
10
2647.94600000
20
-1519.22400000
30
0.00000000
0
VERTEX
8
Feedline
10
2647.95000000
20
-1518.86900000
30
0.00000000
0
VERTEX
8
Feedline
10
2647.95000000
20
-1220.47000000
30
0.00000000
0
VERTEX
8
Feedline
10
2647.94600000
20
-1220.12200000
30
0.00000000
0
VERTEX
8
Feedline
10
2647.93500000
20
-1219.77300000
30
0.00000000
0
VERTEX
8
Feedline
10
2647.91600000
20
-1219.42100000
30
0.00000000
0
VERTEX
8
Feedline
10
2647.88900000
20
-1219.08000000
30
0.00000000
0
VERTEX
8
Feedline
10
2647.85500000
20
-1218.73400000
30
0.00000000
0
VERTEX
8
Feedline
10
2647.81300000
20
-1218.38900000
30
0.00000000
0
VERTEX
8
Feedline
10
2647.76500000
20
-1218.04400000
30
0.00000000
0
VERTEX
8
Feedline
10
2647.70800000
20
-1217.70100000
30
0.00000000
0
VERTEX
8
Feedline
10
2647.64400000
20
-1217.35900000
30
0.00000000
0
VERTEX
8
Feedline
10
2647.57200000
20
-1217.01800000
30
0.00000000
0
VERTEX
8
Feedline
10
2647.49200000
20
-1216.67900000
30
0.00000000
0
VERTEX
8
Feedline
10
2647.40600000
20
-1216.34000000
30
0.00000000
0
VERTEX
8
Feedline
10
2647.31200000
20
-1216.00500000
30
0.00000000
0
VERTEX
8
Feedline
10
2647.21000000
20
-1215.67100000
30
0.00000000
0
VERTEX
8
Feedline
10
2647.10400000
20
-1215.34300000
30
0.00000000
0
VERTEX
8
Feedline
10
2646.98400000
20
-1215.00600000
30
0.00000000
0
VERTEX
8
Feedline
10
2646.86500000
20
-1214.68900000
30
0.00000000
0
VERTEX
8
Feedline
10
2646.73600000
20
-1214.36600000
30
0.00000000
0
VERTEX
8
Feedline
10
2646.59900000
20
-1214.04600000
30
0.00000000
0
VERTEX
8
Feedline
10
2646.45600000
20
-1213.72900000
30
0.00000000
0
VERTEX
8
Feedline
10
2646.30500000
20
-1213.41600000
30
0.00000000
0
VERTEX
8
Feedline
10
2646.14800000
20
-1213.10500000
30
0.00000000
0
VERTEX
8
Feedline
10
2645.98400000
20
-1212.79900000
30
0.00000000
0
VERTEX
8
Feedline
10
2645.81300000
20
-1212.49500000
30
0.00000000
0
VERTEX
8
Feedline
10
2645.63600000
20
-1212.19600000
30
0.00000000
0
VERTEX
8
Feedline
10
2645.45200000
20
-1211.90100000
30
0.00000000
0
VERTEX
8
Feedline
10
2645.26200000
20
-1211.60900000
30
0.00000000
0
VERTEX
8
Feedline
10
2645.06500000
20
-1211.32200000
30
0.00000000
0
VERTEX
8
Feedline
10
2644.86300000
20
-1211.03900000
30
0.00000000
0
VERTEX
8
Feedline
10
2644.65400000
20
-1210.76000000
30
0.00000000
0
VERTEX
8
Feedline
10
2644.43900000
20
-1210.48700000
30
0.00000000
0
VERTEX
8
Feedline
10
2644.21900000
20
-1210.21800000
30
0.00000000
0
VERTEX
8
Feedline
10
2643.99100000
20
-1209.95400000
30
0.00000000
0
VERTEX
8
Feedline
10
2643.75900000
20
-1209.69500000
30
0.00000000
0
VERTEX
8
Feedline
10
2643.52200000
20
-1209.44100000
30
0.00000000
0
VERTEX
8
Feedline
10
2643.27800000
20
-1209.19200000
30
0.00000000
0
VERTEX
8
Feedline
10
2544.92400000
20
-1110.83800000
30
0.00000000
0
VERTEX
8
Feedline
10
2549.94400000
20
-1105.81700000
30
0.00000000
0
VERTEX
8
Feedline
10
2620.72100000
20
-1176.59400000
30
0.00000000
0
VERTEX
8
Feedline
10
2620.97600000
20
-1176.84200000
30
0.00000000
0
VERTEX
8
Feedline
10
2621.23400000
20
-1177.08400000
30
0.00000000
0
VERTEX
8
Feedline
10
2621.49800000
20
-1177.32100000
30
0.00000000
0
VERTEX
8
Feedline
10
2621.76800000
20
-1177.55200000
30
0.00000000
0
VERTEX
8
Feedline
10
2622.04300000
20
-1177.77600000
30
0.00000000
0
VERTEX
8
Feedline
10
2622.32600000
20
-1177.99800000
30
0.00000000
0
VERTEX
8
Feedline
10
2622.60600000
20
-1178.20600000
30
0.00000000
0
VERTEX
8
Feedline
10
2622.89900000
20
-1178.41500000
30
0.00000000
0
VERTEX
8
Feedline
10
2623.18800000
20
-1178.61000000
30
0.00000000
0
VERTEX
8
Feedline
10
2623.48600000
20
-1178.80400000
30
0.00000000
0
VERTEX
8
Feedline
10
2623.78800000
20
-1178.98900000
30
0.00000000
0
VERTEX
8
Feedline
10
2624.09900000
20
-1179.17100000
30
0.00000000
0
VERTEX
8
Feedline
10
2624.40300000
20
-1179.34100000
30
0.00000000
0
VERTEX
8
Feedline
10
2624.71700000
20
-1179.50700000
30
0.00000000
0
VERTEX
8
Feedline
10
2625.03400000
20
-1179.66400000
30
0.00000000
0
VERTEX
8
Feedline
10
2625.35500000
20
-1179.81600000
30
0.00000000
0
VERTEX
8
Feedline
10
2625.68400000
20
-1179.96200000
30
0.00000000
0
VERTEX
8
Feedline
10
2626.00600000
20
-1180.09700000
30
0.00000000
0
VERTEX
8
Feedline
10
2626.33600000
20
-1180.22600000
30
0.00000000
0
VERTEX
8
Feedline
10
2626.66900000
20
-1180.34900000
30
0.00000000
0
VERTEX
8
Feedline
10
2627.00500000
20
-1180.46400000
30
0.00000000
0
VERTEX
8
Feedline
10
2627.34200000
20
-1180.57000000
30
0.00000000
0
VERTEX
8
Feedline
10
2627.68200000
20
-1180.67100000
30
0.00000000
0
VERTEX
8
Feedline
10
2628.02500000
20
-1180.76300000
30
0.00000000
0
VERTEX
8
Feedline
10
2628.36800000
20
-1180.84700000
30
0.00000000
0
VERTEX
8
Feedline
10
2628.71400000
20
-1180.92400000
30
0.00000000
0
VERTEX
8
Feedline
10
2629.06200000
20
-1180.99300000
30
0.00000000
0
VERTEX
8
Feedline
10
2629.41100000
20
-1181.05500000
30
0.00000000
0
VERTEX
8
Feedline
10
2629.76200000
20
-1181.10800000
30
0.00000000
0
VERTEX
8
Feedline
10
2630.11400000
20
-1181.15400000
30
0.00000000
0
VERTEX
8
Feedline
10
2630.46600000
20
-1181.19200000
30
0.00000000
0
VERTEX
8
Feedline
10
2630.82000000
20
-1181.22200000
30
0.00000000
0
VERTEX
8
Feedline
10
2631.17400000
20
-1181.24500000
30
0.00000000
0
VERTEX
8
Feedline
10
2631.52900000
20
-1181.25900000
30
0.00000000
0
VERTEX
8
Feedline
10
2631.88100000
20
-1181.26600000
30
0.00000000
0
VERTEX
8
Feedline
10
2632.23600000
20
-1181.26400000
30
0.00000000
0
VERTEX
8
Feedline
10
2632.59500000
20
-1181.25500000
30
0.00000000
0
VERTEX
8
Feedline
10
2632.94500000
20
-1181.23800000
30
0.00000000
0
VERTEX
8
Feedline
10
2633.29900000
20
-1181.21300000
30
0.00000000
0
VERTEX
8
Feedline
10
2633.65200000
20
-1181.18000000
30
0.00000000
0
VERTEX
8
Feedline
10
2634.00400000
20
-1181.13900000
30
0.00000000
0
VERTEX
8
Feedline
10
2634.35500000
20
-1181.09200000
30
0.00000000
0
VERTEX
8
Feedline
10
2634.70500000
20
-1181.03500000
30
0.00000000
0
VERTEX
8
Feedline
10
2635.05300000
20
-1180.97100000
30
0.00000000
0
VERTEX
8
Feedline
10
2635.40100000
20
-1180.89900000
30
0.00000000
0
VERTEX
8
Feedline
10
2635.74600000
20
-1180.81900000
30
0.00000000
0
VERTEX
8
Feedline
10
2636.09000000
20
-1180.73300000
30
0.00000000
0
VERTEX
8
Feedline
10
2636.43200000
20
-1180.63800000
30
0.00000000
0
VERTEX
8
Feedline
10
2636.77100000
20
-1180.53500000
30
0.00000000
0
VERTEX
8
Feedline
10
2637.10800000
20
-1180.42600000
30
0.00000000
0
VERTEX
8
Feedline
10
2637.44300000
20
-1180.30900000
30
0.00000000
0
VERTEX
8
Feedline
10
2637.77500000
20
-1180.18400000
30
0.00000000
0
VERTEX
8
Feedline
10
2638.10400000
20
-1180.05200000
30
0.00000000
0
VERTEX
8
Feedline
10
2638.43000000
20
-1179.91200000
30
0.00000000
0
VERTEX
8
Feedline
10
2638.75300000
20
-1179.76600000
30
0.00000000
0
VERTEX
8
Feedline
10
2639.07200000
20
-1179.61200000
30
0.00000000
0
VERTEX
8
Feedline
10
2639.38800000
20
-1179.45200000
30
0.00000000
0
VERTEX
8
Feedline
10
2639.70100000
20
-1179.28400000
30
0.00000000
0
VERTEX
8
Feedline
10
2640.00900000
20
-1179.11000000
30
0.00000000
0
VERTEX
8
Feedline
10
2640.31400000
20
-1178.92800000
30
0.00000000
0
VERTEX
8
Feedline
10
2640.61400000
20
-1178.74000000
30
0.00000000
0
VERTEX
8
Feedline
10
2640.91500000
20
-1178.54200000
30
0.00000000
0
VERTEX
8
Feedline
10
2641.20200000
20
-1178.34400000
30
0.00000000
0
VERTEX
8
Feedline
10
2641.49400000
20
-1178.13200000
30
0.00000000
0
VERTEX
8
Feedline
10
2641.77200000
20
-1177.92100000
30
0.00000000
0
VERTEX
8
Feedline
10
2642.04900000
20
-1177.70100000
30
0.00000000
0
VERTEX
8
Feedline
10
2642.32300000
20
-1177.47500000
30
0.00000000
0
VERTEX
8
Feedline
10
2642.59100000
20
-1177.24300000
30
0.00000000
0
VERTEX
8
Feedline
10
2642.85300000
20
-1177.00400000
30
0.00000000
0
VERTEX
8
Feedline
10
2643.11000000
20
-1176.76000000
30
0.00000000
0
VERTEX
8
Feedline
10
2643.36100000
20
-1176.51100000
30
0.00000000
0
VERTEX
8
Feedline
10
2643.60800000
20
-1176.25600000
30
0.00000000
0
VERTEX
8
Feedline
10
2643.84800000
20
-1175.99500000
30
0.00000000
0
VERTEX
8
Feedline
10
2644.08200000
20
-1175.72800000
30
0.00000000
0
VERTEX
8
Feedline
10
2644.31000000
20
-1175.45700000
30
0.00000000
0
VERTEX
8
Feedline
10
2644.53300000
20
-1175.18100000
30
0.00000000
0
VERTEX
8
Feedline
10
2644.74900000
20
-1174.90000000
30
0.00000000
0
VERTEX
8
Feedline
10
2644.95900000
20
-1174.61500000
30
0.00000000
0
VERTEX
8
Feedline
10
2645.16300000
20
-1174.32400000
30
0.00000000
0
VERTEX
8
Feedline
10
2645.35900000
20
-1174.03000000
30
0.00000000
0
VERTEX
8
Feedline
10
2645.55000000
20
-1173.73100000
30
0.00000000
0
VERTEX
8
Feedline
10
2645.73400000
20
-1173.42800000
30
0.00000000
0
VERTEX
8
Feedline
10
2645.91000000
20
-1173.12000000
30
0.00000000
0
VERTEX
8
Feedline
10
2646.08100000
20
-1172.80900000
30
0.00000000
0
VERTEX
8
Feedline
10
2646.24300000
20
-1172.49300000
30
0.00000000
0
VERTEX
8
Feedline
10
2646.40000000
20
-1172.17500000
30
0.00000000
0
VERTEX
8
Feedline
10
2646.54800000
20
-1171.85400000
30
0.00000000
0
VERTEX
8
Feedline
10
2646.69000000
20
-1171.52900000
30
0.00000000
0
VERTEX
8
Feedline
10
2646.82500000
20
-1171.20100000
30
0.00000000
0
VERTEX
8
Feedline
10
2646.95200000
20
-1170.87000000
30
0.00000000
0
VERTEX
8
Feedline
10
2647.07200000
20
-1170.53700000
30
0.00000000
0
VERTEX
8
Feedline
10
2647.18300000
20
-1170.20000000
30
0.00000000
0
VERTEX
8
Feedline
10
2647.28900000
20
-1169.86100000
30
0.00000000
0
VERTEX
8
Feedline
10
2647.38600000
20
-1169.52000000
30
0.00000000
0
VERTEX
8
Feedline
10
2647.47500000
20
-1169.17700000
30
0.00000000
0
VERTEX
8
Feedline
10
2647.55700000
20
-1168.83200000
30
0.00000000
0
VERTEX
8
Feedline
10
2647.63200000
20
-1168.48600000
30
0.00000000
0
VERTEX
8
Feedline
10
2647.69900000
20
-1168.13700000
30
0.00000000
0
VERTEX
8
Feedline
10
2647.75800000
20
-1167.78800000
30
0.00000000
0
VERTEX
8
Feedline
10
2647.80800000
20
-1167.43700000
30
0.00000000
0
VERTEX
8
Feedline
10
2647.85100000
20
-1167.08500000
30
0.00000000
0
VERTEX
8
Feedline
10
2647.88700000
20
-1166.73300000
30
0.00000000
0
VERTEX
8
Feedline
10
2647.91400000
20
-1166.37900000
30
0.00000000
0
VERTEX
8
Feedline
10
2647.93400000
20
-1166.02500000
30
0.00000000
0
VERTEX
8
Feedline
10
2647.94600000
20
-1165.67100000
30
0.00000000
0
VERTEX
8
Feedline
10
2647.95000000
20
-1165.31600000
30
0.00000000
0
SEQEND
8
Feedline
0
POLYLINE
8
Feedline
66
1
10
0.00000000
20
0.00000000
30
0.00000000
70
1
0
VERTEX
8
Feedline
10
2250.00000000
20
-2640.95000000
30
0.00000000
0
VERTEX
8
Feedline
10
2251.74000000
20
-2640.94600000
30
0.00000000
0
VERTEX
8
Feedline
10
2251.76500000
20
-2640.94600000
30
0.00000000
0
VERTEX
8
Feedline
10
2253.53000000
20
-2640.93400000
30
0.00000000
0
VERTEX
8
Feedline
10
2255.29400000
20
-2640.91400000
30
0.00000000
0
VERTEX
8
Feedline
10
2257.05800000
20
-2640.88600000
30
0.00000000
0
VERTEX
8
Feedline
10
2258.82300000
20
-2640.85000000
30
0.00000000
0
VERTEX
8
Feedline
10
2260.58700000
20
-2640.80700000
30
0.00000000
0
VERTEX
8
Feedline
10
2262.35000000
20
-2640.75500000
30
0.00000000
0
VERTEX
8
Feedline
10
2264.11400000
20
-2640.69500000
30
0.00000000
0
VERTEX
8
Feedline
10
2265.87800000
20
-2640.62700000
30
0.00000000
0
VERTEX
8
Feedline
10
2267.64100000
20
-2640.55200000
30
0.00000000
0
VERTEX
8
Feedline
10
2269.40400000
20
-2640.46800000
30
0.00000000
0
VERTEX
8
Feedline
10
2271.16500000
20
-2640.37700000
30
0.00000000
0
VERTEX
8
Feedline
10
2272.92700000
20
-2640.27700000
30
0.00000000
0
VERTEX
8
Feedline
10
2274.68900000
20
-2640.17000000
30
0.00000000
0
VERTEX
8
Feedline
10
2276.45000000
20
-2640.05400000
30
0.00000000
0
VERTEX
8
Feedline
10
2278.21000000
20
-2639.93100000
30
0.00000000
0
VERTEX
8
Feedline
10
2279.97000000
20
-2639.79900000
30
0.00000000
0
VERTEX
8
Feedline
10
2281.72900000
20
-2639.66000000
30
0.00000000
0
VERTEX
8
Feedline
10
2283.48800000
20
-2639.51300000
30
0.00000000
0
VERTEX
8
Feedline
10
2285.24500000
20
-2639.35800000
30
0.00000000
0
VERTEX
8
Feedline
10
2287.00200000
20
-2639.19500000
30
0.00000000
0
VERTEX
8
Feedline
10
2288.75900000
20
-2639.02400000
30
0.00000000
0
VERTEX
8
Feedline
10
2290.51500000
20
-2638.84500000
30
0.00000000
0
VERTEX
8
Feedline
10
2292.27000000
20
-2638.65800000
30
0.00000000
0
VERTEX
8
Feedline
10
2294.02300000
20
-2638.46300000
30
0.00000000
0
VERTEX
8
Feedline
10
2295.77600000
20
-2638.26000000
30
0.00000000
0
VERTEX
8
Feedline
10
2297.54500000
20
-2638.04800000
30
0.00000000
0
VERTEX
8
Feedline
10
2299.27900000
20
-2637.83100000
30
0.00000000
0
VERTEX
8
Feedline
10
2301.02900000
20
-2637.60500000
30
0.00000000
0
VERTEX
8
Feedline
10
2302.77800000
20
-2637.37100000
30
0.00000000
0
VERTEX
8
Feedline
10
2304.52600000
20
-2637.12800000
30
0.00000000
0
VERTEX
8
Feedline
10
2306.27300000
20
-2636.87900000
30
0.00000000
0
VERTEX
8
Feedline
10
2308.01900000
20
-2636.62100000
30
0.00000000
0
VERTEX
8
Feedline
10
2309.76300000
20
-2636.35500000
30
0.00000000
0
VERTEX
8
Feedline
10
2311.50600000
20
-2636.08200000
30
0.00000000
0
VERTEX
8
Feedline
10
2313.24900000
20
-2635.80000000
30
0.00000000
0
VERTEX
8
Feedline
10
2314.99000000
20
-2635.51100000
30
0.00000000
0
VERTEX
8
Feedline
10
2316.72800000
20
-2635.21300000
30
0.00000000
0
VERTEX
8
Feedline
10
2318.46700000
20
-2634.90800000
30
0.00000000
0
VERTEX
8
Feedline
10
2320.20400000
20
-2634.59500000
30
0.00000000
0
VERTEX
8
Feedline
10
2321.93900000
20
-2634.27400000
30
0.00000000
0
VERTEX
8
Feedline
10
2323.67300000
20
-2633.94600000
30
0.00000000
0
VERTEX
8
Feedline
10
2325.40500000
20
-2633.60900000
30
0.00000000
0
VERTEX
8
Feedline
10
2327.14400000
20
-2633.26300000
30
0.00000000
0
VERTEX
8
Feedline
10
2328.86500000
20
-2632.91300000
30
0.00000000
0
VERTEX
8
Feedline
10
2330.59300000
20
-2632.55300000
30
0.00000000
0
VERTEX
8
Feedline
10
2332.31800000
20
-2632.18500000
30
0.00000000
0
VERTEX
8
Feedline
10
2334.04200000
20
-2631.81000000
30
0.00000000
0
VERTEX
8
Feedline
10
2335.76500000
20
-2631.42600000
30
0.00000000
0
VERTEX
8
Feedline
10
2337.48600000
20
-2631.03500000
30
0.00000000
0
VERTEX
8
Feedline
10
2339.20500000
20
-2630.63600000
30
0.00000000
0
VERTEX
8
Feedline
10
2340.92200000
20
-2630.23000000
30
0.00000000
0
VERTEX
8
Feedline
10
2342.63700000
20
-2629.81600000
30
0.00000000
0
VERTEX
8
Feedline
10
2344.35100000
20
-2629.39300000
30
0.00000000
0
VERTEX
8
Feedline
10
2346.06300000
20
-2628.96500000
30
0.00000000
0
VERTEX
8
Feedline
10
2347.77200000
20
-2628.52700000
30
0.00000000
0
VERTEX
8
Feedline
10
2349.47900000
20
-2628.08200000
30
0.00000000
0
VERTEX
8
Feedline
10
2351.18500000
20
-2627.62900000
30
0.00000000
0
VERTEX
8
Feedline
10
2352.88900000
20
-2627.16800000
30
0.00000000
0
VERTEX
8
Feedline
10
2354.59100000
20
-2626.70000000
30
0.00000000
0
VERTEX
8
Feedline
10
2356.28900000
20
-2626.22400000
30
0.00000000
0
VERTEX
8
Feedline
10
2357.98600000
20
-2625.74000000
30
0.00000000
0
VERTEX
8
Feedline
10
2359.68200000
20
-2625.24900000
30
0.00000000
0
VERTEX
8
Feedline
10
2361.37400000
20
-2624.75000000
30
0.00000000
0
VERTEX
8
Feedline
10
2363.09400000
20
-2624.23500000
30
0.00000000
0
VERTEX
8
Feedline
10
2364.78200000
20
-2623.72000000
30
0.00000000
0
VERTEX
8
Feedline
10
2366.44800000
20
-2623.20400000
30
0.00000000
0
VERTEX
8
Feedline
10
2368.12200000
20
-2622.67800000
30
0.00000000
0
VERTEX
8
Feedline
10
2369.80300000
20
-2622.14100000
30
0.00000000
0
VERTEX
8
Feedline
10
2371.48100000
20
-2621.59600000
30
0.00000000
0
VERTEX
8
Feedline
10
2373.15700000
20
-2621.04500000
30
0.00000000
0
VERTEX
8
Feedline
10
2374.83100000
20
-2620.48500000
30
0.00000000
0
VERTEX
8
Feedline
10
2376.50200000
20
-2619.91800000
30
0.00000000
0
VERTEX
8
Feedline
10
2378.17100000
20
-2619.34300000
30
0.00000000
0
VERTEX
8
Feedline
10
2379.83600000
20
-2618.76100000
30
0.00000000
0
VERTEX
8
Feedline
10
2381.52900000
20
-2618.16000000
30
0.00000000
0
VERTEX
8
Feedline
10
2383.16000000
20
-2617.57400000
30
0.00000000
0
VERTEX
8
Feedline
10
2384.81800000
20
-2616.96900000
30
0.00000000
0
VERTEX
8
Feedline
10
2386.47300000
20
-2616.35600000
30
0.00000000
0
VERTEX
8
Feedline
10
2388.12500000
20
-2615.73700000
30
0.00000000
0
VERTEX
8
Feedline
10
2389.77400000
20
-2615.10900000
30
0.00000000
0
VERTEX
8
Feedline
10
2391.42100000
20
-2614.47500000
30
0.00000000
0
VERTEX
8
Feedline
10
2393.06500000
20
-2613.83200000
30
0.00000000
0
VERTEX
8
Feedline
10
2394.70500000
20
-2613.18400000
30
0.00000000
0
VERTEX
8
Feedline
10
2396.34300000
20
-2612.52700000
30
0.00000000
0
VERTEX
8
Feedline
10
2397.97800000
20
-2611.86300000
30
0.00000000
0
VERTEX
8
Feedline
10
2399.61000000
20
-2611.19100000
30
0.00000000
0
VERTEX
8
Feedline
10
2401.23900000
20
-2610.51200000
30
0.00000000
0
VERTEX
8
Feedline
10
2402.86400000
20
-2609.82500000
30
0.00000000
0
VERTEX
8
Feedline
10
2404.48700000
20
-2609.13200000
30
0.00000000
0
VERTEX
8
Feedline
10
2406.10700000
20
-2608.43100000
30
0.00000000
0
VERTEX
8
Feedline
10
2407.72300000
20
-2607.72200000
30
0.00000000
0
VERTEX
8
Feedline
10
2409.33600000
20
-2607.00700000
30
0.00000000
0
VERTEX
8
Feedline
10
2410.94500000
20
-2606.28400000
30
0.00000000
0
VERTEX
8
Feedline
10
2412.55200000
20
-2605.55400000
30
0.00000000
0
VERTEX
8
Feedline
10
2414.15600000
20
-2604.81700000
30
0.00000000
0
VERTEX
8
Feedline
10
2415.79200000
20
-2604.05500000
30
0.00000000
0
VERTEX
8
Feedline
10
2417.35200000
20
-2603.32000000
30
0.00000000
0
VERTEX
8
Feedline
10
2418.94500000
20
-2602.56100000
30
0.00000000
0
VERTEX
8
Feedline
10
2420.53500000
20
-2601.79500000
30
0.00000000
0
VERTEX
8
Feedline
10
2422.12100000
20
-2601.02200000
30
0.00000000
0
VERTEX
8
Feedline
10
2423.70400000
20
-2600.24100000
30
0.00000000
0
VERTEX
8
Feedline
10
2425.28300000
20
-2599.45300000
30
0.00000000
0
VERTEX
8
Feedline
10
2426.85800000
20
-2598.65800000
30
0.00000000
0
VERTEX
8
Feedline
10
2428.43000000
20
-2597.85800000
30
0.00000000
0
VERTEX
8
Feedline
10
2429.99900000
20
-2597.04800000
30
0.00000000
0
VERTEX
8
Feedline
10
2431.56400000
20
-2596.23200000
30
0.00000000
0
VERTEX
8
Feedline
10
2433.12500000
20
-2595.40900000
30
0.00000000
0
VERTEX
8
Feedline
10
2434.68100000
20
-2594.57900000
30
0.00000000
0
VERTEX
8
Feedline
10
2436.23500000
20
-2593.74200000
30
0.00000000
0
VERTEX
8
Feedline
10
2437.78500000
20
-2592.89800000
30
0.00000000
0
VERTEX
8
Feedline
10
2439.33100000
20
-2592.04600000
30
0.00000000
0
VERTEX
8
Feedline
10
2440.87300000
20
-2591.18800000
30
0.00000000
0
VERTEX
8
Feedline
10
2442.42700000
20
-2590.31400000
30
0.00000000
0
VERTEX
8
Feedline
10
2443.94500000
20
-2589.45200000
30
0.00000000
0
VERTEX
8
Feedline
10
2445.49900000
20
-2588.55900000
30
0.00000000
0
VERTEX
8
Feedline
10
2447.01500000
20
-2587.67900000
30
0.00000000
0
VERTEX
8
Feedline
10
2448.52400000
20
-2586.79400000
30
0.00000000
0
VERTEX
8
Feedline
10
2450.04100000
20
-2585.89500000
30
0.00000000
0
VERTEX
8
Feedline
10
2451.55600000
20
-2584.98800000
30
0.00000000
0
VERTEX
8
Feedline
10
2453.06600000
20
-2584.07500000
30
0.00000000
0
VERTEX
8
Feedline
10
2454.57200000
20
-2583.15500000
30
0.00000000
0
VERTEX
8
Feedline
10
2456.07400000
20
-2582.22900000
30
0.00000000
0
VERTEX
8
Feedline
10
2457.57000000
20
-2581.29500000
30
0.00000000
0
VERTEX
8
Feedline
10
2459.06400000
20
-2580.35500000
30
0.00000000
0
VERTEX
8
Feedline
10
2460.55300000
20
-2579.40800000
30
0.00000000
0
VERTEX
8
Feedline
10
2462.03800000
20
-2578.45400000
30
0.00000000
0
VERTEX
8
Feedline
10
2463.51900000
20
-2577.49300000
30
0.00000000
0
VERTEX
8
Feedline
10
2464.99500000
20
-2576.52600000
30
0.00000000
0
VERTEX
8
Feedline
10
2466.46600000
20
-2575.55200000
30
0.00000000
0
VERTEX
8
Feedline
10
2467.93300000
20
-2574.57200000
30
0.00000000
0
VERTEX
8
Feedline
10
2469.44900000
20
-2573.54900000
30
0.00000000
0
VERTEX
8
Feedline
10
2470.85500000
20
-2572.59200000
30
0.00000000
0
VERTEX
8
Feedline
10
2472.30900000
20
-2571.59100000
30
0.00000000
0
VERTEX
8
Feedline
10
2473.75700000
20
-2570.58500000
30
0.00000000
0
VERTEX
8
Feedline
10
2475.20200000
20
-2569.57100000
30
0.00000000
0
VERTEX
8
Feedline
10
2476.64300000
20
-2568.55100000
30
0.00000000
0
VERTEX
8
Feedline
10
2478.07800000
20
-2567.52500000
30
0.00000000
0
VERTEX
8
Feedline
10
2479.50900000
20
-2566.49300000
30
0.00000000
0
VERTEX
8
Feedline
10
2480.93500000
20
-2565.45400000
30
0.00000000
0
VERTEX
8
Feedline
10
2482.35700000
20
-2564.40800000
30
0.00000000
0
VERTEX
8
Feedline
10
2483.77300000
20
-2563.35600000
30
0.00000000
0
VERTEX
8
Feedline
10
2485.18600000
20
-2562.29700000
30
0.00000000
0
VERTEX
8
Feedline
10
2486.59300000
20
-2561.23200000
30
0.00000000
0
VERTEX
8
Feedline
10
2487.99600000
20
-2560.16100000
30
0.00000000
0
VERTEX
8
Feedline
10
2489.41100000
20
-2559.07000000
30
0.00000000
0
VERTEX
8
Feedline
10
2490.79000000
20
-2557.99700000
30
0.00000000
0
VERTEX
8
Feedline
10
2492.17300000
20
-2556.91100000
30
0.00000000
0
VERTEX
8
Feedline
10
2493.56500000
20
-2555.80700000
30
0.00000000
0
VERTEX
8
Feedline
10
2494.93400000
20
-2554.71200000
30
0.00000000
0
VERTEX
8
Feedline
10
2496.35900000
20
-2553.56000000
30
0.00000000
0
VERTEX
8
Feedline
10
2497.68200000
20
-2552.48300000
30
0.00000000
0
VERTEX
8
Feedline
10
2499.03800000
20
-2551.36700000
30
0.00000000
0
VERTEX
8
Feedline
10
2500.39500000
20
-2550.24000000
30
0.00000000
0
VERTEX
8
Feedline
10
2501.74800000
20
-2549.10700000
30
0.00000000
0
VERTEX
8
Feedline
10
2503.09600000
20
-2547.96700000
30
0.00000000
0
VERTEX
8
Feedline
10
2504.43800000
20
-2546.82200000
30
0.00000000
0
VERTEX
8
Feedline
10
2505.77500000
20
-2545.67000000
30
0.00000000
0
VERTEX
8
Feedline
10
2507.13100000
20
-2544.49100000
30
0.00000000
0
VERTEX
8
Feedline
10
2508.45100000
20
-2543.33500000
30
0.00000000
0
VERTEX
8
Feedline
10
2509.75600000
20
-2542.18000000
30
0.00000000
0
VERTEX
8
Feedline
10
2511.07200000
20
-2541.00500000
30
0.00000000
0
VERTEX
8
Feedline
10
2512.38200000
20
-2539.82300000
30
0.00000000
0
VERTEX
8
Feedline
10
2513.68800000
20
-2538.63600000
30
0.00000000
0
VERTEX
8
Feedline
10
2514.98800000
20
-2537.44200000
30
0.00000000
0
VERTEX
8
Feedline
10
2516.28300000
20
-2536.24300000
30
0.00000000
0
VERTEX
8
Feedline
10
2517.57200000
20
-2535.03900000
30
0.00000000
0
VERTEX
8
Feedline
10
2518.85600000
20
-2533.82800000
30
0.00000000
0
VERTEX
8
Feedline
10
2520.13400000
20
-2532.61200000
30
0.00000000
0
VERTEX
8
Feedline
10
2521.40700000
20
-2531.38900000
30
0.00000000
0
VERTEX
8
Feedline
10
2522.67800000
20
-2530.15800000
30
0.00000000
0
VERTEX
8
Feedline
10
2523.93700000
20
-2528.92700000
30
0.00000000
0
VERTEX
8
Feedline
10
2525.19300000
20
-2527.68800000
30
0.00000000
0
VERTEX
8
Feedline
10
2526.44400000
20
-2526.44400000
30
0.00000000
0
VERTEX
8
Feedline
10
2527.68800000
20
-2525.19300000
30
0.00000000
0
VERTEX
8
Feedline
10
2528.95400000
20
-2523.90900000
30
0.00000000
0
VERTEX
8
Feedline
10
2530.17200000
20
-2522.66400000
30
0.00000000
0
VERTEX
8
Feedline
10
2531.38900000
20
-2521.40700000
30
0.00000000
0
VERTEX
8
Feedline
10
2532.61200000
20
-2520.13400000
30
0.00000000
0
VERTEX
8
Feedline
10
2533.82800000
20
-2518.85600000
30
0.00000000
0
VERTEX
8
Feedline
10
2535.06200000
20
-2517.54700000
30
0.00000000
0
VERTEX
8
Feedline
10
2536.24300000
20
-2516.28300000
30
0.00000000
0
VERTEX
8
Feedline
10
2537.44200000
20
-2514.98800000
30
0.00000000
0
VERTEX
8
Feedline
10
2538.63600000
20
-2513.68800000
30
0.00000000
0
VERTEX
8
Feedline
10
2539.82300000
20
-2512.38200000
30
0.00000000
0
VERTEX
8
Feedline
10
2541.00500000
20
-2511.07200000
30
0.00000000
0
VERTEX
8
Feedline
10
2542.19500000
20
-2509.73800000
30
0.00000000
0
VERTEX
8
Feedline
10
2543.35800000
20
-2508.42400000
30
0.00000000
0
VERTEX
8
Feedline
10
2544.51200000
20
-2507.10700000
30
0.00000000
0
VERTEX
8
Feedline
10
2545.68600000
20
-2505.75700000
30
0.00000000
0
VERTEX
8
Feedline
10
2546.82200000
20
-2504.43800000
30
0.00000000
0
VERTEX
8
Feedline
10
2547.96700000
20
-2503.09600000
30
0.00000000
0
VERTEX
8
Feedline
10
2549.10700000
20
-2501.74800000
30
0.00000000
0
VERTEX
8
Feedline
10
2550.24000000
20
-2500.39500000
30
0.00000000
0
VERTEX
8
Feedline
10
2551.38600000
20
-2499.01600000
30
0.00000000
0
VERTEX
8
Feedline
10
2552.48800000
20
-2497.67500000
30
0.00000000
0
VERTEX
8
Feedline
10
2553.60300000
20
-2496.30700000
30
0.00000000
0
VERTEX
8
Feedline
10
2554.71200000
20
-2494.93400000
30
0.00000000
0
VERTEX
8
Feedline
10
2555.81400000
20
-2493.55600000
30
0.00000000
0
VERTEX
8
Feedline
10
2556.91400000
20
-2492.16900000
30
0.00000000
0
VERTEX
8
Feedline
10
2558.00100000
20
-2490.78500000
30
0.00000000
0
VERTEX
8
Feedline
10
2559.08400000
20
-2489.39200000
30
0.00000000
0
VERTEX
8
Feedline
10
2560.16100000
20
-2487.99600000
30
0.00000000
0
VERTEX
8
Feedline
10
2561.23200000
20
-2486.59300000
30
0.00000000
0
VERTEX
8
Feedline
10
2562.29700000
20
-2485.18600000
30
0.00000000
0
VERTEX
8
Feedline
10
2563.35600000
20
-2483.77300000
30
0.00000000
0
VERTEX
8
Feedline
10
2564.40800000
20
-2482.35700000
30
0.00000000
0
VERTEX
8
Feedline
10
2565.45400000
20
-2480.93500000
30
0.00000000
0
VERTEX
8
Feedline
10
2566.53300000
20
-2479.45300000
30
0.00000000
0
VERTEX
8
Feedline
10
2567.52500000
20
-2478.07800000
30
0.00000000
0
VERTEX
8
Feedline
10
2568.55100000
20
-2476.64300000
30
0.00000000
0
VERTEX
8
Feedline
10
2569.57100000
20
-2475.20200000
30
0.00000000
0
VERTEX
8
Feedline
10
2570.58500000
20
-2473.75700000
30
0.00000000
0
VERTEX
8
Feedline
10
2571.60200000
20
-2472.29300000
30
0.00000000
0
VERTEX
8
Feedline
10
2572.59200000
20
-2470.85500000
30
0.00000000
0
VERTEX
8
Feedline
10
2573.58500000
20
-2469.39600000
30
0.00000000
0
VERTEX
8
Feedline
10
2574.57200000
20
-2467.93300000
30
0.00000000
0
VERTEX
8
Feedline
10
2575.55200000
20
-2466.46600000
30
0.00000000
0
VERTEX
8
Feedline
10
2576.52600000
20
-2464.99500000
30
0.00000000
0
VERTEX
8
Feedline
10
2577.51200000
20
-2463.48900000
30
0.00000000
0
VERTEX
8
Feedline
10
2578.46600000
20
-2462.01900000
30
0.00000000
0
VERTEX
8
Feedline
10
2579.42200000
20
-2460.53000000
30
0.00000000
0
VERTEX
8
Feedline
10
2580.35500000
20
-2459.06400000
30
0.00000000
0
VERTEX
8
Feedline
10
2581.29500000
20
-2457.57000000
30
0.00000000
0
VERTEX
8
Feedline
10
2582.24200000
20
-2456.05100000
30
0.00000000
0
VERTEX
8
Feedline
10
2583.16800000
20
-2454.55100000
30
0.00000000
0
VERTEX
8
Feedline
10
2584.07500000
20
-2453.06600000
30
0.00000000
0
VERTEX
8
Feedline
10
2584.98800000
20
-2451.55600000
30
0.00000000
0
VERTEX
8
Feedline
10
2585.89500000
20
-2450.04100000
30
0.00000000
0
VERTEX
8
Feedline
10
2586.79400000
20
-2448.52400000
30
0.00000000
0
VERTEX
8
Feedline
10
2587.70900000
20
-2446.96300000
30
0.00000000
0
VERTEX
8
Feedline
10
2588.57300000
20
-2445.47500000
30
0.00000000
0
VERTEX
8
Feedline
10
2589.45200000
20
-2443.94500000
30
0.00000000
0
VERTEX
8
Feedline
10
2590.32300000
20
-2442.41000000
30
0.00000000
0
VERTEX
8
Feedline
10
2591.18800000
20
-2440.87300000
30
0.00000000
0
VERTEX
8
Feedline
10
2592.04600000
20
-2439.33100000
30
0.00000000
0
VERTEX
8
Feedline
10
2592.89800000
20
-2437.78500000
30
0.00000000
0
VERTEX
8
Feedline
10
2593.74200000
20
-2436.23500000
30
0.00000000
0
VERTEX
8
Feedline
10
2594.57900000
20
-2434.68100000
30
0.00000000
0
VERTEX
8
Feedline
10
2595.40900000
20
-2433.12500000
30
0.00000000
0
VERTEX
8
Feedline
10
2596.23200000
20
-2431.56400000
30
0.00000000
0
VERTEX
8
Feedline
10
2597.04800000
20
-2429.99900000
30
0.00000000
0
VERTEX
8
Feedline
10
2597.85800000
20
-2428.43000000
30
0.00000000
0
VERTEX
8
Feedline
10
2598.65800000
20
-2426.85800000
30
0.00000000
0
VERTEX
8
Feedline
10
2599.45300000
20
-2425.28300000
30
0.00000000
0
VERTEX
8
Feedline
10
2600.24100000
20
-2423.70400000
30
0.00000000
0
VERTEX
8
Feedline
10
2601.02200000
20
-2422.12100000
30
0.00000000
0
VERTEX
8
Feedline
10
2601.79500000
20
-2420.53500000
30
0.00000000
0
VERTEX
8
Feedline
10
2602.56100000
20
-2418.94500000
30
0.00000000
0
VERTEX
8
Feedline
10
2603.32000000
20
-2417.35200000
30
0.00000000
0
VERTEX
8
Feedline
10
2604.07200000
20
-2415.75600000
30
0.00000000
0
VERTEX
8
Feedline
10
2604.83700000
20
-2414.11200000
30
0.00000000
0
VERTEX
8
Feedline
10
2605.55400000
20
-2412.55200000
30
0.00000000
0
VERTEX
8
Feedline
10
2606.28400000
20
-2410.94500000
30
0.00000000
0
VERTEX
8
Feedline
10
2607.00700000
20
-2409.33600000
30
0.00000000
0
VERTEX
8
Feedline
10
2607.72200000
20
-2407.72300000
30
0.00000000
0
VERTEX
8
Feedline
10
2608.43400000
20
-2406.10000000
30
0.00000000
0
VERTEX
8
Feedline
10
2609.13200000
20
-2404.48700000
30
0.00000000
0
VERTEX
8
Feedline
10
2609.82500000
20
-2402.86400000
30
0.00000000
0
VERTEX
8
Feedline
10
2610.51200000
20
-2401.23900000
30
0.00000000
0
VERTEX
8
Feedline
10
2611.20200000
20
-2399.58300000
30
0.00000000
0
VERTEX
8
Feedline
10
2611.86300000
20
-2397.97800000
30
0.00000000
0
VERTEX
8
Feedline
10
2612.52700000
20
-2396.34300000
30
0.00000000
0
VERTEX
8
Feedline
10
2613.18400000
20
-2394.70500000
30
0.00000000
0
VERTEX
8
Feedline
10
2613.84300000
20
-2393.03800000
30
0.00000000
0
VERTEX
8
Feedline
10
2614.47500000
20
-2391.42100000
30
0.00000000
0
VERTEX
8
Feedline
10
2615.12000000
20
-2389.74700000
30
0.00000000
0
VERTEX
8
Feedline
10
2615.74500000
20
-2388.10500000
30
0.00000000
0
VERTEX
8
Feedline
10
2616.35600000
20
-2386.47300000
30
0.00000000
0
VERTEX
8
Feedline
10
2616.96900000
20
-2384.81800000
30
0.00000000
0
VERTEX
8
Feedline
10
2617.57400000
20
-2383.16000000
30
0.00000000
0
VERTEX
8
Feedline
10
2618.18100000
20
-2381.47000000
30
0.00000000
0
VERTEX
8
Feedline
10
2618.76100000
20
-2379.83600000
30
0.00000000
0
VERTEX
8
Feedline
10
2619.34300000
20
-2378.17100000
30
0.00000000
0
VERTEX
8
Feedline
10
2619.91800000
20
-2376.50200000
30
0.00000000
0
VERTEX
8
Feedline
10
2620.48900000
20
-2374.81800000
30
0.00000000
0
VERTEX
8
Feedline
10
2621.04500000
20
-2373.15700000
30
0.00000000
0
VERTEX
8
Feedline
10
2621.60800000
20
-2371.44600000
30
0.00000000
0
VERTEX
8
Feedline
10
2622.14100000
20
-2369.80300000
30
0.00000000
0
VERTEX
8
Feedline
10
2622.67800000
20
-2368.12200000
30
0.00000000
0
VERTEX
8
Feedline
10
2623.20700000
20
-2366.43800000
30
0.00000000
0
VERTEX
8
Feedline
10
2623.72900000
20
-2364.75200000
30
0.00000000
0
VERTEX
8
Feedline
10
2624.24400000
20
-2363.06500000
30
0.00000000
0
VERTEX
8
Feedline
10
2624.75000000
20
-2361.37400000
30
0.00000000
0
VERTEX
8
Feedline
10
2625.24900000
20
-2359.68200000
30
0.00000000
0
VERTEX
8
Feedline
10
2625.74000000
20
-2357.98600000
30
0.00000000
0
VERTEX
8
Feedline
10
2626.22600000
20
-2356.28000000
30
0.00000000
0
VERTEX
8
Feedline
10
2626.71100000
20
-2354.55100000
30
0.00000000
0
VERTEX
8
Feedline
10
2627.16800000
20
-2352.88900000
30
0.00000000
0
VERTEX
8
Feedline
10
2627.62900000
20
-2351.18500000
30
0.00000000
0
VERTEX
8
Feedline
10
2628.08200000
20
-2349.47900000
30
0.00000000
0
VERTEX
8
Feedline
10
2628.52700000
20
-2347.77200000
30
0.00000000
0
VERTEX
8
Feedline
10
2628.96600000
20
-2346.05600000
30
0.00000000
0
VERTEX
8
Feedline
10
2629.39300000
20
-2344.35100000
30
0.00000000
0
VERTEX
8
Feedline
10
2629.81600000
20
-2342.63700000
30
0.00000000
0
VERTEX
8
Feedline
10
2630.23000000
20
-2340.92200000
30
0.00000000
0
VERTEX
8
Feedline
10
2630.63600000
20
-2339.20500000
30
0.00000000
0
VERTEX
8
Feedline
10
2631.03500000
20
-2337.48600000
30
0.00000000
0
VERTEX
8
Feedline
10
2631.42600000
20
-2335.76500000
30
0.00000000
0
VERTEX
8
Feedline
10
2631.81000000
20
-2334.04200000
30
0.00000000
0
VERTEX
8
Feedline
10
2632.18500000
20
-2332.31800000
30
0.00000000
0
VERTEX
8
Feedline
10
2632.55300000
20
-2330.59300000
30
0.00000000
0
VERTEX
8
Feedline
10
2632.91300000
20
-2328.86500000
30
0.00000000
0
VERTEX
8
Feedline
10
2633.26500000
20
-2327.13600000
30
0.00000000
0
VERTEX
8
Feedline
10
2633.60900000
20
-2325.40500000
30
0.00000000
0
VERTEX
8
Feedline
10
2633.94600000
20
-2323.67300000
30
0.00000000
0
VERTEX
8
Feedline
10
2634.27400000
20
-2321.93900000
30
0.00000000
0
VERTEX
8
Feedline
10
2634.59500000
20
-2320.20400000
30
0.00000000
0
VERTEX
8
Feedline
10
2634.90800000
20
-2318.46700000
30
0.00000000
0
VERTEX
8
Feedline
10
2635.21300000
20
-2316.72800000
30
0.00000000
0
VERTEX
8
Feedline
10
2635.51100000
20
-2314.99000000
30
0.00000000
0
VERTEX
8
Feedline
10
2635.80000000
20
-2313.24900000
30
0.00000000
0
VERTEX
8
Feedline
10
2636.08200000
20
-2311.50600000
30
0.00000000
0
VERTEX
8
Feedline
10
2636.35500000
20
-2309.76300000
30
0.00000000
0
VERTEX
8
Feedline
10
2636.62100000
20
-2308.01900000
30
0.00000000
0
VERTEX
8
Feedline
10
2636.87900000
20
-2306.27300000
30
0.00000000
0
VERTEX
8
Feedline
10
2637.12800000
20
-2304.52600000
30
0.00000000
0
VERTEX
8
Feedline
10
2637.37100000
20
-2302.77800000
30
0.00000000
0
VERTEX
8
Feedline
10
2637.60500000
20
-2301.02900000
30
0.00000000
0
VERTEX
8
Feedline
10
2637.83100000
20
-2299.27900000
30
0.00000000
0
VERTEX
8
Feedline
10
2638.05000000
20
-2297.52800000
30
0.00000000
0
VERTEX
8
Feedline
10
2638.26000000
20
-2295.77600000
30
0.00000000
0
VERTEX
8
Feedline
10
2638.46300000
20
-2294.02300000
30
0.00000000
0
VERTEX
8
Feedline
10
2638.65800000
20
-2292.27000000
30
0.00000000
0
VERTEX
8
Feedline
10
2638.84500000
20
-2290.51500000
30
0.00000000
0
VERTEX
8
Feedline
10
2639.02400000
20
-2288.75900000
30
0.00000000
0
VERTEX
8
Feedline
10
2639.19500000
20
-2287.00200000
30
0.00000000
0
VERTEX
8
Feedline
10
2639.35800000
20
-2285.24500000
30
0.00000000
0
VERTEX
8
Feedline
10
2639.51300000
20
-2283.48800000
30
0.00000000
0
VERTEX
8
Feedline
10
2639.66000000
20
-2281.72900000
30
0.00000000
0
VERTEX
8
Feedline
10
2639.79900000
20
-2279.97000000
30
0.00000000
0
VERTEX
8
Feedline
10
2639.93100000
20
-2278.21000000
30
0.00000000
0
VERTEX
8
Feedline
10
2640.05400000
20
-2276.45000000
30
0.00000000
0
VERTEX
8
Feedline
10
2640.17000000
20
-2274.68900000
30
0.00000000
0
VERTEX
8
Feedline
10
2640.27700000
20
-2272.92700000
30
0.00000000
0
VERTEX
8
Feedline
10
2640.37700000
20
-2271.16500000
30
0.00000000
0
VERTEX
8
Feedline
10
2640.46800000
20
-2269.40400000
30
0.00000000
0
VERTEX
8
Feedline
10
2640.55200000
20
-2267.64100000
30
0.00000000
0
VERTEX
8
Feedline
10
2640.62700000
20
-2265.87800000
30
0.00000000
0
VERTEX
8
Feedline
10
2640.69500000
20
-2264.11400000
30
0.00000000
0
VERTEX
8
Feedline
10
2640.75500000
20
-2262.35000000
30
0.00000000
0
VERTEX
8
Feedline
10
2640.80700000
20
-2260.58700000
30
0.00000000
0
VERTEX
8
Feedline
10
2640.85000000
20
-2258.82300000
30
0.00000000
0
VERTEX
8
Feedline
10
2640.88600000
20
-2257.05800000
30
0.00000000
0
VERTEX
8
Feedline
10
2640.91400000
20
-2255.29400000
30
0.00000000
0
VERTEX
8
Feedline
10
2640.93400000
20
-2253.53000000
30
0.00000000
0
VERTEX
8
Feedline
10
2640.94600000
20
-2251.76500000
30
0.00000000
0
VERTEX
8
Feedline
10
2640.95000000
20
-2250.00000000
30
0.00000000
0
VERTEX
8
Feedline
10
2640.95000000
20
-2163.74300000
30
0.00000000
0
VERTEX
8
Feedline
10
2640.95400000
20
-2162.87300000
30
0.00000000
0
VERTEX
8
Feedline
10
2640.96500000
20
-2162.00300000
30
0.00000000
0
VERTEX
8
Feedline
10
2640.98400000
20
-2161.13400000
30
0.00000000
0
VERTEX
8
Feedline
10
2641.01000000
20
-2160.26400000
30
0.00000000
0
VERTEX
8
Feedline
10
2641.04400000
20
-2159.39500000
30
0.00000000
0
VERTEX
8
Feedline
10
2641.08600000
20
-2158.52600000
30
0.00000000
0
VERTEX
8
Feedline
10
2641.13500000
20
-2157.65800000
30
0.00000000
0
VERTEX
8
Feedline
10
2641.19200000
20
-2156.79100000
30
0.00000000
0
VERTEX
8
Feedline
10
2641.25600000
20
-2155.92300000
30
0.00000000
0
VERTEX
8
Feedline
10
2641.32800000
20
-2155.05600000
30
0.00000000
0
VERTEX
8
Feedline
10
2641.40700000
20
-2154.18900000
30
0.00000000
0
VERTEX
8
Feedline
10
2641.49400000
20
-2153.32400000
30
0.00000000
0
VERTEX
8
Feedline
10
2641.58800000
20
-2152.45900000
30
0.00000000
0
VERTEX
8
Feedline
10
2641.69000000
20
-2151.59600000
30
0.00000000
0
VERTEX
8
Feedline
10
2641.79900000
20
-2150.73200000
30
0.00000000
0
VERTEX
8
Feedline
10
2641.91600000
20
-2149.87100000
30
0.00000000
0
VERTEX
8
Feedline
10
2646.98800000
20
-2113.64200000
30
0.00000000
0
VERTEX
8
Feedline
10
2647.10100000
20
-2112.80700000
30
0.00000000
0
VERTEX
8
Feedline
10
2647.21100000
20
-2111.93800000
30
0.00000000
0
VERTEX
8
Feedline
10
2647.31300000
20
-2111.07600000
30
0.00000000
0
VERTEX
8
Feedline
10
2647.40700000
20
-2110.21500000
30
0.00000000
0
VERTEX
8
Feedline
10
2647.49400000
20
-2109.35000000
30
0.00000000
0
VERTEX
8
Feedline
10
2647.57200000
20
-2108.48900000
30
0.00000000
0
VERTEX
8
Feedline
10
2647.64400000
20
-2107.62300000
30
0.00000000
0
VERTEX
8
Feedline
10
2647.70800000
20
-2106.75700000
30
0.00000000
0
VERTEX
8
Feedline
10
2647.76500000
20
-2105.88900000
30
0.00000000
0
VERTEX
8
Feedline
10
2647.81400000
20
-2105.02100000
30
0.00000000
0
VERTEX
8
Feedline
10
2647.85600000
20
-2104.15400000
30
0.00000000
0
VERTEX
8
Feedline
10
2647.89000000
20
-2103.28500000
30
0.00000000
0
VERTEX
8
Feedline
10
2647.91600000
20
-2102.41300000
30
0.00000000
0
VERTEX
8
Feedline
10
2647.93500000
20
-2101.54500000
30
0.00000000
0
VERTEX
8
Feedline
10
2647.94600000
20
-2100.67800000
30
0.00000000
0
VERTEX
8
Feedline
10
2647.95000000
20
-2099.81100000
30
0.00000000
0
VERTEX
8
Feedline
10
2647.95000000
20
-1927.57700000
30
0.00000000
0
VERTEX
8
Feedline
10
2647.94600000
20
-1927.22900000
30
0.00000000
0
VERTEX
8
Feedline
10
2647.93500000
20
-1926.88000000
30
0.00000000
0
VERTEX
8
Feedline
10
2647.91600000
20
-1926.52800000
30
0.00000000
0
VERTEX
8
Feedline
10
2647.88900000
20
-1926.18700000
30
0.00000000
0
VERTEX
8
Feedline
10
2647.85500000
20
-1925.84000000
30
0.00000000
0
VERTEX
8
Feedline
10
2647.81300000
20
-1925.49600000
30
0.00000000
0
VERTEX
8
Feedline
10
2647.76500000
20
-1925.15100000
30
0.00000000
0
VERTEX
8
Feedline
10
2647.70800000
20
-1924.80800000
30
0.00000000
0
VERTEX
8
Feedline
10
2647.64400000
20
-1924.46600000
30
0.00000000
0
VERTEX
8
Feedline
10
2647.57200000
20
-1924.12500000
30
0.00000000
0
VERTEX
8
Feedline
10
2647.49200000
20
-1923.78600000
30
0.00000000
0
VERTEX
8
Feedline
10
2647.40600000
20
-1923.44700000
30
0.00000000
0
VERTEX
8
Feedline
10
2647.31200000
20
-1923.11200000
30
0.00000000
0
VERTEX
8
Feedline
10
2647.21000000
20
-1922.77800000
30
0.00000000
0
VERTEX
8
Feedline
10
2647.10400000
20
-1922.45000000
30
0.00000000
0
VERTEX
8
Feedline
10
2646.98400000
20
-1922.11300000
30
0.00000000
0
VERTEX
8
Feedline
10
2646.86500000
20
-1921.79600000
30
0.00000000
0
VERTEX
8
Feedline
10
2646.73600000
20
-1921.47300000
30
0.00000000
0
VERTEX
8
Feedline
10
2646.59900000
20
-1921.15300000
30
0.00000000
0
VERTEX
8
Feedline
10
2646.45600000
20
-1920.83600000
30
0.00000000
0
VERTEX
8
Feedline
10
2646.30500000
20
-1920.52300000
30
0.00000000
0
VERTEX
8
Feedline
10
2646.14800000
20
-1920.21200000
30
0.00000000
0
VERTEX
8
Feedline
10
2645.98400000
20
-1919.90500000
30
0.00000000
0
VERTEX
8
Feedline
10
2645.81300000
20
-1919.60200000
30
0.00000000
0
VERTEX
8
Feedline
10
2645.63600000
20
-1919.30300000
30
0.00000000
0
VERTEX
8
Feedline
10
2645.45200000
20
-1919.00700000
30
0.00000000
0
VERTEX
8
Feedline
10
2645.26200000
20
-1918.71600000
30
0.00000000
0
VERTEX
8
Feedline
10
2645.06500000
20
-1918.42900000
30
0.00000000
0
VERTEX
8
Feedline
10
2644.86300000
20
-1918.14600000
30
0.00000000
0
VERTEX
8
Feedline
10
2644.65400000
20
-1917.86700000
30
0.00000000
0
VERTEX
8
Feedline
10
2644.43900000
20
-1917.59300000
30
0.00000000
0
VERTEX
8
Feedline
10
2644.21900000
20
-1917.32500000
30
0.00000000
0
VERTEX
8
Feedline
10
2643.99100000
20
-1917.06100000
30
0.00000000
0
VERTEX
8
Feedline
10
2643.75900000
20
-1916.80200000
30
0.00000000
0
VERTEX
8
Feedline
10
2643.52200000
20
-1916.54800000
30
0.00000000
0
VERTEX
8
Feedline
10
2643.27800000
20
-1916.29800000
30
0.00000000
0
VERTEX
8
Feedline
10
2544.92400000
20
-1817.94400000
30
0.00000000
0
VERTEX
8
Feedline
10
2549.94400000
20
-1812.92400000
30
0.00000000
0
VERTEX
8
Feedline
10
2620.72100000
20
-1883.70100000
30
0.00000000
0
VERTEX
8
Feedline
10
2620.97600000
20
-1883.94900000
30
0.00000000
0
VERTEX
8
Feedline
10
2621.23400000
20
-1884.19100000
30
0.00000000
0
VERTEX
8
Feedline
10
2621.49800000
20
-1884.42700000
30
0.00000000
0
VERTEX
8
Feedline
10
2621.76800000
20
-1884.65800000
30
0.00000000
0
VERTEX
8
Feedline
10
2622.04300000
20
-1884.88300000
30
0.00000000
0
VERTEX
8
Feedline
10
2622.32600000
20
-1885.10500000
30
0.00000000
0
VERTEX
8
Feedline
10
2622.60600000
20
-1885.31300000
30
0.00000000
0
VERTEX
8
Feedline
10
2622.89900000
20
-1885.52100000
30
0.00000000
0
VERTEX
8
Feedline
10
2623.18800000
20
-1885.71700000
30
0.00000000
0
VERTEX
8
Feedline
10
2623.48600000
20
-1885.91000000
30
0.00000000
0
VERTEX
8
Feedline
10
2623.78800000
20
-1886.09600000
30
0.00000000
0
VERTEX
8
Feedline
10
2624.09900000
20
-1886.27800000
30
0.00000000
0
VERTEX
8
Feedline
10
2624.40300000
20
-1886.44700000
30
0.00000000
0
VERTEX
8
Feedline
10
2624.71700000
20
-1886.61300000
30
0.00000000
0
VERTEX
8
Feedline
10
2625.03400000
20
-1886.77100000
30
0.00000000
0
VERTEX
8
Feedline
10
2625.35500000
20
-1886.92300000
30
0.00000000
0
VERTEX
8
Feedline
10
2625.68400000
20
-1887.06900000
30
0.00000000
0
VERTEX
8
Feedline
10
2626.00600000
20
-1887.20400000
30
0.00000000
0
VERTEX
8
Feedline
10
2626.33600000
20
-1887.33300000
30
0.00000000
0
VERTEX
8
Feedline
10
2626.66900000
20
-1887.45500000
30
0.00000000
0
VERTEX
8
Feedline
10
2627.00500000
20
-1887.57100000
30
0.00000000
0
VERTEX
8
Feedline
10
2627.34200000
20
-1887.67700000
30
0.00000000
0
VERTEX
8
Feedline
10
2627.68200000
20
-1887.77700000
30
0.00000000
0
VERTEX
8
Feedline
10
2628.02500000
20
-1887.87000000
30
0.00000000
0
VERTEX
8
Feedline
10
2628.36800000
20
-1887.95400000
30
0.00000000
0
VERTEX
8
Feedline
10
2628.71400000
20
-1888.03100000
30
0.00000000
0
VERTEX
8
Feedline
10
2629.06200000
20
-1888.10000000
30
0.00000000
0
VERTEX
8
Feedline
10
2629.41100000
20
-1888.16200000
30
0.00000000
0
VERTEX
8
Feedline
10
2629.76200000
20
-1888.21500000
30
0.00000000
0
VERTEX
8
Feedline
10
2630.11400000
20
-1888.26100000
30
0.00000000
0
VERTEX
8
Feedline
10
2630.46600000
20
-1888.29900000
30
0.00000000
0
VERTEX
8
Feedline
10
2630.82000000
20
-1888.32900000
30
0.00000000
0
VERTEX
8
Feedline
10
2631.17400000
20
-1888.35100000
30
0.00000000
0
VERTEX
8
Feedline
10
2631.52900000
20
-1888.36600000
30
0.00000000
0
VERTEX
8
Feedline
10
2631.88100000
20
-1888.37200000
30
0.00000000
0
VERTEX
8
Feedline
10
2632.23600000
20
-1888.37100000
30
0.00000000
0
VERTEX
8
Feedline
10
2632.59500000
20
-1888.36200000
30
0.00000000
0
VERTEX
8
Feedline
10
2632.94500000
20
-1888.34500000
30
0.00000000
0
VERTEX
8
Feedline
10
2633.29900000
20
-1888.32000000
30
0.00000000
0
VERTEX
8
Feedline
10
2633.65200000
20
-1888.28700000
30
0.00000000
0
VERTEX
8
Feedline
10
2634.00400000
20
-1888.24600000
30
0.00000000
0
VERTEX
8
Feedline
10
2634.35500000
20
-1888.19800000
30
0.00000000
0
VERTEX
8
Feedline
10
2634.70500000
20
-1888.14200000
30
0.00000000
0
VERTEX
8
Feedline
10
2635.05300000
20
-1888.07800000
30
0.00000000
0
VERTEX
8
Feedline
10
2635.40100000
20
-1888.00600000
30
0.00000000
0
VERTEX
8
Feedline
10
2635.74600000
20
-1887.92600000
30
0.00000000
0
VERTEX
8
Feedline
10
2636.09000000
20
-1887.84000000
30
0.00000000
0
VERTEX
8
Feedline
10
2636.43200000
20
-1887.74500000
30
0.00000000
0
VERTEX
8
Feedline
10
2636.77100000
20
-1887.64200000
30
0.00000000
0
VERTEX
8
Feedline
10
2637.10800000
20
-1887.53300000
30
0.00000000
0
VERTEX
8
Feedline
10
2637.44300000
20
-1887.41500000
30
0.00000000
0
VERTEX
8
Feedline
10
2637.77500000
20
-1887.29000000
30
0.00000000
0
VERTEX
8
Feedline
10
2638.10400000
20
-1887.15900000
30
0.00000000
0
VERTEX
8
Feedline
10
2638.43000000
20
-1887.01900000
30
0.00000000
0
VERTEX
8
Feedline
10
2638.75300000
20
-1886.87300000
30
0.00000000
0
VERTEX
8
Feedline
10
2639.07200000
20
-1886.71900000
30
0.00000000
0
VERTEX
8
Feedline
10
2639.38800000
20
-1886.55900000
30
0.00000000
0
VERTEX
8
Feedline
10
2639.70100000
20
-1886.39100000
30
0.00000000
0
VERTEX
8
Feedline
10
2640.00900000
20
-1886.21600000
30
0.00000000
0
VERTEX
8
Feedline
10
2640.31400000
20
-1886.03400000
30
0.00000000
0
VERTEX
8
Feedline
10
2640.61400000
20
-1885.84700000
30
0.00000000
0
VERTEX
8
Feedline
10
2640.91500000
20
-1885.64800000
30
0.00000000
0
VERTEX
8
Feedline
10
2641.20200000
20
-1885.45000000
30
0.00000000
0
VERTEX
8
Feedline
10
2641.49400000
20
-1885.23900000
30
0.00000000
0
VERTEX
8
Feedline
10
2641.77200000
20
-1885.02800000
30
0.00000000
0
VERTEX
8
Feedline
10
2642.04900000
20
-1884.80800000
30
0.00000000
0
VERTEX
8
Feedline
10
2642.32300000
20
-1884.58200000
30
0.00000000
0
VERTEX
8
Feedline
10
2642.59100000
20
-1884.35000000
30
0.00000000
0
VERTEX
8
Feedline
10
2642.85300000
20
-1884.11100000
30
0.00000000
0
VERTEX
8
Feedline
10
2643.11000000
20
-1883.86700000
30
0.00000000
0
VERTEX
8
Feedline
10
2643.36100000
20
-1883.61700000
30
0.00000000
0
VERTEX
8
Feedline
10
2643.60800000
20
-1883.36200000
30
0.00000000
0
VERTEX
8
Feedline
10
2643.84800000
20
-1883.10200000
30
0.00000000
0
VERTEX
8
Feedline
10
2644.08200000
20
-1882.83500000
30
0.00000000
0
VERTEX
8
Feedline
10
2644.31000000
20
-1882.56400000
30
0.00000000
0
VERTEX
8
Feedline
10
2644.53300000
20
-1882.28800000
30
0.00000000
0
VERTEX
8
Feedline
10
2644.74900000
20
-1882.00700000
30
0.00000000
0
VERTEX
8
Feedline
10
2644.95900000
20
-1881.72200000
30
0.00000000
0
VERTEX
8
Feedline
10
2645.16300000
20
-1881.43100000
30
0.00000000
0
VERTEX
8
Feedline
10
2645.35900000
20
-1881.13700000
30
0.00000000
0
VERTEX
8
Feedline
10
2645.55000000
20
-1880.83800000
30
0.00000000
0
VERTEX
8
Feedline
10
2645.73400000
20
-1880.53400000
30
0.00000000
0
VERTEX
8
Feedline
10
2645.91000000
20
-1880.22700000
30
0.00000000
0
VERTEX
8
Feedline
10
2646.08100000
20
-1879.91600000
30
0.00000000
0
VERTEX
8
Feedline
10
2646.24300000
20
-1879.60000000
30
0.00000000
0
VERTEX
8
Feedline
10
2646.40000000
20
-1879.28200000
30
0.00000000
0
VERTEX
8
Feedline
10
2646.54800000
20
-1878.96100000
30
0.00000000
0
VERTEX
8
Feedline
10
2646.69000000
20
-1878.63600000
30
0.00000000
0
VERTEX
8
Feedline
10
2646.82500000
20
-1878.30800000
30
0.00000000
0
VERTEX
8
Feedline
10
2646.95200000
20
-1877.97700000
30
0.00000000
0
VERTEX
8
Feedline
10
2647.07200000
20
-1877.64300000
30
0.00000000
0
VERTEX
8
Feedline
10
2647.18300000
20
-1877.30700000
30
0.00000000
0
VERTEX
8
Feedline
10
2647.28900000
20
-1876.96800000
30
0.00000000
0
VERTEX
8
Feedline
10
2647.38600000
20
-1876.62700000
30
0.00000000
0
VERTEX
8
Feedline
10
2647.47500000
20
-1876.28400000
30
0.00000000
0
VERTEX
8
Feedline
10
2647.55700000
20
-1875.93900000
30
0.00000000
0
VERTEX
8
Feedline
10
2647.63200000
20
-1875.59200000
30
0.00000000
0
VERTEX
8
Feedline
10
2647.69900000
20
-1875.24400000
30
0.00000000
0
VERTEX
8
Feedline
10
2647.75800000
20
-1874.89400000
30
0.00000000
0
VERTEX
8
Feedline
10
2647.80800000
20
-1874.54300000
30
0.00000000
0
VERTEX
8
Feedline
10
2647.85100000
20
-1874.19100000
30
0.00000000
0
VERTEX
8
Feedline
10
2647.88700000
20
-1873.84000000
30
0.00000000
0
VERTEX
8
Feedline
10
2647.91400000
20
-1873.48600000
30
0.00000000
0
VERTEX
8
Feedline
10
2647.93400000
20
-1873.13200000
30
0.00000000
0
VERTEX
8
Feedline
10
2647.94600000
20
-1872.77700000
30
0.00000000
0
VERTEX
8
Feedline
10
2647.95000000
20
-1872.42300000
30
0.00000000
0
VERTEX
8
Feedline
10
2647.95000000
20
-1809.53000000
30
0.00000000
0
VERTEX
8
Feedline
10
2630.05000000
20
-1809.53000000
30
0.00000000
0
VERTEX
8
Feedline
10
2630.05000000
20
-1875.32200000
30
0.00000000
0
VERTEX
8
Feedline
10
2630.04600000
20
-1875.52400000
30
0.00000000
0
VERTEX
8
Feedline
10
2630.03400000
20
-1875.72500000
30
0.00000000
0
VERTEX
8
Feedline
10
2630.01400000
20
-1875.92600000
30
0.00000000
0
VERTEX
8
Feedline
10
2629.98500000
20
-1876.12800000
30
0.00000000
0
VERTEX
8
Feedline
10
2629.95000000
20
-1876.32400000
30
0.00000000
0
VERTEX
8
Feedline
10
2629.90600000
20
-1876.52100000
30
0.00000000
0
VERTEX
8
Feedline
10
2629.85400000
20
-1876.71600000
30
0.00000000
0
VERTEX
8
Feedline
10
2629.79400000
20
-1876.90900000
30
0.00000000
0
VERTEX
8
Feedline
10
2629.72700000
20
-1877.10100000
30
0.00000000
0
VERTEX
8
Feedline
10
2629.65200000
20
-1877.28800000
30
0.00000000
0
VERTEX
8
Feedline
10
2629.56800000
20
-1877.47500000
30
0.00000000
0
VERTEX
8
Feedline
10
2629.48100000
20
-1877.65100000
30
0.00000000
0
VERTEX
8
Feedline
10
2629.38400000
20
-1877.82800000
30
0.00000000
0
VERTEX
8
Feedline
10
2629.28100000
20
-1878.00100000
30
0.00000000
0
VERTEX
8
Feedline
10
2629.17000000
20
-1878.17000000
30
0.00000000
0
VERTEX
8
Feedline
10
2629.05400000
20
-1878.33400000
30
0.00000000
0
VERTEX
8
Feedline
10
2628.93000000
20
-1878.49300000
30
0.00000000
0
VERTEX
8
Feedline
10
2628.80100000
20
-1878.64800000
30
0.00000000
0
VERTEX
8
Feedline
10
2628.66400000
20
-1878.79600000
30
0.00000000
0
VERTEX
8
Feedline
10
2628.52300000
20
-1878.94100000
30
0.00000000
0
VERTEX
8
Feedline
10
2628.37500000
20
-1879.07800000
30
0.00000000
0
VERTEX
8
Feedline
10
2628.22300000
20
-1879.21100000
30
0.00000000
0
VERTEX
8
Feedline
10
2628.06500000
20
-1879.33600000
30
0.00000000
0
VERTEX
8
Feedline
10
2627.90300000
20
-1879.45500000
30
0.00000000
0
VERTEX
8
Feedline
10
2627.73500000
20
-1879.56700000
30
0.00000000
0
VERTEX
8
Feedline
10
2627.56200000
20
-1879.67400000
30
0.00000000
0
VERTEX
8
Feedline
10
2627.38800000
20
-1879.77200000
30
0.00000000
0
VERTEX
8
Feedline
10
2627.20900000
20
-1879.86400000
30
0.00000000
0
VERTEX
8
Feedline
10
2627.02500000
20
-1879.94900000
30
0.00000000
0
VERTEX
8
Feedline
10
2626.83900000
20
-1880.02600000
30
0.00000000
0
VERTEX
8
Feedline
10
2626.64900000
20
-1880.09500000
30
0.00000000
0
VERTEX
8
Feedline
10
2626.45700000
20
-1880.15700000
30
0.00000000
0
VERTEX
8
Feedline
10
2626.26400000
20
-1880.21100000
30
0.00000000
0
VERTEX
8
Feedline
10
2626.06800000
20
-1880.25800000
30
0.00000000
0
VERTEX
8
Feedline
10
2625.87000000
20
-1880.29700000
30
0.00000000
0
VERTEX
8
Feedline
10
2625.66400000
20
-1880.32800000
30
0.00000000
0
VERTEX
8
Feedline
10
2625.47000000
20
-1880.35100000
30
0.00000000
0
VERTEX
8
Feedline
10
2625.26600000
20
-1880.36500000
30
0.00000000
0
VERTEX
8
Feedline
10
2625.06700000
20
-1880.37200000
30
0.00000000
0
VERTEX
8
Feedline
10
2624.86600000
20
-1880.37100000
30
0.00000000
0
VERTEX
8
Feedline
10
2624.66400000
20
-1880.36100000
30
0.00000000
0
VERTEX
8
Feedline
10
2624.46400000
20
-1880.34400000
30
0.00000000
0
VERTEX
8
Feedline
10
2624.26000000
20
-1880.31800000
30
0.00000000
0
VERTEX
8
Feedline
10
2624.06000000
20
-1880.28400000
30
0.00000000
0
VERTEX
8
Feedline
10
2623.86700000
20
-1880.24400000
30
0.00000000
0
VERTEX
8
Feedline
10
2623.67100000
20
-1880.19400000
30
0.00000000
0
VERTEX
8
Feedline
10
2623.47800000
20
-1880.13800000
30
0.00000000
0
VERTEX
8
Feedline
10
2623.28700000
20
-1880.07300000
30
0.00000000
0
VERTEX
8
Feedline
10
2623.09800000
20
-1880.00000000
30
0.00000000
0
VERTEX
8
Feedline
10
2622.91300000
20
-1879.92200000
30
0.00000000
0
VERTEX
8
Feedline
10
2622.73100000
20
-1879.83400000
30
0.00000000
0
VERTEX
8
Feedline
10
2622.55200000
20
-1879.73900000
30
0.00000000
0
VERTEX
8
Feedline
10
2622.37900000
20
-1879.63900000
30
0.00000000
0
VERTEX
8
Feedline
10
2622.20800000
20
-1879.53100000
30
0.00000000
0
VERTEX
8
Feedline
10
2622.04200000
20
-1879.41500000
30
0.00000000
0
VERTEX
8
Feedline
10
2621.88100000
20
-1879.29400000
30
0.00000000
0
VERTEX
8
Feedline
10
2621.72600000
20
-1879.16700000
30
0.00000000
0
VERTEX
8
Feedline
10
2621.57400000
20
-1879.03300000
30
0.00000000
0
VERTEX
8
Feedline
10
2621.42900000
20
-1878.89400000
30
0.00000000
0
VERTEX
8
Feedline
10
2552.06600000
20
-1809.53000000
30
0.00000000
0
VERTEX
8
Feedline
10
2541.53000000
20
-1820.06600000
30
0.00000000
0
VERTEX
8
Feedline
10
2628.57200000
20
-1907.10700000
30
0.00000000
0
VERTEX
8
Feedline
10
2628.71000000
20
-1907.25100000
30
0.00000000
0
VERTEX
8
Feedline
10
2628.84000000
20
-1907.39800000
30
0.00000000
0
VERTEX
8
Feedline
10
2628.96600000
20
-1907.55100000
30
0.00000000
0
VERTEX
8
Feedline
10
2629.08600000
20
-1907.71000000
30
0.00000000
0
VERTEX
8
Feedline
10
2629.19900000
20
-1907.87200000
30
0.00000000
0
VERTEX
8
Feedline
10
2629.30600000
20
-1908.03900000
30
0.00000000
0
VERTEX
8
Feedline
10
2629.40600000
20
-1908.21100000
30
0.00000000
0
VERTEX
8
Feedline
10
2629.50000000
20
-1908.38500000
30
0.00000000
0
VERTEX
8
Feedline
10
2629.58600000
20
-1908.56300000
30
0.00000000
0
VERTEX
8
Feedline
10
2629.66500000
20
-1908.74500000
30
0.00000000
0
VERTEX
8
Feedline
10
2629.73800000
20
-1908.93000000
30
0.00000000
0
VERTEX
8
Feedline
10
2629.80300000
20
-1909.11800000
30
0.00000000
0
VERTEX
8
Feedline
10
2629.86000000
20
-1909.30600000
30
0.00000000
0
VERTEX
8
Feedline
10
2629.91100000
20
-1909.49800000
30
0.00000000
0
VERTEX
8
Feedline
10
2629.95300000
20
-1909.69200000
30
0.00000000
0
VERTEX
8
Feedline
10
2629.98700000
20
-1909.88700000
30
0.00000000
0
VERTEX
8
Feedline
10
2630.01500000
20
-1910.08400000
30
0.00000000
0
VERTEX
8
Feedline
10
2630.03500000
20
-1910.28100000
30
0.00000000
0
VERTEX
8
Feedline
10
2630.04600000
20
-1910.48000000
30
0.00000000
0
VERTEX
8
Feedline
10
2630.05000000
20
-1910.67700000
30
0.00000000
0
VERTEX
8
Feedline
10
2630.05000000
20
-2250.00000000
30
0.00000000
0
VERTEX
8
Feedline
10
2630.04600000
20
-2251.74500000
30
0.00000000
0
VERTEX
8
Feedline
10
2630.03400000
20
-2253.49300000
30
0.00000000
0
VERTEX
8
Feedline
10
2630.01400000
20
-2255.24300000
30
0.00000000
0
VERTEX
8
Feedline
10
2629.98500000
20
-2257.01000000
30
0.00000000
0
VERTEX
8
Feedline
10
2629.95000000
20
-2258.70100000
30
0.00000000
0
VERTEX
8
Feedline
10
2629.90700000
20
-2260.44100000
30
0.00000000
0
VERTEX
8
Feedline
10
2629.85400000
20
-2262.20800000
30
0.00000000
0
VERTEX
8
Feedline
10
2629.79400000
20
-2263.93300000
30
0.00000000
0
VERTEX
8
Feedline
10
2629.72700000
20
-2265.66000000
30
0.00000000
0
VERTEX
8
Feedline
10
2629.65200000
20
-2267.39800000
30
0.00000000
0
VERTEX
8
Feedline
10
2629.56800000
20
-2269.13800000
30
0.00000000
0
VERTEX
8
Feedline
10
2629.47600000
20
-2270.87500000
30
0.00000000
0
VERTEX
8
Feedline
10
2629.37700000
20
-2272.61300000
30
0.00000000
0
VERTEX
8
Feedline
10
2629.26900000
20
-2274.35000000
30
0.00000000
0
VERTEX
8
Feedline
10
2629.15400000
20
-2276.08600000
30
0.00000000
0
VERTEX
8
Feedline
10
2629.03000000
20
-2277.82300000
30
0.00000000
0
VERTEX
8
Feedline
10
2628.89900000
20
-2279.55800000
30
0.00000000
0
VERTEX
8
Feedline
10
2628.76000000
20
-2281.29300000
30
0.00000000
0
VERTEX
8
Feedline
10
2628.61200000
20
-2283.02700000
30
0.00000000
0
VERTEX
8
Feedline
10
2628.45700000
20
-2284.76100000
30
0.00000000
0
VERTEX
8
Feedline
10
2628.29300000
20
-2286.50200000
30
0.00000000
0
VERTEX
8
Feedline
10
2628.12300000
20
-2288.22600000
30
0.00000000
0
VERTEX
8
Feedline
10
2627.94400000
20
-2289.95700000
30
0.00000000
0
VERTEX
8
Feedline
10
2627.75700000
20
-2291.68700000
30
0.00000000
0
VERTEX
8
Feedline
10
2627.56200000
20
-2293.41700000
30
0.00000000
0
VERTEX
8
Feedline
10
2627.35900000
20
-2295.14500000
30
0.00000000
0
VERTEX
8
Feedline
10
2627.14900000
20
-2296.87300000
30
0.00000000
0
VERTEX
8
Feedline
10
2626.93000000
20
-2298.59900000
30
0.00000000
0
VERTEX
8
Feedline
10
2626.70000000
20
-2300.35300000
30
0.00000000
0
VERTEX
8
Feedline
10
2626.46900000
20
-2302.05000000
30
0.00000000
0
VERTEX
8
Feedline
10
2626.22400000
20
-2303.79100000
30
0.00000000
0
VERTEX
8
Feedline
10
2625.97600000
20
-2305.49600000
30
0.00000000
0
VERTEX
8
Feedline
10
2625.71800000
20
-2307.21800000
30
0.00000000
0
VERTEX
8
Feedline
10
2625.45200000
20
-2308.93700000
30
0.00000000
0
VERTEX
8
Feedline
10
2625.17800000
20
-2310.65600000
30
0.00000000
0
VERTEX
8
Feedline
10
2624.89600000
20
-2312.37300000
30
0.00000000
0
VERTEX
8
Feedline
10
2624.60700000
20
-2314.08900000
30
0.00000000
0
VERTEX
8
Feedline
10
2624.30900000
20
-2315.80500000
30
0.00000000
0
VERTEX
8
Feedline
10
2624.00400000
20
-2317.51800000
30
0.00000000
0
VERTEX
8
Feedline
10
2623.68400000
20
-2319.26800000
30
0.00000000
0
VERTEX
8
Feedline
10
2623.37000000
20
-2320.94000000
30
0.00000000
0
VERTEX
8
Feedline
10
2623.04100000
20
-2322.65000000
30
0.00000000
0
VERTEX
8
Feedline
10
2622.70100000
20
-2324.37800000
30
0.00000000
0
VERTEX
8
Feedline
10
2622.36100000
20
-2326.06300000
30
0.00000000
0
VERTEX
8
Feedline
10
2622.00800000
20
-2327.76800000
30
0.00000000
0
VERTEX
8
Feedline
10
2621.64800000
20
-2329.47000000
30
0.00000000
0
VERTEX
8
Feedline
10
2621.28100000
20
-2331.17200000
30
0.00000000
0
VERTEX
8
Feedline
10
2620.90500000
20
-2332.87100000
30
0.00000000
0
VERTEX
8
Feedline
10
2620.52200000
20
-2334.56900000
30
0.00000000
0
VERTEX
8
Feedline
10
2620.12900000
20
-2336.26800000
30
0.00000000
0
VERTEX
8
Feedline
10
2619.73200000
20
-2337.96000000
30
0.00000000
0
VERTEX
8
Feedline
10
2619.32500000
20
-2339.65200000
30
0.00000000
0
VERTEX
8
Feedline
10
2618.91100000
20
-2341.34200000
30
0.00000000
0
VERTEX
8
Feedline
10
2618.48700000
20
-2343.03000000
30
0.00000000
0
VERTEX
8
Feedline
10
2618.05800000
20
-2344.71600000
30
0.00000000
0
VERTEX
8
Feedline
10
2617.62000000
20
-2346.40200000
30
0.00000000
0
VERTEX
8
Feedline
10
2617.17500000
20
-2348.08400000
30
0.00000000
0
VERTEX
8
Feedline
10
2616.72200000
20
-2349.76400000
30
0.00000000
0
VERTEX
8
Feedline
10
2616.26100000
20
-2351.44200000
30
0.00000000
0
VERTEX
8
Feedline
10
2615.79300000
20
-2353.11900000
30
0.00000000
0
VERTEX
8
Feedline
10
2615.31700000
20
-2354.79300000
30
0.00000000
0
VERTEX
8
Feedline
10
2614.83300000
20
-2356.46500000
30
0.00000000
0
VERTEX
8
Feedline
10
2614.34200000
20
-2358.13400000
30
0.00000000
0
VERTEX
8
Feedline
10
2613.84300000
20
-2359.80200000
30
0.00000000
0
VERTEX
8
Feedline
10
2613.33600000
20
-2361.46800000
30
0.00000000
0
VERTEX
8
Feedline
10
2612.82200000
20
-2363.13000000
30
0.00000000
0
VERTEX
8
Feedline
10
2612.30000000
20
-2364.79000000
30
0.00000000
0
VERTEX
8
Feedline
10
2611.77100000
20
-2366.44800000
30
0.00000000
0
VERTEX
8
Feedline
10
2611.23400000
20
-2368.10400000
30
0.00000000
0
VERTEX
8
Feedline
10
2610.68800000
20
-2369.75700000
30
0.00000000
0
VERTEX
8
Feedline
10
2610.13600000
20
-2371.40700000
30
0.00000000
0
VERTEX
8
Feedline
10
2609.57600000
20
-2373.05500000
30
0.00000000
0
VERTEX
8
Feedline
10
2609.00900000
20
-2374.70000000
30
0.00000000
0
VERTEX
8
Feedline
10
2608.43100000
20
-2376.35200000
30
0.00000000
0
VERTEX
8
Feedline
10
2607.85200000
20
-2377.98400000
30
0.00000000
0
VERTEX
8
Feedline
10
2607.26200000
20
-2379.62100000
30
0.00000000
0
VERTEX
8
Feedline
10
2606.66500000
20
-2381.25600000
30
0.00000000
0
VERTEX
8
Feedline
10
2606.06000000
20
-2382.88700000
30
0.00000000
0
VERTEX
8
Feedline
10
2605.44800000
20
-2384.51700000
30
0.00000000
0
VERTEX
8
Feedline
10
2604.81700000
20
-2386.17300000
30
0.00000000
0
VERTEX
8
Feedline
10
2604.20100000
20
-2387.76700000
30
0.00000000
0
VERTEX
8
Feedline
10
2603.56700000
20
-2389.38700000
30
0.00000000
0
VERTEX
8
Feedline
10
2602.92400000
20
-2391.00600000
30
0.00000000
0
VERTEX
8
Feedline
10
2602.27400000
20
-2392.62000000
30
0.00000000
0
VERTEX
8
Feedline
10
2601.61700000
20
-2394.23500000
30
0.00000000
0
VERTEX
8
Feedline
10
2600.95100000
20
-2395.84900000
30
0.00000000
0
VERTEX
8
Feedline
10
2600.27300000
20
-2397.46800000
30
0.00000000
0
VERTEX
8
Feedline
10
2599.59600000
20
-2399.06500000
30
0.00000000
0
VERTEX
8
Feedline
10
2598.90800000
20
-2400.67000000
30
0.00000000
0
VERTEX
8
Feedline
10
2598.21200000
20
-2402.27300000
30
0.00000000
0
VERTEX
8
Feedline
10
2597.52300000
20
-2403.83800000
30
0.00000000
0
VERTEX
8
Feedline
10
2596.81500000
20
-2405.42700000
30
0.00000000
0
VERTEX
8
Feedline
10
2596.07900000
20
-2407.05600000
30
0.00000000
0
VERTEX
8
Feedline
10
2595.37600000
20
-2408.59800000
30
0.00000000
0
VERTEX
8
Feedline
10
2594.64600000
20
-2410.17800000
30
0.00000000
0
VERTEX
8
Feedline
10
2593.90900000
20
-2411.75400000
30
0.00000000
0
VERTEX
8
Feedline
10
2593.16500000
20
-2413.32700000
30
0.00000000
0
VERTEX
8
Feedline
10
2592.41300000
20
-2414.89800000
30
0.00000000
0
VERTEX
8
Feedline
10
2591.65500000
20
-2416.46400000
30
0.00000000
0
VERTEX
8
Feedline
10
2590.88900000
20
-2418.02700000
30
0.00000000
0
VERTEX
8
Feedline
10
2590.10100000
20
-2419.61500000
30
0.00000000
0
VERTEX
8
Feedline
10
2589.33600000
20
-2421.14200000
30
0.00000000
0
VERTEX
8
Feedline
10
2588.54800000
20
-2422.69400000
30
0.00000000
0
VERTEX
8
Feedline
10
2587.75300000
20
-2424.24300000
30
0.00000000
0
VERTEX
8
Feedline
10
2586.95200000
20
-2425.78800000
30
0.00000000
0
VERTEX
8
Feedline
10
2586.14300000
20
-2427.32900000
30
0.00000000
0
VERTEX
8
Feedline
10
2585.32800000
20
-2428.86700000
30
0.00000000
0
VERTEX
8
Feedline
10
2584.49800000
20
-2430.41400000
30
0.00000000
0
VERTEX
8
Feedline
10
2583.67600000
20
-2431.93000000
30
0.00000000
0
VERTEX
8
Feedline
10
2582.83900000
20
-2433.45600000
30
0.00000000
0
VERTEX
8
Feedline
10
2581.99600000
20
-2434.97800000
30
0.00000000
0
VERTEX
8
Feedline
10
2581.14500000
20
-2436.49800000
30
0.00000000
0
VERTEX
8
Feedline
10
2580.28700000
20
-2438.01200000
30
0.00000000
0
VERTEX
8
Feedline
10
2579.40800000
20
-2439.54700000
30
0.00000000
0
VERTEX
8
Feedline
10
2578.53900000
20
-2441.05000000
30
0.00000000
0
VERTEX
8
Feedline
10
2577.67300000
20
-2442.53100000
30
0.00000000
0
VERTEX
8
Feedline
10
2576.78800000
20
-2444.03100000
30
0.00000000
0
VERTEX
8
Feedline
10
2575.89600000
20
-2445.52500000
30
0.00000000
0
VERTEX
8
Feedline
10
2574.99700000
20
-2447.01500000
30
0.00000000
0
VERTEX
8
Feedline
10
2574.08200000
20
-2448.51700000
30
0.00000000
0
VERTEX
8
Feedline
10
2573.17900000
20
-2449.98300000
30
0.00000000
0
VERTEX
8
Feedline
10
2572.25900000
20
-2451.46200000
30
0.00000000
0
VERTEX
8
Feedline
10
2571.33300000
20
-2452.93500000
30
0.00000000
0
VERTEX
8
Feedline
10
2570.40100000
20
-2454.40500000
30
0.00000000
0
VERTEX
8
Feedline
10
2569.46100000
20
-2455.87000000
30
0.00000000
0
VERTEX
8
Feedline
10
2568.51500000
20
-2457.33000000
30
0.00000000
0
VERTEX
8
Feedline
10
2567.56300000
20
-2458.78700000
30
0.00000000
0
VERTEX
8
Feedline
10
2566.57500000
20
-2460.28100000
30
0.00000000
0
VERTEX
8
Feedline
10
2565.63700000
20
-2461.68700000
30
0.00000000
0
VERTEX
8
Feedline
10
2564.66400000
20
-2463.13000000
30
0.00000000
0
VERTEX
8
Feedline
10
2563.68500000
20
-2464.56900000
30
0.00000000
0
VERTEX
8
Feedline
10
2562.69900000
20
-2466.00300000
30
0.00000000
0
VERTEX
8
Feedline
10
2561.70600000
20
-2467.43300000
30
0.00000000
0
VERTEX
8
Feedline
10
2560.70800000
20
-2468.85800000
30
0.00000000
0
VERTEX
8
Feedline
10
2559.69400000
20
-2470.28900000
30
0.00000000
0
VERTEX
8
Feedline
10
2558.69000000
20
-2471.69500000
30
0.00000000
0
VERTEX
8
Feedline
10
2557.67100000
20
-2473.10600000
30
0.00000000
0
VERTEX
8
Feedline
10
2556.64600000
20
-2474.51300000
30
0.00000000
0
VERTEX
8
Feedline
10
2555.60700000
20
-2475.92600000
30
0.00000000
0
VERTEX
8
Feedline
10
2554.57700000
20
-2477.31200000
30
0.00000000
0
VERTEX
8
Feedline
10
2553.53300000
20
-2478.70400000
30
0.00000000
0
VERTEX
8
Feedline
10
2552.48300000
20
-2480.09200000
30
0.00000000
0
VERTEX
8
Feedline
10
2551.42600000
20
-2481.47400000
30
0.00000000
0
VERTEX
8
Feedline
10
2550.36300000
20
-2482.85300000
30
0.00000000
0
VERTEX
8
Feedline
10
2549.29300000
20
-2484.22600000
30
0.00000000
0
VERTEX
8
Feedline
10
2548.21700000
20
-2485.59400000
30
0.00000000
0
VERTEX
8
Feedline
10
2547.13500000
20
-2486.95700000
30
0.00000000
0
VERTEX
8
Feedline
10
2546.04700000
20
-2488.31500000
30
0.00000000
0
VERTEX
8
Feedline
10
2544.91300000
20
-2489.71600000
30
0.00000000
0
VERTEX
8
Feedline
10
2543.85200000
20
-2491.01700000
30
0.00000000
0
VERTEX
8
Feedline
10
2542.74500000
20
-2492.36000000
30
0.00000000
0
VERTEX
8
Feedline
10
2541.63100000
20
-2493.69800000
30
0.00000000
0
VERTEX
8
Feedline
10
2540.51200000
20
-2495.03100000
30
0.00000000
0
VERTEX
8
Feedline
10
2539.38700000
20
-2496.35900000
30
0.00000000
0
VERTEX
8
Feedline
10
2538.25600000
20
-2497.68200000
30
0.00000000
0
VERTEX
8
Feedline
10
2537.11900000
20
-2499.00000000
30
0.00000000
0
VERTEX
8
Feedline
10
2535.97600000
20
-2500.31200000
30
0.00000000
0
VERTEX
8
Feedline
10
2534.82600000
20
-2501.61900000
30
0.00000000
0
VERTEX
8
Feedline
10
2533.67100000
20
-2502.92000000
30
0.00000000
0
VERTEX
8
Feedline
10
2532.51000000
20
-2504.21600000
30
0.00000000
0
VERTEX
8
Feedline
10
2531.34300000
20
-2505.50800000
30
0.00000000
0
VERTEX
8
Feedline
10
2530.16100000
20
-2506.80300000
30
0.00000000
0
VERTEX
8
Feedline
10
2528.92700000
20
-2508.14200000
30
0.00000000
0
VERTEX
8
Feedline
10
2527.80600000
20
-2509.34900000
30
0.00000000
0
VERTEX
8
Feedline
10
2526.61500000
20
-2510.61800000
30
0.00000000
0
VERTEX
8
Feedline
10
2525.41900000
20
-2511.88200000
30
0.00000000
0
VERTEX
8
Feedline
10
2524.21700000
20
-2513.14200000
30
0.00000000
0
VERTEX
8
Feedline
10
2523.00900000
20
-2514.39400000
30
0.00000000
0
VERTEX
8
Feedline
10
2521.79500000
20
-2515.64200000
30
0.00000000
0
VERTEX
8
Feedline
10
2520.54000000
20
-2516.91900000
30
0.00000000
0
VERTEX
8
Feedline
10
2519.35000000
20
-2518.12000000
30
0.00000000
0
VERTEX
8
Feedline
10
2518.11900000
20
-2519.35200000
30
0.00000000
0
VERTEX
8
Feedline
10
2516.88300000
20
-2520.57600000
30
0.00000000
0
VERTEX
8
Feedline
10
2515.64200000
20
-2521.79500000
30
0.00000000
0
VERTEX
8
Feedline
10
2514.39400000
20
-2523.00900000
30
0.00000000
0
VERTEX
8
Feedline
10
2513.14200000
20
-2524.21700000
30
0.00000000
0
VERTEX
8
Feedline
10
2511.88200000
20
-2525.41900000
30
0.00000000
0
VERTEX
8
Feedline
10
2510.61800000
20
-2526.61500000
30
0.00000000
0
VERTEX
8
Feedline
10
2509.34900000
20
-2527.80600000
30
0.00000000
0
VERTEX
8
Feedline
10
2508.07400000
20
-2528.99100000
30
0.00000000
0
VERTEX
8
Feedline
10
2506.79400000
20
-2530.17000000
30
0.00000000
0
VERTEX
8
Feedline
10
2505.50800000
20
-2531.34300000
30
0.00000000
0
VERTEX
8
Feedline
10
2504.18300000
20
-2532.54000000
30
0.00000000
0
VERTEX
8
Feedline
10
2502.92000000
20
-2533.67100000
30
0.00000000
0
VERTEX
8
Feedline
10
2501.61200000
20
-2534.83300000
30
0.00000000
0
VERTEX
8
Feedline
10
2500.31200000
20
-2535.97600000
30
0.00000000
0
VERTEX
8
Feedline
10
2498.96700000
20
-2537.14700000
30
0.00000000
0
VERTEX
8
Feedline
10
2497.64900000
20
-2538.28400000
30
0.00000000
0
VERTEX
8
Feedline
10
2496.32700000
20
-2539.41400000
30
0.00000000
0
VERTEX
8
Feedline
10
2495.03100000
20
-2540.51200000
30
0.00000000
0
VERTEX
8
Feedline
10
2493.69800000
20
-2541.63100000
30
0.00000000
0
VERTEX
8
Feedline
10
2492.36000000
20
-2542.74500000
30
0.00000000
0
VERTEX
8
Feedline
10
2491.01700000
20
-2543.85200000
30
0.00000000
0
VERTEX
8
Feedline
10
2489.66900000
20
-2544.95200000
30
0.00000000
0
VERTEX
8
Feedline
10
2488.31500000
20
-2546.04700000
30
0.00000000
0
VERTEX
8
Feedline
10
2486.95700000
20
-2547.13500000
30
0.00000000
0
VERTEX
8
Feedline
10
2485.59400000
20
-2548.21700000
30
0.00000000
0
VERTEX
8
Feedline
10
2484.22600000
20
-2549.29300000
30
0.00000000
0
VERTEX
8
Feedline
10
2482.85300000
20
-2550.36300000
30
0.00000000
0
VERTEX
8
Feedline
10
2481.47400000
20
-2551.42600000
30
0.00000000
0
VERTEX
8
Feedline
10
2480.09200000
20
-2552.48300000
30
0.00000000
0
VERTEX
8
Feedline
10
2478.70400000
20
-2553.53300000
30
0.00000000
0
VERTEX
8
Feedline
10
2477.31200000
20
-2554.57700000
30
0.00000000
0
VERTEX
8
Feedline
10
2475.91500000
20
-2555.61500000
30
0.00000000
0
VERTEX
8
Feedline
10
2474.48300000
20
-2556.66800000
30
0.00000000
0
VERTEX
8
Feedline
10
2473.10600000
20
-2557.67100000
30
0.00000000
0
VERTEX
8
Feedline
10
2471.69500000
20
-2558.69000000
30
0.00000000
0
VERTEX
8
Feedline
10
2470.27900000
20
-2559.70200000
30
0.00000000
0
VERTEX
8
Feedline
10
2468.85800000
20
-2560.70800000
30
0.00000000
0
VERTEX
8
Feedline
10
2467.40400000
20
-2561.72600000
30
0.00000000
0
VERTEX
8
Feedline
10
2466.00300000
20
-2562.69900000
30
0.00000000
0
VERTEX
8
Feedline
10
2464.56900000
20
-2563.68500000
30
0.00000000
0
VERTEX
8
Feedline
10
2463.13000000
20
-2564.66400000
30
0.00000000
0
VERTEX
8
Feedline
10
2461.65900000
20
-2565.65500000
30
0.00000000
0
VERTEX
8
Feedline
10
2460.21100000
20
-2566.62100000
30
0.00000000
0
VERTEX
8
Feedline
10
2458.78700000
20
-2567.56300000
30
0.00000000
0
VERTEX
8
Feedline
10
2457.30300000
20
-2568.53300000
30
0.00000000
0
VERTEX
8
Feedline
10
2455.84300000
20
-2569.47800000
30
0.00000000
0
VERTEX
8
Feedline
10
2454.40500000
20
-2570.40100000
30
0.00000000
0
VERTEX
8
Feedline
10
2452.90800000
20
-2571.35000000
30
0.00000000
0
VERTEX
8
Feedline
10
2451.46200000
20
-2572.25900000
30
0.00000000
0
VERTEX
8
Feedline
10
2449.95700000
20
-2573.19500000
30
0.00000000
0
VERTEX
8
Feedline
10
2448.50100000
20
-2574.09200000
30
0.00000000
0
VERTEX
8
Feedline
10
2446.98900000
20
-2575.01200000
30
0.00000000
0
VERTEX
8
Feedline
10
2445.49900000
20
-2575.91100000
30
0.00000000
0
VERTEX
8
Feedline
10
2444.00500000
20
-2576.80300000
30
0.00000000
0
VERTEX
8
Feedline
10
2442.50600000
20
-2577.68800000
30
0.00000000
0
VERTEX
8
Feedline
10
2441.00400000
20
-2578.56600000
30
0.00000000
0
VERTEX
8
Feedline
10
2439.49700000
20
-2579.43700000
30
0.00000000
0
VERTEX
8
Feedline
10
2437.98700000
20
-2580.30100000
30
0.00000000
0
VERTEX
8
Feedline
10
2436.47300000
20
-2581.15800000
30
0.00000000
0
VERTEX
8
Feedline
10
2434.95400000
20
-2582.00900000
30
0.00000000
0
VERTEX
8
Feedline
10
2433.43200000
20
-2582.85200000
30
0.00000000
0
VERTEX
8
Feedline
10
2431.90600000
20
-2583.68900000
30
0.00000000
0
VERTEX
8
Feedline
10
2430.37700000
20
-2584.51800000
30
0.00000000
0
VERTEX
8
Feedline
10
2428.84300000
20
-2585.34100000
30
0.00000000
0
VERTEX
8
Feedline
10
2427.30600000
20
-2586.15500000
30
0.00000000
0
VERTEX
8
Feedline
10
2425.76500000
20
-2586.96400000
30
0.00000000
0
VERTEX
8
Feedline
10
2424.22000000
20
-2587.76500000
30
0.00000000
0
VERTEX
8
Feedline
10
2422.67100000
20
-2588.55900000
30
0.00000000
0
VERTEX
8
Feedline
10
2421.11900000
20
-2589.34700000
30
0.00000000
0
VERTEX
8
Feedline
10
2419.56400000
20
-2590.12700000
30
0.00000000
0
VERTEX
8
Feedline
10
2418.00500000
20
-2590.90000000
30
0.00000000
0
VERTEX
8
Feedline
10
2416.44200000
20
-2591.66600000
30
0.00000000
0
VERTEX
8
Feedline
10
2414.87600000
20
-2592.42300000
30
0.00000000
0
VERTEX
8
Feedline
10
2413.30600000
20
-2593.17500000
30
0.00000000
0
VERTEX
8
Feedline
10
2411.73300000
20
-2593.91900000
30
0.00000000
0
VERTEX
8
Feedline
10
2410.15700000
20
-2594.65600000
30
0.00000000
0
VERTEX
8
Feedline
10
2408.57700000
20
-2595.38600000
30
0.00000000
0
VERTEX
8
Feedline
10
2406.99400000
20
-2596.10800000
30
0.00000000
0
VERTEX
8
Feedline
10
2405.40700000
20
-2596.82400000
30
0.00000000
0
VERTEX
8
Feedline
10
2403.81800000
20
-2597.53200000
30
0.00000000
0
VERTEX
8
Feedline
10
2402.20600000
20
-2598.24100000
30
0.00000000
0
VERTEX
8
Feedline
10
2400.62900000
20
-2598.92500000
30
0.00000000
0
VERTEX
8
Feedline
10
2399.02900000
20
-2599.61100000
30
0.00000000
0
VERTEX
8
Feedline
10
2397.42700000
20
-2600.29000000
30
0.00000000
0
VERTEX
8
Feedline
10
2395.82200000
20
-2600.96200000
30
0.00000000
0
VERTEX
8
Feedline
10
2394.21300000
20
-2601.62600000
30
0.00000000
0
VERTEX
8
Feedline
10
2392.60100000
20
-2602.28200000
30
0.00000000
0
VERTEX
8
Feedline
10
2390.98700000
20
-2602.93200000
30
0.00000000
0
VERTEX
8
Feedline
10
2389.36900000
20
-2603.57400000
30
0.00000000
0
VERTEX
8
Feedline
10
2387.74900000
20
-2604.20800000
30
0.00000000
0
VERTEX
8
Feedline
10
2386.12600000
20
-2604.83500000
30
0.00000000
0
VERTEX
8
Feedline
10
2384.49900000
20
-2605.45400000
30
0.00000000
0
VERTEX
8
Feedline
10
2382.87000000
20
-2606.06600000
30
0.00000000
0
VERTEX
8
Feedline
10
2381.23900000
20
-2606.67100000
30
0.00000000
0
VERTEX
8
Feedline
10
2379.60400000
20
-2607.26800000
30
0.00000000
0
VERTEX
8
Feedline
10
2377.96700000
20
-2607.85800000
30
0.00000000
0
VERTEX
8
Feedline
10
2376.29600000
20
-2608.45100000
30
0.00000000
0
VERTEX
8
Feedline
10
2374.68400000
20
-2609.01500000
30
0.00000000
0
VERTEX
8
Feedline
10
2373.03900000
20
-2609.58200000
30
0.00000000
0
VERTEX
8
Feedline
10
2371.39100000
20
-2610.14200000
30
0.00000000
0
VERTEX
8
Feedline
10
2369.74100000
20
-2610.69400000
30
0.00000000
0
VERTEX
8
Feedline
10
2368.08800000
20
-2611.23900000
30
0.00000000
0
VERTEX
8
Feedline
10
2366.43300000
20
-2611.77500000
30
0.00000000
0
VERTEX
8
Feedline
10
2364.76000000
20
-2612.30900000
30
0.00000000
0
VERTEX
8
Feedline
10
2363.06500000
20
-2612.84200000
30
0.00000000
0
VERTEX
8
Feedline
10
2361.45300000
20
-2613.34000000
30
0.00000000
0
VERTEX
8
Feedline
10
2359.78800000
20
-2613.84700000
30
0.00000000
0
VERTEX
8
Feedline
10
2358.12000000
20
-2614.34600000
30
0.00000000
0
VERTEX
8
Feedline
10
2356.45100000
20
-2614.83700000
30
0.00000000
0
VERTEX
8
Feedline
10
2354.77900000
20
-2615.32100000
30
0.00000000
0
VERTEX
8
Feedline
10
2353.10500000
20
-2615.79700000
30
0.00000000
0
VERTEX
8
Feedline
10
2351.42900000
20
-2616.26500000
30
0.00000000
0
VERTEX
8
Feedline
10
2349.75100000
20
-2616.72600000
30
0.00000000
0
VERTEX
8
Feedline
10
2348.03500000
20
-2617.18800000
30
0.00000000
0
VERTEX
8
Feedline
10
2346.38900000
20
-2617.62400000
30
0.00000000
0
VERTEX
8
Feedline
10
2344.70400000
20
-2618.06200000
30
0.00000000
0
VERTEX
8
Feedline
10
2343.01800000
20
-2618.49100000
30
0.00000000
0
VERTEX
8
Feedline
10
2341.33000000
20
-2618.91300000
30
0.00000000
0
VERTEX
8
Feedline
10
2339.64000000
20
-2619.32700000
30
0.00000000
0
VERTEX
8
Feedline
10
2337.94800000
20
-2619.73400000
30
0.00000000
0
VERTEX
8
Feedline
10
2336.25400000
20
-2620.13200000
30
0.00000000
0
VERTEX
8
Feedline
10
2334.55800000
20
-2620.52400000
30
0.00000000
0
VERTEX
8
Feedline
10
2332.86000000
20
-2620.90700000
30
0.00000000
0
VERTEX
8
Feedline
10
2331.16100000
20
-2621.28300000
30
0.00000000
0
VERTEX
8
Feedline
10
2329.46000000
20
-2621.65000000
30
0.00000000
0
VERTEX
8
Feedline
10
2327.75800000
20
-2622.01000000
30
0.00000000
0
VERTEX
8
Feedline
10
2326.05300000
20
-2622.36300000
30
0.00000000
0
VERTEX
8
Feedline
10
2324.34800000
20
-2622.70700000
30
0.00000000
0
VERTEX
8
Feedline
10
2322.64000000
20
-2623.04300000
30
0.00000000
0
VERTEX
8
Feedline
10
2320.93100000
20
-2623.37200000
30
0.00000000
0
VERTEX
8
Feedline
10
2319.22100000
20
-2623.69300000
30
0.00000000
0
VERTEX
8
Feedline
10
2317.50400000
20
-2624.00700000
30
0.00000000
0
VERTEX
8
Feedline
10
2315.79600000
20
-2624.31100000
30
0.00000000
0
VERTEX
8
Feedline
10
2314.08100000
20
-2624.60900000
30
0.00000000
0
VERTEX
8
Feedline
10
2312.36500000
20
-2624.89800000
30
0.00000000
0
VERTEX
8
Feedline
10
2310.64800000
20
-2625.18000000
30
0.00000000
0
VERTEX
8
Feedline
10
2308.92900000
20
-2625.45400000
30
0.00000000
0
VERTEX
8
Feedline
10
2307.21000000
20
-2625.72000000
30
0.00000000
0
VERTEX
8
Feedline
10
2305.48900000
20
-2625.97800000
30
0.00000000
0
VERTEX
8
Feedline
10
2303.76600000
20
-2626.22700000
30
0.00000000
0
VERTEX
8
Feedline
10
2302.04300000
20
-2626.46900000
30
0.00000000
0
VERTEX
8
Feedline
10
2300.31900000
20
-2626.70400000
30
0.00000000
0
VERTEX
8
Feedline
10
2298.59300000
20
-2626.93000000
30
0.00000000
0
VERTEX
8
Feedline
10
2296.86700000
20
-2627.14900000
30
0.00000000
0
VERTEX
8
Feedline
10
2295.13900000
20
-2627.35900000
30
0.00000000
0
VERTEX
8
Feedline
10
2293.41100000
20
-2627.56200000
30
0.00000000
0
VERTEX
8
Feedline
10
2291.68200000
20
-2627.75700000
30
0.00000000
0
VERTEX
8
Feedline
10
2289.95200000
20
-2627.94400000
30
0.00000000
0
VERTEX
8
Feedline
10
2288.22100000
20
-2628.12300000
30
0.00000000
0
VERTEX
8
Feedline
10
2286.48900000
20
-2628.29400000
30
0.00000000
0
VERTEX
8
Feedline
10
2284.75600000
20
-2628.45700000
30
0.00000000
0
VERTEX
8
Feedline
10
2283.02300000
20
-2628.61200000
30
0.00000000
0
VERTEX
8
Feedline
10
2281.28900000
20
-2628.76000000
30
0.00000000
0
VERTEX
8
Feedline
10
2279.55400000
20
-2628.89900000
30
0.00000000
0
VERTEX
8
Feedline
10
2277.81900000
20
-2629.03000000
30
0.00000000
0
VERTEX
8
Feedline
10
2276.08300000
20
-2629.15400000
30
0.00000000
0
VERTEX
8
Feedline
10
2274.34700000
20
-2629.26900000
30
0.00000000
0
VERTEX
8
Feedline
10
2272.61000000
20
-2629.37700000
30
0.00000000
0
VERTEX
8
Feedline
10
2270.87200000
20
-2629.47600000
30
0.00000000
0
VERTEX
8
Feedline
10
2269.13500000
20
-2629.56800000
30
0.00000000
0
VERTEX
8
Feedline
10
2267.39600000
20
-2629.65200000
30
0.00000000
0
VERTEX
8
Feedline
10
2265.65800000
20
-2629.72700000
30
0.00000000
0
VERTEX
8
Feedline
10
2263.91900000
20
-2629.79500000
30
0.00000000
0
VERTEX
8
Feedline
10
2262.18000000
20
-2629.85500000
30
0.00000000
0
VERTEX
8
Feedline
10
2260.44000000
20
-2629.90700000
30
0.00000000
0
VERTEX
8
Feedline
10
2258.70000000
20
-2629.95000000
30
0.00000000
0
VERTEX
8
Feedline
10
2256.96100000
20
-2629.98600000
30
0.00000000
0
VERTEX
8
Feedline
10
2255.22100000
20
-2630.01400000
30
0.00000000
0
VERTEX
8
Feedline
10
2253.48000000
20
-2630.03400000
30
0.00000000
0
VERTEX
8
Feedline
10
2251.74000000
20
-2630.04600000
30
0.00000000
0
VERTEX
8
Feedline
10
2250.00000000
20
-2630.05000000
30
0.00000000
0
SEQEND
8
Feedline
0
POLYLINE
8
Feedline
66
1
10
0.00000000
20
0.00000000
30
0.00000000
70
1
0
VERTEX
8
Feedline
10
-742.89300000
20
-2669.95000000
30
0.00000000
0
VERTEX
8
Feedline
10
461.11000000
20
-2669.95000000
30
0.00000000
0
VERTEX
8
Feedline
10
461.31000000
20
-2669.95400000
30
0.00000000
0
VERTEX
8
Feedline
10
461.51200000
20
-2669.96600000
30
0.00000000
0
VERTEX
8
Feedline
10
461.71200000
20
-2669.98600000
30
0.00000000
0
VERTEX
8
Feedline
10
461.91200000
20
-2670.01500000
30
0.00000000
0
VERTEX
8
Feedline
10
462.11100000
20
-2670.05000000
30
0.00000000
0
VERTEX
8
Feedline
10
462.30700000
20
-2670.09400000
30
0.00000000
0
VERTEX
8
Feedline
10
462.50200000
20
-2670.14600000
30
0.00000000
0
VERTEX
8
Feedline
10
462.69500000
20
-2670.20600000
30
0.00000000
0
VERTEX
8
Feedline
10
462.88500000
20
-2670.27200000
30
0.00000000
0
VERTEX
8
Feedline
10
463.07300000
20
-2670.34700000
30
0.00000000
0
VERTEX
8
Feedline
10
463.25600000
20
-2670.43000000
30
0.00000000
0
VERTEX
8
Feedline
10
463.43700000
20
-2670.51900000
30
0.00000000
0
VERTEX
8
Feedline
10
463.61500000
20
-2670.61600000
30
0.00000000
0
VERTEX
8
Feedline
10
463.78800000
20
-2670.71900000
30
0.00000000
0
VERTEX
8
Feedline
10
463.95600000
20
-2670.83000000
30
0.00000000
0
VERTEX
8
Feedline
10
464.12100000
20
-2670.94600000
30
0.00000000
0
VERTEX
8
Feedline
10
464.27900000
20
-2671.07000000
30
0.00000000
0
VERTEX
8
Feedline
10
464.43400000
20
-2671.19900000
30
0.00000000
0
VERTEX
8
Feedline
10
464.58300000
20
-2671.33600000
30
0.00000000
0
VERTEX
8
Feedline
10
464.72700000
20
-2671.47700000
30
0.00000000
0
VERTEX
8
Feedline
10
464.86400000
20
-2671.62500000
30
0.00000000
0
VERTEX
8
Feedline
10
464.99600000
20
-2671.77700000
30
0.00000000
0
VERTEX
8
Feedline
10
465.12200000
20
-2671.93500000
30
0.00000000
0
VERTEX
8
Feedline
10
465.24100000
20
-2672.09700000
30
0.00000000
0
VERTEX
8
Feedline
10
465.35400000
20
-2672.26500000
30
0.00000000
0
VERTEX
8
Feedline
10
465.46000000
20
-2672.43700000
30
0.00000000
0
VERTEX
8
Feedline
10
465.55800000
20
-2672.61200000
30
0.00000000
0
VERTEX
8
Feedline
10
465.65000000
20
-2672.79100000
30
0.00000000
0
VERTEX
8
Feedline
10
465.73500000
20
-2672.97500000
30
0.00000000
0
VERTEX
8
Feedline
10
465.81200000
20
-2673.16200000
30
0.00000000
0
VERTEX
8
Feedline
10
465.88100000
20
-2673.35100000
30
0.00000000
0
VERTEX
8
Feedline
10
465.94400000
20
-2673.54200000
30
0.00000000
0
VERTEX
8
Feedline
10
465.99800000
20
-2673.73600000
30
0.00000000
0
VERTEX
8
Feedline
10
466.04500000
20
-2673.93200000
30
0.00000000
0
VERTEX
8
Feedline
10
466.08300000
20
-2674.13000000
30
0.00000000
0
VERTEX
8
Feedline
10
466.11500000
20
-2674.32900000
30
0.00000000
0
VERTEX
8
Feedline
10
466.13700000
20
-2674.53000000
30
0.00000000
0
VERTEX
8
Feedline
10
466.15200000
20
-2674.73100000
30
0.00000000
0
VERTEX
8
Feedline
10
466.15800000
20
-2674.93200000
30
0.00000000
0
VERTEX
8
Feedline
10
466.15700000
20
-2675.13400000
30
0.00000000
0
VERTEX
8
Feedline
10
466.14800000
20
-2675.33600000
30
0.00000000
0
VERTEX
8
Feedline
10
466.13000000
20
-2675.53600000
30
0.00000000
0
VERTEX
8
Feedline
10
466.10400000
20
-2675.73700000
30
0.00000000
0
VERTEX
8
Feedline
10
466.07100000
20
-2675.93500000
30
0.00000000
0
VERTEX
8
Feedline
10
466.03000000
20
-2676.13300000
30
0.00000000
0
VERTEX
8
Feedline
10
465.98100000
20
-2676.33000000
30
0.00000000
0
VERTEX
8
Feedline
10
465.92400000
20
-2676.52200000
30
0.00000000
0
VERTEX
8
Feedline
10
465.85900000
20
-2676.71300000
30
0.00000000
0
VERTEX
8
Feedline
10
465.78700000
20
-2676.90200000
30
0.00000000
0
VERTEX
8
Feedline
10
465.70800000
20
-2677.08700000
30
0.00000000
0
VERTEX
8
Feedline
10
465.62100000
20
-2677.26800000
30
0.00000000
0
VERTEX
8
Feedline
10
465.52700000
20
-2677.44700000
30
0.00000000
0
VERTEX
8
Feedline
10
465.42500000
20
-2677.62100000
30
0.00000000
0
VERTEX
8
Feedline
10
465.31700000
20
-2677.79200000
30
0.00000000
0
VERTEX
8
Feedline
10
465.20300000
20
-2677.95700000
30
0.00000000
0
VERTEX
8
Feedline
10
465.08100000
20
-2678.11900000
30
0.00000000
0
VERTEX
8
Feedline
10
464.95300000
20
-2678.27400000
30
0.00000000
0
VERTEX
8
Feedline
10
464.82000000
20
-2678.42600000
30
0.00000000
0
VERTEX
8
Feedline
10
464.68000000
20
-2678.57100000
30
0.00000000
0
VERTEX
8
Feedline
10
395.31700000
20
-2747.93400000
30
0.00000000
0
VERTEX
8
Feedline
10
405.85200000
20
-2758.47000000
30
0.00000000
0
VERTEX
8
Feedline
10
492.89400000
20
-2671.42800000
30
0.00000000
0
VERTEX
8
Feedline
10
493.03600000
20
-2671.29100000
30
0.00000000
0
VERTEX
8
Feedline
10
493.18500000
20
-2671.16000000
30
0.00000000
0
VERTEX
8
Feedline
10
493.33800000
20
-2671.03400000
30
0.00000000
0
VERTEX
8
Feedline
10
493.49600000
20
-2670.91500000
30
0.00000000
0
VERTEX
8
Feedline
10
493.65800000
20
-2670.80100000
30
0.00000000
0
VERTEX
8
Feedline
10
493.82600000
20
-2670.69400000
30
0.00000000
0
VERTEX
8
Feedline
10
493.99700000
20
-2670.59400000
30
0.00000000
0
VERTEX
8
Feedline
10
494.17100000
20
-2670.50000000
30
0.00000000
0
VERTEX
8
Feedline
10
494.35000000
20
-2670.41400000
30
0.00000000
0
VERTEX
8
Feedline
10
494.53200000
20
-2670.33500000
30
0.00000000
0
VERTEX
8
Feedline
10
494.71700000
20
-2670.26200000
30
0.00000000
0
VERTEX
8
Feedline
10
494.90400000
20
-2670.19700000
30
0.00000000
0
VERTEX
8
Feedline
10
495.09300000
20
-2670.14000000
30
0.00000000
0
VERTEX
8
Feedline
10
495.28500000
20
-2670.08900000
30
0.00000000
0
VERTEX
8
Feedline
10
495.47900000
20
-2670.04700000
30
0.00000000
0
VERTEX
8
Feedline
10
495.67400000
20
-2670.01300000
30
0.00000000
0
VERTEX
8
Feedline
10
495.87000000
20
-2669.98500000
30
0.00000000
0
VERTEX
8
Feedline
10
496.06800000
20
-2669.96500000
30
0.00000000
0
VERTEX
8
Feedline
10
496.26800000
20
-2669.95400000
30
0.00000000
0
VERTEX
8
Feedline
10
496.46400000
20
-2669.95000000
30
0.00000000
0
VERTEX
8
Feedline
10
814.66200000
20
-2669.95000000
30
0.00000000
0
VERTEX
8
Feedline
10
814.86400000
20
-2669.95400000
30
0.00000000
0
VERTEX
8
Feedline
10
815.06500000
20
-2669.96600000
30
0.00000000
0
VERTEX
8
Feedline
10
815.26600000
20
-2669.98600000
30
0.00000000
0
VERTEX
8
Feedline
10
815.46500000
20
-2670.01500000
30
0.00000000
0
VERTEX
8
Feedline
10
815.66400000
20
-2670.05000000
30
0.00000000
0
VERTEX
8
Feedline
10
815.86100000
20
-2670.09400000
30
0.00000000
0
VERTEX
8
Feedline
10
816.05600000
20
-2670.14600000
30
0.00000000
0
VERTEX
8
Feedline
10
816.24900000
20
-2670.20600000
30
0.00000000
0
VERTEX
8
Feedline
10
816.43900000
20
-2670.27200000
30
0.00000000
0
VERTEX
8
Feedline
10
816.62600000
20
-2670.34700000
30
0.00000000
0
VERTEX
8
Feedline
10
816.81000000
20
-2670.43000000
30
0.00000000
0
VERTEX
8
Feedline
10
816.99100000
20
-2670.51900000
30
0.00000000
0
VERTEX
8
Feedline
10
817.16800000
20
-2670.61600000
30
0.00000000
0
VERTEX
8
Feedline
10
817.34100000
20
-2670.71900000
30
0.00000000
0
VERTEX
8
Feedline
10
817.50900000
20
-2670.83000000
30
0.00000000
0
VERTEX
8
Feedline
10
817.67400000
20
-2670.94600000
30
0.00000000
0
VERTEX
8
Feedline
10
817.83300000
20
-2671.07000000
30
0.00000000
0
VERTEX
8
Feedline
10
817.98800000
20
-2671.19900000
30
0.00000000
0
VERTEX
8
Feedline
10
818.13600000
20
-2671.33600000
30
0.00000000
0
VERTEX
8
Feedline
10
818.28000000
20
-2671.47700000
30
0.00000000
0
VERTEX
8
Feedline
10
818.41800000
20
-2671.62500000
30
0.00000000
0
VERTEX
8
Feedline
10
818.54900000
20
-2671.77700000
30
0.00000000
0
VERTEX
8
Feedline
10
818.67600000
20
-2671.93500000
30
0.00000000
0
VERTEX
8
Feedline
10
818.79500000
20
-2672.09700000
30
0.00000000
0
VERTEX
8
Feedline
10
818.90700000
20
-2672.26500000
30
0.00000000
0
VERTEX
8
Feedline
10
819.01300000
20
-2672.43700000
30
0.00000000
0
VERTEX
8
Feedline
10
819.11200000
20
-2672.61200000
30
0.00000000
0
VERTEX
8
Feedline
10
819.20400000
20
-2672.79100000
30
0.00000000
0
VERTEX
8
Feedline
10
819.28800000
20
-2672.97500000
30
0.00000000
0
VERTEX
8
Feedline
10
819.36600000
20
-2673.16200000
30
0.00000000
0
VERTEX
8
Feedline
10
819.43500000
20
-2673.35100000
30
0.00000000
0
VERTEX
8
Feedline
10
819.49700000
20
-2673.54300000
30
0.00000000
0
VERTEX
8
Feedline
10
819.55100000
20
-2673.73600000
30
0.00000000
0
VERTEX
8
Feedline
10
819.59800000
20
-2673.93200000
30
0.00000000
0
VERTEX
8
Feedline
10
819.63600000
20
-2674.13000000
30
0.00000000
0
VERTEX
8
Feedline
10
819.66800000
20
-2674.32900000
30
0.00000000
0
VERTEX
8
Feedline
10
819.69000000
20
-2674.53000000
30
0.00000000
0
VERTEX
8
Feedline
10
819.70500000
20
-2674.73100000
30
0.00000000
0
VERTEX
8
Feedline
10
819.71200000
20
-2674.93200000
30
0.00000000
0
VERTEX
8
Feedline
10
819.71000000
20
-2675.13400000
30
0.00000000
0
VERTEX
8
Feedline
10
819.70100000
20
-2675.33600000
30
0.00000000
0
VERTEX
8
Feedline
10
819.68400000
20
-2675.53600000
30
0.00000000
0
VERTEX
8
Feedline
10
819.65800000
20
-2675.73700000
30
0.00000000
0
VERTEX
8
Feedline
10
819.62500000
20
-2675.93500000
30
0.00000000
0
VERTEX
8
Feedline
10
819.58400000
20
-2676.13300000
30
0.00000000
0
VERTEX
8
Feedline
10
819.53400000
20
-2676.32900000
30
0.00000000
0
VERTEX
8
Feedline
10
819.47800000
20
-2676.52200000
30
0.00000000
0
VERTEX
8
Feedline
10
819.41300000
20
-2676.71300000
30
0.00000000
0
VERTEX
8
Feedline
10
819.34000000
20
-2676.90200000
30
0.00000000
0
VERTEX
8
Feedline
10
819.26100000
20
-2677.08700000
30
0.00000000
0
VERTEX
8
Feedline
10
819.17400000
20
-2677.26800000
30
0.00000000
0
VERTEX
8
Feedline
10
819.08000000
20
-2677.44700000
30
0.00000000
0
VERTEX
8
Feedline
10
818.97900000
20
-2677.62100000
30
0.00000000
0
VERTEX
8
Feedline
10
818.87100000
20
-2677.79200000
30
0.00000000
0
VERTEX
8
Feedline
10
818.75400000
20
-2677.95900000
30
0.00000000
0
VERTEX
8
Feedline
10
818.63400000
20
-2678.11900000
30
0.00000000
0
VERTEX
8
Feedline
10
818.50700000
20
-2678.27400000
30
0.00000000
0
VERTEX
8
Feedline
10
818.37300000
20
-2678.42600000
30
0.00000000
0
VERTEX
8
Feedline
10
818.23400000
20
-2678.57100000
30
0.00000000
0
VERTEX
8
Feedline
10
748.87000000
20
-2747.93400000
30
0.00000000
0
VERTEX
8
Feedline
10
759.40600000
20
-2758.47000000
30
0.00000000
0
VERTEX
8
Feedline
10
846.44700000
20
-2671.42800000
30
0.00000000
0
VERTEX
8
Feedline
10
846.58900000
20
-2671.29100000
30
0.00000000
0
VERTEX
8
Feedline
10
846.73800000
20
-2671.16000000
30
0.00000000
0
VERTEX
8
Feedline
10
846.89100000
20
-2671.03400000
30
0.00000000
0
VERTEX
8
Feedline
10
847.05000000
20
-2670.91400000
30
0.00000000
0
VERTEX
8
Feedline
10
847.21200000
20
-2670.80100000
30
0.00000000
0
VERTEX
8
Feedline
10
847.37900000
20
-2670.69400000
30
0.00000000
0
VERTEX
8
Feedline
10
847.55000000
20
-2670.59400000
30
0.00000000
0
VERTEX
8
Feedline
10
847.72500000
20
-2670.50000000
30
0.00000000
0
VERTEX
8
Feedline
10
847.90300000
20
-2670.41400000
30
0.00000000
0
VERTEX
8
Feedline
10
848.08500000
20
-2670.33500000
30
0.00000000
0
VERTEX
8
Feedline
10
848.27000000
20
-2670.26200000
30
0.00000000
0
VERTEX
8
Feedline
10
848.45700000
20
-2670.19700000
30
0.00000000
0
VERTEX
8
Feedline
10
848.64600000
20
-2670.14000000
30
0.00000000
0
VERTEX
8
Feedline
10
848.83800000
20
-2670.08900000
30
0.00000000
0
VERTEX
8
Feedline
10
849.03200000
20
-2670.04700000
30
0.00000000
0
VERTEX
8
Feedline
10
849.22700000
20
-2670.01300000
30
0.00000000
0
VERTEX
8
Feedline
10
849.42400000
20
-2669.98500000
30
0.00000000
0
VERTEX
8
Feedline
10
849.62100000
20
-2669.96500000
30
0.00000000
0
VERTEX
8
Feedline
10
849.82100000
20
-2669.95400000
30
0.00000000
0
VERTEX
8
Feedline
10
850.01700000
20
-2669.95000000
30
0.00000000
0
VERTEX
8
Feedline
10
1102.42300000
20
-2669.95000000
30
0.00000000
0
VERTEX
8
Feedline
10
1102.42300000
20
-2652.05000000
30
0.00000000
0
VERTEX
8
Feedline
10
866.91700000
20
-2652.05000000
30
0.00000000
0
VERTEX
8
Feedline
10
866.56900000
20
-2652.05400000
30
0.00000000
0
VERTEX
8
Feedline
10
866.22100000
20
-2652.06500000
30
0.00000000
0
VERTEX
8
Feedline
10
865.87400000
20
-2652.08400000
30
0.00000000
0
VERTEX
8
Feedline
10
865.52700000
20
-2652.11100000
30
0.00000000
0
VERTEX
8
Feedline
10
865.18000000
20
-2652.14500000
30
0.00000000
0
VERTEX
8
Feedline
10
864.83600000
20
-2652.18700000
30
0.00000000
0
VERTEX
8
Feedline
10
864.49100000
20
-2652.23500000
30
0.00000000
0
VERTEX
8
Feedline
10
864.14800000
20
-2652.29200000
30
0.00000000
0
VERTEX
8
Feedline
10
863.80600000
20
-2652.35600000
30
0.00000000
0
VERTEX
8
Feedline
10
863.46500000
20
-2652.42800000
30
0.00000000
0
VERTEX
8
Feedline
10
863.12600000
20
-2652.50800000
30
0.00000000
0
VERTEX
8
Feedline
10
862.78900000
20
-2652.59300000
30
0.00000000
0
VERTEX
8
Feedline
10
862.45400000
20
-2652.68700000
30
0.00000000
0
VERTEX
8
Feedline
10
862.12100000
20
-2652.78900000
30
0.00000000
0
VERTEX
8
Feedline
10
861.79000000
20
-2652.89600000
30
0.00000000
0
VERTEX
8
Feedline
10
861.46200000
20
-2653.01200000
30
0.00000000
0
VERTEX
8
Feedline
10
861.13600000
20
-2653.13500000
30
0.00000000
0
VERTEX
8
Feedline
10
860.81300000
20
-2653.26400000
30
0.00000000
0
VERTEX
8
Feedline
10
860.49300000
20
-2653.40100000
30
0.00000000
0
VERTEX
8
Feedline
10
860.17600000
20
-2653.54400000
30
0.00000000
0
VERTEX
8
Feedline
10
859.86200000
20
-2653.69500000
30
0.00000000
0
VERTEX
8
Feedline
10
859.55200000
20
-2653.85200000
30
0.00000000
0
VERTEX
8
Feedline
10
859.24500000
20
-2654.01600000
30
0.00000000
0
VERTEX
8
Feedline
10
858.94200000
20
-2654.18700000
30
0.00000000
0
VERTEX
8
Feedline
10
858.64300000
20
-2654.36400000
30
0.00000000
0
VERTEX
8
Feedline
10
858.34700000
20
-2654.54800000
30
0.00000000
0
VERTEX
8
Feedline
10
858.05600000
20
-2654.73800000
30
0.00000000
0
VERTEX
8
Feedline
10
857.76900000
20
-2654.93500000
30
0.00000000
0
VERTEX
8
Feedline
10
857.48600000
20
-2655.13700000
30
0.00000000
0
VERTEX
8
Feedline
10
857.20700000
20
-2655.34600000
30
0.00000000
0
VERTEX
8
Feedline
10
856.93300000
20
-2655.56100000
30
0.00000000
0
VERTEX
8
Feedline
10
856.66400000
20
-2655.78100000
30
0.00000000
0
VERTEX
8
Feedline
10
856.40000000
20
-2656.00900000
30
0.00000000
0
VERTEX
8
Feedline
10
856.14200000
20
-2656.24100000
30
0.00000000
0
VERTEX
8
Feedline
10
855.88800000
20
-2656.47800000
30
0.00000000
0
VERTEX
8
Feedline
10
855.63800000
20
-2656.72200000
30
0.00000000
0
VERTEX
8
Feedline
10
757.28400000
20
-2755.07600000
30
0.00000000
0
VERTEX
8
Feedline
10
752.26300000
20
-2750.05600000
30
0.00000000
0
VERTEX
8
Feedline
10
823.04000000
20
-2679.27900000
30
0.00000000
0
VERTEX
8
Feedline
10
823.28900000
20
-2679.02400000
30
0.00000000
0
VERTEX
8
Feedline
10
823.53100000
20
-2678.76600000
30
0.00000000
0
VERTEX
8
Feedline
10
823.76700000
20
-2678.50200000
30
0.00000000
0
VERTEX
8
Feedline
10
823.99800000
20
-2678.23200000
30
0.00000000
0
VERTEX
8
Feedline
10
824.22200000
20
-2677.95800000
30
0.00000000
0
VERTEX
8
Feedline
10
824.44000000
20
-2677.67900000
30
0.00000000
0
VERTEX
8
Feedline
10
824.65300000
20
-2677.39500000
30
0.00000000
0
VERTEX
8
Feedline
10
824.85800000
20
-2677.10500000
30
0.00000000
0
VERTEX
8
Feedline
10
825.05700000
20
-2676.81200000
30
0.00000000
0
VERTEX
8
Feedline
10
825.25000000
20
-2676.51400000
30
0.00000000
0
VERTEX
8
Feedline
10
825.43600000
20
-2676.21200000
30
0.00000000
0
VERTEX
8
Feedline
10
825.61500000
20
-2675.90600000
30
0.00000000
0
VERTEX
8
Feedline
10
825.78700000
20
-2675.59700000
30
0.00000000
0
VERTEX
8
Feedline
10
825.95300000
20
-2675.28300000
30
0.00000000
0
VERTEX
8
Feedline
10
826.11100000
20
-2674.96600000
30
0.00000000
0
VERTEX
8
Feedline
10
826.26300000
20
-2674.64500000
30
0.00000000
0
VERTEX
8
Feedline
10
826.40600000
20
-2674.32100000
30
0.00000000
0
VERTEX
8
Feedline
10
826.54400000
20
-2673.99400000
30
0.00000000
0
VERTEX
8
Feedline
10
826.67300000
20
-2673.66400000
30
0.00000000
0
VERTEX
8
Feedline
10
826.79500000
20
-2673.33100000
30
0.00000000
0
VERTEX
8
Feedline
10
826.91000000
20
-2672.99600000
30
0.00000000
0
VERTEX
8
Feedline
10
827.01700000
20
-2672.65800000
30
0.00000000
0
VERTEX
8
Feedline
10
827.11700000
20
-2672.31800000
30
0.00000000
0
VERTEX
8
Feedline
10
827.21000000
20
-2671.97600000
30
0.00000000
0
VERTEX
8
Feedline
10
827.29300000
20
-2671.63200000
30
0.00000000
0
VERTEX
8
Feedline
10
827.37100000
20
-2671.28600000
30
0.00000000
0
VERTEX
8
Feedline
10
827.44000000
20
-2670.93800000
30
0.00000000
0
VERTEX
8
Feedline
10
827.50200000
20
-2670.58900000
30
0.00000000
0
VERTEX
8
Feedline
10
827.55400000
20
-2670.23800000
30
0.00000000
0
VERTEX
8
Feedline
10
827.60000000
20
-2669.88600000
30
0.00000000
0
VERTEX
8
Feedline
10
827.63800000
20
-2669.53400000
30
0.00000000
0
VERTEX
8
Feedline
10
827.66900000
20
-2669.18000000
30
0.00000000
0
VERTEX
8
Feedline
10
827.69100000
20
-2668.82600000
30
0.00000000
0
VERTEX
8
Feedline
10
827.70600000
20
-2668.47300000
30
0.00000000
0
VERTEX
8
Feedline
10
827.71200000
20
-2668.11900000
30
0.00000000
0
VERTEX
8
Feedline
10
827.71100000
20
-2667.76400000
30
0.00000000
0
VERTEX
8
Feedline
10
827.70200000
20
-2667.40900000
30
0.00000000
0
VERTEX
8
Feedline
10
827.68500000
20
-2667.05500000
30
0.00000000
0
VERTEX
8
Feedline
10
827.66000000
20
-2666.70100000
30
0.00000000
0
VERTEX
8
Feedline
10
827.62700000
20
-2666.34800000
30
0.00000000
0
VERTEX
8
Feedline
10
827.58600000
20
-2665.99600000
30
0.00000000
0
VERTEX
8
Feedline
10
827.53800000
20
-2665.64500000
30
0.00000000
0
VERTEX
8
Feedline
10
827.48200000
20
-2665.29500000
30
0.00000000
0
VERTEX
8
Feedline
10
827.41800000
20
-2664.94700000
30
0.00000000
0
VERTEX
8
Feedline
10
827.34600000
20
-2664.59900000
30
0.00000000
0
VERTEX
8
Feedline
10
827.26600000
20
-2664.25400000
30
0.00000000
0
VERTEX
8
Feedline
10
827.18000000
20
-2663.91000000
30
0.00000000
0
VERTEX
8
Feedline
10
827.08500000
20
-2663.56800000
30
0.00000000
0
VERTEX
8
Feedline
10
826.98200000
20
-2663.22900000
30
0.00000000
0
VERTEX
8
Feedline
10
826.87300000
20
-2662.89200000
30
0.00000000
0
VERTEX
8
Feedline
10
826.75500000
20
-2662.55700000
30
0.00000000
0
VERTEX
8
Feedline
10
826.63000000
20
-2662.22500000
30
0.00000000
0
VERTEX
8
Feedline
10
826.49900000
20
-2661.89600000
30
0.00000000
0
VERTEX
8
Feedline
10
826.35900000
20
-2661.57000000
30
0.00000000
0
VERTEX
8
Feedline
10
826.21300000
20
-2661.24700000
30
0.00000000
0
VERTEX
8
Feedline
10
826.05900000
20
-2660.92800000
30
0.00000000
0
VERTEX
8
Feedline
10
825.89900000
20
-2660.61200000
30
0.00000000
0
VERTEX
8
Feedline
10
825.73000000
20
-2660.29900000
30
0.00000000
0
VERTEX
8
Feedline
10
825.55600000
20
-2659.99100000
30
0.00000000
0
VERTEX
8
Feedline
10
825.37400000
20
-2659.68600000
30
0.00000000
0
VERTEX
8
Feedline
10
825.18700000
20
-2659.38600000
30
0.00000000
0
VERTEX
8
Feedline
10
824.99200000
20
-2659.09000000
30
0.00000000
0
VERTEX
8
Feedline
10
824.79000000
20
-2658.79800000
30
0.00000000
0
VERTEX
8
Feedline
10
824.58300000
20
-2658.51100000
30
0.00000000
0
VERTEX
8
Feedline
10
824.36800000
20
-2658.22800000
30
0.00000000
0
VERTEX
8
Feedline
10
824.14800000
20
-2657.95100000
30
0.00000000
0
VERTEX
8
Feedline
10
823.92200000
20
-2657.67700000
30
0.00000000
0
VERTEX
8
Feedline
10
823.69000000
20
-2657.40900000
30
0.00000000
0
VERTEX
8
Feedline
10
823.45100000
20
-2657.14700000
30
0.00000000
0
VERTEX
8
Feedline
10
823.20700000
20
-2656.89000000
30
0.00000000
0
VERTEX
8
Feedline
10
822.95700000
20
-2656.63900000
30
0.00000000
0
VERTEX
8
Feedline
10
822.70200000
20
-2656.39200000
30
0.00000000
0
VERTEX
8
Feedline
10
822.44200000
20
-2656.15200000
30
0.00000000
0
VERTEX
8
Feedline
10
822.17500000
20
-2655.91800000
30
0.00000000
0
VERTEX
8
Feedline
10
821.90400000
20
-2655.69000000
30
0.00000000
0
VERTEX
8
Feedline
10
821.62800000
20
-2655.46700000
30
0.00000000
0
VERTEX
8
Feedline
10
821.34700000
20
-2655.25100000
30
0.00000000
0
VERTEX
8
Feedline
10
821.06100000
20
-2655.04100000
30
0.00000000
0
VERTEX
8
Feedline
10
820.77100000
20
-2654.83700000
30
0.00000000
0
VERTEX
8
Feedline
10
820.47600000
20
-2654.64100000
30
0.00000000
0
VERTEX
8
Feedline
10
820.17700000
20
-2654.45000000
30
0.00000000
0
VERTEX
8
Feedline
10
819.87400000
20
-2654.26600000
30
0.00000000
0
VERTEX
8
Feedline
10
819.56300000
20
-2654.08700000
30
0.00000000
0
VERTEX
8
Feedline
10
819.25600000
20
-2653.91900000
30
0.00000000
0
VERTEX
8
Feedline
10
818.93600000
20
-2653.75400000
30
0.00000000
0
VERTEX
8
Feedline
10
818.61400000
20
-2653.59600000
30
0.00000000
0
VERTEX
8
Feedline
10
818.30100000
20
-2653.45200000
30
0.00000000
0
VERTEX
8
Feedline
10
817.97600000
20
-2653.31000000
30
0.00000000
0
VERTEX
8
Feedline
10
817.64400000
20
-2653.17400000
30
0.00000000
0
VERTEX
8
Feedline
10
817.31400000
20
-2653.04700000
30
0.00000000
0
VERTEX
8
Feedline
10
816.98300000
20
-2652.92800000
30
0.00000000
0
VERTEX
8
Feedline
10
816.64700000
20
-2652.81700000
30
0.00000000
0
VERTEX
8
Feedline
10
816.30800000
20
-2652.71100000
30
0.00000000
0
VERTEX
8
Feedline
10
815.96700000
20
-2652.61400000
30
0.00000000
0
VERTEX
8
Feedline
10
815.62400000
20
-2652.52500000
30
0.00000000
0
VERTEX
8
Feedline
10
815.27900000
20
-2652.44300000
30
0.00000000
0
VERTEX
8
Feedline
10
814.93200000
20
-2652.36800000
30
0.00000000
0
VERTEX
8
Feedline
10
814.58400000
20
-2652.30100000
30
0.00000000
0
VERTEX
8
Feedline
10
814.23400000
20
-2652.24200000
30
0.00000000
0
VERTEX
8
Feedline
10
813.88300000
20
-2652.19200000
30
0.00000000
0
VERTEX
8
Feedline
10
813.53100000
20
-2652.14900000
30
0.00000000
0
VERTEX
8
Feedline
10
813.17900000
20
-2652.11300000
30
0.00000000
0
VERTEX
8
Feedline
10
812.82600000
20
-2652.08600000
30
0.00000000
0
VERTEX
8
Feedline
10
812.47200000
20
-2652.06600000
30
0.00000000
0
VERTEX
8
Feedline
10
812.11700000
20
-2652.05400000
30
0.00000000
0
VERTEX
8
Feedline
10
811.76300000
20
-2652.05000000
30
0.00000000
0
VERTEX
8
Feedline
10
513.36400000
20
-2652.05000000
30
0.00000000
0
VERTEX
8
Feedline
10
513.01600000
20
-2652.05400000
30
0.00000000
0
VERTEX
8
Feedline
10
512.66800000
20
-2652.06500000
30
0.00000000
0
VERTEX
8
Feedline
10
512.32000000
20
-2652.08400000
30
0.00000000
0
VERTEX
8
Feedline
10
511.97300000
20
-2652.11100000
30
0.00000000
0
VERTEX
8
Feedline
10
511.62700000
20
-2652.14500000
30
0.00000000
0
VERTEX
8
Feedline
10
511.28200000
20
-2652.18700000
30
0.00000000
0
VERTEX
8
Feedline
10
510.93800000
20
-2652.23500000
30
0.00000000
0
VERTEX
8
Feedline
10
510.59400000
20
-2652.29200000
30
0.00000000
0
VERTEX
8
Feedline
10
510.25200000
20
-2652.35600000
30
0.00000000
0
VERTEX
8
Feedline
10
509.91200000
20
-2652.42800000
30
0.00000000
0
VERTEX
8
Feedline
10
509.57300000
20
-2652.50800000
30
0.00000000
0
VERTEX
8
Feedline
10
509.23500000
20
-2652.59300000
30
0.00000000
0
VERTEX
8
Feedline
10
508.90000000
20
-2652.68700000
30
0.00000000
0
VERTEX
8
Feedline
10
508.56700000
20
-2652.78900000
30
0.00000000
0
VERTEX
8
Feedline
10
508.23700000
20
-2652.89600000
30
0.00000000
0
VERTEX
8
Feedline
10
507.90800000
20
-2653.01200000
30
0.00000000
0
VERTEX
8
Feedline
10
507.58300000
20
-2653.13500000
30
0.00000000
0
VERTEX
8
Feedline
10
507.26000000
20
-2653.26400000
30
0.00000000
0
VERTEX
8
Feedline
10
506.94000000
20
-2653.40100000
30
0.00000000
0
VERTEX
8
Feedline
10
506.62300000
20
-2653.54400000
30
0.00000000
0
VERTEX
8
Feedline
10
506.30900000
20
-2653.69500000
30
0.00000000
0
VERTEX
8
Feedline
10
505.99900000
20
-2653.85200000
30
0.00000000
0
VERTEX
8
Feedline
10
505.69200000
20
-2654.01600000
30
0.00000000
0
VERTEX
8
Feedline
10
505.38900000
20
-2654.18700000
30
0.00000000
0
VERTEX
8
Feedline
10
505.08900000
20
-2654.36400000
30
0.00000000
0
VERTEX
8
Feedline
10
504.79400000
20
-2654.54800000
30
0.00000000
0
VERTEX
8
Feedline
10
504.50200000
20
-2654.73800000
30
0.00000000
0
VERTEX
8
Feedline
10
504.21500000
20
-2654.93500000
30
0.00000000
0
VERTEX
8
Feedline
10
503.93300000
20
-2655.13700000
30
0.00000000
0
VERTEX
8
Feedline
10
503.65300000
20
-2655.34600000
30
0.00000000
0
VERTEX
8
Feedline
10
503.38000000
20
-2655.56100000
30
0.00000000
0
VERTEX
8
Feedline
10
503.11100000
20
-2655.78100000
30
0.00000000
0
VERTEX
8
Feedline
10
502.84700000
20
-2656.00900000
30
0.00000000
0
VERTEX
8
Feedline
10
502.58800000
20
-2656.24100000
30
0.00000000
0
VERTEX
8
Feedline
10
502.33400000
20
-2656.47800000
30
0.00000000
0
VERTEX
8
Feedline
10
502.08500000
20
-2656.72200000
30
0.00000000
0
VERTEX
8
Feedline
10
403.73100000
20
-2755.07600000
30
0.00000000
0
VERTEX
8
Feedline
10
398.71000000
20
-2750.05600000
30
0.00000000
0
VERTEX
8
Feedline
10
469.48700000
20
-2679.27900000
30
0.00000000
0
VERTEX
8
Feedline
10
469.73600000
20
-2679.02400000
30
0.00000000
0
VERTEX
8
Feedline
10
469.97800000
20
-2678.76600000
30
0.00000000
0
VERTEX
8
Feedline
10
470.21400000
20
-2678.50200000
30
0.00000000
0
VERTEX
8
Feedline
10
470.44500000
20
-2678.23200000
30
0.00000000
0
VERTEX
8
Feedline
10
470.66900000
20
-2677.95800000
30
0.00000000
0
VERTEX
8
Feedline
10
470.88700000
20
-2677.67900000
30
0.00000000
0
VERTEX
8
Feedline
10
471.10000000
20
-2677.39500000
30
0.00000000
0
VERTEX
8
Feedline
10
471.30500000
20
-2677.10500000
30
0.00000000
0
VERTEX
8
Feedline
10
471.50400000
20
-2676.81200000
30
0.00000000
0
VERTEX
8
Feedline
10
471.69700000
20
-2676.51400000
30
0.00000000
0
VERTEX
8
Feedline
10
471.88200000
20
-2676.21200000
30
0.00000000
0
VERTEX
8
Feedline
10
472.06200000
20
-2675.90600000
30
0.00000000
0
VERTEX
8
Feedline
10
472.23400000
20
-2675.59700000
30
0.00000000
0
VERTEX
8
Feedline
10
472.40000000
20
-2675.28300000
30
0.00000000
0
VERTEX
8
Feedline
10
472.55800000
20
-2674.96600000
30
0.00000000
0
VERTEX
8
Feedline
10
472.70900000
20
-2674.64500000
30
0.00000000
0
VERTEX
8
Feedline
10
472.85300000
20
-2674.32100000
30
0.00000000
0
VERTEX
8
Feedline
10
472.99000000
20
-2673.99400000
30
0.00000000
0
VERTEX
8
Feedline
10
473.11900000
20
-2673.66400000
30
0.00000000
0
VERTEX
8
Feedline
10
473.24200000
20
-2673.33100000
30
0.00000000
0
VERTEX
8
Feedline
10
473.35700000
20
-2672.99600000
30
0.00000000
0
VERTEX
8
Feedline
10
473.46400000
20
-2672.65800000
30
0.00000000
0
VERTEX
8
Feedline
10
473.56400000
20
-2672.31900000
30
0.00000000
0
VERTEX
8
Feedline
10
473.65600000
20
-2671.97600000
30
0.00000000
0
VERTEX
8
Feedline
10
473.74000000
20
-2671.63200000
30
0.00000000
0
VERTEX
8
Feedline
10
473.81700000
20
-2671.28600000
30
0.00000000
0
VERTEX
8
Feedline
10
473.88700000
20
-2670.93800000
30
0.00000000
0
VERTEX
8
Feedline
10
473.94800000
20
-2670.58900000
30
0.00000000
0
VERTEX
8
Feedline
10
474.00100000
20
-2670.23800000
30
0.00000000
0
VERTEX
8
Feedline
10
474.04700000
20
-2669.88600000
30
0.00000000
0
VERTEX
8
Feedline
10
474.08500000
20
-2669.53400000
30
0.00000000
0
VERTEX
8
Feedline
10
474.11500000
20
-2669.18000000
30
0.00000000
0
VERTEX
8
Feedline
10
474.13800000
20
-2668.82600000
30
0.00000000
0
VERTEX
8
Feedline
10
474.15200000
20
-2668.47300000
30
0.00000000
0
VERTEX
8
Feedline
10
474.15900000
20
-2668.11900000
30
0.00000000
0
VERTEX
8
Feedline
10
474.15800000
20
-2667.76400000
30
0.00000000
0
VERTEX
8
Feedline
10
474.14800000
20
-2667.40900000
30
0.00000000
0
VERTEX
8
Feedline
10
474.13100000
20
-2667.05500000
30
0.00000000
0
VERTEX
8
Feedline
10
474.10600000
20
-2666.70100000
30
0.00000000
0
VERTEX
8
Feedline
10
474.07300000
20
-2666.34800000
30
0.00000000
0
VERTEX
8
Feedline
10
474.03300000
20
-2665.99600000
30
0.00000000
0
VERTEX
8
Feedline
10
473.98500000
20
-2665.64500000
30
0.00000000
0
VERTEX
8
Feedline
10
473.92900000
20
-2665.29600000
30
0.00000000
0
VERTEX
8
Feedline
10
473.86400000
20
-2664.94700000
30
0.00000000
0
VERTEX
8
Feedline
10
473.79200000
20
-2664.59900000
30
0.00000000
0
VERTEX
8
Feedline
10
473.71300000
20
-2664.25400000
30
0.00000000
0
VERTEX
8
Feedline
10
473.62600000
20
-2663.91000000
30
0.00000000
0
VERTEX
8
Feedline
10
473.53100000
20
-2663.56800000
30
0.00000000
0
VERTEX
8
Feedline
10
473.42900000
20
-2663.22900000
30
0.00000000
0
VERTEX
8
Feedline
10
473.31900000
20
-2662.89200000
30
0.00000000
0
VERTEX
8
Feedline
10
473.20200000
20
-2662.55700000
30
0.00000000
0
VERTEX
8
Feedline
10
473.07700000
20
-2662.22500000
30
0.00000000
0
VERTEX
8
Feedline
10
472.94500000
20
-2661.89600000
30
0.00000000
0
VERTEX
8
Feedline
10
472.80600000
20
-2661.57000000
30
0.00000000
0
VERTEX
8
Feedline
10
472.66000000
20
-2661.24700000
30
0.00000000
0
VERTEX
8
Feedline
10
472.50500000
20
-2660.92800000
30
0.00000000
0
VERTEX
8
Feedline
10
472.34500000
20
-2660.61200000
30
0.00000000
0
VERTEX
8
Feedline
10
472.17700000
20
-2660.29900000
30
0.00000000
0
VERTEX
8
Feedline
10
472.00300000
20
-2659.99100000
30
0.00000000
0
VERTEX
8
Feedline
10
471.82100000
20
-2659.68600000
30
0.00000000
0
VERTEX
8
Feedline
10
471.63300000
20
-2659.38600000
30
0.00000000
0
VERTEX
8
Feedline
10
471.43900000
20
-2659.09000000
30
0.00000000
0
VERTEX
8
Feedline
10
471.23700000
20
-2658.79800000
30
0.00000000
0
VERTEX
8
Feedline
10
471.02900000
20
-2658.51100000
30
0.00000000
0
VERTEX
8
Feedline
10
470.81500000
20
-2658.22800000
30
0.00000000
0
VERTEX
8
Feedline
10
470.59500000
20
-2657.95100000
30
0.00000000
0
VERTEX
8
Feedline
10
470.36900000
20
-2657.67700000
30
0.00000000
0
VERTEX
8
Feedline
10
470.13600000
20
-2657.40900000
30
0.00000000
0
VERTEX
8
Feedline
10
469.89700000
20
-2657.14700000
30
0.00000000
0
VERTEX
8
Feedline
10
469.65300000
20
-2656.89000000
30
0.00000000
0
VERTEX
8
Feedline
10
469.40400000
20
-2656.63900000
30
0.00000000
0
VERTEX
8
Feedline
10
469.14900000
20
-2656.39200000
30
0.00000000
0
VERTEX
8
Feedline
10
468.88800000
20
-2656.15200000
30
0.00000000
0
VERTEX
8
Feedline
10
468.62100000
20
-2655.91800000
30
0.00000000
0
VERTEX
8
Feedline
10
468.35000000
20
-2655.69000000
30
0.00000000
0
VERTEX
8
Feedline
10
468.07400000
20
-2655.46700000
30
0.00000000
0
VERTEX
8
Feedline
10
467.79400000
20
-2655.25100000
30
0.00000000
0
VERTEX
8
Feedline
10
467.50800000
20
-2655.04100000
30
0.00000000
0
VERTEX
8
Feedline
10
467.21800000
20
-2654.83700000
30
0.00000000
0
VERTEX
8
Feedline
10
466.92300000
20
-2654.64100000
30
0.00000000
0
VERTEX
8
Feedline
10
466.62400000
20
-2654.45000000
30
0.00000000
0
VERTEX
8
Feedline
10
466.32100000
20
-2654.26600000
30
0.00000000
0
VERTEX
8
Feedline
10
466.01000000
20
-2654.08700000
30
0.00000000
0
VERTEX
8
Feedline
10
465.70200000
20
-2653.91900000
30
0.00000000
0
VERTEX
8
Feedline
10
465.38200000
20
-2653.75400000
30
0.00000000
0
VERTEX
8
Feedline
10
465.06000000
20
-2653.59600000
30
0.00000000
0
VERTEX
8
Feedline
10
464.74800000
20
-2653.45200000
30
0.00000000
0
VERTEX
8
Feedline
10
464.42300000
20
-2653.31000000
30
0.00000000
0
VERTEX
8
Feedline
10
464.09100000
20
-2653.17400000
30
0.00000000
0
VERTEX
8
Feedline
10
463.76100000
20
-2653.04700000
30
0.00000000
0
VERTEX
8
Feedline
10
463.43000000
20
-2652.92800000
30
0.00000000
0
VERTEX
8
Feedline
10
463.09300000
20
-2652.81700000
30
0.00000000
0
VERTEX
8
Feedline
10
462.75500000
20
-2652.71100000
30
0.00000000
0
VERTEX
8
Feedline
10
462.41400000
20
-2652.61400000
30
0.00000000
0
VERTEX
8
Feedline
10
462.07100000
20
-2652.52500000
30
0.00000000
0
VERTEX
8
Feedline
10
461.72600000
20
-2652.44300000
30
0.00000000
0
VERTEX
8
Feedline
10
461.37900000
20
-2652.36800000
30
0.00000000
0
VERTEX
8
Feedline
10
461.03100000
20
-2652.30100000
30
0.00000000
0
VERTEX
8
Feedline
10
460.68100000
20
-2652.24200000
30
0.00000000
0
VERTEX
8
Feedline
10
460.33000000
20
-2652.19200000
30
0.00000000
0
VERTEX
8
Feedline
10
459.97800000
20
-2652.14900000
30
0.00000000
0
VERTEX
8
Feedline
10
459.62600000
20
-2652.11300000
30
0.00000000
0
VERTEX
8
Feedline
10
459.27200000
20
-2652.08600000
30
0.00000000
0
VERTEX
8
Feedline
10
458.91800000
20
-2652.06600000
30
0.00000000
0
VERTEX
8
Feedline
10
458.56400000
20
-2652.05400000
30
0.00000000
0
VERTEX
8
Feedline
10
458.20900000
20
-2652.05000000
30
0.00000000
0
VERTEX
8
Feedline
10
265.97600000
20
-2652.05000000
30
0.00000000
0
VERTEX
8
Feedline
10
265.10600000
20
-2652.05400000
30
0.00000000
0
VERTEX
8
Feedline
10
264.23800000
20
-2652.06500000
30
0.00000000
0
VERTEX
8
Feedline
10
263.36900000
20
-2652.08400000
30
0.00000000
0
VERTEX
8
Feedline
10
262.50100000
20
-2652.11000000
30
0.00000000
0
VERTEX
8
Feedline
10
261.63200000
20
-2652.14400000
30
0.00000000
0
VERTEX
8
Feedline
10
260.76500000
20
-2652.18600000
30
0.00000000
0
VERTEX
8
Feedline
10
259.89700000
20
-2652.23500000
30
0.00000000
0
VERTEX
8
Feedline
10
259.03000000
20
-2652.29200000
30
0.00000000
0
VERTEX
8
Feedline
10
258.16400000
20
-2652.35600000
30
0.00000000
0
VERTEX
8
Feedline
10
257.29700000
20
-2652.42800000
30
0.00000000
0
VERTEX
8
Feedline
10
256.43200000
20
-2652.50700000
30
0.00000000
0
VERTEX
8
Feedline
10
255.56700000
20
-2652.59400000
30
0.00000000
0
VERTEX
8
Feedline
10
254.70400000
20
-2652.68800000
30
0.00000000
0
VERTEX
8
Feedline
10
253.84100000
20
-2652.79000000
30
0.00000000
0
VERTEX
8
Feedline
10
252.97800000
20
-2652.89900000
30
0.00000000
0
VERTEX
8
Feedline
10
252.11800000
20
-2653.01600000
30
0.00000000
0
VERTEX
8
Feedline
10
215.91500000
20
-2658.08400000
30
0.00000000
0
VERTEX
8
Feedline
10
215.05400000
20
-2658.20100000
30
0.00000000
0
VERTEX
8
Feedline
10
214.19100000
20
-2658.31000000
30
0.00000000
0
VERTEX
8
Feedline
10
213.32700000
20
-2658.41200000
30
0.00000000
0
VERTEX
8
Feedline
10
212.46200000
20
-2658.50600000
30
0.00000000
0
VERTEX
8
Feedline
10
211.59700000
20
-2658.59300000
30
0.00000000
0
VERTEX
8
Feedline
10
210.73000000
20
-2658.67200000
30
0.00000000
0
VERTEX
8
Feedline
10
209.86400000
20
-2658.74400000
30
0.00000000
0
VERTEX
8
Feedline
10
208.99600000
20
-2658.80800000
30
0.00000000
0
VERTEX
8
Feedline
10
208.12800000
20
-2658.86500000
30
0.00000000
0
VERTEX
8
Feedline
10
207.26000000
20
-2658.91400000
30
0.00000000
0
VERTEX
8
Feedline
10
206.39100000
20
-2658.95600000
30
0.00000000
0
VERTEX
8
Feedline
10
205.52200000
20
-2658.99000000
30
0.00000000
0
VERTEX
8
Feedline
10
204.65200000
20
-2659.01600000
30
0.00000000
0
VERTEX
8
Feedline
10
203.78300000
20
-2659.03500000
30
0.00000000
0
VERTEX
8
Feedline
10
202.91300000
20
-2659.04600000
30
0.00000000
0
VERTEX
8
Feedline
10
202.04400000
20
-2659.05000000
30
0.00000000
0
VERTEX
8
Feedline
10
-742.89300000
20
-2659.05000000
30
0.00000000
0
SEQEND
8
Feedline
0
POLYLINE
8
Feedline
66
1
10
0.00000000
20
0.00000000
30
0.00000000
70
1
0
VERTEX
8
Feedline
10
2652.05000000
20
-1102.42300000
30
0.00000000
0
VERTEX
8
Feedline
10
2669.95000000
20
-1102.42300000
30
0.00000000
0
VERTEX
8
Feedline
10
2669.95000000
20
-850.01600000
30
0.00000000
0
VERTEX
8
Feedline
10
2669.95400000
20
-849.81900000
30
0.00000000
0
VERTEX
8
Feedline
10
2669.96500000
20
-849.62100000
30
0.00000000
0
VERTEX
8
Feedline
10
2669.98500000
20
-849.42400000
30
0.00000000
0
VERTEX
8
Feedline
10
2670.01300000
20
-849.22700000
30
0.00000000
0
VERTEX
8
Feedline
10
2670.04700000
20
-849.03200000
30
0.00000000
0
VERTEX
8
Feedline
10
2670.08900000
20
-848.83800000
30
0.00000000
0
VERTEX
8
Feedline
10
2670.14000000
20
-848.64600000
30
0.00000000
0
VERTEX
8
Feedline
10
2670.19700000
20
-848.45700000
30
0.00000000
0
VERTEX
8
Feedline
10
2670.26200000
20
-848.27000000
30
0.00000000
0
VERTEX
8
Feedline
10
2670.33500000
20
-848.08500000
30
0.00000000
0
VERTEX
8
Feedline
10
2670.41400000
20
-847.90300000
30
0.00000000
0
VERTEX
8
Feedline
10
2670.50100000
20
-847.72500000
30
0.00000000
0
VERTEX
8
Feedline
10
2670.59400000
20
-847.55000000
30
0.00000000
0
VERTEX
8
Feedline
10
2670.69400000
20
-847.37900000
30
0.00000000
0
VERTEX
8
Feedline
10
2670.80100000
20
-847.21200000
30
0.00000000
0
VERTEX
8
Feedline
10
2670.91500000
20
-847.05000000
30
0.00000000
0
VERTEX
8
Feedline
10
2671.03400000
20
-846.89100000
30
0.00000000
0
VERTEX
8
Feedline
10
2671.16000000
20
-846.73700000
30
0.00000000
0
VERTEX
8
Feedline
10
2671.29100000
20
-846.58900000
30
0.00000000
0
VERTEX
8
Feedline
10
2671.42800000
20
-846.44700000
30
0.00000000
0
VERTEX
8
Feedline
10
2758.47000000
20
-759.40600000
30
0.00000000
0
VERTEX
8
Feedline
10
2747.93400000
20
-748.87000000
30
0.00000000
0
VERTEX
8
Feedline
10
2678.57000000
20
-818.23500000
30
0.00000000
0
VERTEX
8
Feedline
10
2678.42600000
20
-818.37300000
30
0.00000000
0
VERTEX
8
Feedline
10
2678.27400000
20
-818.50700000
30
0.00000000
0
VERTEX
8
Feedline
10
2678.11900000
20
-818.63400000
30
0.00000000
0
VERTEX
8
Feedline
10
2677.95700000
20
-818.75600000
30
0.00000000
0
VERTEX
8
Feedline
10
2677.79200000
20
-818.87100000
30
0.00000000
0
VERTEX
8
Feedline
10
2677.62100000
20
-818.97900000
30
0.00000000
0
VERTEX
8
Feedline
10
2677.44700000
20
-819.08000000
30
0.00000000
0
VERTEX
8
Feedline
10
2677.26800000
20
-819.17400000
30
0.00000000
0
VERTEX
8
Feedline
10
2677.08700000
20
-819.26100000
30
0.00000000
0
VERTEX
8
Feedline
10
2676.90200000
20
-819.34000000
30
0.00000000
0
VERTEX
8
Feedline
10
2676.71300000
20
-819.41300000
30
0.00000000
0
VERTEX
8
Feedline
10
2676.52200000
20
-819.47800000
30
0.00000000
0
VERTEX
8
Feedline
10
2676.32900000
20
-819.53400000
30
0.00000000
0
VERTEX
8
Feedline
10
2676.13300000
20
-819.58400000
30
0.00000000
0
VERTEX
8
Feedline
10
2675.93500000
20
-819.62500000
30
0.00000000
0
VERTEX
8
Feedline
10
2675.73700000
20
-819.65800000
30
0.00000000
0
VERTEX
8
Feedline
10
2675.53600000
20
-819.68400000
30
0.00000000
0
VERTEX
8
Feedline
10
2675.33300000
20
-819.70100000
30
0.00000000
0
VERTEX
8
Feedline
10
2675.13300000
20
-819.71000000
30
0.00000000
0
VERTEX
8
Feedline
10
2674.93200000
20
-819.71200000
30
0.00000000
0
VERTEX
8
Feedline
10
2674.73100000
20
-819.70500000
30
0.00000000
0
VERTEX
8
Feedline
10
2674.53000000
20
-819.69000000
30
0.00000000
0
VERTEX
8
Feedline
10
2674.32900000
20
-819.66800000
30
0.00000000
0
VERTEX
8
Feedline
10
2674.13000000
20
-819.63600000
30
0.00000000
0
VERTEX
8
Feedline
10
2673.93200000
20
-819.59800000
30
0.00000000
0
VERTEX
8
Feedline
10
2673.73600000
20
-819.55100000
30
0.00000000
0
VERTEX
8
Feedline
10
2673.54200000
20
-819.49700000
30
0.00000000
0
VERTEX
8
Feedline
10
2673.35100000
20
-819.43500000
30
0.00000000
0
VERTEX
8
Feedline
10
2673.16100000
20
-819.36600000
30
0.00000000
0
VERTEX
8
Feedline
10
2672.97500000
20
-819.28800000
30
0.00000000
0
VERTEX
8
Feedline
10
2672.79100000
20
-819.20400000
30
0.00000000
0
VERTEX
8
Feedline
10
2672.61200000
20
-819.11200000
30
0.00000000
0
VERTEX
8
Feedline
10
2672.43700000
20
-819.01300000
30
0.00000000
0
VERTEX
8
Feedline
10
2672.26500000
20
-818.90700000
30
0.00000000
0
VERTEX
8
Feedline
10
2672.09700000
20
-818.79500000
30
0.00000000
0
VERTEX
8
Feedline
10
2671.93500000
20
-818.67600000
30
0.00000000
0
VERTEX
8
Feedline
10
2671.77700000
20
-818.54900000
30
0.00000000
0
VERTEX
8
Feedline
10
2671.62500000
20
-818.41800000
30
0.00000000
0
VERTEX
8
Feedline
10
2671.47700000
20
-818.28000000
30
0.00000000
0
VERTEX
8
Feedline
10
2671.33600000
20
-818.13600000
30
0.00000000
0
VERTEX
8
Feedline
10
2671.19800000
20
-817.98600000
30
0.00000000
0
VERTEX
8
Feedline
10
2671.07000000
20
-817.83300000
30
0.00000000
0
VERTEX
8
Feedline
10
2670.94600000
20
-817.67400000
30
0.00000000
0
VERTEX
8
Feedline
10
2670.83000000
20
-817.50900000
30
0.00000000
0
VERTEX
8
Feedline
10
2670.71900000
20
-817.34100000
30
0.00000000
0
VERTEX
8
Feedline
10
2670.61600000
20
-817.16800000
30
0.00000000
0
VERTEX
8
Feedline
10
2670.51900000
20
-816.99100000
30
0.00000000
0
VERTEX
8
Feedline
10
2670.43000000
20
-816.81000000
30
0.00000000
0
VERTEX
8
Feedline
10
2670.34700000
20
-816.62600000
30
0.00000000
0
VERTEX
8
Feedline
10
2670.27200000
20
-816.43900000
30
0.00000000
0
VERTEX
8
Feedline
10
2670.20600000
20
-816.24900000
30
0.00000000
0
VERTEX
8
Feedline
10
2670.14600000
20
-816.05600000
30
0.00000000
0
VERTEX
8
Feedline
10
2670.09400000
20
-815.86100000
30
0.00000000
0
VERTEX
8
Feedline
10
2670.05000000
20
-815.66400000
30
0.00000000
0
VERTEX
8
Feedline
10
2670.01500000
20
-815.46500000
30
0.00000000
0
VERTEX
8
Feedline
10
2669.98600000
20
-815.26600000
30
0.00000000
0
VERTEX
8
Feedline
10
2669.96600000
20
-815.06500000
30
0.00000000
0
VERTEX
8
Feedline
10
2669.95400000
20
-814.86400000
30
0.00000000
0
VERTEX
8
Feedline
10
2669.95000000
20
-814.66200000
30
0.00000000
0
VERTEX
8
Feedline
10
2669.95000000
20
-496.46300000
30
0.00000000
0
VERTEX
8
Feedline
10
2669.95400000
20
-496.26600000
30
0.00000000
0
VERTEX
8
Feedline
10
2669.96500000
20
-496.06800000
30
0.00000000
0
VERTEX
8
Feedline
10
2669.98500000
20
-495.87000000
30
0.00000000
0
VERTEX
8
Feedline
10
2670.01300000
20
-495.67400000
30
0.00000000
0
VERTEX
8
Feedline
10
2670.04700000
20
-495.47900000
30
0.00000000
0
VERTEX
8
Feedline
10
2670.08900000
20
-495.28500000
30
0.00000000
0
VERTEX
8
Feedline
10
2670.14000000
20
-495.09300000
30
0.00000000
0
VERTEX
8
Feedline
10
2670.19700000
20
-494.90400000
30
0.00000000
0
VERTEX
8
Feedline
10
2670.26200000
20
-494.71700000
30
0.00000000
0
VERTEX
8
Feedline
10
2670.33500000
20
-494.53200000
30
0.00000000
0
VERTEX
8
Feedline
10
2670.41400000
20
-494.35000000
30
0.00000000
0
VERTEX
8
Feedline
10
2670.50100000
20
-494.17100000
30
0.00000000
0
VERTEX
8
Feedline
10
2670.59400000
20
-493.99700000
30
0.00000000
0
VERTEX
8
Feedline
10
2670.69400000
20
-493.82600000
30
0.00000000
0
VERTEX
8
Feedline
10
2670.80100000
20
-493.65800000
30
0.00000000
0
VERTEX
8
Feedline
10
2670.91500000
20
-493.49600000
30
0.00000000
0
VERTEX
8
Feedline
10
2671.03400000
20
-493.33800000
30
0.00000000
0
VERTEX
8
Feedline
10
2671.16000000
20
-493.18400000
30
0.00000000
0
VERTEX
8
Feedline
10
2671.29100000
20
-493.03600000
30
0.00000000
0
VERTEX
8
Feedline
10
2671.42800000
20
-492.89400000
30
0.00000000
0
VERTEX
8
Feedline
10
2758.47000000
20
-405.85200000
30
0.00000000
0
VERTEX
8
Feedline
10
2747.93400000
20
-395.31700000
30
0.00000000
0
VERTEX
8
Feedline
10
2678.57000000
20
-464.68100000
30
0.00000000
0
VERTEX
8
Feedline
10
2678.42600000
20
-464.82000000
30
0.00000000
0
VERTEX
8
Feedline
10
2678.27400000
20
-464.95300000
30
0.00000000
0
VERTEX
8
Feedline
10
2678.11900000
20
-465.08100000
30
0.00000000
0
VERTEX
8
Feedline
10
2677.95700000
20
-465.20300000
30
0.00000000
0
VERTEX
8
Feedline
10
2677.79200000
20
-465.31700000
30
0.00000000
0
VERTEX
8
Feedline
10
2677.62100000
20
-465.42500000
30
0.00000000
0
VERTEX
8
Feedline
10
2677.44700000
20
-465.52700000
30
0.00000000
0
VERTEX
8
Feedline
10
2677.26800000
20
-465.62100000
30
0.00000000
0
VERTEX
8
Feedline
10
2677.08700000
20
-465.70800000
30
0.00000000
0
VERTEX
8
Feedline
10
2676.90200000
20
-465.78700000
30
0.00000000
0
VERTEX
8
Feedline
10
2676.71300000
20
-465.85900000
30
0.00000000
0
VERTEX
8
Feedline
10
2676.52200000
20
-465.92400000
30
0.00000000
0
VERTEX
8
Feedline
10
2676.32900000
20
-465.98100000
30
0.00000000
0
VERTEX
8
Feedline
10
2676.13300000
20
-466.03000000
30
0.00000000
0
VERTEX
8
Feedline
10
2675.93500000
20
-466.07100000
30
0.00000000
0
VERTEX
8
Feedline
10
2675.73700000
20
-466.10400000
30
0.00000000
0
VERTEX
8
Feedline
10
2675.53600000
20
-466.13000000
30
0.00000000
0
VERTEX
8
Feedline
10
2675.33300000
20
-466.14800000
30
0.00000000
0
VERTEX
8
Feedline
10
2675.13300000
20
-466.15700000
30
0.00000000
0
VERTEX
8
Feedline
10
2674.93200000
20
-466.15800000
30
0.00000000
0
VERTEX
8
Feedline
10
2674.73100000
20
-466.15200000
30
0.00000000
0
VERTEX
8
Feedline
10
2674.53000000
20
-466.13700000
30
0.00000000
0
VERTEX
8
Feedline
10
2674.32900000
20
-466.11500000
30
0.00000000
0
VERTEX
8
Feedline
10
2674.13000000
20
-466.08300000
30
0.00000000
0
VERTEX
8
Feedline
10
2673.93200000
20
-466.04500000
30
0.00000000
0
VERTEX
8
Feedline
10
2673.73600000
20
-465.99800000
30
0.00000000
0
VERTEX
8
Feedline
10
2673.54200000
20
-465.94400000
30
0.00000000
0
VERTEX
8
Feedline
10
2673.35100000
20
-465.88100000
30
0.00000000
0
VERTEX
8
Feedline
10
2673.16100000
20
-465.81200000
30
0.00000000
0
VERTEX
8
Feedline
10
2672.97500000
20
-465.73500000
30
0.00000000
0
VERTEX
8
Feedline
10
2672.79100000
20
-465.65000000
30
0.00000000
0
VERTEX
8
Feedline
10
2672.61200000
20
-465.55800000
30
0.00000000
0
VERTEX
8
Feedline
10
2672.43700000
20
-465.46000000
30
0.00000000
0
VERTEX
8
Feedline
10
2672.26500000
20
-465.35400000
30
0.00000000
0
VERTEX
8
Feedline
10
2672.09700000
20
-465.24100000
30
0.00000000
0
VERTEX
8
Feedline
10
2671.93500000
20
-465.12200000
30
0.00000000
0
VERTEX
8
Feedline
10
2671.77700000
20
-464.99600000
30
0.00000000
0
VERTEX
8
Feedline
10
2671.62500000
20
-464.86400000
30
0.00000000
0
VERTEX
8
Feedline
10
2671.47700000
20
-464.72700000
30
0.00000000
0
VERTEX
8
Feedline
10
2671.33600000
20
-464.58300000
30
0.00000000
0
VERTEX
8
Feedline
10
2671.19800000
20
-464.43200000
30
0.00000000
0
VERTEX
8
Feedline
10
2671.07000000
20
-464.27900000
30
0.00000000
0
VERTEX
8
Feedline
10
2670.94600000
20
-464.12100000
30
0.00000000
0
VERTEX
8
Feedline
10
2670.83000000
20
-463.95600000
30
0.00000000
0
VERTEX
8
Feedline
10
2670.71900000
20
-463.78800000
30
0.00000000
0
VERTEX
8
Feedline
10
2670.61600000
20
-463.61500000
30
0.00000000
0
VERTEX
8
Feedline
10
2670.51900000
20
-463.43700000
30
0.00000000
0
VERTEX
8
Feedline
10
2670.43000000
20
-463.25600000
30
0.00000000
0
VERTEX
8
Feedline
10
2670.34700000
20
-463.07300000
30
0.00000000
0
VERTEX
8
Feedline
10
2670.27200000
20
-462.88500000
30
0.00000000
0
VERTEX
8
Feedline
10
2670.20600000
20
-462.69500000
30
0.00000000
0
VERTEX
8
Feedline
10
2670.14600000
20
-462.50200000
30
0.00000000
0
VERTEX
8
Feedline
10
2670.09400000
20
-462.30700000
30
0.00000000
0
VERTEX
8
Feedline
10
2670.05000000
20
-462.11100000
30
0.00000000
0
VERTEX
8
Feedline
10
2670.01500000
20
-461.91200000
30
0.00000000
0
VERTEX
8
Feedline
10
2669.98600000
20
-461.71200000
30
0.00000000
0
VERTEX
8
Feedline
10
2669.96600000
20
-461.51200000
30
0.00000000
0
VERTEX
8
Feedline
10
2669.95400000
20
-461.31000000
30
0.00000000
0
VERTEX
8
Feedline
10
2669.95000000
20
-461.11000000
30
0.00000000
0
VERTEX
8
Feedline
10
2669.95000000
20
742.89300000
30
0.00000000
0
VERTEX
8
Feedline
10
2659.05000000
20
742.89300000
30
0.00000000
0
VERTEX
8
Feedline
10
2659.05000000
20
-202.04400000
30
0.00000000
0
VERTEX
8
Feedline
10
2659.04600000
20
-202.91300000
30
0.00000000
0
VERTEX
8
Feedline
10
2659.03500000
20
-203.78300000
30
0.00000000
0
VERTEX
8
Feedline
10
2659.01600000
20
-204.65200000
30
0.00000000
0
VERTEX
8
Feedline
10
2658.99000000
20
-205.52200000
30
0.00000000
0
VERTEX
8
Feedline
10
2658.95600000
20
-206.39100000
30
0.00000000
0
VERTEX
8
Feedline
10
2658.91400000
20
-207.26000000
30
0.00000000
0
VERTEX
8
Feedline
10
2658.86500000
20
-208.12800000
30
0.00000000
0
VERTEX
8
Feedline
10
2658.80800000
20
-208.99600000
30
0.00000000
0
VERTEX
8
Feedline
10
2658.74400000
20
-209.86400000
30
0.00000000
0
VERTEX
8
Feedline
10
2658.67200000
20
-210.73000000
30
0.00000000
0
VERTEX
8
Feedline
10
2658.59300000
20
-211.59700000
30
0.00000000
0
VERTEX
8
Feedline
10
2658.50600000
20
-212.46200000
30
0.00000000
0
VERTEX
8
Feedline
10
2658.41200000
20
-213.32700000
30
0.00000000
0
VERTEX
8
Feedline
10
2658.31000000
20
-214.19100000
30
0.00000000
0
VERTEX
8
Feedline
10
2658.20100000
20
-215.05400000
30
0.00000000
0
VERTEX
8
Feedline
10
2658.08400000
20
-215.91500000
30
0.00000000
0
VERTEX
8
Feedline
10
2653.00800000
20
-252.17100000
30
0.00000000
0
VERTEX
8
Feedline
10
2652.89900000
20
-252.97900000
30
0.00000000
0
VERTEX
8
Feedline
10
2652.78800000
20
-253.85700000
30
0.00000000
0
VERTEX
8
Feedline
10
2652.68600000
20
-254.71900000
30
0.00000000
0
VERTEX
8
Feedline
10
2652.59200000
20
-255.58100000
30
0.00000000
0
VERTEX
8
Feedline
10
2652.50600000
20
-256.44500000
30
0.00000000
0
VERTEX
8
Feedline
10
2652.42700000
20
-257.30900000
30
0.00000000
0
VERTEX
8
Feedline
10
2652.35500000
20
-258.17500000
30
0.00000000
0
VERTEX
8
Feedline
10
2652.29100000
20
-259.04000000
30
0.00000000
0
VERTEX
8
Feedline
10
2652.23400000
20
-259.90600000
30
0.00000000
0
VERTEX
8
Feedline
10
2652.18600000
20
-260.77200000
30
0.00000000
0
VERTEX
8
Feedline
10
2652.14400000
20
-261.63200000
30
0.00000000
0
VERTEX
8
Feedline
10
2652.11000000
20
-262.50100000
30
0.00000000
0
VERTEX
8
Feedline
10
2652.08400000
20
-263.37300000
30
0.00000000
0
VERTEX
8
Feedline
10
2652.06500000
20
-264.24100000
30
0.00000000
0
VERTEX
8
Feedline
10
2652.05400000
20
-265.10800000
30
0.00000000
0
VERTEX
8
Feedline
10
2652.05000000
20
-265.97600000
30
0.00000000
0
VERTEX
8
Feedline
10
2652.05000000
20
-458.20900000
30
0.00000000
0
VERTEX
8
Feedline
10
2652.05400000
20
-458.56400000
30
0.00000000
0
VERTEX
8
Feedline
10
2652.06600000
20
-458.91800000
30
0.00000000
0
VERTEX
8
Feedline
10
2652.08600000
20
-459.27200000
30
0.00000000
0
VERTEX
8
Feedline
10
2652.11300000
20
-459.62600000
30
0.00000000
0
VERTEX
8
Feedline
10
2652.14900000
20
-459.97800000
30
0.00000000
0
VERTEX
8
Feedline
10
2652.19200000
20
-460.33000000
30
0.00000000
0
VERTEX
8
Feedline
10
2652.24200000
20
-460.68100000
30
0.00000000
0
VERTEX
8
Feedline
10
2652.30100000
20
-461.03100000
30
0.00000000
0
VERTEX
8
Feedline
10
2652.36800000
20
-461.37900000
30
0.00000000
0
VERTEX
8
Feedline
10
2652.44300000
20
-461.72600000
30
0.00000000
0
VERTEX
8
Feedline
10
2652.52500000
20
-462.07100000
30
0.00000000
0
VERTEX
8
Feedline
10
2652.61400000
20
-462.41400000
30
0.00000000
0
VERTEX
8
Feedline
10
2652.71100000
20
-462.75500000
30
0.00000000
0
VERTEX
8
Feedline
10
2652.81700000
20
-463.09300000
30
0.00000000
0
VERTEX
8
Feedline
10
2652.92800000
20
-463.43000000
30
0.00000000
0
VERTEX
8
Feedline
10
2653.04800000
20
-463.76300000
30
0.00000000
0
VERTEX
8
Feedline
10
2653.17500000
20
-464.09400000
30
0.00000000
0
VERTEX
8
Feedline
10
2653.31000000
20
-464.42300000
30
0.00000000
0
VERTEX
8
Feedline
10
2653.45200000
20
-464.74800000
30
0.00000000
0
VERTEX
8
Feedline
10
2653.60000000
20
-465.06800000
30
0.00000000
0
VERTEX
8
Feedline
10
2653.75700000
20
-465.38800000
30
0.00000000
0
VERTEX
8
Feedline
10
2653.92000000
20
-465.70400000
30
0.00000000
0
VERTEX
8
Feedline
10
2654.09000000
20
-466.01400000
30
0.00000000
0
VERTEX
8
Feedline
10
2654.26600000
20
-466.32100000
30
0.00000000
0
VERTEX
8
Feedline
10
2654.45000000
20
-466.62400000
30
0.00000000
0
VERTEX
8
Feedline
10
2654.64100000
20
-466.92300000
30
0.00000000
0
VERTEX
8
Feedline
10
2654.83700000
20
-467.21800000
30
0.00000000
0
VERTEX
8
Feedline
10
2655.04100000
20
-467.50800000
30
0.00000000
0
VERTEX
8
Feedline
10
2655.25100000
20
-467.79400000
30
0.00000000
0
VERTEX
8
Feedline
10
2655.47200000
20
-468.07900000
30
0.00000000
0
VERTEX
8
Feedline
10
2655.69000000
20
-468.35000000
30
0.00000000
0
VERTEX
8
Feedline
10
2655.91800000
20
-468.62100000
30
0.00000000
0
VERTEX
8
Feedline
10
2656.15200000
20
-468.88800000
30
0.00000000
0
VERTEX
8
Feedline
10
2656.39200000
20
-469.14900000
30
0.00000000
0
VERTEX
8
Feedline
10
2656.63900000
20
-469.40400000
30
0.00000000
0
VERTEX
8
Feedline
10
2656.89000000
20
-469.65300000
30
0.00000000
0
VERTEX
8
Feedline
10
2657.14700000
20
-469.89700000
30
0.00000000
0
VERTEX
8
Feedline
10
2657.40900000
20
-470.13600000
30
0.00000000
0
VERTEX
8
Feedline
10
2657.67700000
20
-470.36900000
30
0.00000000
0
VERTEX
8
Feedline
10
2657.95100000
20
-470.59500000
30
0.00000000
0
VERTEX
8
Feedline
10
2658.22800000
20
-470.81500000
30
0.00000000
0
VERTEX
8
Feedline
10
2658.51100000
20
-471.02900000
30
0.00000000
0
VERTEX
8
Feedline
10
2658.79800000
20
-471.23700000
30
0.00000000
0
VERTEX
8
Feedline
10
2659.09000000
20
-471.43900000
30
0.00000000
0
VERTEX
8
Feedline
10
2659.38600000
20
-471.63300000
30
0.00000000
0
VERTEX
8
Feedline
10
2659.68600000
20
-471.82100000
30
0.00000000
0
VERTEX
8
Feedline
10
2659.99500000
20
-472.00500000
30
0.00000000
0
VERTEX
8
Feedline
10
2660.29900000
20
-472.17700000
30
0.00000000
0
VERTEX
8
Feedline
10
2660.61200000
20
-472.34500000
30
0.00000000
0
VERTEX
8
Feedline
10
2660.92800000
20
-472.50500000
30
0.00000000
0
VERTEX
8
Feedline
10
2661.24700000
20
-472.66000000
30
0.00000000
0
VERTEX
8
Feedline
10
2661.57400000
20
-472.80800000
30
0.00000000
0
VERTEX
8
Feedline
10
2661.89600000
20
-472.94500000
30
0.00000000
0
VERTEX
8
Feedline
10
2662.22500000
20
-473.07700000
30
0.00000000
0
VERTEX
8
Feedline
10
2662.55700000
20
-473.20200000
30
0.00000000
0
VERTEX
8
Feedline
10
2662.89200000
20
-473.31900000
30
0.00000000
0
VERTEX
8
Feedline
10
2663.22900000
20
-473.42900000
30
0.00000000
0
VERTEX
8
Feedline
10
2663.57000000
20
-473.53100000
30
0.00000000
0
VERTEX
8
Feedline
10
2663.91000000
20
-473.62600000
30
0.00000000
0
VERTEX
8
Feedline
10
2664.25400000
20
-473.71300000
30
0.00000000
0
VERTEX
8
Feedline
10
2664.59900000
20
-473.79200000
30
0.00000000
0
VERTEX
8
Feedline
10
2664.94700000
20
-473.86400000
30
0.00000000
0
VERTEX
8
Feedline
10
2665.29600000
20
-473.92900000
30
0.00000000
0
VERTEX
8
Feedline
10
2665.64500000
20
-473.98500000
30
0.00000000
0
VERTEX
8
Feedline
10
2665.99600000
20
-474.03300000
30
0.00000000
0
VERTEX
8
Feedline
10
2666.34800000
20
-474.07300000
30
0.00000000
0
VERTEX
8
Feedline
10
2666.70100000
20
-474.10600000
30
0.00000000
0
VERTEX
8
Feedline
10
2667.05900000
20
-474.13100000
30
0.00000000
0
VERTEX
8
Feedline
10
2667.40900000
20
-474.14800000
30
0.00000000
0
VERTEX
8
Feedline
10
2667.76400000
20
-474.15800000
30
0.00000000
0
VERTEX
8
Feedline
10
2668.11900000
20
-474.15900000
30
0.00000000
0
VERTEX
8
Feedline
10
2668.47300000
20
-474.15200000
30
0.00000000
0
VERTEX
8
Feedline
10
2668.82600000
20
-474.13800000
30
0.00000000
0
VERTEX
8
Feedline
10
2669.18000000
20
-474.11500000
30
0.00000000
0
VERTEX
8
Feedline
10
2669.53400000
20
-474.08500000
30
0.00000000
0
VERTEX
8
Feedline
10
2669.90100000
20
-474.04500000
30
0.00000000
0
VERTEX
8
Feedline
10
2670.23800000
20
-474.00100000
30
0.00000000
0
VERTEX
8
Feedline
10
2670.59400000
20
-473.94700000
30
0.00000000
0
VERTEX
8
Feedline
10
2670.93800000
20
-473.88700000
30
0.00000000
0
VERTEX
8
Feedline
10
2671.29100000
20
-473.81600000
30
0.00000000
0
VERTEX
8
Feedline
10
2671.63200000
20
-473.74000000
30
0.00000000
0
VERTEX
8
Feedline
10
2671.97600000
20
-473.65600000
30
0.00000000
0
VERTEX
8
Feedline
10
2672.31900000
20
-473.56400000
30
0.00000000
0
VERTEX
8
Feedline
10
2672.65800000
20
-473.46400000
30
0.00000000
0
VERTEX
8
Feedline
10
2672.99600000
20
-473.35600000
30
0.00000000
0
VERTEX
8
Feedline
10
2673.33100000
20
-473.24200000
30
0.00000000
0
VERTEX
8
Feedline
10
2673.66400000
20
-473.11900000
30
0.00000000
0
VERTEX
8
Feedline
10
2673.99400000
20
-472.99000000
30
0.00000000
0
VERTEX
8
Feedline
10
2674.32900000
20
-472.84900000
30
0.00000000
0
VERTEX
8
Feedline
10
2674.64500000
20
-472.70900000
30
0.00000000
0
VERTEX
8
Feedline
10
2674.96600000
20
-472.55800000
30
0.00000000
0
VERTEX
8
Feedline
10
2675.28300000
20
-472.39900000
30
0.00000000
0
VERTEX
8
Feedline
10
2675.59700000
20
-472.23400000
30
0.00000000
0
VERTEX
8
Feedline
10
2675.90600000
20
-472.06200000
30
0.00000000
0
VERTEX
8
Feedline
10
2676.21200000
20
-471.88200000
30
0.00000000
0
VERTEX
8
Feedline
10
2676.52200000
20
-471.69200000
30
0.00000000
0
VERTEX
8
Feedline
10
2676.81200000
20
-471.50400000
30
0.00000000
0
VERTEX
8
Feedline
10
2677.10500000
20
-471.30500000
30
0.00000000
0
VERTEX
8
Feedline
10
2677.39500000
20
-471.10000000
30
0.00000000
0
VERTEX
8
Feedline
10
2677.67900000
20
-470.88700000
30
0.00000000
0
VERTEX
8
Feedline
10
2677.95800000
20
-470.66900000
30
0.00000000
0
VERTEX
8
Feedline
10
2678.23200000
20
-470.44500000
30
0.00000000
0
VERTEX
8
Feedline
10
2678.50300000
20
-470.21300000
30
0.00000000
0
VERTEX
8
Feedline
10
2678.76600000
20
-469.97800000
30
0.00000000
0
VERTEX
8
Feedline
10
2679.02400000
20
-469.73600000
30
0.00000000
0
VERTEX
8
Feedline
10
2679.27900000
20
-469.48700000
30
0.00000000
0
VERTEX
8
Feedline
10
2750.05600000
20
-398.71000000
30
0.00000000
0
VERTEX
8
Feedline
10
2755.07600000
20
-403.73100000
30
0.00000000
0
VERTEX
8
Feedline
10
2656.72200000
20
-502.08500000
30
0.00000000
0
VERTEX
8
Feedline
10
2656.47800000
20
-502.33400000
30
0.00000000
0
VERTEX
8
Feedline
10
2656.24100000
20
-502.58800000
30
0.00000000
0
VERTEX
8
Feedline
10
2656.00900000
20
-502.84700000
30
0.00000000
0
VERTEX
8
Feedline
10
2655.78100000
20
-503.11100000
30
0.00000000
0
VERTEX
8
Feedline
10
2655.56100000
20
-503.38000000
30
0.00000000
0
VERTEX
8
Feedline
10
2655.34600000
20
-503.65300000
30
0.00000000
0
VERTEX
8
Feedline
10
2655.13700000
20
-503.93300000
30
0.00000000
0
VERTEX
8
Feedline
10
2654.93500000
20
-504.21500000
30
0.00000000
0
VERTEX
8
Feedline
10
2654.73800000
20
-504.50200000
30
0.00000000
0
VERTEX
8
Feedline
10
2654.54800000
20
-504.79400000
30
0.00000000
0
VERTEX
8
Feedline
10
2654.36400000
20
-505.08900000
30
0.00000000
0
VERTEX
8
Feedline
10
2654.18200000
20
-505.39800000
30
0.00000000
0
VERTEX
8
Feedline
10
2654.01600000
20
-505.69200000
30
0.00000000
0
VERTEX
8
Feedline
10
2653.85200000
20
-505.99900000
30
0.00000000
0
VERTEX
8
Feedline
10
2653.69500000
20
-506.30900000
30
0.00000000
0
VERTEX
8
Feedline
10
2653.54400000
20
-506.62300000
30
0.00000000
0
VERTEX
8
Feedline
10
2653.40100000
20
-506.94000000
30
0.00000000
0
VERTEX
8
Feedline
10
2653.26400000
20
-507.26000000
30
0.00000000
0
VERTEX
8
Feedline
10
2653.13500000
20
-507.58300000
30
0.00000000
0
VERTEX
8
Feedline
10
2653.01200000
20
-507.90800000
30
0.00000000
0
VERTEX
8
Feedline
10
2652.89600000
20
-508.23700000
30
0.00000000
0
VERTEX
8
Feedline
10
2652.78800000
20
-508.57000000
30
0.00000000
0
VERTEX
8
Feedline
10
2652.68600000
20
-508.90400000
30
0.00000000
0
VERTEX
8
Feedline
10
2652.59200000
20
-509.23900000
30
0.00000000
0
VERTEX
8
Feedline
10
2652.50600000
20
-509.58100000
30
0.00000000
0
VERTEX
8
Feedline
10
2652.42700000
20
-509.91700000
30
0.00000000
0
VERTEX
8
Feedline
10
2652.35500000
20
-510.25700000
30
0.00000000
0
VERTEX
8
Feedline
10
2652.29100000
20
-510.60000000
30
0.00000000
0
VERTEX
8
Feedline
10
2652.23400000
20
-510.94500000
30
0.00000000
0
VERTEX
8
Feedline
10
2652.18600000
20
-511.29000000
30
0.00000000
0
VERTEX
8
Feedline
10
2652.14500000
20
-511.62700000
30
0.00000000
0
VERTEX
8
Feedline
10
2652.11100000
20
-511.97300000
30
0.00000000
0
VERTEX
8
Feedline
10
2652.08400000
20
-512.32000000
30
0.00000000
0
VERTEX
8
Feedline
10
2652.06500000
20
-512.66800000
30
0.00000000
0
VERTEX
8
Feedline
10
2652.05400000
20
-513.01600000
30
0.00000000
0
VERTEX
8
Feedline
10
2652.05000000
20
-513.36400000
30
0.00000000
0
VERTEX
8
Feedline
10
2652.05000000
20
-811.76300000
30
0.00000000
0
VERTEX
8
Feedline
10
2652.05400000
20
-812.11700000
30
0.00000000
0
VERTEX
8
Feedline
10
2652.06600000
20
-812.47200000
30
0.00000000
0
VERTEX
8
Feedline
10
2652.08600000
20
-812.82600000
30
0.00000000
0
VERTEX
8
Feedline
10
2652.11300000
20
-813.17900000
30
0.00000000
0
VERTEX
8
Feedline
10
2652.14900000
20
-813.53100000
30
0.00000000
0
VERTEX
8
Feedline
10
2652.19200000
20
-813.88300000
30
0.00000000
0
VERTEX
8
Feedline
10
2652.24200000
20
-814.23400000
30
0.00000000
0
VERTEX
8
Feedline
10
2652.30100000
20
-814.58400000
30
0.00000000
0
VERTEX
8
Feedline
10
2652.36800000
20
-814.93200000
30
0.00000000
0
VERTEX
8
Feedline
10
2652.44300000
20
-815.27900000
30
0.00000000
0
VERTEX
8
Feedline
10
2652.52500000
20
-815.62400000
30
0.00000000
0
VERTEX
8
Feedline
10
2652.61400000
20
-815.96700000
30
0.00000000
0
VERTEX
8
Feedline
10
2652.71100000
20
-816.30800000
30
0.00000000
0
VERTEX
8
Feedline
10
2652.81700000
20
-816.64700000
30
0.00000000
0
VERTEX
8
Feedline
10
2652.92800000
20
-816.98300000
30
0.00000000
0
VERTEX
8
Feedline
10
2653.04800000
20
-817.31700000
30
0.00000000
0
VERTEX
8
Feedline
10
2653.17500000
20
-817.64800000
30
0.00000000
0
VERTEX
8
Feedline
10
2653.31000000
20
-817.97600000
30
0.00000000
0
VERTEX
8
Feedline
10
2653.45200000
20
-818.30100000
30
0.00000000
0
VERTEX
8
Feedline
10
2653.60000000
20
-818.62200000
30
0.00000000
0
VERTEX
8
Feedline
10
2653.75700000
20
-818.94100000
30
0.00000000
0
VERTEX
8
Feedline
10
2653.92000000
20
-819.25800000
30
0.00000000
0
VERTEX
8
Feedline
10
2654.09000000
20
-819.56700000
30
0.00000000
0
VERTEX
8
Feedline
10
2654.26600000
20
-819.87400000
30
0.00000000
0
VERTEX
8
Feedline
10
2654.45000000
20
-820.17700000
30
0.00000000
0
VERTEX
8
Feedline
10
2654.64100000
20
-820.47600000
30
0.00000000
0
VERTEX
8
Feedline
10
2654.83700000
20
-820.77100000
30
0.00000000
0
VERTEX
8
Feedline
10
2655.04100000
20
-821.06100000
30
0.00000000
0
VERTEX
8
Feedline
10
2655.25100000
20
-821.34700000
30
0.00000000
0
VERTEX
8
Feedline
10
2655.47200000
20
-821.63300000
30
0.00000000
0
VERTEX
8
Feedline
10
2655.69000000
20
-821.90400000
30
0.00000000
0
VERTEX
8
Feedline
10
2655.91800000
20
-822.17500000
30
0.00000000
0
VERTEX
8
Feedline
10
2656.15200000
20
-822.44200000
30
0.00000000
0
VERTEX
8
Feedline
10
2656.39200000
20
-822.70200000
30
0.00000000
0
VERTEX
8
Feedline
10
2656.63900000
20
-822.95700000
30
0.00000000
0
VERTEX
8
Feedline
10
2656.89000000
20
-823.20700000
30
0.00000000
0
VERTEX
8
Feedline
10
2657.14700000
20
-823.45100000
30
0.00000000
0
VERTEX
8
Feedline
10
2657.40900000
20
-823.69000000
30
0.00000000
0
VERTEX
8
Feedline
10
2657.67700000
20
-823.92200000
30
0.00000000
0
VERTEX
8
Feedline
10
2657.95100000
20
-824.14800000
30
0.00000000
0
VERTEX
8
Feedline
10
2658.22800000
20
-824.36800000
30
0.00000000
0
VERTEX
8
Feedline
10
2658.51100000
20
-824.58300000
30
0.00000000
0
VERTEX
8
Feedline
10
2658.79800000
20
-824.79000000
30
0.00000000
0
VERTEX
8
Feedline
10
2659.09000000
20
-824.99200000
30
0.00000000
0
VERTEX
8
Feedline
10
2659.38600000
20
-825.18700000
30
0.00000000
0
VERTEX
8
Feedline
10
2659.68600000
20
-825.37400000
30
0.00000000
0
VERTEX
8
Feedline
10
2659.99500000
20
-825.55800000
30
0.00000000
0
VERTEX
8
Feedline
10
2660.29900000
20
-825.73000000
30
0.00000000
0
VERTEX
8
Feedline
10
2660.61200000
20
-825.89900000
30
0.00000000
0
VERTEX
8
Feedline
10
2660.92800000
20
-826.05900000
30
0.00000000
0
VERTEX
8
Feedline
10
2661.24700000
20
-826.21300000
30
0.00000000
0
VERTEX
8
Feedline
10
2661.57400000
20
-826.36100000
30
0.00000000
0
VERTEX
8
Feedline
10
2661.89600000
20
-826.49900000
30
0.00000000
0
VERTEX
8
Feedline
10
2662.22500000
20
-826.63000000
30
0.00000000
0
VERTEX
8
Feedline
10
2662.55700000
20
-826.75500000
30
0.00000000
0
VERTEX
8
Feedline
10
2662.89200000
20
-826.87300000
30
0.00000000
0
VERTEX
8
Feedline
10
2663.22900000
20
-826.98200000
30
0.00000000
0
VERTEX
8
Feedline
10
2663.57000000
20
-827.08500000
30
0.00000000
0
VERTEX
8
Feedline
10
2663.91000000
20
-827.18000000
30
0.00000000
0
VERTEX
8
Feedline
10
2664.25400000
20
-827.26600000
30
0.00000000
0
VERTEX
8
Feedline
10
2664.59900000
20
-827.34600000
30
0.00000000
0
VERTEX
8
Feedline
10
2664.94700000
20
-827.41800000
30
0.00000000
0
VERTEX
8
Feedline
10
2665.29600000
20
-827.48200000
30
0.00000000
0
VERTEX
8
Feedline
10
2665.64500000
20
-827.53800000
30
0.00000000
0
VERTEX
8
Feedline
10
2665.99600000
20
-827.58600000
30
0.00000000
0
VERTEX
8
Feedline
10
2666.34800000
20
-827.62700000
30
0.00000000
0
VERTEX
8
Feedline
10
2666.70100000
20
-827.66000000
30
0.00000000
0
VERTEX
8
Feedline
10
2667.05900000
20
-827.68500000
30
0.00000000
0
VERTEX
8
Feedline
10
2667.40900000
20
-827.70200000
30
0.00000000
0
VERTEX
8
Feedline
10
2667.76400000
20
-827.71100000
30
0.00000000
0
VERTEX
8
Feedline
10
2668.11900000
20
-827.71200000
30
0.00000000
0
VERTEX
8
Feedline
10
2668.47300000
20
-827.70600000
30
0.00000000
0
VERTEX
8
Feedline
10
2668.82600000
20
-827.69100000
30
0.00000000
0
VERTEX
8
Feedline
10
2669.18000000
20
-827.66900000
30
0.00000000
0
VERTEX
8
Feedline
10
2669.53400000
20
-827.63800000
30
0.00000000
0
VERTEX
8
Feedline
10
2669.88600000
20
-827.60000000
30
0.00000000
0
VERTEX
8
Feedline
10
2670.24500000
20
-827.55300000
30
0.00000000
0
VERTEX
8
Feedline
10
2670.59400000
20
-827.50100000
30
0.00000000
0
VERTEX
8
Feedline
10
2670.93800000
20
-827.44000000
30
0.00000000
0
VERTEX
8
Feedline
10
2671.29100000
20
-827.37000000
30
0.00000000
0
VERTEX
8
Feedline
10
2671.63200000
20
-827.29300000
30
0.00000000
0
VERTEX
8
Feedline
10
2671.97600000
20
-827.21000000
30
0.00000000
0
VERTEX
8
Feedline
10
2672.31900000
20
-827.11700000
30
0.00000000
0
VERTEX
8
Feedline
10
2672.65800000
20
-827.01700000
30
0.00000000
0
VERTEX
8
Feedline
10
2672.99600000
20
-826.90900000
30
0.00000000
0
VERTEX
8
Feedline
10
2673.33100000
20
-826.79500000
30
0.00000000
0
VERTEX
8
Feedline
10
2673.66400000
20
-826.67300000
30
0.00000000
0
VERTEX
8
Feedline
10
2673.99400000
20
-826.54400000
30
0.00000000
0
VERTEX
8
Feedline
10
2674.32900000
20
-826.40200000
30
0.00000000
0
VERTEX
8
Feedline
10
2674.64500000
20
-826.26300000
30
0.00000000
0
VERTEX
8
Feedline
10
2674.96600000
20
-826.11100000
30
0.00000000
0
VERTEX
8
Feedline
10
2675.28300000
20
-825.95200000
30
0.00000000
0
VERTEX
8
Feedline
10
2675.59700000
20
-825.78700000
30
0.00000000
0
VERTEX
8
Feedline
10
2675.90600000
20
-825.61500000
30
0.00000000
0
VERTEX
8
Feedline
10
2676.21200000
20
-825.43600000
30
0.00000000
0
VERTEX
8
Feedline
10
2676.52200000
20
-825.24500000
30
0.00000000
0
VERTEX
8
Feedline
10
2676.81200000
20
-825.05700000
30
0.00000000
0
VERTEX
8
Feedline
10
2677.10500000
20
-824.85800000
30
0.00000000
0
VERTEX
8
Feedline
10
2677.39500000
20
-824.65300000
30
0.00000000
0
VERTEX
8
Feedline
10
2677.67900000
20
-824.44000000
30
0.00000000
0
VERTEX
8
Feedline
10
2677.95800000
20
-824.22200000
30
0.00000000
0
VERTEX
8
Feedline
10
2678.23200000
20
-823.99800000
30
0.00000000
0
VERTEX
8
Feedline
10
2678.50300000
20
-823.76600000
30
0.00000000
0
VERTEX
8
Feedline
10
2678.76600000
20
-823.53100000
30
0.00000000
0
VERTEX
8
Feedline
10
2679.02400000
20
-823.28900000
30
0.00000000
0
VERTEX
8
Feedline
10
2679.27900000
20
-823.04000000
30
0.00000000
0
VERTEX
8
Feedline
10
2750.05600000
20
-752.26300000
30
0.00000000
0
VERTEX
8
Feedline
10
2755.07600000
20
-757.28400000
30
0.00000000
0
VERTEX
8
Feedline
10
2656.72200000
20
-855.63800000
30
0.00000000
0
VERTEX
8
Feedline
10
2656.47800000
20
-855.88800000
30
0.00000000
0
VERTEX
8
Feedline
10
2656.24100000
20
-856.14200000
30
0.00000000
0
VERTEX
8
Feedline
10
2656.00900000
20
-856.40000000
30
0.00000000
0
VERTEX
8
Feedline
10
2655.78100000
20
-856.66400000
30
0.00000000
0
VERTEX
8
Feedline
10
2655.56100000
20
-856.93300000
30
0.00000000
0
VERTEX
8
Feedline
10
2655.34600000
20
-857.20700000
30
0.00000000
0
VERTEX
8
Feedline
10
2655.13700000
20
-857.48600000
30
0.00000000
0
VERTEX
8
Feedline
10
2654.93500000
20
-857.76900000
30
0.00000000
0
VERTEX
8
Feedline
10
2654.73800000
20
-858.05600000
30
0.00000000
0
VERTEX
8
Feedline
10
2654.54800000
20
-858.34700000
30
0.00000000
0
VERTEX
8
Feedline
10
2654.36400000
20
-858.64300000
30
0.00000000
0
VERTEX
8
Feedline
10
2654.18700000
20
-858.94200000
30
0.00000000
0
VERTEX
8
Feedline
10
2654.01600000
20
-859.24500000
30
0.00000000
0
VERTEX
8
Feedline
10
2653.85200000
20
-859.55200000
30
0.00000000
0
VERTEX
8
Feedline
10
2653.69500000
20
-859.86200000
30
0.00000000
0
VERTEX
8
Feedline
10
2653.54400000
20
-860.17600000
30
0.00000000
0
VERTEX
8
Feedline
10
2653.40100000
20
-860.49300000
30
0.00000000
0
VERTEX
8
Feedline
10
2653.26400000
20
-860.81300000
30
0.00000000
0
VERTEX
8
Feedline
10
2653.13500000
20
-861.13600000
30
0.00000000
0
VERTEX
8
Feedline
10
2653.01200000
20
-861.46200000
30
0.00000000
0
VERTEX
8
Feedline
10
2652.89600000
20
-861.79000000
30
0.00000000
0
VERTEX
8
Feedline
10
2652.78800000
20
-862.12400000
30
0.00000000
0
VERTEX
8
Feedline
10
2652.68600000
20
-862.45800000
30
0.00000000
0
VERTEX
8
Feedline
10
2652.59200000
20
-862.79300000
30
0.00000000
0
VERTEX
8
Feedline
10
2652.50600000
20
-863.13400000
30
0.00000000
0
VERTEX
8
Feedline
10
2652.42700000
20
-863.47000000
30
0.00000000
0
VERTEX
8
Feedline
10
2652.35500000
20
-863.81100000
30
0.00000000
0
VERTEX
8
Feedline
10
2652.29100000
20
-864.15400000
30
0.00000000
0
VERTEX
8
Feedline
10
2652.23400000
20
-864.49800000
30
0.00000000
0
VERTEX
8
Feedline
10
2652.18600000
20
-864.84400000
30
0.00000000
0
VERTEX
8
Feedline
10
2652.14500000
20
-865.18000000
30
0.00000000
0
VERTEX
8
Feedline
10
2652.11100000
20
-865.52700000
30
0.00000000
0
VERTEX
8
Feedline
10
2652.08400000
20
-865.87400000
30
0.00000000
0
VERTEX
8
Feedline
10
2652.06500000
20
-866.22100000
30
0.00000000
0
VERTEX
8
Feedline
10
2652.05400000
20
-866.56900000
30
0.00000000
0
VERTEX
8
Feedline
10
2652.05000000
20
-866.91700000
30
0.00000000
0
SEQEND
8
Feedline
0
POLYLINE
8
Feedline
66
1
10
0.00000000
20
0.00000000
30
0.00000000
70
1
0
VERTEX
8
Feedline
10
-3299.95000000
20
-1774.95000000
30
0.00000000
0
VERTEX
8
Feedline
10
-2978.86800000
20
-1774.95000000
30
0.00000000
0
VERTEX
8
Feedline
10
-2978.23700000
20
-1774.94600000
30
0.00000000
0
VERTEX
8
Feedline
10
-2977.60600000
20
-1774.93400000
30
0.00000000
0
VERTEX
8
Feedline
10
-2976.97500000
20
-1774.91400000
30
0.00000000
0
VERTEX
8
Feedline
10
-2976.34500000
20
-1774.88600000
30
0.00000000
0
VERTEX
8
Feedline
10
-2975.71500000
20
-1774.85100000
30
0.00000000
0
VERTEX
8
Feedline
10
-2975.08600000
20
-1774.80700000
30
0.00000000
0
VERTEX
8
Feedline
10
-2974.45700000
20
-1774.75500000
30
0.00000000
0
VERTEX
8
Feedline
10
-2973.82900000
20
-1774.69600000
30
0.00000000
0
VERTEX
8
Feedline
10
-2973.20200000
20
-1774.62800000
30
0.00000000
0
VERTEX
8
Feedline
10
-2972.57600000
20
-1774.55300000
30
0.00000000
0
VERTEX
8
Feedline
10
-2971.95100000
20
-1774.46800000
30
0.00000000
0
VERTEX
8
Feedline
10
-2971.32600000
20
-1774.37700000
30
0.00000000
0
VERTEX
8
Feedline
10
-2970.70300000
20
-1774.27800000
30
0.00000000
0
VERTEX
8
Feedline
10
-2970.08100000
20
-1774.17100000
30
0.00000000
0
VERTEX
8
Feedline
10
-2969.46000000
20
-1774.05600000
30
0.00000000
0
VERTEX
8
Feedline
10
-2968.83900000
20
-1773.93300000
30
0.00000000
0
VERTEX
8
Feedline
10
-2968.21600000
20
-1773.80100000
30
0.00000000
0
VERTEX
8
Feedline
10
-2967.61000000
20
-1773.66500000
30
0.00000000
0
VERTEX
8
Feedline
10
-2966.99600000
20
-1773.51800000
30
0.00000000
0
VERTEX
8
Feedline
10
-2966.39600000
20
-1773.36800000
30
0.00000000
0
VERTEX
8
Feedline
10
-2965.78700000
20
-1773.20700000
30
0.00000000
0
VERTEX
8
Feedline
10
-2965.18000000
20
-1773.03800000
30
0.00000000
0
VERTEX
8
Feedline
10
-2964.57500000
20
-1772.86200000
30
0.00000000
0
VERTEX
8
Feedline
10
-2963.97300000
20
-1772.67700000
30
0.00000000
0
VERTEX
8
Feedline
10
-2963.37200000
20
-1772.48500000
30
0.00000000
0
VERTEX
8
Feedline
10
-2962.77400000
20
-1772.28700000
30
0.00000000
0
VERTEX
8
Feedline
10
-2962.17800000
20
-1772.08000000
30
0.00000000
0
VERTEX
8
Feedline
10
-2961.58600000
20
-1771.86500000
30
0.00000000
0
VERTEX
8
Feedline
10
-2960.99700000
20
-1771.64300000
30
0.00000000
0
VERTEX
8
Feedline
10
-2960.40900000
20
-1771.41400000
30
0.00000000
0
VERTEX
8
Feedline
10
-2959.82500000
20
-1771.17800000
30
0.00000000
0
VERTEX
8
Feedline
10
-2959.24400000
20
-1770.93400000
30
0.00000000
0
VERTEX
8
Feedline
10
-2958.66600000
20
-1770.68200000
30
0.00000000
0
VERTEX
8
Feedline
10
-2958.09100000
20
-1770.42400000
30
0.00000000
0
VERTEX
8
Feedline
10
-2957.52000000
20
-1770.15900000
30
0.00000000
0
VERTEX
8
Feedline
10
-2956.95200000
20
-1769.88500000
30
0.00000000
0
VERTEX
8
Feedline
10
-2956.38700000
20
-1769.60500000
30
0.00000000
0
VERTEX
8
Feedline
10
-2955.82600000
20
-1769.31800000
30
0.00000000
0
VERTEX
8
Feedline
10
-2955.26900000
20
-1769.02400000
30
0.00000000
0
VERTEX
8
Feedline
10
-2954.71500000
20
-1768.72300000
30
0.00000000
0
VERTEX
8
Feedline
10
-2954.16500000
20
-1768.41400000
30
0.00000000
0
VERTEX
8
Feedline
10
-2953.62000000
20
-1768.10000000
30
0.00000000
0
VERTEX
8
Feedline
10
-2953.07900000
20
-1767.77700000
30
0.00000000
0
VERTEX
8
Feedline
10
-2952.54000000
20
-1767.44800000
30
0.00000000
0
VERTEX
8
Feedline
10
-2952.00700000
20
-1767.11300000
30
0.00000000
0
VERTEX
8
Feedline
10
-2951.47800000
20
-1766.77100000
30
0.00000000
0
VERTEX
8
Feedline
10
-2950.95300000
20
-1766.42200000
30
0.00000000
0
VERTEX
8
Feedline
10
-2950.43200000
20
-1766.06700000
30
0.00000000
0
VERTEX
8
Feedline
10
-2949.91700000
20
-1765.70400000
30
0.00000000
0
VERTEX
8
Feedline
10
-2949.40500000
20
-1765.33600000
30
0.00000000
0
VERTEX
8
Feedline
10
-2948.89900000
20
-1764.96100000
30
0.00000000
0
VERTEX
8
Feedline
10
-2948.39700000
20
-1764.58000000
30
0.00000000
0
VERTEX
8
Feedline
10
-2947.90000000
20
-1764.19300000
30
0.00000000
0
VERTEX
8
Feedline
10
-2947.40800000
20
-1763.79800000
30
0.00000000
0
VERTEX
8
Feedline
10
-2946.92200000
20
-1763.39800000
30
0.00000000
0
VERTEX
8
Feedline
10
-2946.43900000
20
-1762.99300000
30
0.00000000
0
VERTEX
8
Feedline
10
-2945.96300000
20
-1762.58000000
30
0.00000000
0
VERTEX
8
Feedline
10
-2945.49100000
20
-1762.16200000
30
0.00000000
0
VERTEX
8
Feedline
10
-2945.02500000
20
-1761.73800000
30
0.00000000
0
VERTEX
8
Feedline
10
-2944.56400000
20
-1761.30800000
30
0.00000000
0
VERTEX
8
Feedline
10
-2944.10900000
20
-1760.87300000
30
0.00000000
0
VERTEX
8
Feedline
10
-2943.65900000
20
-1760.43100000
30
0.00000000
0
VERTEX
8
Feedline
10
-2943.21400000
20
-1759.98400000
30
0.00000000
0
VERTEX
8
Feedline
10
-2942.77600000
20
-1759.53100000
30
0.00000000
0
VERTEX
8
Feedline
10
-2942.34300000
20
-1759.07400000
30
0.00000000
0
VERTEX
8
Feedline
10
-2941.91700000
20
-1758.61000000
30
0.00000000
0
VERTEX
8
Feedline
10
-2941.49400000
20
-1758.13900000
30
0.00000000
0
VERTEX
8
Feedline
10
-2941.08100000
20
-1757.66700000
30
0.00000000
0
VERTEX
8
Feedline
10
-2940.67100000
20
-1757.18800000
30
0.00000000
0
VERTEX
8
Feedline
10
-2940.26800000
20
-1756.70300000
30
0.00000000
0
VERTEX
8
Feedline
10
-2939.87100000
20
-1756.21300000
30
0.00000000
0
VERTEX
8
Feedline
10
-2939.48000000
20
-1755.71900000
30
0.00000000
0
VERTEX
8
Feedline
10
-2939.09100000
20
-1755.21300000
30
0.00000000
0
VERTEX
8
Feedline
10
-2938.71800000
20
-1754.71500000
30
0.00000000
0
VERTEX
8
Feedline
10
-2938.34600000
20
-1754.20600000
30
0.00000000
0
VERTEX
8
Feedline
10
-2937.98100000
20
-1753.69300000
30
0.00000000
0
VERTEX
8
Feedline
10
-2937.62200000
20
-1753.17500000
30
0.00000000
0
VERTEX
8
Feedline
10
-2937.26900000
20
-1752.65200000
30
0.00000000
0
VERTEX
8
Feedline
10
-2936.92500000
20
-1752.12600000
30
0.00000000
0
VERTEX
8
Feedline
10
-2936.58500000
20
-1751.59400000
30
0.00000000
0
VERTEX
8
Feedline
10
-2936.25400000
20
-1751.05900000
30
0.00000000
0
VERTEX
8
Feedline
10
-2935.92800000
20
-1750.51800000
30
0.00000000
0
VERTEX
8
Feedline
10
-2935.60900000
20
-1749.97500000
30
0.00000000
0
VERTEX
8
Feedline
10
-2759.50100000
20
-1444.94800000
30
0.00000000
0
VERTEX
8
Feedline
10
-2759.19900000
20
-1444.43000000
30
0.00000000
0
VERTEX
8
Feedline
10
-2758.87300000
20
-1443.88900000
30
0.00000000
0
VERTEX
8
Feedline
10
-2758.53900000
20
-1443.35200000
30
0.00000000
0
VERTEX
8
Feedline
10
-2758.20000000
20
-1442.82000000
30
0.00000000
0
VERTEX
8
Feedline
10
-2757.85400000
20
-1442.29200000
30
0.00000000
0
VERTEX
8
Feedline
10
-2757.50100000
20
-1441.76900000
30
0.00000000
0
VERTEX
8
Feedline
10
-2757.14200000
20
-1441.24900000
30
0.00000000
0
VERTEX
8
Feedline
10
-2756.77600000
20
-1440.73500000
30
0.00000000
0
VERTEX
8
Feedline
10
-2756.40100000
20
-1440.22200000
30
0.00000000
0
VERTEX
8
Feedline
10
-2756.02400000
20
-1439.72000000
30
0.00000000
0
VERTEX
8
Feedline
10
-2755.63900000
20
-1439.21900000
30
0.00000000
0
VERTEX
8
Feedline
10
-2755.24700000
20
-1438.72400000
30
0.00000000
0
VERTEX
8
Feedline
10
-2754.85000000
20
-1438.23300000
30
0.00000000
0
VERTEX
8
Feedline
10
-2754.44600000
20
-1437.74800000
30
0.00000000
0
VERTEX
8
Feedline
10
-2754.03600000
20
-1437.26700000
30
0.00000000
0
VERTEX
8
Feedline
10
-2753.62000000
20
-1436.79300000
30
0.00000000
0
VERTEX
8
Feedline
10
-2753.19800000
20
-1436.32200000
30
0.00000000
0
VERTEX
8
Feedline
10
-2752.77100000
20
-1435.85800000
30
0.00000000
0
VERTEX
8
Feedline
10
-2752.33600000
20
-1435.39900000
30
0.00000000
0
VERTEX
8
Feedline
10
-2751.89700000
20
-1434.94600000
30
0.00000000
0
VERTEX
8
Feedline
10
-2751.45200000
20
-1434.49800000
30
0.00000000
0
VERTEX
8
Feedline
10
-2751.00200000
20
-1434.05500000
30
0.00000000
0
VERTEX
8
Feedline
10
-2750.54500000
20
-1433.61900000
30
0.00000000
0
VERTEX
8
Feedline
10
-2750.08300000
20
-1433.18800000
30
0.00000000
0
VERTEX
8
Feedline
10
-2749.61600000
20
-1432.76400000
30
0.00000000
0
VERTEX
8
Feedline
10
-2749.14400000
20
-1432.34400000
30
0.00000000
0
VERTEX
8
Feedline
10
-2748.66600000
20
-1431.93100000
30
0.00000000
0
VERTEX
8
Feedline
10
-2748.18300000
20
-1431.52500000
30
0.00000000
0
VERTEX
8
Feedline
10
-2747.69600000
20
-1431.12400000
30
0.00000000
0
VERTEX
8
Feedline
10
-2747.20200000
20
-1430.72900000
30
0.00000000
0
VERTEX
8
Feedline
10
-2746.70400000
20
-1430.34000000
30
0.00000000
0
VERTEX
8
Feedline
10
-2746.20100000
20
-1429.95900000
30
0.00000000
0
VERTEX
8
Feedline
10
-2745.69400000
20
-1429.58300000
30
0.00000000
0
VERTEX
8
Feedline
10
-2745.18200000
20
-1429.21400000
30
0.00000000
0
VERTEX
8
Feedline
10
-2744.66400000
20
-1428.85100000
30
0.00000000
0
VERTEX
8
Feedline
10
-2744.14300000
20
-1428.49500000
30
0.00000000
0
VERTEX
8
Feedline
10
-2743.61700000
20
-1428.14500000
30
0.00000000
0
VERTEX
8
Feedline
10
-2743.08700000
20
-1427.80300000
30
0.00000000
0
VERTEX
8
Feedline
10
-2742.55200000
20
-1427.46700000
30
0.00000000
0
VERTEX
8
Feedline
10
-2742.01400000
20
-1427.13700000
30
0.00000000
0
VERTEX
8
Feedline
10
-2741.47100000
20
-1426.81400000
30
0.00000000
0
VERTEX
8
Feedline
10
-2740.92400000
20
-1426.49900000
30
0.00000000
0
VERTEX
8
Feedline
10
-2740.37300000
20
-1426.18900000
30
0.00000000
0
VERTEX
8
Feedline
10
-2739.81900000
20
-1425.88800000
30
0.00000000
0
VERTEX
8
Feedline
10
-2739.26000000
20
-1425.59300000
30
0.00000000
0
VERTEX
8
Feedline
10
-2738.69800000
20
-1425.30500000
30
0.00000000
0
VERTEX
8
Feedline
10
-2738.13300000
20
-1425.02500000
30
0.00000000
0
VERTEX
8
Feedline
10
-2737.56300000
20
-1424.75100000
30
0.00000000
0
VERTEX
8
Feedline
10
-2736.99100000
20
-1424.48500000
30
0.00000000
0
VERTEX
8
Feedline
10
-2736.41500000
20
-1424.22600000
30
0.00000000
0
VERTEX
8
Feedline
10
-2735.83600000
20
-1423.97400000
30
0.00000000
0
VERTEX
8
Feedline
10
-2735.25300000
20
-1423.73000000
30
0.00000000
0
VERTEX
8
Feedline
10
-2734.66800000
20
-1423.49300000
30
0.00000000
0
VERTEX
8
Feedline
10
-2734.08000000
20
-1423.26300000
30
0.00000000
0
VERTEX
8
Feedline
10
-2733.48900000
20
-1423.04100000
30
0.00000000
0
VERTEX
8
Feedline
10
-2732.89500000
20
-1422.82600000
30
0.00000000
0
VERTEX
8
Feedline
10
-2732.29800000
20
-1422.61900000
30
0.00000000
0
VERTEX
8
Feedline
10
-2731.70000000
20
-1422.41900000
30
0.00000000
0
VERTEX
8
Feedline
10
-2731.09800000
20
-1422.22700000
30
0.00000000
0
VERTEX
8
Feedline
10
-2730.49400000
20
-1422.04200000
30
0.00000000
0
VERTEX
8
Feedline
10
-2729.88800000
20
-1421.86600000
30
0.00000000
0
VERTEX
8
Feedline
10
-2729.26600000
20
-1421.69300000
30
0.00000000
0
VERTEX
8
Feedline
10
-2728.66900000
20
-1421.53500000
30
0.00000000
0
VERTEX
8
Feedline
10
-2728.04500000
20
-1421.37900000
30
0.00000000
0
VERTEX
8
Feedline
10
-2727.43100000
20
-1421.23300000
30
0.00000000
0
VERTEX
8
Feedline
10
-2726.81500000
20
-1421.09500000
30
0.00000000
0
VERTEX
8
Feedline
10
-2726.19800000
20
-1420.96400000
30
0.00000000
0
VERTEX
8
Feedline
10
-2725.57900000
20
-1420.84200000
30
0.00000000
0
VERTEX
8
Feedline
10
-2724.95900000
20
-1420.72700000
30
0.00000000
0
VERTEX
8
Feedline
10
-2724.33700000
20
-1420.62000000
30
0.00000000
0
VERTEX
8
Feedline
10
-2723.71400000
20
-1420.52100000
30
0.00000000
0
VERTEX
8
Feedline
10
-2723.09000000
20
-1420.43100000
30
0.00000000
0
VERTEX
8
Feedline
10
-2722.46500000
20
-1420.34700000
30
0.00000000
0
VERTEX
8
Feedline
10
-2721.83900000
20
-1420.27200000
30
0.00000000
0
VERTEX
8
Feedline
10
-2721.21100000
20
-1420.20400000
30
0.00000000
0
VERTEX
8
Feedline
10
-2720.58300000
20
-1420.14500000
30
0.00000000
0
VERTEX
8
Feedline
10
-2719.95500000
20
-1420.09300000
30
0.00000000
0
VERTEX
8
Feedline
10
-2719.32500000
20
-1420.04900000
30
0.00000000
0
VERTEX
8
Feedline
10
-2718.69500000
20
-1420.01400000
30
0.00000000
0
VERTEX
8
Feedline
10
-2718.06500000
20
-1419.98600000
30
0.00000000
0
VERTEX
8
Feedline
10
-2717.43500000
20
-1419.96600000
30
0.00000000
0
VERTEX
8
Feedline
10
-2716.80400000
20
-1419.95400000
30
0.00000000
0
VERTEX
8
Feedline
10
-2716.17300000
20
-1419.95000000
30
0.00000000
0
VERTEX
8
Feedline
10
-2716.17300000
20
-1409.05000000
30
0.00000000
0
VERTEX
8
Feedline
10
-2753.28900000
20
-1409.05000000
30
0.00000000
0
VERTEX
8
Feedline
10
-2753.91200000
20
-1409.05400000
30
0.00000000
0
VERTEX
8
Feedline
10
-2754.53500000
20
-1409.06600000
30
0.00000000
0
VERTEX
8
Feedline
10
-2755.15700000
20
-1409.08500000
30
0.00000000
0
VERTEX
8
Feedline
10
-2755.78000000
20
-1409.11200000
30
0.00000000
0
VERTEX
8
Feedline
10
-2756.40300000
20
-1409.14700000
30
0.00000000
0
VERTEX
8
Feedline
10
-2757.02200000
20
-1409.19000000
30
0.00000000
0
VERTEX
8
Feedline
10
-2757.64300000
20
-1409.24000000
30
0.00000000
0
VERTEX
8
Feedline
10
-2758.26300000
20
-1409.29800000
30
0.00000000
0
VERTEX
8
Feedline
10
-2758.88200000
20
-1409.36400000
30
0.00000000
0
VERTEX
8
Feedline
10
-2759.50100000
20
-1409.43800000
30
0.00000000
0
VERTEX
8
Feedline
10
-2760.11800000
20
-1409.51900000
30
0.00000000
0
VERTEX
8
Feedline
10
-2760.73400000
20
-1409.60700000
30
0.00000000
0
VERTEX
8
Feedline
10
-2761.34900000
20
-1409.70400000
30
0.00000000
0
VERTEX
8
Feedline
10
-2761.96300000
20
-1409.80900000
30
0.00000000
0
VERTEX
8
Feedline
10
-2762.57600000
20
-1409.92100000
30
0.00000000
0
VERTEX
8
Feedline
10
-2763.18700000
20
-1410.04000000
30
0.00000000
0
VERTEX
8
Feedline
10
-2763.79600000
20
-1410.16800000
30
0.00000000
0
VERTEX
8
Feedline
10
-2764.40400000
20
-1410.30300000
30
0.00000000
0
VERTEX
8
Feedline
10
-2765.01000000
20
-1410.44500000
30
0.00000000
0
VERTEX
8
Feedline
10
-2765.61500000
20
-1410.59400000
30
0.00000000
0
VERTEX
8
Feedline
10
-2766.21700000
20
-1410.75200000
30
0.00000000
0
VERTEX
8
Feedline
10
-2766.81700000
20
-1410.91700000
30
0.00000000
0
VERTEX
8
Feedline
10
-2767.41600000
20
-1411.08900000
30
0.00000000
0
VERTEX
8
Feedline
10
-2768.01200000
20
-1411.26900000
30
0.00000000
0
VERTEX
8
Feedline
10
-2768.60700000
20
-1411.45700000
30
0.00000000
0
VERTEX
8
Feedline
10
-2769.19800000
20
-1411.65100000
30
0.00000000
0
VERTEX
8
Feedline
10
-2769.78700000
20
-1411.85300000
30
0.00000000
0
VERTEX
8
Feedline
10
-2770.37300000
20
-1412.06200000
30
0.00000000
0
VERTEX
8
Feedline
10
-2770.95700000
20
-1412.27900000
30
0.00000000
0
VERTEX
8
Feedline
10
-2771.53800000
20
-1412.50300000
30
0.00000000
0
VERTEX
8
Feedline
10
-2772.11600000
20
-1412.73400000
30
0.00000000
0
VERTEX
8
Feedline
10
-2772.69200000
20
-1412.97200000
30
0.00000000
0
VERTEX
8
Feedline
10
-2773.26400000
20
-1413.21800000
30
0.00000000
0
VERTEX
8
Feedline
10
-2773.83300000
20
-1413.47100000
30
0.00000000
0
VERTEX
8
Feedline
10
-2774.39900000
20
-1413.73000000
30
0.00000000
0
VERTEX
8
Feedline
10
-2774.96200000
20
-1413.99700000
30
0.00000000
0
VERTEX
8
Feedline
10
-2775.52100000
20
-1414.27100000
30
0.00000000
0
VERTEX
8
Feedline
10
-2776.07700000
20
-1414.55100000
30
0.00000000
0
VERTEX
8
Feedline
10
-2776.63000000
20
-1414.83800000
30
0.00000000
0
VERTEX
8
Feedline
10
-2777.17800000
20
-1415.13300000
30
0.00000000
0
VERTEX
8
Feedline
10
-2777.72400000
20
-1415.43400000
30
0.00000000
0
VERTEX
8
Feedline
10
-2778.26400000
20
-1415.74200000
30
0.00000000
0
VERTEX
8
Feedline
10
-2778.80100000
20
-1416.05700000
30
0.00000000
0
VERTEX
8
Feedline
10
-2779.33500000
20
-1416.37800000
30
0.00000000
0
VERTEX
8
Feedline
10
-2779.86400000
20
-1416.70600000
30
0.00000000
0
VERTEX
8
Feedline
10
-2780.39000000
20
-1417.04100000
30
0.00000000
0
VERTEX
8
Feedline
10
-2780.91000000
20
-1417.38200000
30
0.00000000
0
VERTEX
8
Feedline
10
-2781.42700000
20
-1417.72900000
30
0.00000000
0
VERTEX
8
Feedline
10
-2781.93900000
20
-1418.08300000
30
0.00000000
0
VERTEX
8
Feedline
10
-2782.44800000
20
-1418.44400000
30
0.00000000
0
VERTEX
8
Feedline
10
-2782.95000000
20
-1418.81000000
30
0.00000000
0
VERTEX
8
Feedline
10
-2783.45000000
20
-1419.18300000
30
0.00000000
0
VERTEX
8
Feedline
10
-2783.94300000
20
-1419.56200000
30
0.00000000
0
VERTEX
8
Feedline
10
-2784.43300000
20
-1419.94700000
30
0.00000000
0
VERTEX
8
Feedline
10
-2784.91700000
20
-1420.33900000
30
0.00000000
0
VERTEX
8
Feedline
10
-2785.39700000
20
-1420.73600000
30
0.00000000
0
VERTEX
8
Feedline
10
-2785.87100000
20
-1421.13900000
30
0.00000000
0
VERTEX
8
Feedline
10
-2786.34100000
20
-1421.54800000
30
0.00000000
0
VERTEX
8
Feedline
10
-2786.80400000
20
-1421.96300000
30
0.00000000
0
VERTEX
8
Feedline
10
-2787.26400000
20
-1422.38400000
30
0.00000000
0
VERTEX
8
Feedline
10
-2787.71800000
20
-1422.81000000
30
0.00000000
0
VERTEX
8
Feedline
10
-2788.16600000
20
-1423.24300000
30
0.00000000
0
VERTEX
8
Feedline
10
-2788.61000000
20
-1423.68000000
30
0.00000000
0
VERTEX
8
Feedline
10
-2935.32000000
20
-1570.39000000
30
0.00000000
0
VERTEX
8
Feedline
10
-2935.76400000
20
-1570.82900000
30
0.00000000
0
VERTEX
8
Feedline
10
-2936.21400000
20
-1571.26200000
30
0.00000000
0
VERTEX
8
Feedline
10
-2936.66800000
20
-1571.69000000
30
0.00000000
0
VERTEX
8
Feedline
10
-2937.12800000
20
-1572.11100000
30
0.00000000
0
VERTEX
8
Feedline
10
-2937.59300000
20
-1572.52600000
30
0.00000000
0
VERTEX
8
Feedline
10
-2938.06300000
20
-1572.93700000
30
0.00000000
0
VERTEX
8
Feedline
10
-2938.53900000
20
-1573.34000000
30
0.00000000
0
VERTEX
8
Feedline
10
-2939.02400000
20
-1573.74300000
30
0.00000000
0
VERTEX
8
Feedline
10
-2939.50500000
20
-1574.13100000
30
0.00000000
0
VERTEX
8
Feedline
10
-2939.99500000
20
-1574.51600000
30
0.00000000
0
VERTEX
8
Feedline
10
-2940.49000000
20
-1574.89700000
30
0.00000000
0
VERTEX
8
Feedline
10
-2940.99000000
20
-1575.27000000
30
0.00000000
0
VERTEX
8
Feedline
10
-2941.49600000
20
-1575.63900000
30
0.00000000
0
VERTEX
8
Feedline
10
-2942.00300000
20
-1575.99900000
30
0.00000000
0
VERTEX
8
Feedline
10
-2942.51700000
20
-1576.35300000
30
0.00000000
0
VERTEX
8
Feedline
10
-2943.03400000
20
-1576.70200000
30
0.00000000
0
VERTEX
8
Feedline
10
-2943.55600000
20
-1577.04300000
30
0.00000000
0
VERTEX
8
Feedline
10
-2944.08200000
20
-1577.37800000
30
0.00000000
0
VERTEX
8
Feedline
10
-2944.61300000
20
-1577.70800000
30
0.00000000
0
VERTEX
8
Feedline
10
-2945.14700000
20
-1578.02900000
30
0.00000000
0
VERTEX
8
Feedline
10
-2945.68600000
20
-1578.34400000
30
0.00000000
0
VERTEX
8
Feedline
10
-2946.22800000
20
-1578.65400000
30
0.00000000
0
VERTEX
8
Feedline
10
-2946.77400000
20
-1578.95500000
30
0.00000000
0
VERTEX
8
Feedline
10
-2947.32400000
20
-1579.25000000
30
0.00000000
0
VERTEX
8
Feedline
10
-2947.87700000
20
-1579.53900000
30
0.00000000
0
VERTEX
8
Feedline
10
-2948.43500000
20
-1579.81900000
30
0.00000000
0
VERTEX
8
Feedline
10
-2948.99400000
20
-1580.09300000
30
0.00000000
0
VERTEX
8
Feedline
10
-2949.55900000
20
-1580.36000000
30
0.00000000
0
VERTEX
8
Feedline
10
-2950.12500000
20
-1580.62100000
30
0.00000000
0
VERTEX
8
Feedline
10
-2950.69600000
20
-1580.87400000
30
0.00000000
0
VERTEX
8
Feedline
10
-2951.27000000
20
-1581.12000000
30
0.00000000
0
VERTEX
8
Feedline
10
-2951.84600000
20
-1581.35800000
30
0.00000000
0
VERTEX
8
Feedline
10
-2952.42600000
20
-1581.59100000
30
0.00000000
0
VERTEX
8
Feedline
10
-2953.00700000
20
-1581.81500000
30
0.00000000
0
VERTEX
8
Feedline
10
-2953.59500000
20
-1582.03300000
30
0.00000000
0
VERTEX
8
Feedline
10
-2954.18100000
20
-1582.24100000
30
0.00000000
0
VERTEX
8
Feedline
10
-2954.77000000
20
-1582.44300000
30
0.00000000
0
VERTEX
8
Feedline
10
-2955.36300000
20
-1582.63900000
30
0.00000000
0
VERTEX
8
Feedline
10
-2955.95800000
20
-1582.82700000
30
0.00000000
0
VERTEX
8
Feedline
10
-2956.55600000
20
-1583.00700000
30
0.00000000
0
VERTEX
8
Feedline
10
-2957.15500000
20
-1583.17900000
30
0.00000000
0
VERTEX
8
Feedline
10
-2957.75700000
20
-1583.34400000
30
0.00000000
0
VERTEX
8
Feedline
10
-2958.36100000
20
-1583.50200000
30
0.00000000
0
VERTEX
8
Feedline
10
-2958.96600000
20
-1583.65300000
30
0.00000000
0
VERTEX
8
Feedline
10
-2959.57400000
20
-1583.79500000
30
0.00000000
0
VERTEX
8
Feedline
10
-2960.18200000
20
-1583.93000000
30
0.00000000
0
VERTEX
8
Feedline
10
-2960.79300000
20
-1584.05800000
30
0.00000000
0
VERTEX
8
Feedline
10
-2961.40600000
20
-1584.17700000
30
0.00000000
0
VERTEX
8
Feedline
10
-2962.01900000
20
-1584.28900000
30
0.00000000
0
VERTEX
8
Feedline
10
-2962.63500000
20
-1584.39400000
30
0.00000000
0
VERTEX
8
Feedline
10
-2963.25200000
20
-1584.49100000
30
0.00000000
0
VERTEX
8
Feedline
10
-2963.86800000
20
-1584.58100000
30
0.00000000
0
VERTEX
8
Feedline
10
-2964.48700000
20
-1584.66200000
30
0.00000000
0
VERTEX
8
Feedline
10
-2965.10600000
20
-1584.73600000
30
0.00000000
0
VERTEX
8
Feedline
10
-2965.72700000
20
-1584.80200000
30
0.00000000
0
VERTEX
8
Feedline
10
-2966.34900000
20
-1584.86000000
30
0.00000000
0
VERTEX
8
Feedline
10
-2966.97000000
20
-1584.91000000
30
0.00000000
0
VERTEX
8
Feedline
10
-2967.61000000
20
-1584.95400000
30
0.00000000
0
VERTEX
8
Feedline
10
-2968.23600000
20
-1584.98900000
30
0.00000000
0
VERTEX
8
Feedline
10
-2968.85200000
20
-1585.01500000
30
0.00000000
0
VERTEX
8
Feedline
10
-2969.47400000
20
-1585.03400000
30
0.00000000
0
VERTEX
8
Feedline
10
-2970.09600000
20
-1585.04600000
30
0.00000000
0
VERTEX
8
Feedline
10
-2970.70300000
20
-1585.05000000
30
0.00000000
0
VERTEX
8
Feedline
10
-3150.05000000
20
-1585.05000000
30
0.00000000
0
VERTEX
8
Feedline
10
-3150.05000000
20
-1214.95000000
30
0.00000000
0
VERTEX
8
Feedline
10
-2970.70300000
20
-1214.95000000
30
0.00000000
0
VERTEX
8
Feedline
10
-2970.08100000
20
-1214.95400000
30
0.00000000
0
VERTEX
8
Feedline
10
-2969.46000000
20
-1214.96600000
30
0.00000000
0
VERTEX
8
Feedline
10
-2968.83900000
20
-1214.98500000
30
0.00000000
0
VERTEX
8
Feedline
10
-2968.21600000
20
-1215.01200000
30
0.00000000
0
VERTEX
8
Feedline
10
-2967.59300000
20
-1215.04700000
30
0.00000000
0
VERTEX
8
Feedline
10
-2966.97000000
20
-1215.09000000
30
0.00000000
0
VERTEX
8
Feedline
10
-2966.34900000
20
-1215.14000000
30
0.00000000
0
VERTEX
8
Feedline
10
-2965.72700000
20
-1215.19800000
30
0.00000000
0
VERTEX
8
Feedline
10
-2965.10600000
20
-1215.26400000
30
0.00000000
0
VERTEX
8
Feedline
10
-2964.48700000
20
-1215.33800000
30
0.00000000
0
VERTEX
8
Feedline
10
-2963.86800000
20
-1215.41900000
30
0.00000000
0
VERTEX
8
Feedline
10
-2963.25200000
20
-1215.50900000
30
0.00000000
0
VERTEX
8
Feedline
10
-2962.63500000
20
-1215.60600000
30
0.00000000
0
VERTEX
8
Feedline
10
-2962.01900000
20
-1215.71100000
30
0.00000000
0
VERTEX
8
Feedline
10
-2961.40600000
20
-1215.82300000
30
0.00000000
0
VERTEX
8
Feedline
10
-2960.79300000
20
-1215.94200000
30
0.00000000
0
VERTEX
8
Feedline
10
-2960.18200000
20
-1216.07000000
30
0.00000000
0
VERTEX
8
Feedline
10
-2959.57400000
20
-1216.20500000
30
0.00000000
0
VERTEX
8
Feedline
10
-2958.96600000
20
-1216.34700000
30
0.00000000
0
VERTEX
8
Feedline
10
-2958.36100000
20
-1216.49800000
30
0.00000000
0
VERTEX
8
Feedline
10
-2957.75700000
20
-1216.65600000
30
0.00000000
0
VERTEX
8
Feedline
10
-2957.15500000
20
-1216.82100000
30
0.00000000
0
VERTEX
8
Feedline
10
-2956.55600000
20
-1216.99300000
30
0.00000000
0
VERTEX
8
Feedline
10
-2955.95800000
20
-1217.17300000
30
0.00000000
0
VERTEX
8
Feedline
10
-2955.36300000
20
-1217.36100000
30
0.00000000
0
VERTEX
8
Feedline
10
-2954.77000000
20
-1217.55700000
30
0.00000000
0
VERTEX
8
Feedline
10
-2954.18100000
20
-1217.75900000
30
0.00000000
0
VERTEX
8
Feedline
10
-2953.59300000
20
-1217.96800000
30
0.00000000
0
VERTEX
8
Feedline
10
-2953.00700000
20
-1218.18500000
30
0.00000000
0
VERTEX
8
Feedline
10
-2952.42600000
20
-1218.40900000
30
0.00000000
0
VERTEX
8
Feedline
10
-2951.84600000
20
-1218.64200000
30
0.00000000
0
VERTEX
8
Feedline
10
-2951.27000000
20
-1218.88000000
30
0.00000000
0
VERTEX
8
Feedline
10
-2950.69600000
20
-1219.12600000
30
0.00000000
0
VERTEX
8
Feedline
10
-2950.12500000
20
-1219.37900000
30
0.00000000
0
VERTEX
8
Feedline
10
-2949.55900000
20
-1219.64000000
30
0.00000000
0
VERTEX
8
Feedline
10
-2948.99400000
20
-1219.90700000
30
0.00000000
0
VERTEX
8
Feedline
10
-2948.43500000
20
-1220.18100000
30
0.00000000
0
VERTEX
8
Feedline
10
-2947.86900000
20
-1220.46600000
30
0.00000000
0
VERTEX
8
Feedline
10
-2947.32400000
20
-1220.75000000
30
0.00000000
0
VERTEX
8
Feedline
10
-2946.77400000
20
-1221.04500000
30
0.00000000
0
VERTEX
8
Feedline
10
-2946.22800000
20
-1221.34600000
30
0.00000000
0
VERTEX
8
Feedline
10
-2945.68600000
20
-1221.65600000
30
0.00000000
0
VERTEX
8
Feedline
10
-2945.14700000
20
-1221.97100000
30
0.00000000
0
VERTEX
8
Feedline
10
-2944.61300000
20
-1222.29200000
30
0.00000000
0
VERTEX
8
Feedline
10
-2944.07400000
20
-1222.62700000
30
0.00000000
0
VERTEX
8
Feedline
10
-2943.55600000
20
-1222.95700000
30
0.00000000
0
VERTEX
8
Feedline
10
-2943.03400000
20
-1223.29800000
30
0.00000000
0
VERTEX
8
Feedline
10
-2942.51700000
20
-1223.64700000
30
0.00000000
0
VERTEX
8
Feedline
10
-2942.00300000
20
-1224.00100000
30
0.00000000
0
VERTEX
8
Feedline
10
-2941.49400000
20
-1224.36200000
30
0.00000000
0
VERTEX
8
Feedline
10
-2940.99000000
20
-1224.73000000
30
0.00000000
0
VERTEX
8
Feedline
10
-2940.49000000
20
-1225.10300000
30
0.00000000
0
VERTEX
8
Feedline
10
-2939.99500000
20
-1225.48400000
30
0.00000000
0
VERTEX
8
Feedline
10
-2939.50500000
20
-1225.86900000
30
0.00000000
0
VERTEX
8
Feedline
10
-2939.01900000
20
-1226.26100000
30
0.00000000
0
VERTEX
8
Feedline
10
-2938.53900000
20
-1226.66000000
30
0.00000000
0
VERTEX
8
Feedline
10
-2938.06300000
20
-1227.06300000
30
0.00000000
0
VERTEX
8
Feedline
10
-2937.59300000
20
-1227.47400000
30
0.00000000
0
VERTEX
8
Feedline
10
-2937.12800000
20
-1227.88900000
30
0.00000000
0
VERTEX
8
Feedline
10
-2936.66800000
20
-1228.31000000
30
0.00000000
0
VERTEX
8
Feedline
10
-2936.21100000
20
-1228.74000000
30
0.00000000
0
VERTEX
8
Feedline
10
-2935.76400000
20
-1229.17100000
30
0.00000000
0
VERTEX
8
Feedline
10
-2935.32000000
20
-1229.61000000
30
0.00000000
0
VERTEX
8
Feedline
10
-2788.61000000
20
-1376.32000000
30
0.00000000
0
VERTEX
8
Feedline
10
-2788.16600000
20
-1376.75700000
30
0.00000000
0
VERTEX
8
Feedline
10
-2787.71800000
20
-1377.19000000
30
0.00000000
0
VERTEX
8
Feedline
10
-2787.26400000
20
-1377.61600000
30
0.00000000
0
VERTEX
8
Feedline
10
-2786.80400000
20
-1378.03700000
30
0.00000000
0
VERTEX
8
Feedline
10
-2786.34100000
20
-1378.45200000
30
0.00000000
0
VERTEX
8
Feedline
10
-2785.87100000
20
-1378.86100000
30
0.00000000
0
VERTEX
8
Feedline
10
-2785.39700000
20
-1379.26400000
30
0.00000000
0
VERTEX
8
Feedline
10
-2784.91700000
20
-1379.66100000
30
0.00000000
0
VERTEX
8
Feedline
10
-2784.43300000
20
-1380.05300000
30
0.00000000
0
VERTEX
8
Feedline
10
-2783.94300000
20
-1380.43800000
30
0.00000000
0
VERTEX
8
Feedline
10
-2783.45000000
20
-1380.81700000
30
0.00000000
0
VERTEX
8
Feedline
10
-2782.95000000
20
-1381.19000000
30
0.00000000
0
VERTEX
8
Feedline
10
-2782.44800000
20
-1381.55600000
30
0.00000000
0
VERTEX
8
Feedline
10
-2781.93900000
20
-1381.91700000
30
0.00000000
0
VERTEX
8
Feedline
10
-2781.42700000
20
-1382.27100000
30
0.00000000
0
VERTEX
8
Feedline
10
-2780.91000000
20
-1382.61800000
30
0.00000000
0
VERTEX
8
Feedline
10
-2780.39000000
20
-1382.95900000
30
0.00000000
0
VERTEX
8
Feedline
10
-2779.86400000
20
-1383.29400000
30
0.00000000
0
VERTEX
8
Feedline
10
-2779.33500000
20
-1383.62200000
30
0.00000000
0
VERTEX
8
Feedline
10
-2778.80100000
20
-1383.94300000
30
0.00000000
0
VERTEX
8
Feedline
10
-2778.26400000
20
-1384.25800000
30
0.00000000
0
VERTEX
8
Feedline
10
-2777.72400000
20
-1384.56600000
30
0.00000000
0
VERTEX
8
Feedline
10
-2777.17800000
20
-1384.86700000
30
0.00000000
0
VERTEX
8
Feedline
10
-2776.63000000
20
-1385.16200000
30
0.00000000
0
VERTEX
8
Feedline
10
-2776.07700000
20
-1385.44900000
30
0.00000000
0
VERTEX
8
Feedline
10
-2775.52100000
20
-1385.72900000
30
0.00000000
0
VERTEX
8
Feedline
10
-2774.96200000
20
-1386.00300000
30
0.00000000
0
VERTEX
8
Feedline
10
-2774.39900000
20
-1386.27000000
30
0.00000000
0
VERTEX
8
Feedline
10
-2773.83300000
20
-1386.52900000
30
0.00000000
0
VERTEX
8
Feedline
10
-2773.26400000
20
-1386.78200000
30
0.00000000
0
VERTEX
8
Feedline
10
-2772.69200000
20
-1387.02800000
30
0.00000000
0
VERTEX
8
Feedline
10
-2772.11600000
20
-1387.26600000
30
0.00000000
0
VERTEX
8
Feedline
10
-2771.53800000
20
-1387.49700000
30
0.00000000
0
VERTEX
8
Feedline
10
-2770.95700000
20
-1387.72100000
30
0.00000000
0
VERTEX
8
Feedline
10
-2770.37300000
20
-1387.93800000
30
0.00000000
0
VERTEX
8
Feedline
10
-2769.78700000
20
-1388.14700000
30
0.00000000
0
VERTEX
8
Feedline
10
-2769.19800000
20
-1388.34900000
30
0.00000000
0
VERTEX
8
Feedline
10
-2768.60700000
20
-1388.54300000
30
0.00000000
0
VERTEX
8
Feedline
10
-2768.01200000
20
-1388.73100000
30
0.00000000
0
VERTEX
8
Feedline
10
-2767.41600000
20
-1388.91100000
30
0.00000000
0
VERTEX
8
Feedline
10
-2766.81700000
20
-1389.08300000
30
0.00000000
0
VERTEX
8
Feedline
10
-2766.21700000
20
-1389.24800000
30
0.00000000
0
VERTEX
8
Feedline
10
-2765.61500000
20
-1389.40600000
30
0.00000000
0
VERTEX
8
Feedline
10
-2765.01000000
20
-1389.55500000
30
0.00000000
0
VERTEX
8
Feedline
10
-2764.40400000
20
-1389.69700000
30
0.00000000
0
VERTEX
8
Feedline
10
-2763.79600000
20
-1389.83200000
30
0.00000000
0
VERTEX
8
Feedline
10
-2763.18700000
20
-1389.96000000
30
0.00000000
0
VERTEX
8
Feedline
10
-2762.57600000
20
-1390.07900000
30
0.00000000
0
VERTEX
8
Feedline
10
-2761.96300000
20
-1390.19100000
30
0.00000000
0
VERTEX
8
Feedline
10
-2761.34900000
20
-1390.29600000
30
0.00000000
0
VERTEX
8
Feedline
10
-2760.73400000
20
-1390.39300000
30
0.00000000
0
VERTEX
8
Feedline
10
-2760.11800000
20
-1390.48100000
30
0.00000000
0
VERTEX
8
Feedline
10
-2759.50100000
20
-1390.56200000
30
0.00000000
0
VERTEX
8
Feedline
10
-2758.87300000
20
-1390.63700000
30
0.00000000
0
VERTEX
8
Feedline
10
-2758.26300000
20
-1390.70200000
30
0.00000000
0
VERTEX
8
Feedline
10
-2757.64300000
20
-1390.76000000
30
0.00000000
0
VERTEX
8
Feedline
10
-2757.02200000
20
-1390.81000000
30
0.00000000
0
VERTEX
8
Feedline
10
-2756.40100000
20
-1390.85300000
30
0.00000000
0
VERTEX
8
Feedline
10
-2755.78000000
20
-1390.88800000
30
0.00000000
0
VERTEX
8
Feedline
10
-2755.15700000
20
-1390.91500000
30
0.00000000
0
VERTEX
8
Feedline
10
-2754.53500000
20
-1390.93400000
30
0.00000000
0
VERTEX
8
Feedline
10
-2753.91200000
20
-1390.94600000
30
0.00000000
0
VERTEX
8
Feedline
10
-2753.28900000
20
-1390.95000000
30
0.00000000
0
VERTEX
8
Feedline
10
-2716.17300000
20
-1390.95000000
30
0.00000000
0
VERTEX
8
Feedline
10
-2716.17300000
20
-1380.05000000
30
0.00000000
0
VERTEX
8
Feedline
10
-2716.80500000
20
-1380.04600000
30
0.00000000
0
VERTEX
8
Feedline
10
-2717.43600000
20
-1380.03400000
30
0.00000000
0
VERTEX
8
Feedline
10
-2718.06700000
20
-1380.01400000
30
0.00000000
0
VERTEX
8
Feedline
10
-2718.69700000
20
-1379.98600000
30
0.00000000
0
VERTEX
8
Feedline
10
-2719.32800000
20
-1379.95100000
30
0.00000000
0
VERTEX
8
Feedline
10
-2719.95900000
20
-1379.90700000
30
0.00000000
0
VERTEX
8
Feedline
10
-2720.58700000
20
-1379.85500000
30
0.00000000
0
VERTEX
8
Feedline
10
-2721.21600000
20
-1379.79600000
30
0.00000000
0
VERTEX
8
Feedline
10
-2721.84500000
20
-1379.72800000
30
0.00000000
0
VERTEX
8
Feedline
10
-2722.47100000
20
-1379.65300000
30
0.00000000
0
VERTEX
8
Feedline
10
-2723.09700000
20
-1379.56900000
30
0.00000000
0
VERTEX
8
Feedline
10
-2723.72200000
20
-1379.47700000
30
0.00000000
0
VERTEX
8
Feedline
10
-2724.34500000
20
-1379.37800000
30
0.00000000
0
VERTEX
8
Feedline
10
-2724.96800000
20
-1379.27100000
30
0.00000000
0
VERTEX
8
Feedline
10
-2725.58800000
20
-1379.15600000
30
0.00000000
0
VERTEX
8
Feedline
10
-2726.20800000
20
-1379.03400000
30
0.00000000
0
VERTEX
8
Feedline
10
-2726.82600000
20
-1378.90300000
30
0.00000000
0
VERTEX
8
Feedline
10
-2727.44200000
20
-1378.76500000
30
0.00000000
0
VERTEX
8
Feedline
10
-2728.05700000
20
-1378.61900000
30
0.00000000
0
VERTEX
8
Feedline
10
-2728.66900000
20
-1378.46500000
30
0.00000000
0
VERTEX
8
Feedline
10
-2729.27900000
20
-1378.30300000
30
0.00000000
0
VERTEX
8
Feedline
10
-2729.88800000
20
-1378.13400000
30
0.00000000
0
VERTEX
8
Feedline
10
-2730.49400000
20
-1377.95800000
30
0.00000000
0
VERTEX
8
Feedline
10
-2731.09800000
20
-1377.77300000
30
0.00000000
0
VERTEX
8
Feedline
10
-2731.70000000
20
-1377.58100000
30
0.00000000
0
VERTEX
8
Feedline
10
-2732.29800000
20
-1377.38100000
30
0.00000000
0
VERTEX
8
Feedline
10
-2732.89500000
20
-1377.17400000
30
0.00000000
0
VERTEX
8
Feedline
10
-2733.48900000
20
-1376.95900000
30
0.00000000
0
VERTEX
8
Feedline
10
-2734.08000000
20
-1376.73700000
30
0.00000000
0
VERTEX
8
Feedline
10
-2734.66800000
20
-1376.50700000
30
0.00000000
0
VERTEX
8
Feedline
10
-2735.25300000
20
-1376.27000000
30
0.00000000
0
VERTEX
8
Feedline
10
-2735.83600000
20
-1376.02600000
30
0.00000000
0
VERTEX
8
Feedline
10
-2736.41500000
20
-1375.77400000
30
0.00000000
0
VERTEX
8
Feedline
10
-2736.99100000
20
-1375.51500000
30
0.00000000
0
VERTEX
8
Feedline
10
-2737.56300000
20
-1375.24900000
30
0.00000000
0
VERTEX
8
Feedline
10
-2738.13300000
20
-1374.97500000
30
0.00000000
0
VERTEX
8
Feedline
10
-2738.69800000
20
-1374.69500000
30
0.00000000
0
VERTEX
8
Feedline
10
-2739.26000000
20
-1374.40700000
30
0.00000000
0
VERTEX
8
Feedline
10
-2739.81900000
20
-1374.11200000
30
0.00000000
0
VERTEX
8
Feedline
10
-2740.37300000
20
-1373.81100000
30
0.00000000
0
VERTEX
8
Feedline
10
-2740.92400000
20
-1373.50100000
30
0.00000000
0
VERTEX
8
Feedline
10
-2741.47100000
20
-1373.18600000
30
0.00000000
0
VERTEX
8
Feedline
10
-2742.01400000
20
-1372.86300000
30
0.00000000
0
VERTEX
8
Feedline
10
-2742.55200000
20
-1372.53300000
30
0.00000000
0
VERTEX
8
Feedline
10
-2743.08700000
20
-1372.19700000
30
0.00000000
0
VERTEX
8
Feedline
10
-2743.61700000
20
-1371.85500000
30
0.00000000
0
VERTEX
8
Feedline
10
-2744.14300000
20
-1371.50500000
30
0.00000000
0
VERTEX
8
Feedline
10
-2744.66400000
20
-1371.14900000
30
0.00000000
0
VERTEX
8
Feedline
10
-2745.18200000
20
-1370.78600000
30
0.00000000
0
VERTEX
8
Feedline
10
-2745.69400000
20
-1370.41700000
30
0.00000000
0
VERTEX
8
Feedline
10
-2746.20100000
20
-1370.04100000
30
0.00000000
0
VERTEX
8
Feedline
10
-2746.70400000
20
-1369.66000000
30
0.00000000
0
VERTEX
8
Feedline
10
-2747.20200000
20
-1369.27100000
30
0.00000000
0
VERTEX
8
Feedline
10
-2747.69600000
20
-1368.87600000
30
0.00000000
0
VERTEX
8
Feedline
10
-2748.18300000
20
-1368.47500000
30
0.00000000
0
VERTEX
8
Feedline
10
-2748.66600000
20
-1368.06900000
30
0.00000000
0
VERTEX
8
Feedline
10
-2749.14400000
20
-1367.65600000
30
0.00000000
0
VERTEX
8
Feedline
10
-2749.61600000
20
-1367.23600000
30
0.00000000
0
VERTEX
8
Feedline
10
-2750.08300000
20
-1366.81200000
30
0.00000000
0
VERTEX
8
Feedline
10
-2750.54500000
20
-1366.38100000
30
0.00000000
0
VERTEX
8
Feedline
10
-2751.00200000
20
-1365.94500000
30
0.00000000
0
VERTEX
8
Feedline
10
-2751.45200000
20
-1365.50200000
30
0.00000000
0
VERTEX
8
Feedline
10
-2751.89700000
20
-1365.05400000
30
0.00000000
0
VERTEX
8
Feedline
10
-2752.33600000
20
-1364.60100000
30
0.00000000
0
VERTEX
8
Feedline
10
-2752.77100000
20
-1364.14200000
30
0.00000000
0
VERTEX
8
Feedline
10
-2753.19800000
20
-1363.67800000
30
0.00000000
0
VERTEX
8
Feedline
10
-2753.62000000
20
-1363.20700000
30
0.00000000
0
VERTEX
8
Feedline
10
-2754.03600000
20
-1362.73300000
30
0.00000000
0
VERTEX
8
Feedline
10
-2754.44600000
20
-1362.25200000
30
0.00000000
0
VERTEX
8
Feedline
10
-2754.85000000
20
-1361.76700000
30
0.00000000
0
VERTEX
8
Feedline
10
-2755.24700000
20
-1361.27600000
30
0.00000000
0
VERTEX
8
Feedline
10
-2755.63900000
20
-1360.78100000
30
0.00000000
0
VERTEX
8
Feedline
10
-2756.02400000
20
-1360.28000000
30
0.00000000
0
VERTEX
8
Feedline
10
-2756.40300000
20
-1359.77500000
30
0.00000000
0
VERTEX
8
Feedline
10
-2756.77600000
20
-1359.26500000
30
0.00000000
0
VERTEX
8
Feedline
10
-2757.14200000
20
-1358.75100000
30
0.00000000
0
VERTEX
8
Feedline
10
-2757.50100000
20
-1358.23100000
30
0.00000000
0
VERTEX
8
Feedline
10
-2757.85400000
20
-1357.70800000
30
0.00000000
0
VERTEX
8
Feedline
10
-2758.20000000
20
-1357.18000000
30
0.00000000
0
VERTEX
8
Feedline
10
-2758.53900000
20
-1356.64800000
30
0.00000000
0
VERTEX
8
Feedline
10
-2758.87300000
20
-1356.11100000
30
0.00000000
0
VERTEX
8
Feedline
10
-2759.19900000
20
-1355.57000000
30
0.00000000
0
VERTEX
8
Feedline
10
-2759.51700000
20
-1355.02500000
30
0.00000000
0
VERTEX
8
Feedline
10
-2935.60900000
20
-1050.02500000
30
0.00000000
0
VERTEX
8
Feedline
10
-2935.92800000
20
-1049.48100000
30
0.00000000
0
VERTEX
8
Feedline
10
-2936.25400000
20
-1048.94100000
30
0.00000000
0
VERTEX
8
Feedline
10
-2936.58600000
20
-1048.40500000
30
0.00000000
0
VERTEX
8
Feedline
10
-2936.92500000
20
-1047.87400000
30
0.00000000
0
VERTEX
8
Feedline
10
-2937.27000000
20
-1047.34700000
30
0.00000000
0
VERTEX
8
Feedline
10
-2937.62200000
20
-1046.82500000
30
0.00000000
0
VERTEX
8
Feedline
10
-2937.98100000
20
-1046.30600000
30
0.00000000
0
VERTEX
8
Feedline
10
-2938.34700000
20
-1045.79300000
30
0.00000000
0
VERTEX
8
Feedline
10
-2938.71800000
20
-1045.28500000
30
0.00000000
0
VERTEX
8
Feedline
10
-2939.09600000
20
-1044.78000000
30
0.00000000
0
VERTEX
8
Feedline
10
-2939.48100000
20
-1044.28100000
30
0.00000000
0
VERTEX
8
Feedline
10
-2939.87100000
20
-1043.78600000
30
0.00000000
0
VERTEX
8
Feedline
10
-2940.26900000
20
-1043.29700000
30
0.00000000
0
VERTEX
8
Feedline
10
-2940.67100000
20
-1042.81200000
30
0.00000000
0
VERTEX
8
Feedline
10
-2941.08100000
20
-1042.33200000
30
0.00000000
0
VERTEX
8
Feedline
10
-2941.49600000
20
-1041.85900000
30
0.00000000
0
VERTEX
8
Feedline
10
-2941.91700000
20
-1041.38900000
30
0.00000000
0
VERTEX
8
Feedline
10
-2942.34400000
20
-1040.92600000
30
0.00000000
0
VERTEX
8
Feedline
10
-2942.77600000
20
-1040.46800000
30
0.00000000
0
VERTEX
8
Feedline
10
-2943.21500000
20
-1040.01600000
30
0.00000000
0
VERTEX
8
Feedline
10
-2943.65900000
20
-1039.56800000
30
0.00000000
0
VERTEX
8
Feedline
10
-2944.10900000
20
-1039.12700000
30
0.00000000
0
VERTEX
8
Feedline
10
-2944.56500000
20
-1038.69100000
30
0.00000000
0
VERTEX
8
Feedline
10
-2945.02500000
20
-1038.26200000
30
0.00000000
0
VERTEX
8
Feedline
10
-2945.49200000
20
-1037.83800000
30
0.00000000
0
VERTEX
8
Feedline
10
-2945.96300000
20
-1037.41900000
30
0.00000000
0
VERTEX
8
Feedline
10
-2946.44000000
20
-1037.00700000
30
0.00000000
0
VERTEX
8
Feedline
10
-2946.92200000
20
-1036.60100000
30
0.00000000
0
VERTEX
8
Feedline
10
-2947.40900000
20
-1036.20200000
30
0.00000000
0
VERTEX
8
Feedline
10
-2947.90000000
20
-1035.80700000
30
0.00000000
0
VERTEX
8
Feedline
10
-2948.39800000
20
-1035.41900000
30
0.00000000
0
VERTEX
8
Feedline
10
-2948.89900000
20
-1035.03900000
30
0.00000000
0
VERTEX
8
Feedline
10
-2949.40600000
20
-1034.66300000
30
0.00000000
0
VERTEX
8
Feedline
10
-2949.91700000
20
-1034.29600000
30
0.00000000
0
VERTEX
8
Feedline
10
-2950.43300000
20
-1033.93300000
30
0.00000000
0
VERTEX
8
Feedline
10
-2950.95300000
20
-1033.57700000
30
0.00000000
0
VERTEX
8
Feedline
10
-2951.47900000
20
-1033.22900000
30
0.00000000
0
VERTEX
8
Feedline
10
-2952.00700000
20
-1032.88700000
30
0.00000000
0
VERTEX
8
Feedline
10
-2952.54100000
20
-1032.55100000
30
0.00000000
0
VERTEX
8
Feedline
10
-2953.07900000
20
-1032.22300000
30
0.00000000
0
VERTEX
8
Feedline
10
-2953.62100000
20
-1031.90000000
30
0.00000000
0
VERTEX
8
Feedline
10
-2954.16600000
20
-1031.58500000
30
0.00000000
0
VERTEX
8
Feedline
10
-2954.71500000
20
-1031.27700000
30
0.00000000
0
VERTEX
8
Feedline
10
-2955.27000000
20
-1030.97600000
30
0.00000000
0
VERTEX
8
Feedline
10
-2955.82600000
20
-1030.68100000
30
0.00000000
0
VERTEX
8
Feedline
10
-2956.38800000
20
-1030.39500000
30
0.00000000
0
VERTEX
8
Feedline
10
-2956.95200000
20
-1030.11500000
30
0.00000000
0
VERTEX
8
Feedline
10
-2957.52100000
20
-1029.84100000
30
0.00000000
0
VERTEX
8
Feedline
10
-2958.09200000
20
-1029.57500000
30
0.00000000
0
VERTEX
8
Feedline
10
-2958.66600000
20
-1029.31800000
30
0.00000000
0
VERTEX
8
Feedline
10
-2959.24500000
20
-1029.06600000
30
0.00000000
0
VERTEX
8
Feedline
10
-2959.82500000
20
-1028.82200000
30
0.00000000
0
VERTEX
8
Feedline
10
-2960.41000000
20
-1028.58500000
30
0.00000000
0
VERTEX
8
Feedline
10
-2960.99700000
20
-1028.35700000
30
0.00000000
0
VERTEX
8
Feedline
10
-2961.58700000
20
-1028.13500000
30
0.00000000
0
VERTEX
8
Feedline
10
-2962.17900000
20
-1027.92000000
30
0.00000000
0
VERTEX
8
Feedline
10
-2962.77400000
20
-1027.71300000
30
0.00000000
0
VERTEX
8
Feedline
10
-2963.37300000
20
-1027.51400000
30
0.00000000
0
VERTEX
8
Feedline
10
-2963.97300000
20
-1027.32300000
30
0.00000000
0
VERTEX
8
Feedline
10
-2964.57600000
20
-1027.13800000
30
0.00000000
0
VERTEX
8
Feedline
10
-2965.18100000
20
-1026.96200000
30
0.00000000
0
VERTEX
8
Feedline
10
-2965.78700000
20
-1026.79300000
30
0.00000000
0
VERTEX
8
Feedline
10
-2966.39700000
20
-1026.63100000
30
0.00000000
0
VERTEX
8
Feedline
10
-2967.00800000
20
-1026.47900000
30
0.00000000
0
VERTEX
8
Feedline
10
-2967.62200000
20
-1026.33300000
30
0.00000000
0
VERTEX
8
Feedline
10
-2968.23600000
20
-1026.19500000
30
0.00000000
0
VERTEX
8
Feedline
10
-2968.85200000
20
-1026.06400000
30
0.00000000
0
VERTEX
8
Feedline
10
-2969.47400000
20
-1025.94200000
30
0.00000000
0
VERTEX
8
Feedline
10
-2970.09600000
20
-1025.82600000
30
0.00000000
0
VERTEX
8
Feedline
10
-2970.71900000
20
-1025.71900000
30
0.00000000
0
VERTEX
8
Feedline
10
-2971.33400000
20
-1025.62100000
30
0.00000000
0
VERTEX
8
Feedline
10
-2971.95800000
20
-1025.53000000
30
0.00000000
0
VERTEX
8
Feedline
10
-2972.58300000
20
-1025.44700000
30
0.00000000
0
VERTEX
8
Feedline
10
-2973.20800000
20
-1025.37200000
30
0.00000000
0
VERTEX
8
Feedline
10
-2973.83400000
20
-1025.30400000
30
0.00000000
0
VERTEX
8
Feedline
10
-2974.46200000
20
-1025.24500000
30
0.00000000
0
VERTEX
8
Feedline
10
-2975.09000000
20
-1025.19300000
30
0.00000000
0
VERTEX
8
Feedline
10
-2975.71800000
20
-1025.14900000
30
0.00000000
0
VERTEX
8
Feedline
10
-2976.34800000
20
-1025.11400000
30
0.00000000
0
VERTEX
8
Feedline
10
-2976.97700000
20
-1025.08600000
30
0.00000000
0
VERTEX
8
Feedline
10
-2977.60800000
20
-1025.06600000
30
0.00000000
0
VERTEX
8
Feedline
10
-2978.23800000
20
-1025.05400000
30
0.00000000
0
VERTEX
8
Feedline
10
-2978.86800000
20
-1025.05000000
30
0.00000000
0
VERTEX
8
Feedline
10
-3299.95000000
20
-1025.05000000
30
0.00000000
0
SEQEND
8
Feedline
0
POLYLINE
8
Feedline
66
1
10
0.00000000
20
0.00000000
30
0.00000000
70
1
0
VERTEX
8
Feedline
10
2676.21200000
20
-1886.09600000
30
0.00000000
0
VERTEX
8
Feedline
10
2676.52200000
20
-1885.90500000
30
0.00000000
0
VERTEX
8
Feedline
10
2676.81200000
20
-1885.71700000
30
0.00000000
0
VERTEX
8
Feedline
10
2677.10500000
20
-1885.51800000
30
0.00000000
0
VERTEX
8
Feedline
10
2677.39500000
20
-1885.31300000
30
0.00000000
0
VERTEX
8
Feedline
10
2677.67900000
20
-1885.10100000
30
0.00000000
0
VERTEX
8
Feedline
10
2677.95800000
20
-1884.88300000
30
0.00000000
0
VERTEX
8
Feedline
10
2678.23200000
20
-1884.65800000
30
0.00000000
0
VERTEX
8
Feedline
10
2678.50300000
20
-1884.42600000
30
0.00000000
0
VERTEX
8
Feedline
10
2678.76600000
20
-1884.19100000
30
0.00000000
0
VERTEX
8
Feedline
10
2679.02400000
20
-1883.94900000
30
0.00000000
0
VERTEX
8
Feedline
10
2679.27900000
20
-1883.70100000
30
0.00000000
0
VERTEX
8
Feedline
10
2750.05600000
20
-1812.92400000
30
0.00000000
0
VERTEX
8
Feedline
10
2755.07600000
20
-1817.94400000
30
0.00000000
0
VERTEX
8
Feedline
10
2686.80200000
20
-1886.21800000
30
0.00000000
0
VERTEX
8
Feedline
10
2692.31700000
20
-1886.21800000
30
0.00000000
0
VERTEX
8
Feedline
10
2758.47000000
20
-1820.06600000
30
0.00000000
0
VERTEX
8
Feedline
10
2747.93400000
20
-1809.53000000
30
0.00000000
0
VERTEX
8
Feedline
10
2678.57000000
20
-1878.89500000
30
0.00000000
0
VERTEX
8
Feedline
10
2678.42600000
20
-1879.03300000
30
0.00000000
0
VERTEX
8
Feedline
10
2678.27400000
20
-1879.16700000
30
0.00000000
0
VERTEX
8
Feedline
10
2678.11900000
20
-1879.29400000
30
0.00000000
0
VERTEX
8
Feedline
10
2677.95700000
20
-1879.41600000
30
0.00000000
0
VERTEX
8
Feedline
10
2677.79200000
20
-1879.53100000
30
0.00000000
0
VERTEX
8
Feedline
10
2677.62100000
20
-1879.63900000
30
0.00000000
0
VERTEX
8
Feedline
10
2677.44700000
20
-1879.74000000
30
0.00000000
0
VERTEX
8
Feedline
10
2677.26800000
20
-1879.83400000
30
0.00000000
0
VERTEX
8
Feedline
10
2677.08700000
20
-1879.92200000
30
0.00000000
0
VERTEX
8
Feedline
10
2676.90200000
20
-1880.00000000
30
0.00000000
0
VERTEX
8
Feedline
10
2676.71300000
20
-1880.07300000
30
0.00000000
0
VERTEX
8
Feedline
10
2676.52200000
20
-1880.13800000
30
0.00000000
0
VERTEX
8
Feedline
10
2676.32900000
20
-1880.19400000
30
0.00000000
0
VERTEX
8
Feedline
10
2676.13300000
20
-1880.24400000
30
0.00000000
0
VERTEX
8
Feedline
10
2675.93500000
20
-1880.28500000
30
0.00000000
0
VERTEX
8
Feedline
10
2675.73700000
20
-1880.31800000
30
0.00000000
0
VERTEX
8
Feedline
10
2675.53600000
20
-1880.34400000
30
0.00000000
0
VERTEX
8
Feedline
10
2675.33300000
20
-1880.36100000
30
0.00000000
0
VERTEX
8
Feedline
10
2675.13300000
20
-1880.37100000
30
0.00000000
0
VERTEX
8
Feedline
10
2674.93200000
20
-1880.37200000
30
0.00000000
0
VERTEX
8
Feedline
10
2674.73100000
20
-1880.36500000
30
0.00000000
0
VERTEX
8
Feedline
10
2674.53000000
20
-1880.35100000
30
0.00000000
0
VERTEX
8
Feedline
10
2674.32900000
20
-1880.32800000
30
0.00000000
0
VERTEX
8
Feedline
10
2674.13000000
20
-1880.29700000
30
0.00000000
0
VERTEX
8
Feedline
10
2673.93200000
20
-1880.25800000
30
0.00000000
0
VERTEX
8
Feedline
10
2673.73600000
20
-1880.21100000
30
0.00000000
0
VERTEX
8
Feedline
10
2673.54200000
20
-1880.15700000
30
0.00000000
0
VERTEX
8
Feedline
10
2673.35100000
20
-1880.09500000
30
0.00000000
0
VERTEX
8
Feedline
10
2673.16100000
20
-1880.02600000
30
0.00000000
0
VERTEX
8
Feedline
10
2672.97500000
20
-1879.94900000
30
0.00000000
0
VERTEX
8
Feedline
10
2672.79100000
20
-1879.86400000
30
0.00000000
0
VERTEX
8
Feedline
10
2672.61200000
20
-1879.77200000
30
0.00000000
0
VERTEX
8
Feedline
10
2672.43700000
20
-1879.67300000
30
0.00000000
0
VERTEX
8
Feedline
10
2672.26500000
20
-1879.56700000
30
0.00000000
0
VERTEX
8
Feedline
10
2672.09700000
20
-1879.45500000
30
0.00000000
0
VERTEX
8
Feedline
10
2671.93500000
20
-1879.33600000
30
0.00000000
0
VERTEX
8
Feedline
10
2671.77700000
20
-1879.21000000
30
0.00000000
0
VERTEX
8
Feedline
10
2671.62500000
20
-1879.07800000
30
0.00000000
0
VERTEX
8
Feedline
10
2671.47700000
20
-1878.94100000
30
0.00000000
0
VERTEX
8
Feedline
10
2671.33600000
20
-1878.79600000
30
0.00000000
0
VERTEX
8
Feedline
10
2671.19800000
20
-1878.64600000
30
0.00000000
0
VERTEX
8
Feedline
10
2671.07000000
20
-1878.49300000
30
0.00000000
0
VERTEX
8
Feedline
10
2670.94600000
20
-1878.33400000
30
0.00000000
0
VERTEX
8
Feedline
10
2670.83000000
20
-1878.17000000
30
0.00000000
0
VERTEX
8
Feedline
10
2670.71900000
20
-1878.00100000
30
0.00000000
0
VERTEX
8
Feedline
10
2670.61600000
20
-1877.82800000
30
0.00000000
0
VERTEX
8
Feedline
10
2670.51900000
20
-1877.65100000
30
0.00000000
0
VERTEX
8
Feedline
10
2670.43000000
20
-1877.47000000
30
0.00000000
0
VERTEX
8
Feedline
10
2670.34700000
20
-1877.28600000
30
0.00000000
0
VERTEX
8
Feedline
10
2670.27200000
20
-1877.09900000
30
0.00000000
0
VERTEX
8
Feedline
10
2670.20600000
20
-1876.90900000
30
0.00000000
0
VERTEX
8
Feedline
10
2670.14600000
20
-1876.71600000
30
0.00000000
0
VERTEX
8
Feedline
10
2670.09400000
20
-1876.52100000
30
0.00000000
0
VERTEX
8
Feedline
10
2670.05000000
20
-1876.32400000
30
0.00000000
0
VERTEX
8
Feedline
10
2670.01500000
20
-1876.12600000
30
0.00000000
0
VERTEX
8
Feedline
10
2669.98600000
20
-1875.92600000
30
0.00000000
0
VERTEX
8
Feedline
10
2669.96600000
20
-1875.72500000
30
0.00000000
0
VERTEX
8
Feedline
10
2669.95400000
20
-1875.52400000
30
0.00000000
0
VERTEX
8
Feedline
10
2669.95000000
20
-1875.32200000
30
0.00000000
0
VERTEX
8
Feedline
10
2669.95000000
20
-1557.12300000
30
0.00000000
0
VERTEX
8
Feedline
10
2669.95400000
20
-1556.92600000
30
0.00000000
0
VERTEX
8
Feedline
10
2669.96500000
20
-1556.72800000
30
0.00000000
0
VERTEX
8
Feedline
10
2669.98500000
20
-1556.53100000
30
0.00000000
0
VERTEX
8
Feedline
10
2670.01300000
20
-1556.33400000
30
0.00000000
0
VERTEX
8
Feedline
10
2670.04700000
20
-1556.13900000
30
0.00000000
0
VERTEX
8
Feedline
10
2670.08900000
20
-1555.94500000
30
0.00000000
0
VERTEX
8
Feedline
10
2670.14000000
20
-1555.75300000
30
0.00000000
0
VERTEX
8
Feedline
10
2670.19700000
20
-1555.56400000
30
0.00000000
0
VERTEX
8
Feedline
10
2670.26200000
20
-1555.37700000
30
0.00000000
0
VERTEX
8
Feedline
10
2670.33500000
20
-1555.19200000
30
0.00000000
0
VERTEX
8
Feedline
10
2670.41400000
20
-1555.01000000
30
0.00000000
0
VERTEX
8
Feedline
10
2670.50100000
20
-1554.83100000
30
0.00000000
0
VERTEX
8
Feedline
10
2670.59400000
20
-1554.65700000
30
0.00000000
0
VERTEX
8
Feedline
10
2670.69400000
20
-1554.48600000
30
0.00000000
0
VERTEX
8
Feedline
10
2670.80100000
20
-1554.31800000
30
0.00000000
0
VERTEX
8
Feedline
10
2670.91500000
20
-1554.15600000
30
0.00000000
0
VERTEX
8
Feedline
10
2671.03400000
20
-1553.99800000
30
0.00000000
0
VERTEX
8
Feedline
10
2671.16000000
20
-1553.84400000
30
0.00000000
0
VERTEX
8
Feedline
10
2671.29100000
20
-1553.69600000
30
0.00000000
0
VERTEX
8
Feedline
10
2671.42800000
20
-1553.55400000
30
0.00000000
0
VERTEX
8
Feedline
10
2758.47000000
20
-1466.51200000
30
0.00000000
0
VERTEX
8
Feedline
10
2747.93400000
20
-1455.97700000
30
0.00000000
0
VERTEX
8
Feedline
10
2678.57000000
20
-1525.34100000
30
0.00000000
0
VERTEX
8
Feedline
10
2678.42600000
20
-1525.48000000
30
0.00000000
0
VERTEX
8
Feedline
10
2678.27400000
20
-1525.61300000
30
0.00000000
0
VERTEX
8
Feedline
10
2678.11900000
20
-1525.74100000
30
0.00000000
0
VERTEX
8
Feedline
10
2677.95700000
20
-1525.86300000
30
0.00000000
0
VERTEX
8
Feedline
10
2677.79200000
20
-1525.97800000
30
0.00000000
0
VERTEX
8
Feedline
10
2677.62100000
20
-1526.08600000
30
0.00000000
0
VERTEX
8
Feedline
10
2677.44700000
20
-1526.18700000
30
0.00000000
0
VERTEX
8
Feedline
10
2677.26800000
20
-1526.28100000
30
0.00000000
0
VERTEX
8
Feedline
10
2677.08700000
20
-1526.36800000
30
0.00000000
0
VERTEX
8
Feedline
10
2676.90200000
20
-1526.44700000
30
0.00000000
0
VERTEX
8
Feedline
10
2676.71300000
20
-1526.51900000
30
0.00000000
0
VERTEX
8
Feedline
10
2676.52200000
20
-1526.58400000
30
0.00000000
0
VERTEX
8
Feedline
10
2676.32900000
20
-1526.64100000
30
0.00000000
0
VERTEX
8
Feedline
10
2676.13300000
20
-1526.69000000
30
0.00000000
0
VERTEX
8
Feedline
10
2675.93500000
20
-1526.73100000
30
0.00000000
0
VERTEX
8
Feedline
10
2675.73700000
20
-1526.76400000
30
0.00000000
0
VERTEX
8
Feedline
10
2675.53600000
20
-1526.79100000
30
0.00000000
0
VERTEX
8
Feedline
10
2675.33300000
20
-1526.80800000
30
0.00000000
0
VERTEX
8
Feedline
10
2675.13300000
20
-1526.81700000
30
0.00000000
0
VERTEX
8
Feedline
10
2674.93200000
20
-1526.81800000
30
0.00000000
0
VERTEX
8
Feedline
10
2674.73100000
20
-1526.81200000
30
0.00000000
0
VERTEX
8
Feedline
10
2674.53000000
20
-1526.79700000
30
0.00000000
0
VERTEX
8
Feedline
10
2674.32900000
20
-1526.77500000
30
0.00000000
0
VERTEX
8
Feedline
10
2674.13000000
20
-1526.74300000
30
0.00000000
0
VERTEX
8
Feedline
10
2673.93200000
20
-1526.70500000
30
0.00000000
0
VERTEX
8
Feedline
10
2673.73600000
20
-1526.65800000
30
0.00000000
0
VERTEX
8
Feedline
10
2673.54200000
20
-1526.60400000
30
0.00000000
0
VERTEX
8
Feedline
10
2673.35100000
20
-1526.54200000
30
0.00000000
0
VERTEX
8
Feedline
10
2673.16100000
20
-1526.47300000
30
0.00000000
0
VERTEX
8
Feedline
10
2672.97500000
20
-1526.39500000
30
0.00000000
0
VERTEX
8
Feedline
10
2672.79100000
20
-1526.31100000
30
0.00000000
0
VERTEX
8
Feedline
10
2672.61200000
20
-1526.21900000
30
0.00000000
0
VERTEX
8
Feedline
10
2672.43700000
20
-1526.12000000
30
0.00000000
0
VERTEX
8
Feedline
10
2672.26500000
20
-1526.01400000
30
0.00000000
0
VERTEX
8
Feedline
10
2672.09700000
20
-1525.90100000
30
0.00000000
0
VERTEX
8
Feedline
10
2671.93500000
20
-1525.78200000
30
0.00000000
0
VERTEX
8
Feedline
10
2671.77700000
20
-1525.65600000
30
0.00000000
0
VERTEX
8
Feedline
10
2671.62500000
20
-1525.52500000
30
0.00000000
0
VERTEX
8
Feedline
10
2671.47700000
20
-1525.38700000
30
0.00000000
0
VERTEX
8
Feedline
10
2671.33600000
20
-1525.24300000
30
0.00000000
0
VERTEX
8
Feedline
10
2671.19800000
20
-1525.09200000
30
0.00000000
0
VERTEX
8
Feedline
10
2671.07000000
20
-1524.94000000
30
0.00000000
0
VERTEX
8
Feedline
10
2670.94600000
20
-1524.78100000
30
0.00000000
0
VERTEX
8
Feedline
10
2670.83000000
20
-1524.61600000
30
0.00000000
0
VERTEX
8
Feedline
10
2670.71900000
20
-1524.44800000
30
0.00000000
0
VERTEX
8
Feedline
10
2670.61600000
20
-1524.27500000
30
0.00000000
0
VERTEX
8
Feedline
10
2670.51900000
20
-1524.09700000
30
0.00000000
0
VERTEX
8
Feedline
10
2670.43000000
20
-1523.91600000
30
0.00000000
0
VERTEX
8
Feedline
10
2670.34700000
20
-1523.73300000
30
0.00000000
0
VERTEX
8
Feedline
10
2670.27200000
20
-1523.54600000
30
0.00000000
0
VERTEX
8
Feedline
10
2670.20600000
20
-1523.35500000
30
0.00000000
0
VERTEX
8
Feedline
10
2670.14600000
20
-1523.16300000
30
0.00000000
0
VERTEX
8
Feedline
10
2670.09400000
20
-1522.96800000
30
0.00000000
0
VERTEX
8
Feedline
10
2670.05000000
20
-1522.77100000
30
0.00000000
0
VERTEX
8
Feedline
10
2670.01500000
20
-1522.57200000
30
0.00000000
0
VERTEX
8
Feedline
10
2669.98600000
20
-1522.37300000
30
0.00000000
0
VERTEX
8
Feedline
10
2669.96600000
20
-1522.17200000
30
0.00000000
0
VERTEX
8
Feedline
10
2669.95400000
20
-1521.97100000
30
0.00000000
0
VERTEX
8
Feedline
10
2669.95000000
20
-1521.76900000
30
0.00000000
0
VERTEX
8
Feedline
10
2669.95000000
20
-1203.57000000
30
0.00000000
0
VERTEX
8
Feedline
10
2669.95400000
20
-1203.37300000
30
0.00000000
0
VERTEX
8
Feedline
10
2669.96500000
20
-1203.17500000
30
0.00000000
0
VERTEX
8
Feedline
10
2669.98500000
20
-1202.97700000
30
0.00000000
0
VERTEX
8
Feedline
10
2670.01300000
20
-1202.78100000
30
0.00000000
0
VERTEX
8
Feedline
10
2670.04700000
20
-1202.58500000
30
0.00000000
0
VERTEX
8
Feedline
10
2670.08900000
20
-1202.39200000
30
0.00000000
0
VERTEX
8
Feedline
10
2670.14000000
20
-1202.20000000
30
0.00000000
0
VERTEX
8
Feedline
10
2670.19700000
20
-1202.01100000
30
0.00000000
0
VERTEX
8
Feedline
10
2670.26200000
20
-1201.82300000
30
0.00000000
0
VERTEX
8
Feedline
10
2670.33500000
20
-1201.63800000
30
0.00000000
0
VERTEX
8
Feedline
10
2670.41400000
20
-1201.45700000
30
0.00000000
0
VERTEX
8
Feedline
10
2670.50100000
20
-1201.27800000
30
0.00000000
0
VERTEX
8
Feedline
10
2670.59400000
20
-1201.10400000
30
0.00000000
0
VERTEX
8
Feedline
10
2670.69400000
20
-1200.93200000
30
0.00000000
0
VERTEX
8
Feedline
10
2670.80100000
20
-1200.76500000
30
0.00000000
0
VERTEX
8
Feedline
10
2670.91500000
20
-1200.60300000
30
0.00000000
0
VERTEX
8
Feedline
10
2671.03400000
20
-1200.44400000
30
0.00000000
0
VERTEX
8
Feedline
10
2671.16000000
20
-1200.29100000
30
0.00000000
0
VERTEX
8
Feedline
10
2671.29100000
20
-1200.14300000
30
0.00000000
0
VERTEX
8
Feedline
10
2671.42800000
20
-1200.00000000
30
0.00000000
0
VERTEX
8
Feedline
10
2758.47000000
20
-1112.95900000
30
0.00000000
0
VERTEX
8
Feedline
10
2747.93400000
20
-1102.42300000
30
0.00000000
0
VERTEX
8
Feedline
10
2678.57000000
20
-1171.78800000
30
0.00000000
0
VERTEX
8
Feedline
10
2678.42600000
20
-1171.92600000
30
0.00000000
0
VERTEX
8
Feedline
10
2678.27400000
20
-1172.06000000
30
0.00000000
0
VERTEX
8
Feedline
10
2678.11900000
20
-1172.18700000
30
0.00000000
0
VERTEX
8
Feedline
10
2677.95700000
20
-1172.30900000
30
0.00000000
0
VERTEX
8
Feedline
10
2677.79200000
20
-1172.42400000
30
0.00000000
0
VERTEX
8
Feedline
10
2677.62100000
20
-1172.53200000
30
0.00000000
0
VERTEX
8
Feedline
10
2677.44700000
20
-1172.63300000
30
0.00000000
0
VERTEX
8
Feedline
10
2677.26800000
20
-1172.72800000
30
0.00000000
0
VERTEX
8
Feedline
10
2677.08700000
20
-1172.81500000
30
0.00000000
0
VERTEX
8
Feedline
10
2676.90200000
20
-1172.89400000
30
0.00000000
0
VERTEX
8
Feedline
10
2676.71300000
20
-1172.96600000
30
0.00000000
0
VERTEX
8
Feedline
10
2676.52200000
20
-1173.03100000
30
0.00000000
0
VERTEX
8
Feedline
10
2676.32900000
20
-1173.08700000
30
0.00000000
0
VERTEX
8
Feedline
10
2676.13300000
20
-1173.13700000
30
0.00000000
0
VERTEX
8
Feedline
10
2675.93500000
20
-1173.17800000
30
0.00000000
0
VERTEX
8
Feedline
10
2675.73700000
20
-1173.21100000
30
0.00000000
0
VERTEX
8
Feedline
10
2675.53600000
20
-1173.23700000
30
0.00000000
0
VERTEX
8
Feedline
10
2675.33300000
20
-1173.25400000
30
0.00000000
0
VERTEX
8
Feedline
10
2675.13300000
20
-1173.26400000
30
0.00000000
0
VERTEX
8
Feedline
10
2674.93200000
20
-1173.26500000
30
0.00000000
0
VERTEX
8
Feedline
10
2674.73100000
20
-1173.25800000
30
0.00000000
0
VERTEX
8
Feedline
10
2674.53000000
20
-1173.24400000
30
0.00000000
0
VERTEX
8
Feedline
10
2674.32900000
20
-1173.22100000
30
0.00000000
0
VERTEX
8
Feedline
10
2674.13000000
20
-1173.19000000
30
0.00000000
0
VERTEX
8
Feedline
10
2673.93200000
20
-1173.15200000
30
0.00000000
0
VERTEX
8
Feedline
10
2673.73600000
20
-1173.10400000
30
0.00000000
0
VERTEX
8
Feedline
10
2673.54200000
20
-1173.05100000
30
0.00000000
0
VERTEX
8
Feedline
10
2673.35100000
20
-1172.98800000
30
0.00000000
0
VERTEX
8
Feedline
10
2673.16100000
20
-1172.91900000
30
0.00000000
0
VERTEX
8
Feedline
10
2672.97500000
20
-1172.84200000
30
0.00000000
0
VERTEX
8
Feedline
10
2672.79100000
20
-1172.75700000
30
0.00000000
0
VERTEX
8
Feedline
10
2672.61200000
20
-1172.66500000
30
0.00000000
0
VERTEX
8
Feedline
10
2672.43700000
20
-1172.56600000
30
0.00000000
0
VERTEX
8
Feedline
10
2672.26500000
20
-1172.46100000
30
0.00000000
0
VERTEX
8
Feedline
10
2672.09700000
20
-1172.34800000
30
0.00000000
0
VERTEX
8
Feedline
10
2671.93500000
20
-1172.22900000
30
0.00000000
0
VERTEX
8
Feedline
10
2671.77700000
20
-1172.10300000
30
0.00000000
0
VERTEX
8
Feedline
10
2671.62500000
20
-1171.97100000
30
0.00000000
0
VERTEX
8
Feedline
10
2671.47700000
20
-1171.83400000
30
0.00000000
0
VERTEX
8
Feedline
10
2671.33600000
20
-1171.69000000
30
0.00000000
0
VERTEX
8
Feedline
10
2671.19800000
20
-1171.53900000
30
0.00000000
0
VERTEX
8
Feedline
10
2671.07000000
20
-1171.38600000
30
0.00000000
0
VERTEX
8
Feedline
10
2670.94600000
20
-1171.22700000
30
0.00000000
0
VERTEX
8
Feedline
10
2670.83000000
20
-1171.06300000
30
0.00000000
0
VERTEX
8
Feedline
10
2670.71900000
20
-1170.89500000
30
0.00000000
0
VERTEX
8
Feedline
10
2670.61600000
20
-1170.72100000
30
0.00000000
0
VERTEX
8
Feedline
10
2670.51900000
20
-1170.54400000
30
0.00000000
0
VERTEX
8
Feedline
10
2670.43000000
20
-1170.36300000
30
0.00000000
0
VERTEX
8
Feedline
10
2670.34700000
20
-1170.18000000
30
0.00000000
0
VERTEX
8
Feedline
10
2670.27200000
20
-1169.99200000
30
0.00000000
0
VERTEX
8
Feedline
10
2670.20600000
20
-1169.80200000
30
0.00000000
0
VERTEX
8
Feedline
10
2670.14600000
20
-1169.60900000
30
0.00000000
0
VERTEX
8
Feedline
10
2670.09400000
20
-1169.41400000
30
0.00000000
0
VERTEX
8
Feedline
10
2670.05000000
20
-1169.21700000
30
0.00000000
0
VERTEX
8
Feedline
10
2670.01500000
20
-1169.01900000
30
0.00000000
0
VERTEX
8
Feedline
10
2669.98600000
20
-1168.81900000
30
0.00000000
0
VERTEX
8
Feedline
10
2669.96600000
20
-1168.61800000
30
0.00000000
0
VERTEX
8
Feedline
10
2669.95400000
20
-1168.41700000
30
0.00000000
0
VERTEX
8
Feedline
10
2669.95000000
20
-1168.21700000
30
0.00000000
0
VERTEX
8
Feedline
10
2669.95000000
20
-1102.42300000
30
0.00000000
0
VERTEX
8
Feedline
10
2652.05000000
20
-1102.42300000
30
0.00000000
0
VERTEX
8
Feedline
10
2652.05000000
20
-1165.31600000
30
0.00000000
0
VERTEX
8
Feedline
10
2652.05400000
20
-1165.67100000
30
0.00000000
0
VERTEX
8
Feedline
10
2652.06600000
20
-1166.02500000
30
0.00000000
0
VERTEX
8
Feedline
10
2652.08600000
20
-1166.37900000
30
0.00000000
0
VERTEX
8
Feedline
10
2652.11300000
20
-1166.73300000
30
0.00000000
0
VERTEX
8
Feedline
10
2652.14900000
20
-1167.08500000
30
0.00000000
0
VERTEX
8
Feedline
10
2652.19200000
20
-1167.43700000
30
0.00000000
0
VERTEX
8
Feedline
10
2652.24200000
20
-1167.78800000
30
0.00000000
0
VERTEX
8
Feedline
10
2652.30100000
20
-1168.13700000
30
0.00000000
0
VERTEX
8
Feedline
10
2652.36800000
20
-1168.48600000
30
0.00000000
0
VERTEX
8
Feedline
10
2652.44300000
20
-1168.83200000
30
0.00000000
0
VERTEX
8
Feedline
10
2652.52500000
20
-1169.17700000
30
0.00000000
0
VERTEX
8
Feedline
10
2652.61400000
20
-1169.52000000
30
0.00000000
0
VERTEX
8
Feedline
10
2652.71100000
20
-1169.86100000
30
0.00000000
0
VERTEX
8
Feedline
10
2652.81700000
20
-1170.20000000
30
0.00000000
0
VERTEX
8
Feedline
10
2652.92800000
20
-1170.53700000
30
0.00000000
0
VERTEX
8
Feedline
10
2653.04800000
20
-1170.87000000
30
0.00000000
0
VERTEX
8
Feedline
10
2653.17500000
20
-1171.20100000
30
0.00000000
0
VERTEX
8
Feedline
10
2653.31000000
20
-1171.52900000
30
0.00000000
0
VERTEX
8
Feedline
10
2653.45200000
20
-1171.85400000
30
0.00000000
0
VERTEX
8
Feedline
10
2653.60000000
20
-1172.17500000
30
0.00000000
0
VERTEX
8
Feedline
10
2653.75700000
20
-1172.49400000
30
0.00000000
0
VERTEX
8
Feedline
10
2653.92000000
20
-1172.81100000
30
0.00000000
0
VERTEX
8
Feedline
10
2654.09000000
20
-1173.12000000
30
0.00000000
0
VERTEX
8
Feedline
10
2654.26600000
20
-1173.42800000
30
0.00000000
0
VERTEX
8
Feedline
10
2654.45000000
20
-1173.73100000
30
0.00000000
0
VERTEX
8
Feedline
10
2654.64100000
20
-1174.03000000
30
0.00000000
0
VERTEX
8
Feedline
10
2654.83700000
20
-1174.32400000
30
0.00000000
0
VERTEX
8
Feedline
10
2655.04100000
20
-1174.61500000
30
0.00000000
0
VERTEX
8
Feedline
10
2655.25100000
20
-1174.90000000
30
0.00000000
0
VERTEX
8
Feedline
10
2655.47200000
20
-1175.18600000
30
0.00000000
0
VERTEX
8
Feedline
10
2655.69000000
20
-1175.45700000
30
0.00000000
0
VERTEX
8
Feedline
10
2655.91800000
20
-1175.72800000
30
0.00000000
0
VERTEX
8
Feedline
10
2656.15200000
20
-1175.99500000
30
0.00000000
0
VERTEX
8
Feedline
10
2656.39200000
20
-1176.25600000
30
0.00000000
0
VERTEX
8
Feedline
10
2656.63900000
20
-1176.51100000
30
0.00000000
0
VERTEX
8
Feedline
10
2656.89000000
20
-1176.76000000
30
0.00000000
0
VERTEX
8
Feedline
10
2657.14700000
20
-1177.00400000
30
0.00000000
0
VERTEX
8
Feedline
10
2657.40900000
20
-1177.24300000
30
0.00000000
0
VERTEX
8
Feedline
10
2657.67700000
20
-1177.47500000
30
0.00000000
0
VERTEX
8
Feedline
10
2657.95100000
20
-1177.70100000
30
0.00000000
0
VERTEX
8
Feedline
10
2658.22800000
20
-1177.92100000
30
0.00000000
0
VERTEX
8
Feedline
10
2658.51100000
20
-1178.13600000
30
0.00000000
0
VERTEX
8
Feedline
10
2658.79800000
20
-1178.34400000
30
0.00000000
0
VERTEX
8
Feedline
10
2659.09000000
20
-1178.54600000
30
0.00000000
0
VERTEX
8
Feedline
10
2659.38600000
20
-1178.74000000
30
0.00000000
0
VERTEX
8
Feedline
10
2659.68600000
20
-1178.92800000
30
0.00000000
0
VERTEX
8
Feedline
10
2659.99500000
20
-1179.11200000
30
0.00000000
0
VERTEX
8
Feedline
10
2660.29900000
20
-1179.28400000
30
0.00000000
0
VERTEX
8
Feedline
10
2660.61200000
20
-1179.45200000
30
0.00000000
0
VERTEX
8
Feedline
10
2660.92800000
20
-1179.61200000
30
0.00000000
0
VERTEX
8
Feedline
10
2661.24700000
20
-1179.76600000
30
0.00000000
0
VERTEX
8
Feedline
10
2661.57400000
20
-1179.91400000
30
0.00000000
0
VERTEX
8
Feedline
10
2661.89600000
20
-1180.05200000
30
0.00000000
0
VERTEX
8
Feedline
10
2662.22500000
20
-1180.18400000
30
0.00000000
0
VERTEX
8
Feedline
10
2662.55700000
20
-1180.30900000
30
0.00000000
0
VERTEX
8
Feedline
10
2662.89200000
20
-1180.42600000
30
0.00000000
0
VERTEX
8
Feedline
10
2663.22900000
20
-1180.53500000
30
0.00000000
0
VERTEX
8
Feedline
10
2663.57000000
20
-1180.63800000
30
0.00000000
0
VERTEX
8
Feedline
10
2663.91000000
20
-1180.73300000
30
0.00000000
0
VERTEX
8
Feedline
10
2664.25400000
20
-1180.81900000
30
0.00000000
0
VERTEX
8
Feedline
10
2664.59900000
20
-1180.89900000
30
0.00000000
0
VERTEX
8
Feedline
10
2664.94700000
20
-1180.97100000
30
0.00000000
0
VERTEX
8
Feedline
10
2665.29600000
20
-1181.03500000
30
0.00000000
0
VERTEX
8
Feedline
10
2665.64500000
20
-1181.09200000
30
0.00000000
0
VERTEX
8
Feedline
10
2665.99600000
20
-1181.13900000
30
0.00000000
0
VERTEX
8
Feedline
10
2666.34800000
20
-1181.18000000
30
0.00000000
0
VERTEX
8
Feedline
10
2666.70100000
20
-1181.21300000
30
0.00000000
0
VERTEX
8
Feedline
10
2667.05900000
20
-1181.23800000
30
0.00000000
0
VERTEX
8
Feedline
10
2667.40900000
20
-1181.25500000
30
0.00000000
0
VERTEX
8
Feedline
10
2667.76400000
20
-1181.26400000
30
0.00000000
0
VERTEX
8
Feedline
10
2668.11900000
20
-1181.26600000
30
0.00000000
0
VERTEX
8
Feedline
10
2668.47300000
20
-1181.25900000
30
0.00000000
0
VERTEX
8
Feedline
10
2668.82600000
20
-1181.24500000
30
0.00000000
0
VERTEX
8
Feedline
10
2669.18000000
20
-1181.22200000
30
0.00000000
0
VERTEX
8
Feedline
10
2669.53400000
20
-1181.19200000
30
0.00000000
0
VERTEX
8
Feedline
10
2669.88600000
20
-1181.15400000
30
0.00000000
0
VERTEX
8
Feedline
10
2670.23800000
20
-1181.10800000
30
0.00000000
0
VERTEX
8
Feedline
10
2670.59400000
20
-1181.05400000
30
0.00000000
0
VERTEX
8
Feedline
10
2670.93800000
20
-1180.99300000
30
0.00000000
0
VERTEX
8
Feedline
10
2671.29100000
20
-1180.92300000
30
0.00000000
0
VERTEX
8
Feedline
10
2671.63200000
20
-1180.84700000
30
0.00000000
0
VERTEX
8
Feedline
10
2671.97600000
20
-1180.76300000
30
0.00000000
0
VERTEX
8
Feedline
10
2672.31900000
20
-1180.67100000
30
0.00000000
0
VERTEX
8
Feedline
10
2672.65800000
20
-1180.57000000
30
0.00000000
0
VERTEX
8
Feedline
10
2672.99600000
20
-1180.46300000
30
0.00000000
0
VERTEX
8
Feedline
10
2673.33100000
20
-1180.34900000
30
0.00000000
0
VERTEX
8
Feedline
10
2673.66400000
20
-1180.22600000
30
0.00000000
0
VERTEX
8
Feedline
10
2673.99400000
20
-1180.09700000
30
0.00000000
0
VERTEX
8
Feedline
10
2674.32900000
20
-1179.95600000
30
0.00000000
0
VERTEX
8
Feedline
10
2674.64500000
20
-1179.81600000
30
0.00000000
0
VERTEX
8
Feedline
10
2674.96600000
20
-1179.66400000
30
0.00000000
0
VERTEX
8
Feedline
10
2675.28300000
20
-1179.50600000
30
0.00000000
0
VERTEX
8
Feedline
10
2675.59700000
20
-1179.34100000
30
0.00000000
0
VERTEX
8
Feedline
10
2675.90600000
20
-1179.16900000
30
0.00000000
0
VERTEX
8
Feedline
10
2676.21200000
20
-1178.98900000
30
0.00000000
0
VERTEX
8
Feedline
10
2676.51400000
20
-1178.80400000
30
0.00000000
0
VERTEX
8
Feedline
10
2676.81200000
20
-1178.61000000
30
0.00000000
0
VERTEX
8
Feedline
10
2677.10500000
20
-1178.41200000
30
0.00000000
0
VERTEX
8
Feedline
10
2677.39500000
20
-1178.20600000
30
0.00000000
0
VERTEX
8
Feedline
10
2677.67900000
20
-1177.99400000
30
0.00000000
0
VERTEX
8
Feedline
10
2677.95800000
20
-1177.77600000
30
0.00000000
0
VERTEX
8
Feedline
10
2678.23200000
20
-1177.55200000
30
0.00000000
0
VERTEX
8
Feedline
10
2678.50300000
20
-1177.32000000
30
0.00000000
0
VERTEX
8
Feedline
10
2678.76600000
20
-1177.08400000
30
0.00000000
0
VERTEX
8
Feedline
10
2679.02400000
20
-1176.84200000
30
0.00000000
0
VERTEX
8
Feedline
10
2679.27900000
20
-1176.59400000
30
0.00000000
0
VERTEX
8
Feedline
10
2750.05600000
20
-1105.81700000
30
0.00000000
0
VERTEX
8
Feedline
10
2755.07600000
20
-1110.83800000
30
0.00000000
0
VERTEX
8
Feedline
10
2656.72200000
20
-1209.19200000
30
0.00000000
0
VERTEX
8
Feedline
10
2656.47800000
20
-1209.44100000
30
0.00000000
0
VERTEX
8
Feedline
10
2656.24100000
20
-1209.69500000
30
0.00000000
0
VERTEX
8
Feedline
10
2656.00900000
20
-1209.95400000
30
0.00000000
0
VERTEX
8
Feedline
10
2655.78100000
20
-1210.21800000
30
0.00000000
0
VERTEX
8
Feedline
10
2655.56100000
20
-1210.48700000
30
0.00000000
0
VERTEX
8
Feedline
10
2655.34600000
20
-1210.76000000
30
0.00000000
0
VERTEX
8
Feedline
10
2655.13700000
20
-1211.03900000
30
0.00000000
0
VERTEX
8
Feedline
10
2654.93500000
20
-1211.32200000
30
0.00000000
0
VERTEX
8
Feedline
10
2654.73800000
20
-1211.60900000
30
0.00000000
0
VERTEX
8
Feedline
10
2654.54800000
20
-1211.90100000
30
0.00000000
0
VERTEX
8
Feedline
10
2654.36400000
20
-1212.19600000
30
0.00000000
0
VERTEX
8
Feedline
10
2654.18700000
20
-1212.49500000
30
0.00000000
0
VERTEX
8
Feedline
10
2654.01600000
20
-1212.79900000
30
0.00000000
0
VERTEX
8
Feedline
10
2653.85200000
20
-1213.10500000
30
0.00000000
0
VERTEX
8
Feedline
10
2653.69500000
20
-1213.41600000
30
0.00000000
0
VERTEX
8
Feedline
10
2653.54400000
20
-1213.72900000
30
0.00000000
0
VERTEX
8
Feedline
10
2653.40100000
20
-1214.04600000
30
0.00000000
0
VERTEX
8
Feedline
10
2653.26400000
20
-1214.36600000
30
0.00000000
0
VERTEX
8
Feedline
10
2653.13500000
20
-1214.68900000
30
0.00000000
0
VERTEX
8
Feedline
10
2653.01200000
20
-1215.01500000
30
0.00000000
0
VERTEX
8
Feedline
10
2652.89600000
20
-1215.34300000
30
0.00000000
0
VERTEX
8
Feedline
10
2652.78800000
20
-1215.67700000
30
0.00000000
0
VERTEX
8
Feedline
10
2652.68600000
20
-1216.01100000
30
0.00000000
0
VERTEX
8
Feedline
10
2652.59200000
20
-1216.34600000
30
0.00000000
0
VERTEX
8
Feedline
10
2652.50600000
20
-1216.68700000
30
0.00000000
0
VERTEX
8
Feedline
10
2652.42700000
20
-1217.02300000
30
0.00000000
0
VERTEX
8
Feedline
10
2652.35500000
20
-1217.36400000
30
0.00000000
0
VERTEX
8
Feedline
10
2652.29100000
20
-1217.70700000
30
0.00000000
0
VERTEX
8
Feedline
10
2652.23400000
20
-1218.05100000
30
0.00000000
0
VERTEX
8
Feedline
10
2652.18600000
20
-1218.39700000
30
0.00000000
0
VERTEX
8
Feedline
10
2652.14500000
20
-1218.73400000
30
0.00000000
0
VERTEX
8
Feedline
10
2652.11100000
20
-1219.08000000
30
0.00000000
0
VERTEX
8
Feedline
10
2652.08400000
20
-1219.42700000
30
0.00000000
0
VERTEX
8
Feedline
10
2652.06500000
20
-1219.77400000
30
0.00000000
0
VERTEX
8
Feedline
10
2652.05400000
20
-1220.12200000
30
0.00000000
0
VERTEX
8
Feedline
10
2652.05000000
20
-1220.47000000
30
0.00000000
0
VERTEX
8
Feedline
10
2652.05000000
20
-1518.86900000
30
0.00000000
0
VERTEX
8
Feedline
10
2652.05400000
20
-1519.22400000
30
0.00000000
0
VERTEX
8
Feedline
10
2652.06600000
20
-1519.57900000
30
0.00000000
0
VERTEX
8
Feedline
10
2652.08600000
20
-1519.93300000
30
0.00000000
0
VERTEX
8
Feedline
10
2652.11300000
20
-1520.28600000
30
0.00000000
0
VERTEX
8
Feedline
10
2652.14900000
20
-1520.63800000
30
0.00000000
0
VERTEX
8
Feedline
10
2652.19200000
20
-1520.99000000
30
0.00000000
0
VERTEX
8
Feedline
10
2652.24200000
20
-1521.34100000
30
0.00000000
0
VERTEX
8
Feedline
10
2652.30100000
20
-1521.69100000
30
0.00000000
0
VERTEX
8
Feedline
10
2652.36800000
20
-1522.03900000
30
0.00000000
0
VERTEX
8
Feedline
10
2652.44300000
20
-1522.38600000
30
0.00000000
0
VERTEX
8
Feedline
10
2652.52500000
20
-1522.73100000
30
0.00000000
0
VERTEX
8
Feedline
10
2652.61400000
20
-1523.07400000
30
0.00000000
0
VERTEX
8
Feedline
10
2652.71100000
20
-1523.41500000
30
0.00000000
0
VERTEX
8
Feedline
10
2652.81700000
20
-1523.75400000
30
0.00000000
0
VERTEX
8
Feedline
10
2652.92800000
20
-1524.09000000
30
0.00000000
0
VERTEX
8
Feedline
10
2653.04800000
20
-1524.42400000
30
0.00000000
0
VERTEX
8
Feedline
10
2653.17500000
20
-1524.75500000
30
0.00000000
0
VERTEX
8
Feedline
10
2653.31000000
20
-1525.08300000
30
0.00000000
0
VERTEX
8
Feedline
10
2653.45200000
20
-1525.40800000
30
0.00000000
0
VERTEX
8
Feedline
10
2653.60000000
20
-1525.72800000
30
0.00000000
0
VERTEX
8
Feedline
10
2653.75700000
20
-1526.04800000
30
0.00000000
0
VERTEX
8
Feedline
10
2653.92000000
20
-1526.36500000
30
0.00000000
0
VERTEX
8
Feedline
10
2654.09000000
20
-1526.67400000
30
0.00000000
0
VERTEX
8
Feedline
10
2654.26600000
20
-1526.98100000
30
0.00000000
0
VERTEX
8
Feedline
10
2654.45000000
20
-1527.28400000
30
0.00000000
0
VERTEX
8
Feedline
10
2654.64100000
20
-1527.58300000
30
0.00000000
0
VERTEX
8
Feedline
10
2654.83700000
20
-1527.87800000
30
0.00000000
0
VERTEX
8
Feedline
10
2655.04100000
20
-1528.16800000
30
0.00000000
0
VERTEX
8
Feedline
10
2655.25100000
20
-1528.45400000
30
0.00000000
0
VERTEX
8
Feedline
10
2655.47200000
20
-1528.74000000
30
0.00000000
0
VERTEX
8
Feedline
10
2655.69000000
20
-1529.01100000
30
0.00000000
0
VERTEX
8
Feedline
10
2655.91800000
20
-1529.28200000
30
0.00000000
0
VERTEX
8
Feedline
10
2656.15200000
20
-1529.54800000
30
0.00000000
0
VERTEX
8
Feedline
10
2656.39200000
20
-1529.80900000
30
0.00000000
0
VERTEX
8
Feedline
10
2656.63900000
20
-1530.06400000
30
0.00000000
0
VERTEX
8
Feedline
10
2656.89000000
20
-1530.31400000
30
0.00000000
0
VERTEX
8
Feedline
10
2657.14700000
20
-1530.55700000
30
0.00000000
0
VERTEX
8
Feedline
10
2657.40900000
20
-1530.79700000
30
0.00000000
0
VERTEX
8
Feedline
10
2657.67700000
20
-1531.02900000
30
0.00000000
0
VERTEX
8
Feedline
10
2657.95100000
20
-1531.25500000
30
0.00000000
0
VERTEX
8
Feedline
10
2658.22800000
20
-1531.47500000
30
0.00000000
0
VERTEX
8
Feedline
10
2658.51100000
20
-1531.69000000
30
0.00000000
0
VERTEX
8
Feedline
10
2658.79800000
20
-1531.89700000
30
0.00000000
0
VERTEX
8
Feedline
10
2659.09000000
20
-1532.09900000
30
0.00000000
0
VERTEX
8
Feedline
10
2659.38600000
20
-1532.29300000
30
0.00000000
0
VERTEX
8
Feedline
10
2659.68600000
20
-1532.48100000
30
0.00000000
0
VERTEX
8
Feedline
10
2659.99500000
20
-1532.66500000
30
0.00000000
0
VERTEX
8
Feedline
10
2660.29900000
20
-1532.83700000
30
0.00000000
0
VERTEX
8
Feedline
10
2660.61200000
20
-1533.00500000
30
0.00000000
0
VERTEX
8
Feedline
10
2660.92800000
20
-1533.16600000
30
0.00000000
0
VERTEX
8
Feedline
10
2661.24700000
20
-1533.32000000
30
0.00000000
0
VERTEX
8
Feedline
10
2661.57400000
20
-1533.46800000
30
0.00000000
0
VERTEX
8
Feedline
10
2661.89600000
20
-1533.60600000
30
0.00000000
0
VERTEX
8
Feedline
10
2662.22500000
20
-1533.73700000
30
0.00000000
0
VERTEX
8
Feedline
10
2662.55700000
20
-1533.86200000
30
0.00000000
0
VERTEX
8
Feedline
10
2662.89200000
20
-1533.98000000
30
0.00000000
0
VERTEX
8
Feedline
10
2663.22900000
20
-1534.08900000
30
0.00000000
0
VERTEX
8
Feedline
10
2663.57000000
20
-1534.19100000
30
0.00000000
0
VERTEX
8
Feedline
10
2663.91000000
20
-1534.28600000
30
0.00000000
0
VERTEX
8
Feedline
10
2664.25400000
20
-1534.37300000
30
0.00000000
0
VERTEX
8
Feedline
10
2664.59900000
20
-1534.45300000
30
0.00000000
0
VERTEX
8
Feedline
10
2664.94700000
20
-1534.52400000
30
0.00000000
0
VERTEX
8
Feedline
10
2665.29600000
20
-1534.58900000
30
0.00000000
0
VERTEX
8
Feedline
10
2665.64500000
20
-1534.64500000
30
0.00000000
0
VERTEX
8
Feedline
10
2665.99600000
20
-1534.69300000
30
0.00000000
0
VERTEX
8
Feedline
10
2666.34800000
20
-1534.73300000
30
0.00000000
0
VERTEX
8
Feedline
10
2666.70100000
20
-1534.76600000
30
0.00000000
0
VERTEX
8
Feedline
10
2667.05900000
20
-1534.79100000
30
0.00000000
0
VERTEX
8
Feedline
10
2667.40900000
20
-1534.80800000
30
0.00000000
0
VERTEX
8
Feedline
10
2667.76400000
20
-1534.81800000
30
0.00000000
0
VERTEX
8
Feedline
10
2668.11900000
20
-1534.81900000
30
0.00000000
0
VERTEX
8
Feedline
10
2668.47300000
20
-1534.81200000
30
0.00000000
0
VERTEX
8
Feedline
10
2668.82600000
20
-1534.79800000
30
0.00000000
0
VERTEX
8
Feedline
10
2669.18000000
20
-1534.77600000
30
0.00000000
0
VERTEX
8
Feedline
10
2669.53400000
20
-1534.74500000
30
0.00000000
0
VERTEX
8
Feedline
10
2669.88600000
20
-1534.70700000
30
0.00000000
0
VERTEX
8
Feedline
10
2670.23800000
20
-1534.66100000
30
0.00000000
0
VERTEX
8
Feedline
10
2670.59400000
20
-1534.60700000
30
0.00000000
0
VERTEX
8
Feedline
10
2670.93800000
20
-1534.54700000
30
0.00000000
0
VERTEX
8
Feedline
10
2671.29100000
20
-1534.47600000
30
0.00000000
0
VERTEX
8
Feedline
10
2671.63200000
20
-1534.40000000
30
0.00000000
0
VERTEX
8
Feedline
10
2671.97600000
20
-1534.31600000
30
0.00000000
0
VERTEX
8
Feedline
10
2672.31900000
20
-1534.22400000
30
0.00000000
0
VERTEX
8
Feedline
10
2672.65800000
20
-1534.12400000
30
0.00000000
0
VERTEX
8
Feedline
10
2672.99600000
20
-1534.01600000
30
0.00000000
0
VERTEX
8
Feedline
10
2673.33100000
20
-1533.90200000
30
0.00000000
0
VERTEX
8
Feedline
10
2673.66400000
20
-1533.77900000
30
0.00000000
0
VERTEX
8
Feedline
10
2673.99400000
20
-1533.65000000
30
0.00000000
0
VERTEX
8
Feedline
10
2674.32900000
20
-1533.50900000
30
0.00000000
0
VERTEX
8
Feedline
10
2674.64500000
20
-1533.37000000
30
0.00000000
0
VERTEX
8
Feedline
10
2674.96600000
20
-1533.21800000
30
0.00000000
0
VERTEX
8
Feedline
10
2675.28300000
20
-1533.05900000
30
0.00000000
0
VERTEX
8
Feedline
10
2675.59700000
20
-1532.89400000
30
0.00000000
0
VERTEX
8
Feedline
10
2675.90600000
20
-1532.72200000
30
0.00000000
0
VERTEX
8
Feedline
10
2676.21200000
20
-1532.54200000
30
0.00000000
0
VERTEX
8
Feedline
10
2676.52200000
20
-1532.35200000
30
0.00000000
0
VERTEX
8
Feedline
10
2676.81200000
20
-1532.16400000
30
0.00000000
0
VERTEX
8
Feedline
10
2677.10500000
20
-1531.96500000
30
0.00000000
0
VERTEX
8
Feedline
10
2677.39500000
20
-1531.76000000
30
0.00000000
0
VERTEX
8
Feedline
10
2677.67900000
20
-1531.54700000
30
0.00000000
0
VERTEX
8
Feedline
10
2677.95800000
20
-1531.32900000
30
0.00000000
0
VERTEX
8
Feedline
10
2678.23200000
20
-1531.10500000
30
0.00000000
0
VERTEX
8
Feedline
10
2678.50300000
20
-1530.87300000
30
0.00000000
0
VERTEX
8
Feedline
10
2678.76600000
20
-1530.63800000
30
0.00000000
0
VERTEX
8
Feedline
10
2679.02400000
20
-1530.39600000
30
0.00000000
0
VERTEX
8
Feedline
10
2679.27900000
20
-1530.14700000
30
0.00000000
0
VERTEX
8
Feedline
10
2750.05600000
20
-1459.37000000
30
0.00000000
0
VERTEX
8
Feedline
10
2755.07600000
20
-1464.39100000
30
0.00000000
0
VERTEX
8
Feedline
10
2656.72200000
20
-1562.74500000
30
0.00000000
0
VERTEX
8
Feedline
10
2656.47800000
20
-1562.99500000
30
0.00000000
0
VERTEX
8
Feedline
10
2656.24100000
20
-1563.24800000
30
0.00000000
0
VERTEX
8
Feedline
10
2656.00900000
20
-1563.50700000
30
0.00000000
0
VERTEX
8
Feedline
10
2655.78100000
20
-1563.77100000
30
0.00000000
0
VERTEX
8
Feedline
10
2655.56100000
20
-1564.04000000
30
0.00000000
0
VERTEX
8
Feedline
10
2655.34600000
20
-1564.31400000
30
0.00000000
0
VERTEX
8
Feedline
10
2655.13700000
20
-1564.59300000
30
0.00000000
0
VERTEX
8
Feedline
10
2654.93500000
20
-1564.87600000
30
0.00000000
0
VERTEX
8
Feedline
10
2654.73800000
20
-1565.16300000
30
0.00000000
0
VERTEX
8
Feedline
10
2654.54800000
20
-1565.45400000
30
0.00000000
0
VERTEX
8
Feedline
10
2654.36400000
20
-1565.74900000
30
0.00000000
0
VERTEX
8
Feedline
10
2654.18200000
20
-1566.05800000
30
0.00000000
0
VERTEX
8
Feedline
10
2654.01600000
20
-1566.35200000
30
0.00000000
0
VERTEX
8
Feedline
10
2653.85200000
20
-1566.65900000
30
0.00000000
0
VERTEX
8
Feedline
10
2653.69500000
20
-1566.96900000
30
0.00000000
0
VERTEX
8
Feedline
10
2653.54400000
20
-1567.28300000
30
0.00000000
0
VERTEX
8
Feedline
10
2653.40100000
20
-1567.60000000
30
0.00000000
0
VERTEX
8
Feedline
10
2653.26400000
20
-1567.92000000
30
0.00000000
0
VERTEX
8
Feedline
10
2653.13500000
20
-1568.24300000
30
0.00000000
0
VERTEX
8
Feedline
10
2653.01200000
20
-1568.56800000
30
0.00000000
0
VERTEX
8
Feedline
10
2652.89600000
20
-1568.89700000
30
0.00000000
0
VERTEX
8
Feedline
10
2652.78800000
20
-1569.23000000
30
0.00000000
0
VERTEX
8
Feedline
10
2652.68600000
20
-1569.56500000
30
0.00000000
0
VERTEX
8
Feedline
10
2652.59200000
20
-1569.90000000
30
0.00000000
0
VERTEX
8
Feedline
10
2652.50600000
20
-1570.24100000
30
0.00000000
0
VERTEX
8
Feedline
10
2652.42700000
20
-1570.57700000
30
0.00000000
0
VERTEX
8
Feedline
10
2652.35500000
20
-1570.91700000
30
0.00000000
0
VERTEX
8
Feedline
10
2652.29100000
20
-1571.26000000
30
0.00000000
0
VERTEX
8
Feedline
10
2652.23400000
20
-1571.60500000
30
0.00000000
0
VERTEX
8
Feedline
10
2652.18600000
20
-1571.95000000
30
0.00000000
0
VERTEX
8
Feedline
10
2652.14500000
20
-1572.28700000
30
0.00000000
0
VERTEX
8
Feedline
10
2652.11100000
20
-1572.63300000
30
0.00000000
0
VERTEX
8
Feedline
10
2652.08400000
20
-1572.98000000
30
0.00000000
0
VERTEX
8
Feedline
10
2652.06500000
20
-1573.32800000
30
0.00000000
0
VERTEX
8
Feedline
10
2652.05400000
20
-1573.67600000
30
0.00000000
0
VERTEX
8
Feedline
10
2652.05000000
20
-1574.02400000
30
0.00000000
0
VERTEX
8
Feedline
10
2652.05000000
20
-1872.42300000
30
0.00000000
0
VERTEX
8
Feedline
10
2652.05400000
20
-1872.77700000
30
0.00000000
0
VERTEX
8
Feedline
10
2652.06600000
20
-1873.13200000
30
0.00000000
0
VERTEX
8
Feedline
10
2652.08600000
20
-1873.48600000
30
0.00000000
0
VERTEX
8
Feedline
10
2652.11300000
20
-1873.84000000
30
0.00000000
0
VERTEX
8
Feedline
10
2652.14900000
20
-1874.19100000
30
0.00000000
0
VERTEX
8
Feedline
10
2652.19200000
20
-1874.54300000
30
0.00000000
0
VERTEX
8
Feedline
10
2652.24200000
20
-1874.89400000
30
0.00000000
0
VERTEX
8
Feedline
10
2652.30100000
20
-1875.24400000
30
0.00000000
0
VERTEX
8
Feedline
10
2652.36800000
20
-1875.59200000
30
0.00000000
0
VERTEX
8
Feedline
10
2652.44300000
20
-1875.93900000
30
0.00000000
0
VERTEX
8
Feedline
10
2652.52500000
20
-1876.28400000
30
0.00000000
0
VERTEX
8
Feedline
10
2652.61400000
20
-1876.62700000
30
0.00000000
0
VERTEX
8
Feedline
10
2652.71100000
20
-1876.96800000
30
0.00000000
0
VERTEX
8
Feedline
10
2652.81700000
20
-1877.30700000
30
0.00000000
0
VERTEX
8
Feedline
10
2652.92800000
20
-1877.64300000
30
0.00000000
0
VERTEX
8
Feedline
10
2653.04800000
20
-1877.97700000
30
0.00000000
0
VERTEX
8
Feedline
10
2653.17500000
20
-1878.30800000
30
0.00000000
0
VERTEX
8
Feedline
10
2653.31000000
20
-1878.63600000
30
0.00000000
0
VERTEX
8
Feedline
10
2653.45200000
20
-1878.96100000
30
0.00000000
0
VERTEX
8
Feedline
10
2653.60000000
20
-1879.28200000
30
0.00000000
0
VERTEX
8
Feedline
10
2653.75700000
20
-1879.60100000
30
0.00000000
0
VERTEX
8
Feedline
10
2653.92000000
20
-1879.91800000
30
0.00000000
0
VERTEX
8
Feedline
10
2654.09000000
20
-1880.22700000
30
0.00000000
0
VERTEX
8
Feedline
10
2654.26600000
20
-1880.53400000
30
0.00000000
0
VERTEX
8
Feedline
10
2654.45000000
20
-1880.83800000
30
0.00000000
0
VERTEX
8
Feedline
10
2654.64100000
20
-1881.13700000
30
0.00000000
0
VERTEX
8
Feedline
10
2654.83700000
20
-1881.43100000
30
0.00000000
0
VERTEX
8
Feedline
10
2655.04100000
20
-1881.72200000
30
0.00000000
0
VERTEX
8
Feedline
10
2655.25100000
20
-1882.00700000
30
0.00000000
0
VERTEX
8
Feedline
10
2655.47200000
20
-1882.29300000
30
0.00000000
0
VERTEX
8
Feedline
10
2655.69000000
20
-1882.56400000
30
0.00000000
0
VERTEX
8
Feedline
10
2655.91800000
20
-1882.83500000
30
0.00000000
0
VERTEX
8
Feedline
10
2656.15200000
20
-1883.10200000
30
0.00000000
0
VERTEX
8
Feedline
10
2656.39200000
20
-1883.36200000
30
0.00000000
0
VERTEX
8
Feedline
10
2656.63900000
20
-1883.61700000
30
0.00000000
0
VERTEX
8
Feedline
10
2656.89000000
20
-1883.86700000
30
0.00000000
0
VERTEX
8
Feedline
10
2657.14700000
20
-1884.11100000
30
0.00000000
0
VERTEX
8
Feedline
10
2657.40900000
20
-1884.35000000
30
0.00000000
0
VERTEX
8
Feedline
10
2657.67700000
20
-1884.58200000
30
0.00000000
0
VERTEX
8
Feedline
10
2657.95100000
20
-1884.80800000
30
0.00000000
0
VERTEX
8
Feedline
10
2658.22800000
20
-1885.02800000
30
0.00000000
0
VERTEX
8
Feedline
10
2658.51100000
20
-1885.24300000
30
0.00000000
0
VERTEX
8
Feedline
10
2658.79800000
20
-1885.45000000
30
0.00000000
0
VERTEX
8
Feedline
10
2659.09000000
20
-1885.65200000
30
0.00000000
0
VERTEX
8
Feedline
10
2659.38600000
20
-1885.84700000
30
0.00000000
0
VERTEX
8
Feedline
10
2659.68600000
20
-1886.03400000
30
0.00000000
0
VERTEX
8
Feedline
10
2659.99500000
20
-1886.21800000
30
0.00000000
0
VERTEX
8
Feedline
10
2660.29900000
20
-1886.39100000
30
0.00000000
0
VERTEX
8
Feedline
10
2660.61200000
20
-1886.55900000
30
0.00000000
0
VERTEX
8
Feedline
10
2660.92800000
20
-1886.71900000
30
0.00000000
0
VERTEX
8
Feedline
10
2661.24700000
20
-1886.87300000
30
0.00000000
0
VERTEX
8
Feedline
10
2661.57400000
20
-1887.02100000
30
0.00000000
0
VERTEX
8
Feedline
10
2661.89600000
20
-1887.15900000
30
0.00000000
0
VERTEX
8
Feedline
10
2662.22500000
20
-1887.29000000
30
0.00000000
0
VERTEX
8
Feedline
10
2662.55700000
20
-1887.41500000
30
0.00000000
0
VERTEX
8
Feedline
10
2662.89200000
20
-1887.53300000
30
0.00000000
0
VERTEX
8
Feedline
10
2663.22900000
20
-1887.64200000
30
0.00000000
0
VERTEX
8
Feedline
10
2663.57000000
20
-1887.74500000
30
0.00000000
0
VERTEX
8
Feedline
10
2663.91000000
20
-1887.84000000
30
0.00000000
0
VERTEX
8
Feedline
10
2664.25400000
20
-1887.92600000
30
0.00000000
0
VERTEX
8
Feedline
10
2664.59900000
20
-1888.00600000
30
0.00000000
0
VERTEX
8
Feedline
10
2664.94700000
20
-1888.07800000
30
0.00000000
0
VERTEX
8
Feedline
10
2665.29600000
20
-1888.14200000
30
0.00000000
0
VERTEX
8
Feedline
10
2665.64500000
20
-1888.19800000
30
0.00000000
0
VERTEX
8
Feedline
10
2665.99600000
20
-1888.24600000
30
0.00000000
0
VERTEX
8
Feedline
10
2666.34800000
20
-1888.28700000
30
0.00000000
0
VERTEX
8
Feedline
10
2666.70100000
20
-1888.32000000
30
0.00000000
0
VERTEX
8
Feedline
10
2667.05900000
20
-1888.34500000
30
0.00000000
0
VERTEX
8
Feedline
10
2667.40900000
20
-1888.36200000
30
0.00000000
0
VERTEX
8
Feedline
10
2667.76400000
20
-1888.37100000
30
0.00000000
0
VERTEX
8
Feedline
10
2668.11900000
20
-1888.37200000
30
0.00000000
0
VERTEX
8
Feedline
10
2668.47300000
20
-1888.36600000
30
0.00000000
0
VERTEX
8
Feedline
10
2668.82600000
20
-1888.35100000
30
0.00000000
0
VERTEX
8
Feedline
10
2669.18000000
20
-1888.32900000
30
0.00000000
0
VERTEX
8
Feedline
10
2669.53400000
20
-1888.29900000
30
0.00000000
0
VERTEX
8
Feedline
10
2669.88600000
20
-1888.26100000
30
0.00000000
0
VERTEX
8
Feedline
10
2670.23800000
20
-1888.21500000
30
0.00000000
0
VERTEX
8
Feedline
10
2670.59400000
20
-1888.16100000
30
0.00000000
0
VERTEX
8
Feedline
10
2670.93800000
20
-1888.10000000
30
0.00000000
0
VERTEX
8
Feedline
10
2671.29100000
20
-1888.03000000
30
0.00000000
0
VERTEX
8
Feedline
10
2671.63200000
20
-1887.95400000
30
0.00000000
0
VERTEX
8
Feedline
10
2671.97600000
20
-1887.87000000
30
0.00000000
0
VERTEX
8
Feedline
10
2672.31900000
20
-1887.77700000
30
0.00000000
0
VERTEX
8
Feedline
10
2672.65800000
20
-1887.67700000
30
0.00000000
0
VERTEX
8
Feedline
10
2672.99600000
20
-1887.57000000
30
0.00000000
0
VERTEX
8
Feedline
10
2673.33100000
20
-1887.45500000
30
0.00000000
0
VERTEX
8
Feedline
10
2673.66400000
20
-1887.33300000
30
0.00000000
0
VERTEX
8
Feedline
10
2673.99400000
20
-1887.20400000
30
0.00000000
0
VERTEX
8
Feedline
10
2674.32900000
20
-1887.06300000
30
0.00000000
0
VERTEX
8
Feedline
10
2674.64500000
20
-1886.92300000
30
0.00000000
0
VERTEX
8
Feedline
10
2674.96600000
20
-1886.77100000
30
0.00000000
0
VERTEX
8
Feedline
10
2675.28300000
20
-1886.61200000
30
0.00000000
0
VERTEX
8
Feedline
10
2675.59700000
20
-1886.44700000
30
0.00000000
0
VERTEX
8
Feedline
10
2675.90600000
20
-1886.27600000
30
0.00000000
0
SEQEND
8
Feedline
0
POLYLINE
8
Feedline
66
1
10
0.00000000
20
0.00000000
30
0.00000000
70
1
0
VERTEX
8
Feedline
10
1102.42300000
20
-2747.93400000
30
0.00000000
0
VERTEX
8
Feedline
10
1112.95900000
20
-2758.47000000
30
0.00000000
0
VERTEX
8
Feedline
10
1200.00000000
20
-2671.42800000
30
0.00000000
0
VERTEX
8
Feedline
10
1200.14300000
20
-2671.29100000
30
0.00000000
0
VERTEX
8
Feedline
10
1200.29100000
20
-2671.16000000
30
0.00000000
0
VERTEX
8
Feedline
10
1200.44400000
20
-2671.03400000
30
0.00000000
0
VERTEX
8
Feedline
10
1200.60300000
20
-2670.91400000
30
0.00000000
0
VERTEX
8
Feedline
10
1200.76500000
20
-2670.80100000
30
0.00000000
0
VERTEX
8
Feedline
10
1200.93200000
20
-2670.69400000
30
0.00000000
0
VERTEX
8
Feedline
10
1201.10400000
20
-2670.59400000
30
0.00000000
0
VERTEX
8
Feedline
10
1201.27800000
20
-2670.50000000
30
0.00000000
0
VERTEX
8
Feedline
10
1201.45700000
20
-2670.41400000
30
0.00000000
0
VERTEX
8
Feedline
10
1201.63800000
20
-2670.33500000
30
0.00000000
0
VERTEX
8
Feedline
10
1201.82300000
20
-2670.26200000
30
0.00000000
0
VERTEX
8
Feedline
10
1202.01100000
20
-2670.19700000
30
0.00000000
0
VERTEX
8
Feedline
10
1202.20000000
20
-2670.14000000
30
0.00000000
0
VERTEX
8
Feedline
10
1202.39200000
20
-2670.08900000
30
0.00000000
0
VERTEX
8
Feedline
10
1202.58500000
20
-2670.04700000
30
0.00000000
0
VERTEX
8
Feedline
10
1202.78100000
20
-2670.01300000
30
0.00000000
0
VERTEX
8
Feedline
10
1202.97700000
20
-2669.98500000
30
0.00000000
0
VERTEX
8
Feedline
10
1203.17500000
20
-2669.96500000
30
0.00000000
0
VERTEX
8
Feedline
10
1203.37500000
20
-2669.95400000
30
0.00000000
0
VERTEX
8
Feedline
10
1203.57100000
20
-2669.95000000
30
0.00000000
0
VERTEX
8
Feedline
10
1521.76900000
20
-2669.95000000
30
0.00000000
0
VERTEX
8
Feedline
10
1521.97100000
20
-2669.95400000
30
0.00000000
0
VERTEX
8
Feedline
10
1522.17200000
20
-2669.96600000
30
0.00000000
0
VERTEX
8
Feedline
10
1522.37300000
20
-2669.98600000
30
0.00000000
0
VERTEX
8
Feedline
10
1522.57200000
20
-2670.01500000
30
0.00000000
0
VERTEX
8
Feedline
10
1522.77100000
20
-2670.05000000
30
0.00000000
0
VERTEX
8
Feedline
10
1522.96800000
20
-2670.09400000
30
0.00000000
0
VERTEX
8
Feedline
10
1523.16300000
20
-2670.14600000
30
0.00000000
0
VERTEX
8
Feedline
10
1523.35500000
20
-2670.20600000
30
0.00000000
0
VERTEX
8
Feedline
10
1523.54600000
20
-2670.27200000
30
0.00000000
0
VERTEX
8
Feedline
10
1523.73300000
20
-2670.34700000
30
0.00000000
0
VERTEX
8
Feedline
10
1523.91600000
20
-2670.43000000
30
0.00000000
0
VERTEX
8
Feedline
10
1524.09700000
20
-2670.51900000
30
0.00000000
0
VERTEX
8
Feedline
10
1524.27500000
20
-2670.61600000
30
0.00000000
0
VERTEX
8
Feedline
10
1524.44800000
20
-2670.71900000
30
0.00000000
0
VERTEX
8
Feedline
10
1524.61600000
20
-2670.83000000
30
0.00000000
0
VERTEX
8
Feedline
10
1524.78100000
20
-2670.94600000
30
0.00000000
0
VERTEX
8
Feedline
10
1524.94000000
20
-2671.07000000
30
0.00000000
0
VERTEX
8
Feedline
10
1525.09400000
20
-2671.19900000
30
0.00000000
0
VERTEX
8
Feedline
10
1525.24300000
20
-2671.33600000
30
0.00000000
0
VERTEX
8
Feedline
10
1525.38700000
20
-2671.47700000
30
0.00000000
0
VERTEX
8
Feedline
10
1525.52500000
20
-2671.62500000
30
0.00000000
0
VERTEX
8
Feedline
10
1525.65700000
20
-2671.77700000
30
0.00000000
0
VERTEX
8
Feedline
10
1525.78200000
20
-2671.93500000
30
0.00000000
0
VERTEX
8
Feedline
10
1525.90100000
20
-2672.09700000
30
0.00000000
0
VERTEX
8
Feedline
10
1526.01400000
20
-2672.26500000
30
0.00000000
0
VERTEX
8
Feedline
10
1526.12000000
20
-2672.43700000
30
0.00000000
0
VERTEX
8
Feedline
10
1526.21900000
20
-2672.61200000
30
0.00000000
0
VERTEX
8
Feedline
10
1526.31100000
20
-2672.79100000
30
0.00000000
0
VERTEX
8
Feedline
10
1526.39500000
20
-2672.97500000
30
0.00000000
0
VERTEX
8
Feedline
10
1526.47300000
20
-2673.16100000
30
0.00000000
0
VERTEX
8
Feedline
10
1526.54200000
20
-2673.35100000
30
0.00000000
0
VERTEX
8
Feedline
10
1526.60400000
20
-2673.54300000
30
0.00000000
0
VERTEX
8
Feedline
10
1526.65800000
20
-2673.73600000
30
0.00000000
0
VERTEX
8
Feedline
10
1526.70500000
20
-2673.93200000
30
0.00000000
0
VERTEX
8
Feedline
10
1526.74300000
20
-2674.13000000
30
0.00000000
0
VERTEX
8
Feedline
10
1526.77500000
20
-2674.32900000
30
0.00000000
0
VERTEX
8
Feedline
10
1526.79700000
20
-2674.53000000
30
0.00000000
0
VERTEX
8
Feedline
10
1526.81200000
20
-2674.73100000
30
0.00000000
0
VERTEX
8
Feedline
10
1526.81800000
20
-2674.93200000
30
0.00000000
0
VERTEX
8
Feedline
10
1526.81700000
20
-2675.13400000
30
0.00000000
0
VERTEX
8
Feedline
10
1526.80800000
20
-2675.33600000
30
0.00000000
0
VERTEX
8
Feedline
10
1526.79100000
20
-2675.53600000
30
0.00000000
0
VERTEX
8
Feedline
10
1526.76400000
20
-2675.73700000
30
0.00000000
0
VERTEX
8
Feedline
10
1526.73100000
20
-2675.93500000
30
0.00000000
0
VERTEX
8
Feedline
10
1526.69000000
20
-2676.13300000
30
0.00000000
0
VERTEX
8
Feedline
10
1526.64100000
20
-2676.33000000
30
0.00000000
0
VERTEX
8
Feedline
10
1526.58400000
20
-2676.52200000
30
0.00000000
0
VERTEX
8
Feedline
10
1526.51900000
20
-2676.71300000
30
0.00000000
0
VERTEX
8
Feedline
10
1526.44700000
20
-2676.90200000
30
0.00000000
0
VERTEX
8
Feedline
10
1526.36800000
20
-2677.08700000
30
0.00000000
0
VERTEX
8
Feedline
10
1526.28100000
20
-2677.26800000
30
0.00000000
0
VERTEX
8
Feedline
10
1526.18700000
20
-2677.44700000
30
0.00000000
0
VERTEX
8
Feedline
10
1526.08600000
20
-2677.62100000
30
0.00000000
0
VERTEX
8
Feedline
10
1525.97800000
20
-2677.79200000
30
0.00000000
0
VERTEX
8
Feedline
10
1525.86000000
20
-2677.96100000
30
0.00000000
0
VERTEX
8
Feedline
10
1525.74100000
20
-2678.11900000
30
0.00000000
0
VERTEX
8
Feedline
10
1525.61300000
20
-2678.27400000
30
0.00000000
0
VERTEX
8
Feedline
10
1525.48000000
20
-2678.42600000
30
0.00000000
0
VERTEX
8
Feedline
10
1525.34000000
20
-2678.57100000
30
0.00000000
0
VERTEX
8
Feedline
10
1455.97700000
20
-2747.93400000
30
0.00000000
0
VERTEX
8
Feedline
10
1466.51200000
20
-2758.47000000
30
0.00000000
0
VERTEX
8
Feedline
10
1553.55400000
20
-2671.42800000
30
0.00000000
0
VERTEX
8
Feedline
10
1553.69600000
20
-2671.29100000
30
0.00000000
0
VERTEX
8
Feedline
10
1553.84500000
20
-2671.16000000
30
0.00000000
0
VERTEX
8
Feedline
10
1553.99800000
20
-2671.03400000
30
0.00000000
0
VERTEX
8
Feedline
10
1554.15600000
20
-2670.91500000
30
0.00000000
0
VERTEX
8
Feedline
10
1554.31800000
20
-2670.80100000
30
0.00000000
0
VERTEX
8
Feedline
10
1554.48600000
20
-2670.69400000
30
0.00000000
0
VERTEX
8
Feedline
10
1554.65700000
20
-2670.59400000
30
0.00000000
0
VERTEX
8
Feedline
10
1554.83100000
20
-2670.50000000
30
0.00000000
0
VERTEX
8
Feedline
10
1555.01000000
20
-2670.41400000
30
0.00000000
0
VERTEX
8
Feedline
10
1555.19200000
20
-2670.33500000
30
0.00000000
0
VERTEX
8
Feedline
10
1555.37700000
20
-2670.26200000
30
0.00000000
0
VERTEX
8
Feedline
10
1555.56400000
20
-2670.19700000
30
0.00000000
0
VERTEX
8
Feedline
10
1555.75300000
20
-2670.14000000
30
0.00000000
0
VERTEX
8
Feedline
10
1555.94500000
20
-2670.08900000
30
0.00000000
0
VERTEX
8
Feedline
10
1556.13900000
20
-2670.04700000
30
0.00000000
0
VERTEX
8
Feedline
10
1556.33400000
20
-2670.01300000
30
0.00000000
0
VERTEX
8
Feedline
10
1556.53100000
20
-2669.98500000
30
0.00000000
0
VERTEX
8
Feedline
10
1556.72800000
20
-2669.96500000
30
0.00000000
0
VERTEX
8
Feedline
10
1556.92800000
20
-2669.95400000
30
0.00000000
0
VERTEX
8
Feedline
10
1557.12400000
20
-2669.95000000
30
0.00000000
0
VERTEX
8
Feedline
10
1875.32200000
20
-2669.95000000
30
0.00000000
0
VERTEX
8
Feedline
10
1875.52400000
20
-2669.95400000
30
0.00000000
0
VERTEX
8
Feedline
10
1875.72500000
20
-2669.96600000
30
0.00000000
0
VERTEX
8
Feedline
10
1875.92600000
20
-2669.98600000
30
0.00000000
0
VERTEX
8
Feedline
10
1876.12600000
20
-2670.01500000
30
0.00000000
0
VERTEX
8
Feedline
10
1876.32400000
20
-2670.05000000
30
0.00000000
0
VERTEX
8
Feedline
10
1876.52100000
20
-2670.09400000
30
0.00000000
0
VERTEX
8
Feedline
10
1876.71600000
20
-2670.14600000
30
0.00000000
0
VERTEX
8
Feedline
10
1876.90900000
20
-2670.20600000
30
0.00000000
0
VERTEX
8
Feedline
10
1877.09900000
20
-2670.27200000
30
0.00000000
0
VERTEX
8
Feedline
10
1877.28600000
20
-2670.34700000
30
0.00000000
0
VERTEX
8
Feedline
10
1877.47000000
20
-2670.43000000
30
0.00000000
0
VERTEX
8
Feedline
10
1877.65100000
20
-2670.51900000
30
0.00000000
0
VERTEX
8
Feedline
10
1877.82800000
20
-2670.61600000
30
0.00000000
0
VERTEX
8
Feedline
10
1878.00100000
20
-2670.71900000
30
0.00000000
0
VERTEX
8
Feedline
10
1878.17000000
20
-2670.83000000
30
0.00000000
0
VERTEX
8
Feedline
10
1878.33400000
20
-2670.94600000
30
0.00000000
0
VERTEX
8
Feedline
10
1878.49300000
20
-2671.07000000
30
0.00000000
0
VERTEX
8
Feedline
10
1878.64800000
20
-2671.19900000
30
0.00000000
0
VERTEX
8
Feedline
10
1878.79600000
20
-2671.33600000
30
0.00000000
0
VERTEX
8
Feedline
10
1878.94100000
20
-2671.47700000
30
0.00000000
0
VERTEX
8
Feedline
10
1879.07800000
20
-2671.62500000
30
0.00000000
0
VERTEX
8
Feedline
10
1879.21000000
20
-2671.77700000
30
0.00000000
0
VERTEX
8
Feedline
10
1879.33600000
20
-2671.93500000
30
0.00000000
0
VERTEX
8
Feedline
10
1879.45500000
20
-2672.09700000
30
0.00000000
0
VERTEX
8
Feedline
10
1879.56700000
20
-2672.26500000
30
0.00000000
0
VERTEX
8
Feedline
10
1879.67300000
20
-2672.43700000
30
0.00000000
0
VERTEX
8
Feedline
10
1879.77200000
20
-2672.61200000
30
0.00000000
0
VERTEX
8
Feedline
10
1879.86400000
20
-2672.79100000
30
0.00000000
0
VERTEX
8
Feedline
10
1879.94900000
20
-2672.97500000
30
0.00000000
0
VERTEX
8
Feedline
10
1880.02600000
20
-2673.16200000
30
0.00000000
0
VERTEX
8
Feedline
10
1880.09500000
20
-2673.35100000
30
0.00000000
0
VERTEX
8
Feedline
10
1880.15700000
20
-2673.54300000
30
0.00000000
0
VERTEX
8
Feedline
10
1880.21100000
20
-2673.73600000
30
0.00000000
0
VERTEX
8
Feedline
10
1880.25800000
20
-2673.93200000
30
0.00000000
0
VERTEX
8
Feedline
10
1880.29700000
20
-2674.13000000
30
0.00000000
0
VERTEX
8
Feedline
10
1880.32800000
20
-2674.32900000
30
0.00000000
0
VERTEX
8
Feedline
10
1880.35100000
20
-2674.53000000
30
0.00000000
0
VERTEX
8
Feedline
10
1880.36500000
20
-2674.73100000
30
0.00000000
0
VERTEX
8
Feedline
10
1880.37200000
20
-2674.93200000
30
0.00000000
0
VERTEX
8
Feedline
10
1880.37100000
20
-2675.13400000
30
0.00000000
0
VERTEX
8
Feedline
10
1880.36100000
20
-2675.33600000
30
0.00000000
0
VERTEX
8
Feedline
10
1880.34400000
20
-2675.53600000
30
0.00000000
0
VERTEX
8
Feedline
10
1880.31800000
20
-2675.73700000
30
0.00000000
0
VERTEX
8
Feedline
10
1880.28500000
20
-2675.93500000
30
0.00000000
0
VERTEX
8
Feedline
10
1880.24400000
20
-2676.13300000
30
0.00000000
0
VERTEX
8
Feedline
10
1880.19400000
20
-2676.32900000
30
0.00000000
0
VERTEX
8
Feedline
10
1880.13800000
20
-2676.52200000
30
0.00000000
0
VERTEX
8
Feedline
10
1880.07300000
20
-2676.71300000
30
0.00000000
0
VERTEX
8
Feedline
10
1880.00000000
20
-2676.90200000
30
0.00000000
0
VERTEX
8
Feedline
10
1879.92200000
20
-2677.08700000
30
0.00000000
0
VERTEX
8
Feedline
10
1879.83400000
20
-2677.26900000
30
0.00000000
0
VERTEX
8
Feedline
10
1879.74000000
20
-2677.44700000
30
0.00000000
0
VERTEX
8
Feedline
10
1879.63900000
20
-2677.62100000
30
0.00000000
0
VERTEX
8
Feedline
10
1879.53100000
20
-2677.79200000
30
0.00000000
0
VERTEX
8
Feedline
10
1879.41400000
20
-2677.95900000
30
0.00000000
0
VERTEX
8
Feedline
10
1879.29400000
20
-2678.11900000
30
0.00000000
0
VERTEX
8
Feedline
10
1879.16700000
20
-2678.27400000
30
0.00000000
0
VERTEX
8
Feedline
10
1879.03300000
20
-2678.42600000
30
0.00000000
0
VERTEX
8
Feedline
10
1878.89400000
20
-2678.57100000
30
0.00000000
0
VERTEX
8
Feedline
10
1809.53000000
20
-2747.93400000
30
0.00000000
0
VERTEX
8
Feedline
10
1820.06600000
20
-2758.47000000
30
0.00000000
0
VERTEX
8
Feedline
10
1907.10700000
20
-2671.42800000
30
0.00000000
0
VERTEX
8
Feedline
10
1907.25000000
20
-2671.29100000
30
0.00000000
0
VERTEX
8
Feedline
10
1907.39700000
20
-2671.16000000
30
0.00000000
0
VERTEX
8
Feedline
10
1907.55100000
20
-2671.03400000
30
0.00000000
0
VERTEX
8
Feedline
10
1907.71000000
20
-2670.91400000
30
0.00000000
0
VERTEX
8
Feedline
10
1907.87200000
20
-2670.80100000
30
0.00000000
0
VERTEX
8
Feedline
10
1908.03900000
20
-2670.69400000
30
0.00000000
0
VERTEX
8
Feedline
10
1908.21100000
20
-2670.59400000
30
0.00000000
0
VERTEX
8
Feedline
10
1908.38500000
20
-2670.50100000
30
0.00000000
0
VERTEX
8
Feedline
10
1908.56300000
20
-2670.41400000
30
0.00000000
0
VERTEX
8
Feedline
10
1908.74500000
20
-2670.33500000
30
0.00000000
0
VERTEX
8
Feedline
10
1908.93000000
20
-2670.26200000
30
0.00000000
0
VERTEX
8
Feedline
10
1909.11800000
20
-2670.19700000
30
0.00000000
0
VERTEX
8
Feedline
10
1909.30600000
20
-2670.14000000
30
0.00000000
0
VERTEX
8
Feedline
10
1909.49800000
20
-2670.08900000
30
0.00000000
0
VERTEX
8
Feedline
10
1909.69200000
20
-2670.04700000
30
0.00000000
0
VERTEX
8
Feedline
10
1909.88700000
20
-2670.01300000
30
0.00000000
0
VERTEX
8
Feedline
10
1910.08400000
20
-2669.98500000
30
0.00000000
0
VERTEX
8
Feedline
10
1910.28100000
20
-2669.96500000
30
0.00000000
0
VERTEX
8
Feedline
10
1910.48100000
20
-2669.95400000
30
0.00000000
0
VERTEX
8
Feedline
10
1910.67800000
20
-2669.95000000
30
0.00000000
0
VERTEX
8
Feedline
10
1927.57700000
20
-2669.95000000
30
0.00000000
0
VERTEX
8
Feedline
10
1927.57700000
20
-2652.05000000
30
0.00000000
0
VERTEX
8
Feedline
10
1927.22900000
20
-2652.05400000
30
0.00000000
0
VERTEX
8
Feedline
10
1926.88100000
20
-2652.06500000
30
0.00000000
0
VERTEX
8
Feedline
10
1926.53400000
20
-2652.08400000
30
0.00000000
0
VERTEX
8
Feedline
10
1926.18700000
20
-2652.11100000
30
0.00000000
0
VERTEX
8
Feedline
10
1925.84000000
20
-2652.14500000
30
0.00000000
0
VERTEX
8
Feedline
10
1925.49600000
20
-2652.18700000
30
0.00000000
0
VERTEX
8
Feedline
10
1925.15100000
20
-2652.23500000
30
0.00000000
0
VERTEX
8
Feedline
10
1924.80800000
20
-2652.29200000
30
0.00000000
0
VERTEX
8
Feedline
10
1924.46600000
20
-2652.35600000
30
0.00000000
0
VERTEX
8
Feedline
10
1924.12500000
20
-2652.42800000
30
0.00000000
0
VERTEX
8
Feedline
10
1923.78600000
20
-2652.50800000
30
0.00000000
0
VERTEX
8
Feedline
10
1923.44900000
20
-2652.59300000
30
0.00000000
0
VERTEX
8
Feedline
10
1923.11400000
20
-2652.68700000
30
0.00000000
0
VERTEX
8
Feedline
10
1922.78100000
20
-2652.78900000
30
0.00000000
0
VERTEX
8
Feedline
10
1922.45000000
20
-2652.89600000
30
0.00000000
0
VERTEX
8
Feedline
10
1922.12200000
20
-2653.01200000
30
0.00000000
0
VERTEX
8
Feedline
10
1921.79600000
20
-2653.13500000
30
0.00000000
0
VERTEX
8
Feedline
10
1921.47300000
20
-2653.26400000
30
0.00000000
0
VERTEX
8
Feedline
10
1921.15300000
20
-2653.40100000
30
0.00000000
0
VERTEX
8
Feedline
10
1920.83600000
20
-2653.54400000
30
0.00000000
0
VERTEX
8
Feedline
10
1920.52300000
20
-2653.69500000
30
0.00000000
0
VERTEX
8
Feedline
10
1920.21200000
20
-2653.85200000
30
0.00000000
0
VERTEX
8
Feedline
10
1919.90500000
20
-2654.01600000
30
0.00000000
0
VERTEX
8
Feedline
10
1919.60200000
20
-2654.18700000
30
0.00000000
0
VERTEX
8
Feedline
10
1919.30300000
20
-2654.36400000
30
0.00000000
0
VERTEX
8
Feedline
10
1919.00700000
20
-2654.54800000
30
0.00000000
0
VERTEX
8
Feedline
10
1918.71600000
20
-2654.73800000
30
0.00000000
0
VERTEX
8
Feedline
10
1918.42900000
20
-2654.93500000
30
0.00000000
0
VERTEX
8
Feedline
10
1918.14600000
20
-2655.13700000
30
0.00000000
0
VERTEX
8
Feedline
10
1917.86700000
20
-2655.34600000
30
0.00000000
0
VERTEX
8
Feedline
10
1917.59300000
20
-2655.56100000
30
0.00000000
0
VERTEX
8
Feedline
10
1917.32500000
20
-2655.78100000
30
0.00000000
0
VERTEX
8
Feedline
10
1917.06100000
20
-2656.00900000
30
0.00000000
0
VERTEX
8
Feedline
10
1916.80200000
20
-2656.24100000
30
0.00000000
0
VERTEX
8
Feedline
10
1916.54800000
20
-2656.47800000
30
0.00000000
0
VERTEX
8
Feedline
10
1916.29800000
20
-2656.72200000
30
0.00000000
0
VERTEX
8
Feedline
10
1817.94400000
20
-2755.07600000
30
0.00000000
0
VERTEX
8
Feedline
10
1812.92400000
20
-2750.05600000
30
0.00000000
0
VERTEX
8
Feedline
10
1883.70100000
20
-2679.27900000
30
0.00000000
0
VERTEX
8
Feedline
10
1883.94900000
20
-2679.02400000
30
0.00000000
0
VERTEX
8
Feedline
10
1884.19100000
20
-2678.76600000
30
0.00000000
0
VERTEX
8
Feedline
10
1884.42700000
20
-2678.50200000
30
0.00000000
0
VERTEX
8
Feedline
10
1884.65800000
20
-2678.23200000
30
0.00000000
0
VERTEX
8
Feedline
10
1884.88300000
20
-2677.95800000
30
0.00000000
0
VERTEX
8
Feedline
10
1885.10100000
20
-2677.67900000
30
0.00000000
0
VERTEX
8
Feedline
10
1885.31300000
20
-2677.39500000
30
0.00000000
0
VERTEX
8
Feedline
10
1885.51800000
20
-2677.10500000
30
0.00000000
0
VERTEX
8
Feedline
10
1885.71700000
20
-2676.81200000
30
0.00000000
0
VERTEX
8
Feedline
10
1885.91000000
20
-2676.51400000
30
0.00000000
0
VERTEX
8
Feedline
10
1886.09600000
20
-2676.21200000
30
0.00000000
0
VERTEX
8
Feedline
10
1886.27600000
20
-2675.90600000
30
0.00000000
0
VERTEX
8
Feedline
10
1886.44700000
20
-2675.59700000
30
0.00000000
0
VERTEX
8
Feedline
10
1886.61300000
20
-2675.28300000
30
0.00000000
0
VERTEX
8
Feedline
10
1886.77100000
20
-2674.96600000
30
0.00000000
0
VERTEX
8
Feedline
10
1886.92300000
20
-2674.64500000
30
0.00000000
0
VERTEX
8
Feedline
10
1887.06700000
20
-2674.32100000
30
0.00000000
0
VERTEX
8
Feedline
10
1887.20400000
20
-2673.99400000
30
0.00000000
0
VERTEX
8
Feedline
10
1887.33300000
20
-2673.66400000
30
0.00000000
0
VERTEX
8
Feedline
10
1887.45500000
20
-2673.33100000
30
0.00000000
0
VERTEX
8
Feedline
10
1887.57100000
20
-2672.99600000
30
0.00000000
0
VERTEX
8
Feedline
10
1887.67700000
20
-2672.65800000
30
0.00000000
0
VERTEX
8
Feedline
10
1887.77700000
20
-2672.31800000
30
0.00000000
0
VERTEX
8
Feedline
10
1887.87000000
20
-2671.97500000
30
0.00000000
0
VERTEX
8
Feedline
10
1887.95400000
20
-2671.63200000
30
0.00000000
0
VERTEX
8
Feedline
10
1888.03100000
20
-2671.28600000
30
0.00000000
0
VERTEX
8
Feedline
10
1888.10000000
20
-2670.93800000
30
0.00000000
0
VERTEX
8
Feedline
10
1888.16200000
20
-2670.58900000
30
0.00000000
0
VERTEX
8
Feedline
10
1888.21500000
20
-2670.23800000
30
0.00000000
0
VERTEX
8
Feedline
10
1888.26100000
20
-2669.88600000
30
0.00000000
0
VERTEX
8
Feedline
10
1888.29900000
20
-2669.53400000
30
0.00000000
0
VERTEX
8
Feedline
10
1888.32900000
20
-2669.18000000
30
0.00000000
0
VERTEX
8
Feedline
10
1888.35100000
20
-2668.82600000
30
0.00000000
0
VERTEX
8
Feedline
10
1888.36600000
20
-2668.47300000
30
0.00000000
0
VERTEX
8
Feedline
10
1888.37200000
20
-2668.11900000
30
0.00000000
0
VERTEX
8
Feedline
10
1888.37100000
20
-2667.76400000
30
0.00000000
0
VERTEX
8
Feedline
10
1888.36200000
20
-2667.40900000
30
0.00000000
0
VERTEX
8
Feedline
10
1888.34500000
20
-2667.05500000
30
0.00000000
0
VERTEX
8
Feedline
10
1888.32000000
20
-2666.70100000
30
0.00000000
0
VERTEX
8
Feedline
10
1888.28700000
20
-2666.34800000
30
0.00000000
0
VERTEX
8
Feedline
10
1888.24600000
20
-2665.99600000
30
0.00000000
0
VERTEX
8
Feedline
10
1888.19800000
20
-2665.64500000
30
0.00000000
0
VERTEX
8
Feedline
10
1888.14200000
20
-2665.29500000
30
0.00000000
0
VERTEX
8
Feedline
10
1888.07800000
20
-2664.94700000
30
0.00000000
0
VERTEX
8
Feedline
10
1888.00600000
20
-2664.59900000
30
0.00000000
0
VERTEX
8
Feedline
10
1887.92600000
20
-2664.25400000
30
0.00000000
0
VERTEX
8
Feedline
10
1887.84000000
20
-2663.91000000
30
0.00000000
0
VERTEX
8
Feedline
10
1887.74500000
20
-2663.56800000
30
0.00000000
0
VERTEX
8
Feedline
10
1887.64200000
20
-2663.22900000
30
0.00000000
0
VERTEX
8
Feedline
10
1887.53300000
20
-2662.89200000
30
0.00000000
0
VERTEX
8
Feedline
10
1887.41500000
20
-2662.55700000
30
0.00000000
0
VERTEX
8
Feedline
10
1887.29000000
20
-2662.22500000
30
0.00000000
0
VERTEX
8
Feedline
10
1887.15900000
20
-2661.89600000
30
0.00000000
0
VERTEX
8
Feedline
10
1887.01900000
20
-2661.57000000
30
0.00000000
0
VERTEX
8
Feedline
10
1886.87300000
20
-2661.24700000
30
0.00000000
0
VERTEX
8
Feedline
10
1886.71900000
20
-2660.92800000
30
0.00000000
0
VERTEX
8
Feedline
10
1886.55900000
20
-2660.61200000
30
0.00000000
0
VERTEX
8
Feedline
10
1886.39100000
20
-2660.29900000
30
0.00000000
0
VERTEX
8
Feedline
10
1886.21600000
20
-2659.99100000
30
0.00000000
0
VERTEX
8
Feedline
10
1886.03400000
20
-2659.68600000
30
0.00000000
0
VERTEX
8
Feedline
10
1885.84700000
20
-2659.38600000
30
0.00000000
0
VERTEX
8
Feedline
10
1885.65200000
20
-2659.09000000
30
0.00000000
0
VERTEX
8
Feedline
10
1885.45000000
20
-2658.79800000
30
0.00000000
0
VERTEX
8
Feedline
10
1885.24300000
20
-2658.51100000
30
0.00000000
0
VERTEX
8
Feedline
10
1885.02800000
20
-2658.22800000
30
0.00000000
0
VERTEX
8
Feedline
10
1884.80800000
20
-2657.95100000
30
0.00000000
0
VERTEX
8
Feedline
10
1884.58200000
20
-2657.67700000
30
0.00000000
0
VERTEX
8
Feedline
10
1884.35000000
20
-2657.40900000
30
0.00000000
0
VERTEX
8
Feedline
10
1884.11100000
20
-2657.14700000
30
0.00000000
0
VERTEX
8
Feedline
10
1883.86700000
20
-2656.89000000
30
0.00000000
0
VERTEX
8
Feedline
10
1883.61700000
20
-2656.63900000
30
0.00000000
0
VERTEX
8
Feedline
10
1883.36200000
20
-2656.39200000
30
0.00000000
0
VERTEX
8
Feedline
10
1883.10200000
20
-2656.15200000
30
0.00000000
0
VERTEX
8
Feedline
10
1882.83500000
20
-2655.91800000
30
0.00000000
0
VERTEX
8
Feedline
10
1882.56400000
20
-2655.69000000
30
0.00000000
0
VERTEX
8
Feedline
10
1882.28800000
20
-2655.46700000
30
0.00000000
0
VERTEX
8
Feedline
10
1882.00700000
20
-2655.25100000
30
0.00000000
0
VERTEX
8
Feedline
10
1881.72200000
20
-2655.04100000
30
0.00000000
0
VERTEX
8
Feedline
10
1881.43100000
20
-2654.83700000
30
0.00000000
0
VERTEX
8
Feedline
10
1881.13700000
20
-2654.64100000
30
0.00000000
0
VERTEX
8
Feedline
10
1880.83800000
20
-2654.45000000
30
0.00000000
0
VERTEX
8
Feedline
10
1880.53400000
20
-2654.26600000
30
0.00000000
0
VERTEX
8
Feedline
10
1880.22400000
20
-2654.08800000
30
0.00000000
0
VERTEX
8
Feedline
10
1879.91600000
20
-2653.91900000
30
0.00000000
0
VERTEX
8
Feedline
10
1879.59600000
20
-2653.75400000
30
0.00000000
0
VERTEX
8
Feedline
10
1879.27400000
20
-2653.59600000
30
0.00000000
0
VERTEX
8
Feedline
10
1878.96100000
20
-2653.45200000
30
0.00000000
0
VERTEX
8
Feedline
10
1878.63600000
20
-2653.31000000
30
0.00000000
0
VERTEX
8
Feedline
10
1878.30400000
20
-2653.17400000
30
0.00000000
0
VERTEX
8
Feedline
10
1877.97400000
20
-2653.04700000
30
0.00000000
0
VERTEX
8
Feedline
10
1877.64300000
20
-2652.92800000
30
0.00000000
0
VERTEX
8
Feedline
10
1877.30700000
20
-2652.81700000
30
0.00000000
0
VERTEX
8
Feedline
10
1876.96800000
20
-2652.71100000
30
0.00000000
0
VERTEX
8
Feedline
10
1876.62700000
20
-2652.61400000
30
0.00000000
0
VERTEX
8
Feedline
10
1876.28400000
20
-2652.52500000
30
0.00000000
0
VERTEX
8
Feedline
10
1875.93900000
20
-2652.44300000
30
0.00000000
0
VERTEX
8
Feedline
10
1875.59200000
20
-2652.36800000
30
0.00000000
0
VERTEX
8
Feedline
10
1875.24400000
20
-2652.30100000
30
0.00000000
0
VERTEX
8
Feedline
10
1874.89400000
20
-2652.24200000
30
0.00000000
0
VERTEX
8
Feedline
10
1874.54300000
20
-2652.19200000
30
0.00000000
0
VERTEX
8
Feedline
10
1874.19100000
20
-2652.14900000
30
0.00000000
0
VERTEX
8
Feedline
10
1873.84000000
20
-2652.11300000
30
0.00000000
0
VERTEX
8
Feedline
10
1873.48600000
20
-2652.08600000
30
0.00000000
0
VERTEX
8
Feedline
10
1873.13200000
20
-2652.06600000
30
0.00000000
0
VERTEX
8
Feedline
10
1872.77700000
20
-2652.05400000
30
0.00000000
0
VERTEX
8
Feedline
10
1872.42300000
20
-2652.05000000
30
0.00000000
0
VERTEX
8
Feedline
10
1574.02400000
20
-2652.05000000
30
0.00000000
0
VERTEX
8
Feedline
10
1573.67600000
20
-2652.05400000
30
0.00000000
0
VERTEX
8
Feedline
10
1573.32800000
20
-2652.06500000
30
0.00000000
0
VERTEX
8
Feedline
10
1572.98000000
20
-2652.08400000
30
0.00000000
0
VERTEX
8
Feedline
10
1572.63300000
20
-2652.11100000
30
0.00000000
0
VERTEX
8
Feedline
10
1572.28700000
20
-2652.14500000
30
0.00000000
0
VERTEX
8
Feedline
10
1571.94200000
20
-2652.18700000
30
0.00000000
0
VERTEX
8
Feedline
10
1571.59800000
20
-2652.23500000
30
0.00000000
0
VERTEX
8
Feedline
10
1571.25400000
20
-2652.29200000
30
0.00000000
0
VERTEX
8
Feedline
10
1570.91200000
20
-2652.35600000
30
0.00000000
0
VERTEX
8
Feedline
10
1570.57200000
20
-2652.42800000
30
0.00000000
0
VERTEX
8
Feedline
10
1570.23300000
20
-2652.50800000
30
0.00000000
0
VERTEX
8
Feedline
10
1569.89600000
20
-2652.59300000
30
0.00000000
0
VERTEX
8
Feedline
10
1569.56100000
20
-2652.68700000
30
0.00000000
0
VERTEX
8
Feedline
10
1569.22700000
20
-2652.78900000
30
0.00000000
0
VERTEX
8
Feedline
10
1568.89700000
20
-2652.89600000
30
0.00000000
0
VERTEX
8
Feedline
10
1568.56800000
20
-2653.01200000
30
0.00000000
0
VERTEX
8
Feedline
10
1568.24300000
20
-2653.13500000
30
0.00000000
0
VERTEX
8
Feedline
10
1567.92000000
20
-2653.26400000
30
0.00000000
0
VERTEX
8
Feedline
10
1567.60000000
20
-2653.40100000
30
0.00000000
0
VERTEX
8
Feedline
10
1567.28300000
20
-2653.54400000
30
0.00000000
0
VERTEX
8
Feedline
10
1566.96900000
20
-2653.69500000
30
0.00000000
0
VERTEX
8
Feedline
10
1566.65900000
20
-2653.85200000
30
0.00000000
0
VERTEX
8
Feedline
10
1566.35200000
20
-2654.01600000
30
0.00000000
0
VERTEX
8
Feedline
10
1566.04900000
20
-2654.18700000
30
0.00000000
0
VERTEX
8
Feedline
10
1565.74900000
20
-2654.36400000
30
0.00000000
0
VERTEX
8
Feedline
10
1565.45400000
20
-2654.54800000
30
0.00000000
0
VERTEX
8
Feedline
10
1565.16300000
20
-2654.73800000
30
0.00000000
0
VERTEX
8
Feedline
10
1564.87600000
20
-2654.93500000
30
0.00000000
0
VERTEX
8
Feedline
10
1564.59300000
20
-2655.13700000
30
0.00000000
0
VERTEX
8
Feedline
10
1564.31400000
20
-2655.34600000
30
0.00000000
0
VERTEX
8
Feedline
10
1564.04000000
20
-2655.56100000
30
0.00000000
0
VERTEX
8
Feedline
10
1563.77100000
20
-2655.78100000
30
0.00000000
0
VERTEX
8
Feedline
10
1563.50700000
20
-2656.00900000
30
0.00000000
0
VERTEX
8
Feedline
10
1563.24800000
20
-2656.24100000
30
0.00000000
0
VERTEX
8
Feedline
10
1562.99500000
20
-2656.47800000
30
0.00000000
0
VERTEX
8
Feedline
10
1562.74500000
20
-2656.72200000
30
0.00000000
0
VERTEX
8
Feedline
10
1464.39100000
20
-2755.07600000
30
0.00000000
0
VERTEX
8
Feedline
10
1459.37000000
20
-2750.05600000
30
0.00000000
0
VERTEX
8
Feedline
10
1530.14700000
20
-2679.27900000
30
0.00000000
0
VERTEX
8
Feedline
10
1530.39600000
20
-2679.02400000
30
0.00000000
0
VERTEX
8
Feedline
10
1530.63800000
20
-2678.76600000
30
0.00000000
0
VERTEX
8
Feedline
10
1530.87400000
20
-2678.50200000
30
0.00000000
0
VERTEX
8
Feedline
10
1531.10500000
20
-2678.23200000
30
0.00000000
0
VERTEX
8
Feedline
10
1531.32900000
20
-2677.95800000
30
0.00000000
0
VERTEX
8
Feedline
10
1531.54700000
20
-2677.67900000
30
0.00000000
0
VERTEX
8
Feedline
10
1531.76000000
20
-2677.39500000
30
0.00000000
0
VERTEX
8
Feedline
10
1531.96500000
20
-2677.10500000
30
0.00000000
0
VERTEX
8
Feedline
10
1532.16400000
20
-2676.81200000
30
0.00000000
0
VERTEX
8
Feedline
10
1532.35700000
20
-2676.51400000
30
0.00000000
0
VERTEX
8
Feedline
10
1532.54200000
20
-2676.21200000
30
0.00000000
0
VERTEX
8
Feedline
10
1532.72200000
20
-2675.90600000
30
0.00000000
0
VERTEX
8
Feedline
10
1532.89400000
20
-2675.59700000
30
0.00000000
0
VERTEX
8
Feedline
10
1533.06000000
20
-2675.28300000
30
0.00000000
0
VERTEX
8
Feedline
10
1533.21800000
20
-2674.96600000
30
0.00000000
0
VERTEX
8
Feedline
10
1533.37000000
20
-2674.64500000
30
0.00000000
0
VERTEX
8
Feedline
10
1533.51300000
20
-2674.32100000
30
0.00000000
0
VERTEX
8
Feedline
10
1533.65000000
20
-2673.99400000
30
0.00000000
0
VERTEX
8
Feedline
10
1533.77900000
20
-2673.66400000
30
0.00000000
0
VERTEX
8
Feedline
10
1533.90200000
20
-2673.33100000
30
0.00000000
0
VERTEX
8
Feedline
10
1534.01700000
20
-2672.99600000
30
0.00000000
0
VERTEX
8
Feedline
10
1534.12400000
20
-2672.65800000
30
0.00000000
0
VERTEX
8
Feedline
10
1534.22400000
20
-2672.31900000
30
0.00000000
0
VERTEX
8
Feedline
10
1534.31600000
20
-2671.97600000
30
0.00000000
0
VERTEX
8
Feedline
10
1534.40000000
20
-2671.63200000
30
0.00000000
0
VERTEX
8
Feedline
10
1534.47700000
20
-2671.28600000
30
0.00000000
0
VERTEX
8
Feedline
10
1534.54700000
20
-2670.93800000
30
0.00000000
0
VERTEX
8
Feedline
10
1534.60800000
20
-2670.58900000
30
0.00000000
0
VERTEX
8
Feedline
10
1534.66100000
20
-2670.23800000
30
0.00000000
0
VERTEX
8
Feedline
10
1534.70700000
20
-2669.88600000
30
0.00000000
0
VERTEX
8
Feedline
10
1534.74500000
20
-2669.53400000
30
0.00000000
0
VERTEX
8
Feedline
10
1534.77600000
20
-2669.18000000
30
0.00000000
0
VERTEX
8
Feedline
10
1534.79800000
20
-2668.82600000
30
0.00000000
0
VERTEX
8
Feedline
10
1534.81200000
20
-2668.47300000
30
0.00000000
0
VERTEX
8
Feedline
10
1534.81900000
20
-2668.11900000
30
0.00000000
0
VERTEX
8
Feedline
10
1534.81800000
20
-2667.76400000
30
0.00000000
0
VERTEX
8
Feedline
10
1534.80800000
20
-2667.40900000
30
0.00000000
0
VERTEX
8
Feedline
10
1534.79100000
20
-2667.05500000
30
0.00000000
0
VERTEX
8
Feedline
10
1534.76600000
20
-2666.70100000
30
0.00000000
0
VERTEX
8
Feedline
10
1534.73300000
20
-2666.34800000
30
0.00000000
0
VERTEX
8
Feedline
10
1534.69300000
20
-2665.99600000
30
0.00000000
0
VERTEX
8
Feedline
10
1534.64500000
20
-2665.64500000
30
0.00000000
0
VERTEX
8
Feedline
10
1534.58900000
20
-2665.29600000
30
0.00000000
0
VERTEX
8
Feedline
10
1534.52400000
20
-2664.94700000
30
0.00000000
0
VERTEX
8
Feedline
10
1534.45300000
20
-2664.59900000
30
0.00000000
0
VERTEX
8
Feedline
10
1534.37300000
20
-2664.25400000
30
0.00000000
0
VERTEX
8
Feedline
10
1534.28600000
20
-2663.91000000
30
0.00000000
0
VERTEX
8
Feedline
10
1534.19100000
20
-2663.56800000
30
0.00000000
0
VERTEX
8
Feedline
10
1534.08900000
20
-2663.22900000
30
0.00000000
0
VERTEX
8
Feedline
10
1533.98000000
20
-2662.89200000
30
0.00000000
0
VERTEX
8
Feedline
10
1533.86200000
20
-2662.55700000
30
0.00000000
0
VERTEX
8
Feedline
10
1533.73700000
20
-2662.22500000
30
0.00000000
0
VERTEX
8
Feedline
10
1533.60600000
20
-2661.89600000
30
0.00000000
0
VERTEX
8
Feedline
10
1533.46600000
20
-2661.57000000
30
0.00000000
0
VERTEX
8
Feedline
10
1533.32000000
20
-2661.24700000
30
0.00000000
0
VERTEX
8
Feedline
10
1533.16600000
20
-2660.92800000
30
0.00000000
0
VERTEX
8
Feedline
10
1533.00500000
20
-2660.61200000
30
0.00000000
0
VERTEX
8
Feedline
10
1532.83700000
20
-2660.29900000
30
0.00000000
0
VERTEX
8
Feedline
10
1532.66300000
20
-2659.99100000
30
0.00000000
0
VERTEX
8
Feedline
10
1532.48100000
20
-2659.68600000
30
0.00000000
0
VERTEX
8
Feedline
10
1532.29300000
20
-2659.38600000
30
0.00000000
0
VERTEX
8
Feedline
10
1532.09900000
20
-2659.09000000
30
0.00000000
0
VERTEX
8
Feedline
10
1531.89700000
20
-2658.79800000
30
0.00000000
0
VERTEX
8
Feedline
10
1531.69000000
20
-2658.51100000
30
0.00000000
0
VERTEX
8
Feedline
10
1531.47500000
20
-2658.22800000
30
0.00000000
0
VERTEX
8
Feedline
10
1531.25500000
20
-2657.95100000
30
0.00000000
0
VERTEX
8
Feedline
10
1531.02900000
20
-2657.67700000
30
0.00000000
0
VERTEX
8
Feedline
10
1530.79700000
20
-2657.40900000
30
0.00000000
0
VERTEX
8
Feedline
10
1530.55700000
20
-2657.14700000
30
0.00000000
0
VERTEX
8
Feedline
10
1530.31400000
20
-2656.89000000
30
0.00000000
0
VERTEX
8
Feedline
10
1530.06400000
20
-2656.63900000
30
0.00000000
0
VERTEX
8
Feedline
10
1529.80900000
20
-2656.39200000
30
0.00000000
0
VERTEX
8
Feedline
10
1529.54800000
20
-2656.15200000
30
0.00000000
0
VERTEX
8
Feedline
10
1529.28200000
20
-2655.91800000
30
0.00000000
0
VERTEX
8
Feedline
10
1529.01100000
20
-2655.69000000
30
0.00000000
0
VERTEX
8
Feedline
10
1528.73500000
20
-2655.46700000
30
0.00000000
0
VERTEX
8
Feedline
10
1528.45400000
20
-2655.25100000
30
0.00000000
0
VERTEX
8
Feedline
10
1528.16800000
20
-2655.04100000
30
0.00000000
0
VERTEX
8
Feedline
10
1527.87300000
20
-2654.83400000
30
0.00000000
0
VERTEX
8
Feedline
10
1527.58300000
20
-2654.64100000
30
0.00000000
0
VERTEX
8
Feedline
10
1527.28400000
20
-2654.45000000
30
0.00000000
0
VERTEX
8
Feedline
10
1526.98100000
20
-2654.26600000
30
0.00000000
0
VERTEX
8
Feedline
10
1526.67000000
20
-2654.08700000
30
0.00000000
0
VERTEX
8
Feedline
10
1526.36300000
20
-2653.91900000
30
0.00000000
0
VERTEX
8
Feedline
10
1526.03700000
20
-2653.75200000
30
0.00000000
0
VERTEX
8
Feedline
10
1525.72000000
20
-2653.59600000
30
0.00000000
0
VERTEX
8
Feedline
10
1525.40800000
20
-2653.45200000
30
0.00000000
0
VERTEX
8
Feedline
10
1525.08300000
20
-2653.31000000
30
0.00000000
0
VERTEX
8
Feedline
10
1524.75100000
20
-2653.17400000
30
0.00000000
0
VERTEX
8
Feedline
10
1524.42100000
20
-2653.04700000
30
0.00000000
0
VERTEX
8
Feedline
10
1524.09000000
20
-2652.92800000
30
0.00000000
0
VERTEX
8
Feedline
10
1523.75400000
20
-2652.81700000
30
0.00000000
0
VERTEX
8
Feedline
10
1523.41000000
20
-2652.71000000
30
0.00000000
0
VERTEX
8
Feedline
10
1523.07400000
20
-2652.61400000
30
0.00000000
0
VERTEX
8
Feedline
10
1522.73100000
20
-2652.52500000
30
0.00000000
0
VERTEX
8
Feedline
10
1522.38600000
20
-2652.44300000
30
0.00000000
0
VERTEX
8
Feedline
10
1522.03900000
20
-2652.36800000
30
0.00000000
0
VERTEX
8
Feedline
10
1521.69100000
20
-2652.30100000
30
0.00000000
0
VERTEX
8
Feedline
10
1521.34100000
20
-2652.24200000
30
0.00000000
0
VERTEX
8
Feedline
10
1520.99000000
20
-2652.19200000
30
0.00000000
0
VERTEX
8
Feedline
10
1520.63800000
20
-2652.14900000
30
0.00000000
0
VERTEX
8
Feedline
10
1520.28600000
20
-2652.11300000
30
0.00000000
0
VERTEX
8
Feedline
10
1519.93300000
20
-2652.08600000
30
0.00000000
0
VERTEX
8
Feedline
10
1519.57900000
20
-2652.06600000
30
0.00000000
0
VERTEX
8
Feedline
10
1519.22400000
20
-2652.05400000
30
0.00000000
0
VERTEX
8
Feedline
10
1518.86900000
20
-2652.05000000
30
0.00000000
0
VERTEX
8
Feedline
10
1220.47000000
20
-2652.05000000
30
0.00000000
0
VERTEX
8
Feedline
10
1220.12200000
20
-2652.05400000
30
0.00000000
0
VERTEX
8
Feedline
10
1219.77400000
20
-2652.06500000
30
0.00000000
0
VERTEX
8
Feedline
10
1219.42700000
20
-2652.08400000
30
0.00000000
0
VERTEX
8
Feedline
10
1219.08000000
20
-2652.11100000
30
0.00000000
0
VERTEX
8
Feedline
10
1218.73400000
20
-2652.14500000
30
0.00000000
0
VERTEX
8
Feedline
10
1218.38900000
20
-2652.18700000
30
0.00000000
0
VERTEX
8
Feedline
10
1218.04400000
20
-2652.23500000
30
0.00000000
0
VERTEX
8
Feedline
10
1217.70100000
20
-2652.29200000
30
0.00000000
0
VERTEX
8
Feedline
10
1217.35900000
20
-2652.35600000
30
0.00000000
0
VERTEX
8
Feedline
10
1217.01800000
20
-2652.42800000
30
0.00000000
0
VERTEX
8
Feedline
10
1216.67900000
20
-2652.50800000
30
0.00000000
0
VERTEX
8
Feedline
10
1216.34200000
20
-2652.59300000
30
0.00000000
0
VERTEX
8
Feedline
10
1216.00700000
20
-2652.68700000
30
0.00000000
0
VERTEX
8
Feedline
10
1215.67400000
20
-2652.78900000
30
0.00000000
0
VERTEX
8
Feedline
10
1215.33800000
20
-2652.89800000
30
0.00000000
0
VERTEX
8
Feedline
10
1215.01200000
20
-2653.01300000
30
0.00000000
0
VERTEX
8
Feedline
10
1214.68900000
20
-2653.13500000
30
0.00000000
0
VERTEX
8
Feedline
10
1214.36600000
20
-2653.26400000
30
0.00000000
0
VERTEX
8
Feedline
10
1214.04600000
20
-2653.40100000
30
0.00000000
0
VERTEX
8
Feedline
10
1213.72900000
20
-2653.54400000
30
0.00000000
0
VERTEX
8
Feedline
10
1213.41600000
20
-2653.69500000
30
0.00000000
0
VERTEX
8
Feedline
10
1213.10500000
20
-2653.85200000
30
0.00000000
0
VERTEX
8
Feedline
10
1212.79900000
20
-2654.01600000
30
0.00000000
0
VERTEX
8
Feedline
10
1212.49500000
20
-2654.18700000
30
0.00000000
0
VERTEX
8
Feedline
10
1212.19600000
20
-2654.36400000
30
0.00000000
0
VERTEX
8
Feedline
10
1211.90100000
20
-2654.54800000
30
0.00000000
0
VERTEX
8
Feedline
10
1211.60900000
20
-2654.73800000
30
0.00000000
0
VERTEX
8
Feedline
10
1211.32200000
20
-2654.93500000
30
0.00000000
0
VERTEX
8
Feedline
10
1211.03900000
20
-2655.13700000
30
0.00000000
0
VERTEX
8
Feedline
10
1210.76000000
20
-2655.34600000
30
0.00000000
0
VERTEX
8
Feedline
10
1210.48700000
20
-2655.56100000
30
0.00000000
0
VERTEX
8
Feedline
10
1210.21800000
20
-2655.78100000
30
0.00000000
0
VERTEX
8
Feedline
10
1209.95400000
20
-2656.00900000
30
0.00000000
0
VERTEX
8
Feedline
10
1209.69500000
20
-2656.24100000
30
0.00000000
0
VERTEX
8
Feedline
10
1209.44100000
20
-2656.47800000
30
0.00000000
0
VERTEX
8
Feedline
10
1209.19200000
20
-2656.72200000
30
0.00000000
0
VERTEX
8
Feedline
10
1110.83800000
20
-2755.07600000
30
0.00000000
0
VERTEX
8
Feedline
10
1105.81700000
20
-2750.05600000
30
0.00000000
0
VERTEX
8
Feedline
10
1176.59400000
20
-2679.27900000
30
0.00000000
0
VERTEX
8
Feedline
10
1176.84200000
20
-2679.02400000
30
0.00000000
0
VERTEX
8
Feedline
10
1177.08400000
20
-2678.76600000
30
0.00000000
0
VERTEX
8
Feedline
10
1177.32100000
20
-2678.50200000
30
0.00000000
0
VERTEX
8
Feedline
10
1177.55200000
20
-2678.23200000
30
0.00000000
0
VERTEX
8
Feedline
10
1177.77600000
20
-2677.95800000
30
0.00000000
0
VERTEX
8
Feedline
10
1177.99400000
20
-2677.67900000
30
0.00000000
0
VERTEX
8
Feedline
10
1178.20600000
20
-2677.39500000
30
0.00000000
0
VERTEX
8
Feedline
10
1178.41200000
20
-2677.10500000
30
0.00000000
0
VERTEX
8
Feedline
10
1178.61000000
20
-2676.81200000
30
0.00000000
0
VERTEX
8
Feedline
10
1178.80400000
20
-2676.51400000
30
0.00000000
0
VERTEX
8
Feedline
10
1178.98900000
20
-2676.21200000
30
0.00000000
0
VERTEX
8
Feedline
10
1179.16900000
20
-2675.90600000
30
0.00000000
0
VERTEX
8
Feedline
10
1179.34100000
20
-2675.59700000
30
0.00000000
0
VERTEX
8
Feedline
10
1179.50600000
20
-2675.28300000
30
0.00000000
0
VERTEX
8
Feedline
10
1179.66400000
20
-2674.96600000
30
0.00000000
0
VERTEX
8
Feedline
10
1179.81600000
20
-2674.64500000
30
0.00000000
0
VERTEX
8
Feedline
10
1179.96000000
20
-2674.32100000
30
0.00000000
0
VERTEX
8
Feedline
10
1180.09700000
20
-2673.99400000
30
0.00000000
0
VERTEX
8
Feedline
10
1180.22600000
20
-2673.66400000
30
0.00000000
0
VERTEX
8
Feedline
10
1180.34900000
20
-2673.33100000
30
0.00000000
0
VERTEX
8
Feedline
10
1180.46300000
20
-2672.99600000
30
0.00000000
0
VERTEX
8
Feedline
10
1180.57000000
20
-2672.65800000
30
0.00000000
0
VERTEX
8
Feedline
10
1180.67100000
20
-2672.31800000
30
0.00000000
0
VERTEX
8
Feedline
10
1180.76300000
20
-2671.97600000
30
0.00000000
0
VERTEX
8
Feedline
10
1180.84700000
20
-2671.63200000
30
0.00000000
0
VERTEX
8
Feedline
10
1180.92400000
20
-2671.28600000
30
0.00000000
0
VERTEX
8
Feedline
10
1180.99300000
20
-2670.93800000
30
0.00000000
0
VERTEX
8
Feedline
10
1181.05500000
20
-2670.58900000
30
0.00000000
0
VERTEX
8
Feedline
10
1181.10800000
20
-2670.23800000
30
0.00000000
0
VERTEX
8
Feedline
10
1181.15400000
20
-2669.88600000
30
0.00000000
0
VERTEX
8
Feedline
10
1181.19200000
20
-2669.53400000
30
0.00000000
0
VERTEX
8
Feedline
10
1181.22200000
20
-2669.18000000
30
0.00000000
0
VERTEX
8
Feedline
10
1181.24500000
20
-2668.82600000
30
0.00000000
0
VERTEX
8
Feedline
10
1181.25900000
20
-2668.47300000
30
0.00000000
0
VERTEX
8
Feedline
10
1181.26600000
20
-2668.11900000
30
0.00000000
0
VERTEX
8
Feedline
10
1181.26400000
20
-2667.76400000
30
0.00000000
0
VERTEX
8
Feedline
10
1181.25500000
20
-2667.40900000
30
0.00000000
0
VERTEX
8
Feedline
10
1181.23800000
20
-2667.05500000
30
0.00000000
0
VERTEX
8
Feedline
10
1181.21300000
20
-2666.70100000
30
0.00000000
0
VERTEX
8
Feedline
10
1181.18000000
20
-2666.34800000
30
0.00000000
0
VERTEX
8
Feedline
10
1181.13900000
20
-2665.99600000
30
0.00000000
0
VERTEX
8
Feedline
10
1181.09200000
20
-2665.64500000
30
0.00000000
0
VERTEX
8
Feedline
10
1181.03500000
20
-2665.29600000
30
0.00000000
0
VERTEX
8
Feedline
10
1180.97100000
20
-2664.94700000
30
0.00000000
0
VERTEX
8
Feedline
10
1180.89900000
20
-2664.59900000
30
0.00000000
0
VERTEX
8
Feedline
10
1180.81900000
20
-2664.25400000
30
0.00000000
0
VERTEX
8
Feedline
10
1180.73300000
20
-2663.91000000
30
0.00000000
0
VERTEX
8
Feedline
10
1180.63800000
20
-2663.56800000
30
0.00000000
0
VERTEX
8
Feedline
10
1180.53500000
20
-2663.22900000
30
0.00000000
0
VERTEX
8
Feedline
10
1180.42600000
20
-2662.89200000
30
0.00000000
0
VERTEX
8
Feedline
10
1180.30900000
20
-2662.55700000
30
0.00000000
0
VERTEX
8
Feedline
10
1180.18400000
20
-2662.22500000
30
0.00000000
0
VERTEX
8
Feedline
10
1180.05200000
20
-2661.89600000
30
0.00000000
0
VERTEX
8
Feedline
10
1179.91200000
20
-2661.57000000
30
0.00000000
0
VERTEX
8
Feedline
10
1179.76600000
20
-2661.24700000
30
0.00000000
0
VERTEX
8
Feedline
10
1179.61200000
20
-2660.92800000
30
0.00000000
0
VERTEX
8
Feedline
10
1179.45200000
20
-2660.61200000
30
0.00000000
0
VERTEX
8
Feedline
10
1179.28400000
20
-2660.29900000
30
0.00000000
0
VERTEX
8
Feedline
10
1179.11000000
20
-2659.99100000
30
0.00000000
0
VERTEX
8
Feedline
10
1178.92800000
20
-2659.68600000
30
0.00000000
0
VERTEX
8
Feedline
10
1178.74000000
20
-2659.38600000
30
0.00000000
0
VERTEX
8
Feedline
10
1178.54600000
20
-2659.09000000
30
0.00000000
0
VERTEX
8
Feedline
10
1178.34400000
20
-2658.79800000
30
0.00000000
0
VERTEX
8
Feedline
10
1178.13600000
20
-2658.51100000
30
0.00000000
0
VERTEX
8
Feedline
10
1177.92100000
20
-2658.22800000
30
0.00000000
0
VERTEX
8
Feedline
10
1177.70100000
20
-2657.95100000
30
0.00000000
0
VERTEX
8
Feedline
10
1177.47500000
20
-2657.67700000
30
0.00000000
0
VERTEX
8
Feedline
10
1177.24300000
20
-2657.40900000
30
0.00000000
0
VERTEX
8
Feedline
10
1177.00400000
20
-2657.14700000
30
0.00000000
0
VERTEX
8
Feedline
10
1176.76000000
20
-2656.89000000
30
0.00000000
0
VERTEX
8
Feedline
10
1176.51100000
20
-2656.63900000
30
0.00000000
0
VERTEX
8
Feedline
10
1176.25600000
20
-2656.39200000
30
0.00000000
0
VERTEX
8
Feedline
10
1175.99500000
20
-2656.15200000
30
0.00000000
0
VERTEX
8
Feedline
10
1175.72800000
20
-2655.91800000
30
0.00000000
0
VERTEX
8
Feedline
10
1175.45700000
20
-2655.69000000
30
0.00000000
0
VERTEX
8
Feedline
10
1175.18100000
20
-2655.46700000
30
0.00000000
0
VERTEX
8
Feedline
10
1174.90000000
20
-2655.25100000
30
0.00000000
0
VERTEX
8
Feedline
10
1174.61500000
20
-2655.04100000
30
0.00000000
0
VERTEX
8
Feedline
10
1174.32400000
20
-2654.83700000
30
0.00000000
0
VERTEX
8
Feedline
10
1174.03000000
20
-2654.64100000
30
0.00000000
0
VERTEX
8
Feedline
10
1173.73100000
20
-2654.45000000
30
0.00000000
0
VERTEX
8
Feedline
10
1173.42800000
20
-2654.26600000
30
0.00000000
0
VERTEX
8
Feedline
10
1173.11700000
20
-2654.08800000
30
0.00000000
0
VERTEX
8
Feedline
10
1172.80900000
20
-2653.91900000
30
0.00000000
0
VERTEX
8
Feedline
10
1172.48900000
20
-2653.75400000
30
0.00000000
0
VERTEX
8
Feedline
10
1172.16700000
20
-2653.59600000
30
0.00000000
0
VERTEX
8
Feedline
10
1171.85400000
20
-2653.45200000
30
0.00000000
0
VERTEX
8
Feedline
10
1171.52900000
20
-2653.31000000
30
0.00000000
0
VERTEX
8
Feedline
10
1171.19700000
20
-2653.17400000
30
0.00000000
0
VERTEX
8
Feedline
10
1170.86800000
20
-2653.04700000
30
0.00000000
0
VERTEX
8
Feedline
10
1170.53700000
20
-2652.92800000
30
0.00000000
0
VERTEX
8
Feedline
10
1170.20000000
20
-2652.81700000
30
0.00000000
0
VERTEX
8
Feedline
10
1169.86100000
20
-2652.71100000
30
0.00000000
0
VERTEX
8
Feedline
10
1169.52000000
20
-2652.61400000
30
0.00000000
0
VERTEX
8
Feedline
10
1169.17700000
20
-2652.52500000
30
0.00000000
0
VERTEX
8
Feedline
10
1168.83200000
20
-2652.44300000
30
0.00000000
0
VERTEX
8
Feedline
10
1168.48600000
20
-2652.36800000
30
0.00000000
0
VERTEX
8
Feedline
10
1168.13700000
20
-2652.30100000
30
0.00000000
0
VERTEX
8
Feedline
10
1167.78800000
20
-2652.24200000
30
0.00000000
0
VERTEX
8
Feedline
10
1167.43700000
20
-2652.19200000
30
0.00000000
0
VERTEX
8
Feedline
10
1167.08500000
20
-2652.14900000
30
0.00000000
0
VERTEX
8
Feedline
10
1166.73300000
20
-2652.11300000
30
0.00000000
0
VERTEX
8
Feedline
10
1166.37900000
20
-2652.08600000
30
0.00000000
0
VERTEX
8
Feedline
10
1166.02500000
20
-2652.06600000
30
0.00000000
0
VERTEX
8
Feedline
10
1165.67100000
20
-2652.05400000
30
0.00000000
0
VERTEX
8
Feedline
10
1165.31600000
20
-2652.05000000
30
0.00000000
0
VERTEX
8
Feedline
10
1102.42300000
20
-2652.05000000
30
0.00000000
0
VERTEX
8
Feedline
10
1102.42300000
20
-2669.95000000
30
0.00000000
0
VERTEX
8
Feedline
10
1168.21700000
20
-2669.95000000
30
0.00000000
0
VERTEX
8
Feedline
10
1168.41700000
20
-2669.95400000
30
0.00000000
0
VERTEX
8
Feedline
10
1168.61800000
20
-2669.96600000
30
0.00000000
0
VERTEX
8
Feedline
10
1168.81900000
20
-2669.98600000
30
0.00000000
0
VERTEX
8
Feedline
10
1169.01900000
20
-2670.01500000
30
0.00000000
0
VERTEX
8
Feedline
10
1169.21700000
20
-2670.05000000
30
0.00000000
0
VERTEX
8
Feedline
10
1169.41400000
20
-2670.09400000
30
0.00000000
0
VERTEX
8
Feedline
10
1169.60900000
20
-2670.14600000
30
0.00000000
0
VERTEX
8
Feedline
10
1169.80200000
20
-2670.20600000
30
0.00000000
0
VERTEX
8
Feedline
10
1169.99200000
20
-2670.27200000
30
0.00000000
0
VERTEX
8
Feedline
10
1170.18000000
20
-2670.34700000
30
0.00000000
0
VERTEX
8
Feedline
10
1170.36300000
20
-2670.43000000
30
0.00000000
0
VERTEX
8
Feedline
10
1170.54400000
20
-2670.51900000
30
0.00000000
0
VERTEX
8
Feedline
10
1170.72100000
20
-2670.61600000
30
0.00000000
0
VERTEX
8
Feedline
10
1170.89500000
20
-2670.71900000
30
0.00000000
0
VERTEX
8
Feedline
10
1171.06300000
20
-2670.83000000
30
0.00000000
0
VERTEX
8
Feedline
10
1171.22700000
20
-2670.94600000
30
0.00000000
0
VERTEX
8
Feedline
10
1171.38600000
20
-2671.07000000
30
0.00000000
0
VERTEX
8
Feedline
10
1171.54100000
20
-2671.19900000
30
0.00000000
0
VERTEX
8
Feedline
10
1171.69000000
20
-2671.33600000
30
0.00000000
0
VERTEX
8
Feedline
10
1171.83400000
20
-2671.47700000
30
0.00000000
0
VERTEX
8
Feedline
10
1171.97100000
20
-2671.62500000
30
0.00000000
0
VERTEX
8
Feedline
10
1172.10300000
20
-2671.77700000
30
0.00000000
0
VERTEX
8
Feedline
10
1172.22900000
20
-2671.93500000
30
0.00000000
0
VERTEX
8
Feedline
10
1172.34800000
20
-2672.09700000
30
0.00000000
0
VERTEX
8
Feedline
10
1172.46100000
20
-2672.26500000
30
0.00000000
0
VERTEX
8
Feedline
10
1172.56600000
20
-2672.43700000
30
0.00000000
0
VERTEX
8
Feedline
10
1172.66500000
20
-2672.61200000
30
0.00000000
0
VERTEX
8
Feedline
10
1172.75700000
20
-2672.79100000
30
0.00000000
0
VERTEX
8
Feedline
10
1172.84200000
20
-2672.97500000
30
0.00000000
0
VERTEX
8
Feedline
10
1172.91900000
20
-2673.16200000
30
0.00000000
0
VERTEX
8
Feedline
10
1172.98800000
20
-2673.35100000
30
0.00000000
0
VERTEX
8
Feedline
10
1173.05100000
20
-2673.54300000
30
0.00000000
0
VERTEX
8
Feedline
10
1173.10400000
20
-2673.73600000
30
0.00000000
0
VERTEX
8
Feedline
10
1173.15200000
20
-2673.93200000
30
0.00000000
0
VERTEX
8
Feedline
10
1173.19000000
20
-2674.13000000
30
0.00000000
0
VERTEX
8
Feedline
10
1173.22100000
20
-2674.32900000
30
0.00000000
0
VERTEX
8
Feedline
10
1173.24400000
20
-2674.53000000
30
0.00000000
0
VERTEX
8
Feedline
10
1173.25800000
20
-2674.73100000
30
0.00000000
0
VERTEX
8
Feedline
10
1173.26500000
20
-2674.93200000
30
0.00000000
0
VERTEX
8
Feedline
10
1173.26400000
20
-2675.13400000
30
0.00000000
0
VERTEX
8
Feedline
10
1173.25400000
20
-2675.33600000
30
0.00000000
0
VERTEX
8
Feedline
10
1173.23700000
20
-2675.53600000
30
0.00000000
0
VERTEX
8
Feedline
10
1173.21100000
20
-2675.73700000
30
0.00000000
0
VERTEX
8
Feedline
10
1173.17800000
20
-2675.93500000
30
0.00000000
0
VERTEX
8
Feedline
10
1173.13700000
20
-2676.13300000
30
0.00000000
0
VERTEX
8
Feedline
10
1173.08700000
20
-2676.32900000
30
0.00000000
0
VERTEX
8
Feedline
10
1173.03100000
20
-2676.52200000
30
0.00000000
0
VERTEX
8
Feedline
10
1172.96600000
20
-2676.71300000
30
0.00000000
0
VERTEX
8
Feedline
10
1172.89400000
20
-2676.90200000
30
0.00000000
0
VERTEX
8
Feedline
10
1172.81500000
20
-2677.08700000
30
0.00000000
0
VERTEX
8
Feedline
10
1172.72800000
20
-2677.26900000
30
0.00000000
0
VERTEX
8
Feedline
10
1172.63300000
20
-2677.44700000
30
0.00000000
0
VERTEX
8
Feedline
10
1172.53200000
20
-2677.62100000
30
0.00000000
0
VERTEX
8
Feedline
10
1172.42400000
20
-2677.79200000
30
0.00000000
0
VERTEX
8
Feedline
10
1172.30700000
20
-2677.95900000
30
0.00000000
0
VERTEX
8
Feedline
10
1172.18700000
20
-2678.11900000
30
0.00000000
0
VERTEX
8
Feedline
10
1172.06000000
20
-2678.27400000
30
0.00000000
0
VERTEX
8
Feedline
10
1171.92600000
20
-2678.42600000
30
0.00000000
0
VERTEX
8
Feedline
10
1171.78700000
20
-2678.57100000
30
0.00000000
0
SEQEND
8
Feedline
0
POLYLINE
8
Feedline
66
1
10
0.00000000
20
0.00000000
30
0.00000000
70
1
0
VERTEX
8
Feedline
10
-1110.55400000
20
-2517.66100000
30
0.00000000
0
VERTEX
8
Feedline
10
-1109.11400000
20
-2519.09400000
30
0.00000000
0
VERTEX
8
Feedline
10
-1107.66900000
20
-2520.52200000
30
0.00000000
0
VERTEX
8
Feedline
10
-1106.21800000
20
-2521.94400000
30
0.00000000
0
VERTEX
8
Feedline
10
-1104.76200000
20
-2523.36100000
30
0.00000000
0
VERTEX
8
Feedline
10
-1103.30000000
20
-2524.77300000
30
0.00000000
0
VERTEX
8
Feedline
10
-1101.83300000
20
-2526.17800000
30
0.00000000
0
VERTEX
8
Feedline
10
-1100.36100000
20
-2527.57800000
30
0.00000000
0
VERTEX
8
Feedline
10
-1098.88300000
20
-2528.97200000
30
0.00000000
0
VERTEX
8
Feedline
10
-1097.39900000
20
-2530.35900000
30
0.00000000
0
VERTEX
8
Feedline
10
-1095.91000000
20
-2531.74200000
30
0.00000000
0
VERTEX
8
Feedline
10
-1094.41600000
20
-2533.11800000
30
0.00000000
0
VERTEX
8
Feedline
10
-1092.91600000
20
-2534.48900000
30
0.00000000
0
VERTEX
8
Feedline
10
-1091.41100000
20
-2535.85400000
30
0.00000000
0
VERTEX
8
Feedline
10
-1089.90100000
20
-2537.21300000
30
0.00000000
0
VERTEX
8
Feedline
10
-1088.36300000
20
-2538.58500000
30
0.00000000
0
VERTEX
8
Feedline
10
-1086.86400000
20
-2539.91300000
30
0.00000000
0
VERTEX
8
Feedline
10
-1085.33400000
20
-2541.25700000
30
0.00000000
0
VERTEX
8
Feedline
10
-1083.80600000
20
-2542.58900000
30
0.00000000
0
VERTEX
8
Feedline
10
-1082.27000000
20
-2543.91800000
30
0.00000000
0
VERTEX
8
Feedline
10
-1080.72800000
20
-2545.24100000
30
0.00000000
0
VERTEX
8
Feedline
10
-1079.18200000
20
-2546.55800000
30
0.00000000
0
VERTEX
8
Feedline
10
-1077.62900000
20
-2547.86900000
30
0.00000000
0
VERTEX
8
Feedline
10
-1076.07200000
20
-2549.17400000
30
0.00000000
0
VERTEX
8
Feedline
10
-1074.51000000
20
-2550.47300000
30
0.00000000
0
VERTEX
8
Feedline
10
-1072.94200000
20
-2551.76500000
30
0.00000000
0
VERTEX
8
Feedline
10
-1071.36900000
20
-2553.05200000
30
0.00000000
0
VERTEX
8
Feedline
10
-1069.79200000
20
-2554.33300000
30
0.00000000
0
VERTEX
8
Feedline
10
-1068.21000000
20
-2555.60700000
30
0.00000000
0
VERTEX
8
Feedline
10
-1066.62300000
20
-2556.87500000
30
0.00000000
0
VERTEX
8
Feedline
10
-1065.03000000
20
-2558.13700000
30
0.00000000
0
VERTEX
8
Feedline
10
-1063.43300000
20
-2559.39300000
30
0.00000000
0
VERTEX
8
Feedline
10
-1061.83100000
20
-2560.64200000
30
0.00000000
0
VERTEX
8
Feedline
10
-1060.22400000
20
-2561.88400000
30
0.00000000
0
VERTEX
8
Feedline
10
-1058.61300000
20
-2563.12100000
30
0.00000000
0
VERTEX
8
Feedline
10
-1056.99600000
20
-2564.35200000
30
0.00000000
0
VERTEX
8
Feedline
10
-1055.37400000
20
-2565.57600000
30
0.00000000
0
VERTEX
8
Feedline
10
-1053.74800000
20
-2566.79400000
30
0.00000000
0
VERTEX
8
Feedline
10
-1052.09600000
20
-2568.02100000
30
0.00000000
0
VERTEX
8
Feedline
10
-1050.48100000
20
-2569.21100000
30
0.00000000
0
VERTEX
8
Feedline
10
-1048.84100000
20
-2570.41000000
30
0.00000000
0
VERTEX
8
Feedline
10
-1047.19600000
20
-2571.60200000
30
0.00000000
0
VERTEX
8
Feedline
10
-1045.54600000
20
-2572.78700000
30
0.00000000
0
VERTEX
8
Feedline
10
-1043.89200000
20
-2573.96700000
30
0.00000000
0
VERTEX
8
Feedline
10
-1042.23300000
20
-2575.14000000
30
0.00000000
0
VERTEX
8
Feedline
10
-1040.56900000
20
-2576.30600000
30
0.00000000
0
VERTEX
8
Feedline
10
-1038.90100000
20
-2577.46600000
30
0.00000000
0
VERTEX
8
Feedline
10
-1037.22900000
20
-2578.62000000
30
0.00000000
0
VERTEX
8
Feedline
10
-1035.55200000
20
-2579.76700000
30
0.00000000
0
VERTEX
8
Feedline
10
-1033.83600000
20
-2580.92900000
30
0.00000000
0
VERTEX
8
Feedline
10
-1032.18400000
20
-2582.04100000
30
0.00000000
0
VERTEX
8
Feedline
10
-1030.49300000
20
-2583.16700000
30
0.00000000
0
VERTEX
8
Feedline
10
-1028.79800000
20
-2584.28800000
30
0.00000000
0
VERTEX
8
Feedline
10
-1027.10000000
20
-2585.40200000
30
0.00000000
0
VERTEX
8
Feedline
10
-1025.39700000
20
-2586.50900000
30
0.00000000
0
VERTEX
8
Feedline
10
-1023.68900000
20
-2587.60900000
30
0.00000000
0
VERTEX
8
Feedline
10
-1021.93600000
20
-2588.72800000
30
0.00000000
0
VERTEX
8
Feedline
10
-1020.25400000
20
-2589.79500000
30
0.00000000
0
VERTEX
8
Feedline
10
-1018.51300000
20
-2590.88700000
30
0.00000000
0
VERTEX
8
Feedline
10
-1016.81500000
20
-2591.94500000
30
0.00000000
0
VERTEX
8
Feedline
10
-1015.08600000
20
-2593.01100000
30
0.00000000
0
VERTEX
8
Feedline
10
-1013.35300000
20
-2594.07100000
30
0.00000000
0
VERTEX
8
Feedline
10
-1011.59400000
20
-2595.13800000
30
0.00000000
0
VERTEX
8
Feedline
10
-1009.87400000
20
-2596.17200000
30
0.00000000
0
VERTEX
8
Feedline
10
-1008.12800000
20
-2597.21200000
30
0.00000000
0
VERTEX
8
Feedline
10
-1006.38000000
20
-2598.24500000
30
0.00000000
0
VERTEX
8
Feedline
10
-1004.62600000
20
-2599.27100000
30
0.00000000
0
VERTEX
8
Feedline
10
-1002.86800000
20
-2600.29000000
30
0.00000000
0
VERTEX
8
Feedline
10
-1001.10700000
20
-2601.30300000
30
0.00000000
0
VERTEX
8
Feedline
10
-999.34100000
20
-2602.30800000
30
0.00000000
0
VERTEX
8
Feedline
10
-997.57200000
20
-2603.30600000
30
0.00000000
0
VERTEX
8
Feedline
10
-995.79900000
20
-2604.29800000
30
0.00000000
0
VERTEX
8
Feedline
10
-994.02200000
20
-2605.28300000
30
0.00000000
0
VERTEX
8
Feedline
10
-992.24100000
20
-2606.26100000
30
0.00000000
0
VERTEX
8
Feedline
10
-990.45600000
20
-2607.23100000
30
0.00000000
0
VERTEX
8
Feedline
10
-988.66700000
20
-2608.19500000
30
0.00000000
0
VERTEX
8
Feedline
10
-986.82900000
20
-2609.17600000
30
0.00000000
0
VERTEX
8
Feedline
10
-985.08000000
20
-2610.10200000
30
0.00000000
0
VERTEX
8
Feedline
10
-983.28000000
20
-2611.04500000
30
0.00000000
0
VERTEX
8
Feedline
10
-981.47600000
20
-2611.98100000
30
0.00000000
0
VERTEX
8
Feedline
10
-979.66900000
20
-2612.91000000
30
0.00000000
0
VERTEX
8
Feedline
10
-977.85800000
20
-2613.83100000
30
0.00000000
0
VERTEX
8
Feedline
10
-976.04500000
20
-2614.74500000
30
0.00000000
0
VERTEX
8
Feedline
10
-974.22700000
20
-2615.65300000
30
0.00000000
0
VERTEX
8
Feedline
10
-972.40600000
20
-2616.55300000
30
0.00000000
0
VERTEX
8
Feedline
10
-970.58100000
20
-2617.44700000
30
0.00000000
0
VERTEX
8
Feedline
10
-968.75200000
20
-2618.33300000
30
0.00000000
0
VERTEX
8
Feedline
10
-966.92000000
20
-2619.21200000
30
0.00000000
0
VERTEX
8
Feedline
10
-965.08600000
20
-2620.08400000
30
0.00000000
0
VERTEX
8
Feedline
10
-963.24700000
20
-2620.94800000
30
0.00000000
0
VERTEX
8
Feedline
10
-961.40500000
20
-2621.80600000
30
0.00000000
0
VERTEX
8
Feedline
10
-959.56000000
20
-2622.65600000
30
0.00000000
0
VERTEX
8
Feedline
10
-957.67000000
20
-2623.51700000
30
0.00000000
0
VERTEX
8
Feedline
10
-955.85900000
20
-2624.33400000
30
0.00000000
0
VERTEX
8
Feedline
10
-954.00500000
20
-2625.16300000
30
0.00000000
0
VERTEX
8
Feedline
10
-952.14700000
20
-2625.98400000
30
0.00000000
0
VERTEX
8
Feedline
10
-950.28500000
20
-2626.79800000
30
0.00000000
0
VERTEX
8
Feedline
10
-948.42000000
20
-2627.60500000
30
0.00000000
0
VERTEX
8
Feedline
10
-946.55200000
20
-2628.40500000
30
0.00000000
0
VERTEX
8
Feedline
10
-944.68200000
20
-2629.19700000
30
0.00000000
0
VERTEX
8
Feedline
10
-942.80800000
20
-2629.98200000
30
0.00000000
0
VERTEX
8
Feedline
10
-940.93100000
20
-2630.75900000
30
0.00000000
0
VERTEX
8
Feedline
10
-939.05000000
20
-2631.52900000
30
0.00000000
0
VERTEX
8
Feedline
10
-937.14700000
20
-2632.30000000
30
0.00000000
0
VERTEX
8
Feedline
10
-935.28100000
20
-2633.04800000
30
0.00000000
0
VERTEX
8
Feedline
10
-933.39300000
20
-2633.79600000
30
0.00000000
0
VERTEX
8
Feedline
10
-931.50100000
20
-2634.53600000
30
0.00000000
0
VERTEX
8
Feedline
10
-929.60600000
20
-2635.26900000
30
0.00000000
0
VERTEX
8
Feedline
10
-927.70800000
20
-2635.99500000
30
0.00000000
0
VERTEX
8
Feedline
10
-925.80800000
20
-2636.71300000
30
0.00000000
0
VERTEX
8
Feedline
10
-923.87100000
20
-2637.43800000
30
0.00000000
0
VERTEX
8
Feedline
10
-921.99900000
20
-2638.12800000
30
0.00000000
0
VERTEX
8
Feedline
10
-920.09000000
20
-2638.82400000
30
0.00000000
0
VERTEX
8
Feedline
10
-918.17900000
20
-2639.51300000
30
0.00000000
0
VERTEX
8
Feedline
10
-916.26400000
20
-2640.19400000
30
0.00000000
0
VERTEX
8
Feedline
10
-914.34700000
20
-2640.86800000
30
0.00000000
0
VERTEX
8
Feedline
10
-912.42900000
20
-2641.53400000
30
0.00000000
0
VERTEX
8
Feedline
10
-910.47900000
20
-2642.20200000
30
0.00000000
0
VERTEX
8
Feedline
10
-908.54900000
20
-2642.85500000
30
0.00000000
0
VERTEX
8
Feedline
10
-906.64800000
20
-2643.49000000
30
0.00000000
0
VERTEX
8
Feedline
10
-904.72500000
20
-2644.12400000
30
0.00000000
0
VERTEX
8
Feedline
10
-902.79400000
20
-2644.75200000
30
0.00000000
0
VERTEX
8
Feedline
10
-900.85900000
20
-2645.37300000
30
0.00000000
0
VERTEX
8
Feedline
10
-898.92200000
20
-2645.98700000
30
0.00000000
0
VERTEX
8
Feedline
10
-896.98300000
20
-2646.59200000
30
0.00000000
0
VERTEX
8
Feedline
10
-895.04100000
20
-2647.19100000
30
0.00000000
0
VERTEX
8
Feedline
10
-893.09700000
20
-2647.78200000
30
0.00000000
0
VERTEX
8
Feedline
10
-891.15200000
20
-2648.36500000
30
0.00000000
0
VERTEX
8
Feedline
10
-889.20300000
20
-2648.94000000
30
0.00000000
0
VERTEX
8
Feedline
10
-887.25200000
20
-2649.50800000
30
0.00000000
0
VERTEX
8
Feedline
10
-885.26400000
20
-2650.07900000
30
0.00000000
0
VERTEX
8
Feedline
10
-883.34400000
20
-2650.62100000
30
0.00000000
0
VERTEX
8
Feedline
10
-881.38200000
20
-2651.16700000
30
0.00000000
0
VERTEX
8
Feedline
10
-879.42800000
20
-2651.70400000
30
0.00000000
0
VERTEX
8
Feedline
10
-877.46600000
20
-2652.23300000
30
0.00000000
0
VERTEX
8
Feedline
10
-875.50200000
20
-2652.75500000
30
0.00000000
0
VERTEX
8
Feedline
10
-873.53700000
20
-2653.27000000
30
0.00000000
0
VERTEX
8
Feedline
10
-871.57000000
20
-2653.77700000
30
0.00000000
0
VERTEX
8
Feedline
10
-869.60000000
20
-2654.27600000
30
0.00000000
0
VERTEX
8
Feedline
10
-867.62900000
20
-2654.76600000
30
0.00000000
0
VERTEX
8
Feedline
10
-865.65500000
20
-2655.24900000
30
0.00000000
0
VERTEX
8
Feedline
10
-863.68000000
20
-2655.72500000
30
0.00000000
0
VERTEX
8
Feedline
10
-861.70300000
20
-2656.19300000
30
0.00000000
0
VERTEX
8
Feedline
10
-859.72500000
20
-2656.65400000
30
0.00000000
0
VERTEX
8
Feedline
10
-857.74400000
20
-2657.10700000
30
0.00000000
0
VERTEX
8
Feedline
10
-855.76100000
20
-2657.55200000
30
0.00000000
0
VERTEX
8
Feedline
10
-853.77700000
20
-2657.98900000
30
0.00000000
0
VERTEX
8
Feedline
10
-851.79100000
20
-2658.41800000
30
0.00000000
0
VERTEX
8
Feedline
10
-849.80500000
20
-2658.84000000
30
0.00000000
0
VERTEX
8
Feedline
10
-847.81500000
20
-2659.25400000
30
0.00000000
0
VERTEX
8
Feedline
10
-845.82400000
20
-2659.66000000
30
0.00000000
0
VERTEX
8
Feedline
10
-843.83200000
20
-2660.05800000
30
0.00000000
0
VERTEX
8
Feedline
10
-841.79900000
20
-2660.45600000
30
0.00000000
0
VERTEX
8
Feedline
10
-839.84300000
20
-2660.83200000
30
0.00000000
0
VERTEX
8
Feedline
10
-837.84600000
20
-2661.20600000
30
0.00000000
0
VERTEX
8
Feedline
10
-835.84800000
20
-2661.57400000
30
0.00000000
0
VERTEX
8
Feedline
10
-833.84800000
20
-2661.93300000
30
0.00000000
0
VERTEX
8
Feedline
10
-831.84700000
20
-2662.28500000
30
0.00000000
0
VERTEX
8
Feedline
10
-829.84500000
20
-2662.62800000
30
0.00000000
0
VERTEX
8
Feedline
10
-827.84100000
20
-2662.96400000
30
0.00000000
0
VERTEX
8
Feedline
10
-825.83600000
20
-2663.29200000
30
0.00000000
0
VERTEX
8
Feedline
10
-823.83000000
20
-2663.61200000
30
0.00000000
0
VERTEX
8
Feedline
10
-821.82200000
20
-2663.92500000
30
0.00000000
0
VERTEX
8
Feedline
10
-819.81400000
20
-2664.22900000
30
0.00000000
0
VERTEX
8
Feedline
10
-817.80400000
20
-2664.52600000
30
0.00000000
0
VERTEX
8
Feedline
10
-815.78700000
20
-2664.81500000
30
0.00000000
0
VERTEX
8
Feedline
10
-813.78000000
20
-2665.09500000
30
0.00000000
0
VERTEX
8
Feedline
10
-811.76700000
20
-2665.36800000
30
0.00000000
0
VERTEX
8
Feedline
10
-809.75200000
20
-2665.63300000
30
0.00000000
0
VERTEX
8
Feedline
10
-807.73800000
20
-2665.89000000
30
0.00000000
0
VERTEX
8
Feedline
10
-805.72100000
20
-2666.14000000
30
0.00000000
0
VERTEX
8
Feedline
10
-803.70400000
20
-2666.38100000
30
0.00000000
0
VERTEX
8
Feedline
10
-801.68600000
20
-2666.61500000
30
0.00000000
0
VERTEX
8
Feedline
10
-799.66600000
20
-2666.84100000
30
0.00000000
0
VERTEX
8
Feedline
10
-797.64700000
20
-2667.05900000
30
0.00000000
0
VERTEX
8
Feedline
10
-795.62600000
20
-2667.26900000
30
0.00000000
0
VERTEX
8
Feedline
10
-793.58500000
20
-2667.47300000
30
0.00000000
0
VERTEX
8
Feedline
10
-791.58200000
20
-2667.66500000
30
0.00000000
0
VERTEX
8
Feedline
10
-789.55800000
20
-2667.85100000
30
0.00000000
0
VERTEX
8
Feedline
10
-787.53500000
20
-2668.03000000
30
0.00000000
0
VERTEX
8
Feedline
10
-785.51100000
20
-2668.20000000
30
0.00000000
0
VERTEX
8
Feedline
10
-783.48500000
20
-2668.36300000
30
0.00000000
0
VERTEX
8
Feedline
10
-781.45900000
20
-2668.51800000
30
0.00000000
0
VERTEX
8
Feedline
10
-779.43300000
20
-2668.66400000
30
0.00000000
0
VERTEX
8
Feedline
10
-777.40700000
20
-2668.80300000
30
0.00000000
0
VERTEX
8
Feedline
10
-775.37900000
20
-2668.93400000
30
0.00000000
0
VERTEX
8
Feedline
10
-773.35100000
20
-2669.05700000
30
0.00000000
0
VERTEX
8
Feedline
10
-771.32200000
20
-2669.17200000
30
0.00000000
0
VERTEX
8
Feedline
10
-769.29300000
20
-2669.27900000
30
0.00000000
0
VERTEX
8
Feedline
10
-767.26500000
20
-2669.37800000
30
0.00000000
0
VERTEX
8
Feedline
10
-765.23500000
20
-2669.47000000
30
0.00000000
0
VERTEX
8
Feedline
10
-763.20500000
20
-2669.55300000
30
0.00000000
0
VERTEX
8
Feedline
10
-761.17400000
20
-2669.62800000
30
0.00000000
0
VERTEX
8
Feedline
10
-759.14400000
20
-2669.69600000
30
0.00000000
0
VERTEX
8
Feedline
10
-757.11400000
20
-2669.75500000
30
0.00000000
0
VERTEX
8
Feedline
10
-755.08200000
20
-2669.80700000
30
0.00000000
0
VERTEX
8
Feedline
10
-753.05100000
20
-2669.85100000
30
0.00000000
0
VERTEX
8
Feedline
10
-751.01900000
20
-2669.88600000
30
0.00000000
0
VERTEX
8
Feedline
10
-748.99000000
20
-2669.91400000
30
0.00000000
0
VERTEX
8
Feedline
10
-748.98800000
20
-2669.91400000
30
0.00000000
0
VERTEX
8
Feedline
10
-746.95700000
20
-2669.93400000
30
0.00000000
0
VERTEX
8
Feedline
10
-744.87100000
20
-2669.94600000
30
0.00000000
0
VERTEX
8
Feedline
10
-742.89300000
20
-2669.95000000
30
0.00000000
0
VERTEX
8
Feedline
10
-742.89300000
20
-2659.05000000
30
0.00000000
0
VERTEX
8
Feedline
10
-744.92500000
20
-2659.04600000
30
0.00000000
0
VERTEX
8
Feedline
10
-746.91100000
20
-2659.03400000
30
0.00000000
0
VERTEX
8
Feedline
10
-748.98800000
20
-2659.01300000
30
0.00000000
0
VERTEX
8
Feedline
10
-748.99000000
20
-2659.01300000
30
0.00000000
0
VERTEX
8
Feedline
10
-750.92900000
20
-2658.98700000
30
0.00000000
0
VERTEX
8
Feedline
10
-752.93800000
20
-2658.95100000
30
0.00000000
0
VERTEX
8
Feedline
10
-754.94600000
20
-2658.90700000
30
0.00000000
0
VERTEX
8
Feedline
10
-756.95500000
20
-2658.85600000
30
0.00000000
0
VERTEX
8
Feedline
10
-758.96400000
20
-2658.79600000
30
0.00000000
0
VERTEX
8
Feedline
10
-760.97100000
20
-2658.72900000
30
0.00000000
0
VERTEX
8
Feedline
10
-762.97900000
20
-2658.65400000
30
0.00000000
0
VERTEX
8
Feedline
10
-764.98600000
20
-2658.57000000
30
0.00000000
0
VERTEX
8
Feedline
10
-766.99300000
20
-2658.47900000
30
0.00000000
0
VERTEX
8
Feedline
10
-769.00000000
20
-2658.38000000
30
0.00000000
0
VERTEX
8
Feedline
10
-771.00600000
20
-2658.27300000
30
0.00000000
0
VERTEX
8
Feedline
10
-773.01200000
20
-2658.15800000
30
0.00000000
0
VERTEX
8
Feedline
10
-775.01700000
20
-2658.03500000
30
0.00000000
0
VERTEX
8
Feedline
10
-777.02200000
20
-2657.90500000
30
0.00000000
0
VERTEX
8
Feedline
10
-779.02700000
20
-2657.76600000
30
0.00000000
0
VERTEX
8
Feedline
10
-781.03000000
20
-2657.62000000
30
0.00000000
0
VERTEX
8
Feedline
10
-783.03300000
20
-2657.46500000
30
0.00000000
0
VERTEX
8
Feedline
10
-785.03500000
20
-2657.30300000
30
0.00000000
0
VERTEX
8
Feedline
10
-787.03700000
20
-2657.13300000
30
0.00000000
0
VERTEX
8
Feedline
10
-789.03900000
20
-2656.95400000
30
0.00000000
0
VERTEX
8
Feedline
10
-791.03900000
20
-2656.76800000
30
0.00000000
0
VERTEX
8
Feedline
10
-793.03900000
20
-2656.57400000
30
0.00000000
0
VERTEX
8
Feedline
10
-795.03800000
20
-2656.37300000
30
0.00000000
0
VERTEX
8
Feedline
10
-797.03500000
20
-2656.16300000
30
0.00000000
0
VERTEX
8
Feedline
10
-799.03400000
20
-2655.94500000
30
0.00000000
0
VERTEX
8
Feedline
10
-801.03000000
20
-2655.72000000
30
0.00000000
0
VERTEX
8
Feedline
10
-803.02500000
20
-2655.48600000
30
0.00000000
0
VERTEX
8
Feedline
10
-805.01900000
20
-2655.24500000
30
0.00000000
0
VERTEX
8
Feedline
10
-807.01300000
20
-2654.99600000
30
0.00000000
0
VERTEX
8
Feedline
10
-809.00500000
20
-2654.73900000
30
0.00000000
0
VERTEX
8
Feedline
10
-811.03600000
20
-2654.46800000
30
0.00000000
0
VERTEX
8
Feedline
10
-812.98800000
20
-2654.20200000
30
0.00000000
0
VERTEX
8
Feedline
10
-814.97700000
20
-2653.92000000
30
0.00000000
0
VERTEX
8
Feedline
10
-816.96500000
20
-2653.63200000
30
0.00000000
0
VERTEX
8
Feedline
10
-818.95200000
20
-2653.33500000
30
0.00000000
0
VERTEX
8
Feedline
10
-820.93900000
20
-2653.03100000
30
0.00000000
0
VERTEX
8
Feedline
10
-822.92300000
20
-2652.71900000
30
0.00000000
0
VERTEX
8
Feedline
10
-824.90600000
20
-2652.40000000
30
0.00000000
0
VERTEX
8
Feedline
10
-826.88800000
20
-2652.07200000
30
0.00000000
0
VERTEX
8
Feedline
10
-828.86900000
20
-2651.73700000
30
0.00000000
0
VERTEX
8
Feedline
10
-830.84900000
20
-2651.39300000
30
0.00000000
0
VERTEX
8
Feedline
10
-832.82700000
20
-2651.04200000
30
0.00000000
0
VERTEX
8
Feedline
10
-834.80400000
20
-2650.68400000
30
0.00000000
0
VERTEX
8
Feedline
10
-836.77900000
20
-2650.31700000
30
0.00000000
0
VERTEX
8
Feedline
10
-838.75300000
20
-2649.94300000
30
0.00000000
0
VERTEX
8
Feedline
10
-840.72600000
20
-2649.56000000
30
0.00000000
0
VERTEX
8
Feedline
10
-842.69700000
20
-2649.17000000
30
0.00000000
0
VERTEX
8
Feedline
10
-844.66600000
20
-2648.77300000
30
0.00000000
0
VERTEX
8
Feedline
10
-846.63300000
20
-2648.36700000
30
0.00000000
0
VERTEX
8
Feedline
10
-848.59900000
20
-2647.95400000
30
0.00000000
0
VERTEX
8
Feedline
10
-850.56500000
20
-2647.53300000
30
0.00000000
0
VERTEX
8
Feedline
10
-852.52700000
20
-2647.10400000
30
0.00000000
0
VERTEX
8
Feedline
10
-854.48800000
20
-2646.66800000
30
0.00000000
0
VERTEX
8
Feedline
10
-856.44700000
20
-2646.22300000
30
0.00000000
0
VERTEX
8
Feedline
10
-858.40500000
20
-2645.77100000
30
0.00000000
0
VERTEX
8
Feedline
10
-860.38500000
20
-2645.30600000
30
0.00000000
0
VERTEX
8
Feedline
10
-862.31500000
20
-2644.84400000
30
0.00000000
0
VERTEX
8
Feedline
10
-864.26700000
20
-2644.36900000
30
0.00000000
0
VERTEX
8
Feedline
10
-866.21700000
20
-2643.88600000
30
0.00000000
0
VERTEX
8
Feedline
10
-868.16500000
20
-2643.39500000
30
0.00000000
0
VERTEX
8
Feedline
10
-870.11100000
20
-2642.89700000
30
0.00000000
0
VERTEX
8
Feedline
10
-872.05600000
20
-2642.39100000
30
0.00000000
0
VERTEX
8
Feedline
10
-874.04400000
20
-2641.86500000
30
0.00000000
0
VERTEX
8
Feedline
10
-875.93800000
20
-2641.35600000
30
0.00000000
0
VERTEX
8
Feedline
10
-877.87600000
20
-2640.82700000
30
0.00000000
0
VERTEX
8
Feedline
10
-879.81200000
20
-2640.29100000
30
0.00000000
0
VERTEX
8
Feedline
10
-881.74700000
20
-2639.74600000
30
0.00000000
0
VERTEX
8
Feedline
10
-883.67900000
20
-2639.19500000
30
0.00000000
0
VERTEX
8
Feedline
10
-885.60800000
20
-2638.63500000
30
0.00000000
0
VERTEX
8
Feedline
10
-887.53500000
20
-2638.06800000
30
0.00000000
0
VERTEX
8
Feedline
10
-889.46000000
20
-2637.49400000
30
0.00000000
0
VERTEX
8
Feedline
10
-891.38400000
20
-2636.91100000
30
0.00000000
0
VERTEX
8
Feedline
10
-893.30400000
20
-2636.32200000
30
0.00000000
0
VERTEX
8
Feedline
10
-895.22200000
20
-2635.72400000
30
0.00000000
0
VERTEX
8
Feedline
10
-897.13800000
20
-2635.11900000
30
0.00000000
0
VERTEX
8
Feedline
10
-899.05100000
20
-2634.50700000
30
0.00000000
0
VERTEX
8
Feedline
10
-900.96300000
20
-2633.88700000
30
0.00000000
0
VERTEX
8
Feedline
10
-902.87100000
20
-2633.25800000
30
0.00000000
0
VERTEX
8
Feedline
10
-904.77700000
20
-2632.62300000
30
0.00000000
0
VERTEX
8
Feedline
10
-906.68700000
20
-2631.97900000
30
0.00000000
0
VERTEX
8
Feedline
10
-908.61400000
20
-2631.31900000
30
0.00000000
0
VERTEX
8
Feedline
10
-910.52300000
20
-2630.65800000
30
0.00000000
0
VERTEX
8
Feedline
10
-912.37600000
20
-2630.00800000
30
0.00000000
0
VERTEX
8
Feedline
10
-914.26900000
20
-2629.33500000
30
0.00000000
0
VERTEX
8
Feedline
10
-916.15900000
20
-2628.65500000
30
0.00000000
0
VERTEX
8
Feedline
10
-918.04700000
20
-2627.96800000
30
0.00000000
0
VERTEX
8
Feedline
10
-919.93200000
20
-2627.27300000
30
0.00000000
0
VERTEX
8
Feedline
10
-921.81500000
20
-2626.57000000
30
0.00000000
0
VERTEX
8
Feedline
10
-923.69400000
20
-2625.86100000
30
0.00000000
0
VERTEX
8
Feedline
10
-925.57100000
20
-2625.14300000
30
0.00000000
0
VERTEX
8
Feedline
10
-927.44400000
20
-2624.41900000
30
0.00000000
0
VERTEX
8
Feedline
10
-929.31500000
20
-2623.68700000
30
0.00000000
0
VERTEX
8
Feedline
10
-931.18300000
20
-2622.94600000
30
0.00000000
0
VERTEX
8
Feedline
10
-933.04900000
20
-2622.20000000
30
0.00000000
0
VERTEX
8
Feedline
10
-934.91100000
20
-2621.44600000
30
0.00000000
0
VERTEX
8
Feedline
10
-936.77000000
20
-2620.68400000
30
0.00000000
0
VERTEX
8
Feedline
10
-938.62600000
20
-2619.91500000
30
0.00000000
0
VERTEX
8
Feedline
10
-940.47900000
20
-2619.13900000
30
0.00000000
0
VERTEX
8
Feedline
10
-942.32900000
20
-2618.35600000
30
0.00000000
0
VERTEX
8
Feedline
10
-944.17600000
20
-2617.56500000
30
0.00000000
0
VERTEX
8
Feedline
10
-946.02000000
20
-2616.76700000
30
0.00000000
0
VERTEX
8
Feedline
10
-947.86000000
20
-2615.96200000
30
0.00000000
0
VERTEX
8
Feedline
10
-949.69700000
20
-2615.15000000
30
0.00000000
0
VERTEX
8
Feedline
10
-951.53100000
20
-2614.33000000
30
0.00000000
0
VERTEX
8
Feedline
10
-953.36300000
20
-2613.50300000
30
0.00000000
0
VERTEX
8
Feedline
10
-955.19100000
20
-2612.66800000
30
0.00000000
0
VERTEX
8
Feedline
10
-957.01500000
20
-2611.82600000
30
0.00000000
0
VERTEX
8
Feedline
10
-958.83600000
20
-2610.97800000
30
0.00000000
0
VERTEX
8
Feedline
10
-960.65300000
20
-2610.12200000
30
0.00000000
0
VERTEX
8
Feedline
10
-962.46800000
20
-2609.25900000
30
0.00000000
0
VERTEX
8
Feedline
10
-964.27900000
20
-2608.38900000
30
0.00000000
0
VERTEX
8
Feedline
10
-966.08600000
20
-2607.51200000
30
0.00000000
0
VERTEX
8
Feedline
10
-967.89000000
20
-2606.62700000
30
0.00000000
0
VERTEX
8
Feedline
10
-969.69000000
20
-2605.73600000
30
0.00000000
0
VERTEX
8
Feedline
10
-971.48700000
20
-2604.83700000
30
0.00000000
0
VERTEX
8
Feedline
10
-973.28100000
20
-2603.93200000
30
0.00000000
0
VERTEX
8
Feedline
10
-975.07100000
20
-2603.01800000
30
0.00000000
0
VERTEX
8
Feedline
10
-976.85700000
20
-2602.09800000
30
0.00000000
0
VERTEX
8
Feedline
10
-978.63900000
20
-2601.17100000
30
0.00000000
0
VERTEX
8
Feedline
10
-980.41800000
20
-2600.23700000
30
0.00000000
0
VERTEX
8
Feedline
10
-982.19300000
20
-2599.29700000
30
0.00000000
0
VERTEX
8
Feedline
10
-983.96500000
20
-2598.34900000
30
0.00000000
0
VERTEX
8
Feedline
10
-985.73200000
20
-2597.39400000
30
0.00000000
0
VERTEX
8
Feedline
10
-987.49600000
20
-2596.43200000
30
0.00000000
0
VERTEX
8
Feedline
10
-989.25600000
20
-2595.46300000
30
0.00000000
0
VERTEX
8
Feedline
10
-991.01200000
20
-2594.48800000
30
0.00000000
0
VERTEX
8
Feedline
10
-992.76500000
20
-2593.50500000
30
0.00000000
0
VERTEX
8
Feedline
10
-994.51300000
20
-2592.51400000
30
0.00000000
0
VERTEX
8
Feedline
10
-996.25800000
20
-2591.51800000
30
0.00000000
0
VERTEX
8
Feedline
10
-997.99800000
20
-2590.51500000
30
0.00000000
0
VERTEX
8
Feedline
10
-999.73400000
20
-2589.50500000
30
0.00000000
0
VERTEX
8
Feedline
10
-1001.46700000
20
-2588.48800000
30
0.00000000
0
VERTEX
8
Feedline
10
-1003.19600000
20
-2587.46400000
30
0.00000000
0
VERTEX
8
Feedline
10
-1004.92100000
20
-2586.43300000
30
0.00000000
0
VERTEX
8
Feedline
10
-1006.64100000
20
-2585.39600000
30
0.00000000
0
VERTEX
8
Feedline
10
-1008.37600000
20
-2584.33900000
30
0.00000000
0
VERTEX
8
Feedline
10
-1010.06900000
20
-2583.30000000
30
0.00000000
0
VERTEX
8
Feedline
10
-1011.77700000
20
-2582.24200000
30
0.00000000
0
VERTEX
8
Feedline
10
-1013.48200000
20
-2581.17700000
30
0.00000000
0
VERTEX
8
Feedline
10
-1015.18100000
20
-2580.10600000
30
0.00000000
0
VERTEX
8
Feedline
10
-1016.88200000
20
-2579.02400000
30
0.00000000
0
VERTEX
8
Feedline
10
-1018.59300000
20
-2577.92700000
30
0.00000000
0
VERTEX
8
Feedline
10
-1020.28700000
20
-2576.83100000
30
0.00000000
0
VERTEX
8
Feedline
10
-1021.97600000
20
-2575.72800000
30
0.00000000
0
VERTEX
8
Feedline
10
-1023.61500000
20
-2574.65000000
30
0.00000000
0
VERTEX
8
Feedline
10
-1025.28900000
20
-2573.53900000
30
0.00000000
0
VERTEX
8
Feedline
10
-1026.95800000
20
-2572.42000000
30
0.00000000
0
VERTEX
8
Feedline
10
-1028.62300000
20
-2571.29600000
30
0.00000000
0
VERTEX
8
Feedline
10
-1030.28300000
20
-2570.16500000
30
0.00000000
0
VERTEX
8
Feedline
10
-1031.93900000
20
-2569.02800000
30
0.00000000
0
VERTEX
8
Feedline
10
-1033.59100000
20
-2567.88400000
30
0.00000000
0
VERTEX
8
Feedline
10
-1035.23800000
20
-2566.73300000
30
0.00000000
0
VERTEX
8
Feedline
10
-1036.93400000
20
-2565.53800000
30
0.00000000
0
VERTEX
8
Feedline
10
-1038.51800000
20
-2564.41300000
30
0.00000000
0
VERTEX
8
Feedline
10
-1040.15100000
20
-2563.24300000
30
0.00000000
0
VERTEX
8
Feedline
10
-1041.78000000
20
-2562.06600000
30
0.00000000
0
VERTEX
8
Feedline
10
-1043.40500000
20
-2560.88300000
30
0.00000000
0
VERTEX
8
Feedline
10
-1045.02400000
20
-2559.69400000
30
0.00000000
0
VERTEX
8
Feedline
10
-1046.63800000
20
-2558.49800000
30
0.00000000
0
VERTEX
8
Feedline
10
-1048.24800000
20
-2557.29600000
30
0.00000000
0
VERTEX
8
Feedline
10
-1049.85300000
20
-2556.08800000
30
0.00000000
0
VERTEX
8
Feedline
10
-1051.45300000
20
-2554.87400000
30
0.00000000
0
VERTEX
8
Feedline
10
-1053.04800000
20
-2553.65300000
30
0.00000000
0
VERTEX
8
Feedline
10
-1054.64000000
20
-2552.42600000
30
0.00000000
0
VERTEX
8
Feedline
10
-1056.22600000
20
-2551.19100000
30
0.00000000
0
VERTEX
8
Feedline
10
-1057.80600000
20
-2549.95200000
30
0.00000000
0
VERTEX
8
Feedline
10
-1059.38200000
20
-2548.70600000
30
0.00000000
0
VERTEX
8
Feedline
10
-1061.00000000
20
-2547.41600000
30
0.00000000
0
VERTEX
8
Feedline
10
-1062.51900000
20
-2546.19600000
30
0.00000000
0
VERTEX
8
Feedline
10
-1064.08100000
20
-2544.93100000
30
0.00000000
0
VERTEX
8
Feedline
10
-1065.63700000
20
-2543.66100000
30
0.00000000
0
VERTEX
8
Feedline
10
-1067.18800000
20
-2542.38400000
30
0.00000000
0
VERTEX
8
Feedline
10
-1068.73400000
20
-2541.10000000
30
0.00000000
0
VERTEX
8
Feedline
10
-1070.27500000
20
-2539.81100000
30
0.00000000
0
VERTEX
8
Feedline
10
-1071.81100000
20
-2538.51600000
30
0.00000000
0
VERTEX
8
Feedline
10
-1073.34100000
20
-2537.21500000
30
0.00000000
0
VERTEX
8
Feedline
10
-1074.86800000
20
-2535.90800000
30
0.00000000
0
VERTEX
8
Feedline
10
-1076.38800000
20
-2534.59500000
30
0.00000000
0
VERTEX
8
Feedline
10
-1077.90300000
20
-2533.27600000
30
0.00000000
0
VERTEX
8
Feedline
10
-1079.41300000
20
-2531.95100000
30
0.00000000
0
VERTEX
8
Feedline
10
-1080.92000000
20
-2530.61800000
30
0.00000000
0
VERTEX
8
Feedline
10
-1082.41700000
20
-2529.28200000
30
0.00000000
0
VERTEX
8
Feedline
10
-1083.91200000
20
-2527.93900000
30
0.00000000
0
VERTEX
8
Feedline
10
-1085.40500000
20
-2526.58600000
30
0.00000000
0
VERTEX
8
Feedline
10
-1086.89700000
20
-2525.22500000
30
0.00000000
0
VERTEX
8
Feedline
10
-1088.38500000
20
-2523.85400000
30
0.00000000
0
VERTEX
8
Feedline
10
-1089.83600000
20
-2522.50900000
30
0.00000000
0
VERTEX
8
Feedline
10
-1091.30300000
20
-2521.13600000
30
0.00000000
0
VERTEX
8
Feedline
10
-1092.76500000
20
-2519.75800000
30
0.00000000
0
VERTEX
8
Feedline
10
-1094.22200000
20
-2518.37500000
30
0.00000000
0
VERTEX
8
Feedline
10
-1095.67300000
20
-2516.98500000
30
0.00000000
0
VERTEX
8
Feedline
10
-1097.11900000
20
-2515.59000000
30
0.00000000
0
VERTEX
8
Feedline
10
-1098.55900000
20
-2514.19000000
30
0.00000000
0
VERTEX
8
Feedline
10
-1099.99300000
20
-2512.78300000
30
0.00000000
0
VERTEX
8
Feedline
10
-1101.42200000
20
-2511.37000000
30
0.00000000
0
VERTEX
8
Feedline
10
-1102.84600000
20
-2509.95200000
30
0.00000000
0
VERTEX
8
Feedline
10
-2059.95200000
20
-1552.84600000
30
0.00000000
0
VERTEX
8
Feedline
10
-2061.35400000
20
-1551.45000000
30
0.00000000
0
VERTEX
8
Feedline
10
-2062.76000000
20
-1550.06100000
30
0.00000000
0
VERTEX
8
Feedline
10
-2064.17300000
20
-1548.67700000
30
0.00000000
0
VERTEX
8
Feedline
10
-2065.59100000
20
-1547.29800000
30
0.00000000
0
VERTEX
8
Feedline
10
-2067.01400000
20
-1545.92600000
30
0.00000000
0
VERTEX
8
Feedline
10
-2068.44200000
20
-1544.55900000
30
0.00000000
0
VERTEX
8
Feedline
10
-2069.87700000
20
-1543.19700000
30
0.00000000
0
VERTEX
8
Feedline
10
-2071.31700000
20
-1541.84200000
30
0.00000000
0
VERTEX
8
Feedline
10
-2072.76200000
20
-1540.49300000
30
0.00000000
0
VERTEX
8
Feedline
10
-2074.21300000
20
-1539.14900000
30
0.00000000
0
VERTEX
8
Feedline
10
-2075.66900000
20
-1537.81100000
30
0.00000000
0
VERTEX
8
Feedline
10
-2077.13100000
20
-1536.47900000
30
0.00000000
0
VERTEX
8
Feedline
10
-2078.59900000
20
-1535.15200000
30
0.00000000
0
VERTEX
8
Feedline
10
-2080.06900000
20
-1533.83300000
30
0.00000000
0
VERTEX
8
Feedline
10
-2081.54700000
20
-1532.51800000
30
0.00000000
0
VERTEX
8
Feedline
10
-2083.02900000
20
-1531.21100000
30
0.00000000
0
VERTEX
8
Feedline
10
-2084.51800000
20
-1529.90800000
30
0.00000000
0
VERTEX
8
Feedline
10
-2086.01100000
20
-1528.61200000
30
0.00000000
0
VERTEX
8
Feedline
10
-2087.54000000
20
-1527.29600000
30
0.00000000
0
VERTEX
8
Feedline
10
-2089.04700000
20
-1526.00800000
30
0.00000000
0
VERTEX
8
Feedline
10
-2090.53000000
20
-1524.75200000
30
0.00000000
0
VERTEX
8
Feedline
10
-2092.03500000
20
-1523.48700000
30
0.00000000
0
VERTEX
8
Feedline
10
-2093.55500000
20
-1522.22100000
30
0.00000000
0
VERTEX
8
Feedline
10
-2095.07900000
20
-1520.96200000
30
0.00000000
0
VERTEX
8
Feedline
10
-2096.60800000
20
-1519.70800000
30
0.00000000
0
VERTEX
8
Feedline
10
-2098.14100000
20
-1518.46000000
30
0.00000000
0
VERTEX
8
Feedline
10
-2099.68100000
20
-1517.21900000
30
0.00000000
0
VERTEX
8
Feedline
10
-2101.22500000
20
-1515.98400000
30
0.00000000
0
VERTEX
8
Feedline
10
-2102.80400000
20
-1514.73200000
30
0.00000000
0
VERTEX
8
Feedline
10
-2104.32900000
20
-1513.53200000
30
0.00000000
0
VERTEX
8
Feedline
10
-2105.88800000
20
-1512.31500000
30
0.00000000
0
VERTEX
8
Feedline
10
-2107.45200000
20
-1511.10600000
30
0.00000000
0
VERTEX
8
Feedline
10
-2109.02000000
20
-1509.90200000
30
0.00000000
0
VERTEX
8
Feedline
10
-2110.59400000
20
-1508.70500000
30
0.00000000
0
VERTEX
8
Feedline
10
-2112.17200000
20
-1507.51400000
30
0.00000000
0
VERTEX
8
Feedline
10
-2113.75600000
20
-1506.32900000
30
0.00000000
0
VERTEX
8
Feedline
10
-2115.34400000
20
-1505.15000000
30
0.00000000
0
VERTEX
8
Feedline
10
-2116.93700000
20
-1503.97800000
30
0.00000000
0
VERTEX
8
Feedline
10
-2118.53300000
20
-1502.81300000
30
0.00000000
0
VERTEX
8
Feedline
10
-2120.13500000
20
-1501.65400000
30
0.00000000
0
VERTEX
8
Feedline
10
-2121.74200000
20
-1500.50200000
30
0.00000000
0
VERTEX
8
Feedline
10
-2123.35400000
20
-1499.35600000
30
0.00000000
0
VERTEX
8
Feedline
10
-2124.97000000
20
-1498.21600000
30
0.00000000
0
VERTEX
8
Feedline
10
-2126.59100000
20
-1497.08300000
30
0.00000000
0
VERTEX
8
Feedline
10
-2128.21500000
20
-1495.95600000
30
0.00000000
0
VERTEX
8
Feedline
10
-2129.84500000
20
-1494.83600000
30
0.00000000
0
VERTEX
8
Feedline
10
-2131.48700000
20
-1493.71700000
30
0.00000000
0
VERTEX
8
Feedline
10
-2133.12400000
20
-1492.61100000
30
0.00000000
0
VERTEX
8
Feedline
10
-2134.76100000
20
-1491.51600000
30
0.00000000
0
VERTEX
8
Feedline
10
-2136.40900000
20
-1490.42200000
30
0.00000000
0
VERTEX
8
Feedline
10
-2138.06000000
20
-1489.33500000
30
0.00000000
0
VERTEX
8
Feedline
10
-2139.71600000
20
-1488.25500000
30
0.00000000
0
VERTEX
8
Feedline
10
-2141.37700000
20
-1487.18100000
30
0.00000000
0
VERTEX
8
Feedline
10
-2143.04200000
20
-1486.11400000
30
0.00000000
0
VERTEX
8
Feedline
10
-2144.71100000
20
-1485.05400000
30
0.00000000
0
VERTEX
8
Feedline
10
-2146.38500000
20
-1484.00000000
30
0.00000000
0
VERTEX
8
Feedline
10
-2148.06100000
20
-1482.95300000
30
0.00000000
0
VERTEX
8
Feedline
10
-2149.74300000
20
-1481.91400000
30
0.00000000
0
VERTEX
8
Feedline
10
-2151.49500000
20
-1480.84100000
30
0.00000000
0
VERTEX
8
Feedline
10
-2153.15100000
20
-1479.83500000
30
0.00000000
0
VERTEX
8
Feedline
10
-2154.83600000
20
-1478.82200000
30
0.00000000
0
VERTEX
8
Feedline
10
-2156.51300000
20
-1477.82200000
30
0.00000000
0
VERTEX
8
Feedline
10
-2158.21400000
20
-1476.81600000
30
0.00000000
0
VERTEX
8
Feedline
10
-2159.92100000
20
-1475.81700000
30
0.00000000
0
VERTEX
8
Feedline
10
-2161.63200000
20
-1474.82500000
30
0.00000000
0
VERTEX
8
Feedline
10
-2163.34600000
20
-1473.83900000
30
0.00000000
0
VERTEX
8
Feedline
10
-2165.06500000
20
-1472.86200000
30
0.00000000
0
VERTEX
8
Feedline
10
-2166.78700000
20
-1471.89000000
30
0.00000000
0
VERTEX
8
Feedline
10
-2168.52400000
20
-1470.92000000
30
0.00000000
0
VERTEX
8
Feedline
10
-2170.24300000
20
-1469.96800000
30
0.00000000
0
VERTEX
8
Feedline
10
-2171.97700000
20
-1469.01700000
30
0.00000000
0
VERTEX
8
Feedline
10
-2173.71500000
20
-1468.07400000
30
0.00000000
0
VERTEX
8
Feedline
10
-2175.45700000
20
-1467.13700000
30
0.00000000
0
VERTEX
8
Feedline
10
-2177.20100000
20
-1466.20800000
30
0.00000000
0
VERTEX
8
Feedline
10
-2178.95100000
20
-1465.28500000
30
0.00000000
0
VERTEX
8
Feedline
10
-2180.70400000
20
-1464.37000000
30
0.00000000
0
VERTEX
8
Feedline
10
-2182.46000000
20
-1463.46100000
30
0.00000000
0
VERTEX
8
Feedline
10
-2184.22000000
20
-1462.56100000
30
0.00000000
0
VERTEX
8
Feedline
10
-2185.98400000
20
-1461.66700000
30
0.00000000
0
VERTEX
8
Feedline
10
-2187.75100000
20
-1460.77900000
30
0.00000000
0
VERTEX
8
Feedline
10
-2189.52200000
20
-1459.89900000
30
0.00000000
0
VERTEX
8
Feedline
10
-2191.29600000
20
-1459.02600000
30
0.00000000
0
VERTEX
8
Feedline
10
-2193.07400000
20
-1458.16100000
30
0.00000000
0
VERTEX
8
Feedline
10
-2194.85600000
20
-1457.30200000
30
0.00000000
0
VERTEX
8
Feedline
10
-2196.64000000
20
-1456.45100000
30
0.00000000
0
VERTEX
8
Feedline
10
-2198.42800000
20
-1455.60700000
30
0.00000000
0
VERTEX
8
Feedline
10
-2200.22000000
20
-1454.77000000
30
0.00000000
0
VERTEX
8
Feedline
10
-2202.01500000
20
-1453.94000000
30
0.00000000
0
VERTEX
8
Feedline
10
-2203.81300000
20
-1453.11800000
30
0.00000000
0
VERTEX
8
Feedline
10
-2205.61500000
20
-1452.30300000
30
0.00000000
0
VERTEX
8
Feedline
10
-2207.41900000
20
-1451.49500000
30
0.00000000
0
VERTEX
8
Feedline
10
-2209.22700000
20
-1450.69400000
30
0.00000000
0
VERTEX
8
Feedline
10
-2211.03900000
20
-1449.90100000
30
0.00000000
0
VERTEX
8
Feedline
10
-2212.85300000
20
-1449.11500000
30
0.00000000
0
VERTEX
8
Feedline
10
-2214.71900000
20
-1448.31600000
30
0.00000000
0
VERTEX
8
Feedline
10
-2216.49100000
20
-1447.56500000
30
0.00000000
0
VERTEX
8
Feedline
10
-2218.31500000
20
-1446.80000000
30
0.00000000
0
VERTEX
8
Feedline
10
-2220.14200000
20
-1446.04400000
30
0.00000000
0
VERTEX
8
Feedline
10
-2221.97200000
20
-1445.29400000
30
0.00000000
0
VERTEX
8
Feedline
10
-2223.80500000
20
-1444.55200000
30
0.00000000
0
VERTEX
8
Feedline
10
-2225.64000000
20
-1443.81800000
30
0.00000000
0
VERTEX
8
Feedline
10
-2227.47900000
20
-1443.09100000
30
0.00000000
0
VERTEX
8
Feedline
10
-2229.32100000
20
-1442.37100000
30
0.00000000
0
VERTEX
8
Feedline
10
-2231.16600000
20
-1441.65900000
30
0.00000000
0
VERTEX
8
Feedline
10
-2233.01400000
20
-1440.95400000
30
0.00000000
0
VERTEX
8
Feedline
10
-2234.86400000
20
-1440.25600000
30
0.00000000
0
VERTEX
8
Feedline
10
-2236.71700000
20
-1439.56600000
30
0.00000000
0
VERTEX
8
Feedline
10
-2238.57300000
20
-1438.88400000
30
0.00000000
0
VERTEX
8
Feedline
10
-2240.43100000
20
-1438.20900000
30
0.00000000
0
VERTEX
8
Feedline
10
-2242.29300000
20
-1437.54100000
30
0.00000000
0
VERTEX
8
Feedline
10
-2244.15700000
20
-1436.88100000
30
0.00000000
0
VERTEX
8
Feedline
10
-2246.02300000
20
-1436.22800000
30
0.00000000
0
VERTEX
8
Feedline
10
-2247.89200000
20
-1435.58300000
30
0.00000000
0
VERTEX
8
Feedline
10
-2249.76400000
20
-1434.94600000
30
0.00000000
0
VERTEX
8
Feedline
10
-2251.63900000
20
-1434.31600000
30
0.00000000
0
VERTEX
8
Feedline
10
-2253.51600000
20
-1433.69300000
30
0.00000000
0
VERTEX
8
Feedline
10
-2255.43900000
20
-1433.06400000
30
0.00000000
0
VERTEX
8
Feedline
10
-2257.30800000
20
-1432.46100000
30
0.00000000
0
VERTEX
8
Feedline
10
-2259.16500000
20
-1431.87000000
30
0.00000000
0
VERTEX
8
Feedline
10
-2261.04800000
20
-1431.28000000
30
0.00000000
0
VERTEX
8
Feedline
10
-2262.93700000
20
-1430.69600000
30
0.00000000
0
VERTEX
8
Feedline
10
-2264.82900000
20
-1430.11900000
30
0.00000000
0
VERTEX
8
Feedline
10
-2266.72100000
20
-1429.54900000
30
0.00000000
0
VERTEX
8
Feedline
10
-2268.61800000
20
-1428.98800000
30
0.00000000
0
VERTEX
8
Feedline
10
-2270.51600000
20
-1428.43400000
30
0.00000000
0
VERTEX
8
Feedline
10
-2272.41700000
20
-1427.88700000
30
0.00000000
0
VERTEX
8
Feedline
10
-2274.31900000
20
-1427.34900000
30
0.00000000
0
VERTEX
8
Feedline
10
-2276.22300000
20
-1426.81700000
30
0.00000000
0
VERTEX
8
Feedline
10
-2278.13000000
20
-1426.29400000
30
0.00000000
0
VERTEX
8
Feedline
10
-2280.04000000
20
-1425.77800000
30
0.00000000
0
VERTEX
8
Feedline
10
-2281.95100000
20
-1425.27000000
30
0.00000000
0
VERTEX
8
Feedline
10
-2283.86400000
20
-1424.77000000
30
0.00000000
0
VERTEX
8
Feedline
10
-2285.77800000
20
-1424.27800000
30
0.00000000
0
VERTEX
8
Feedline
10
-2287.69600000
20
-1423.79300000
30
0.00000000
0
VERTEX
8
Feedline
10
-2289.63900000
20
-1423.31100000
30
0.00000000
0
VERTEX
8
Feedline
10
-2291.53600000
20
-1422.84700000
30
0.00000000
0
VERTEX
8
Feedline
10
-2293.45900000
20
-1422.38600000
30
0.00000000
0
VERTEX
8
Feedline
10
-2295.38300000
20
-1421.93200000
30
0.00000000
0
VERTEX
8
Feedline
10
-2297.30900000
20
-1421.48500000
30
0.00000000
0
VERTEX
8
Feedline
10
-2299.23800000
20
-1421.04700000
30
0.00000000
0
VERTEX
8
Feedline
10
-2301.16800000
20
-1420.61600000
30
0.00000000
0
VERTEX
8
Feedline
10
-2303.10000000
20
-1420.19400000
30
0.00000000
0
VERTEX
8
Feedline
10
-2305.03200000
20
-1419.77900000
30
0.00000000
0
VERTEX
8
Feedline
10
-2306.96700000
20
-1419.37100000
30
0.00000000
0
VERTEX
8
Feedline
10
-2308.90400000
20
-1418.97200000
30
0.00000000
0
VERTEX
8
Feedline
10
-2310.84300000
20
-1418.58000000
30
0.00000000
0
VERTEX
8
Feedline
10
-2312.78300000
20
-1418.19600000
30
0.00000000
0
VERTEX
8
Feedline
10
-2314.72300000
20
-1417.82000000
30
0.00000000
0
VERTEX
8
Feedline
10
-2316.66600000
20
-1417.45200000
30
0.00000000
0
VERTEX
8
Feedline
10
-2318.61100000
20
-1417.09200000
30
0.00000000
0
VERTEX
8
Feedline
10
-2320.55600000
20
-1416.73900000
30
0.00000000
0
VERTEX
8
Feedline
10
-2322.50400000
20
-1416.39400000
30
0.00000000
0
VERTEX
8
Feedline
10
-2324.45100000
20
-1416.05700000
30
0.00000000
0
VERTEX
8
Feedline
10
-2326.40200000
20
-1415.72800000
30
0.00000000
0
VERTEX
8
Feedline
10
-2328.35300000
20
-1415.40700000
30
0.00000000
0
VERTEX
8
Feedline
10
-2330.30500000
20
-1415.09400000
30
0.00000000
0
VERTEX
8
Feedline
10
-2332.25900000
20
-1414.78900000
30
0.00000000
0
VERTEX
8
Feedline
10
-2334.21300000
20
-1414.49100000
30
0.00000000
0
VERTEX
8
Feedline
10
-2336.17000000
20
-1414.20100000
30
0.00000000
0
VERTEX
8
Feedline
10
-2338.12700000
20
-1413.92100000
30
0.00000000
0
VERTEX
8
Feedline
10
-2340.08600000
20
-1413.64700000
30
0.00000000
0
VERTEX
8
Feedline
10
-2342.04500000
20
-1413.38100000
30
0.00000000
0
VERTEX
8
Feedline
10
-2344.00500000
20
-1413.12200000
30
0.00000000
0
VERTEX
8
Feedline
10
-2345.96700000
20
-1412.87200000
30
0.00000000
0
VERTEX
8
Feedline
10
-2347.92900000
20
-1412.63000000
30
0.00000000
0
VERTEX
8
Feedline
10
-2349.89300000
20
-1412.39600000
30
0.00000000
0
VERTEX
8
Feedline
10
-2351.85700000
20
-1412.16900000
30
0.00000000
0
VERTEX
8
Feedline
10
-2353.82200000
20
-1411.95000000
30
0.00000000
0
VERTEX
8
Feedline
10
-2355.78800000
20
-1411.74000000
30
0.00000000
0
VERTEX
8
Feedline
10
-2357.75500000
20
-1411.53700000
30
0.00000000
0
VERTEX
8
Feedline
10
-2359.72300000
20
-1411.34200000
30
0.00000000
0
VERTEX
8
Feedline
10
-2361.69200000
20
-1411.15500000
30
0.00000000
0
VERTEX
8
Feedline
10
-2363.66100000
20
-1410.97600000
30
0.00000000
0
VERTEX
8
Feedline
10
-2365.63100000
20
-1410.80500000
30
0.00000000
0
VERTEX
8
Feedline
10
-2367.60200000
20
-1410.64200000
30
0.00000000
0
VERTEX
8
Feedline
10
-2369.57300000
20
-1410.48700000
30
0.00000000
0
VERTEX
8
Feedline
10
-2371.54500000
20
-1410.34000000
30
0.00000000
0
VERTEX
8
Feedline
10
-2373.51700000
20
-1410.20100000
30
0.00000000
0
VERTEX
8
Feedline
10
-2375.49000000
20
-1410.06900000
30
0.00000000
0
VERTEX
8
Feedline
10
-2377.46400000
20
-1409.94600000
30
0.00000000
0
VERTEX
8
Feedline
10
-2379.43800000
20
-1409.83000000
30
0.00000000
0
VERTEX
8
Feedline
10
-2381.41300000
20
-1409.72300000
30
0.00000000
0
VERTEX
8
Feedline
10
-2383.38700000
20
-1409.62300000
30
0.00000000
0
VERTEX
8
Feedline
10
-2385.36200000
20
-1409.53200000
30
0.00000000
0
VERTEX
8
Feedline
10
-2387.33800000
20
-1409.44800000
30
0.00000000
0
VERTEX
8
Feedline
10
-2389.31400000
20
-1409.37300000
30
0.00000000
0
VERTEX
8
Feedline
10
-2391.29100000
20
-1409.30500000
30
0.00000000
0
VERTEX
8
Feedline
10
-2393.26600000
20
-1409.24500000
30
0.00000000
0
VERTEX
8
Feedline
10
-2395.24300000
20
-1409.19300000
30
0.00000000
0
VERTEX
8
Feedline
10
-2397.22000000
20
-1409.15000000
30
0.00000000
0
VERTEX
8
Feedline
10
-2399.19800000
20
-1409.11400000
30
0.00000000
0
VERTEX
8
Feedline
10
-2401.17500000
20
-1409.08600000
30
0.00000000
0
VERTEX
8
Feedline
10
-2403.15200000
20
-1409.06600000
30
0.00000000
0
VERTEX
8
Feedline
10
-2405.12900000
20
-1409.05400000
30
0.00000000
0
VERTEX
8
Feedline
10
-2405.15300000
20
-1409.05400000
30
0.00000000
0
VERTEX
8
Feedline
10
-2407.10700000
20
-1409.05000000
30
0.00000000
0
VERTEX
8
Feedline
10
-2716.17300000
20
-1409.05000000
30
0.00000000
0
VERTEX
8
Feedline
10
-2716.17300000
20
-1419.95000000
30
0.00000000
0
VERTEX
8
Feedline
10
-2407.10700000
20
-1419.95000000
30
0.00000000
0
VERTEX
8
Feedline
10
-2405.15300000
20
-1419.95400000
30
0.00000000
0
VERTEX
8
Feedline
10
-2405.07500000
20
-1419.95400000
30
0.00000000
0
VERTEX
8
Feedline
10
-2403.20000000
20
-1419.96600000
30
0.00000000
0
VERTEX
8
Feedline
10
-2401.24600000
20
-1419.98600000
30
0.00000000
0
VERTEX
8
Feedline
10
-2399.29300000
20
-1420.01400000
30
0.00000000
0
VERTEX
8
Feedline
10
-2397.34000000
20
-1420.04900000
30
0.00000000
0
VERTEX
8
Feedline
10
-2395.38700000
20
-1420.09300000
30
0.00000000
0
VERTEX
8
Feedline
10
-2393.43400000
20
-1420.14500000
30
0.00000000
0
VERTEX
8
Feedline
10
-2391.48100000
20
-1420.20400000
30
0.00000000
0
VERTEX
8
Feedline
10
-2389.52900000
20
-1420.27200000
30
0.00000000
0
VERTEX
8
Feedline
10
-2387.57700000
20
-1420.34700000
30
0.00000000
0
VERTEX
8
Feedline
10
-2385.62500000
20
-1420.43100000
30
0.00000000
0
VERTEX
8
Feedline
10
-2383.67400000
20
-1420.52200000
30
0.00000000
0
VERTEX
8
Feedline
10
-2381.72200000
20
-1420.62200000
30
0.00000000
0
VERTEX
8
Feedline
10
-2379.77200000
20
-1420.72900000
30
0.00000000
0
VERTEX
8
Feedline
10
-2377.82200000
20
-1420.84400000
30
0.00000000
0
VERTEX
8
Feedline
10
-2375.87300000
20
-1420.96700000
30
0.00000000
0
VERTEX
8
Feedline
10
-2373.92400000
20
-1421.09800000
30
0.00000000
0
VERTEX
8
Feedline
10
-2371.97400000
20
-1421.23700000
30
0.00000000
0
VERTEX
8
Feedline
10
-2370.02700000
20
-1421.38400000
30
0.00000000
0
VERTEX
8
Feedline
10
-2368.07900000
20
-1421.53900000
30
0.00000000
0
VERTEX
8
Feedline
10
-2366.13300000
20
-1421.70200000
30
0.00000000
0
VERTEX
8
Feedline
10
-2364.18700000
20
-1421.87200000
30
0.00000000
0
VERTEX
8
Feedline
10
-2362.24100000
20
-1422.05100000
30
0.00000000
0
VERTEX
8
Feedline
10
-2360.29700000
20
-1422.23700000
30
0.00000000
0
VERTEX
8
Feedline
10
-2358.35300000
20
-1422.43200000
30
0.00000000
0
VERTEX
8
Feedline
10
-2356.39100000
20
-1422.63600000
30
0.00000000
0
VERTEX
8
Feedline
10
-2354.46800000
20
-1422.84400000
30
0.00000000
0
VERTEX
8
Feedline
10
-2352.52600000
20
-1423.06300000
30
0.00000000
0
VERTEX
8
Feedline
10
-2350.58600000
20
-1423.28900000
30
0.00000000
0
VERTEX
8
Feedline
10
-2348.64700000
20
-1423.52300000
30
0.00000000
0
VERTEX
8
Feedline
10
-2346.70800000
20
-1423.76400000
30
0.00000000
0
VERTEX
8
Feedline
10
-2344.77000000
20
-1424.01400000
30
0.00000000
0
VERTEX
8
Feedline
10
-2342.83400000
20
-1424.27200000
30
0.00000000
0
VERTEX
8
Feedline
10
-2340.89900000
20
-1424.53700000
30
0.00000000
0
VERTEX
8
Feedline
10
-2338.96400000
20
-1424.81100000
30
0.00000000
0
VERTEX
8
Feedline
10
-2337.01200000
20
-1425.09500000
30
0.00000000
0
VERTEX
8
Feedline
10
-2335.09900000
20
-1425.38200000
30
0.00000000
0
VERTEX
8
Feedline
10
-2333.16800000
20
-1425.67900000
30
0.00000000
0
VERTEX
8
Feedline
10
-2331.23900000
20
-1425.98300000
30
0.00000000
0
VERTEX
8
Feedline
10
-2329.31000000
20
-1426.29600000
30
0.00000000
0
VERTEX
8
Feedline
10
-2327.38400000
20
-1426.61700000
30
0.00000000
0
VERTEX
8
Feedline
10
-2325.45800000
20
-1426.94500000
30
0.00000000
0
VERTEX
8
Feedline
10
-2323.53300000
20
-1427.28100000
30
0.00000000
0
VERTEX
8
Feedline
10
-2321.61000000
20
-1427.62500000
30
0.00000000
0
VERTEX
8
Feedline
10
-2319.68900000
20
-1427.97700000
30
0.00000000
0
VERTEX
8
Feedline
10
-2317.76900000
20
-1428.33600000
30
0.00000000
0
VERTEX
8
Feedline
10
-2315.84900000
20
-1428.70400000
30
0.00000000
0
VERTEX
8
Feedline
10
-2313.93200000
20
-1429.07900000
30
0.00000000
0
VERTEX
8
Feedline
10
-2312.01700000
20
-1429.46200000
30
0.00000000
0
VERTEX
8
Feedline
10
-2310.10300000
20
-1429.85300000
30
0.00000000
0
VERTEX
8
Feedline
10
-2308.15200000
20
-1430.25900000
30
0.00000000
0
VERTEX
8
Feedline
10
-2306.27900000
20
-1430.65800000
30
0.00000000
0
VERTEX
8
Feedline
10
-2304.37000000
20
-1431.07200000
30
0.00000000
0
VERTEX
8
Feedline
10
-2302.46300000
20
-1431.49400000
30
0.00000000
0
VERTEX
8
Feedline
10
-2300.55800000
20
-1431.92400000
30
0.00000000
0
VERTEX
8
Feedline
10
-2298.65400000
20
-1432.36100000
30
0.00000000
0
VERTEX
8
Feedline
10
-2296.75200000
20
-1432.80600000
30
0.00000000
0
VERTEX
8
Feedline
10
-2294.85100000
20
-1433.25900000
30
0.00000000
0
VERTEX
8
Feedline
10
-2292.95300000
20
-1433.72000000
30
0.00000000
0
VERTEX
8
Feedline
10
-2291.05700000
20
-1434.18800000
30
0.00000000
0
VERTEX
8
Feedline
10
-2289.16200000
20
-1434.66500000
30
0.00000000
0
VERTEX
8
Feedline
10
-2287.27000000
20
-1435.14900000
30
0.00000000
0
VERTEX
8
Feedline
10
-2285.37800000
20
-1435.64000000
30
0.00000000
0
VERTEX
8
Feedline
10
-2283.49000000
20
-1436.14000000
30
0.00000000
0
VERTEX
8
Feedline
10
-2281.60300000
20
-1436.64600000
30
0.00000000
0
VERTEX
8
Feedline
10
-2279.71900000
20
-1437.16100000
30
0.00000000
0
VERTEX
8
Feedline
10
-2277.83700000
20
-1437.68300000
30
0.00000000
0
VERTEX
8
Feedline
10
-2275.95600000
20
-1438.21300000
30
0.00000000
0
VERTEX
8
Feedline
10
-2274.06200000
20
-1438.75500000
30
0.00000000
0
VERTEX
8
Feedline
10
-2272.20200000
20
-1439.29500000
30
0.00000000
0
VERTEX
8
Feedline
10
-2270.32800000
20
-1439.84800000
30
0.00000000
0
VERTEX
8
Feedline
10
-2268.45700000
20
-1440.40900000
30
0.00000000
0
VERTEX
8
Feedline
10
-2266.58700000
20
-1440.97700000
30
0.00000000
0
VERTEX
8
Feedline
10
-2264.68700000
20
-1441.56300000
30
0.00000000
0
VERTEX
8
Feedline
10
-2262.85600000
20
-1442.13500000
30
0.00000000
0
VERTEX
8
Feedline
10
-2260.99500000
20
-1442.72600000
30
0.00000000
0
VERTEX
8
Feedline
10
-2259.13100000
20
-1443.32600000
30
0.00000000
0
VERTEX
8
Feedline
10
-2257.24500000
20
-1443.94100000
30
0.00000000
0
VERTEX
8
Feedline
10
-2255.39400000
20
-1444.55400000
30
0.00000000
0
VERTEX
8
Feedline
10
-2253.51600000
20
-1445.18500000
30
0.00000000
0
VERTEX
8
Feedline
10
-2251.72100000
20
-1445.79400000
30
0.00000000
0
VERTEX
8
Feedline
10
-2249.87400000
20
-1446.43000000
30
0.00000000
0
VERTEX
8
Feedline
10
-2248.02900000
20
-1447.07400000
30
0.00000000
0
VERTEX
8
Feedline
10
-2246.18800000
20
-1447.72500000
30
0.00000000
0
VERTEX
8
Feedline
10
-2244.34900000
20
-1448.38300000
30
0.00000000
0
VERTEX
8
Feedline
10
-2242.51200000
20
-1449.04900000
30
0.00000000
0
VERTEX
8
Feedline
10
-2240.67900000
20
-1449.72300000
30
0.00000000
0
VERTEX
8
Feedline
10
-2238.84700000
20
-1450.40400000
30
0.00000000
0
VERTEX
8
Feedline
10
-2237.01900000
20
-1451.09200000
30
0.00000000
0
VERTEX
8
Feedline
10
-2235.19400000
20
-1451.78800000
30
0.00000000
0
VERTEX
8
Feedline
10
-2233.37100000
20
-1452.49100000
30
0.00000000
0
VERTEX
8
Feedline
10
-2231.55200000
20
-1453.20200000
30
0.00000000
0
VERTEX
8
Feedline
10
-2229.73500000
20
-1453.92100000
30
0.00000000
0
VERTEX
8
Feedline
10
-2227.92100000
20
-1454.64600000
30
0.00000000
0
VERTEX
8
Feedline
10
-2226.07800000
20
-1455.39200000
30
0.00000000
0
VERTEX
8
Feedline
10
-2224.30200000
20
-1456.11900000
30
0.00000000
0
VERTEX
8
Feedline
10
-2222.49800000
20
-1456.86600000
30
0.00000000
0
VERTEX
8
Feedline
10
-2220.68500000
20
-1457.62600000
30
0.00000000
0
VERTEX
8
Feedline
10
-2218.89700000
20
-1458.38400000
30
0.00000000
0
VERTEX
8
Feedline
10
-2217.10100000
20
-1459.15300000
30
0.00000000
0
VERTEX
8
Feedline
10
-2215.30900000
20
-1459.93000000
30
0.00000000
0
VERTEX
8
Feedline
10
-2213.52000000
20
-1460.71400000
30
0.00000000
0
VERTEX
8
Feedline
10
-2211.73400000
20
-1461.50500000
30
0.00000000
0
VERTEX
8
Feedline
10
-2209.95100000
20
-1462.30400000
30
0.00000000
0
VERTEX
8
Feedline
10
-2208.17100000
20
-1463.11000000
30
0.00000000
0
VERTEX
8
Feedline
10
-2206.39500000
20
-1463.92400000
30
0.00000000
0
VERTEX
8
Feedline
10
-2204.62300000
20
-1464.74400000
30
0.00000000
0
VERTEX
8
Feedline
10
-2202.85300000
20
-1465.57200000
30
0.00000000
0
VERTEX
8
Feedline
10
-2201.08700000
20
-1466.40600000
30
0.00000000
0
VERTEX
8
Feedline
10
-2199.32400000
20
-1467.24800000
30
0.00000000
0
VERTEX
8
Feedline
10
-2197.56400000
20
-1468.09700000
30
0.00000000
0
VERTEX
8
Feedline
10
-2195.80900000
20
-1468.95300000
30
0.00000000
0
VERTEX
8
Feedline
10
-2194.05700000
20
-1469.81700000
30
0.00000000
0
VERTEX
8
Feedline
10
-2192.26800000
20
-1470.70700000
30
0.00000000
0
VERTEX
8
Feedline
10
-2190.56200000
20
-1471.56500000
30
0.00000000
0
VERTEX
8
Feedline
10
-2188.82000000
20
-1472.44900000
30
0.00000000
0
VERTEX
8
Feedline
10
-2187.08200000
20
-1473.34200000
30
0.00000000
0
VERTEX
8
Feedline
10
-2185.34800000
20
-1474.24100000
30
0.00000000
0
VERTEX
8
Feedline
10
-2183.61800000
20
-1475.14700000
30
0.00000000
0
VERTEX
8
Feedline
10
-2181.89100000
20
-1476.06000000
30
0.00000000
0
VERTEX
8
Feedline
10
-2180.16700000
20
-1476.98000000
30
0.00000000
0
VERTEX
8
Feedline
10
-2178.44700000
20
-1477.90600000
30
0.00000000
0
VERTEX
8
Feedline
10
-2176.71900000
20
-1478.84700000
30
0.00000000
0
VERTEX
8
Feedline
10
-2175.02000000
20
-1479.78100000
30
0.00000000
0
VERTEX
8
Feedline
10
-2173.31200000
20
-1480.72900000
30
0.00000000
0
VERTEX
8
Feedline
10
-2171.60700000
20
-1481.68400000
30
0.00000000
0
VERTEX
8
Feedline
10
-2169.90700000
20
-1482.64700000
30
0.00000000
0
VERTEX
8
Feedline
10
-2168.21000000
20
-1483.61500000
30
0.00000000
0
VERTEX
8
Feedline
10
-2166.51800000
20
-1484.59100000
30
0.00000000
0
VERTEX
8
Feedline
10
-2164.83000000
20
-1485.57300000
30
0.00000000
0
VERTEX
8
Feedline
10
-2163.10100000
20
-1486.58800000
30
0.00000000
0
VERTEX
8
Feedline
10
-2161.46400000
20
-1487.55800000
30
0.00000000
0
VERTEX
8
Feedline
10
-2159.78800000
20
-1488.56100000
30
0.00000000
0
VERTEX
8
Feedline
10
-2158.11600000
20
-1489.57100000
30
0.00000000
0
VERTEX
8
Feedline
10
-2156.44800000
20
-1490.58800000
30
0.00000000
0
VERTEX
8
Feedline
10
-2154.76200000
20
-1491.62500000
30
0.00000000
0
VERTEX
8
Feedline
10
-2153.12000000
20
-1492.64500000
30
0.00000000
0
VERTEX
8
Feedline
10
-2151.46800000
20
-1493.67900000
30
0.00000000
0
VERTEX
8
Feedline
10
-2149.81700000
20
-1494.72200000
30
0.00000000
0
VERTEX
8
Feedline
10
-2148.17000000
20
-1495.77300000
30
0.00000000
0
VERTEX
8
Feedline
10
-2146.52700000
20
-1496.83000000
30
0.00000000
0
VERTEX
8
Feedline
10
-2144.88900000
20
-1497.89300000
30
0.00000000
0
VERTEX
8
Feedline
10
-2143.25500000
20
-1498.96400000
30
0.00000000
0
VERTEX
8
Feedline
10
-2141.62400000
20
-1500.04100000
30
0.00000000
0
VERTEX
8
Feedline
10
-2139.99900000
20
-1501.12400000
30
0.00000000
0
VERTEX
8
Feedline
10
-2138.35900000
20
-1502.22700000
30
0.00000000
0
VERTEX
8
Feedline
10
-2136.76200000
20
-1503.31200000
30
0.00000000
0
VERTEX
8
Feedline
10
-2135.15000000
20
-1504.41500000
30
0.00000000
0
VERTEX
8
Feedline
10
-2133.54200000
20
-1505.52500000
30
0.00000000
0
VERTEX
8
Feedline
10
-2131.93900000
20
-1506.64200000
30
0.00000000
0
VERTEX
8
Feedline
10
-2130.34100000
20
-1507.76400000
30
0.00000000
0
VERTEX
8
Feedline
10
-2128.74700000
20
-1508.89400000
30
0.00000000
0
VERTEX
8
Feedline
10
-2127.15800000
20
-1510.03000000
30
0.00000000
0
VERTEX
8
Feedline
10
-2125.57300000
20
-1511.17300000
30
0.00000000
0
VERTEX
8
Feedline
10
-2123.99400000
20
-1512.32200000
30
0.00000000
0
VERTEX
8
Feedline
10
-2122.41700000
20
-1513.47700000
30
0.00000000
0
VERTEX
8
Feedline
10
-2120.84700000
20
-1514.63900000
30
0.00000000
0
VERTEX
8
Feedline
10
-2119.28100000
20
-1515.80700000
30
0.00000000
0
VERTEX
8
Feedline
10
-2117.72000000
20
-1516.98100000
30
0.00000000
0
VERTEX
8
Feedline
10
-2116.16400000
20
-1518.16200000
30
0.00000000
0
VERTEX
8
Feedline
10
-2114.61300000
20
-1519.34900000
30
0.00000000
0
VERTEX
8
Feedline
10
-2113.06600000
20
-1520.54200000
30
0.00000000
0
VERTEX
8
Feedline
10
-2111.52400000
20
-1521.74300000
30
0.00000000
0
VERTEX
8
Feedline
10
-2109.98700000
20
-1522.94800000
30
0.00000000
0
VERTEX
8
Feedline
10
-2108.45600000
20
-1524.16100000
30
0.00000000
0
VERTEX
8
Feedline
10
-2106.92900000
20
-1525.37900000
30
0.00000000
0
VERTEX
8
Feedline
10
-2105.40700000
20
-1526.60300000
30
0.00000000
0
VERTEX
8
Feedline
10
-2103.88900000
20
-1527.83400000
30
0.00000000
0
VERTEX
8
Feedline
10
-2102.37700000
20
-1529.07100000
30
0.00000000
0
VERTEX
8
Feedline
10
-2100.87100000
20
-1530.31400000
30
0.00000000
0
VERTEX
8
Feedline
10
-2099.36900000
20
-1531.56400000
30
0.00000000
0
VERTEX
8
Feedline
10
-2097.85300000
20
-1532.83500000
30
0.00000000
0
VERTEX
8
Feedline
10
-2096.38100000
20
-1534.08100000
30
0.00000000
0
VERTEX
8
Feedline
10
-2094.89300000
20
-1535.34800000
30
0.00000000
0
VERTEX
8
Feedline
10
-2093.41200000
20
-1536.62100000
30
0.00000000
0
VERTEX
8
Feedline
10
-2091.93600000
20
-1537.90100000
30
0.00000000
0
VERTEX
8
Feedline
10
-2090.45600000
20
-1539.19400000
30
0.00000000
0
VERTEX
8
Feedline
10
-2089.00000000
20
-1540.47900000
30
0.00000000
0
VERTEX
8
Feedline
10
-2087.54000000
20
-1541.77600000
30
0.00000000
0
VERTEX
8
Feedline
10
-2086.08500000
20
-1543.07900000
30
0.00000000
0
VERTEX
8
Feedline
10
-2084.63400000
20
-1544.38800000
30
0.00000000
0
VERTEX
8
Feedline
10
-2083.19000000
20
-1545.70400000
30
0.00000000
0
VERTEX
8
Feedline
10
-2081.75100000
20
-1547.02400000
30
0.00000000
0
VERTEX
8
Feedline
10
-2080.31700000
20
-1548.35100000
30
0.00000000
0
VERTEX
8
Feedline
10
-2078.88900000
20
-1549.68500000
30
0.00000000
0
VERTEX
8
Feedline
10
-2077.46600000
20
-1551.02300000
30
0.00000000
0
VERTEX
8
Feedline
10
-2076.04900000
20
-1552.36700000
30
0.00000000
0
VERTEX
8
Feedline
10
-2074.63600000
20
-1553.71700000
30
0.00000000
0
VERTEX
8
Feedline
10
-2073.23000000
20
-1555.07300000
30
0.00000000
0
VERTEX
8
Feedline
10
-2071.82900000
20
-1556.43500000
30
0.00000000
0
VERTEX
8
Feedline
10
-2070.43400000
20
-1557.80200000
30
0.00000000
0
VERTEX
8
Feedline
10
-2069.04500000
20
-1559.17500000
30
0.00000000
0
VERTEX
8
Feedline
10
-2067.66100000
20
-1560.55400000
30
0.00000000
0
SEQEND
8
Feedline
0
POLYLINE
8
Feedline
66
1
10
0.00000000
20
0.00000000
30
0.00000000
70
1
0
VERTEX
8
Feedline
10
-2039.44600000
20
-1532.33900000
30
0.00000000
0
VERTEX
8
Feedline
10
-2040.88600000
20
-1530.90600000
30
0.00000000
0
VERTEX
8
Feedline
10
-2042.33100000
20
-1529.47800000
30
0.00000000
0
VERTEX
8
Feedline
10
-2043.78200000
20
-1528.05600000
30
0.00000000
0
VERTEX
8
Feedline
10
-2045.23800000
20
-1526.63900000
30
0.00000000
0
VERTEX
8
Feedline
10
-2046.70000000
20
-1525.22700000
30
0.00000000
0
VERTEX
8
Feedline
10
-2048.16700000
20
-1523.82200000
30
0.00000000
0
VERTEX
8
Feedline
10
-2049.63900000
20
-1522.42200000
30
0.00000000
0
VERTEX
8
Feedline
10
-2051.11700000
20
-1521.02800000
30
0.00000000
0
VERTEX
8
Feedline
10
-2052.60100000
20
-1519.64100000
30
0.00000000
0
VERTEX
8
Feedline
10
-2054.09000000
20
-1518.25800000
30
0.00000000
0
VERTEX
8
Feedline
10
-2055.58400000
20
-1516.88200000
30
0.00000000
0
VERTEX
8
Feedline
10
-2057.08400000
20
-1515.51100000
30
0.00000000
0
VERTEX
8
Feedline
10
-2058.58900000
20
-1514.14600000
30
0.00000000
0
VERTEX
8
Feedline
10
-2060.09900000
20
-1512.78700000
30
0.00000000
0
VERTEX
8
Feedline
10
-2061.63700000
20
-1511.41500000
30
0.00000000
0
VERTEX
8
Feedline
10
-2063.13600000
20
-1510.08700000
30
0.00000000
0
VERTEX
8
Feedline
10
-2064.66600000
20
-1508.74300000
30
0.00000000
0
VERTEX
8
Feedline
10
-2066.19400000
20
-1507.41100000
30
0.00000000
0
VERTEX
8
Feedline
10
-2067.73000000
20
-1506.08200000
30
0.00000000
0
VERTEX
8
Feedline
10
-2069.27200000
20
-1504.75900000
30
0.00000000
0
VERTEX
8
Feedline
10
-2070.81800000
20
-1503.44200000
30
0.00000000
0
VERTEX
8
Feedline
10
-2072.37100000
20
-1502.13100000
30
0.00000000
0
VERTEX
8
Feedline
10
-2073.92800000
20
-1500.82600000
30
0.00000000
0
VERTEX
8
Feedline
10
-2075.49000000
20
-1499.52700000
30
0.00000000
0
VERTEX
8
Feedline
10
-2077.05800000
20
-1498.23500000
30
0.00000000
0
VERTEX
8
Feedline
10
-2078.63100000
20
-1496.94800000
30
0.00000000
0
VERTEX
8
Feedline
10
-2080.20800000
20
-1495.66700000
30
0.00000000
0
VERTEX
8
Feedline
10
-2081.79000000
20
-1494.39300000
30
0.00000000
0
VERTEX
8
Feedline
10
-2083.37700000
20
-1493.12500000
30
0.00000000
0
VERTEX
8
Feedline
10
-2084.97000000
20
-1491.86300000
30
0.00000000
0
VERTEX
8
Feedline
10
-2086.56700000
20
-1490.60700000
30
0.00000000
0
VERTEX
8
Feedline
10
-2088.16900000
20
-1489.35800000
30
0.00000000
0
VERTEX
8
Feedline
10
-2089.77600000
20
-1488.11600000
30
0.00000000
0
VERTEX
8
Feedline
10
-2091.38700000
20
-1486.87900000
30
0.00000000
0
VERTEX
8
Feedline
10
-2093.00400000
20
-1485.64800000
30
0.00000000
0
VERTEX
8
Feedline
10
-2094.62600000
20
-1484.42400000
30
0.00000000
0
VERTEX
8
Feedline
10
-2096.25200000
20
-1483.20600000
30
0.00000000
0
VERTEX
8
Feedline
10
-2097.90400000
20
-1481.97900000
30
0.00000000
0
VERTEX
8
Feedline
10
-2099.51900000
20
-1480.78900000
30
0.00000000
0
VERTEX
8
Feedline
10
-2101.15900000
20
-1479.59000000
30
0.00000000
0
VERTEX
8
Feedline
10
-2102.80400000
20
-1478.39800000
30
0.00000000
0
VERTEX
8
Feedline
10
-2104.45400000
20
-1477.21300000
30
0.00000000
0
VERTEX
8
Feedline
10
-2106.10800000
20
-1476.03300000
30
0.00000000
0
VERTEX
8
Feedline
10
-2107.76700000
20
-1474.86000000
30
0.00000000
0
VERTEX
8
Feedline
10
-2109.43100000
20
-1473.69400000
30
0.00000000
0
VERTEX
8
Feedline
10
-2111.09900000
20
-1472.53400000
30
0.00000000
0
VERTEX
8
Feedline
10
-2112.77100000
20
-1471.38000000
30
0.00000000
0
VERTEX
8
Feedline
10
-2114.44800000
20
-1470.23300000
30
0.00000000
0
VERTEX
8
Feedline
10
-2116.16400000
20
-1469.07100000
30
0.00000000
0
VERTEX
8
Feedline
10
-2117.81600000
20
-1467.95900000
30
0.00000000
0
VERTEX
8
Feedline
10
-2119.50700000
20
-1466.83300000
30
0.00000000
0
VERTEX
8
Feedline
10
-2121.20200000
20
-1465.71200000
30
0.00000000
0
VERTEX
8
Feedline
10
-2122.90000000
20
-1464.59800000
30
0.00000000
0
VERTEX
8
Feedline
10
-2124.60300000
20
-1463.49100000
30
0.00000000
0
VERTEX
8
Feedline
10
-2126.31100000
20
-1462.39100000
30
0.00000000
0
VERTEX
8
Feedline
10
-2128.06400000
20
-1461.27200000
30
0.00000000
0
VERTEX
8
Feedline
10
-2129.74600000
20
-1460.20500000
30
0.00000000
0
VERTEX
8
Feedline
10
-2131.48700000
20
-1459.11300000
30
0.00000000
0
VERTEX
8
Feedline
10
-2133.18500000
20
-1458.05500000
30
0.00000000
0
VERTEX
8
Feedline
10
-2134.91400000
20
-1456.98900000
30
0.00000000
0
VERTEX
8
Feedline
10
-2136.64700000
20
-1455.92900000
30
0.00000000
0
VERTEX
8
Feedline
10
-2138.40600000
20
-1454.86200000
30
0.00000000
0
VERTEX
8
Feedline
10
-2140.12600000
20
-1453.82800000
30
0.00000000
0
VERTEX
8
Feedline
10
-2141.87200000
20
-1452.78800000
30
0.00000000
0
VERTEX
8
Feedline
10
-2143.62000000
20
-1451.75500000
30
0.00000000
0
VERTEX
8
Feedline
10
-2145.37400000
20
-1450.72900000
30
0.00000000
0
VERTEX
8
Feedline
10
-2147.13200000
20
-1449.71000000
30
0.00000000
0
VERTEX
8
Feedline
10
-2148.89300000
20
-1448.69700000
30
0.00000000
0
VERTEX
8
Feedline
10
-2150.65900000
20
-1447.69200000
30
0.00000000
0
VERTEX
8
Feedline
10
-2152.42800000
20
-1446.69400000
30
0.00000000
0
VERTEX
8
Feedline
10
-2154.20100000
20
-1445.70200000
30
0.00000000
0
VERTEX
8
Feedline
10
-2155.97800000
20
-1444.71700000
30
0.00000000
0
VERTEX
8
Feedline
10
-2157.75900000
20
-1443.73900000
30
0.00000000
0
VERTEX
8
Feedline
10
-2159.54400000
20
-1442.76900000
30
0.00000000
0
VERTEX
8
Feedline
10
-2161.33300000
20
-1441.80500000
30
0.00000000
0
VERTEX
8
Feedline
10
-2163.17100000
20
-1440.82400000
30
0.00000000
0
VERTEX
8
Feedline
10
-2164.92000000
20
-1439.89800000
30
0.00000000
0
VERTEX
8
Feedline
10
-2166.72000000
20
-1438.95500000
30
0.00000000
0
VERTEX
8
Feedline
10
-2168.52400000
20
-1438.01900000
30
0.00000000
0
VERTEX
8
Feedline
10
-2170.33100000
20
-1437.09000000
30
0.00000000
0
VERTEX
8
Feedline
10
-2172.14200000
20
-1436.16900000
30
0.00000000
0
VERTEX
8
Feedline
10
-2173.95500000
20
-1435.25500000
30
0.00000000
0
VERTEX
8
Feedline
10
-2175.77300000
20
-1434.34700000
30
0.00000000
0
VERTEX
8
Feedline
10
-2177.59400000
20
-1433.44700000
30
0.00000000
0
VERTEX
8
Feedline
10
-2179.41900000
20
-1432.55300000
30
0.00000000
0
VERTEX
8
Feedline
10
-2181.24800000
20
-1431.66700000
30
0.00000000
0
VERTEX
8
Feedline
10
-2183.08000000
20
-1430.78800000
30
0.00000000
0
VERTEX
8
Feedline
10
-2184.91400000
20
-1429.91600000
30
0.00000000
0
VERTEX
8
Feedline
10
-2186.75300000
20
-1429.05200000
30
0.00000000
0
VERTEX
8
Feedline
10
-2188.59500000
20
-1428.19400000
30
0.00000000
0
VERTEX
8
Feedline
10
-2190.44000000
20
-1427.34400000
30
0.00000000
0
VERTEX
8
Feedline
10
-2192.33000000
20
-1426.48300000
30
0.00000000
0
VERTEX
8
Feedline
10
-2194.14100000
20
-1425.66600000
30
0.00000000
0
VERTEX
8
Feedline
10
-2195.99500000
20
-1424.83700000
30
0.00000000
0
VERTEX
8
Feedline
10
-2197.85300000
20
-1424.01600000
30
0.00000000
0
VERTEX
8
Feedline
10
-2199.71500000
20
-1423.20200000
30
0.00000000
0
VERTEX
8
Feedline
10
-2201.58000000
20
-1422.39500000
30
0.00000000
0
VERTEX
8
Feedline
10
-2203.44800000
20
-1421.59500000
30
0.00000000
0
VERTEX
8
Feedline
10
-2205.31800000
20
-1420.80300000
30
0.00000000
0
VERTEX
8
Feedline
10
-2207.19200000
20
-1420.01800000
30
0.00000000
0
VERTEX
8
Feedline
10
-2209.06900000
20
-1419.24100000
30
0.00000000
0
VERTEX
8
Feedline
10
-2210.95000000
20
-1418.47100000
30
0.00000000
0
VERTEX
8
Feedline
10
-2212.85300000
20
-1417.70000000
30
0.00000000
0
VERTEX
8
Feedline
10
-2214.71900000
20
-1416.95200000
30
0.00000000
0
VERTEX
8
Feedline
10
-2216.60700000
20
-1416.20400000
30
0.00000000
0
VERTEX
8
Feedline
10
-2218.49900000
20
-1415.46400000
30
0.00000000
0
VERTEX
8
Feedline
10
-2220.39400000
20
-1414.73100000
30
0.00000000
0
VERTEX
8
Feedline
10
-2222.29200000
20
-1414.00500000
30
0.00000000
0
VERTEX
8
Feedline
10
-2224.19200000
20
-1413.28700000
30
0.00000000
0
VERTEX
8
Feedline
10
-2226.12900000
20
-1412.56200000
30
0.00000000
0
VERTEX
8
Feedline
10
-2228.00100000
20
-1411.87200000
30
0.00000000
0
VERTEX
8
Feedline
10
-2229.91000000
20
-1411.17600000
30
0.00000000
0
VERTEX
8
Feedline
10
-2231.82100000
20
-1410.48700000
30
0.00000000
0
VERTEX
8
Feedline
10
-2233.73600000
20
-1409.80600000
30
0.00000000
0
VERTEX
8
Feedline
10
-2235.65300000
20
-1409.13200000
30
0.00000000
0
VERTEX
8
Feedline
10
-2237.57100000
20
-1408.46600000
30
0.00000000
0
VERTEX
8
Feedline
10
-2239.52100000
20
-1407.79800000
30
0.00000000
0
VERTEX
8
Feedline
10
-2241.45100000
20
-1407.14500000
30
0.00000000
0
VERTEX
8
Feedline
10
-2243.35200000
20
-1406.51000000
30
0.00000000
0
VERTEX
8
Feedline
10
-2245.27500000
20
-1405.87600000
30
0.00000000
0
VERTEX
8
Feedline
10
-2247.20600000
20
-1405.24800000
30
0.00000000
0
VERTEX
8
Feedline
10
-2249.14100000
20
-1404.62700000
30
0.00000000
0
VERTEX
8
Feedline
10
-2251.07800000
20
-1404.01300000
30
0.00000000
0
VERTEX
8
Feedline
10
-2253.01700000
20
-1403.40800000
30
0.00000000
0
VERTEX
8
Feedline
10
-2254.95900000
20
-1402.80900000
30
0.00000000
0
VERTEX
8
Feedline
10
-2256.90300000
20
-1402.21800000
30
0.00000000
0
VERTEX
8
Feedline
10
-2258.84800000
20
-1401.63500000
30
0.00000000
0
VERTEX
8
Feedline
10
-2260.79700000
20
-1401.06000000
30
0.00000000
0
VERTEX
8
Feedline
10
-2262.74800000
20
-1400.49200000
30
0.00000000
0
VERTEX
8
Feedline
10
-2264.73600000
20
-1399.92100000
30
0.00000000
0
VERTEX
8
Feedline
10
-2266.65600000
20
-1399.37900000
30
0.00000000
0
VERTEX
8
Feedline
10
-2268.61800000
20
-1398.83300000
30
0.00000000
0
VERTEX
8
Feedline
10
-2270.57200000
20
-1398.29600000
30
0.00000000
0
VERTEX
8
Feedline
10
-2272.53400000
20
-1397.76700000
30
0.00000000
0
VERTEX
8
Feedline
10
-2274.49800000
20
-1397.24500000
30
0.00000000
0
VERTEX
8
Feedline
10
-2276.46300000
20
-1396.73000000
30
0.00000000
0
VERTEX
8
Feedline
10
-2278.43000000
20
-1396.22300000
30
0.00000000
0
VERTEX
8
Feedline
10
-2280.40000000
20
-1395.72400000
30
0.00000000
0
VERTEX
8
Feedline
10
-2282.37100000
20
-1395.23400000
30
0.00000000
0
VERTEX
8
Feedline
10
-2284.34500000
20
-1394.75100000
30
0.00000000
0
VERTEX
8
Feedline
10
-2286.32000000
20
-1394.27500000
30
0.00000000
0
VERTEX
8
Feedline
10
-2288.29700000
20
-1393.80700000
30
0.00000000
0
VERTEX
8
Feedline
10
-2290.27500000
20
-1393.34600000
30
0.00000000
0
VERTEX
8
Feedline
10
-2292.25600000
20
-1392.89300000
30
0.00000000
0
VERTEX
8
Feedline
10
-2294.23900000
20
-1392.44800000
30
0.00000000
0
VERTEX
8
Feedline
10
-2296.22300000
20
-1392.01100000
30
0.00000000
0
VERTEX
8
Feedline
10
-2298.20900000
20
-1391.58200000
30
0.00000000
0
VERTEX
8
Feedline
10
-2300.19500000
20
-1391.16000000
30
0.00000000
0
VERTEX
8
Feedline
10
-2302.18500000
20
-1390.74600000
30
0.00000000
0
VERTEX
8
Feedline
10
-2304.17600000
20
-1390.34000000
30
0.00000000
0
VERTEX
8
Feedline
10
-2306.16800000
20
-1389.94200000
30
0.00000000
0
VERTEX
8
Feedline
10
-2308.20100000
20
-1389.54400000
30
0.00000000
0
VERTEX
8
Feedline
10
-2310.15700000
20
-1389.16800000
30
0.00000000
0
VERTEX
8
Feedline
10
-2312.15400000
20
-1388.79400000
30
0.00000000
0
VERTEX
8
Feedline
10
-2314.15200000
20
-1388.42600000
30
0.00000000
0
VERTEX
8
Feedline
10
-2316.15200000
20
-1388.06700000
30
0.00000000
0
VERTEX
8
Feedline
10
-2318.15300000
20
-1387.71500000
30
0.00000000
0
VERTEX
8
Feedline
10
-2320.15500000
20
-1387.37200000
30
0.00000000
0
VERTEX
8
Feedline
10
-2322.15900000
20
-1387.03600000
30
0.00000000
0
VERTEX
8
Feedline
10
-2324.16400000
20
-1386.70800000
30
0.00000000
0
VERTEX
8
Feedline
10
-2326.17000000
20
-1386.38800000
30
0.00000000
0
VERTEX
8
Feedline
10
-2328.17800000
20
-1386.07500000
30
0.00000000
0
VERTEX
8
Feedline
10
-2330.18600000
20
-1385.77100000
30
0.00000000
0
VERTEX
8
Feedline
10
-2332.19600000
20
-1385.47400000
30
0.00000000
0
VERTEX
8
Feedline
10
-2334.21300000
20
-1385.18500000
30
0.00000000
0
VERTEX
8
Feedline
10
-2336.22000000
20
-1384.90500000
30
0.00000000
0
VERTEX
8
Feedline
10
-2338.23300000
20
-1384.63200000
30
0.00000000
0
VERTEX
8
Feedline
10
-2340.24800000
20
-1384.36700000
30
0.00000000
0
VERTEX
8
Feedline
10
-2342.26200000
20
-1384.11000000
30
0.00000000
0
VERTEX
8
Feedline
10
-2344.27900000
20
-1383.86000000
30
0.00000000
0
VERTEX
8
Feedline
10
-2346.29600000
20
-1383.61900000
30
0.00000000
0
VERTEX
8
Feedline
10
-2348.31400000
20
-1383.38500000
30
0.00000000
0
VERTEX
8
Feedline
10
-2350.33400000
20
-1383.15900000
30
0.00000000
0
VERTEX
8
Feedline
10
-2352.35300000
20
-1382.94100000
30
0.00000000
0
VERTEX
8
Feedline
10
-2354.37400000
20
-1382.73100000
30
0.00000000
0
VERTEX
8
Feedline
10
-2356.41500000
20
-1382.52700000
30
0.00000000
0
VERTEX
8
Feedline
10
-2358.41800000
20
-1382.33500000
30
0.00000000
0
VERTEX
8
Feedline
10
-2360.44200000
20
-1382.14900000
30
0.00000000
0
VERTEX
8
Feedline
10
-2362.46500000
20
-1381.97000000
30
0.00000000
0
VERTEX
8
Feedline
10
-2364.48900000
20
-1381.80000000
30
0.00000000
0
VERTEX
8
Feedline
10
-2366.51500000
20
-1381.63700000
30
0.00000000
0
VERTEX
8
Feedline
10
-2368.54100000
20
-1381.48200000
30
0.00000000
0
VERTEX
8
Feedline
10
-2370.56700000
20
-1381.33600000
30
0.00000000
0
VERTEX
8
Feedline
10
-2372.59300000
20
-1381.19700000
30
0.00000000
0
VERTEX
8
Feedline
10
-2374.62100000
20
-1381.06600000
30
0.00000000
0
VERTEX
8
Feedline
10
-2376.64900000
20
-1380.94300000
30
0.00000000
0
VERTEX
8
Feedline
10
-2378.67800000
20
-1380.82800000
30
0.00000000
0
VERTEX
8
Feedline
10
-2380.70700000
20
-1380.72100000
30
0.00000000
0
VERTEX
8
Feedline
10
-2382.73500000
20
-1380.62200000
30
0.00000000
0
VERTEX
8
Feedline
10
-2384.76500000
20
-1380.53000000
30
0.00000000
0
VERTEX
8
Feedline
10
-2386.79500000
20
-1380.44700000
30
0.00000000
0
VERTEX
8
Feedline
10
-2388.82600000
20
-1380.37200000
30
0.00000000
0
VERTEX
8
Feedline
10
-2390.85600000
20
-1380.30400000
30
0.00000000
0
VERTEX
8
Feedline
10
-2392.88600000
20
-1380.24500000
30
0.00000000
0
VERTEX
8
Feedline
10
-2394.91800000
20
-1380.19300000
30
0.00000000
0
VERTEX
8
Feedline
10
-2396.94900000
20
-1380.14900000
30
0.00000000
0
VERTEX
8
Feedline
10
-2398.98100000
20
-1380.11400000
30
0.00000000
0
VERTEX
8
Feedline
10
-2401.01000000
20
-1380.08600000
30
0.00000000
0
VERTEX
8
Feedline
10
-2401.01200000
20
-1380.08600000
30
0.00000000
0
VERTEX
8
Feedline
10
-2403.04300000
20
-1380.06600000
30
0.00000000
0
VERTEX
8
Feedline
10
-2405.07500000
20
-1380.05400000
30
0.00000000
0
VERTEX
8
Feedline
10
-2405.09800000
20
-1380.05400000
30
0.00000000
0
VERTEX
8
Feedline
10
-2407.10700000
20
-1380.05000000
30
0.00000000
0
VERTEX
8
Feedline
10
-2716.17300000
20
-1380.05000000
30
0.00000000
0
VERTEX
8
Feedline
10
-2716.17300000
20
-1390.95000000
30
0.00000000
0
VERTEX
8
Feedline
10
-2407.10700000
20
-1390.95000000
30
0.00000000
0
VERTEX
8
Feedline
10
-2405.09800000
20
-1390.95400000
30
0.00000000
0
VERTEX
8
Feedline
10
-2405.07500000
20
-1390.95400000
30
0.00000000
0
VERTEX
8
Feedline
10
-2403.08900000
20
-1390.96600000
30
0.00000000
0
VERTEX
8
Feedline
10
-2401.01200000
20
-1390.98700000
30
0.00000000
0
VERTEX
8
Feedline
10
-2401.01000000
20
-1390.98700000
30
0.00000000
0
VERTEX
8
Feedline
10
-2399.07100000
20
-1391.01300000
30
0.00000000
0
VERTEX
8
Feedline
10
-2397.06200000
20
-1391.04900000
30
0.00000000
0
VERTEX
8
Feedline
10
-2395.05400000
20
-1391.09300000
30
0.00000000
0
VERTEX
8
Feedline
10
-2393.04500000
20
-1391.14400000
30
0.00000000
0
VERTEX
8
Feedline
10
-2391.03600000
20
-1391.20400000
30
0.00000000
0
VERTEX
8
Feedline
10
-2389.02900000
20
-1391.27100000
30
0.00000000
0
VERTEX
8
Feedline
10
-2387.02100000
20
-1391.34600000
30
0.00000000
0
VERTEX
8
Feedline
10
-2385.01400000
20
-1391.43000000
30
0.00000000
0
VERTEX
8
Feedline
10
-2383.00700000
20
-1391.52100000
30
0.00000000
0
VERTEX
8
Feedline
10
-2381.00000000
20
-1391.62000000
30
0.00000000
0
VERTEX
8
Feedline
10
-2378.99400000
20
-1391.72700000
30
0.00000000
0
VERTEX
8
Feedline
10
-2376.98800000
20
-1391.84200000
30
0.00000000
0
VERTEX
8
Feedline
10
-2374.98300000
20
-1391.96500000
30
0.00000000
0
VERTEX
8
Feedline
10
-2372.97800000
20
-1392.09500000
30
0.00000000
0
VERTEX
8
Feedline
10
-2370.97300000
20
-1392.23400000
30
0.00000000
0
VERTEX
8
Feedline
10
-2368.97000000
20
-1392.38000000
30
0.00000000
0
VERTEX
8
Feedline
10
-2366.96700000
20
-1392.53500000
30
0.00000000
0
VERTEX
8
Feedline
10
-2364.96500000
20
-1392.69700000
30
0.00000000
0
VERTEX
8
Feedline
10
-2362.96300000
20
-1392.86700000
30
0.00000000
0
VERTEX
8
Feedline
10
-2360.96100000
20
-1393.04600000
30
0.00000000
0
VERTEX
8
Feedline
10
-2358.96100000
20
-1393.23200000
30
0.00000000
0
VERTEX
8
Feedline
10
-2356.96100000
20
-1393.42600000
30
0.00000000
0
VERTEX
8
Feedline
10
-2354.96200000
20
-1393.62700000
30
0.00000000
0
VERTEX
8
Feedline
10
-2352.96500000
20
-1393.83700000
30
0.00000000
0
VERTEX
8
Feedline
10
-2350.96600000
20
-1394.05500000
30
0.00000000
0
VERTEX
8
Feedline
10
-2348.97000000
20
-1394.28000000
30
0.00000000
0
VERTEX
8
Feedline
10
-2346.97500000
20
-1394.51400000
30
0.00000000
0
VERTEX
8
Feedline
10
-2344.98100000
20
-1394.75500000
30
0.00000000
0
VERTEX
8
Feedline
10
-2342.98700000
20
-1395.00400000
30
0.00000000
0
VERTEX
8
Feedline
10
-2340.99500000
20
-1395.26100000
30
0.00000000
0
VERTEX
8
Feedline
10
-2338.96400000
20
-1395.53200000
30
0.00000000
0
VERTEX
8
Feedline
10
-2337.01200000
20
-1395.79800000
30
0.00000000
0
VERTEX
8
Feedline
10
-2335.02300000
20
-1396.08000000
30
0.00000000
0
VERTEX
8
Feedline
10
-2333.03500000
20
-1396.36800000
30
0.00000000
0
VERTEX
8
Feedline
10
-2331.04800000
20
-1396.66500000
30
0.00000000
0
VERTEX
8
Feedline
10
-2329.06100000
20
-1396.96900000
30
0.00000000
0
VERTEX
8
Feedline
10
-2327.07700000
20
-1397.28100000
30
0.00000000
0
VERTEX
8
Feedline
10
-2325.09400000
20
-1397.60000000
30
0.00000000
0
VERTEX
8
Feedline
10
-2323.11200000
20
-1397.92800000
30
0.00000000
0
VERTEX
8
Feedline
10
-2321.13100000
20
-1398.26300000
30
0.00000000
0
VERTEX
8
Feedline
10
-2319.15100000
20
-1398.60700000
30
0.00000000
0
VERTEX
8
Feedline
10
-2317.17300000
20
-1398.95800000
30
0.00000000
0
VERTEX
8
Feedline
10
-2315.19600000
20
-1399.31600000
30
0.00000000
0
VERTEX
8
Feedline
10
-2313.22100000
20
-1399.68300000
30
0.00000000
0
VERTEX
8
Feedline
10
-2311.24700000
20
-1400.05700000
30
0.00000000
0
VERTEX
8
Feedline
10
-2309.27400000
20
-1400.44000000
30
0.00000000
0
VERTEX
8
Feedline
10
-2307.30300000
20
-1400.83000000
30
0.00000000
0
VERTEX
8
Feedline
10
-2305.33400000
20
-1401.22700000
30
0.00000000
0
VERTEX
8
Feedline
10
-2303.36700000
20
-1401.63300000
30
0.00000000
0
VERTEX
8
Feedline
10
-2301.40100000
20
-1402.04600000
30
0.00000000
0
VERTEX
8
Feedline
10
-2299.43500000
20
-1402.46700000
30
0.00000000
0
VERTEX
8
Feedline
10
-2297.47300000
20
-1402.89600000
30
0.00000000
0
VERTEX
8
Feedline
10
-2295.51200000
20
-1403.33200000
30
0.00000000
0
VERTEX
8
Feedline
10
-2293.55300000
20
-1403.77700000
30
0.00000000
0
VERTEX
8
Feedline
10
-2291.59500000
20
-1404.22900000
30
0.00000000
0
VERTEX
8
Feedline
10
-2289.61500000
20
-1404.69400000
30
0.00000000
0
VERTEX
8
Feedline
10
-2287.68500000
20
-1405.15600000
30
0.00000000
0
VERTEX
8
Feedline
10
-2285.73300000
20
-1405.63100000
30
0.00000000
0
VERTEX
8
Feedline
10
-2283.78300000
20
-1406.11400000
30
0.00000000
0
VERTEX
8
Feedline
10
-2281.83500000
20
-1406.60500000
30
0.00000000
0
VERTEX
8
Feedline
10
-2279.88900000
20
-1407.10300000
30
0.00000000
0
VERTEX
8
Feedline
10
-2277.94400000
20
-1407.60900000
30
0.00000000
0
VERTEX
8
Feedline
10
-2275.95600000
20
-1408.13500000
30
0.00000000
0
VERTEX
8
Feedline
10
-2274.06200000
20
-1408.64400000
30
0.00000000
0
VERTEX
8
Feedline
10
-2272.12400000
20
-1409.17300000
30
0.00000000
0
VERTEX
8
Feedline
10
-2270.18800000
20
-1409.70900000
30
0.00000000
0
VERTEX
8
Feedline
10
-2268.25300000
20
-1410.25400000
30
0.00000000
0
VERTEX
8
Feedline
10
-2266.32100000
20
-1410.80500000
30
0.00000000
0
VERTEX
8
Feedline
10
-2264.39200000
20
-1411.36500000
30
0.00000000
0
VERTEX
8
Feedline
10
-2262.46500000
20
-1411.93200000
30
0.00000000
0
VERTEX
8
Feedline
10
-2260.54000000
20
-1412.50600000
30
0.00000000
0
VERTEX
8
Feedline
10
-2258.61600000
20
-1413.08900000
30
0.00000000
0
VERTEX
8
Feedline
10
-2256.69600000
20
-1413.67800000
30
0.00000000
0
VERTEX
8
Feedline
10
-2254.77800000
20
-1414.27600000
30
0.00000000
0
VERTEX
8
Feedline
10
-2252.86200000
20
-1414.88100000
30
0.00000000
0
VERTEX
8
Feedline
10
-2250.94900000
20
-1415.49300000
30
0.00000000
0
VERTEX
8
Feedline
10
-2249.03700000
20
-1416.11300000
30
0.00000000
0
VERTEX
8
Feedline
10
-2247.12900000
20
-1416.74200000
30
0.00000000
0
VERTEX
8
Feedline
10
-2245.22300000
20
-1417.37700000
30
0.00000000
0
VERTEX
8
Feedline
10
-2243.31300000
20
-1418.02100000
30
0.00000000
0
VERTEX
8
Feedline
10
-2241.38600000
20
-1418.68100000
30
0.00000000
0
VERTEX
8
Feedline
10
-2239.47700000
20
-1419.34200000
30
0.00000000
0
VERTEX
8
Feedline
10
-2237.62400000
20
-1419.99200000
30
0.00000000
0
VERTEX
8
Feedline
10
-2235.73100000
20
-1420.66500000
30
0.00000000
0
VERTEX
8
Feedline
10
-2233.84100000
20
-1421.34500000
30
0.00000000
0
VERTEX
8
Feedline
10
-2231.95300000
20
-1422.03200000
30
0.00000000
0
VERTEX
8
Feedline
10
-2230.06800000
20
-1422.72700000
30
0.00000000
0
VERTEX
8
Feedline
10
-2228.18500000
20
-1423.43000000
30
0.00000000
0
VERTEX
8
Feedline
10
-2226.30600000
20
-1424.13900000
30
0.00000000
0
VERTEX
8
Feedline
10
-2224.42900000
20
-1424.85700000
30
0.00000000
0
VERTEX
8
Feedline
10
-2222.55600000
20
-1425.58100000
30
0.00000000
0
VERTEX
8
Feedline
10
-2220.68500000
20
-1426.31300000
30
0.00000000
0
VERTEX
8
Feedline
10
-2218.81700000
20
-1427.05400000
30
0.00000000
0
VERTEX
8
Feedline
10
-2216.95100000
20
-1427.80000000
30
0.00000000
0
VERTEX
8
Feedline
10
-2215.08900000
20
-1428.55400000
30
0.00000000
0
VERTEX
8
Feedline
10
-2213.23000000
20
-1429.31600000
30
0.00000000
0
VERTEX
8
Feedline
10
-2211.37400000
20
-1430.08500000
30
0.00000000
0
VERTEX
8
Feedline
10
-2209.52100000
20
-1430.86100000
30
0.00000000
0
VERTEX
8
Feedline
10
-2207.67100000
20
-1431.64400000
30
0.00000000
0
VERTEX
8
Feedline
10
-2205.82400000
20
-1432.43500000
30
0.00000000
0
VERTEX
8
Feedline
10
-2203.98000000
20
-1433.23300000
30
0.00000000
0
VERTEX
8
Feedline
10
-2202.14000000
20
-1434.03800000
30
0.00000000
0
VERTEX
8
Feedline
10
-2200.30300000
20
-1434.85000000
30
0.00000000
0
VERTEX
8
Feedline
10
-2198.46900000
20
-1435.67000000
30
0.00000000
0
VERTEX
8
Feedline
10
-2196.63700000
20
-1436.49700000
30
0.00000000
0
VERTEX
8
Feedline
10
-2194.80900000
20
-1437.33200000
30
0.00000000
0
VERTEX
8
Feedline
10
-2192.98500000
20
-1438.17400000
30
0.00000000
0
VERTEX
8
Feedline
10
-2191.16400000
20
-1439.02200000
30
0.00000000
0
VERTEX
8
Feedline
10
-2189.34700000
20
-1439.87800000
30
0.00000000
0
VERTEX
8
Feedline
10
-2187.53200000
20
-1440.74100000
30
0.00000000
0
VERTEX
8
Feedline
10
-2185.72100000
20
-1441.61100000
30
0.00000000
0
VERTEX
8
Feedline
10
-2183.91400000
20
-1442.48800000
30
0.00000000
0
VERTEX
8
Feedline
10
-2182.11000000
20
-1443.37300000
30
0.00000000
0
VERTEX
8
Feedline
10
-2180.31000000
20
-1444.26400000
30
0.00000000
0
VERTEX
8
Feedline
10
-2178.51300000
20
-1445.16300000
30
0.00000000
0
VERTEX
8
Feedline
10
-2176.71900000
20
-1446.06800000
30
0.00000000
0
VERTEX
8
Feedline
10
-2174.92900000
20
-1446.98200000
30
0.00000000
0
VERTEX
8
Feedline
10
-2173.14300000
20
-1447.90200000
30
0.00000000
0
VERTEX
8
Feedline
10
-2171.36100000
20
-1448.82900000
30
0.00000000
0
VERTEX
8
Feedline
10
-2169.58200000
20
-1449.76300000
30
0.00000000
0
VERTEX
8
Feedline
10
-2167.80700000
20
-1450.70300000
30
0.00000000
0
VERTEX
8
Feedline
10
-2166.03500000
20
-1451.65100000
30
0.00000000
0
VERTEX
8
Feedline
10
-2164.26800000
20
-1452.60600000
30
0.00000000
0
VERTEX
8
Feedline
10
-2162.50400000
20
-1453.56800000
30
0.00000000
0
VERTEX
8
Feedline
10
-2160.74400000
20
-1454.53700000
30
0.00000000
0
VERTEX
8
Feedline
10
-2158.98800000
20
-1455.51200000
30
0.00000000
0
VERTEX
8
Feedline
10
-2157.23500000
20
-1456.49500000
30
0.00000000
0
VERTEX
8
Feedline
10
-2155.48700000
20
-1457.48600000
30
0.00000000
0
VERTEX
8
Feedline
10
-2153.74200000
20
-1458.48200000
30
0.00000000
0
VERTEX
8
Feedline
10
-2152.00200000
20
-1459.48500000
30
0.00000000
0
VERTEX
8
Feedline
10
-2150.26600000
20
-1460.49500000
30
0.00000000
0
VERTEX
8
Feedline
10
-2148.53300000
20
-1461.51200000
30
0.00000000
0
VERTEX
8
Feedline
10
-2146.80400000
20
-1462.53600000
30
0.00000000
0
VERTEX
8
Feedline
10
-2145.07900000
20
-1463.56700000
30
0.00000000
0
VERTEX
8
Feedline
10
-2143.35900000
20
-1464.60400000
30
0.00000000
0
VERTEX
8
Feedline
10
-2141.62400000
20
-1465.66100000
30
0.00000000
0
VERTEX
8
Feedline
10
-2139.93100000
20
-1466.70000000
30
0.00000000
0
VERTEX
8
Feedline
10
-2138.22300000
20
-1467.75800000
30
0.00000000
0
VERTEX
8
Feedline
10
-2136.51800000
20
-1468.82300000
30
0.00000000
0
VERTEX
8
Feedline
10
-2134.81900000
20
-1469.89400000
30
0.00000000
0
VERTEX
8
Feedline
10
-2133.11800000
20
-1470.97600000
30
0.00000000
0
VERTEX
8
Feedline
10
-2131.40700000
20
-1472.07300000
30
0.00000000
0
VERTEX
8
Feedline
10
-2129.71300000
20
-1473.16900000
30
0.00000000
0
VERTEX
8
Feedline
10
-2128.02400000
20
-1474.27200000
30
0.00000000
0
VERTEX
8
Feedline
10
-2126.38500000
20
-1475.35000000
30
0.00000000
0
VERTEX
8
Feedline
10
-2124.71100000
20
-1476.46100000
30
0.00000000
0
VERTEX
8
Feedline
10
-2123.04200000
20
-1477.58000000
30
0.00000000
0
VERTEX
8
Feedline
10
-2121.37700000
20
-1478.70400000
30
0.00000000
0
VERTEX
8
Feedline
10
-2119.71700000
20
-1479.83500000
30
0.00000000
0
VERTEX
8
Feedline
10
-2118.06100000
20
-1480.97200000
30
0.00000000
0
VERTEX
8
Feedline
10
-2116.40900000
20
-1482.11600000
30
0.00000000
0
VERTEX
8
Feedline
10
-2114.76200000
20
-1483.26700000
30
0.00000000
0
VERTEX
8
Feedline
10
-2113.06600000
20
-1484.46200000
30
0.00000000
0
VERTEX
8
Feedline
10
-2111.48200000
20
-1485.58700000
30
0.00000000
0
VERTEX
8
Feedline
10
-2109.84900000
20
-1486.75700000
30
0.00000000
0
VERTEX
8
Feedline
10
-2108.22000000
20
-1487.93400000
30
0.00000000
0
VERTEX
8
Feedline
10
-2106.59500000
20
-1489.11700000
30
0.00000000
0
VERTEX
8
Feedline
10
-2104.97600000
20
-1490.30600000
30
0.00000000
0
VERTEX
8
Feedline
10
-2103.36200000
20
-1491.50200000
30
0.00000000
0
VERTEX
8
Feedline
10
-2101.75200000
20
-1492.70400000
30
0.00000000
0
VERTEX
8
Feedline
10
-2100.14700000
20
-1493.91200000
30
0.00000000
0
VERTEX
8
Feedline
10
-2098.54700000
20
-1495.12600000
30
0.00000000
0
VERTEX
8
Feedline
10
-2096.95200000
20
-1496.34700000
30
0.00000000
0
VERTEX
8
Feedline
10
-2095.36000000
20
-1497.57400000
30
0.00000000
0
VERTEX
8
Feedline
10
-2093.77400000
20
-1498.80900000
30
0.00000000
0
VERTEX
8
Feedline
10
-2092.19400000
20
-1500.04800000
30
0.00000000
0
VERTEX
8
Feedline
10
-2090.61800000
20
-1501.29400000
30
0.00000000
0
VERTEX
8
Feedline
10
-2089.00000000
20
-1502.58400000
30
0.00000000
0
VERTEX
8
Feedline
10
-2087.48100000
20
-1503.80400000
30
0.00000000
0
VERTEX
8
Feedline
10
-2085.91900000
20
-1505.06900000
30
0.00000000
0
VERTEX
8
Feedline
10
-2084.36300000
20
-1506.33900000
30
0.00000000
0
VERTEX
8
Feedline
10
-2082.81200000
20
-1507.61600000
30
0.00000000
0
VERTEX
8
Feedline
10
-2081.26600000
20
-1508.90000000
30
0.00000000
0
VERTEX
8
Feedline
10
-2079.72500000
20
-1510.18900000
30
0.00000000
0
VERTEX
8
Feedline
10
-2078.18900000
20
-1511.48400000
30
0.00000000
0
VERTEX
8
Feedline
10
-2076.65900000
20
-1512.78500000
30
0.00000000
0
VERTEX
8
Feedline
10
-2075.13200000
20
-1514.09200000
30
0.00000000
0
VERTEX
8
Feedline
10
-2073.61200000
20
-1515.40500000
30
0.00000000
0
VERTEX
8
Feedline
10
-2072.09700000
20
-1516.72400000
30
0.00000000
0
VERTEX
8
Feedline
10
-2070.58700000
20
-1518.04900000
30
0.00000000
0
VERTEX
8
Feedline
10
-2069.08000000
20
-1519.38200000
30
0.00000000
0
VERTEX
8
Feedline
10
-2067.58300000
20
-1520.71800000
30
0.00000000
0
VERTEX
8
Feedline
10
-2066.08800000
20
-1522.06100000
30
0.00000000
0
VERTEX
8
Feedline
10
-2064.59500000
20
-1523.41400000
30
0.00000000
0
VERTEX
8
Feedline
10
-2063.10300000
20
-1524.77500000
30
0.00000000
0
VERTEX
8
Feedline
10
-2061.61500000
20
-1526.14600000
30
0.00000000
0
VERTEX
8
Feedline
10
-2060.16400000
20
-1527.49100000
30
0.00000000
0
VERTEX
8
Feedline
10
-2058.69700000
20
-1528.86400000
30
0.00000000
0
VERTEX
8
Feedline
10
-2057.23500000
20
-1530.24200000
30
0.00000000
0
VERTEX
8
Feedline
10
-2055.77800000
20
-1531.62500000
30
0.00000000
0
VERTEX
8
Feedline
10
-2054.32700000
20
-1533.01500000
30
0.00000000
0
VERTEX
8
Feedline
10
-2052.88100000
20
-1534.41000000
30
0.00000000
0
VERTEX
8
Feedline
10
-2051.44100000
20
-1535.81000000
30
0.00000000
0
VERTEX
8
Feedline
10
-2050.00700000
20
-1537.21700000
30
0.00000000
0
VERTEX
8
Feedline
10
-2048.57800000
20
-1538.63000000
30
0.00000000
0
VERTEX
8
Feedline
10
-2047.15400000
20
-1540.04800000
30
0.00000000
0
VERTEX
8
Feedline
10
-1090.04800000
20
-2497.15400000
30
0.00000000
0
VERTEX
8
Feedline
10
-1088.64600000
20
-2498.55000000
30
0.00000000
0
VERTEX
8
Feedline
10
-1087.24000000
20
-2499.93900000
30
0.00000000
0
VERTEX
8
Feedline
10
-1085.82700000
20
-2501.32300000
30
0.00000000
0
VERTEX
8
Feedline
10
-1084.40900000
20
-2502.70200000
30
0.00000000
0
VERTEX
8
Feedline
10
-1082.98600000
20
-2504.07400000
30
0.00000000
0
VERTEX
8
Feedline
10
-1081.55800000
20
-2505.44100000
30
0.00000000
0
VERTEX
8
Feedline
10
-1080.12300000
20
-2506.80300000
30
0.00000000
0
VERTEX
8
Feedline
10
-1078.68300000
20
-2508.15800000
30
0.00000000
0
VERTEX
8
Feedline
10
-1077.23800000
20
-2509.50700000
30
0.00000000
0
VERTEX
8
Feedline
10
-1075.78700000
20
-2510.85100000
30
0.00000000
0
VERTEX
8
Feedline
10
-1074.33100000
20
-2512.18900000
30
0.00000000
0
VERTEX
8
Feedline
10
-1072.86900000
20
-2513.52100000
30
0.00000000
0
VERTEX
8
Feedline
10
-1071.40100000
20
-2514.84800000
30
0.00000000
0
VERTEX
8
Feedline
10
-1069.93100000
20
-2516.16700000
30
0.00000000
0
VERTEX
8
Feedline
10
-1068.45300000
20
-2517.48200000
30
0.00000000
0
VERTEX
8
Feedline
10
-1066.97100000
20
-2518.78900000
30
0.00000000
0
VERTEX
8
Feedline
10
-1065.48200000
20
-2520.09200000
30
0.00000000
0
VERTEX
8
Feedline
10
-1063.98900000
20
-2521.38800000
30
0.00000000
0
VERTEX
8
Feedline
10
-1062.46000000
20
-2522.70400000
30
0.00000000
0
VERTEX
8
Feedline
10
-1060.95300000
20
-2523.99200000
30
0.00000000
0
VERTEX
8
Feedline
10
-1059.47000000
20
-2525.24800000
30
0.00000000
0
VERTEX
8
Feedline
10
-1057.96500000
20
-2526.51300000
30
0.00000000
0
VERTEX
8
Feedline
10
-1056.44500000
20
-2527.77900000
30
0.00000000
0
VERTEX
8
Feedline
10
-1054.92100000
20
-2529.03800000
30
0.00000000
0
VERTEX
8
Feedline
10
-1053.39200000
20
-2530.29200000
30
0.00000000
0
VERTEX
8
Feedline
10
-1051.85900000
20
-2531.54000000
30
0.00000000
0
VERTEX
8
Feedline
10
-1050.31900000
20
-2532.78100000
30
0.00000000
0
VERTEX
8
Feedline
10
-1048.77500000
20
-2534.01600000
30
0.00000000
0
VERTEX
8
Feedline
10
-1047.19600000
20
-2535.26800000
30
0.00000000
0
VERTEX
8
Feedline
10
-1045.67100000
20
-2536.46800000
30
0.00000000
0
VERTEX
8
Feedline
10
-1044.11200000
20
-2537.68500000
30
0.00000000
0
VERTEX
8
Feedline
10
-1042.54800000
20
-2538.89400000
30
0.00000000
0
VERTEX
8
Feedline
10
-1040.98000000
20
-2540.09800000
30
0.00000000
0
VERTEX
8
Feedline
10
-1039.40600000
20
-2541.29500000
30
0.00000000
0
VERTEX
8
Feedline
10
-1037.82800000
20
-2542.48600000
30
0.00000000
0
VERTEX
8
Feedline
10
-1036.24400000
20
-2543.67100000
30
0.00000000
0
VERTEX
8
Feedline
10
-1034.65600000
20
-2544.85000000
30
0.00000000
0
VERTEX
8
Feedline
10
-1033.06300000
20
-2546.02200000
30
0.00000000
0
VERTEX
8
Feedline
10
-1031.46700000
20
-2547.18700000
30
0.00000000
0
VERTEX
8
Feedline
10
-1029.86500000
20
-2548.34600000
30
0.00000000
0
VERTEX
8
Feedline
10
-1028.25800000
20
-2549.49800000
30
0.00000000
0
VERTEX
8
Feedline
10
-1026.64600000
20
-2550.64400000
30
0.00000000
0
VERTEX
8
Feedline
10
-1025.03000000
20
-2551.78400000
30
0.00000000
0
VERTEX
8
Feedline
10
-1023.40900000
20
-2552.91700000
30
0.00000000
0
VERTEX
8
Feedline
10
-1021.78500000
20
-2554.04400000
30
0.00000000
0
VERTEX
8
Feedline
10
-1020.15500000
20
-2555.16400000
30
0.00000000
0
VERTEX
8
Feedline
10
-1018.51300000
20
-2556.28300000
30
0.00000000
0
VERTEX
8
Feedline
10
-1016.87600000
20
-2557.38900000
30
0.00000000
0
VERTEX
8
Feedline
10
-1015.23900000
20
-2558.48400000
30
0.00000000
0
VERTEX
8
Feedline
10
-1013.59100000
20
-2559.57800000
30
0.00000000
0
VERTEX
8
Feedline
10
-1011.94000000
20
-2560.66500000
30
0.00000000
0
VERTEX
8
Feedline
10
-1010.28400000
20
-2561.74500000
30
0.00000000
0
VERTEX
8
Feedline
10
-1008.62300000
20
-2562.81900000
30
0.00000000
0
VERTEX
8
Feedline
10
-1006.95800000
20
-2563.88600000
30
0.00000000
0
VERTEX
8
Feedline
10
-1005.28900000
20
-2564.94600000
30
0.00000000
0
VERTEX
8
Feedline
10
-1003.61500000
20
-2566.00000000
30
0.00000000
0
VERTEX
8
Feedline
10
-1001.93900000
20
-2567.04700000
30
0.00000000
0
VERTEX
8
Feedline
10
-1000.25700000
20
-2568.08600000
30
0.00000000
0
VERTEX
8
Feedline
10
-998.50500000
20
-2569.15900000
30
0.00000000
0
VERTEX
8
Feedline
10
-996.84900000
20
-2570.16500000
30
0.00000000
0
VERTEX
8
Feedline
10
-995.16400000
20
-2571.17800000
30
0.00000000
0
VERTEX
8
Feedline
10
-993.48700000
20
-2572.17800000
30
0.00000000
0
VERTEX
8
Feedline
10
-991.78600000
20
-2573.18400000
30
0.00000000
0
VERTEX
8
Feedline
10
-990.07900000
20
-2574.18300000
30
0.00000000
0
VERTEX
8
Feedline
10
-988.36800000
20
-2575.17500000
30
0.00000000
0
VERTEX
8
Feedline
10
-986.65400000
20
-2576.16100000
30
0.00000000
0
VERTEX
8
Feedline
10
-984.93500000
20
-2577.13800000
30
0.00000000
0
VERTEX
8
Feedline
10
-983.21300000
20
-2578.11000000
30
0.00000000
0
VERTEX
8
Feedline
10
-981.47600000
20
-2579.08000000
30
0.00000000
0
VERTEX
8
Feedline
10
-979.75700000
20
-2580.03200000
30
0.00000000
0
VERTEX
8
Feedline
10
-978.02300000
20
-2580.98300000
30
0.00000000
0
VERTEX
8
Feedline
10
-976.28500000
20
-2581.92600000
30
0.00000000
0
VERTEX
8
Feedline
10
-974.54300000
20
-2582.86300000
30
0.00000000
0
VERTEX
8
Feedline
10
-972.79900000
20
-2583.79200000
30
0.00000000
0
VERTEX
8
Feedline
10
-971.04900000
20
-2584.71500000
30
0.00000000
0
VERTEX
8
Feedline
10
-969.29600000
20
-2585.63000000
30
0.00000000
0
VERTEX
8
Feedline
10
-967.54000000
20
-2586.53900000
30
0.00000000
0
VERTEX
8
Feedline
10
-965.78000000
20
-2587.43900000
30
0.00000000
0
VERTEX
8
Feedline
10
-964.01600000
20
-2588.33300000
30
0.00000000
0
VERTEX
8
Feedline
10
-962.24900000
20
-2589.22100000
30
0.00000000
0
VERTEX
8
Feedline
10
-960.47800000
20
-2590.10100000
30
0.00000000
0
VERTEX
8
Feedline
10
-958.70400000
20
-2590.97400000
30
0.00000000
0
VERTEX
8
Feedline
10
-956.92600000
20
-2591.83900000
30
0.00000000
0
VERTEX
8
Feedline
10
-955.14400000
20
-2592.69800000
30
0.00000000
0
VERTEX
8
Feedline
10
-953.36000000
20
-2593.54900000
30
0.00000000
0
VERTEX
8
Feedline
10
-951.57200000
20
-2594.39300000
30
0.00000000
0
VERTEX
8
Feedline
10
-949.78000000
20
-2595.23000000
30
0.00000000
0
VERTEX
8
Feedline
10
-947.98500000
20
-2596.06000000
30
0.00000000
0
VERTEX
8
Feedline
10
-946.18700000
20
-2596.88200000
30
0.00000000
0
VERTEX
8
Feedline
10
-944.38500000
20
-2597.69700000
30
0.00000000
0
VERTEX
8
Feedline
10
-942.58100000
20
-2598.50500000
30
0.00000000
0
VERTEX
8
Feedline
10
-940.77300000
20
-2599.30600000
30
0.00000000
0
VERTEX
8
Feedline
10
-938.96100000
20
-2600.09900000
30
0.00000000
0
VERTEX
8
Feedline
10
-937.14700000
20
-2600.88500000
30
0.00000000
0
VERTEX
8
Feedline
10
-935.28100000
20
-2601.68400000
30
0.00000000
0
VERTEX
8
Feedline
10
-933.50900000
20
-2602.43500000
30
0.00000000
0
VERTEX
8
Feedline
10
-931.68500000
20
-2603.20000000
30
0.00000000
0
VERTEX
8
Feedline
10
-929.85800000
20
-2603.95600000
30
0.00000000
0
VERTEX
8
Feedline
10
-928.02800000
20
-2604.70600000
30
0.00000000
0
VERTEX
8
Feedline
10
-926.19500000
20
-2605.44800000
30
0.00000000
0
VERTEX
8
Feedline
10
-924.36000000
20
-2606.18200000
30
0.00000000
0
VERTEX
8
Feedline
10
-922.52100000
20
-2606.90900000
30
0.00000000
0
VERTEX
8
Feedline
10
-920.67900000
20
-2607.62900000
30
0.00000000
0
VERTEX
8
Feedline
10
-918.83400000
20
-2608.34100000
30
0.00000000
0
VERTEX
8
Feedline
10
-916.98600000
20
-2609.04600000
30
0.00000000
0
VERTEX
8
Feedline
10
-915.13600000
20
-2609.74400000
30
0.00000000
0
VERTEX
8
Feedline
10
-913.28300000
20
-2610.43400000
30
0.00000000
0
VERTEX
8
Feedline
10
-911.42700000
20
-2611.11600000
30
0.00000000
0
VERTEX
8
Feedline
10
-909.56900000
20
-2611.79100000
30
0.00000000
0
VERTEX
8
Feedline
10
-907.70700000
20
-2612.45900000
30
0.00000000
0
VERTEX
8
Feedline
10
-905.84300000
20
-2613.11900000
30
0.00000000
0
VERTEX
8
Feedline
10
-903.97700000
20
-2613.77200000
30
0.00000000
0
VERTEX
8
Feedline
10
-902.10800000
20
-2614.41700000
30
0.00000000
0
VERTEX
8
Feedline
10
-900.23600000
20
-2615.05400000
30
0.00000000
0
VERTEX
8
Feedline
10
-898.36100000
20
-2615.68400000
30
0.00000000
0
VERTEX
8
Feedline
10
-896.48400000
20
-2616.30700000
30
0.00000000
0
VERTEX
8
Feedline
10
-894.56100000
20
-2616.93600000
30
0.00000000
0
VERTEX
8
Feedline
10
-892.69200000
20
-2617.53900000
30
0.00000000
0
VERTEX
8
Feedline
10
-890.83500000
20
-2618.13000000
30
0.00000000
0
VERTEX
8
Feedline
10
-888.95200000
20
-2618.72000000
30
0.00000000
0
VERTEX
8
Feedline
10
-887.06300000
20
-2619.30400000
30
0.00000000
0
VERTEX
8
Feedline
10
-885.17100000
20
-2619.88100000
30
0.00000000
0
VERTEX
8
Feedline
10
-883.27900000
20
-2620.45100000
30
0.00000000
0
VERTEX
8
Feedline
10
-881.38200000
20
-2621.01200000
30
0.00000000
0
VERTEX
8
Feedline
10
-879.48400000
20
-2621.56600000
30
0.00000000
0
VERTEX
8
Feedline
10
-877.58300000
20
-2622.11300000
30
0.00000000
0
VERTEX
8
Feedline
10
-875.68100000
20
-2622.65100000
30
0.00000000
0
VERTEX
8
Feedline
10
-873.77700000
20
-2623.18300000
30
0.00000000
0
VERTEX
8
Feedline
10
-871.87000000
20
-2623.70600000
30
0.00000000
0
VERTEX
8
Feedline
10
-869.96000000
20
-2624.22200000
30
0.00000000
0
VERTEX
8
Feedline
10
-868.04900000
20
-2624.73000000
30
0.00000000
0
VERTEX
8
Feedline
10
-866.13600000
20
-2625.23000000
30
0.00000000
0
VERTEX
8
Feedline
10
-864.22200000
20
-2625.72200000
30
0.00000000
0
VERTEX
8
Feedline
10
-862.30400000
20
-2626.20700000
30
0.00000000
0
VERTEX
8
Feedline
10
-860.36100000
20
-2626.68900000
30
0.00000000
0
VERTEX
8
Feedline
10
-858.46400000
20
-2627.15300000
30
0.00000000
0
VERTEX
8
Feedline
10
-856.54100000
20
-2627.61400000
30
0.00000000
0
VERTEX
8
Feedline
10
-854.61700000
20
-2628.06800000
30
0.00000000
0
VERTEX
8
Feedline
10
-852.69100000
20
-2628.51500000
30
0.00000000
0
VERTEX
8
Feedline
10
-850.76200000
20
-2628.95300000
30
0.00000000
0
VERTEX
8
Feedline
10
-848.83200000
20
-2629.38400000
30
0.00000000
0
VERTEX
8
Feedline
10
-846.90000000
20
-2629.80600000
30
0.00000000
0
VERTEX
8
Feedline
10
-844.96800000
20
-2630.22100000
30
0.00000000
0
VERTEX
8
Feedline
10
-843.03300000
20
-2630.62900000
30
0.00000000
0
VERTEX
8
Feedline
10
-841.09600000
20
-2631.02800000
30
0.00000000
0
VERTEX
8
Feedline
10
-839.15700000
20
-2631.42000000
30
0.00000000
0
VERTEX
8
Feedline
10
-837.21700000
20
-2631.80400000
30
0.00000000
0
VERTEX
8
Feedline
10
-835.27700000
20
-2632.18000000
30
0.00000000
0
VERTEX
8
Feedline
10
-833.33400000
20
-2632.54800000
30
0.00000000
0
VERTEX
8
Feedline
10
-831.38900000
20
-2632.90800000
30
0.00000000
0
VERTEX
8
Feedline
10
-829.44400000
20
-2633.26100000
30
0.00000000
0
VERTEX
8
Feedline
10
-827.49600000
20
-2633.60600000
30
0.00000000
0
VERTEX
8
Feedline
10
-825.54900000
20
-2633.94300000
30
0.00000000
0
VERTEX
8
Feedline
10
-823.59800000
20
-2634.27200000
30
0.00000000
0
VERTEX
8
Feedline
10
-821.64700000
20
-2634.59300000
30
0.00000000
0
VERTEX
8
Feedline
10
-819.69500000
20
-2634.90600000
30
0.00000000
0
VERTEX
8
Feedline
10
-817.74100000
20
-2635.21100000
30
0.00000000
0
VERTEX
8
Feedline
10
-815.78700000
20
-2635.50900000
30
0.00000000
0
VERTEX
8
Feedline
10
-813.83000000
20
-2635.79900000
30
0.00000000
0
VERTEX
8
Feedline
10
-811.87300000
20
-2636.07900000
30
0.00000000
0
VERTEX
8
Feedline
10
-809.91400000
20
-2636.35300000
30
0.00000000
0
VERTEX
8
Feedline
10
-807.95500000
20
-2636.61900000
30
0.00000000
0
VERTEX
8
Feedline
10
-805.99500000
20
-2636.87800000
30
0.00000000
0
VERTEX
8
Feedline
10
-804.03300000
20
-2637.12800000
30
0.00000000
0
VERTEX
8
Feedline
10
-802.07100000
20
-2637.37000000
30
0.00000000
0
VERTEX
8
Feedline
10
-800.10700000
20
-2637.60400000
30
0.00000000
0
VERTEX
8
Feedline
10
-798.14300000
20
-2637.83100000
30
0.00000000
0
VERTEX
8
Feedline
10
-796.17800000
20
-2638.05000000
30
0.00000000
0
VERTEX
8
Feedline
10
-794.21200000
20
-2638.26000000
30
0.00000000
0
VERTEX
8
Feedline
10
-792.24500000
20
-2638.46300000
30
0.00000000
0
VERTEX
8
Feedline
10
-790.27700000
20
-2638.65800000
30
0.00000000
0
VERTEX
8
Feedline
10
-788.30800000
20
-2638.84500000
30
0.00000000
0
VERTEX
8
Feedline
10
-786.33900000
20
-2639.02400000
30
0.00000000
0
VERTEX
8
Feedline
10
-784.36900000
20
-2639.19500000
30
0.00000000
0
VERTEX
8
Feedline
10
-782.39800000
20
-2639.35800000
30
0.00000000
0
VERTEX
8
Feedline
10
-780.42700000
20
-2639.51300000
30
0.00000000
0
VERTEX
8
Feedline
10
-778.45500000
20
-2639.66000000
30
0.00000000
0
VERTEX
8
Feedline
10
-776.48300000
20
-2639.79900000
30
0.00000000
0
VERTEX
8
Feedline
10
-774.51000000
20
-2639.93100000
30
0.00000000
0
VERTEX
8
Feedline
10
-772.53600000
20
-2640.05400000
30
0.00000000
0
VERTEX
8
Feedline
10
-770.56200000
20
-2640.17000000
30
0.00000000
0
VERTEX
8
Feedline
10
-768.58700000
20
-2640.27700000
30
0.00000000
0
VERTEX
8
Feedline
10
-766.61300000
20
-2640.37700000
30
0.00000000
0
VERTEX
8
Feedline
10
-764.63800000
20
-2640.46800000
30
0.00000000
0
VERTEX
8
Feedline
10
-762.66200000
20
-2640.55200000
30
0.00000000
0
VERTEX
8
Feedline
10
-760.68600000
20
-2640.62700000
30
0.00000000
0
VERTEX
8
Feedline
10
-758.70900000
20
-2640.69500000
30
0.00000000
0
VERTEX
8
Feedline
10
-756.73400000
20
-2640.75500000
30
0.00000000
0
VERTEX
8
Feedline
10
-754.75700000
20
-2640.80700000
30
0.00000000
0
VERTEX
8
Feedline
10
-752.78000000
20
-2640.85000000
30
0.00000000
0
VERTEX
8
Feedline
10
-750.80200000
20
-2640.88600000
30
0.00000000
0
VERTEX
8
Feedline
10
-748.82500000
20
-2640.91400000
30
0.00000000
0
VERTEX
8
Feedline
10
-746.84800000
20
-2640.93400000
30
0.00000000
0
VERTEX
8
Feedline
10
-744.87100000
20
-2640.94600000
30
0.00000000
0
VERTEX
8
Feedline
10
-744.84700000
20
-2640.94600000
30
0.00000000
0
VERTEX
8
Feedline
10
-742.89300000
20
-2640.95000000
30
0.00000000
0
VERTEX
8
Feedline
10
-742.89300000
20
-2630.05000000
30
0.00000000
0
VERTEX
8
Feedline
10
-744.84700000
20
-2630.04600000
30
0.00000000
0
VERTEX
8
Feedline
10
-744.92500000
20
-2630.04600000
30
0.00000000
0
VERTEX
8
Feedline
10
-746.80000000
20
-2630.03400000
30
0.00000000
0
VERTEX
8
Feedline
10
-748.75400000
20
-2630.01400000
30
0.00000000
0
VERTEX
8
Feedline
10
-750.70700000
20
-2629.98600000
30
0.00000000
0
VERTEX
8
Feedline
10
-752.66000000
20
-2629.95100000
30
0.00000000
0
VERTEX
8
Feedline
10
-754.61300000
20
-2629.90700000
30
0.00000000
0
VERTEX
8
Feedline
10
-756.56600000
20
-2629.85500000
30
0.00000000
0
VERTEX
8
Feedline
10
-758.51900000
20
-2629.79600000
30
0.00000000
0
VERTEX
8
Feedline
10
-760.47100000
20
-2629.72800000
30
0.00000000
0
VERTEX
8
Feedline
10
-762.42300000
20
-2629.65300000
30
0.00000000
0
VERTEX
8
Feedline
10
-764.37500000
20
-2629.56900000
30
0.00000000
0
VERTEX
8
Feedline
10
-766.32600000
20
-2629.47800000
30
0.00000000
0
VERTEX
8
Feedline
10
-768.27800000
20
-2629.37800000
30
0.00000000
0
VERTEX
8
Feedline
10
-770.22800000
20
-2629.27100000
30
0.00000000
0
VERTEX
8
Feedline
10
-772.17800000
20
-2629.15600000
30
0.00000000
0
VERTEX
8
Feedline
10
-774.12700000
20
-2629.03300000
30
0.00000000
0
VERTEX
8
Feedline
10
-776.07600000
20
-2628.90200000
30
0.00000000
0
VERTEX
8
Feedline
10
-778.02600000
20
-2628.76300000
30
0.00000000
0
VERTEX
8
Feedline
10
-779.97300000
20
-2628.61600000
30
0.00000000
0
VERTEX
8
Feedline
10
-781.92100000
20
-2628.46100000
30
0.00000000
0
VERTEX
8
Feedline
10
-783.86700000
20
-2628.29800000
30
0.00000000
0
VERTEX
8
Feedline
10
-785.81300000
20
-2628.12800000
30
0.00000000
0
VERTEX
8
Feedline
10
-787.75900000
20
-2627.94900000
30
0.00000000
0
VERTEX
8
Feedline
10
-789.70300000
20
-2627.76300000
30
0.00000000
0
VERTEX
8
Feedline
10
-791.64700000
20
-2627.56800000
30
0.00000000
0
VERTEX
8
Feedline
10
-793.60900000
20
-2627.36400000
30
0.00000000
0
VERTEX
8
Feedline
10
-795.53200000
20
-2627.15600000
30
0.00000000
0
VERTEX
8
Feedline
10
-797.47400000
20
-2626.93700000
30
0.00000000
0
VERTEX
8
Feedline
10
-799.41400000
20
-2626.71100000
30
0.00000000
0
VERTEX
8
Feedline
10
-801.35300000
20
-2626.47700000
30
0.00000000
0
VERTEX
8
Feedline
10
-803.29200000
20
-2626.23600000
30
0.00000000
0
VERTEX
8
Feedline
10
-805.23000000
20
-2625.98600000
30
0.00000000
0
VERTEX
8
Feedline
10
-807.16600000
20
-2625.72800000
30
0.00000000
0
VERTEX
8
Feedline
10
-809.10100000
20
-2625.46300000
30
0.00000000
0
VERTEX
8
Feedline
10
-811.03600000
20
-2625.18900000
30
0.00000000
0
VERTEX
8
Feedline
10
-812.98800000
20
-2624.90500000
30
0.00000000
0
VERTEX
8
Feedline
10
-814.90100000
20
-2624.61800000
30
0.00000000
0
VERTEX
8
Feedline
10
-816.83200000
20
-2624.32100000
30
0.00000000
0
VERTEX
8
Feedline
10
-818.76100000
20
-2624.01700000
30
0.00000000
0
VERTEX
8
Feedline
10
-820.69000000
20
-2623.70400000
30
0.00000000
0
VERTEX
8
Feedline
10
-822.61600000
20
-2623.38300000
30
0.00000000
0
VERTEX
8
Feedline
10
-824.54200000
20
-2623.05500000
30
0.00000000
0
VERTEX
8
Feedline
10
-826.46700000
20
-2622.71900000
30
0.00000000
0
VERTEX
8
Feedline
10
-828.39000000
20
-2622.37500000
30
0.00000000
0
VERTEX
8
Feedline
10
-830.31100000
20
-2622.02300000
30
0.00000000
0
VERTEX
8
Feedline
10
-832.23100000
20
-2621.66400000
30
0.00000000
0
VERTEX
8
Feedline
10
-834.15100000
20
-2621.29600000
30
0.00000000
0
VERTEX
8
Feedline
10
-836.06800000
20
-2620.92100000
30
0.00000000
0
VERTEX
8
Feedline
10
-837.98300000
20
-2620.53800000
30
0.00000000
0
VERTEX
8
Feedline
10
-839.89700000
20
-2620.14700000
30
0.00000000
0
VERTEX
8
Feedline
10
-841.84800000
20
-2619.74100000
30
0.00000000
0
VERTEX
8
Feedline
10
-843.72100000
20
-2619.34200000
30
0.00000000
0
VERTEX
8
Feedline
10
-845.63000000
20
-2618.92800000
30
0.00000000
0
VERTEX
8
Feedline
10
-847.53700000
20
-2618.50600000
30
0.00000000
0
VERTEX
8
Feedline
10
-849.44200000
20
-2618.07600000
30
0.00000000
0
VERTEX
8
Feedline
10
-851.34600000
20
-2617.63900000
30
0.00000000
0
VERTEX
8
Feedline
10
-853.24800000
20
-2617.19400000
30
0.00000000
0
VERTEX
8
Feedline
10
-855.14900000
20
-2616.74100000
30
0.00000000
0
VERTEX
8
Feedline
10
-857.04700000
20
-2616.28000000
30
0.00000000
0
VERTEX
8
Feedline
10
-858.94300000
20
-2615.81200000
30
0.00000000
0
VERTEX
8
Feedline
10
-860.83800000
20
-2615.33500000
30
0.00000000
0
VERTEX
8
Feedline
10
-862.73000000
20
-2614.85100000
30
0.00000000
0
VERTEX
8
Feedline
10
-864.62200000
20
-2614.36000000
30
0.00000000
0
VERTEX
8
Feedline
10
-866.51000000
20
-2613.86000000
30
0.00000000
0
VERTEX
8
Feedline
10
-868.39700000
20
-2613.35400000
30
0.00000000
0
VERTEX
8
Feedline
10
-870.28100000
20
-2612.83900000
30
0.00000000
0
VERTEX
8
Feedline
10
-872.16300000
20
-2612.31700000
30
0.00000000
0
VERTEX
8
Feedline
10
-874.04400000
20
-2611.78700000
30
0.00000000
0
VERTEX
8
Feedline
10
-875.93800000
20
-2611.24500000
30
0.00000000
0
VERTEX
8
Feedline
10
-877.79800000
20
-2610.70500000
30
0.00000000
0
VERTEX
8
Feedline
10
-879.67200000
20
-2610.15200000
30
0.00000000
0
VERTEX
8
Feedline
10
-881.54300000
20
-2609.59100000
30
0.00000000
0
VERTEX
8
Feedline
10
-883.41300000
20
-2609.02300000
30
0.00000000
0
VERTEX
8
Feedline
10
-885.31300000
20
-2608.43700000
30
0.00000000
0
VERTEX
8
Feedline
10
-887.14400000
20
-2607.86500000
30
0.00000000
0
VERTEX
8
Feedline
10
-889.00500000
20
-2607.27400000
30
0.00000000
0
VERTEX
8
Feedline
10
-890.86900000
20
-2606.67400000
30
0.00000000
0
VERTEX
8
Feedline
10
-892.75500000
20
-2606.05900000
30
0.00000000
0
VERTEX
8
Feedline
10
-894.60600000
20
-2605.44600000
30
0.00000000
0
VERTEX
8
Feedline
10
-896.48400000
20
-2604.81500000
30
0.00000000
0
VERTEX
8
Feedline
10
-898.27900000
20
-2604.20600000
30
0.00000000
0
VERTEX
8
Feedline
10
-900.12600000
20
-2603.57000000
30
0.00000000
0
VERTEX
8
Feedline
10
-901.97100000
20
-2602.92600000
30
0.00000000
0
VERTEX
8
Feedline
10
-903.81200000
20
-2602.27500000
30
0.00000000
0
VERTEX
8
Feedline
10
-905.65100000
20
-2601.61700000
30
0.00000000
0
VERTEX
8
Feedline
10
-907.48800000
20
-2600.95100000
30
0.00000000
0
VERTEX
8
Feedline
10
-909.32100000
20
-2600.27700000
30
0.00000000
0
VERTEX
8
Feedline
10
-911.15300000
20
-2599.59600000
30
0.00000000
0
VERTEX
8
Feedline
10
-912.98100000
20
-2598.90800000
30
0.00000000
0
VERTEX
8
Feedline
10
-914.80600000
20
-2598.21200000
30
0.00000000
0
VERTEX
8
Feedline
10
-916.62900000
20
-2597.50900000
30
0.00000000
0
VERTEX
8
Feedline
10
-918.44800000
20
-2596.79800000
30
0.00000000
0
VERTEX
8
Feedline
10
-920.26500000
20
-2596.07900000
30
0.00000000
0
VERTEX
8
Feedline
10
-922.07900000
20
-2595.35400000
30
0.00000000
0
VERTEX
8
Feedline
10
-923.92200000
20
-2594.60800000
30
0.00000000
0
VERTEX
8
Feedline
10
-925.69800000
20
-2593.88100000
30
0.00000000
0
VERTEX
8
Feedline
10
-927.50200000
20
-2593.13400000
30
0.00000000
0
VERTEX
8
Feedline
10
-929.31500000
20
-2592.37400000
30
0.00000000
0
VERTEX
8
Feedline
10
-931.10300000
20
-2591.61600000
30
0.00000000
0
VERTEX
8
Feedline
10
-932.89900000
20
-2590.84700000
30
0.00000000
0
VERTEX
8
Feedline
10
-934.69100000
20
-2590.07000000
30
0.00000000
0
VERTEX
8
Feedline
10
-936.48000000
20
-2589.28600000
30
0.00000000
0
VERTEX
8
Feedline
10
-938.26600000
20
-2588.49500000
30
0.00000000
0
VERTEX
8
Feedline
10
-940.04900000
20
-2587.69600000
30
0.00000000
0
VERTEX
8
Feedline
10
-941.82900000
20
-2586.89000000
30
0.00000000
0
VERTEX
8
Feedline
10
-943.60500000
20
-2586.07600000
30
0.00000000
0
VERTEX
8
Feedline
10
-945.37700000
20
-2585.25600000
30
0.00000000
0
VERTEX
8
Feedline
10
-947.14700000
20
-2584.42800000
30
0.00000000
0
VERTEX
8
Feedline
10
-948.91300000
20
-2583.59400000
30
0.00000000
0
VERTEX
8
Feedline
10
-950.67600000
20
-2582.75200000
30
0.00000000
0
VERTEX
8
Feedline
10
-952.43600000
20
-2581.90300000
30
0.00000000
0
VERTEX
8
Feedline
10
-954.19100000
20
-2581.04700000
30
0.00000000
0
VERTEX
8
Feedline
10
-955.94300000
20
-2580.18300000
30
0.00000000
0
VERTEX
8
Feedline
10
-957.73200000
20
-2579.29300000
30
0.00000000
0
VERTEX
8
Feedline
10
-959.43800000
20
-2578.43500000
30
0.00000000
0
VERTEX
8
Feedline
10
-961.18000000
20
-2577.55100000
30
0.00000000
0
VERTEX
8
Feedline
10
-962.91800000
20
-2576.65800000
30
0.00000000
0
VERTEX
8
Feedline
10
-964.65200000
20
-2575.75900000
30
0.00000000
0
VERTEX
8
Feedline
10
-966.38200000
20
-2574.85300000
30
0.00000000
0
VERTEX
8
Feedline
10
-968.10900000
20
-2573.94000000
30
0.00000000
0
VERTEX
8
Feedline
10
-969.83300000
20
-2573.02000000
30
0.00000000
0
VERTEX
8
Feedline
10
-971.55300000
20
-2572.09400000
30
0.00000000
0
VERTEX
8
Feedline
10
-973.28100000
20
-2571.15300000
30
0.00000000
0
VERTEX
8
Feedline
10
-974.98000000
20
-2570.21900000
30
0.00000000
0
VERTEX
8
Feedline
10
-976.68800000
20
-2569.27100000
30
0.00000000
0
VERTEX
8
Feedline
10
-978.39300000
20
-2568.31600000
30
0.00000000
0
VERTEX
8
Feedline
10
-980.09300000
20
-2567.35300000
30
0.00000000
0
VERTEX
8
Feedline
10
-981.79000000
20
-2566.38500000
30
0.00000000
0
VERTEX
8
Feedline
10
-983.48200000
20
-2565.40900000
30
0.00000000
0
VERTEX
8
Feedline
10
-985.17000000
20
-2564.42700000
30
0.00000000
0
VERTEX
8
Feedline
10
-986.89900000
20
-2563.41200000
30
0.00000000
0
VERTEX
8
Feedline
10
-988.53600000
20
-2562.44200000
30
0.00000000
0
VERTEX
8
Feedline
10
-990.21200000
20
-2561.43900000
30
0.00000000
0
VERTEX
8
Feedline
10
-991.88400000
20
-2560.42900000
30
0.00000000
0
VERTEX
8
Feedline
10
-993.55200000
20
-2559.41200000
30
0.00000000
0
VERTEX
8
Feedline
10
-995.23800000
20
-2558.37500000
30
0.00000000
0
VERTEX
8
Feedline
10
-996.88000000
20
-2557.35500000
30
0.00000000
0
VERTEX
8
Feedline
10
-998.53200000
20
-2556.32100000
30
0.00000000
0
VERTEX
8
Feedline
10
-1000.18300000
20
-2555.27800000
30
0.00000000
0
VERTEX
8
Feedline
10
-1001.83000000
20
-2554.22700000
30
0.00000000
0
VERTEX
8
Feedline
10
-1003.47300000
20
-2553.17000000
30
0.00000000
0
VERTEX
8
Feedline
10
-1005.11100000
20
-2552.10700000
30
0.00000000
0
VERTEX
8
Feedline
10
-1006.74500000
20
-2551.03600000
30
0.00000000
0
VERTEX
8
Feedline
10
-1008.37600000
20
-2549.95900000
30
0.00000000
0
VERTEX
8
Feedline
10
-1010.00100000
20
-2548.87600000
30
0.00000000
0
VERTEX
8
Feedline
10
-1011.64100000
20
-2547.77300000
30
0.00000000
0
VERTEX
8
Feedline
10
-1013.23800000
20
-2546.68800000
30
0.00000000
0
VERTEX
8
Feedline
10
-1014.85000000
20
-2545.58500000
30
0.00000000
0
VERTEX
8
Feedline
10
-1016.45800000
20
-2544.47500000
30
0.00000000
0
VERTEX
8
Feedline
10
-1018.06100000
20
-2543.35800000
30
0.00000000
0
VERTEX
8
Feedline
10
-1019.65900000
20
-2542.23600000
30
0.00000000
0
VERTEX
8
Feedline
10
-1021.25300000
20
-2541.10600000
30
0.00000000
0
VERTEX
8
Feedline
10
-1022.84200000
20
-2539.97000000
30
0.00000000
0
VERTEX
8
Feedline
10
-1024.42700000
20
-2538.82700000
30
0.00000000
0
VERTEX
8
Feedline
10
-1026.00600000
20
-2537.67800000
30
0.00000000
0
VERTEX
8
Feedline
10
-1027.58300000
20
-2536.52300000
30
0.00000000
0
VERTEX
8
Feedline
10
-1029.15300000
20
-2535.36100000
30
0.00000000
0
VERTEX
8
Feedline
10
-1030.71900000
20
-2534.19300000
30
0.00000000
0
VERTEX
8
Feedline
10
-1032.28000000
20
-2533.01900000
30
0.00000000
0
VERTEX
8
Feedline
10
-1033.83600000
20
-2531.83800000
30
0.00000000
0
VERTEX
8
Feedline
10
-1035.38700000
20
-2530.65100000
30
0.00000000
0
VERTEX
8
Feedline
10
-1036.93400000
20
-2529.45800000
30
0.00000000
0
VERTEX
8
Feedline
10
-1038.47600000
20
-2528.25700000
30
0.00000000
0
VERTEX
8
Feedline
10
-1040.01300000
20
-2527.05200000
30
0.00000000
0
VERTEX
8
Feedline
10
-1041.54400000
20
-2525.83900000
30
0.00000000
0
VERTEX
8
Feedline
10
-1043.07100000
20
-2524.62100000
30
0.00000000
0
VERTEX
8
Feedline
10
-1044.59300000
20
-2523.39700000
30
0.00000000
0
VERTEX
8
Feedline
10
-1046.11100000
20
-2522.16600000
30
0.00000000
0
VERTEX
8
Feedline
10
-1047.62300000
20
-2520.92900000
30
0.00000000
0
VERTEX
8
Feedline
10
-1049.12900000
20
-2519.68600000
30
0.00000000
0
VERTEX
8
Feedline
10
-1050.63100000
20
-2518.43600000
30
0.00000000
0
VERTEX
8
Feedline
10
-1052.14700000
20
-2517.16500000
30
0.00000000
0
VERTEX
8
Feedline
10
-1053.61900000
20
-2515.91900000
30
0.00000000
0
VERTEX
8
Feedline
10
-1055.10700000
20
-2514.65200000
30
0.00000000
0
VERTEX
8
Feedline
10
-1056.58800000
20
-2513.37900000
30
0.00000000
0
VERTEX
8
Feedline
10
-1058.06400000
20
-2512.09900000
30
0.00000000
0
VERTEX
8
Feedline
10
-1059.54400000
20
-2510.80600000
30
0.00000000
0
VERTEX
8
Feedline
10
-1061.00000000
20
-2509.52100000
30
0.00000000
0
VERTEX
8
Feedline
10
-1062.46000000
20
-2508.22400000
30
0.00000000
0
VERTEX
8
Feedline
10
-1063.91500000
20
-2506.92100000
30
0.00000000
0
VERTEX
8
Feedline
10
-1065.36600000
20
-2505.61200000
30
0.00000000
0
VERTEX
8
Feedline
10
-1066.81000000
20
-2504.29600000
30
0.00000000
0
VERTEX
8
Feedline
10
-1068.24900000
20
-2502.97600000
30
0.00000000
0
VERTEX
8
Feedline
10
-1069.68300000
20
-2501.64900000
30
0.00000000
0
VERTEX
8
Feedline
10
-1071.11100000
20
-2500.31500000
30
0.00000000
0
VERTEX
8
Feedline
10
-1072.53400000
20
-2498.97700000
30
0.00000000
0
VERTEX
8
Feedline
10
-1073.95100000
20
-2497.63300000
30
0.00000000
0
VERTEX
8
Feedline
10
-1075.36400000
20
-2496.28300000
30
0.00000000
0
VERTEX
8
Feedline
10
-1076.77000000
20
-2494.92700000
30
0.00000000
0
VERTEX
8
Feedline
10
-1078.17100000
20
-2493.56500000
30
0.00000000
0
VERTEX
8
Feedline
10
-1079.56600000
20
-2492.19800000
30
0.00000000
0
VERTEX
8
Feedline
10
-1080.95500000
20
-2490.82500000
30
0.00000000
0
VERTEX
8
Feedline
10
-1082.33900000
20
-2489.44600000
30
0.00000000
0
SEQEND
8
Feedline
0
POLYLINE
8
Feedline
66
1
10
0.00000000
20
0.00000000
30
0.00000000
70
1
0
VERTEX
8
Feedline
10
1927.57700000
20
-2669.95000000
30
0.00000000
0
VERTEX
8
Feedline
10
2250.00000000
20
-2669.95000000
30
0.00000000
0
VERTEX
8
Feedline
10
2251.80500000
20
-2669.94600000
30
0.00000000
0
VERTEX
8
Feedline
10
2251.83300000
20
-2669.94600000
30
0.00000000
0
VERTEX
8
Feedline
10
2253.66500000
20
-2669.93400000
30
0.00000000
0
VERTEX
8
Feedline
10
2255.49800000
20
-2669.91400000
30
0.00000000
0
VERTEX
8
Feedline
10
2257.33000000
20
-2669.88600000
30
0.00000000
0
VERTEX
8
Feedline
10
2259.16200000
20
-2669.85000000
30
0.00000000
0
VERTEX
8
Feedline
10
2260.99400000
20
-2669.80600000
30
0.00000000
0
VERTEX
8
Feedline
10
2262.82600000
20
-2669.75400000
30
0.00000000
0
VERTEX
8
Feedline
10
2264.65800000
20
-2669.69400000
30
0.00000000
0
VERTEX
8
Feedline
10
2266.48900000
20
-2669.62600000
30
0.00000000
0
VERTEX
8
Feedline
10
2268.32000000
20
-2669.55000000
30
0.00000000
0
VERTEX
8
Feedline
10
2270.15100000
20
-2669.46600000
30
0.00000000
0
VERTEX
8
Feedline
10
2271.98100000
20
-2669.37400000
30
0.00000000
0
VERTEX
8
Feedline
10
2273.81100000
20
-2669.27500000
30
0.00000000
0
VERTEX
8
Feedline
10
2275.64000000
20
-2669.16700000
30
0.00000000
0
VERTEX
8
Feedline
10
2277.46900000
20
-2669.05100000
30
0.00000000
0
VERTEX
8
Feedline
10
2279.29800000
20
-2668.92700000
30
0.00000000
0
VERTEX
8
Feedline
10
2281.12600000
20
-2668.79500000
30
0.00000000
0
VERTEX
8
Feedline
10
2282.95300000
20
-2668.65500000
30
0.00000000
0
VERTEX
8
Feedline
10
2284.77900000
20
-2668.50800000
30
0.00000000
0
VERTEX
8
Feedline
10
2286.60500000
20
-2668.35200000
30
0.00000000
0
VERTEX
8
Feedline
10
2288.43100000
20
-2668.18800000
30
0.00000000
0
VERTEX
8
Feedline
10
2290.25500000
20
-2668.01600000
30
0.00000000
0
VERTEX
8
Feedline
10
2292.07900000
20
-2667.83700000
30
0.00000000
0
VERTEX
8
Feedline
10
2293.90200000
20
-2667.64900000
30
0.00000000
0
VERTEX
8
Feedline
10
2295.72400000
20
-2667.45400000
30
0.00000000
0
VERTEX
8
Feedline
10
2297.54500000
20
-2667.25000000
30
0.00000000
0
VERTEX
8
Feedline
10
2299.36600000
20
-2667.03900000
30
0.00000000
0
VERTEX
8
Feedline
10
2301.18500000
20
-2666.81900000
30
0.00000000
0
VERTEX
8
Feedline
10
2303.00400000
20
-2666.59200000
30
0.00000000
0
VERTEX
8
Feedline
10
2304.82100000
20
-2666.35700000
30
0.00000000
0
VERTEX
8
Feedline
10
2306.63700000
20
-2666.11400000
30
0.00000000
0
VERTEX
8
Feedline
10
2308.45300000
20
-2665.86200000
30
0.00000000
0
VERTEX
8
Feedline
10
2310.26700000
20
-2665.60300000
30
0.00000000
0
VERTEX
8
Feedline
10
2312.08000000
20
-2665.33600000
30
0.00000000
0
VERTEX
8
Feedline
10
2313.89200000
20
-2665.06100000
30
0.00000000
0
VERTEX
8
Feedline
10
2315.70200000
20
-2664.77800000
30
0.00000000
0
VERTEX
8
Feedline
10
2317.51800000
20
-2664.48600000
30
0.00000000
0
VERTEX
8
Feedline
10
2319.32000000
20
-2664.18900000
30
0.00000000
0
VERTEX
8
Feedline
10
2321.12700000
20
-2663.88300000
30
0.00000000
0
VERTEX
8
Feedline
10
2322.93200000
20
-2663.56800000
30
0.00000000
0
VERTEX
8
Feedline
10
2324.73600000
20
-2663.24600000
30
0.00000000
0
VERTEX
8
Feedline
10
2326.53900000
20
-2662.91600000
30
0.00000000
0
VERTEX
8
Feedline
10
2328.34000000
20
-2662.57800000
30
0.00000000
0
VERTEX
8
Feedline
10
2330.14000000
20
-2662.23200000
30
0.00000000
0
VERTEX
8
Feedline
10
2331.93800000
20
-2661.87900000
30
0.00000000
0
VERTEX
8
Feedline
10
2333.73500000
20
-2661.51700000
30
0.00000000
0
VERTEX
8
Feedline
10
2335.53000000
20
-2661.14800000
30
0.00000000
0
VERTEX
8
Feedline
10
2337.32300000
20
-2660.77100000
30
0.00000000
0
VERTEX
8
Feedline
10
2339.11500000
20
-2660.38600000
30
0.00000000
0
VERTEX
8
Feedline
10
2340.92200000
20
-2659.98900000
30
0.00000000
0
VERTEX
8
Feedline
10
2342.69300000
20
-2659.59300000
30
0.00000000
0
VERTEX
8
Feedline
10
2344.47900000
20
-2659.18400000
30
0.00000000
0
VERTEX
8
Feedline
10
2346.26400000
20
-2658.76800000
30
0.00000000
0
VERTEX
8
Feedline
10
2348.08400000
20
-2658.33500000
30
0.00000000
0
VERTEX
8
Feedline
10
2349.82800000
20
-2657.91200000
30
0.00000000
0
VERTEX
8
Feedline
10
2351.60700000
20
-2657.47200000
30
0.00000000
0
VERTEX
8
Feedline
10
2353.38400000
20
-2657.02500000
30
0.00000000
0
VERTEX
8
Feedline
10
2355.16000000
20
-2656.57000000
30
0.00000000
0
VERTEX
8
Feedline
10
2356.93300000
20
-2656.10700000
30
0.00000000
0
VERTEX
8
Feedline
10
2358.70400000
20
-2655.63700000
30
0.00000000
0
VERTEX
8
Feedline
10
2360.49800000
20
-2655.15200000
30
0.00000000
0
VERTEX
8
Feedline
10
2362.24800000
20
-2654.67100000
30
0.00000000
0
VERTEX
8
Feedline
10
2364.00500000
20
-2654.17900000
30
0.00000000
0
VERTEX
8
Feedline
10
2365.76800000
20
-2653.67800000
30
0.00000000
0
VERTEX
8
Feedline
10
2367.52800000
20
-2653.16900000
30
0.00000000
0
VERTEX
8
Feedline
10
2369.28600000
20
-2652.65200000
30
0.00000000
0
VERTEX
8
Feedline
10
2371.04200000
20
-2652.12800000
30
0.00000000
0
VERTEX
8
Feedline
10
2372.79600000
20
-2651.59600000
30
0.00000000
0
VERTEX
8
Feedline
10
2374.54700000
20
-2651.05600000
30
0.00000000
0
VERTEX
8
Feedline
10
2376.32700000
20
-2650.49900000
30
0.00000000
0
VERTEX
8
Feedline
10
2378.04300000
20
-2649.95300000
30
0.00000000
0
VERTEX
8
Feedline
10
2379.78700000
20
-2649.39100000
30
0.00000000
0
VERTEX
8
Feedline
10
2381.52900000
20
-2648.82100000
30
0.00000000
0
VERTEX
8
Feedline
10
2383.26800000
20
-2648.24300000
30
0.00000000
0
VERTEX
8
Feedline
10
2385.00500000
20
-2647.65800000
30
0.00000000
0
VERTEX
8
Feedline
10
2386.73900000
20
-2647.06500000
30
0.00000000
0
VERTEX
8
Feedline
10
2388.47000000
20
-2646.46400000
30
0.00000000
0
VERTEX
8
Feedline
10
2390.19900000
20
-2645.85600000
30
0.00000000
0
VERTEX
8
Feedline
10
2391.92500000
20
-2645.24100000
30
0.00000000
0
VERTEX
8
Feedline
10
2393.64800000
20
-2644.61800000
30
0.00000000
0
VERTEX
8
Feedline
10
2395.36900000
20
-2643.98700000
30
0.00000000
0
VERTEX
8
Feedline
10
2397.08700000
20
-2643.34900000
30
0.00000000
0
VERTEX
8
Feedline
10
2398.80200000
20
-2642.70300000
30
0.00000000
0
VERTEX
8
Feedline
10
2400.51500000
20
-2642.05000000
30
0.00000000
0
VERTEX
8
Feedline
10
2402.24500000
20
-2641.38100000
30
0.00000000
0
VERTEX
8
Feedline
10
2403.93100000
20
-2640.72100000
30
0.00000000
0
VERTEX
8
Feedline
10
2405.63400000
20
-2640.04600000
30
0.00000000
0
VERTEX
8
Feedline
10
2407.33500000
20
-2639.36300000
30
0.00000000
0
VERTEX
8
Feedline
10
2409.03200000
20
-2638.67300000
30
0.00000000
0
VERTEX
8
Feedline
10
2410.72700000
20
-2637.97500000
30
0.00000000
0
VERTEX
8
Feedline
10
2412.41900000
20
-2637.27000000
30
0.00000000
0
VERTEX
8
Feedline
10
2414.10700000
20
-2636.55800000
30
0.00000000
0
VERTEX
8
Feedline
10
2415.79200000
20
-2635.83800000
30
0.00000000
0
VERTEX
8
Feedline
10
2417.47500000
20
-2635.11000000
30
0.00000000
0
VERTEX
8
Feedline
10
2419.15400000
20
-2634.37600000
30
0.00000000
0
VERTEX
8
Feedline
10
2420.82900000
20
-2633.63400000
30
0.00000000
0
VERTEX
8
Feedline
10
2422.50200000
20
-2632.88500000
30
0.00000000
0
VERTEX
8
Feedline
10
2424.17100000
20
-2632.12900000
30
0.00000000
0
VERTEX
8
Feedline
10
2425.83700000
20
-2631.36500000
30
0.00000000
0
VERTEX
8
Feedline
10
2427.50000000
20
-2630.59400000
30
0.00000000
0
VERTEX
8
Feedline
10
2429.15900000
20
-2629.81600000
30
0.00000000
0
VERTEX
8
Feedline
10
2430.81500000
20
-2629.03100000
30
0.00000000
0
VERTEX
8
Feedline
10
2432.46700000
20
-2628.23700000
30
0.00000000
0
VERTEX
8
Feedline
10
2434.11600000
20
-2627.43700000
30
0.00000000
0
VERTEX
8
Feedline
10
2435.76100000
20
-2626.63100000
30
0.00000000
0
VERTEX
8
Feedline
10
2437.40300000
20
-2625.81600000
30
0.00000000
0
VERTEX
8
Feedline
10
2439.04100000
20
-2624.99500000
30
0.00000000
0
VERTEX
8
Feedline
10
2440.67600000
20
-2624.16700000
30
0.00000000
0
VERTEX
8
Feedline
10
2442.30700000
20
-2623.33100000
30
0.00000000
0
VERTEX
8
Feedline
10
2443.94500000
20
-2622.48300000
30
0.00000000
0
VERTEX
8
Feedline
10
2445.58200000
20
-2621.62600000
30
0.00000000
0
VERTEX
8
Feedline
10
2447.18800000
20
-2620.77600000
30
0.00000000
0
VERTEX
8
Feedline
10
2448.79400000
20
-2619.91700000
30
0.00000000
0
VERTEX
8
Feedline
10
2450.40700000
20
-2619.04600000
30
0.00000000
0
VERTEX
8
Feedline
10
2452.01500000
20
-2618.16800000
30
0.00000000
0
VERTEX
8
Feedline
10
2453.62000000
20
-2617.28300000
30
0.00000000
0
VERTEX
8
Feedline
10
2455.22100000
20
-2616.39100000
30
0.00000000
0
VERTEX
8
Feedline
10
2456.81800000
20
-2615.49100000
30
0.00000000
0
VERTEX
8
Feedline
10
2458.41100000
20
-2614.58600000
30
0.00000000
0
VERTEX
8
Feedline
10
2460.00000000
20
-2613.67300000
30
0.00000000
0
VERTEX
8
Feedline
10
2461.58500000
20
-2612.75300000
30
0.00000000
0
VERTEX
8
Feedline
10
2463.16600000
20
-2611.82600000
30
0.00000000
0
VERTEX
8
Feedline
10
2464.74300000
20
-2610.89300000
30
0.00000000
0
VERTEX
8
Feedline
10
2466.31600000
20
-2609.95200000
30
0.00000000
0
VERTEX
8
Feedline
10
2467.88500000
20
-2609.00400000
30
0.00000000
0
VERTEX
8
Feedline
10
2469.44900000
20
-2608.05000000
30
0.00000000
0
VERTEX
8
Feedline
10
2471.01000000
20
-2607.08900000
30
0.00000000
0
VERTEX
8
Feedline
10
2472.56600000
20
-2606.12100000
30
0.00000000
0
VERTEX
8
Feedline
10
2474.09100000
20
-2605.16400000
30
0.00000000
0
VERTEX
8
Feedline
10
2475.66600000
20
-2604.16500000
30
0.00000000
0
VERTEX
8
Feedline
10
2477.20900000
20
-2603.17600000
30
0.00000000
0
VERTEX
8
Feedline
10
2478.72100000
20
-2602.20000000
30
0.00000000
0
VERTEX
8
Feedline
10
2480.28300000
20
-2601.18000000
30
0.00000000
0
VERTEX
8
Feedline
10
2481.78700000
20
-2600.19000000
30
0.00000000
0
VERTEX
8
Feedline
10
2483.33900000
20
-2599.15700000
30
0.00000000
0
VERTEX
8
Feedline
10
2484.83300000
20
-2598.15400000
30
0.00000000
0
VERTEX
8
Feedline
10
2486.37800000
20
-2597.10700000
30
0.00000000
0
VERTEX
8
Feedline
10
2487.89100000
20
-2596.07200000
30
0.00000000
0
VERTEX
8
Feedline
10
2489.41100000
20
-2595.02300000
30
0.00000000
0
VERTEX
8
Feedline
10
2490.87300000
20
-2594.00300000
30
0.00000000
0
VERTEX
8
Feedline
10
2492.40100000
20
-2592.92800000
30
0.00000000
0
VERTEX
8
Feedline
10
2493.86600000
20
-2591.88800000
30
0.00000000
0
VERTEX
8
Feedline
10
2495.35600000
20
-2590.82000000
30
0.00000000
0
VERTEX
8
Feedline
10
2496.84100000
20
-2589.74600000
30
0.00000000
0
VERTEX
8
Feedline
10
2498.32100000
20
-2588.66700000
30
0.00000000
0
VERTEX
8
Feedline
10
2499.79600000
20
-2587.58000000
30
0.00000000
0
VERTEX
8
Feedline
10
2501.26600000
20
-2586.48700000
30
0.00000000
0
VERTEX
8
Feedline
10
2502.78400000
20
-2585.34700000
30
0.00000000
0
VERTEX
8
Feedline
10
2504.23100000
20
-2584.25200000
30
0.00000000
0
VERTEX
8
Feedline
10
2505.65000000
20
-2583.16800000
30
0.00000000
0
VERTEX
8
Feedline
10
2507.13100000
20
-2582.02700000
30
0.00000000
0
VERTEX
8
Feedline
10
2508.54700000
20
-2580.92600000
30
0.00000000
0
VERTEX
8
Feedline
10
2509.98800000
20
-2579.79400000
30
0.00000000
0
VERTEX
8
Feedline
10
2511.42500000
20
-2578.65600000
30
0.00000000
0
VERTEX
8
Feedline
10
2512.85700000
20
-2577.51200000
30
0.00000000
0
VERTEX
8
Feedline
10
2514.28400000
20
-2576.36200000
30
0.00000000
0
VERTEX
8
Feedline
10
2515.70400000
20
-2575.20600000
30
0.00000000
0
VERTEX
8
Feedline
10
2517.15300000
20
-2574.01700000
30
0.00000000
0
VERTEX
8
Feedline
10
2518.53200000
20
-2572.87500000
30
0.00000000
0
VERTEX
8
Feedline
10
2519.93900000
20
-2571.70100000
30
0.00000000
0
VERTEX
8
Feedline
10
2521.34000000
20
-2570.52000000
30
0.00000000
0
VERTEX
8
Feedline
10
2522.73600000
20
-2569.33300000
30
0.00000000
0
VERTEX
8
Feedline
10
2524.12600000
20
-2568.13900000
30
0.00000000
0
VERTEX
8
Feedline
10
2525.51200000
20
-2566.94000000
30
0.00000000
0
VERTEX
8
Feedline
10
2526.89200000
20
-2565.73500000
30
0.00000000
0
VERTEX
8
Feedline
10
2528.26700000
20
-2564.52300000
30
0.00000000
0
VERTEX
8
Feedline
10
2529.63700000
20
-2563.30700000
30
0.00000000
0
VERTEX
8
Feedline
10
2531.00200000
20
-2562.08400000
30
0.00000000
0
VERTEX
8
Feedline
10
2532.36000000
20
-2560.85500000
30
0.00000000
0
VERTEX
8
Feedline
10
2533.71400000
20
-2559.61900000
30
0.00000000
0
VERTEX
8
Feedline
10
2535.06200000
20
-2558.37800000
30
0.00000000
0
VERTEX
8
Feedline
10
2536.40500000
20
-2557.13200000
30
0.00000000
0
VERTEX
8
Feedline
10
2537.74300000
20
-2555.88000000
30
0.00000000
0
VERTEX
8
Feedline
10
2539.07500000
20
-2554.62100000
30
0.00000000
0
VERTEX
8
Feedline
10
2540.40100000
20
-2553.35700000
30
0.00000000
0
VERTEX
8
Feedline
10
2541.72200000
20
-2552.08700000
30
0.00000000
0
VERTEX
8
Feedline
10
2543.04500000
20
-2550.80400000
30
0.00000000
0
VERTEX
8
Feedline
10
2544.34700000
20
-2549.52900000
30
0.00000000
0
VERTEX
8
Feedline
10
2545.68600000
20
-2548.20700000
30
0.00000000
0
VERTEX
8
Feedline
10
2546.95000000
20
-2546.95000000
30
0.00000000
0
VERTEX
8
Feedline
10
2548.24300000
20
-2545.65100000
30
0.00000000
0
VERTEX
8
Feedline
10
2549.52900000
20
-2544.34700000
30
0.00000000
0
VERTEX
8
Feedline
10
2550.81100000
20
-2543.03700000
30
0.00000000
0
VERTEX
8
Feedline
10
2552.10700000
20
-2541.70200000
30
0.00000000
0
VERTEX
8
Feedline
10
2553.35700000
20
-2540.40000000
30
0.00000000
0
VERTEX
8
Feedline
10
2554.62100000
20
-2539.07500000
30
0.00000000
0
VERTEX
8
Feedline
10
2555.88000000
20
-2537.74300000
30
0.00000000
0
VERTEX
8
Feedline
10
2557.13300000
20
-2536.40500000
30
0.00000000
0
VERTEX
8
Feedline
10
2558.41500000
20
-2535.02200000
30
0.00000000
0
VERTEX
8
Feedline
10
2559.61900000
20
-2533.71400000
30
0.00000000
0
VERTEX
8
Feedline
10
2560.85500000
20
-2532.36000000
30
0.00000000
0
VERTEX
8
Feedline
10
2562.08400000
20
-2531.00100000
30
0.00000000
0
VERTEX
8
Feedline
10
2563.30700000
20
-2529.63700000
30
0.00000000
0
VERTEX
8
Feedline
10
2564.52400000
20
-2528.26700000
30
0.00000000
0
VERTEX
8
Feedline
10
2565.73500000
20
-2526.89200000
30
0.00000000
0
VERTEX
8
Feedline
10
2566.94000000
20
-2525.51200000
30
0.00000000
0
VERTEX
8
Feedline
10
2568.13900000
20
-2524.12600000
30
0.00000000
0
VERTEX
8
Feedline
10
2569.33300000
20
-2522.73500000
30
0.00000000
0
VERTEX
8
Feedline
10
2570.52000000
20
-2521.34000000
30
0.00000000
0
VERTEX
8
Feedline
10
2571.70100000
20
-2519.93900000
30
0.00000000
0
VERTEX
8
Feedline
10
2572.87600000
20
-2518.53200000
30
0.00000000
0
VERTEX
8
Feedline
10
2574.04900000
20
-2517.11400000
30
0.00000000
0
VERTEX
8
Feedline
10
2575.20600000
20
-2515.70400000
30
0.00000000
0
VERTEX
8
Feedline
10
2576.36200000
20
-2514.28300000
30
0.00000000
0
VERTEX
8
Feedline
10
2577.51200000
20
-2512.85700000
30
0.00000000
0
VERTEX
8
Feedline
10
2578.66100000
20
-2511.41800000
30
0.00000000
0
VERTEX
8
Feedline
10
2579.80800000
20
-2509.97000000
30
0.00000000
0
VERTEX
8
Feedline
10
2580.92600000
20
-2508.54700000
30
0.00000000
0
VERTEX
8
Feedline
10
2582.05100000
20
-2507.10000000
30
0.00000000
0
VERTEX
8
Feedline
10
2583.16800000
20
-2505.64900000
30
0.00000000
0
VERTEX
8
Feedline
10
2584.28100000
20
-2504.19300000
30
0.00000000
0
VERTEX
8
Feedline
10
2585.40200000
20
-2502.71200000
30
0.00000000
0
VERTEX
8
Feedline
10
2586.48700000
20
-2501.26600000
30
0.00000000
0
VERTEX
8
Feedline
10
2587.58500000
20
-2499.78900000
30
0.00000000
0
VERTEX
8
Feedline
10
2588.66700000
20
-2498.32000000
30
0.00000000
0
VERTEX
8
Feedline
10
2589.74700000
20
-2496.84100000
30
0.00000000
0
VERTEX
8
Feedline
10
2590.82000000
20
-2495.35600000
30
0.00000000
0
VERTEX
8
Feedline
10
2591.88800000
20
-2493.86600000
30
0.00000000
0
VERTEX
8
Feedline
10
2592.94800000
20
-2492.37200000
30
0.00000000
0
VERTEX
8
Feedline
10
2594.00300000
20
-2490.87300000
30
0.00000000
0
VERTEX
8
Feedline
10
2595.05100000
20
-2489.37000000
30
0.00000000
0
VERTEX
8
Feedline
10
2596.09900000
20
-2487.85300000
30
0.00000000
0
VERTEX
8
Feedline
10
2597.12700000
20
-2486.35000000
30
0.00000000
0
VERTEX
8
Feedline
10
2598.17800000
20
-2484.79800000
30
0.00000000
0
VERTEX
8
Feedline
10
2599.17500000
20
-2483.31100000
30
0.00000000
0
VERTEX
8
Feedline
10
2600.19000000
20
-2481.78600000
30
0.00000000
0
VERTEX
8
Feedline
10
2601.20100000
20
-2480.25100000
30
0.00000000
0
VERTEX
8
Feedline
10
2602.20000000
20
-2478.72100000
30
0.00000000
0
VERTEX
8
Feedline
10
2603.20000000
20
-2477.17300000
30
0.00000000
0
VERTEX
8
Feedline
10
2604.20600000
20
-2475.60100000
30
0.00000000
0
VERTEX
8
Feedline
10
2605.16400000
20
-2474.09100000
30
0.00000000
0
VERTEX
8
Feedline
10
2606.13800000
20
-2472.53900000
30
0.00000000
0
VERTEX
8
Feedline
10
2607.10600000
20
-2470.98400000
30
0.00000000
0
VERTEX
8
Feedline
10
2608.06600000
20
-2469.42300000
30
0.00000000
0
VERTEX
8
Feedline
10
2609.02300000
20
-2467.85500000
30
0.00000000
0
VERTEX
8
Feedline
10
2609.96700000
20
-2466.29000000
30
0.00000000
0
VERTEX
8
Feedline
10
2610.90800000
20
-2464.71700000
30
0.00000000
0
VERTEX
8
Feedline
10
2611.84100000
20
-2463.14100000
30
0.00000000
0
VERTEX
8
Feedline
10
2612.79100000
20
-2461.52000000
30
0.00000000
0
VERTEX
8
Feedline
10
2613.68800000
20
-2459.97500000
30
0.00000000
0
VERTEX
8
Feedline
10
2614.60100000
20
-2458.38600000
30
0.00000000
0
VERTEX
8
Feedline
10
2615.50600000
20
-2456.79300000
30
0.00000000
0
VERTEX
8
Feedline
10
2616.40400000
20
-2455.19600000
30
0.00000000
0
VERTEX
8
Feedline
10
2617.29600000
20
-2453.59600000
30
0.00000000
0
VERTEX
8
Feedline
10
2618.18100000
20
-2451.99100000
30
0.00000000
0
VERTEX
8
Feedline
10
2619.05900000
20
-2450.38300000
30
0.00000000
0
VERTEX
8
Feedline
10
2619.93000000
20
-2448.77000000
30
0.00000000
0
VERTEX
8
Feedline
10
2620.79400000
20
-2447.15400000
30
0.00000000
0
VERTEX
8
Feedline
10
2621.66400000
20
-2445.50900000
30
0.00000000
0
VERTEX
8
Feedline
10
2622.50100000
20
-2443.91100000
30
0.00000000
0
VERTEX
8
Feedline
10
2623.34300000
20
-2442.28400000
30
0.00000000
0
VERTEX
8
Feedline
10
2624.17900000
20
-2440.65300000
30
0.00000000
0
VERTEX
8
Feedline
10
2625.00600000
20
-2439.01800000
30
0.00000000
0
VERTEX
8
Feedline
10
2625.82700000
20
-2437.38100000
30
0.00000000
0
VERTEX
8
Feedline
10
2626.66100000
20
-2435.70000000
30
0.00000000
0
VERTEX
8
Feedline
10
2627.44800000
20
-2434.09400000
30
0.00000000
0
VERTEX
8
Feedline
10
2628.24800000
20
-2432.44500000
30
0.00000000
0
VERTEX
8
Feedline
10
2629.06200000
20
-2430.74800000
30
0.00000000
0
VERTEX
8
Feedline
10
2629.82600000
20
-2429.13800000
30
0.00000000
0
VERTEX
8
Feedline
10
2630.61700000
20
-2427.45100000
30
0.00000000
0
VERTEX
8
Feedline
10
2631.37500000
20
-2425.81600000
30
0.00000000
0
VERTEX
8
Feedline
10
2632.13900000
20
-2424.15000000
30
0.00000000
0
VERTEX
8
Feedline
10
2632.91300000
20
-2422.44000000
30
0.00000000
0
VERTEX
8
Feedline
10
2633.65200000
20
-2420.78900000
30
0.00000000
0
VERTEX
8
Feedline
10
2634.38500000
20
-2419.13400000
30
0.00000000
0
VERTEX
8
Feedline
10
2635.11900000
20
-2417.45500000
30
0.00000000
0
VERTEX
8
Feedline
10
2635.84600000
20
-2415.77200000
30
0.00000000
0
VERTEX
8
Feedline
10
2636.56600000
20
-2414.08700000
30
0.00000000
0
VERTEX
8
Feedline
10
2637.27800000
20
-2412.40000000
30
0.00000000
0
VERTEX
8
Feedline
10
2637.98300000
20
-2410.70800000
30
0.00000000
0
VERTEX
8
Feedline
10
2638.68100000
20
-2409.01300000
30
0.00000000
0
VERTEX
8
Feedline
10
2639.37100000
20
-2407.31600000
30
0.00000000
0
VERTEX
8
Feedline
10
2640.05400000
20
-2405.61400000
30
0.00000000
0
VERTEX
8
Feedline
10
2640.72900000
20
-2403.91300000
30
0.00000000
0
VERTEX
8
Feedline
10
2641.40700000
20
-2402.17800000
30
0.00000000
0
VERTEX
8
Feedline
10
2642.05700000
20
-2400.49700000
30
0.00000000
0
VERTEX
8
Feedline
10
2642.71000000
20
-2398.78400000
30
0.00000000
0
VERTEX
8
Feedline
10
2643.36100000
20
-2397.05300000
30
0.00000000
0
VERTEX
8
Feedline
10
2643.99300000
20
-2395.35200000
30
0.00000000
0
VERTEX
8
Feedline
10
2644.62400000
20
-2393.63100000
30
0.00000000
0
VERTEX
8
Feedline
10
2645.24700000
20
-2391.90800000
30
0.00000000
0
VERTEX
8
Feedline
10
2645.86200000
20
-2390.18200000
30
0.00000000
0
VERTEX
8
Feedline
10
2646.47000000
20
-2388.45300000
30
0.00000000
0
VERTEX
8
Feedline
10
2647.07200000
20
-2386.72000000
30
0.00000000
0
VERTEX
8
Feedline
10
2647.66400000
20
-2384.98900000
30
0.00000000
0
VERTEX
8
Feedline
10
2648.24900000
20
-2383.25200000
30
0.00000000
0
VERTEX
8
Feedline
10
2648.82700000
20
-2381.51300000
30
0.00000000
0
VERTEX
8
Feedline
10
2649.39600000
20
-2379.77100000
30
0.00000000
0
VERTEX
8
Feedline
10
2649.95800000
20
-2378.02800000
30
0.00000000
0
VERTEX
8
Feedline
10
2650.51300000
20
-2376.28100000
30
0.00000000
0
VERTEX
8
Feedline
10
2651.06000000
20
-2374.53200000
30
0.00000000
0
VERTEX
8
Feedline
10
2651.60000000
20
-2372.78100000
30
0.00000000
0
VERTEX
8
Feedline
10
2652.13200000
20
-2371.02700000
30
0.00000000
0
VERTEX
8
Feedline
10
2652.65600000
20
-2369.27200000
30
0.00000000
0
VERTEX
8
Feedline
10
2653.17500000
20
-2367.50500000
30
0.00000000
0
VERTEX
8
Feedline
10
2653.68200000
20
-2365.75400000
30
0.00000000
0
VERTEX
8
Feedline
10
2654.18700000
20
-2363.97600000
30
0.00000000
0
VERTEX
8
Feedline
10
2654.67700000
20
-2362.22700000
30
0.00000000
0
VERTEX
8
Feedline
10
2655.16300000
20
-2360.46000000
30
0.00000000
0
VERTEX
8
Feedline
10
2655.64100000
20
-2358.69100000
30
0.00000000
0
VERTEX
8
Feedline
10
2656.11100000
20
-2356.92000000
30
0.00000000
0
VERTEX
8
Feedline
10
2656.57400000
20
-2355.14700000
30
0.00000000
0
VERTEX
8
Feedline
10
2657.02900000
20
-2353.37200000
30
0.00000000
0
VERTEX
8
Feedline
10
2657.47600000
20
-2351.59500000
30
0.00000000
0
VERTEX
8
Feedline
10
2657.91500000
20
-2349.81600000
30
0.00000000
0
VERTEX
8
Feedline
10
2658.34600000
20
-2348.03500000
30
0.00000000
0
VERTEX
8
Feedline
10
2658.77000000
20
-2346.25200000
30
0.00000000
0
VERTEX
8
Feedline
10
2659.18600000
20
-2344.46800000
30
0.00000000
0
VERTEX
8
Feedline
10
2659.59500000
20
-2342.68200000
30
0.00000000
0
VERTEX
8
Feedline
10
2659.99500000
20
-2340.89400000
30
0.00000000
0
VERTEX
8
Feedline
10
2660.38800000
20
-2339.10400000
30
0.00000000
0
VERTEX
8
Feedline
10
2660.77300000
20
-2337.31200000
30
0.00000000
0
VERTEX
8
Feedline
10
2661.15000000
20
-2335.52000000
30
0.00000000
0
VERTEX
8
Feedline
10
2661.51900000
20
-2333.72500000
30
0.00000000
0
VERTEX
8
Feedline
10
2661.88100000
20
-2331.92800000
30
0.00000000
0
VERTEX
8
Feedline
10
2662.23400000
20
-2330.13000000
30
0.00000000
0
VERTEX
8
Feedline
10
2662.58000000
20
-2328.33100000
30
0.00000000
0
VERTEX
8
Feedline
10
2662.91800000
20
-2326.53000000
30
0.00000000
0
VERTEX
8
Feedline
10
2663.24800000
20
-2324.72700000
30
0.00000000
0
VERTEX
8
Feedline
10
2663.57000000
20
-2322.92300000
30
0.00000000
0
VERTEX
8
Feedline
10
2663.88500000
20
-2321.11800000
30
0.00000000
0
VERTEX
8
Feedline
10
2664.19100000
20
-2319.31200000
30
0.00000000
0
VERTEX
8
Feedline
10
2664.48900000
20
-2317.50400000
30
0.00000000
0
VERTEX
8
Feedline
10
2664.78000000
20
-2315.69400000
30
0.00000000
0
VERTEX
8
Feedline
10
2665.06300000
20
-2313.88400000
30
0.00000000
0
VERTEX
8
Feedline
10
2665.33800000
20
-2312.07200000
30
0.00000000
0
VERTEX
8
Feedline
10
2665.60500000
20
-2310.26000000
30
0.00000000
0
VERTEX
8
Feedline
10
2665.86400000
20
-2308.44600000
30
0.00000000
0
VERTEX
8
Feedline
10
2666.11400000
20
-2306.63000000
30
0.00000000
0
VERTEX
8
Feedline
10
2666.35700000
20
-2304.81400000
30
0.00000000
0
VERTEX
8
Feedline
10
2666.59200000
20
-2302.99800000
30
0.00000000
0
VERTEX
8
Feedline
10
2666.81900000
20
-2301.17900000
30
0.00000000
0
VERTEX
8
Feedline
10
2667.03900000
20
-2299.36000000
30
0.00000000
0
VERTEX
8
Feedline
10
2667.25000000
20
-2297.53900000
30
0.00000000
0
VERTEX
8
Feedline
10
2667.45400000
20
-2295.71800000
30
0.00000000
0
VERTEX
8
Feedline
10
2667.64900000
20
-2293.89700000
30
0.00000000
0
VERTEX
8
Feedline
10
2667.83700000
20
-2292.07400000
30
0.00000000
0
VERTEX
8
Feedline
10
2668.01600000
20
-2290.25000000
30
0.00000000
0
VERTEX
8
Feedline
10
2668.18800000
20
-2288.42600000
30
0.00000000
0
VERTEX
8
Feedline
10
2668.35200000
20
-2286.60100000
30
0.00000000
0
VERTEX
8
Feedline
10
2668.50800000
20
-2284.77500000
30
0.00000000
0
VERTEX
8
Feedline
10
2668.65500000
20
-2282.94900000
30
0.00000000
0
VERTEX
8
Feedline
10
2668.79500000
20
-2281.12200000
30
0.00000000
0
VERTEX
8
Feedline
10
2668.92700000
20
-2279.29400000
30
0.00000000
0
VERTEX
8
Feedline
10
2669.05100000
20
-2277.46600000
30
0.00000000
0
VERTEX
8
Feedline
10
2669.16700000
20
-2275.63700000
30
0.00000000
0
VERTEX
8
Feedline
10
2669.27500000
20
-2273.80800000
30
0.00000000
0
VERTEX
8
Feedline
10
2669.37400000
20
-2271.97800000
30
0.00000000
0
VERTEX
8
Feedline
10
2669.46600000
20
-2270.14800000
30
0.00000000
0
VERTEX
8
Feedline
10
2669.55000000
20
-2268.31800000
30
0.00000000
0
VERTEX
8
Feedline
10
2669.62600000
20
-2266.48700000
30
0.00000000
0
VERTEX
8
Feedline
10
2669.69400000
20
-2264.65600000
30
0.00000000
0
VERTEX
8
Feedline
10
2669.75500000
20
-2262.78900000
30
0.00000000
0
VERTEX
8
Feedline
10
2669.80600000
20
-2260.99300000
30
0.00000000
0
VERTEX
8
Feedline
10
2669.85000000
20
-2259.16100000
30
0.00000000
0
VERTEX
8
Feedline
10
2669.88600000
20
-2257.32400000
30
0.00000000
0
VERTEX
8
Feedline
10
2669.91400000
20
-2255.49700000
30
0.00000000
0
VERTEX
8
Feedline
10
2669.93400000
20
-2253.66400000
30
0.00000000
0
VERTEX
8
Feedline
10
2669.94600000
20
-2251.83200000
30
0.00000000
0
VERTEX
8
Feedline
10
2669.95000000
20
-2250.00000000
30
0.00000000
0
VERTEX
8
Feedline
10
2669.95000000
20
-1910.67700000
30
0.00000000
0
VERTEX
8
Feedline
10
2669.95400000
20
-1910.47900000
30
0.00000000
0
VERTEX
8
Feedline
10
2669.96500000
20
-1910.28100000
30
0.00000000
0
VERTEX
8
Feedline
10
2669.98500000
20
-1910.08400000
30
0.00000000
0
VERTEX
8
Feedline
10
2670.01300000
20
-1909.88700000
30
0.00000000
0
VERTEX
8
Feedline
10
2670.04700000
20
-1909.69200000
30
0.00000000
0
VERTEX
8
Feedline
10
2670.08900000
20
-1909.49800000
30
0.00000000
0
VERTEX
8
Feedline
10
2670.14000000
20
-1909.30600000
30
0.00000000
0
VERTEX
8
Feedline
10
2670.19700000
20
-1909.11800000
30
0.00000000
0
VERTEX
8
Feedline
10
2670.26200000
20
-1908.93000000
30
0.00000000
0
VERTEX
8
Feedline
10
2670.33500000
20
-1908.74500000
30
0.00000000
0
VERTEX
8
Feedline
10
2670.41400000
20
-1908.56300000
30
0.00000000
0
VERTEX
8
Feedline
10
2670.50100000
20
-1908.38500000
30
0.00000000
0
VERTEX
8
Feedline
10
2670.59400000
20
-1908.21100000
30
0.00000000
0
VERTEX
8
Feedline
10
2670.69400000
20
-1908.03900000
30
0.00000000
0
VERTEX
8
Feedline
10
2670.80100000
20
-1907.87200000
30
0.00000000
0
VERTEX
8
Feedline
10
2670.91500000
20
-1907.71000000
30
0.00000000
0
VERTEX
8
Feedline
10
2671.03400000
20
-1907.55100000
30
0.00000000
0
VERTEX
8
Feedline
10
2671.16000000
20
-1907.39700000
30
0.00000000
0
VERTEX
8
Feedline
10
2671.29100000
20
-1907.25000000
30
0.00000000
0
VERTEX
8
Feedline
10
2671.42800000
20
-1907.10700000
30
0.00000000
0
VERTEX
8
Feedline
10
2692.31700000
20
-1886.21800000
30
0.00000000
0
VERTEX
8
Feedline
10
2686.80200000
20
-1886.21800000
30
0.00000000
0
VERTEX
8
Feedline
10
2656.72200000
20
-1916.29800000
30
0.00000000
0
VERTEX
8
Feedline
10
2656.47800000
20
-1916.54800000
30
0.00000000
0
VERTEX
8
Feedline
10
2656.24100000
20
-1916.80200000
30
0.00000000
0
VERTEX
8
Feedline
10
2656.00900000
20
-1917.06100000
30
0.00000000
0
VERTEX
8
Feedline
10
2655.78100000
20
-1917.32500000
30
0.00000000
0
VERTEX
8
Feedline
10
2655.56100000
20
-1917.59300000
30
0.00000000
0
VERTEX
8
Feedline
10
2655.34600000
20
-1917.86700000
30
0.00000000
0
VERTEX
8
Feedline
10
2655.13700000
20
-1918.14600000
30
0.00000000
0
VERTEX
8
Feedline
10
2654.93500000
20
-1918.42900000
30
0.00000000
0
VERTEX
8
Feedline
10
2654.73800000
20
-1918.71600000
30
0.00000000
0
VERTEX
8
Feedline
10
2654.54800000
20
-1919.00700000
30
0.00000000
0
VERTEX
8
Feedline
10
2654.36400000
20
-1919.30300000
30
0.00000000
0
VERTEX
8
Feedline
10
2654.18700000
20
-1919.60200000
30
0.00000000
0
VERTEX
8
Feedline
10
2654.01600000
20
-1919.90500000
30
0.00000000
0
VERTEX
8
Feedline
10
2653.85200000
20
-1920.21200000
30
0.00000000
0
VERTEX
8
Feedline
10
2653.69500000
20
-1920.52300000
30
0.00000000
0
VERTEX
8
Feedline
10
2653.54400000
20
-1920.83600000
30
0.00000000
0
VERTEX
8
Feedline
10
2653.40100000
20
-1921.15300000
30
0.00000000
0
VERTEX
8
Feedline
10
2653.26400000
20
-1921.47300000
30
0.00000000
0
VERTEX
8
Feedline
10
2653.13500000
20
-1921.79600000
30
0.00000000
0
VERTEX
8
Feedline
10
2653.01200000
20
-1922.12200000
30
0.00000000
0
VERTEX
8
Feedline
10
2652.89600000
20
-1922.45000000
30
0.00000000
0
VERTEX
8
Feedline
10
2652.78800000
20
-1922.78400000
30
0.00000000
0
VERTEX
8
Feedline
10
2652.68600000
20
-1923.11800000
30
0.00000000
0
VERTEX
8
Feedline
10
2652.59200000
20
-1923.45300000
30
0.00000000
0
VERTEX
8
Feedline
10
2652.50600000
20
-1923.79400000
30
0.00000000
0
VERTEX
8
Feedline
10
2652.42700000
20
-1924.13000000
30
0.00000000
0
VERTEX
8
Feedline
10
2652.35500000
20
-1924.47100000
30
0.00000000
0
VERTEX
8
Feedline
10
2652.29100000
20
-1924.81400000
30
0.00000000
0
VERTEX
8
Feedline
10
2652.23400000
20
-1925.15800000
30
0.00000000
0
VERTEX
8
Feedline
10
2652.18600000
20
-1925.50400000
30
0.00000000
0
VERTEX
8
Feedline
10
2652.14500000
20
-1925.84000000
30
0.00000000
0
VERTEX
8
Feedline
10
2652.11100000
20
-1926.18700000
30
0.00000000
0
VERTEX
8
Feedline
10
2652.08400000
20
-1926.53400000
30
0.00000000
0
VERTEX
8
Feedline
10
2652.06500000
20
-1926.88100000
30
0.00000000
0
VERTEX
8
Feedline
10
2652.05400000
20
-1927.22900000
30
0.00000000
0
VERTEX
8
Feedline
10
2652.05000000
20
-1927.57700000
30
0.00000000
0
VERTEX
8
Feedline
10
2652.05000000
20
-2099.81100000
30
0.00000000
0
VERTEX
8
Feedline
10
2652.05400000
20
-2100.68000000
30
0.00000000
0
VERTEX
8
Feedline
10
2652.06500000
20
-2101.54800000
30
0.00000000
0
VERTEX
8
Feedline
10
2652.08400000
20
-2102.41700000
30
0.00000000
0
VERTEX
8
Feedline
10
2652.11000000
20
-2103.28500000
30
0.00000000
0
VERTEX
8
Feedline
10
2652.14500000
20
-2104.16900000
30
0.00000000
0
VERTEX
8
Feedline
10
2652.18700000
20
-2105.03900000
30
0.00000000
0
VERTEX
8
Feedline
10
2652.23600000
20
-2105.90400000
30
0.00000000
0
VERTEX
8
Feedline
10
2652.29300000
20
-2106.77000000
30
0.00000000
0
VERTEX
8
Feedline
10
2652.35700000
20
-2107.63500000
30
0.00000000
0
VERTEX
8
Feedline
10
2652.42900000
20
-2108.50000000
30
0.00000000
0
VERTEX
8
Feedline
10
2652.50900000
20
-2109.37400000
30
0.00000000
0
VERTEX
8
Feedline
10
2652.59500000
20
-2110.22800000
30
0.00000000
0
VERTEX
8
Feedline
10
2652.68900000
20
-2111.09100000
30
0.00000000
0
VERTEX
8
Feedline
10
2652.79100000
20
-2111.95400000
30
0.00000000
0
VERTEX
8
Feedline
10
2652.89900000
20
-2112.80800000
30
0.00000000
0
VERTEX
8
Feedline
10
2653.01600000
20
-2113.66800000
30
0.00000000
0
VERTEX
8
Feedline
10
2658.08400000
20
-2149.87100000
30
0.00000000
0
VERTEX
8
Feedline
10
2658.20100000
20
-2150.73300000
30
0.00000000
0
VERTEX
8
Feedline
10
2658.31000000
20
-2151.59600000
30
0.00000000
0
VERTEX
8
Feedline
10
2658.41200000
20
-2152.45900000
30
0.00000000
0
VERTEX
8
Feedline
10
2658.50600000
20
-2153.32400000
30
0.00000000
0
VERTEX
8
Feedline
10
2658.59300000
20
-2154.18900000
30
0.00000000
0
VERTEX
8
Feedline
10
2658.67200000
20
-2155.05600000
30
0.00000000
0
VERTEX
8
Feedline
10
2658.74400000
20
-2155.92300000
30
0.00000000
0
VERTEX
8
Feedline
10
2658.80800000
20
-2156.79100000
30
0.00000000
0
VERTEX
8
Feedline
10
2658.86500000
20
-2157.65800000
30
0.00000000
0
VERTEX
8
Feedline
10
2658.91400000
20
-2158.52600000
30
0.00000000
0
VERTEX
8
Feedline
10
2658.95600000
20
-2159.39500000
30
0.00000000
0
VERTEX
8
Feedline
10
2658.99000000
20
-2160.26400000
30
0.00000000
0
VERTEX
8
Feedline
10
2659.01600000
20
-2161.13400000
30
0.00000000
0
VERTEX
8
Feedline
10
2659.03500000
20
-2162.00300000
30
0.00000000
0
VERTEX
8
Feedline
10
2659.04600000
20
-2162.87300000
30
0.00000000
0
VERTEX
8
Feedline
10
2659.05000000
20
-2163.74300000
30
0.00000000
0
VERTEX
8
Feedline
10
2659.05000000
20
-2250.00000000
30
0.00000000
0
VERTEX
8
Feedline
10
2659.04600000
20
-2251.80500000
30
0.00000000
0
VERTEX
8
Feedline
10
2659.03400000
20
-2253.60900000
30
0.00000000
0
VERTEX
8
Feedline
10
2659.01400000
20
-2255.41500000
30
0.00000000
0
VERTEX
8
Feedline
10
2658.98600000
20
-2257.21900000
30
0.00000000
0
VERTEX
8
Feedline
10
2658.95000000
20
-2259.02400000
30
0.00000000
0
VERTEX
8
Feedline
10
2658.90700000
20
-2260.82800000
30
0.00000000
0
VERTEX
8
Feedline
10
2658.85500000
20
-2262.63300000
30
0.00000000
0
VERTEX
8
Feedline
10
2658.79500000
20
-2264.43600000
30
0.00000000
0
VERTEX
8
Feedline
10
2658.72800000
20
-2266.24000000
30
0.00000000
0
VERTEX
8
Feedline
10
2658.65200000
20
-2268.04300000
30
0.00000000
0
VERTEX
8
Feedline
10
2658.56800000
20
-2269.84500000
30
0.00000000
0
VERTEX
8
Feedline
10
2658.47700000
20
-2271.64900000
30
0.00000000
0
VERTEX
8
Feedline
10
2658.37700000
20
-2273.45100000
30
0.00000000
0
VERTEX
8
Feedline
10
2658.27000000
20
-2275.25200000
30
0.00000000
0
VERTEX
8
Feedline
10
2658.15500000
20
-2277.05300000
30
0.00000000
0
VERTEX
8
Feedline
10
2658.03100000
20
-2278.85400000
30
0.00000000
0
VERTEX
8
Feedline
10
2657.90000000
20
-2280.65400000
30
0.00000000
0
VERTEX
8
Feedline
10
2657.76100000
20
-2282.45400000
30
0.00000000
0
VERTEX
8
Feedline
10
2657.61400000
20
-2284.25200000
30
0.00000000
0
VERTEX
8
Feedline
10
2657.45800000
20
-2286.05000000
30
0.00000000
0
VERTEX
8
Feedline
10
2657.29500000
20
-2287.84800000
30
0.00000000
0
VERTEX
8
Feedline
10
2657.12500000
20
-2289.64500000
30
0.00000000
0
VERTEX
8
Feedline
10
2656.94600000
20
-2291.44100000
30
0.00000000
0
VERTEX
8
Feedline
10
2656.75900000
20
-2293.23600000
30
0.00000000
0
VERTEX
8
Feedline
10
2656.56400000
20
-2295.03100000
30
0.00000000
0
VERTEX
8
Feedline
10
2656.36200000
20
-2296.82400000
30
0.00000000
0
VERTEX
8
Feedline
10
2656.15100000
20
-2298.61600000
30
0.00000000
0
VERTEX
8
Feedline
10
2655.93300000
20
-2300.40800000
30
0.00000000
0
VERTEX
8
Feedline
10
2655.70600000
20
-2302.19800000
30
0.00000000
0
VERTEX
8
Feedline
10
2655.46700000
20
-2304.02000000
30
0.00000000
0
VERTEX
8
Feedline
10
2655.23000000
20
-2305.77700000
30
0.00000000
0
VERTEX
8
Feedline
10
2654.98000000
20
-2307.56400000
30
0.00000000
0
VERTEX
8
Feedline
10
2654.72100000
20
-2309.35000000
30
0.00000000
0
VERTEX
8
Feedline
10
2654.45000000
20
-2311.16800000
30
0.00000000
0
VERTEX
8
Feedline
10
2654.18200000
20
-2312.92000000
30
0.00000000
0
VERTEX
8
Feedline
10
2653.90000000
20
-2314.70300000
30
0.00000000
0
VERTEX
8
Feedline
10
2653.61100000
20
-2316.48400000
30
0.00000000
0
VERTEX
8
Feedline
10
2653.31000000
20
-2318.28300000
30
0.00000000
0
VERTEX
8
Feedline
10
2653.00800000
20
-2320.04400000
30
0.00000000
0
VERTEX
8
Feedline
10
2652.68600000
20
-2321.87200000
30
0.00000000
0
VERTEX
8
Feedline
10
2652.37500000
20
-2323.59700000
30
0.00000000
0
VERTEX
8
Feedline
10
2652.04600000
20
-2325.37100000
30
0.00000000
0
VERTEX
8
Feedline
10
2651.70400000
20
-2327.17200000
30
0.00000000
0
VERTEX
8
Feedline
10
2651.36500000
20
-2328.91700000
30
0.00000000
0
VERTEX
8
Feedline
10
2651.01300000
20
-2330.68700000
30
0.00000000
0
VERTEX
8
Feedline
10
2650.65300000
20
-2332.45500000
30
0.00000000
0
VERTEX
8
Feedline
10
2650.28600000
20
-2334.22200000
30
0.00000000
0
VERTEX
8
Feedline
10
2649.91000000
20
-2335.98800000
30
0.00000000
0
VERTEX
8
Feedline
10
2649.52700000
20
-2337.75200000
30
0.00000000
0
VERTEX
8
Feedline
10
2649.13600000
20
-2339.51300000
30
0.00000000
0
VERTEX
8
Feedline
10
2648.73700000
20
-2341.27300000
30
0.00000000
0
VERTEX
8
Feedline
10
2648.33100000
20
-2343.03200000
30
0.00000000
0
VERTEX
8
Feedline
10
2647.91400000
20
-2344.79500000
30
0.00000000
0
VERTEX
8
Feedline
10
2647.49200000
20
-2346.54900000
30
0.00000000
0
VERTEX
8
Feedline
10
2647.06400000
20
-2348.29600000
30
0.00000000
0
VERTEX
8
Feedline
10
2646.62600000
20
-2350.04700000
30
0.00000000
0
VERTEX
8
Feedline
10
2646.18100000
20
-2351.79600000
30
0.00000000
0
VERTEX
8
Feedline
10
2645.72800000
20
-2353.54400000
30
0.00000000
0
VERTEX
8
Feedline
10
2645.26200000
20
-2355.30700000
30
0.00000000
0
VERTEX
8
Feedline
10
2644.79500000
20
-2357.04800000
30
0.00000000
0
VERTEX
8
Feedline
10
2644.32300000
20
-2358.77200000
30
0.00000000
0
VERTEX
8
Feedline
10
2643.83900000
20
-2360.51200000
30
0.00000000
0
VERTEX
8
Feedline
10
2643.34700000
20
-2362.24800000
30
0.00000000
0
VERTEX
8
Feedline
10
2642.84400000
20
-2363.99800000
30
0.00000000
0
VERTEX
8
Feedline
10
2642.34200000
20
-2365.71500000
30
0.00000000
0
VERTEX
8
Feedline
10
2641.82700000
20
-2367.44500000
30
0.00000000
0
VERTEX
8
Feedline
10
2641.30500000
20
-2369.17300000
30
0.00000000
0
VERTEX
8
Feedline
10
2640.77500000
20
-2370.90000000
30
0.00000000
0
VERTEX
8
Feedline
10
2640.23900000
20
-2372.62100000
30
0.00000000
0
VERTEX
8
Feedline
10
2639.69400000
20
-2374.34200000
30
0.00000000
0
VERTEX
8
Feedline
10
2639.14100000
20
-2376.06000000
30
0.00000000
0
VERTEX
8
Feedline
10
2638.58100000
20
-2377.77600000
30
0.00000000
0
VERTEX
8
Feedline
10
2638.01300000
20
-2379.48900000
30
0.00000000
0
VERTEX
8
Feedline
10
2637.43800000
20
-2381.20000000
30
0.00000000
0
VERTEX
8
Feedline
10
2636.85500000
20
-2382.90800000
30
0.00000000
0
VERTEX
8
Feedline
10
2636.26500000
20
-2384.61300000
30
0.00000000
0
VERTEX
8
Feedline
10
2635.66800000
20
-2386.31700000
30
0.00000000
0
VERTEX
8
Feedline
10
2635.05300000
20
-2388.04100000
30
0.00000000
0
VERTEX
8
Feedline
10
2634.45000000
20
-2389.71500000
30
0.00000000
0
VERTEX
8
Feedline
10
2633.83000000
20
-2391.41000000
30
0.00000000
0
VERTEX
8
Feedline
10
2633.20200000
20
-2393.10200000
30
0.00000000
0
VERTEX
8
Feedline
10
2632.56700000
20
-2394.79200000
30
0.00000000
0
VERTEX
8
Feedline
10
2631.92400000
20
-2396.47800000
30
0.00000000
0
VERTEX
8
Feedline
10
2631.27500000
20
-2398.16200000
30
0.00000000
0
VERTEX
8
Feedline
10
2630.60400000
20
-2399.87500000
30
0.00000000
0
VERTEX
8
Feedline
10
2629.93600000
20
-2401.55900000
30
0.00000000
0
VERTEX
8
Feedline
10
2629.26300000
20
-2403.23600000
30
0.00000000
0
VERTEX
8
Feedline
10
2628.60000000
20
-2404.86800000
30
0.00000000
0
VERTEX
8
Feedline
10
2627.89400000
20
-2406.58300000
30
0.00000000
0
VERTEX
8
Feedline
10
2627.20900000
20
-2408.22400000
30
0.00000000
0
VERTEX
8
Feedline
10
2626.51700000
20
-2409.86600000
30
0.00000000
0
VERTEX
8
Feedline
10
2625.80800000
20
-2411.52600000
30
0.00000000
0
VERTEX
8
Feedline
10
2625.09200000
20
-2413.18200000
30
0.00000000
0
VERTEX
8
Feedline
10
2624.36800000
20
-2414.83500000
30
0.00000000
0
VERTEX
8
Feedline
10
2623.63700000
20
-2416.48500000
30
0.00000000
0
VERTEX
8
Feedline
10
2622.89500000
20
-2418.14100000
30
0.00000000
0
VERTEX
8
Feedline
10
2622.14100000
20
-2419.80200000
30
0.00000000
0
VERTEX
8
Feedline
10
2621.40000000
20
-2421.41700000
30
0.00000000
0
VERTEX
8
Feedline
10
2620.64000000
20
-2423.05400000
30
0.00000000
0
VERTEX
8
Feedline
10
2619.87300000
20
-2424.68700000
30
0.00000000
0
VERTEX
8
Feedline
10
2619.09900000
20
-2426.31800000
30
0.00000000
0
VERTEX
8
Feedline
10
2618.31700000
20
-2427.94500000
30
0.00000000
0
VERTEX
8
Feedline
10
2617.52800000
20
-2429.56900000
30
0.00000000
0
VERTEX
8
Feedline
10
2616.72200000
20
-2431.20900000
30
0.00000000
0
VERTEX
8
Feedline
10
2615.93000000
20
-2432.80400000
30
0.00000000
0
VERTEX
8
Feedline
10
2615.10900000
20
-2434.43800000
30
0.00000000
0
VERTEX
8
Feedline
10
2614.29400000
20
-2436.04300000
30
0.00000000
0
VERTEX
8
Feedline
10
2613.47700000
20
-2437.63200000
30
0.00000000
0
VERTEX
8
Feedline
10
2612.64600000
20
-2439.23400000
30
0.00000000
0
VERTEX
8
Feedline
10
2611.80800000
20
-2440.83200000
30
0.00000000
0
VERTEX
8
Feedline
10
2610.95100000
20
-2442.44700000
30
0.00000000
0
VERTEX
8
Feedline
10
2610.08900000
20
-2444.05700000
30
0.00000000
0
VERTEX
8
Feedline
10
2609.25000000
20
-2445.60500000
30
0.00000000
0
VERTEX
8
Feedline
10
2608.38400000
20
-2447.18800000
30
0.00000000
0
VERTEX
8
Feedline
10
2607.51000000
20
-2448.76700000
30
0.00000000
0
VERTEX
8
Feedline
10
2606.61800000
20
-2450.36300000
30
0.00000000
0
VERTEX
8
Feedline
10
2605.73600000
20
-2451.92600000
30
0.00000000
0
VERTEX
8
Feedline
10
2604.81700000
20
-2453.53500000
30
0.00000000
0
VERTEX
8
Feedline
10
2603.93200000
20
-2455.07100000
30
0.00000000
0
VERTEX
8
Feedline
10
2603.03800000
20
-2456.60500000
30
0.00000000
0
VERTEX
8
Feedline
10
2602.12300000
20
-2458.16100000
30
0.00000000
0
VERTEX
8
Feedline
10
2601.19800000
20
-2459.71700000
30
0.00000000
0
VERTEX
8
Feedline
10
2600.27300000
20
-2461.26100000
30
0.00000000
0
VERTEX
8
Feedline
10
2599.33700000
20
-2462.80400000
30
0.00000000
0
VERTEX
8
Feedline
10
2598.39500000
20
-2464.34300000
30
0.00000000
0
VERTEX
8
Feedline
10
2597.44500000
20
-2465.87800000
30
0.00000000
0
VERTEX
8
Feedline
10
2596.48900000
20
-2467.41000000
30
0.00000000
0
VERTEX
8
Feedline
10
2595.52700000
20
-2468.93600000
30
0.00000000
0
VERTEX
8
Feedline
10
2594.55700000
20
-2470.45900000
30
0.00000000
0
VERTEX
8
Feedline
10
2593.58200000
20
-2471.97700000
30
0.00000000
0
VERTEX
8
Feedline
10
2592.59900000
20
-2473.49000000
30
0.00000000
0
VERTEX
8
Feedline
10
2591.61000000
20
-2475.00000000
30
0.00000000
0
VERTEX
8
Feedline
10
2590.61400000
20
-2476.50500000
30
0.00000000
0
VERTEX
8
Feedline
10
2589.61100000
20
-2478.00600000
30
0.00000000
0
VERTEX
8
Feedline
10
2588.60100000
20
-2479.50200000
30
0.00000000
0
VERTEX
8
Feedline
10
2587.58000000
20
-2481.00200000
30
0.00000000
0
VERTEX
8
Feedline
10
2586.53900000
20
-2482.51700000
30
0.00000000
0
VERTEX
8
Feedline
10
2585.53400000
20
-2483.96400000
30
0.00000000
0
VERTEX
8
Feedline
10
2584.49800000
20
-2485.44200000
30
0.00000000
0
VERTEX
8
Feedline
10
2583.45600000
20
-2486.91600000
30
0.00000000
0
VERTEX
8
Feedline
10
2582.40800000
20
-2488.38500000
30
0.00000000
0
VERTEX
8
Feedline
10
2581.35200000
20
-2489.84900000
30
0.00000000
0
VERTEX
8
Feedline
10
2580.28700000
20
-2491.31200000
30
0.00000000
0
VERTEX
8
Feedline
10
2579.22300000
20
-2492.76400000
30
0.00000000
0
VERTEX
8
Feedline
10
2578.14800000
20
-2494.21400000
30
0.00000000
0
VERTEX
8
Feedline
10
2577.06800000
20
-2495.66000000
30
0.00000000
0
VERTEX
8
Feedline
10
2575.98100000
20
-2497.10000000
30
0.00000000
0
VERTEX
8
Feedline
10
2574.88700000
20
-2498.53600000
30
0.00000000
0
VERTEX
8
Feedline
10
2573.78800000
20
-2499.96800000
30
0.00000000
0
VERTEX
8
Feedline
10
2572.68100000
20
-2501.39400000
30
0.00000000
0
VERTEX
8
Feedline
10
2571.56900000
20
-2502.81500000
30
0.00000000
0
VERTEX
8
Feedline
10
2570.45000000
20
-2504.23100000
30
0.00000000
0
VERTEX
8
Feedline
10
2569.32500000
20
-2505.64300000
30
0.00000000
0
VERTEX
8
Feedline
10
2568.17700000
20
-2507.07000000
30
0.00000000
0
VERTEX
8
Feedline
10
2567.04700000
20
-2508.46300000
30
0.00000000
0
VERTEX
8
Feedline
10
2565.91400000
20
-2509.84700000
30
0.00000000
0
VERTEX
8
Feedline
10
2564.76300000
20
-2511.23900000
30
0.00000000
0
VERTEX
8
Feedline
10
2563.60800000
20
-2512.62500000
30
0.00000000
0
VERTEX
8
Feedline
10
2562.44200000
20
-2514.01100000
30
0.00000000
0
VERTEX
8
Feedline
10
2561.27800000
20
-2515.38200000
30
0.00000000
0
VERTEX
8
Feedline
10
2560.10400000
20
-2516.75300000
30
0.00000000
0
VERTEX
8
Feedline
10
2558.92500000
20
-2518.11900000
30
0.00000000
0
VERTEX
8
Feedline
10
2557.73900000
20
-2519.47900000
30
0.00000000
0
VERTEX
8
Feedline
10
2556.54600000
20
-2520.83400000
30
0.00000000
0
VERTEX
8
Feedline
10
2555.34800000
20
-2522.18400000
30
0.00000000
0
VERTEX
8
Feedline
10
2554.14400000
20
-2523.52900000
30
0.00000000
0
VERTEX
8
Feedline
10
2552.91700000
20
-2524.88700000
30
0.00000000
0
VERTEX
8
Feedline
10
2551.71900000
20
-2526.20300000
30
0.00000000
0
VERTEX
8
Feedline
10
2550.47200000
20
-2527.55700000
30
0.00000000
0
VERTEX
8
Feedline
10
2549.25400000
20
-2528.87100000
30
0.00000000
0
VERTEX
8
Feedline
10
2548.03600000
20
-2530.17200000
30
0.00000000
0
VERTEX
8
Feedline
10
2546.79700000
20
-2531.48400000
30
0.00000000
0
VERTEX
8
Feedline
10
2545.54400000
20
-2532.79900000
30
0.00000000
0
VERTEX
8
Feedline
10
2544.30200000
20
-2534.09300000
30
0.00000000
0
VERTEX
8
Feedline
10
2543.03700000
20
-2535.39600000
30
0.00000000
0
VERTEX
8
Feedline
10
2541.78400000
20
-2536.67800000
30
0.00000000
0
VERTEX
8
Feedline
10
2540.51200000
20
-2537.96700000
30
0.00000000
0
VERTEX
8
Feedline
10
2539.24200000
20
-2539.24200000
30
0.00000000
0
VERTEX
8
Feedline
10
2537.96300000
20
-2540.51600000
30
0.00000000
0
VERTEX
8
Feedline
10
2536.67800000
20
-2541.78400000
30
0.00000000
0
VERTEX
8
Feedline
10
2535.36100000
20
-2543.07100000
30
0.00000000
0
VERTEX
8
Feedline
10
2534.09300000
20
-2544.30200000
30
0.00000000
0
VERTEX
8
Feedline
10
2532.78100000
20
-2545.56100000
30
0.00000000
0
VERTEX
8
Feedline
10
2531.48400000
20
-2546.79700000
30
0.00000000
0
VERTEX
8
Feedline
10
2530.16100000
20
-2548.04700000
30
0.00000000
0
VERTEX
8
Feedline
10
2528.85400000
20
-2549.27000000
30
0.00000000
0
VERTEX
8
Feedline
10
2527.53100000
20
-2550.49700000
30
0.00000000
0
VERTEX
8
Feedline
10
2526.20300000
20
-2551.71900000
30
0.00000000
0
VERTEX
8
Feedline
10
2524.86900000
20
-2552.93400000
30
0.00000000
0
VERTEX
8
Feedline
10
2523.52900000
20
-2554.14400000
30
0.00000000
0
VERTEX
8
Feedline
10
2522.16600000
20
-2555.36500000
30
0.00000000
0
VERTEX
8
Feedline
10
2520.83400000
20
-2556.54600000
30
0.00000000
0
VERTEX
8
Feedline
10
2519.47900000
20
-2557.73900000
30
0.00000000
0
VERTEX
8
Feedline
10
2518.11900000
20
-2558.92500000
30
0.00000000
0
VERTEX
8
Feedline
10
2516.75300000
20
-2560.10400000
30
0.00000000
0
VERTEX
8
Feedline
10
2515.38200000
20
-2561.27800000
30
0.00000000
0
VERTEX
8
Feedline
10
2514.00600000
20
-2562.44600000
30
0.00000000
0
VERTEX
8
Feedline
10
2512.62500000
20
-2563.60800000
30
0.00000000
0
VERTEX
8
Feedline
10
2511.23900000
20
-2564.76300000
30
0.00000000
0
VERTEX
8
Feedline
10
2509.84700000
20
-2565.91400000
30
0.00000000
0
VERTEX
8
Feedline
10
2508.43400000
20
-2567.07000000
30
0.00000000
0
VERTEX
8
Feedline
10
2507.04900000
20
-2568.19400000
30
0.00000000
0
VERTEX
8
Feedline
10
2505.64300000
20
-2569.32500000
30
0.00000000
0
VERTEX
8
Feedline
10
2504.18300000
20
-2570.48800000
30
0.00000000
0
VERTEX
8
Feedline
10
2502.75400000
20
-2571.61700000
30
0.00000000
0
VERTEX
8
Feedline
10
2501.39400000
20
-2572.68100000
30
0.00000000
0
VERTEX
8
Feedline
10
2499.96800000
20
-2573.78800000
30
0.00000000
0
VERTEX
8
Feedline
10
2498.53600000
20
-2574.88700000
30
0.00000000
0
VERTEX
8
Feedline
10
2497.10000000
20
-2575.98100000
30
0.00000000
0
VERTEX
8
Feedline
10
2495.66000000
20
-2577.06800000
30
0.00000000
0
VERTEX
8
Feedline
10
2494.21400000
20
-2578.14800000
30
0.00000000
0
VERTEX
8
Feedline
10
2492.76400000
20
-2579.22300000
30
0.00000000
0
VERTEX
8
Feedline
10
2491.30800000
20
-2580.29000000
30
0.00000000
0
VERTEX
8
Feedline
10
2489.84900000
20
-2581.35200000
30
0.00000000
0
VERTEX
8
Feedline
10
2488.38500000
20
-2582.40800000
30
0.00000000
0
VERTEX
8
Feedline
10
2486.91600000
20
-2583.45600000
30
0.00000000
0
VERTEX
8
Feedline
10
2485.44200000
20
-2584.49800000
30
0.00000000
0
VERTEX
8
Feedline
10
2483.96400000
20
-2585.53400000
30
0.00000000
0
VERTEX
8
Feedline
10
2482.48100000
20
-2586.56300000
30
0.00000000
0
VERTEX
8
Feedline
10
2480.99400000
20
-2587.58500000
30
0.00000000
0
VERTEX
8
Feedline
10
2479.50200000
20
-2588.60100000
30
0.00000000
0
VERTEX
8
Feedline
10
2478.00600000
20
-2589.61100000
30
0.00000000
0
VERTEX
8
Feedline
10
2476.50500000
20
-2590.61400000
30
0.00000000
0
VERTEX
8
Feedline
10
2475.00000000
20
-2591.61000000
30
0.00000000
0
VERTEX
8
Feedline
10
2473.49000000
20
-2592.59900000
30
0.00000000
0
VERTEX
8
Feedline
10
2471.97700000
20
-2593.58200000
30
0.00000000
0
VERTEX
8
Feedline
10
2470.45900000
20
-2594.55700000
30
0.00000000
0
VERTEX
8
Feedline
10
2468.93600000
20
-2595.52700000
30
0.00000000
0
VERTEX
8
Feedline
10
2467.40400000
20
-2596.49300000
30
0.00000000
0
VERTEX
8
Feedline
10
2465.87800000
20
-2597.44500000
30
0.00000000
0
VERTEX
8
Feedline
10
2464.34300000
20
-2598.39500000
30
0.00000000
0
VERTEX
8
Feedline
10
2462.80400000
20
-2599.33700000
30
0.00000000
0
VERTEX
8
Feedline
10
2461.26100000
20
-2600.27300000
30
0.00000000
0
VERTEX
8
Feedline
10
2459.71300000
20
-2601.20100000
30
0.00000000
0
VERTEX
8
Feedline
10
2458.16100000
20
-2602.12300000
30
0.00000000
0
VERTEX
8
Feedline
10
2456.60500000
20
-2603.03800000
30
0.00000000
0
VERTEX
8
Feedline
10
2455.04600000
20
-2603.94600000
30
0.00000000
0
VERTEX
8
Feedline
10
2453.48200000
20
-2604.84700000
30
0.00000000
0
VERTEX
8
Feedline
10
2451.91500000
20
-2605.74200000
30
0.00000000
0
VERTEX
8
Feedline
10
2450.34200000
20
-2606.63000000
30
0.00000000
0
VERTEX
8
Feedline
10
2448.76700000
20
-2607.51000000
30
0.00000000
0
VERTEX
8
Feedline
10
2447.15400000
20
-2608.40200000
30
0.00000000
0
VERTEX
8
Feedline
10
2445.55800000
20
-2609.27600000
30
0.00000000
0
VERTEX
8
Feedline
10
2444.00500000
20
-2610.11700000
30
0.00000000
0
VERTEX
8
Feedline
10
2442.41000000
20
-2610.97100000
30
0.00000000
0
VERTEX
8
Feedline
10
2440.83200000
20
-2611.80800000
30
0.00000000
0
VERTEX
8
Feedline
10
2439.23400000
20
-2612.64600000
30
0.00000000
0
VERTEX
8
Feedline
10
2437.63200000
20
-2613.47700000
30
0.00000000
0
VERTEX
8
Feedline
10
2436.02700000
20
-2614.30300000
30
0.00000000
0
VERTEX
8
Feedline
10
2434.41800000
20
-2615.12000000
30
0.00000000
0
VERTEX
8
Feedline
10
2432.80400000
20
-2615.93000000
30
0.00000000
0
VERTEX
8
Feedline
10
2431.18800000
20
-2616.73300000
30
0.00000000
0
VERTEX
8
Feedline
10
2429.56800000
20
-2617.52900000
30
0.00000000
0
VERTEX
8
Feedline
10
2427.94500000
20
-2618.31700000
30
0.00000000
0
VERTEX
8
Feedline
10
2426.31800000
20
-2619.09900000
30
0.00000000
0
VERTEX
8
Feedline
10
2424.68700000
20
-2619.87300000
30
0.00000000
0
VERTEX
8
Feedline
10
2423.05400000
20
-2620.64000000
30
0.00000000
0
VERTEX
8
Feedline
10
2421.41700000
20
-2621.40000000
30
0.00000000
0
VERTEX
8
Feedline
10
2419.77600000
20
-2622.15300000
30
0.00000000
0
VERTEX
8
Feedline
10
2418.13300000
20
-2622.89900000
30
0.00000000
0
VERTEX
8
Feedline
10
2416.44200000
20
-2623.65600000
30
0.00000000
0
VERTEX
8
Feedline
10
2414.83500000
20
-2624.36800000
30
0.00000000
0
VERTEX
8
Feedline
10
2413.18200000
20
-2625.09200000
30
0.00000000
0
VERTEX
8
Feedline
10
2411.52600000
20
-2625.80800000
30
0.00000000
0
VERTEX
8
Feedline
10
2409.86600000
20
-2626.51700000
30
0.00000000
0
VERTEX
8
Feedline
10
2408.20200000
20
-2627.21800000
30
0.00000000
0
VERTEX
8
Feedline
10
2406.53700000
20
-2627.91300000
30
0.00000000
0
VERTEX
8
Feedline
10
2404.86800000
20
-2628.60000000
30
0.00000000
0
VERTEX
8
Feedline
10
2403.19600000
20
-2629.27900000
30
0.00000000
0
VERTEX
8
Feedline
10
2401.52100000
20
-2629.95100000
30
0.00000000
0
VERTEX
8
Feedline
10
2399.84200000
20
-2630.61700000
30
0.00000000
0
VERTEX
8
Feedline
10
2398.16200000
20
-2631.27500000
30
0.00000000
0
VERTEX
8
Feedline
10
2396.47800000
20
-2631.92400000
30
0.00000000
0
VERTEX
8
Feedline
10
2394.79200000
20
-2632.56700000
30
0.00000000
0
VERTEX
8
Feedline
10
2393.10200000
20
-2633.20200000
30
0.00000000
0
VERTEX
8
Feedline
10
2391.41000000
20
-2633.83000000
30
0.00000000
0
VERTEX
8
Feedline
10
2389.71500000
20
-2634.45000000
30
0.00000000
0
VERTEX
8
Feedline
10
2388.01700000
20
-2635.06200000
30
0.00000000
0
VERTEX
8
Feedline
10
2386.31700000
20
-2635.66800000
30
0.00000000
0
VERTEX
8
Feedline
10
2384.61300000
20
-2636.26500000
30
0.00000000
0
VERTEX
8
Feedline
10
2382.87000000
20
-2636.86800000
30
0.00000000
0
VERTEX
8
Feedline
10
2381.20000000
20
-2637.43800000
30
0.00000000
0
VERTEX
8
Feedline
10
2379.48900000
20
-2638.01300000
30
0.00000000
0
VERTEX
8
Feedline
10
2377.77600000
20
-2638.58100000
30
0.00000000
0
VERTEX
8
Feedline
10
2376.06000000
20
-2639.14100000
30
0.00000000
0
VERTEX
8
Feedline
10
2374.34200000
20
-2639.69400000
30
0.00000000
0
VERTEX
8
Feedline
10
2372.62100000
20
-2640.23900000
30
0.00000000
0
VERTEX
8
Feedline
10
2370.89800000
20
-2640.77600000
30
0.00000000
0
VERTEX
8
Feedline
10
2369.17300000
20
-2641.30500000
30
0.00000000
0
VERTEX
8
Feedline
10
2367.44500000
20
-2641.82700000
30
0.00000000
0
VERTEX
8
Feedline
10
2365.71500000
20
-2642.34200000
30
0.00000000
0
VERTEX
8
Feedline
10
2363.98300000
20
-2642.84800000
30
0.00000000
0
VERTEX
8
Feedline
10
2362.22700000
20
-2643.35300000
30
0.00000000
0
VERTEX
8
Feedline
10
2360.48500000
20
-2643.84700000
30
0.00000000
0
VERTEX
8
Feedline
10
2358.77200000
20
-2644.32300000
30
0.00000000
0
VERTEX
8
Feedline
10
2357.03200000
20
-2644.79900000
30
0.00000000
0
VERTEX
8
Feedline
10
2355.28900000
20
-2645.26700000
30
0.00000000
0
VERTEX
8
Feedline
10
2353.54400000
20
-2645.72800000
30
0.00000000
0
VERTEX
8
Feedline
10
2351.79600000
20
-2646.18100000
30
0.00000000
0
VERTEX
8
Feedline
10
2350.04700000
20
-2646.62600000
30
0.00000000
0
VERTEX
8
Feedline
10
2348.29600000
20
-2647.06400000
30
0.00000000
0
VERTEX
8
Feedline
10
2346.54400000
20
-2647.49400000
30
0.00000000
0
VERTEX
8
Feedline
10
2344.78900000
20
-2647.91600000
30
0.00000000
0
VERTEX
8
Feedline
10
2343.01800000
20
-2648.33400000
30
0.00000000
0
VERTEX
8
Feedline
10
2341.27300000
20
-2648.73700000
30
0.00000000
0
VERTEX
8
Feedline
10
2339.51300000
20
-2649.13600000
30
0.00000000
0
VERTEX
8
Feedline
10
2337.75200000
20
-2649.52700000
30
0.00000000
0
VERTEX
8
Feedline
10
2335.98800000
20
-2649.91000000
30
0.00000000
0
VERTEX
8
Feedline
10
2334.22200000
20
-2650.28600000
30
0.00000000
0
VERTEX
8
Feedline
10
2332.45500000
20
-2650.65300000
30
0.00000000
0
VERTEX
8
Feedline
10
2330.68700000
20
-2651.01300000
30
0.00000000
0
VERTEX
8
Feedline
10
2328.91700000
20
-2651.36500000
30
0.00000000
0
VERTEX
8
Feedline
10
2327.13600000
20
-2651.71100000
30
0.00000000
0
VERTEX
8
Feedline
10
2325.37100000
20
-2652.04600000
30
0.00000000
0
VERTEX
8
Feedline
10
2323.59700000
20
-2652.37500000
30
0.00000000
0
VERTEX
8
Feedline
10
2321.82100000
20
-2652.69500000
30
0.00000000
0
VERTEX
8
Feedline
10
2320.04400000
20
-2653.00800000
30
0.00000000
0
VERTEX
8
Feedline
10
2318.26400000
20
-2653.31300000
30
0.00000000
0
VERTEX
8
Feedline
10
2316.48400000
20
-2653.61100000
30
0.00000000
0
VERTEX
8
Feedline
10
2314.70300000
20
-2653.90000000
30
0.00000000
0
VERTEX
8
Feedline
10
2312.92000000
20
-2654.18200000
30
0.00000000
0
VERTEX
8
Feedline
10
2311.13500000
20
-2654.45500000
30
0.00000000
0
VERTEX
8
Feedline
10
2309.35000000
20
-2654.72100000
30
0.00000000
0
VERTEX
8
Feedline
10
2307.56400000
20
-2654.98000000
30
0.00000000
0
VERTEX
8
Feedline
10
2305.77700000
20
-2655.23000000
30
0.00000000
0
VERTEX
8
Feedline
10
2303.98900000
20
-2655.47200000
30
0.00000000
0
VERTEX
8
Feedline
10
2302.19800000
20
-2655.70600000
30
0.00000000
0
VERTEX
8
Feedline
10
2300.40800000
20
-2655.93300000
30
0.00000000
0
VERTEX
8
Feedline
10
2298.59300000
20
-2656.15300000
30
0.00000000
0
VERTEX
8
Feedline
10
2296.82400000
20
-2656.36200000
30
0.00000000
0
VERTEX
8
Feedline
10
2295.03100000
20
-2656.56400000
30
0.00000000
0
VERTEX
8
Feedline
10
2293.23600000
20
-2656.75900000
30
0.00000000
0
VERTEX
8
Feedline
10
2291.44100000
20
-2656.94600000
30
0.00000000
0
VERTEX
8
Feedline
10
2289.64500000
20
-2657.12500000
30
0.00000000
0
VERTEX
8
Feedline
10
2287.84800000
20
-2657.29500000
30
0.00000000
0
VERTEX
8
Feedline
10
2286.05000000
20
-2657.45800000
30
0.00000000
0
VERTEX
8
Feedline
10
2284.25200000
20
-2657.61400000
30
0.00000000
0
VERTEX
8
Feedline
10
2282.45400000
20
-2657.76100000
30
0.00000000
0
VERTEX
8
Feedline
10
2280.65400000
20
-2657.90000000
30
0.00000000
0
VERTEX
8
Feedline
10
2278.85400000
20
-2658.03100000
30
0.00000000
0
VERTEX
8
Feedline
10
2277.05300000
20
-2658.15500000
30
0.00000000
0
VERTEX
8
Feedline
10
2275.25200000
20
-2658.27000000
30
0.00000000
0
VERTEX
8
Feedline
10
2273.45100000
20
-2658.37700000
30
0.00000000
0
VERTEX
8
Feedline
10
2271.64900000
20
-2658.47700000
30
0.00000000
0
VERTEX
8
Feedline
10
2269.84500000
20
-2658.56800000
30
0.00000000
0
VERTEX
8
Feedline
10
2268.04300000
20
-2658.65200000
30
0.00000000
0
VERTEX
8
Feedline
10
2266.24000000
20
-2658.72800000
30
0.00000000
0
VERTEX
8
Feedline
10
2264.43600000
20
-2658.79500000
30
0.00000000
0
VERTEX
8
Feedline
10
2262.63300000
20
-2658.85500000
30
0.00000000
0
VERTEX
8
Feedline
10
2260.82800000
20
-2658.90700000
30
0.00000000
0
VERTEX
8
Feedline
10
2259.02400000
20
-2658.95000000
30
0.00000000
0
VERTEX
8
Feedline
10
2257.21900000
20
-2658.98600000
30
0.00000000
0
VERTEX
8
Feedline
10
2255.41500000
20
-2659.01400000
30
0.00000000
0
VERTEX
8
Feedline
10
2253.60900000
20
-2659.03400000
30
0.00000000
0
VERTEX
8
Feedline
10
2251.80500000
20
-2659.04600000
30
0.00000000
0
VERTEX
8
Feedline
10
2250.00000000
20
-2659.05000000
30
0.00000000
0
VERTEX
8
Feedline
10
2163.74300000
20
-2659.05000000
30
0.00000000
0
VERTEX
8
Feedline
10
2162.87300000
20
-2659.04600000
30
0.00000000
0
VERTEX
8
Feedline
10
2162.00300000
20
-2659.03500000
30
0.00000000
0
VERTEX
8
Feedline
10
2161.13400000
20
-2659.01600000
30
0.00000000
0
VERTEX
8
Feedline
10
2160.26400000
20
-2658.99000000
30
0.00000000
0
VERTEX
8
Feedline
10
2159.39500000
20
-2658.95600000
30
0.00000000
0
VERTEX
8
Feedline
10
2158.52600000
20
-2658.91400000
30
0.00000000
0
VERTEX
8
Feedline
10
2157.65800000
20
-2658.86500000
30
0.00000000
0
VERTEX
8
Feedline
10
2156.79100000
20
-2658.80800000
30
0.00000000
0
VERTEX
8
Feedline
10
2155.92300000
20
-2658.74400000
30
0.00000000
0
VERTEX
8
Feedline
10
2155.05600000
20
-2658.67200000
30
0.00000000
0
VERTEX
8
Feedline
10
2154.18900000
20
-2658.59300000
30
0.00000000
0
VERTEX
8
Feedline
10
2153.32400000
20
-2658.50600000
30
0.00000000
0
VERTEX
8
Feedline
10
2152.45900000
20
-2658.41200000
30
0.00000000
0
VERTEX
8
Feedline
10
2151.59600000
20
-2658.31000000
30
0.00000000
0
VERTEX
8
Feedline
10
2150.73300000
20
-2658.20100000
30
0.00000000
0
VERTEX
8
Feedline
10
2149.87100000
20
-2658.08400000
30
0.00000000
0
VERTEX
8
Feedline
10
2113.66800000
20
-2653.01600000
30
0.00000000
0
VERTEX
8
Feedline
10
2112.80700000
20
-2652.89900000
30
0.00000000
0
VERTEX
8
Feedline
10
2111.94600000
20
-2652.79000000
30
0.00000000
0
VERTEX
8
Feedline
10
2111.08200000
20
-2652.68800000
30
0.00000000
0
VERTEX
8
Feedline
10
2110.21900000
20
-2652.59400000
30
0.00000000
0
VERTEX
8
Feedline
10
2109.35400000
20
-2652.50700000
30
0.00000000
0
VERTEX
8
Feedline
10
2108.48900000
20
-2652.42800000
30
0.00000000
0
VERTEX
8
Feedline
10
2107.62300000
20
-2652.35600000
30
0.00000000
0
VERTEX
8
Feedline
10
2106.75700000
20
-2652.29200000
30
0.00000000
0
VERTEX
8
Feedline
10
2105.88900000
20
-2652.23500000
30
0.00000000
0
VERTEX
8
Feedline
10
2105.02100000
20
-2652.18600000
30
0.00000000
0
VERTEX
8
Feedline
10
2104.15400000
20
-2652.14400000
30
0.00000000
0
VERTEX
8
Feedline
10
2103.28500000
20
-2652.11000000
30
0.00000000
0
VERTEX
8
Feedline
10
2102.41700000
20
-2652.08400000
30
0.00000000
0
VERTEX
8
Feedline
10
2101.54800000
20
-2652.06500000
30
0.00000000
0
VERTEX
8
Feedline
10
2100.68000000
20
-2652.05400000
30
0.00000000
0
VERTEX
8
Feedline
10
2099.81100000
20
-2652.05000000
30
0.00000000
0
VERTEX
8
Feedline
10
1927.57700000
20
-2652.05000000
30
0.00000000
0
SEQEND
8
Feedline
0
POLYLINE
8
Feedline
66
1
10
0.00000000
20
0.00000000
30
0.00000000
70
1
0
VERTEX
8
Feedline
10
-2999.95000000
20
-2999.95000000
30
0.00000000
0
VERTEX
8
Feedline
10
-2900.05000000
20
-2999.95000000
30
0.00000000
0
VERTEX
8
Feedline
10
-2900.05000000
20
-2900.05000000
30
0.00000000
0
VERTEX
8
Feedline
10
-2999.95000000
20
-2900.05000000
30
0.00000000
0
SEQEND
8
Feedline
0
POLYLINE
8
Feedline
66
1
10
0.00000000
20
0.00000000
30
0.00000000
70
1
0
VERTEX
8
Feedline
10
-2999.95000000
20
2900.05000000
30
0.00000000
0
VERTEX
8
Feedline
10
-2900.05000000
20
2900.05000000
30
0.00000000
0
VERTEX
8
Feedline
10
-2900.05000000
20
2999.95000000
30
0.00000000
0
VERTEX
8
Feedline
10
-2999.95000000
20
2999.95000000
30
0.00000000
0
SEQEND
8
Feedline
0
POLYLINE
8
Feedline
66
1
10
0.00000000
20
0.00000000
30
0.00000000
70
1
0
VERTEX
8
Feedline
10
-2788.07800000
20
631.32900000
30
0.00000000
0
VERTEX
8
Feedline
10
394.53800000
20
-2551.28800000
30
0.00000000
0
VERTEX
8
Feedline
10
405.07400000
20
-2540.75200000
30
0.00000000
0
VERTEX
8
Feedline
10
-2777.54300000
20
641.86500000
30
0.00000000
0
VERTEX
8
Feedline
10
-2780.30000000
20
639.10700000
30
0.00000000
0
VERTEX
8
Feedline
10
401.68100000
20
-2542.87300000
30
0.00000000
0
VERTEX
8
Feedline
10
396.66000000
20
-2547.89400000
30
0.00000000
0
VERTEX
8
Feedline
10
-2785.32100000
20
634.08600000
30
0.00000000
0
SEQEND
8
Feedline
0
POLYLINE
8
Feedline
66
1
10
0.00000000
20
0.00000000
30
0.00000000
70
1
0
VERTEX
8
Feedline
10
-2788.07800000
20
984.88200000
30
0.00000000
0
VERTEX
8
Feedline
10
748.09200000
20
-2551.28800000
30
0.00000000
0
VERTEX
8
Feedline
10
758.62700000
20
-2540.75200000
30
0.00000000
0
VERTEX
8
Feedline
10
-2777.54300000
20
995.41800000
30
0.00000000
0
VERTEX
8
Feedline
10
-2780.30000000
20
992.66100000
30
0.00000000
0
VERTEX
8
Feedline
10
755.23400000
20
-2542.87300000
30
0.00000000
0
VERTEX
8
Feedline
10
750.21300000
20
-2547.89400000
30
0.00000000
0
VERTEX
8
Feedline
10
-2785.32100000
20
987.64000000
30
0.00000000
0
SEQEND
8
Feedline
0
POLYLINE
8
Feedline
66
1
10
0.00000000
20
0.00000000
30
0.00000000
70
1
0
VERTEX
8
Feedline
10
-2788.07800000
20
1338.43600000
30
0.00000000
0
VERTEX
8
Feedline
10
1101.64500000
20
-2551.28800000
30
0.00000000
0
VERTEX
8
Feedline
10
1112.18100000
20
-2540.75200000
30
0.00000000
0
VERTEX
8
Feedline
10
-2777.54300000
20
1348.97100000
30
0.00000000
0
VERTEX
8
Feedline
10
-2780.30000000
20
1346.21400000
30
0.00000000
0
VERTEX
8
Feedline
10
1108.78700000
20
-2542.87300000
30
0.00000000
0
VERTEX
8
Feedline
10
1103.76700000
20
-2547.89400000
30
0.00000000
0
VERTEX
8
Feedline
10
-2785.32100000
20
1341.19300000
30
0.00000000
0
SEQEND
8
Feedline
0
POLYLINE
8
Feedline
66
1
10
0.00000000
20
0.00000000
30
0.00000000
70
1
0
VERTEX
8
Feedline
10
-2788.07800000
20
1691.98900000
30
0.00000000
0
VERTEX
8
Feedline
10
1455.19900000
20
-2551.28800000
30
0.00000000
0
VERTEX
8
Feedline
10
1465.73400000
20
-2540.75200000
30
0.00000000
0
VERTEX
8
Feedline
10
-2777.54300000
20
1702.52500000
30
0.00000000
0
VERTEX
8
Feedline
10
-2780.30000000
20
1699.76700000
30
0.00000000
0
VERTEX
8
Feedline
10
1462.34100000
20
-2542.87300000
30
0.00000000
0
VERTEX
8
Feedline
10
1457.32000000
20
-2547.89400000
30
0.00000000
0
VERTEX
8
Feedline
10
-2785.32100000
20
1694.74700000
30
0.00000000
0
SEQEND
8
Feedline
0
POLYLINE
8
Feedline
66
1
10
0.00000000
20
0.00000000
30
0.00000000
70
1
0
VERTEX
8
Feedline
10
-2788.07800000
20
2045.54300000
30
0.00000000
0
VERTEX
8
Feedline
10
1808.75200000
20
-2551.28800000
30
0.00000000
0
VERTEX
8
Feedline
10
1819.28800000
20
-2540.75200000
30
0.00000000
0
VERTEX
8
Feedline
10
-2777.54300000
20
2056.07800000
30
0.00000000
0
VERTEX
8
Feedline
10
-2780.30000000
20
2053.32100000
30
0.00000000
0
VERTEX
8
Feedline
10
1815.89400000
20
-2542.87300000
30
0.00000000
0
VERTEX
8
Feedline
10
1810.87300000
20
-2547.89400000
30
0.00000000
0
VERTEX
8
Feedline
10
-2785.32100000
20
2048.30000000
30
0.00000000
0
SEQEND
8
Feedline
0
POLYLINE
8
Feedline
66
1
10
0.00000000
20
0.00000000
30
0.00000000
70
1
0
VERTEX
8
Feedline
10
-2399.25300000
20
-2999.95000000
30
0.00000000
0
VERTEX
8
Feedline
10
-1999.35300000
20
-2999.95000000
30
0.00000000
0
VERTEX
8
Feedline
10
-1999.35300000
20
-2760.05000000
30
0.00000000
0
VERTEX
8
Feedline
10
-2196.85300000
20
-2760.05000000
30
0.00000000
0
VERTEX
8
Feedline
10
-2196.85300000
20
-2779.95000000
30
0.00000000
0
VERTEX
8
Feedline
10
-2019.25300000
20
-2779.95000000
30
0.00000000
0
VERTEX
8
Feedline
10
-2019.25300000
20
-2980.05000000
30
0.00000000
0
VERTEX
8
Feedline
10
-2196.85300000
20
-2980.05000000
30
0.00000000
0
VERTEX
8
Feedline
10
-2196.85300000
20
-2760.05000000
30
0.00000000
0
VERTEX
8
Feedline
10
-2379.35300000
20
-2760.05000000
30
0.00000000
0
VERTEX
8
Feedline
10
-2379.35300000
20
-2779.95000000
30
0.00000000
0
VERTEX
8
Feedline
10
-2201.75300000
20
-2779.95000000
30
0.00000000
0
VERTEX
8
Feedline
10
-2201.75300000
20
-2980.05000000
30
0.00000000
0
VERTEX
8
Feedline
10
-2379.35300000
20
-2980.05000000
30
0.00000000
0
VERTEX
8
Feedline
10
-2379.35300000
20
-2760.05000000
30
0.00000000
0
VERTEX
8
Feedline
10
-2399.25300000
20
-2760.05000000
30
0.00000000
0
SEQEND
8
Feedline
0
POLYLINE
8
Feedline
66
1
10
0.00000000
20
0.00000000
30
0.00000000
70
1
0
VERTEX
8
Feedline
10
-1879.30100000
20
2600.76600000
30
0.00000000
0
VERTEX
8
Feedline
10
2540.75200000
20
-1819.28800000
30
0.00000000
0
VERTEX
8
Feedline
10
2551.28800000
20
-1808.75200000
30
0.00000000
0
VERTEX
8
Feedline
10
-1868.76600000
20
2611.30100000
30
0.00000000
0
VERTEX
8
Feedline
10
-1871.52300000
20
2608.54400000
30
0.00000000
0
VERTEX
8
Feedline
10
2547.89400000
20
-1810.87300000
30
0.00000000
0
VERTEX
8
Feedline
10
2542.87300000
20
-1815.89400000
30
0.00000000
0
VERTEX
8
Feedline
10
-1876.54400000
20
2603.52300000
30
0.00000000
0
SEQEND
8
Feedline
0
POLYLINE
8
Feedline
66
1
10
0.00000000
20
0.00000000
30
0.00000000
70
1
0
VERTEX
8
Feedline
10
-1525.74800000
20
2600.76600000
30
0.00000000
0
VERTEX
8
Feedline
10
2540.75200000
20
-1465.73400000
30
0.00000000
0
VERTEX
8
Feedline
10
2551.28800000
20
-1455.19900000
30
0.00000000
0
VERTEX
8
Feedline
10
-1515.21200000
20
2611.30100000
30
0.00000000
0
VERTEX
8
Feedline
10
-1517.97000000
20
2608.54400000
30
0.00000000
0
VERTEX
8
Feedline
10
2547.89400000
20
-1457.32000000
30
0.00000000
0
VERTEX
8
Feedline
10
2542.87300000
20
-1462.34100000
30
0.00000000
0
VERTEX
8
Feedline
10
-1522.99100000
20
2603.52300000
30
0.00000000
0
SEQEND
8
Feedline
0
POLYLINE
8
Feedline
66
1
10
0.00000000
20
0.00000000
30
0.00000000
70
1
0
VERTEX
8
Feedline
10
-1172.19500000
20
2600.76600000
30
0.00000000
0
VERTEX
8
Feedline
10
2540.75200000
20
-1112.18100000
30
0.00000000
0
VERTEX
8
Feedline
10
2551.28800000
20
-1101.64500000
30
0.00000000
0
VERTEX
8
Feedline
10
-1161.65900000
20
2611.30100000
30
0.00000000
0
VERTEX
8
Feedline
10
-1164.41700000
20
2608.54400000
30
0.00000000
0
VERTEX
8
Feedline
10
2547.89400000
20
-1103.76700000
30
0.00000000
0
VERTEX
8
Feedline
10
2542.87300000
20
-1108.78700000
30
0.00000000
0
VERTEX
8
Feedline
10
-1169.43700000
20
2603.52300000
30
0.00000000
0
SEQEND
8
Feedline
0
POLYLINE
8
Feedline
66
1
10
0.00000000
20
0.00000000
30
0.00000000
70
1
0
VERTEX
8
Feedline
10
-818.64100000
20
2600.76600000
30
0.00000000
0
VERTEX
8
Feedline
10
2540.75200000
20
-758.62700000
30
0.00000000
0
VERTEX
8
Feedline
10
2551.28800000
20
-748.09200000
30
0.00000000
0
VERTEX
8
Feedline
10
-808.10600000
20
2611.30100000
30
0.00000000
0
VERTEX
8
Feedline
10
-810.86300000
20
2608.54400000
30
0.00000000
0
VERTEX
8
Feedline
10
2547.89400000
20
-750.21300000
30
0.00000000
0
VERTEX
8
Feedline
10
2542.87300000
20
-755.23400000
30
0.00000000
0
VERTEX
8
Feedline
10
-815.88400000
20
2603.52300000
30
0.00000000
0
SEQEND
8
Feedline
0
POLYLINE
8
Feedline
66
1
10
0.00000000
20
0.00000000
30
0.00000000
70
1
0
VERTEX
8
Feedline
10
-465.08800000
20
2600.76600000
30
0.00000000
0
VERTEX
8
Feedline
10
2540.75200000
20
-405.07400000
30
0.00000000
0
VERTEX
8
Feedline
10
2551.28800000
20
-394.53800000
30
0.00000000
0
VERTEX
8
Feedline
10
-454.55200000
20
2611.30100000
30
0.00000000
0
VERTEX
8
Feedline
10
-457.31000000
20
2608.54400000
30
0.00000000
0
VERTEX
8
Feedline
10
2547.89400000
20
-396.66000000
30
0.00000000
0
VERTEX
8
Feedline
10
2542.87300000
20
-401.68100000
30
0.00000000
0
VERTEX
8
Feedline
10
-462.33000000
20
2603.52300000
30
0.00000000
0
SEQEND
8
Feedline
0
POLYLINE
8
Feedline
66
1
10
0.00000000
20
0.00000000
30
0.00000000
70
1
0
VERTEX
8
Feedline
10
-435.88200000
20
253.88400000
30
0.00000000
0
VERTEX
8
Feedline
10
-405.28900000
20
223.17700000
30
0.00000000
0
VERTEX
8
Feedline
10
-422.13300000
20
206.33400000
30
0.00000000
0
VERTEX
8
Feedline
10
-413.60900000
20
197.69700000
30
0.00000000
0
VERTEX
8
Feedline
10
-396.65200000
20
214.65500000
30
0.00000000
0
VERTEX
8
Feedline
10
-387.14200000
20
205.03000000
30
0.00000000
0
VERTEX
8
Feedline
10
-379.19200000
20
212.97900000
30
0.00000000
0
VERTEX
8
Feedline
10
-388.70200000
20
222.49000000
30
0.00000000
0
VERTEX
8
Feedline
10
-342.98500000
20
268.32100000
30
0.00000000
0
VERTEX
8
Feedline
10
-350.03500000
20
275.37100000
30
0.00000000
0
VERTEX
8
Feedline
10
-419.52600000
20
263.33000000
30
0.00000000
0
VERTEX
8
Feedline
10
-419.52600000
20
253.31400000
30
0.00000000
0
VERTEX
8
Feedline
10
-419.51500000
20
253.35100000
30
0.00000000
0
VERTEX
8
Feedline
10
-365.43700000
20
263.11100000
30
0.00000000
0
VERTEX
8
Feedline
10
-365.40900000
20
263.05700000
30
0.00000000
0
VERTEX
8
Feedline
10
-397.33900000
20
231.12700000
30
0.00000000
0
VERTEX
8
Feedline
10
-419.52600000
20
253.31400000
30
0.00000000
0
VERTEX
8
Feedline
10
-419.52600000
20
263.33000000
30
0.00000000
0
VERTEX
8
Feedline
10
-428.02200000
20
261.85800000
30
0.00000000
0
SEQEND
8
Feedline
0
POLYLINE
8
Feedline
66
1
10
0.00000000
20
0.00000000
30
0.00000000
70
1
0
VERTEX
8
Feedline
10
-396.23200000
20
180.31800000
30
0.00000000
0
VERTEX
8
Feedline
10
-349.56000000
20
133.64700000
30
0.00000000
0
VERTEX
8
Feedline
10
-341.26600000
20
141.94000000
30
0.00000000
0
VERTEX
8
Feedline
10
-375.98500000
20
176.54400000
30
0.00000000
0
VERTEX
8
Feedline
10
-375.97800000
20
176.57400000
30
0.00000000
0
VERTEX
8
Feedline
10
-375.23600000
20
176.82100000
30
0.00000000
0
VERTEX
8
Feedline
10
-367.43600000
20
177.73900000
30
0.00000000
0
VERTEX
8
Feedline
10
-365.60000000
20
177.73900000
30
0.00000000
0
VERTEX
8
Feedline
10
-358.72300000
20
177.39500000
30
0.00000000
0
VERTEX
8
Feedline
10
-348.63800000
20
176.59300000
30
0.00000000
0
VERTEX
8
Feedline
10
-345.31500000
20
176.24900000
30
0.00000000
0
VERTEX
8
Feedline
10
-336.26500000
20
175.67700000
30
0.00000000
0
VERTEX
8
Feedline
10
-328.70400000
20
175.44700000
30
0.00000000
0
VERTEX
8
Feedline
10
-322.75200000
20
175.56200000
30
0.00000000
0
VERTEX
8
Feedline
10
-315.31000000
20
176.47800000
30
0.00000000
0
VERTEX
8
Feedline
10
-308.44300000
20
178.42300000
30
0.00000000
0
VERTEX
8
Feedline
10
-304.44200000
20
180.36700000
30
0.00000000
0
VERTEX
8
Feedline
10
-298.37800000
20
185.05800000
30
0.00000000
0
VERTEX
8
Feedline
10
-294.03200000
20
190.66100000
30
0.00000000
0
VERTEX
8
Feedline
10
-291.17300000
20
197.41000000
30
0.00000000
0
VERTEX
8
Feedline
10
-290.37200000
20
204.96200000
30
0.00000000
0
VERTEX
8
Feedline
10
-290.37200000
20
206.67200000
30
0.00000000
0
VERTEX
8
Feedline
10
-291.97300000
20
213.65000000
30
0.00000000
0
VERTEX
8
Feedline
10
-295.40500000
20
220.28500000
30
0.00000000
0
VERTEX
8
Feedline
10
-300.78500000
20
226.69400000
30
0.00000000
0
VERTEX
8
Feedline
10
-302.04300000
20
227.83800000
30
0.00000000
0
VERTEX
8
Feedline
10
-308.45200000
20
232.87300000
30
0.00000000
0
VERTEX
8
Feedline
10
-315.08700000
20
236.07700000
30
0.00000000
0
VERTEX
8
Feedline
10
-321.95300000
20
237.44900000
30
0.00000000
0
VERTEX
8
Feedline
10
-323.32000000
20
237.56400000
30
0.00000000
0
VERTEX
8
Feedline
10
-330.29700000
20
236.64800000
30
0.00000000
0
VERTEX
8
Feedline
10
-337.16100000
20
233.90400000
30
0.00000000
0
VERTEX
8
Feedline
10
-343.98700000
20
229.23900000
30
0.00000000
0
VERTEX
8
Feedline
10
-336.14700000
20
219.46800000
30
0.00000000
0
VERTEX
8
Feedline
10
-335.38200000
20
220.12300000
30
0.00000000
0
VERTEX
8
Feedline
10
-328.84100000
20
224.59900000
30
0.00000000
0
VERTEX
8
Feedline
10
-321.83600000
20
225.97700000
30
0.00000000
0
VERTEX
8
Feedline
10
-321.48200000
20
225.97700000
30
0.00000000
0
VERTEX
8
Feedline
10
-314.47700000
20
224.36900000
30
0.00000000
0
VERTEX
8
Feedline
10
-308.04600000
20
219.77600000
30
0.00000000
0
VERTEX
8
Feedline
10
-303.68200000
20
213.57300000
30
0.00000000
0
VERTEX
8
Feedline
10
-301.95800000
20
206.56500000
30
0.00000000
0
VERTEX
8
Feedline
10
-302.87800000
20
200.47200000
30
0.00000000
0
VERTEX
8
Feedline
10
-307.01200000
20
194.15600000
30
0.00000000
0
VERTEX
8
Feedline
10
-307.47800000
20
193.69100000
30
0.00000000
0
VERTEX
8
Feedline
10
-313.44700000
20
189.90300000
30
0.00000000
0
VERTEX
8
Feedline
10
-321.47900000
20
187.72300000
30
0.00000000
0
VERTEX
8
Feedline
10
-326.75500000
20
187.26400000
30
0.00000000
0
VERTEX
8
Feedline
10
-333.63400000
20
187.14900000
30
0.00000000
0
VERTEX
8
Feedline
10
-342.11500000
20
187.49300000
30
0.00000000
0
VERTEX
8
Feedline
10
-352.08400000
20
188.29500000
30
0.00000000
0
VERTEX
8
Feedline
10
-359.53200000
20
188.86800000
30
0.00000000
0
VERTEX
8
Feedline
10
-367.43400000
20
189.21100000
30
0.00000000
0
VERTEX
8
Feedline
10
-374.05900000
20
188.98300000
30
0.00000000
0
VERTEX
8
Feedline
10
-374.17000000
20
188.87100000
30
0.00000000
0
VERTEX
8
Feedline
10
-382.20300000
20
187.72300000
30
0.00000000
0
VERTEX
8
Feedline
10
-389.18500000
20
185.32000000
30
0.00000000
0
VERTEX
8
Feedline
10
-390.09500000
20
184.86400000
30
0.00000000
0
SEQEND
8
Feedline
0
POLYLINE
8
Feedline
66
1
10
0.00000000
20
0.00000000
30
0.00000000
70
1
0
VERTEX
8
Feedline
10
-329.00000000
20
121.43100000
30
0.00000000
0
VERTEX
8
Feedline
10
-328.88600000
20
120.40700000
30
0.00000000
0
VERTEX
8
Feedline
10
-327.28400000
20
113.31200000
30
0.00000000
0
VERTEX
8
Feedline
10
-323.96600000
20
106.67800000
30
0.00000000
0
VERTEX
8
Feedline
10
-318.70300000
20
100.38400000
30
0.00000000
0
VERTEX
8
Feedline
10
-312.75100000
20
95.46300000
30
0.00000000
0
VERTEX
8
Feedline
10
-306.11600000
20
92.03000000
30
0.00000000
0
VERTEX
8
Feedline
10
-299.13900000
20
90.31500000
30
0.00000000
0
VERTEX
8
Feedline
10
-291.58600000
20
90.42900000
30
0.00000000
0
VERTEX
8
Feedline
10
-289.41500000
20
90.77200000
30
0.00000000
0
VERTEX
8
Feedline
10
-282.20600000
20
92.71800000
30
0.00000000
0
VERTEX
8
Feedline
10
-275.56900000
20
96.37800000
30
0.00000000
0
VERTEX
8
Feedline
10
-269.50200000
20
101.41600000
30
0.00000000
0
VERTEX
8
Feedline
10
-267.33000000
20
103.70300000
30
0.00000000
0
VERTEX
8
Feedline
10
-262.98100000
20
109.99600000
30
0.00000000
0
VERTEX
8
Feedline
10
-260.23600000
20
116.86000000
30
0.00000000
0
VERTEX
8
Feedline
10
-259.32100000
20
124.18200000
30
0.00000000
0
VERTEX
8
Feedline
10
-259.43500000
20
126.00900000
30
0.00000000
0
VERTEX
8
Feedline
10
-260.69400000
20
133.44600000
30
0.00000000
0
VERTEX
8
Feedline
10
-263.78200000
20
140.19500000
30
0.00000000
0
VERTEX
8
Feedline
10
-268.58800000
20
146.25900000
30
0.00000000
0
VERTEX
8
Feedline
10
-272.13300000
20
149.23200000
30
0.00000000
0
VERTEX
8
Feedline
10
-278.65500000
20
152.89400000
30
0.00000000
0
VERTEX
8
Feedline
10
-286.37900000
20
155.19900000
30
0.00000000
0
VERTEX
8
Feedline
10
-286.38500000
20
155.24200000
30
0.00000000
0
VERTEX
8
Feedline
10
-263.50400000
20
170.42000000
30
0.00000000
0
VERTEX
8
Feedline
10
-235.32400000
20
142.24000000
30
0.00000000
0
VERTEX
8
Feedline
10
-227.14500000
20
150.41900000
30
0.00000000
0
VERTEX
8
Feedline
10
-262.14100000
20
185.53000000
30
0.00000000
0
VERTEX
8
Feedline
10
-305.26000000
20
156.13700000
30
0.00000000
0
VERTEX
8
Feedline
10
-298.20600000
20
147.03500000
30
0.00000000
0
VERTEX
8
Feedline
10
-295.70800000
20
147.37500000
30
0.00000000
0
VERTEX
8
Feedline
10
-287.90400000
20
146.68700000
30
0.00000000
0
VERTEX
8
Feedline
10
-284.79800000
20
145.42200000
30
0.00000000
0
VERTEX
8
Feedline
10
-278.48800000
20
140.94700000
30
0.00000000
0
VERTEX
8
Feedline
10
-276.99100000
20
139.45000000
30
0.00000000
0
VERTEX
8
Feedline
10
-273.08700000
20
132.90600000
30
0.00000000
0
VERTEX
8
Feedline
10
-271.82500000
20
125.67200000
30
0.00000000
0
VERTEX
8
Feedline
10
-272.05500000
20
123.02500000
30
0.00000000
0
VERTEX
8
Feedline
10
-274.35000000
20
116.25000000
30
0.00000000
0
VERTEX
8
Feedline
10
-279.40000000
20
109.70900000
30
0.00000000
0
VERTEX
8
Feedline
10
-282.61600000
20
106.83800000
30
0.00000000
0
VERTEX
8
Feedline
10
-289.27300000
20
103.05100000
30
0.00000000
0
VERTEX
8
Feedline
10
-296.27500000
20
101.55800000
30
0.00000000
0
VERTEX
8
Feedline
10
-298.11800000
20
101.55800000
30
0.00000000
0
VERTEX
8
Feedline
10
-305.46600000
20
103.16500000
30
0.00000000
0
VERTEX
8
Feedline
10
-311.66900000
20
107.41600000
30
0.00000000
0
VERTEX
8
Feedline
10
-315.34600000
20
112.47100000
30
0.00000000
0
VERTEX
8
Feedline
10
-317.18400000
20
119.70600000
30
0.00000000
0
VERTEX
8
Feedline
10
-317.18400000
20
120.28900000
30
0.00000000
0
VERTEX
8
Feedline
10
-315.92100000
20
127.29100000
30
0.00000000
0
VERTEX
8
Feedline
10
-311.92700000
20
134.48000000
30
0.00000000
0
VERTEX
8
Feedline
10
-321.72400000
20
142.68300000
30
0.00000000
0
VERTEX
8
Feedline
10
-321.91100000
20
142.59000000
30
0.00000000
0
VERTEX
8
Feedline
10
-326.14000000
20
135.84500000
30
0.00000000
0
VERTEX
8
Feedline
10
-328.54200000
20
128.86800000
30
0.00000000
0
SEQEND
8
Feedline
0
POLYLINE
8
Feedline
66
1
10
0.00000000
20
0.00000000
30
0.00000000
70
1
0
VERTEX
8
Feedline
10
-320.72900000
20
369.15100000
30
0.00000000
0
VERTEX
8
Feedline
10
-311.40500000
20
359.94000000
30
0.00000000
0
VERTEX
8
Feedline
10
-286.90500000
20
384.44000000
30
0.00000000
0
VERTEX
8
Feedline
10
-264.08200000
20
384.09700000
30
0.00000000
0
VERTEX
8
Feedline
10
-250.06900000
20
383.84700000
30
0.00000000
0
VERTEX
8
Feedline
10
-193.05300000
20
382.83800000
30
0.00000000
0
VERTEX
8
Feedline
10
-205.66900000
20
395.34000000
30
0.00000000
0
VERTEX
8
Feedline
10
-275.82600000
20
395.45500000
30
0.00000000
0
VERTEX
8
Feedline
10
-275.84500000
20
395.50100000
30
0.00000000
0
VERTEX
8
Feedline
10
-240.78000000
20
430.56600000
30
0.00000000
0
VERTEX
8
Feedline
10
-250.10400000
20
439.77700000
30
0.00000000
0
SEQEND
8
Feedline
0
POLYLINE
8
Feedline
66
1
10
0.00000000
20
0.00000000
30
0.00000000
70
1
0
VERTEX
8
Feedline
10
-272.39700000
20
65.17400000
30
0.00000000
0
VERTEX
8
Feedline
10
-271.36700000
20
57.96700000
30
0.00000000
0
VERTEX
8
Feedline
10
-268.39400000
20
51.33400000
30
0.00000000
0
VERTEX
8
Feedline
10
-263.47300000
20
45.15400000
30
0.00000000
0
VERTEX
8
Feedline
10
-260.04300000
20
42.06700000
30
0.00000000
0
VERTEX
8
Feedline
10
-253.52300000
20
38.17800000
30
0.00000000
0
VERTEX
8
Feedline
10
-246.43100000
20
36.46200000
30
0.00000000
0
VERTEX
8
Feedline
10
-242.08800000
20
36.34800000
30
0.00000000
0
VERTEX
8
Feedline
10
-234.64900000
20
37.60600000
30
0.00000000
0
VERTEX
8
Feedline
10
-227.09500000
20
40.58200000
30
0.00000000
0
VERTEX
8
Feedline
10
-223.09000000
20
42.75700000
30
0.00000000
0
VERTEX
8
Feedline
10
-217.25000000
20
46.76500000
30
0.00000000
0
VERTEX
8
Feedline
10
-211.06700000
20
51.91800000
30
0.00000000
0
VERTEX
8
Feedline
10
-204.42400000
20
58.10200000
30
0.00000000
0
VERTEX
8
Feedline
10
-204.08200000
20
58.55800000
30
0.00000000
0
VERTEX
8
Feedline
10
-197.89200000
20
65.09200000
30
0.00000000
0
VERTEX
8
Feedline
10
-192.96900000
20
71.04500000
30
0.00000000
0
VERTEX
8
Feedline
10
-189.30400000
20
76.42900000
30
0.00000000
0
VERTEX
8
Feedline
10
-188.96300000
20
76.99800000
30
0.00000000
0
VERTEX
8
Feedline
10
-185.41400000
20
84.32500000
30
0.00000000
0
VERTEX
8
Feedline
10
-183.23900000
20
91.30600000
30
0.00000000
0
VERTEX
8
Feedline
10
-182.55300000
20
97.48200000
30
0.00000000
0
VERTEX
8
Feedline
10
-183.69600000
20
105.03100000
30
0.00000000
0
VERTEX
8
Feedline
10
-186.44100000
20
110.97800000
30
0.00000000
0
VERTEX
8
Feedline
10
-191.36100000
20
117.27100000
30
0.00000000
0
VERTEX
8
Feedline
10
-194.67700000
20
120.12900000
30
0.00000000
0
VERTEX
8
Feedline
10
-201.31300000
20
124.01900000
30
0.00000000
0
VERTEX
8
Feedline
10
-208.29000000
20
125.84900000
30
0.00000000
0
VERTEX
8
Feedline
10
-212.63300000
20
125.96400000
30
0.00000000
0
VERTEX
8
Feedline
10
-220.07200000
20
124.70500000
30
0.00000000
0
VERTEX
8
Feedline
10
-227.62600000
20
121.72800000
30
0.00000000
0
VERTEX
8
Feedline
10
-231.74600000
20
119.55400000
30
0.00000000
0
VERTEX
8
Feedline
10
-237.70000000
20
115.43200000
30
0.00000000
0
VERTEX
8
Feedline
10
-243.88500000
20
110.39200000
30
0.00000000
0
VERTEX
8
Feedline
10
-250.41400000
20
104.20700000
30
0.00000000
0
VERTEX
8
Feedline
10
-254.19300000
20
100.19900000
30
0.00000000
0
VERTEX
8
Feedline
10
-260.14800000
20
93.32700000
30
0.00000000
0
VERTEX
8
Feedline
10
-260.69600000
20
92.57000000
30
0.00000000
0
VERTEX
8
Feedline
10
-260.69600000
20
68.04300000
30
0.00000000
0
VERTEX
8
Feedline
10
-260.23400000
20
69.77100000
30
0.00000000
0
VERTEX
8
Feedline
10
-258.05500000
20
74.93400000
30
0.00000000
0
VERTEX
8
Feedline
10
-254.27000000
20
81.01300000
30
0.00000000
0
VERTEX
8
Feedline
10
-248.76800000
20
87.77700000
30
0.00000000
0
VERTEX
8
Feedline
10
-241.66100000
20
95.34100000
30
0.00000000
0
VERTEX
8
Feedline
10
-237.64900000
20
99.12400000
30
0.00000000
0
VERTEX
8
Feedline
10
-230.65700000
20
105.31400000
30
0.00000000
0
VERTEX
8
Feedline
10
-224.23700000
20
109.90000000
30
0.00000000
0
VERTEX
8
Feedline
10
-218.38600000
20
113.11200000
30
0.00000000
0
VERTEX
8
Feedline
10
-213.22100000
20
114.71900000
30
0.00000000
0
VERTEX
8
Feedline
10
-212.29400000
20
114.83500000
30
0.00000000
0
VERTEX
8
Feedline
10
-204.82900000
20
114.14600000
30
0.00000000
0
VERTEX
8
Feedline
10
-198.62600000
20
110.24100000
30
0.00000000
0
VERTEX
8
Feedline
10
-197.12700000
20
108.62600000
30
0.00000000
0
VERTEX
8
Feedline
10
-194.14000000
20
102.19200000
30
0.00000000
0
VERTEX
8
Feedline
10
-194.14000000
20
94.26800000
30
0.00000000
0
VERTEX
8
Feedline
10
-194.60100000
20
92.54000000
30
0.00000000
0
VERTEX
8
Feedline
10
-196.78100000
20
87.26300000
30
0.00000000
0
VERTEX
8
Feedline
10
-200.68100000
20
81.29800000
30
0.00000000
0
VERTEX
8
Feedline
10
-206.18300000
20
74.53400000
30
0.00000000
0
VERTEX
8
Feedline
10
-213.28800000
20
66.97000000
30
0.00000000
0
VERTEX
8
Feedline
10
-216.15500000
20
64.10500000
30
0.00000000
0
VERTEX
8
Feedline
10
-223.49000000
20
57.57100000
30
0.00000000
0
VERTEX
8
Feedline
10
-229.91000000
20
52.75500000
30
0.00000000
0
VERTEX
8
Feedline
10
-235.64600000
20
49.42800000
30
0.00000000
0
VERTEX
8
Feedline
10
-240.47000000
20
47.82100000
30
0.00000000
0
VERTEX
8
Feedline
10
-242.88600000
20
47.59100000
30
0.00000000
0
VERTEX
8
Feedline
10
-250.35100000
20
48.39500000
30
0.00000000
0
VERTEX
8
Feedline
10
-256.43900000
20
52.18600000
30
0.00000000
0
VERTEX
8
Feedline
10
-257.71000000
20
53.68700000
30
0.00000000
0
VERTEX
8
Feedline
10
-260.69600000
20
60.11900000
30
0.00000000
0
VERTEX
8
Feedline
10
-260.69600000
20
92.57000000
30
0.00000000
0
VERTEX
8
Feedline
10
-264.95800000
20
86.68600000
30
0.00000000
0
VERTEX
8
Feedline
10
-268.50700000
20
80.38900000
30
0.00000000
0
VERTEX
8
Feedline
10
-270.91000000
20
74.32300000
30
0.00000000
0
VERTEX
8
Feedline
10
-272.16800000
20
68.48800000
30
0.00000000
0
SEQEND
8
Feedline
0
POLYLINE
8
Feedline
66
1
10
0.00000000
20
0.00000000
30
0.00000000
70
1
0
VERTEX
8
Feedline
10
-274.57100000
20
323.10700000
30
0.00000000
0
VERTEX
8
Feedline
10
-262.39800000
20
310.82200000
30
0.00000000
0
VERTEX
8
Feedline
10
-251.30800000
20
383.76900000
30
0.00000000
0
VERTEX
8
Feedline
10
-264.04100000
20
383.99600000
30
0.00000000
0
SEQEND
8
Feedline
0
POLYLINE
8
Feedline
66
1
10
0.00000000
20
0.00000000
30
0.00000000
70
1
0
VERTEX
8
Feedline
10
-250.97000000
20
305.44500000
30
0.00000000
0
VERTEX
8
Feedline
10
-250.39900000
20
301.56300000
30
0.00000000
0
VERTEX
8
Feedline
10
-247.54100000
20
294.93000000
30
0.00000000
0
VERTEX
8
Feedline
10
-242.16200000
20
288.29300000
30
0.00000000
0
VERTEX
8
Feedline
10
-237.47200000
20
284.28900000
30
0.00000000
0
VERTEX
8
Feedline
10
-230.94900000
20
280.39800000
30
0.00000000
0
VERTEX
8
Feedline
10
-224.08400000
20
278.22400000
30
0.00000000
0
VERTEX
8
Feedline
10
-215.90100000
20
276.95600000
30
0.00000000
0
VERTEX
8
Feedline
10
-215.88900000
20
276.92700000
30
0.00000000
0
VERTEX
8
Feedline
10
-216.94900000
20
275.51300000
30
0.00000000
0
VERTEX
8
Feedline
10
-220.48100000
20
268.90300000
30
0.00000000
0
VERTEX
8
Feedline
10
-211.51000000
20
259.93200000
30
0.00000000
0
VERTEX
8
Feedline
10
-210.96400000
20
261.35200000
30
0.00000000
0
VERTEX
8
Feedline
10
-207.52300000
20
268.23500000
30
0.00000000
0
VERTEX
8
Feedline
10
-205.22700000
20
270.99000000
30
0.00000000
0
VERTEX
8
Feedline
10
-200.29800000
20
276.37600000
30
0.00000000
0
VERTEX
8
Feedline
10
-192.73500000
20
284.05400000
30
0.00000000
0
VERTEX
8
Feedline
10
-181.16300000
20
295.62600000
30
0.00000000
0
VERTEX
8
Feedline
10
-177.95500000
20
298.94900000
30
0.00000000
0
VERTEX
8
Feedline
10
-173.60600000
20
304.09900000
30
0.00000000
0
VERTEX
8
Feedline
10
-172.80900000
20
305.46600000
30
0.00000000
0
VERTEX
8
Feedline
10
-170.40700000
20
312.67200000
30
0.00000000
0
VERTEX
8
Feedline
10
-170.40700000
20
314.83400000
30
0.00000000
0
VERTEX
8
Feedline
10
-172.58000000
20
322.49700000
30
0.00000000
0
VERTEX
8
Feedline
10
-176.12600000
20
328.33100000
30
0.00000000
0
VERTEX
8
Feedline
10
-181.73900000
20
334.74400000
30
0.00000000
0
VERTEX
8
Feedline
10
-182.65100000
20
335.65700000
30
0.00000000
0
VERTEX
8
Feedline
10
-188.83300000
20
340.80900000
30
0.00000000
0
VERTEX
8
Feedline
10
-195.12700000
20
344.58600000
30
0.00000000
0
VERTEX
8
Feedline
10
-200.61700000
20
346.53000000
30
0.00000000
0
VERTEX
8
Feedline
10
-207.82100000
20
347.10100000
30
0.00000000
0
VERTEX
8
Feedline
10
-213.19200000
20
345.73000000
30
0.00000000
0
VERTEX
8
Feedline
10
-220.46700000
20
342.09300000
30
0.00000000
0
VERTEX
8
Feedline
10
-213.19500000
20
332.54800000
30
0.00000000
0
VERTEX
8
Feedline
10
-208.06800000
20
334.94100000
30
0.00000000
0
VERTEX
8
Feedline
10
-201.17300000
20
335.74500000
30
0.00000000
0
VERTEX
8
Feedline
10
-196.80000000
20
334.13400000
30
0.00000000
0
VERTEX
8
Feedline
10
-190.02900000
20
328.85500000
30
0.00000000
0
VERTEX
8
Feedline
10
-185.09300000
20
322.54000000
30
0.00000000
0
VERTEX
8
Feedline
10
-183.13900000
20
315.99000000
30
0.00000000
0
VERTEX
8
Feedline
10
-183.60000000
20
312.76000000
30
0.00000000
0
VERTEX
8
Feedline
10
-188.07900000
20
305.98500000
30
0.00000000
0
VERTEX
8
Feedline
10
-190.51600000
20
303.78000000
30
0.00000000
0
VERTEX
8
Feedline
10
-195.01800000
20
306.31900000
30
0.00000000
0
VERTEX
8
Feedline
10
-201.32300000
20
310.56000000
30
0.00000000
0
VERTEX
8
Feedline
10
-209.00000000
20
316.29000000
30
0.00000000
0
VERTEX
8
Feedline
10
-212.20900000
20
318.69600000
30
0.00000000
0
VERTEX
8
Feedline
10
-217.93400000
20
322.70400000
30
0.00000000
0
VERTEX
8
Feedline
10
-219.76000000
20
323.61700000
30
0.00000000
0
VERTEX
8
Feedline
10
-226.97200000
20
326.02000000
30
0.00000000
0
VERTEX
8
Feedline
10
-228.79500000
20
326.36300000
30
0.00000000
0
VERTEX
8
Feedline
10
-236.45900000
20
325.56200000
30
0.00000000
0
VERTEX
8
Feedline
10
-238.73800000
20
324.76400000
30
0.00000000
0
VERTEX
8
Feedline
10
-238.81100000
20
324.71400000
30
0.00000000
0
VERTEX
8
Feedline
10
-238.81100000
20
304.88300000
30
0.00000000
0
VERTEX
8
Feedline
10
-235.59100000
20
311.55400000
30
0.00000000
0
VERTEX
8
Feedline
10
-230.29300000
20
314.43300000
30
0.00000000
0
VERTEX
8
Feedline
10
-223.96600000
20
313.85800000
30
0.00000000
0
VERTEX
8
Feedline
10
-221.89300000
20
312.82100000
30
0.00000000
0
VERTEX
8
Feedline
10
-214.67000000
20
308.00700000
30
0.00000000
0
VERTEX
8
Feedline
10
-209.63000000
20
304.34000000
30
0.00000000
0
VERTEX
8
Feedline
10
-202.87300000
20
299.98800000
30
0.00000000
0
VERTEX
8
Feedline
10
-197.21500000
20
297.10200000
30
0.00000000
0
VERTEX
8
Feedline
10
-197.21200000
20
297.08200000
30
0.00000000
0
VERTEX
8
Feedline
10
-200.45700000
20
293.83700000
30
0.00000000
0
VERTEX
8
Feedline
10
-204.58600000
20
290.05100000
30
0.00000000
0
VERTEX
8
Feedline
10
-210.55600000
20
286.49300000
30
0.00000000
0
VERTEX
8
Feedline
10
-214.58200000
20
285.57200000
30
0.00000000
0
VERTEX
8
Feedline
10
-222.27400000
20
286.26100000
30
0.00000000
0
VERTEX
8
Feedline
10
-227.09900000
20
288.21400000
30
0.00000000
0
VERTEX
8
Feedline
10
-233.41100000
20
293.03500000
30
0.00000000
0
VERTEX
8
Feedline
10
-236.28400000
20
296.48200000
30
0.00000000
0
VERTEX
8
Feedline
10
-238.81100000
20
303.03000000
30
0.00000000
0
VERTEX
8
Feedline
10
-238.81100000
20
324.71400000
30
0.00000000
0
VERTEX
8
Feedline
10
-245.03100000
20
320.41600000
30
0.00000000
0
VERTEX
8
Feedline
10
-246.16900000
20
319.27800000
30
0.00000000
0
VERTEX
8
Feedline
10
-249.94200000
20
312.76100000
30
0.00000000
0
SEQEND
8
Feedline
0
POLYLINE
8
Feedline
66
1
10
0.00000000
20
0.00000000
30
0.00000000
70
1
0
VERTEX
8
Feedline
10
-225.51300000
20
9.60100000
30
0.00000000
0
VERTEX
8
Feedline
10
-215.73100000
20
-0.29700000
30
0.00000000
0
VERTEX
8
Feedline
10
-205.94800000
20
9.60100000
30
0.00000000
0
VERTEX
8
Feedline
10
-215.73100000
20
19.38400000
30
0.00000000
0
SEQEND
8
Feedline
0
POLYLINE
8
Feedline
66
1
10
0.00000000
20
0.00000000
30
0.00000000
70
1
0
VERTEX
8
Feedline
10
-204.08200000
20
-11.94600000
30
0.00000000
0
VERTEX
8
Feedline
10
-157.41000000
20
-58.61800000
30
0.00000000
0
VERTEX
8
Feedline
10
-149.11600000
20
-50.32400000
30
0.00000000
0
VERTEX
8
Feedline
10
-183.83600000
20
-15.60400000
30
0.00000000
0
VERTEX
8
Feedline
10
-183.82400000
20
-15.56700000
30
0.00000000
0
VERTEX
8
Feedline
10
-183.08200000
20
-15.44200000
30
0.00000000
0
VERTEX
8
Feedline
10
-175.40200000
20
-14.52500000
30
0.00000000
0
VERTEX
8
Feedline
10
-173.45000000
20
-14.52500000
30
0.00000000
0
VERTEX
8
Feedline
10
-166.57300000
20
-14.86900000
30
0.00000000
0
VERTEX
8
Feedline
10
-156.48800000
20
-15.67100000
30
0.00000000
0
VERTEX
8
Feedline
10
-153.28000000
20
-16.01500000
30
0.00000000
0
VERTEX
8
Feedline
10
-144.11500000
20
-16.58800000
30
0.00000000
0
VERTEX
8
Feedline
10
-136.55400000
20
-16.81700000
30
0.00000000
0
VERTEX
8
Feedline
10
-130.60200000
20
-16.70300000
30
0.00000000
0
VERTEX
8
Feedline
10
-123.16000000
20
-15.78700000
30
0.00000000
0
VERTEX
8
Feedline
10
-116.29400000
20
-13.72600000
30
0.00000000
0
VERTEX
8
Feedline
10
-112.29100000
20
-11.78300000
30
0.00000000
0
VERTEX
8
Feedline
10
-106.22800000
20
-7.20600000
30
0.00000000
0
VERTEX
8
Feedline
10
-101.88200000
20
-1.60200000
30
0.00000000
0
VERTEX
8
Feedline
10
-99.02300000
20
5.14500000
30
0.00000000
0
VERTEX
8
Feedline
10
-98.22200000
20
12.69500000
30
0.00000000
0
VERTEX
8
Feedline
10
-98.33700000
20
14.40600000
30
0.00000000
0
VERTEX
8
Feedline
10
-99.82300000
20
21.38500000
30
0.00000000
0
VERTEX
8
Feedline
10
-103.37000000
20
28.02000000
30
0.00000000
0
VERTEX
8
Feedline
10
-108.63500000
20
34.43000000
30
0.00000000
0
VERTEX
8
Feedline
10
-109.89300000
20
35.57300000
30
0.00000000
0
VERTEX
8
Feedline
10
-116.30300000
20
40.60900000
30
0.00000000
0
VERTEX
8
Feedline
10
-122.93700000
20
43.81200000
30
0.00000000
0
VERTEX
8
Feedline
10
-129.91600000
20
45.30000000
30
0.00000000
0
VERTEX
8
Feedline
10
-131.16800000
20
45.30000000
30
0.00000000
0
VERTEX
8
Feedline
10
-138.14700000
20
44.49900000
30
0.00000000
0
VERTEX
8
Feedline
10
-145.12600000
20
41.63900000
30
0.00000000
0
VERTEX
8
Feedline
10
-151.95100000
20
36.97400000
30
0.00000000
0
VERTEX
8
Feedline
10
-143.99800000
20
27.20200000
30
0.00000000
0
VERTEX
8
Feedline
10
-143.23200000
20
27.85900000
30
0.00000000
0
VERTEX
8
Feedline
10
-136.69100000
20
32.33500000
30
0.00000000
0
VERTEX
8
Feedline
10
-129.80100000
20
33.82700000
30
0.00000000
0
VERTEX
8
Feedline
10
-129.44600000
20
33.82700000
30
0.00000000
0
VERTEX
8
Feedline
10
-122.32700000
20
32.10400000
30
0.00000000
0
VERTEX
8
Feedline
10
-115.89600000
20
27.51100000
30
0.00000000
0
VERTEX
8
Feedline
10
-111.53200000
20
21.42300000
30
0.00000000
0
VERTEX
8
Feedline
10
-109.80800000
20
14.30100000
30
0.00000000
0
VERTEX
8
Feedline
10
-110.72800000
20
8.20800000
30
0.00000000
0
VERTEX
8
Feedline
10
-114.86200000
20
1.89200000
30
0.00000000
0
VERTEX
8
Feedline
10
-115.32800000
20
1.42700000
30
0.00000000
0
VERTEX
8
Feedline
10
-121.29700000
20
-2.36100000
30
0.00000000
0
VERTEX
8
Feedline
10
-129.32900000
20
-4.54100000
30
0.00000000
0
VERTEX
8
Feedline
10
-134.60500000
20
-5.00100000
30
0.00000000
0
VERTEX
8
Feedline
10
-141.59900000
20
-5.11500000
30
0.00000000
0
VERTEX
8
Feedline
10
-149.96500000
20
-4.77200000
30
0.00000000
0
VERTEX
8
Feedline
10
-159.93400000
20
-3.97000000
30
0.00000000
0
VERTEX
8
Feedline
10
-167.49800000
20
-3.28200000
30
0.00000000
0
VERTEX
8
Feedline
10
-175.28500000
20
-3.05300000
30
0.00000000
0
VERTEX
8
Feedline
10
-181.93000000
20
-3.28200000
30
0.00000000
0
VERTEX
8
Feedline
10
-182.15500000
20
-3.28200000
30
0.00000000
0
VERTEX
8
Feedline
10
-190.05300000
20
-4.54100000
30
0.00000000
0
VERTEX
8
Feedline
10
-197.03500000
20
-6.94500000
30
0.00000000
0
VERTEX
8
Feedline
10
-197.94500000
20
-7.40000000
30
0.00000000
0
SEQEND
8
Feedline
0
POLYLINE
8
Feedline
66
1
10
0.00000000
20
0.00000000
30
0.00000000
70
1
0
VERTEX
8
Feedline
10
-200.65000000
20
249.07200000
30
0.00000000
0
VERTEX
8
Feedline
10
-192.01300000
20
240.43500000
30
0.00000000
0
VERTEX
8
Feedline
10
-164.08900000
20
268.47200000
30
0.00000000
0
VERTEX
8
Feedline
10
-159.27300000
20
272.71500000
30
0.00000000
0
VERTEX
8
Feedline
10
-152.73000000
20
276.73400000
30
0.00000000
0
VERTEX
8
Feedline
10
-146.75300000
20
277.76800000
30
0.00000000
0
VERTEX
8
Feedline
10
-139.85800000
20
276.15900000
30
0.00000000
0
VERTEX
8
Feedline
10
-133.65900000
20
271.68200000
30
0.00000000
0
VERTEX
8
Feedline
10
-132.73500000
20
270.75800000
30
0.00000000
0
VERTEX
8
Feedline
10
-129.05800000
20
264.09500000
30
0.00000000
0
VERTEX
8
Feedline
10
-129.05800000
20
263.73600000
30
0.00000000
0
VERTEX
8
Feedline
10
-129.74700000
20
256.27600000
30
0.00000000
0
VERTEX
8
Feedline
10
-131.13000000
20
253.74100000
30
0.00000000
0
VERTEX
8
Feedline
10
-136.63400000
20
247.31900000
30
0.00000000
0
VERTEX
8
Feedline
10
-167.76500000
20
216.18800000
30
0.00000000
0
VERTEX
8
Feedline
10
-159.12800000
20
207.55100000
30
0.00000000
0
VERTEX
8
Feedline
10
-127.65400000
20
239.02400000
30
0.00000000
0
VERTEX
8
Feedline
10
-123.98900000
20
242.80300000
30
0.00000000
0
VERTEX
8
Feedline
10
-119.75400000
20
247.95500000
30
0.00000000
0
VERTEX
8
Feedline
10
-118.61300000
20
249.89500000
30
0.00000000
0
VERTEX
8
Feedline
10
-116.09500000
20
256.98900000
30
0.00000000
0
VERTEX
8
Feedline
10
-115.86700000
20
259.49600000
30
0.00000000
0
VERTEX
8
Feedline
10
-117.46900000
20
267.16000000
30
0.00000000
0
VERTEX
8
Feedline
10
-119.41200000
20
271.15900000
30
0.00000000
0
VERTEX
8
Feedline
10
-124.33200000
20
277.33800000
30
0.00000000
0
VERTEX
8
Feedline
10
-128.10600000
20
280.54000000
30
0.00000000
0
VERTEX
8
Feedline
10
-134.51200000
20
284.20100000
30
0.00000000
0
VERTEX
8
Feedline
10
-141.48700000
20
285.68700000
30
0.00000000
0
VERTEX
8
Feedline
10
-149.09900000
20
285.22600000
30
0.00000000
0
VERTEX
8
Feedline
10
-149.12100000
20
285.27500000
30
0.00000000
0
VERTEX
8
Feedline
10
-141.78300000
20
292.49800000
30
0.00000000
0
VERTEX
8
Feedline
10
-149.50400000
20
300.21800000
30
0.00000000
0
SEQEND
8
Feedline
0
POLYLINE
8
Feedline
66
1
10
0.00000000
20
0.00000000
30
0.00000000
70
1
0
VERTEX
8
Feedline
10
-184.26500000
20
50.84900000
30
0.00000000
0
VERTEX
8
Feedline
10
-174.48200000
20
41.06700000
30
0.00000000
0
VERTEX
8
Feedline
10
-164.58500000
20
50.84900000
30
0.00000000
0
VERTEX
8
Feedline
10
-174.48200000
20
60.74700000
30
0.00000000
0
SEQEND
8
Feedline
0
POLYLINE
8
Feedline
66
1
10
0.00000000
20
0.00000000
30
0.00000000
70
1
0
VERTEX
8
Feedline
10
-138.68300000
20
188.69700000
30
0.00000000
0
VERTEX
8
Feedline
10
-137.77300000
20
186.30700000
30
0.00000000
0
VERTEX
8
Feedline
10
-132.85200000
20
179.89900000
30
0.00000000
0
VERTEX
8
Feedline
10
-131.82500000
20
178.87300000
30
0.00000000
0
VERTEX
8
Feedline
10
-125.56800000
20
174.09300000
30
0.00000000
0
VERTEX
8
Feedline
10
-119.20800000
20
182.95100000
30
0.00000000
0
VERTEX
8
Feedline
10
-123.30300000
20
186.36400000
30
0.00000000
0
VERTEX
8
Feedline
10
-125.60800000
20
190.05100000
30
0.00000000
0
VERTEX
8
Feedline
10
-125.49100000
20
193.17600000
30
0.00000000
0
VERTEX
8
Feedline
10
-121.12500000
20
198.46200000
30
0.00000000
0
VERTEX
8
Feedline
10
-91.18300000
20
228.51900000
30
0.00000000
0
VERTEX
8
Feedline
10
-82.47500000
20
219.69600000
30
0.00000000
0
VERTEX
8
Feedline
10
-75.78400000
20
226.38500000
30
0.00000000
0
VERTEX
8
Feedline
10
-84.49200000
20
235.20800000
30
0.00000000
0
VERTEX
8
Feedline
10
-66.64600000
20
253.05500000
30
0.00000000
0
VERTEX
8
Feedline
10
-80.39600000
20
256.46500000
30
0.00000000
0
VERTEX
8
Feedline
10
-93.01600000
20
243.73000000
30
0.00000000
0
VERTEX
8
Feedline
10
-99.43200000
20
250.14700000
30
0.00000000
0
VERTEX
8
Feedline
10
-106.12200000
20
243.45800000
30
0.00000000
0
VERTEX
8
Feedline
10
-99.70500000
20
237.04100000
30
0.00000000
0
VERTEX
8
Feedline
10
-129.18800000
20
207.55900000
30
0.00000000
0
VERTEX
8
Feedline
10
-135.14100000
20
201.14700000
30
0.00000000
0
VERTEX
8
Feedline
10
-138.36200000
20
196.20100000
30
0.00000000
0
VERTEX
8
Feedline
10
-138.45500000
20
196.20100000
30
0.00000000
0
SEQEND
8
Feedline
0
POLYLINE
8
Feedline
66
1
10
0.00000000
20
0.00000000
30
0.00000000
70
1
0
VERTEX
8
Feedline
10
-136.85000000
20
-71.85900000
30
0.00000000
0
VERTEX
8
Feedline
10
-135.24900000
20
-78.95200000
30
0.00000000
0
VERTEX
8
Feedline
10
-131.81600000
20
-85.58700000
30
0.00000000
0
VERTEX
8
Feedline
10
-126.55300000
20
-91.88100000
30
0.00000000
0
VERTEX
8
Feedline
10
-120.60200000
20
-96.80200000
30
0.00000000
0
VERTEX
8
Feedline
10
-113.96700000
20
-100.23400000
30
0.00000000
0
VERTEX
8
Feedline
10
-106.98900000
20
-101.83500000
30
0.00000000
0
VERTEX
8
Feedline
10
-99.55100000
20
-101.83500000
30
0.00000000
0
VERTEX
8
Feedline
10
-97.26600000
20
-101.49200000
30
0.00000000
0
VERTEX
8
Feedline
10
-90.05600000
20
-99.43200000
30
0.00000000
0
VERTEX
8
Feedline
10
-83.41900000
20
-95.88500000
30
0.00000000
0
VERTEX
8
Feedline
10
-77.35300000
20
-90.84800000
30
0.00000000
0
VERTEX
8
Feedline
10
-75.18100000
20
-88.56300000
30
0.00000000
0
VERTEX
8
Feedline
10
-70.83300000
20
-82.15400000
30
0.00000000
0
VERTEX
8
Feedline
10
-68.20100000
20
-75.40500000
30
0.00000000
0
VERTEX
8
Feedline
10
-67.28600000
20
-68.08100000
30
0.00000000
0
VERTEX
8
Feedline
10
-67.28600000
20
-66.25500000
30
0.00000000
0
VERTEX
8
Feedline
10
-68.54400000
20
-58.81800000
30
0.00000000
0
VERTEX
8
Feedline
10
-71.63300000
20
-52.06900000
30
0.00000000
0
VERTEX
8
Feedline
10
-76.43800000
20
-46.00500000
30
0.00000000
0
VERTEX
8
Feedline
10
-79.98300000
20
-42.91800000
30
0.00000000
0
VERTEX
8
Feedline
10
-86.50400000
20
-39.37100000
30
0.00000000
0
VERTEX
8
Feedline
10
-94.22900000
20
-37.06500000
30
0.00000000
0
VERTEX
8
Feedline
10
-94.23500000
20
-37.02200000
30
0.00000000
0
VERTEX
8
Feedline
10
-71.35400000
20
-21.84500000
30
0.00000000
0
VERTEX
8
Feedline
10
-43.17400000
20
-50.02400000
30
0.00000000
0
VERTEX
8
Feedline
10
-34.99500000
20
-41.84500000
30
0.00000000
0
VERTEX
8
Feedline
10
-70.10600000
20
-6.73500000
30
0.00000000
0
VERTEX
8
Feedline
10
-113.11000000
20
-36.12700000
30
0.00000000
0
VERTEX
8
Feedline
10
-106.05600000
20
-45.23000000
30
0.00000000
0
VERTEX
8
Feedline
10
-103.55800000
20
-44.88900000
30
0.00000000
0
VERTEX
8
Feedline
10
-95.86800000
20
-45.57800000
30
0.00000000
0
VERTEX
8
Feedline
10
-92.64800000
20
-46.84300000
30
0.00000000
0
VERTEX
8
Feedline
10
-86.33700000
20
-51.31800000
30
0.00000000
0
VERTEX
8
Feedline
10
-84.95500000
20
-52.81500000
30
0.00000000
0
VERTEX
8
Feedline
10
-80.93700000
20
-59.35800000
30
0.00000000
0
VERTEX
8
Feedline
10
-79.67500000
20
-66.59300000
30
0.00000000
0
VERTEX
8
Feedline
10
-79.90500000
20
-69.24100000
30
0.00000000
0
VERTEX
8
Feedline
10
-82.31600000
20
-76.01400000
30
0.00000000
0
VERTEX
8
Feedline
10
-87.25000000
20
-82.44100000
30
0.00000000
0
VERTEX
8
Feedline
10
-90.58000000
20
-85.42700000
30
0.00000000
0
VERTEX
8
Feedline
10
-97.12300000
20
-89.21400000
30
0.00000000
0
VERTEX
8
Feedline
10
-104.12500000
20
-90.70600000
30
0.00000000
0
VERTEX
8
Feedline
10
-106.08300000
20
-90.70600000
30
0.00000000
0
VERTEX
8
Feedline
10
-113.31700000
20
-89.09900000
30
0.00000000
0
VERTEX
8
Feedline
10
-119.51900000
20
-84.84900000
30
0.00000000
0
VERTEX
8
Feedline
10
-123.19600000
20
-79.79300000
30
0.00000000
0
VERTEX
8
Feedline
10
-125.03400000
20
-72.55900000
30
0.00000000
0
VERTEX
8
Feedline
10
-125.03400000
20
-71.97600000
30
0.00000000
0
VERTEX
8
Feedline
10
-123.77100000
20
-64.97300000
30
0.00000000
0
VERTEX
8
Feedline
10
-119.77700000
20
-57.78400000
30
0.00000000
0
VERTEX
8
Feedline
10
-129.57400000
20
-49.58100000
30
0.00000000
0
VERTEX
8
Feedline
10
-129.76100000
20
-49.67600000
30
0.00000000
0
VERTEX
8
Feedline
10
-133.99000000
20
-56.30400000
30
0.00000000
0
VERTEX
8
Feedline
10
-136.39300000
20
-63.39600000
30
0.00000000
0
VERTEX
8
Feedline
10
-136.85000000
20
-70.83600000
30
0.00000000
0
SEQEND
8
Feedline
0
POLYLINE
8
Feedline
66
1
10
0.00000000
20
0.00000000
30
0.00000000
70
1
0
VERTEX
8
Feedline
10
-108.89200000
20
168.75000000
30
0.00000000
0
VERTEX
8
Feedline
10
-108.66300000
20
163.94700000
30
0.00000000
0
VERTEX
8
Feedline
10
-106.83300000
20
156.96800000
30
0.00000000
0
VERTEX
8
Feedline
10
-103.28600000
20
150.33200000
30
0.00000000
0
VERTEX
8
Feedline
10
-98.02100000
20
144.03800000
30
0.00000000
0
VERTEX
8
Feedline
10
-92.52900000
20
139.34600000
30
0.00000000
0
VERTEX
8
Feedline
10
-85.89300000
20
135.68500000
30
0.00000000
0
VERTEX
8
Feedline
10
-79.02900000
20
133.74000000
30
0.00000000
0
VERTEX
8
Feedline
10
-73.77000000
20
133.51100000
30
0.00000000
0
VERTEX
8
Feedline
10
-66.33400000
20
134.88400000
30
0.00000000
0
VERTEX
8
Feedline
10
-59.06500000
20
138.06400000
30
0.00000000
0
VERTEX
8
Feedline
10
-66.90900000
20
148.06800000
30
0.00000000
0
VERTEX
8
Feedline
10
-73.18400000
20
145.90100000
30
0.00000000
0
VERTEX
8
Feedline
10
-80.30400000
20
145.44200000
30
0.00000000
0
VERTEX
8
Feedline
10
-84.55900000
20
146.70600000
30
0.00000000
0
VERTEX
8
Feedline
10
-90.87200000
20
151.06900000
30
0.00000000
0
VERTEX
8
Feedline
10
-92.13900000
20
152.45100000
30
0.00000000
0
VERTEX
8
Feedline
10
-96.04300000
20
158.88100000
30
0.00000000
0
VERTEX
8
Feedline
10
-97.19200000
20
166.34600000
30
0.00000000
0
VERTEX
8
Feedline
10
-96.61700000
20
170.36900000
30
0.00000000
0
VERTEX
8
Feedline
10
-93.97700000
20
177.25500000
30
0.00000000
0
VERTEX
8
Feedline
10
-89.01700000
20
184.06100000
30
0.00000000
0
VERTEX
8
Feedline
10
-89.00600000
20
184.06200000
30
0.00000000
0
VERTEX
8
Feedline
10
-50.85000000
20
145.90600000
30
0.00000000
0
VERTEX
8
Feedline
10
-48.48100000
20
148.16200000
30
0.00000000
0
VERTEX
8
Feedline
10
-43.09900000
20
154.23000000
30
0.00000000
0
VERTEX
8
Feedline
10
-38.97900000
20
160.86900000
30
0.00000000
0
VERTEX
8
Feedline
10
-36.34800000
20
167.50400000
30
0.00000000
0
VERTEX
8
Feedline
10
-35.31800000
20
174.25500000
30
0.00000000
0
VERTEX
8
Feedline
10
-35.43200000
20
178.02800000
30
0.00000000
0
VERTEX
8
Feedline
10
-36.92000000
20
185.23500000
30
0.00000000
0
VERTEX
8
Feedline
10
-40.12300000
20
191.87000000
30
0.00000000
0
VERTEX
8
Feedline
10
-45.04300000
20
198.04900000
30
0.00000000
0
VERTEX
8
Feedline
10
-48.70400000
20
201.25200000
30
0.00000000
0
VERTEX
8
Feedline
10
-55.11100000
20
205.25700000
30
0.00000000
0
VERTEX
8
Feedline
10
-61.97500000
20
207.54500000
30
0.00000000
0
VERTEX
8
Feedline
10
-69.41500000
20
208.11700000
30
0.00000000
0
VERTEX
8
Feedline
10
-69.52300000
20
208.11700000
30
0.00000000
0
VERTEX
8
Feedline
10
-76.38900000
20
207.08700000
30
0.00000000
0
VERTEX
8
Feedline
10
-81.40000000
20
205.18700000
30
0.00000000
0
VERTEX
8
Feedline
10
-81.40000000
20
190.63900000
30
0.00000000
0
VERTEX
8
Feedline
10
-80.09800000
20
191.82300000
30
0.00000000
0
VERTEX
8
Feedline
10
-73.32500000
20
195.72600000
30
0.00000000
0
VERTEX
8
Feedline
10
-66.09400000
20
196.87400000
30
0.00000000
0
VERTEX
8
Feedline
10
-65.62600000
20
196.87400000
30
0.00000000
0
VERTEX
8
Feedline
10
-58.39300000
20
195.26700000
30
0.00000000
0
VERTEX
8
Feedline
10
-52.07700000
20
190.90400000
30
0.00000000
0
VERTEX
8
Feedline
10
-50.46500000
20
189.06000000
30
0.00000000
0
VERTEX
8
Feedline
10
-47.02100000
20
182.51500000
30
0.00000000
0
VERTEX
8
Feedline
10
-46.33100000
20
175.04900000
30
0.00000000
0
VERTEX
8
Feedline
10
-48.05500000
20
169.18900000
30
0.00000000
0
VERTEX
8
Feedline
10
-52.78500000
20
162.03600000
30
0.00000000
0
VERTEX
8
Feedline
10
-52.79900000
20
162.03500000
30
0.00000000
0
VERTEX
8
Feedline
10
-81.40000000
20
190.63600000
30
0.00000000
0
VERTEX
8
Feedline
10
-81.40000000
20
205.18700000
30
0.00000000
0
VERTEX
8
Feedline
10
-83.02600000
20
204.57000000
30
0.00000000
0
VERTEX
8
Feedline
10
-89.66300000
20
200.45000000
30
0.00000000
0
VERTEX
8
Feedline
10
-96.07500000
20
194.72600000
30
0.00000000
0
VERTEX
8
Feedline
10
-101.22600000
20
189.00200000
30
0.00000000
0
VERTEX
8
Feedline
10
-105.34600000
20
182.36500000
30
0.00000000
0
VERTEX
8
Feedline
10
-107.97700000
20
175.61400000
30
0.00000000
0
SEQEND
8
Feedline
0
POLYLINE
8
Feedline
66
1
10
0.00000000
20
0.00000000
30
0.00000000
70
1
0
VERTEX
8
Feedline
10
-80.24800000
20
-127.09200000
30
0.00000000
0
VERTEX
8
Feedline
10
-79.33200000
20
-134.29700000
30
0.00000000
0
VERTEX
8
Feedline
10
-76.35900000
20
-140.93100000
30
0.00000000
0
VERTEX
8
Feedline
10
-71.32400000
20
-147.10900000
30
0.00000000
0
VERTEX
8
Feedline
10
-67.89300000
20
-150.19800000
30
0.00000000
0
VERTEX
8
Feedline
10
-61.37300000
20
-154.08600000
30
0.00000000
0
VERTEX
8
Feedline
10
-54.28100000
20
-155.80200000
30
0.00000000
0
VERTEX
8
Feedline
10
-49.93800000
20
-155.91700000
30
0.00000000
0
VERTEX
8
Feedline
10
-42.61500000
20
-154.65800000
30
0.00000000
0
VERTEX
8
Feedline
10
-34.94500000
20
-151.56800000
30
0.00000000
0
VERTEX
8
Feedline
10
-31.05400000
20
-149.50700000
30
0.00000000
0
VERTEX
8
Feedline
10
-25.10000000
20
-145.38500000
30
0.00000000
0
VERTEX
8
Feedline
10
-18.91500000
20
-140.34500000
30
0.00000000
0
VERTEX
8
Feedline
10
-12.38600000
20
-134.16100000
30
0.00000000
0
VERTEX
8
Feedline
10
-11.92900000
20
-133.70300000
30
0.00000000
0
VERTEX
8
Feedline
10
-5.74200000
20
-127.17200000
30
0.00000000
0
VERTEX
8
Feedline
10
-0.81900000
20
-121.21900000
30
0.00000000
0
VERTEX
8
Feedline
10
2.84400000
20
-115.83900000
30
0.00000000
0
VERTEX
8
Feedline
10
3.18600000
20
-115.15400000
30
0.00000000
0
VERTEX
8
Feedline
10
6.73600000
20
-107.93900000
30
0.00000000
0
VERTEX
8
Feedline
10
8.91100000
20
-100.95800000
30
0.00000000
0
VERTEX
8
Feedline
10
9.59700000
20
-94.78200000
30
0.00000000
0
VERTEX
8
Feedline
10
8.45400000
20
-87.23400000
30
0.00000000
0
VERTEX
8
Feedline
10
5.70900000
20
-81.28700000
30
0.00000000
0
VERTEX
8
Feedline
10
0.67400000
20
-74.99300000
30
0.00000000
0
VERTEX
8
Feedline
10
-2.64300000
20
-72.02000000
30
0.00000000
0
VERTEX
8
Feedline
10
-9.16300000
20
-68.13100000
30
0.00000000
0
VERTEX
8
Feedline
10
-16.14000000
20
-66.41500000
30
0.00000000
0
VERTEX
8
Feedline
10
-20.59800000
20
-66.30100000
30
0.00000000
0
VERTEX
8
Feedline
10
-27.92200000
20
-67.55900000
30
0.00000000
0
VERTEX
8
Feedline
10
-35.59100000
20
-70.53500000
30
0.00000000
0
VERTEX
8
Feedline
10
-39.59600000
20
-72.71000000
30
0.00000000
0
VERTEX
8
Feedline
10
-45.55000000
20
-76.83200000
30
0.00000000
0
VERTEX
8
Feedline
10
-51.73500000
20
-81.87300000
30
0.00000000
0
VERTEX
8
Feedline
10
-58.37900000
20
-88.05800000
30
0.00000000
0
VERTEX
8
Feedline
10
-62.15800000
20
-92.06500000
30
0.00000000
0
VERTEX
8
Feedline
10
-68.11300000
20
-98.93700000
30
0.00000000
0
VERTEX
8
Feedline
10
-68.54600000
20
-99.55000000
30
0.00000000
0
VERTEX
8
Feedline
10
-68.54600000
20
-124.22300000
30
0.00000000
0
VERTEX
8
Feedline
10
-68.20000000
20
-122.49400000
30
0.00000000
0
VERTEX
8
Feedline
10
-65.90500000
20
-117.21500000
30
0.00000000
0
VERTEX
8
Feedline
10
-62.12000000
20
-111.25200000
30
0.00000000
0
VERTEX
8
Feedline
10
-56.61800000
20
-104.48700000
30
0.00000000
0
VERTEX
8
Feedline
10
-49.51200000
20
-96.92300000
30
0.00000000
0
VERTEX
8
Feedline
10
-45.61400000
20
-93.14000000
30
0.00000000
0
VERTEX
8
Feedline
10
-38.50700000
20
-86.95100000
30
0.00000000
0
VERTEX
8
Feedline
10
-32.08700000
20
-82.36500000
30
0.00000000
0
VERTEX
8
Feedline
10
-26.35100000
20
-79.15200000
30
0.00000000
0
VERTEX
8
Feedline
10
-21.18500000
20
-77.54500000
30
0.00000000
0
VERTEX
8
Feedline
10
-20.14400000
20
-77.43000000
30
0.00000000
0
VERTEX
8
Feedline
10
-12.67900000
20
-78.00400000
30
0.00000000
0
VERTEX
8
Feedline
10
-6.47500000
20
-82.02500000
30
0.00000000
0
VERTEX
8
Feedline
10
-5.09100000
20
-83.64000000
30
0.00000000
0
VERTEX
8
Feedline
10
-2.10400000
20
-90.07200000
30
0.00000000
0
VERTEX
8
Feedline
10
-1.99000000
20
-97.99500000
30
0.00000000
0
VERTEX
8
Feedline
10
-2.45100000
20
-99.72400000
30
0.00000000
0
VERTEX
8
Feedline
10
-4.63100000
20
-104.88700000
30
0.00000000
0
VERTEX
8
Feedline
10
-8.53000000
20
-110.96600000
30
0.00000000
0
VERTEX
8
Feedline
10
-14.03300000
20
-117.73000000
30
0.00000000
0
VERTEX
8
Feedline
10
-21.14000000
20
-125.29500000
30
0.00000000
0
VERTEX
8
Feedline
10
-24.12000000
20
-128.04600000
30
0.00000000
0
VERTEX
8
Feedline
10
-31.34000000
20
-134.57800000
30
0.00000000
0
VERTEX
8
Feedline
10
-37.76100000
20
-139.50900000
30
0.00000000
0
VERTEX
8
Feedline
10
-43.49800000
20
-142.72100000
30
0.00000000
0
VERTEX
8
Feedline
10
-48.43300000
20
-144.32900000
30
0.00000000
0
VERTEX
8
Feedline
10
-50.73500000
20
-144.67300000
30
0.00000000
0
VERTEX
8
Feedline
10
-58.31500000
20
-143.86900000
30
0.00000000
0
VERTEX
8
Feedline
10
-64.28800000
20
-140.07900000
30
0.00000000
0
VERTEX
8
Feedline
10
-65.67300000
20
-138.57900000
30
0.00000000
0
VERTEX
8
Feedline
10
-68.54600000
20
-132.14500000
30
0.00000000
0
VERTEX
8
Feedline
10
-68.54600000
20
-99.55000000
30
0.00000000
0
VERTEX
8
Feedline
10
-72.80800000
20
-105.57900000
30
0.00000000
0
VERTEX
8
Feedline
10
-76.35700000
20
-111.87600000
30
0.00000000
0
VERTEX
8
Feedline
10
-78.87500000
20
-117.94100000
30
0.00000000
0
VERTEX
8
Feedline
10
-80.01800000
20
-123.77700000
30
0.00000000
0
SEQEND
8
Feedline
0
POLYLINE
8
Feedline
66
1
10
0.00000000
20
0.00000000
30
0.00000000
70
1
0
VERTEX
8
Feedline
10
-63.61400000
20
112.03500000
30
0.00000000
0
VERTEX
8
Feedline
10
-55.09000000
20
103.39800000
30
0.00000000
0
VERTEX
8
Feedline
10
15.53400000
20
174.02200000
30
0.00000000
0
VERTEX
8
Feedline
10
6.89700000
20
182.65900000
30
0.00000000
0
SEQEND
8
Feedline
0
POLYLINE
8
Feedline
66
1
10
0.00000000
20
0.00000000
30
0.00000000
70
1
0
VERTEX
8
Feedline
10
-32.01000000
20
91.86700000
30
0.00000000
0
VERTEX
8
Feedline
10
-31.78000000
20
87.06500000
30
0.00000000
0
VERTEX
8
Feedline
10
-29.95000000
20
80.08500000
30
0.00000000
0
VERTEX
8
Feedline
10
-26.51800000
20
73.45000000
30
0.00000000
0
VERTEX
8
Feedline
10
-21.25300000
20
67.15500000
30
0.00000000
0
VERTEX
8
Feedline
10
-15.76000000
20
62.46300000
30
0.00000000
0
VERTEX
8
Feedline
10
-9.12500000
20
58.80200000
30
0.00000000
0
VERTEX
8
Feedline
10
-2.26100000
20
56.85800000
30
0.00000000
0
VERTEX
8
Feedline
10
3.11200000
20
56.62800000
30
0.00000000
0
VERTEX
8
Feedline
10
10.43400000
20
58.00100000
30
0.00000000
0
VERTEX
8
Feedline
10
17.70300000
20
61.18200000
30
0.00000000
0
VERTEX
8
Feedline
10
9.97300000
20
71.18600000
30
0.00000000
0
VERTEX
8
Feedline
10
3.58500000
20
69.01900000
30
0.00000000
0
VERTEX
8
Feedline
10
-3.42100000
20
68.55900000
30
0.00000000
0
VERTEX
8
Feedline
10
-7.67600000
20
69.82400000
30
0.00000000
0
VERTEX
8
Feedline
10
-14.10400000
20
74.18600000
30
0.00000000
0
VERTEX
8
Feedline
10
-15.37100000
20
75.56900000
30
0.00000000
0
VERTEX
8
Feedline
10
-19.16000000
20
81.99800000
30
0.00000000
0
VERTEX
8
Feedline
10
-20.30800000
20
89.46200000
30
0.00000000
0
VERTEX
8
Feedline
10
-19.84900000
20
93.60000000
30
0.00000000
0
VERTEX
8
Feedline
10
-17.09400000
20
100.37300000
30
0.00000000
0
VERTEX
8
Feedline
10
-12.13400000
20
107.17800000
30
0.00000000
0
VERTEX
8
Feedline
10
-12.12300000
20
107.17900000
30
0.00000000
0
VERTEX
8
Feedline
10
26.03300000
20
69.02300000
30
0.00000000
0
VERTEX
8
Feedline
10
28.40200000
20
71.28000000
30
0.00000000
0
VERTEX
8
Feedline
10
33.66900000
20
77.34700000
30
0.00000000
0
VERTEX
8
Feedline
10
37.90300000
20
83.98600000
30
0.00000000
0
VERTEX
8
Feedline
10
40.42000000
20
90.62200000
30
0.00000000
0
VERTEX
8
Feedline
10
41.45000000
20
97.37300000
30
0.00000000
0
VERTEX
8
Feedline
10
41.45000000
20
101.14500000
30
0.00000000
0
VERTEX
8
Feedline
10
39.96300000
20
108.35200000
30
0.00000000
0
VERTEX
8
Feedline
10
36.76100000
20
114.98700000
30
0.00000000
0
VERTEX
8
Feedline
10
31.72500000
20
121.16600000
30
0.00000000
0
VERTEX
8
Feedline
10
28.17900000
20
124.36900000
30
0.00000000
0
VERTEX
8
Feedline
10
21.77200000
20
128.37400000
30
0.00000000
0
VERTEX
8
Feedline
10
14.79300000
20
130.66200000
30
0.00000000
0
VERTEX
8
Feedline
10
7.35400000
20
131.23400000
30
0.00000000
0
VERTEX
8
Feedline
10
7.24500000
20
131.23400000
30
0.00000000
0
VERTEX
8
Feedline
10
0.49400000
20
130.20400000
30
0.00000000
0
VERTEX
8
Feedline
10
-4.63200000
20
128.29300000
30
0.00000000
0
VERTEX
8
Feedline
10
-4.63200000
20
113.86800000
30
0.00000000
0
VERTEX
8
Feedline
10
-4.63100000
20
113.87800000
30
0.00000000
0
VERTEX
8
Feedline
10
-3.21400000
20
114.94100000
30
0.00000000
0
VERTEX
8
Feedline
10
3.55800000
20
118.84300000
30
0.00000000
0
VERTEX
8
Feedline
10
10.67500000
20
119.99100000
30
0.00000000
0
VERTEX
8
Feedline
10
11.25600000
20
119.99100000
30
0.00000000
0
VERTEX
8
Feedline
10
18.49000000
20
118.38400000
30
0.00000000
0
VERTEX
8
Feedline
10
24.80600000
20
114.02100000
30
0.00000000
0
VERTEX
8
Feedline
10
26.41800000
20
112.17700000
30
0.00000000
0
VERTEX
8
Feedline
10
29.86200000
20
105.63200000
30
0.00000000
0
VERTEX
8
Feedline
10
30.55200000
20
98.16600000
30
0.00000000
0
VERTEX
8
Feedline
10
28.82800000
20
92.30600000
30
0.00000000
0
VERTEX
8
Feedline
10
24.09800000
20
85.15300000
30
0.00000000
0
VERTEX
8
Feedline
10
24.08400000
20
85.15200000
30
0.00000000
0
VERTEX
8
Feedline
10
-4.63200000
20
113.86800000
30
0.00000000
0
VERTEX
8
Feedline
10
-4.63200000
20
128.29300000
30
0.00000000
0
VERTEX
8
Feedline
10
-6.25700000
20
127.68700000
30
0.00000000
0
VERTEX
8
Feedline
10
-12.78000000
20
123.56700000
30
0.00000000
0
VERTEX
8
Feedline
10
-19.30600000
20
117.84300000
30
0.00000000
0
VERTEX
8
Feedline
10
-24.34300000
20
112.11900000
30
0.00000000
0
VERTEX
8
Feedline
10
-28.57700000
20
105.48200000
30
0.00000000
0
VERTEX
8
Feedline
10
-31.09400000
20
98.73200000
30
0.00000000
0
SEQEND
8
Feedline
0
POLYLINE
8
Feedline
66
1
10
0.00000000
20
0.00000000
30
0.00000000
70
1
0
VERTEX
8
Feedline
10
-33.47800000
20
-182.66400000
30
0.00000000
0
VERTEX
8
Feedline
10
-23.58100000
20
-192.44700000
30
0.00000000
0
VERTEX
8
Feedline
10
-13.79800000
20
-182.66400000
30
0.00000000
0
VERTEX
8
Feedline
10
-23.58100000
20
-172.88100000
30
0.00000000
0
SEQEND
8
Feedline
0
POLYLINE
8
Feedline
66
1
10
0.00000000
20
0.00000000
30
0.00000000
70
1
0
VERTEX
8
Feedline
10
2.36400000
20
-210.73100000
30
0.00000000
0
VERTEX
8
Feedline
10
3.96600000
20
-217.93700000
30
0.00000000
0
VERTEX
8
Feedline
10
7.16900000
20
-224.57300000
30
0.00000000
0
VERTEX
8
Feedline
10
12.08900000
20
-230.63700000
30
0.00000000
0
VERTEX
8
Feedline
10
13.23100000
20
-231.66500000
30
0.00000000
0
VERTEX
8
Feedline
10
19.52500000
20
-236.24300000
30
0.00000000
0
VERTEX
8
Feedline
10
26.50600000
20
-238.98900000
30
0.00000000
0
VERTEX
8
Feedline
10
27.87200000
20
-239.33100000
30
0.00000000
0
VERTEX
8
Feedline
10
35.42400000
20
-239.67400000
30
0.00000000
0
VERTEX
8
Feedline
10
43.09100000
20
-238.07200000
30
0.00000000
0
VERTEX
8
Feedline
10
45.49000000
20
-237.15800000
30
0.00000000
0
VERTEX
8
Feedline
10
52.24300000
20
-233.61000000
30
0.00000000
0
VERTEX
8
Feedline
10
58.30900000
20
-228.57400000
30
0.00000000
0
VERTEX
8
Feedline
10
60.25200000
20
-226.40200000
30
0.00000000
0
VERTEX
8
Feedline
10
64.83100000
20
-220.10600000
30
0.00000000
0
VERTEX
8
Feedline
10
67.69000000
20
-213.24300000
30
0.00000000
0
VERTEX
8
Feedline
10
68.72000000
20
-206.03400000
30
0.00000000
0
VERTEX
8
Feedline
10
68.72000000
20
-205.35300000
30
0.00000000
0
VERTEX
8
Feedline
10
67.80500000
20
-197.68700000
30
0.00000000
0
VERTEX
8
Feedline
10
64.94500000
20
-190.93800000
30
0.00000000
0
VERTEX
8
Feedline
10
60.25500000
20
-184.87600000
30
0.00000000
0
VERTEX
8
Feedline
10
55.45200000
20
-180.98800000
30
0.00000000
0
VERTEX
8
Feedline
10
48.47500000
20
-177.67000000
30
0.00000000
0
VERTEX
8
Feedline
10
41.61300000
20
-176.52600000
30
0.00000000
0
VERTEX
8
Feedline
10
33.77500000
20
-177.10300000
30
0.00000000
0
VERTEX
8
Feedline
10
33.75600000
20
-177.07400000
30
0.00000000
0
VERTEX
8
Feedline
10
33.89700000
20
-176.78900000
30
0.00000000
0
VERTEX
8
Feedline
10
40.66700000
20
-170.70800000
30
0.00000000
0
VERTEX
8
Feedline
10
46.97300000
20
-166.12100000
30
0.00000000
0
VERTEX
8
Feedline
10
52.60300000
20
-163.13500000
30
0.00000000
0
VERTEX
8
Feedline
10
52.72200000
20
-163.13500000
30
0.00000000
0
VERTEX
8
Feedline
10
60.51400000
20
-160.84400000
30
0.00000000
0
VERTEX
8
Feedline
10
67.74500000
20
-160.84400000
30
0.00000000
0
VERTEX
8
Feedline
10
70.96700000
20
-161.65000000
30
0.00000000
0
VERTEX
8
Feedline
10
77.39900000
20
-165.89800000
30
0.00000000
0
VERTEX
8
Feedline
10
80.96300000
20
-170.95700000
30
0.00000000
0
VERTEX
8
Feedline
10
82.34200000
20
-178.31000000
30
0.00000000
0
VERTEX
8
Feedline
10
81.76600000
20
-181.53300000
30
0.00000000
0
VERTEX
8
Feedline
10
78.22800000
20
-188.95300000
30
0.00000000
0
VERTEX
8
Feedline
10
87.43700000
20
-196.91100000
30
0.00000000
0
VERTEX
8
Feedline
10
90.72500000
20
-191.92200000
30
0.00000000
0
VERTEX
8
Feedline
10
93.35600000
20
-184.83000000
30
0.00000000
0
VERTEX
8
Feedline
10
93.92800000
20
-177.62400000
30
0.00000000
0
VERTEX
8
Feedline
10
93.01300000
20
-172.36700000
30
0.00000000
0
VERTEX
8
Feedline
10
90.03900000
20
-165.61700000
30
0.00000000
0
VERTEX
8
Feedline
10
85.00500000
20
-159.32400000
30
0.00000000
0
VERTEX
8
Feedline
10
80.08500000
20
-155.20600000
30
0.00000000
0
VERTEX
8
Feedline
10
73.67800000
20
-151.54500000
30
0.00000000
0
VERTEX
8
Feedline
10
66.58600000
20
-149.71500000
30
0.00000000
0
VERTEX
8
Feedline
10
59.15000000
20
-149.60000000
30
0.00000000
0
VERTEX
8
Feedline
10
54.46000000
20
-150.40100000
30
0.00000000
0
VERTEX
8
Feedline
10
48.39400000
20
-152.46100000
30
0.00000000
0
VERTEX
8
Feedline
10
42.09800000
20
-155.66600000
30
0.00000000
0
VERTEX
8
Feedline
10
35.57100000
20
-159.90300000
30
0.00000000
0
VERTEX
8
Feedline
10
28.81500000
20
-165.28600000
30
0.00000000
0
VERTEX
8
Feedline
10
21.82700000
20
-171.81600000
30
0.00000000
0
VERTEX
8
Feedline
10
20.91100000
20
-172.73000000
30
0.00000000
0
VERTEX
8
Feedline
10
14.61300000
20
-179.71700000
30
0.00000000
0
VERTEX
8
Feedline
10
13.49200000
20
-181.21900000
30
0.00000000
0
VERTEX
8
Feedline
10
13.49200000
20
-210.16100000
30
0.00000000
0
VERTEX
8
Feedline
10
14.87000000
20
-202.47100000
30
0.00000000
0
VERTEX
8
Feedline
10
16.93700000
20
-198.10600000
30
0.00000000
0
VERTEX
8
Feedline
10
21.52700000
20
-191.91100000
30
0.00000000
0
VERTEX
8
Feedline
10
23.13800000
20
-190.53000000
30
0.00000000
0
VERTEX
8
Feedline
10
29.68000000
20
-186.39800000
30
0.00000000
0
VERTEX
8
Feedline
10
36.79800000
20
-184.90500000
30
0.00000000
0
VERTEX
8
Feedline
10
37.38100000
20
-184.90500000
30
0.00000000
0
VERTEX
8
Feedline
10
44.72900000
20
-186.39800000
30
0.00000000
0
VERTEX
8
Feedline
10
50.92800000
20
-190.76100000
30
0.00000000
0
VERTEX
8
Feedline
10
51.27900000
20
-191.11100000
30
0.00000000
0
VERTEX
8
Feedline
10
55.41300000
20
-197.42500000
30
0.00000000
0
VERTEX
8
Feedline
10
56.67500000
20
-204.77600000
30
0.00000000
0
VERTEX
8
Feedline
10
56.44500000
20
-207.08000000
30
0.00000000
0
VERTEX
8
Feedline
10
53.91900000
20
-213.85300000
30
0.00000000
0
VERTEX
8
Feedline
10
48.98500000
20
-220.28000000
30
0.00000000
0
VERTEX
8
Feedline
10
46.34300000
20
-222.69200000
30
0.00000000
0
VERTEX
8
Feedline
10
39.80200000
20
-226.82400000
30
0.00000000
0
VERTEX
8
Feedline
10
32.91300000
20
-228.43100000
30
0.00000000
0
VERTEX
8
Feedline
10
32.78900000
20
-228.43100000
30
0.00000000
0
VERTEX
8
Feedline
10
25.21200000
20
-227.39800000
30
0.00000000
0
VERTEX
8
Feedline
10
19.01000000
20
-223.37700000
30
0.00000000
0
VERTEX
8
Feedline
10
17.05200000
20
-221.07500000
30
0.00000000
0
VERTEX
8
Feedline
10
13.95200000
20
-214.07100000
30
0.00000000
0
VERTEX
8
Feedline
10
13.49200000
20
-210.16100000
30
0.00000000
0
VERTEX
8
Feedline
10
13.49200000
20
-181.21900000
30
0.00000000
0
VERTEX
8
Feedline
10
9.57500000
20
-186.47200000
30
0.00000000
0
VERTEX
8
Feedline
10
5.91100000
20
-192.88300000
30
0.00000000
0
VERTEX
8
Feedline
10
3.50800000
20
-199.06300000
30
0.00000000
0
VERTEX
8
Feedline
10
2.36400000
20
-205.01200000
30
0.00000000
0
SEQEND
8
Feedline
0
POLYLINE
8
Feedline
66
1
10
0.00000000
20
0.00000000
30
0.00000000
70
1
0
VERTEX
8
Feedline
10
7.88500000
20
-141.30000000
30
0.00000000
0
VERTEX
8
Feedline
10
17.66800000
20
-151.19800000
30
0.00000000
0
VERTEX
8
Feedline
10
27.45100000
20
-141.30000000
30
0.00000000
0
VERTEX
8
Feedline
10
17.66800000
20
-131.51800000
30
0.00000000
0
SEQEND
8
Feedline
0
POLYLINE
8
Feedline
66
1
10
0.00000000
20
0.00000000
30
0.00000000
70
1
0
VERTEX
8
Feedline
10
55.18500000
20
-262.98300000
30
0.00000000
0
VERTEX
8
Feedline
10
55.29900000
20
-264.12200000
30
0.00000000
0
VERTEX
8
Feedline
10
56.90100000
20
-271.10200000
30
0.00000000
0
VERTEX
8
Feedline
10
60.33300000
20
-277.85200000
30
0.00000000
0
VERTEX
8
Feedline
10
65.48300000
20
-284.14500000
30
0.00000000
0
VERTEX
8
Feedline
10
71.54800000
20
-289.06600000
30
0.00000000
0
VERTEX
8
Feedline
10
78.06800000
20
-292.49800000
30
0.00000000
0
VERTEX
8
Feedline
10
85.16100000
20
-294.10000000
30
0.00000000
0
VERTEX
8
Feedline
10
92.59900000
20
-294.10000000
30
0.00000000
0
VERTEX
8
Feedline
10
94.88300000
20
-293.75700000
30
0.00000000
0
VERTEX
8
Feedline
10
102.09400000
20
-291.69600000
30
0.00000000
0
VERTEX
8
Feedline
10
108.73100000
20
-288.14900000
30
0.00000000
0
VERTEX
8
Feedline
10
114.79600000
20
-283.11400000
30
0.00000000
0
VERTEX
8
Feedline
10
116.85500000
20
-280.82700000
30
0.00000000
0
VERTEX
8
Feedline
10
121.31700000
20
-274.41800000
30
0.00000000
0
VERTEX
8
Feedline
10
123.94900000
20
-267.55500000
30
0.00000000
0
VERTEX
8
Feedline
10
124.86400000
20
-260.23100000
30
0.00000000
0
VERTEX
8
Feedline
10
124.86400000
20
-258.51900000
30
0.00000000
0
VERTEX
8
Feedline
10
123.60600000
20
-251.08300000
30
0.00000000
0
VERTEX
8
Feedline
10
120.51700000
20
-244.33300000
30
0.00000000
0
VERTEX
8
Feedline
10
115.71200000
20
-238.27000000
30
0.00000000
0
VERTEX
8
Feedline
10
112.05200000
20
-235.18200000
30
0.00000000
0
VERTEX
8
Feedline
10
105.53100000
20
-231.52100000
30
0.00000000
0
VERTEX
8
Feedline
10
97.80800000
20
-229.33100000
30
0.00000000
0
VERTEX
8
Feedline
10
97.80100000
20
-229.28700000
30
0.00000000
0
VERTEX
8
Feedline
10
120.68100000
20
-214.10900000
30
0.00000000
0
VERTEX
8
Feedline
10
148.97600000
20
-242.28900000
30
0.00000000
0
VERTEX
8
Feedline
10
157.15500000
20
-233.99500000
30
0.00000000
0
VERTEX
8
Feedline
10
122.04400000
20
-198.99900000
30
0.00000000
0
VERTEX
8
Feedline
10
79.04000000
20
-228.39200000
30
0.00000000
0
VERTEX
8
Feedline
10
86.09400000
20
-237.49400000
30
0.00000000
0
VERTEX
8
Feedline
10
88.59200000
20
-237.15400000
30
0.00000000
0
VERTEX
8
Feedline
10
96.28000000
20
-237.84200000
30
0.00000000
0
VERTEX
8
Feedline
10
99.50200000
20
-238.99200000
30
0.00000000
0
VERTEX
8
Feedline
10
105.81300000
20
-243.58200000
30
0.00000000
0
VERTEX
8
Feedline
10
107.19500000
20
-245.08000000
30
0.00000000
0
VERTEX
8
Feedline
10
111.21300000
20
-251.62300000
30
0.00000000
0
VERTEX
8
Feedline
10
112.47500000
20
-258.85700000
30
0.00000000
0
VERTEX
8
Feedline
10
112.24500000
20
-261.50500000
30
0.00000000
0
VERTEX
8
Feedline
10
109.83400000
20
-268.27900000
30
0.00000000
0
VERTEX
8
Feedline
10
104.90000000
20
-274.70500000
30
0.00000000
0
VERTEX
8
Feedline
10
101.56900000
20
-277.69100000
30
0.00000000
0
VERTEX
8
Feedline
10
94.91200000
20
-281.47800000
30
0.00000000
0
VERTEX
8
Feedline
10
87.91000000
20
-282.97100000
30
0.00000000
0
VERTEX
8
Feedline
10
86.06700000
20
-282.97100000
30
0.00000000
0
VERTEX
8
Feedline
10
78.71800000
20
-281.36400000
30
0.00000000
0
VERTEX
8
Feedline
10
72.63100000
20
-276.99900000
30
0.00000000
0
VERTEX
8
Feedline
10
68.95400000
20
-272.05800000
30
0.00000000
0
VERTEX
8
Feedline
10
67.11700000
20
-264.82800000
30
0.00000000
0
VERTEX
8
Feedline
10
67.00100000
20
-264.24400000
30
0.00000000
0
VERTEX
8
Feedline
10
68.26400000
20
-257.23800000
30
0.00000000
0
VERTEX
8
Feedline
10
72.37300000
20
-250.04700000
30
0.00000000
0
VERTEX
8
Feedline
10
62.48400000
20
-241.75100000
30
0.00000000
0
VERTEX
8
Feedline
10
62.39700000
20
-241.92600000
30
0.00000000
0
VERTEX
8
Feedline
10
58.04600000
20
-248.56900000
30
0.00000000
0
VERTEX
8
Feedline
10
55.75700000
20
-255.66100000
30
0.00000000
0
SEQEND
8
Feedline
0
POLYLINE
8
Feedline
66
1
10
0.00000000
20
0.00000000
30
0.00000000
70
1
0
VERTEX
8
Feedline
10
82.22600000
20
-20.42200000
30
0.00000000
0
VERTEX
8
Feedline
10
82.45500000
20
-27.97400000
30
0.00000000
0
VERTEX
8
Feedline
10
84.51500000
20
-35.52600000
30
0.00000000
0
VERTEX
8
Feedline
10
87.60400000
20
-41.70500000
30
0.00000000
0
VERTEX
8
Feedline
10
92.06900000
20
-48.00200000
30
0.00000000
0
VERTEX
8
Feedline
10
97.79500000
20
-54.41400000
30
0.00000000
0
VERTEX
8
Feedline
10
101.11300000
20
-57.50400000
30
0.00000000
0
VERTEX
8
Feedline
10
107.52300000
20
-61.96800000
30
0.00000000
0
VERTEX
8
Feedline
10
114.16300000
20
-65.17400000
30
0.00000000
0
VERTEX
8
Feedline
10
116.10500000
20
-65.85800000
30
0.00000000
0
VERTEX
8
Feedline
10
123.77200000
20
-67.23200000
30
0.00000000
0
VERTEX
8
Feedline
10
131.20800000
20
-66.65900000
30
0.00000000
0
VERTEX
8
Feedline
10
131.66000000
20
-66.54700000
30
0.00000000
0
VERTEX
8
Feedline
10
138.98400000
20
-63.91500000
30
0.00000000
0
VERTEX
8
Feedline
10
145.04400000
20
-59.34000000
30
0.00000000
0
VERTEX
8
Feedline
10
149.50500000
20
-53.39400000
30
0.00000000
0
VERTEX
8
Feedline
10
152.13500000
20
-46.30200000
30
0.00000000
0
VERTEX
8
Feedline
10
152.24900000
20
-45.28000000
30
0.00000000
0
VERTEX
8
Feedline
10
152.24900000
20
-38.07000000
30
0.00000000
0
VERTEX
8
Feedline
10
150.18900000
20
-30.06100000
30
0.00000000
0
VERTEX
8
Feedline
10
148.01300000
20
-25.25200000
30
0.00000000
0
VERTEX
8
Feedline
10
144.34900000
20
-18.49500000
30
0.00000000
0
VERTEX
8
Feedline
10
139.07900000
20
-9.90400000
30
0.00000000
0
VERTEX
8
Feedline
10
134.83900000
20
-2.91200000
30
0.00000000
0
VERTEX
8
Feedline
10
131.28400000
20
4.31300000
30
0.00000000
0
VERTEX
8
Feedline
10
130.02000000
20
9.25200000
30
0.00000000
0
VERTEX
8
Feedline
10
130.13600000
20
11.67600000
30
0.00000000
0
VERTEX
8
Feedline
10
133.46900000
20
18.34300000
30
0.00000000
0
VERTEX
8
Feedline
10
137.38600000
20
20.99200000
30
0.00000000
0
VERTEX
8
Feedline
10
144.96800000
20
21.91200000
30
0.00000000
0
VERTEX
8
Feedline
10
147.27300000
20
21.45000000
30
0.00000000
0
VERTEX
8
Feedline
10
153.58600000
20
18.46500000
30
0.00000000
0
VERTEX
8
Feedline
10
160.46900000
20
12.73000000
30
0.00000000
0
VERTEX
8
Feedline
10
162.99500000
20
9.86100000
30
0.00000000
0
VERTEX
8
Feedline
10
167.46900000
20
3.32100000
30
0.00000000
0
VERTEX
8
Feedline
10
169.42100000
20
-3.11100000
30
0.00000000
0
VERTEX
8
Feedline
10
169.42100000
20
-4.15300000
30
0.00000000
0
VERTEX
8
Feedline
10
168.27300000
20
-11.15500000
30
0.00000000
0
VERTEX
8
Feedline
10
164.16500000
20
-18.11600000
30
0.00000000
0
VERTEX
8
Feedline
10
173.72200000
20
-26.30900000
30
0.00000000
0
VERTEX
8
Feedline
10
174.60300000
20
-25.42900000
30
0.00000000
0
VERTEX
8
Feedline
10
178.83600000
20
-18.90800000
30
0.00000000
0
VERTEX
8
Feedline
10
181.35300000
20
-11.81400000
30
0.00000000
0
VERTEX
8
Feedline
10
181.58100000
20
-10.21700000
30
0.00000000
0
VERTEX
8
Feedline
10
181.58100000
20
-2.78000000
30
0.00000000
0
VERTEX
8
Feedline
10
179.63600000
20
4.88600000
30
0.00000000
0
VERTEX
8
Feedline
10
177.80600000
20
8.65900000
30
0.00000000
0
VERTEX
8
Feedline
10
173.68500000
20
15.07100000
30
0.00000000
0
VERTEX
8
Feedline
10
168.18900000
20
21.25300000
30
0.00000000
0
VERTEX
8
Feedline
10
165.67300000
20
23.65600000
30
0.00000000
0
VERTEX
8
Feedline
10
159.49000000
20
28.35000000
30
0.00000000
0
VERTEX
8
Feedline
10
152.85200000
20
31.78300000
30
0.00000000
0
VERTEX
8
Feedline
10
151.94000000
20
32.12500000
30
0.00000000
0
VERTEX
8
Feedline
10
144.38800000
20
33.95600000
30
0.00000000
0
VERTEX
8
Feedline
10
136.95500000
20
33.61200000
30
0.00000000
0
VERTEX
8
Feedline
10
129.98000000
20
31.09700000
30
0.00000000
0
VERTEX
8
Feedline
10
123.91800000
20
26.63700000
30
0.00000000
0
VERTEX
8
Feedline
10
120.49000000
20
22.40900000
30
0.00000000
0
VERTEX
8
Feedline
10
117.74500000
20
15.43200000
30
0.00000000
0
VERTEX
8
Feedline
10
117.17300000
20
9.14400000
30
0.00000000
0
VERTEX
8
Feedline
10
118.66000000
20
1.24900000
30
0.00000000
0
VERTEX
8
Feedline
10
119.80400000
20
-1.83700000
30
0.00000000
0
VERTEX
8
Feedline
10
123.01100000
20
-8.36600000
30
0.00000000
0
VERTEX
8
Feedline
10
127.82200000
20
-16.72800000
30
0.00000000
0
VERTEX
8
Feedline
10
129.99900000
20
-20.27800000
30
0.00000000
0
VERTEX
8
Feedline
10
134.46800000
20
-28.07200000
30
0.00000000
0
VERTEX
8
Feedline
10
136.99100000
20
-32.77300000
30
0.00000000
0
VERTEX
8
Feedline
10
138.25500000
20
-36.21900000
30
0.00000000
0
VERTEX
8
Feedline
10
139.17300000
20
-43.33700000
30
0.00000000
0
VERTEX
8
Feedline
10
138.94100000
20
-44.49800000
30
0.00000000
0
VERTEX
8
Feedline
10
135.26600000
20
-51.15800000
30
0.00000000
0
VERTEX
8
Feedline
10
134.22200000
20
-52.08600000
30
0.00000000
0
VERTEX
8
Feedline
10
127.21800000
20
-55.18600000
30
0.00000000
0
VERTEX
8
Feedline
10
124.33700000
20
-55.41700000
30
0.00000000
0
VERTEX
8
Feedline
10
116.76100000
20
-53.46500000
30
0.00000000
0
VERTEX
8
Feedline
10
111.82400000
20
-50.82500000
30
0.00000000
0
VERTEX
8
Feedline
10
105.62500000
20
-45.65900000
30
0.00000000
0
VERTEX
8
Feedline
10
105.50800000
20
-45.42500000
30
0.00000000
0
VERTEX
8
Feedline
10
100.35200000
20
-39.23800000
30
0.00000000
0
VERTEX
8
Feedline
10
96.91000000
20
-32.58300000
30
0.00000000
0
VERTEX
8
Feedline
10
95.30300000
20
-27.30100000
30
0.00000000
0
VERTEX
8
Feedline
10
95.30300000
20
-19.95300000
30
0.00000000
0
VERTEX
8
Feedline
10
96.79600000
20
-15.24200000
30
0.00000000
0
VERTEX
8
Feedline
10
101.01700000
20
-8.39800000
30
0.00000000
0
VERTEX
8
Feedline
10
91.57700000
20
-0.43800000
30
0.00000000
0
VERTEX
8
Feedline
10
89.09100000
20
-3.26200000
30
0.00000000
0
VERTEX
8
Feedline
10
85.08700000
20
-9.78400000
30
0.00000000
0
VERTEX
8
Feedline
10
82.79800000
20
-16.99400000
30
0.00000000
0
SEQEND
8
Feedline
0
POLYLINE
8
Feedline
66
1
10
0.00000000
20
0.00000000
30
0.00000000
70
1
0
VERTEX
8
Feedline
10
111.90200000
20
-319.35500000
30
0.00000000
0
VERTEX
8
Feedline
10
112.81800000
20
-326.44700000
30
0.00000000
0
VERTEX
8
Feedline
10
115.79100000
20
-333.19500000
30
0.00000000
0
VERTEX
8
Feedline
10
120.71200000
20
-339.37400000
30
0.00000000
0
VERTEX
8
Feedline
10
124.14200000
20
-342.46100000
30
0.00000000
0
VERTEX
8
Feedline
10
130.77700000
20
-346.35100000
30
0.00000000
0
VERTEX
8
Feedline
10
137.75400000
20
-348.06700000
30
0.00000000
0
VERTEX
8
Feedline
10
142.21200000
20
-348.18100000
30
0.00000000
0
VERTEX
8
Feedline
10
149.53500000
20
-346.92300000
30
0.00000000
0
VERTEX
8
Feedline
10
157.20400000
20
-343.83200000
30
0.00000000
0
VERTEX
8
Feedline
10
161.09500000
20
-341.65700000
30
0.00000000
0
VERTEX
8
Feedline
10
166.93700000
20
-337.64900000
30
0.00000000
0
VERTEX
8
Feedline
10
173.23400000
20
-332.61000000
30
0.00000000
0
VERTEX
8
Feedline
10
179.76400000
20
-326.42500000
30
0.00000000
0
VERTEX
8
Feedline
10
180.22100000
20
-325.96800000
30
0.00000000
0
VERTEX
8
Feedline
10
186.40600000
20
-319.43900000
30
0.00000000
0
VERTEX
8
Feedline
10
191.21600000
20
-313.48400000
30
0.00000000
0
VERTEX
8
Feedline
10
194.87900000
20
-308.10300000
30
0.00000000
0
VERTEX
8
Feedline
10
195.22100000
20
-307.41800000
30
0.00000000
0
VERTEX
8
Feedline
10
198.88600000
20
-300.20300000
30
0.00000000
0
VERTEX
8
Feedline
10
201.06100000
20
-293.10800000
30
0.00000000
0
VERTEX
8
Feedline
10
201.63300000
20
-287.04700000
30
0.00000000
0
VERTEX
8
Feedline
10
200.48900000
20
-279.49700000
30
0.00000000
0
VERTEX
8
Feedline
10
197.85800000
20
-273.55100000
30
0.00000000
0
VERTEX
8
Feedline
10
192.82400000
20
-267.25700000
30
0.00000000
0
VERTEX
8
Feedline
10
189.50700000
20
-264.28400000
30
0.00000000
0
VERTEX
8
Feedline
10
182.98700000
20
-260.39600000
30
0.00000000
0
VERTEX
8
Feedline
10
176.01000000
20
-258.68000000
30
0.00000000
0
VERTEX
8
Feedline
10
171.55100000
20
-258.56500000
30
0.00000000
0
VERTEX
8
Feedline
10
164.22800000
20
-259.71000000
30
0.00000000
0
VERTEX
8
Feedline
10
156.55900000
20
-262.68500000
30
0.00000000
0
VERTEX
8
Feedline
10
152.43900000
20
-264.97500000
30
0.00000000
0
VERTEX
8
Feedline
10
146.60000000
20
-268.98200000
30
0.00000000
0
VERTEX
8
Feedline
10
140.30000000
20
-274.13700000
30
0.00000000
0
VERTEX
8
Feedline
10
133.77100000
20
-280.32100000
30
0.00000000
0
VERTEX
8
Feedline
10
129.99200000
20
-284.21600000
30
0.00000000
0
VERTEX
8
Feedline
10
124.03700000
20
-291.20100000
30
0.00000000
0
VERTEX
8
Feedline
10
123.48900000
20
-291.96400000
30
0.00000000
0
VERTEX
8
Feedline
10
123.48900000
20
-324.41000000
30
0.00000000
0
VERTEX
8
Feedline
10
123.60400000
20
-316.48800000
30
0.00000000
0
VERTEX
8
Feedline
10
123.95000000
20
-314.75900000
30
0.00000000
0
VERTEX
8
Feedline
10
126.13100000
20
-309.48000000
30
0.00000000
0
VERTEX
8
Feedline
10
130.03000000
20
-303.51500000
30
0.00000000
0
VERTEX
8
Feedline
10
135.53200000
20
-296.75200000
30
0.00000000
0
VERTEX
8
Feedline
10
142.63800000
20
-289.18800000
30
0.00000000
0
VERTEX
8
Feedline
10
146.53600000
20
-285.40500000
30
0.00000000
0
VERTEX
8
Feedline
10
153.64300000
20
-279.21500000
30
0.00000000
0
VERTEX
8
Feedline
10
160.06300000
20
-274.51400000
30
0.00000000
0
VERTEX
8
Feedline
10
165.80000000
20
-271.41700000
30
0.00000000
0
VERTEX
8
Feedline
10
170.96200000
20
-269.81100000
30
0.00000000
0
VERTEX
8
Feedline
10
172.00400000
20
-269.57900000
30
0.00000000
0
VERTEX
8
Feedline
10
179.35700000
20
-270.26800000
30
0.00000000
0
VERTEX
8
Feedline
10
185.67400000
20
-274.28900000
30
0.00000000
0
VERTEX
8
Feedline
10
187.05800000
20
-275.90400000
30
0.00000000
0
VERTEX
8
Feedline
10
190.04600000
20
-282.33700000
30
0.00000000
0
VERTEX
8
Feedline
10
190.04600000
20
-290.25900000
30
0.00000000
0
VERTEX
8
Feedline
10
189.70000000
20
-291.98800000
30
0.00000000
0
VERTEX
8
Feedline
10
187.40400000
20
-297.15300000
30
0.00000000
0
VERTEX
8
Feedline
10
183.62000000
20
-303.11600000
30
0.00000000
0
VERTEX
8
Feedline
10
178.11700000
20
-309.99500000
30
0.00000000
0
VERTEX
8
Feedline
10
170.89600000
20
-317.55900000
30
0.00000000
0
VERTEX
8
Feedline
10
168.03000000
20
-320.31100000
30
0.00000000
0
VERTEX
8
Feedline
10
160.81000000
20
-326.84400000
30
0.00000000
0
VERTEX
8
Feedline
10
154.27500000
20
-331.77400000
30
0.00000000
0
VERTEX
8
Feedline
10
148.65200000
20
-334.98600000
30
0.00000000
0
VERTEX
8
Feedline
10
143.71600000
20
-336.59300000
30
0.00000000
0
VERTEX
8
Feedline
10
141.30000000
20
-336.93800000
30
0.00000000
0
VERTEX
8
Feedline
10
133.83500000
20
-336.13400000
30
0.00000000
0
VERTEX
8
Feedline
10
127.86100000
20
-332.34400000
30
0.00000000
0
VERTEX
8
Feedline
10
126.47600000
20
-330.84300000
30
0.00000000
0
VERTEX
8
Feedline
10
123.48900000
20
-324.41000000
30
0.00000000
0
VERTEX
8
Feedline
10
123.48900000
20
-291.96400000
30
0.00000000
0
VERTEX
8
Feedline
10
119.34200000
20
-297.72900000
30
0.00000000
0
VERTEX
8
Feedline
10
115.67800000
20
-304.14000000
30
0.00000000
0
VERTEX
8
Feedline
10
113.27500000
20
-310.20600000
30
0.00000000
0
VERTEX
8
Feedline
10
112.01700000
20
-316.04000000
30
0.00000000
0
SEQEND
8
Feedline
0
POLYLINE
8
Feedline
66
1
10
0.00000000
20
0.00000000
30
0.00000000
70
1
0
VERTEX
8
Feedline
10
144.81000000
20
-99.02400000
30
0.00000000
0
VERTEX
8
Feedline
10
153.67700000
20
-107.89000000
30
0.00000000
0
VERTEX
8
Feedline
10
157.30900000
20
-104.82500000
30
0.00000000
0
VERTEX
8
Feedline
10
163.72800000
20
-99.89600000
30
0.00000000
0
VERTEX
8
Feedline
10
170.03200000
20
-95.65600000
30
0.00000000
0
VERTEX
8
Feedline
10
176.45100000
20
-91.87300000
30
0.00000000
0
VERTEX
8
Feedline
10
182.06800000
20
-88.89300000
30
0.00000000
0
VERTEX
8
Feedline
10
189.05900000
20
-85.56900000
30
0.00000000
0
VERTEX
8
Feedline
10
196.27900000
20
-82.58900000
30
0.00000000
0
VERTEX
8
Feedline
10
203.61400000
20
-79.95300000
30
0.00000000
0
VERTEX
8
Feedline
10
211.17900000
20
-77.54600000
30
0.00000000
0
VERTEX
8
Feedline
10
213.35800000
20
-76.97300000
30
0.00000000
0
VERTEX
8
Feedline
10
221.60800000
20
-74.91000000
30
0.00000000
0
VERTEX
8
Feedline
10
229.51700000
20
-73.30600000
30
0.00000000
0
VERTEX
8
Feedline
10
236.85400000
20
-72.38800000
30
0.00000000
0
VERTEX
8
Feedline
10
243.59700000
20
-71.81700000
30
0.00000000
0
VERTEX
8
Feedline
10
250.30800000
20
-65.10500000
30
0.00000000
0
VERTEX
8
Feedline
10
204.66200000
20
-19.45900000
30
0.00000000
0
VERTEX
8
Feedline
10
196.36800000
20
-27.75200000
30
0.00000000
0
VERTEX
8
Feedline
10
230.97500000
20
-62.35900000
30
0.00000000
0
VERTEX
8
Feedline
10
230.95600000
20
-62.40500000
30
0.00000000
0
VERTEX
8
Feedline
10
230.56000000
20
-62.40500000
30
0.00000000
0
VERTEX
8
Feedline
10
223.45900000
20
-63.20700000
30
0.00000000
0
VERTEX
8
Feedline
10
215.89800000
20
-64.46700000
30
0.00000000
0
VERTEX
8
Feedline
10
208.11000000
20
-66.18500000
30
0.00000000
0
VERTEX
8
Feedline
10
199.97800000
20
-68.47600000
30
0.00000000
0
VERTEX
8
Feedline
10
196.54100000
20
-69.50700000
30
0.00000000
0
VERTEX
8
Feedline
10
189.21000000
20
-72.14100000
30
0.00000000
0
VERTEX
8
Feedline
10
181.99400000
20
-75.11900000
30
0.00000000
0
VERTEX
8
Feedline
10
175.00800000
20
-78.55600000
30
0.00000000
0
VERTEX
8
Feedline
10
168.24900000
20
-82.22100000
30
0.00000000
0
VERTEX
8
Feedline
10
162.75200000
20
-85.54300000
30
0.00000000
0
VERTEX
8
Feedline
10
155.76500000
20
-90.12400000
30
0.00000000
0
VERTEX
8
Feedline
10
149.80800000
20
-94.70700000
30
0.00000000
0
SEQEND
8
Feedline
0
POLYLINE
8
Feedline
66
1
10
0.00000000
20
0.00000000
30
0.00000000
70
1
0
VERTEX
8
Feedline
10
166.78600000
20
-374.23900000
30
0.00000000
0
VERTEX
8
Feedline
10
167.70100000
20
-381.44500000
30
0.00000000
0
VERTEX
8
Feedline
10
170.67500000
20
-388.07900000
30
0.00000000
0
VERTEX
8
Feedline
10
175.70900000
20
-394.37200000
30
0.00000000
0
VERTEX
8
Feedline
10
179.13900000
20
-397.34500000
30
0.00000000
0
VERTEX
8
Feedline
10
185.66000000
20
-401.23400000
30
0.00000000
0
VERTEX
8
Feedline
10
192.63800000
20
-402.95000000
30
0.00000000
0
VERTEX
8
Feedline
10
197.09500000
20
-403.06500000
30
0.00000000
0
VERTEX
8
Feedline
10
204.42000000
20
-401.80600000
30
0.00000000
0
VERTEX
8
Feedline
10
212.08800000
20
-398.83000000
30
0.00000000
0
VERTEX
8
Feedline
10
215.97900000
20
-396.65500000
30
0.00000000
0
VERTEX
8
Feedline
10
221.93300000
20
-392.64800000
30
0.00000000
0
VERTEX
8
Feedline
10
228.11700000
20
-387.49500000
30
0.00000000
0
VERTEX
8
Feedline
10
234.64700000
20
-381.30900000
30
0.00000000
0
VERTEX
8
Feedline
10
235.10400000
20
-380.85100000
30
0.00000000
0
VERTEX
8
Feedline
10
241.29000000
20
-374.32200000
30
0.00000000
0
VERTEX
8
Feedline
10
246.21400000
20
-368.36700000
30
0.00000000
0
VERTEX
8
Feedline
10
249.76400000
20
-362.98500000
30
0.00000000
0
VERTEX
8
Feedline
10
250.10600000
20
-362.41500000
30
0.00000000
0
VERTEX
8
Feedline
10
253.76900000
20
-355.08700000
30
0.00000000
0
VERTEX
8
Feedline
10
255.94400000
20
-348.10700000
30
0.00000000
0
VERTEX
8
Feedline
10
256.51600000
20
-341.93000000
30
0.00000000
0
VERTEX
8
Feedline
10
255.48600000
20
-334.38100000
30
0.00000000
0
VERTEX
8
Feedline
10
252.74200000
20
-328.43500000
30
0.00000000
0
VERTEX
8
Feedline
10
247.70800000
20
-322.14200000
30
0.00000000
0
VERTEX
8
Feedline
10
244.39200000
20
-319.28300000
30
0.00000000
0
VERTEX
8
Feedline
10
237.87000000
20
-315.39400000
30
0.00000000
0
VERTEX
8
Feedline
10
230.89300000
20
-313.56400000
30
0.00000000
0
VERTEX
8
Feedline
10
226.43600000
20
-313.44900000
30
0.00000000
0
VERTEX
8
Feedline
10
219.11200000
20
-314.70700000
30
0.00000000
0
VERTEX
8
Feedline
10
211.44400000
20
-317.68300000
30
0.00000000
0
VERTEX
8
Feedline
10
207.43800000
20
-319.97300000
30
0.00000000
0
VERTEX
8
Feedline
10
201.48300000
20
-323.98000000
30
0.00000000
0
VERTEX
8
Feedline
10
195.18500000
20
-329.02000000
30
0.00000000
0
VERTEX
8
Feedline
10
188.65600000
20
-335.31900000
30
0.00000000
0
VERTEX
8
Feedline
10
184.87600000
20
-339.21300000
30
0.00000000
0
VERTEX
8
Feedline
10
178.92000000
20
-346.08500000
30
0.00000000
0
VERTEX
8
Feedline
10
178.48800000
20
-346.69700000
30
0.00000000
0
VERTEX
8
Feedline
10
178.48800000
20
-371.37100000
30
0.00000000
0
VERTEX
8
Feedline
10
178.83300000
20
-369.64200000
30
0.00000000
0
VERTEX
8
Feedline
10
181.01400000
20
-364.47700000
30
0.00000000
0
VERTEX
8
Feedline
10
184.91300000
20
-358.51400000
30
0.00000000
0
VERTEX
8
Feedline
10
190.41600000
20
-351.63500000
30
0.00000000
0
VERTEX
8
Feedline
10
197.52200000
20
-344.07100000
30
0.00000000
0
VERTEX
8
Feedline
10
201.41900000
20
-340.28800000
30
0.00000000
0
VERTEX
8
Feedline
10
208.52600000
20
-334.09900000
30
0.00000000
0
VERTEX
8
Feedline
10
214.94700000
20
-329.51300000
30
0.00000000
0
VERTEX
8
Feedline
10
220.68300000
20
-326.30000000
30
0.00000000
0
VERTEX
8
Feedline
10
225.84900000
20
-324.69300000
30
0.00000000
0
VERTEX
8
Feedline
10
226.89000000
20
-324.57800000
30
0.00000000
0
VERTEX
8
Feedline
10
234.35500000
20
-325.26600000
30
0.00000000
0
VERTEX
8
Feedline
10
240.55800000
20
-329.17300000
30
0.00000000
0
VERTEX
8
Feedline
10
241.94300000
20
-330.78800000
30
0.00000000
0
VERTEX
8
Feedline
10
244.92900000
20
-337.33500000
30
0.00000000
0
VERTEX
8
Feedline
10
244.92900000
20
-345.14200000
30
0.00000000
0
VERTEX
8
Feedline
10
244.58300000
20
-346.98500000
30
0.00000000
0
VERTEX
8
Feedline
10
242.40200000
20
-352.15100000
30
0.00000000
0
VERTEX
8
Feedline
10
238.50300000
20
-358.11500000
30
0.00000000
0
VERTEX
8
Feedline
10
233.00100000
20
-364.87800000
30
0.00000000
0
VERTEX
8
Feedline
10
225.78000000
20
-372.44200000
30
0.00000000
0
VERTEX
8
Feedline
10
222.91400000
20
-375.30800000
30
0.00000000
0
VERTEX
8
Feedline
10
215.69300000
20
-381.84200000
30
0.00000000
0
VERTEX
8
Feedline
10
209.27300000
20
-386.65700000
30
0.00000000
0
VERTEX
8
Feedline
10
203.53700000
20
-389.98400000
30
0.00000000
0
VERTEX
8
Feedline
10
198.59900000
20
-391.59100000
30
0.00000000
0
VERTEX
8
Feedline
10
196.29700000
20
-391.82100000
30
0.00000000
0
VERTEX
8
Feedline
10
188.71800000
20
-391.01700000
30
0.00000000
0
VERTEX
8
Feedline
10
182.74500000
20
-387.22700000
30
0.00000000
0
VERTEX
8
Feedline
10
181.36000000
20
-385.72700000
30
0.00000000
0
VERTEX
8
Feedline
10
178.48800000
20
-379.29300000
30
0.00000000
0
VERTEX
8
Feedline
10
178.48800000
20
-346.69700000
30
0.00000000
0
VERTEX
8
Feedline
10
174.22600000
20
-352.72700000
30
0.00000000
0
VERTEX
8
Feedline
10
170.56200000
20
-359.02400000
30
0.00000000
0
VERTEX
8
Feedline
10
168.15900000
20
-365.20400000
30
0.00000000
0
VERTEX
8
Feedline
10
166.90000000
20
-370.92400000
30
0.00000000
0
SEQEND
8
Feedline
0
POLYLINE
8
Feedline
66
1
10
0.00000000
20
0.00000000
30
0.00000000
70
1
0
VERTEX
8
Feedline
10
205.18300000
20
-159.39600000
30
0.00000000
0
VERTEX
8
Feedline
10
214.63900000
20
-168.85200000
30
0.00000000
0
VERTEX
8
Feedline
10
283.46700000
20
-130.02800000
30
0.00000000
0
VERTEX
8
Feedline
10
286.79000000
20
-128.08100000
30
0.00000000
0
VERTEX
8
Feedline
10
293.83100000
20
-123.81000000
30
0.00000000
0
VERTEX
8
Feedline
10
293.88000000
20
-123.85900000
30
0.00000000
0
VERTEX
8
Feedline
10
292.47200000
20
-126.08800000
30
0.00000000
0
VERTEX
8
Feedline
10
287.77500000
20
-134.33600000
30
0.00000000
0
VERTEX
8
Feedline
10
248.83700000
20
-203.16400000
30
0.00000000
0
VERTEX
8
Feedline
10
257.83500000
20
-212.04900000
30
0.00000000
0
VERTEX
8
Feedline
10
347.80500000
20
-160.88300000
30
0.00000000
0
VERTEX
8
Feedline
10
338.48300000
20
-151.44600000
30
0.00000000
0
VERTEX
8
Feedline
10
282.02900000
20
-185.80000000
30
0.00000000
0
VERTEX
8
Feedline
10
275.72700000
20
-189.58100000
30
0.00000000
0
VERTEX
8
Feedline
10
269.08200000
20
-193.82000000
30
0.00000000
0
VERTEX
8
Feedline
10
263.07200000
20
-197.75000000
30
0.00000000
0
VERTEX
8
Feedline
10
263.02000000
20
-197.69600000
30
0.00000000
0
VERTEX
8
Feedline
10
265.80600000
20
-193.74900000
30
0.00000000
0
VERTEX
8
Feedline
10
270.04600000
20
-187.67600000
30
0.00000000
0
VERTEX
8
Feedline
10
274.28400000
20
-181.14700000
30
0.00000000
0
VERTEX
8
Feedline
10
278.40800000
20
-174.27300000
30
0.00000000
0
VERTEX
8
Feedline
10
282.53300000
20
-167.05600000
30
0.00000000
0
VERTEX
8
Feedline
10
308.18000000
20
-121.25800000
30
0.00000000
0
VERTEX
8
Feedline
10
296.88900000
20
-109.96800000
30
0.00000000
0
VERTEX
8
Feedline
10
235.85100000
20
-144.20900000
30
0.00000000
0
VERTEX
8
Feedline
10
234.59100000
20
-144.89600000
30
0.00000000
0
VERTEX
8
Feedline
10
229.09300000
20
-148.33300000
30
0.00000000
0
VERTEX
8
Feedline
10
219.53100000
20
-154.20800000
30
0.00000000
0
VERTEX
8
Feedline
10
219.48100000
20
-154.15600000
30
0.00000000
0
VERTEX
8
Feedline
10
222.49500000
20
-149.75100000
30
0.00000000
0
VERTEX
8
Feedline
10
226.73400000
20
-143.22100000
30
0.00000000
0
VERTEX
8
Feedline
10
230.97300000
20
-136.57600000
30
0.00000000
0
VERTEX
8
Feedline
10
266.47200000
20
-79.54900000
30
0.00000000
0
VERTEX
8
Feedline
10
257.03500000
20
-69.99900000
30
0.00000000
0
SEQEND
8
Feedline
0
POLYLINE
8
Feedline
66
1
10
0.00000000
20
0.00000000
30
0.00000000
70
1
0
VERTEX
8
Feedline
10
296.51100000
20
-217.03800000
30
0.00000000
0
VERTEX
8
Feedline
10
327.21800000
20
-247.63000000
30
0.00000000
0
VERTEX
8
Feedline
10
310.26000000
20
-264.58800000
30
0.00000000
0
VERTEX
8
Feedline
10
318.89700000
20
-273.22500000
30
0.00000000
0
VERTEX
8
Feedline
10
335.74100000
20
-256.26700000
30
0.00000000
0
VERTEX
8
Feedline
10
345.36500000
20
-265.77700000
30
0.00000000
0
VERTEX
8
Feedline
10
353.20000000
20
-257.94200000
30
0.00000000
0
VERTEX
8
Feedline
10
343.69000000
20
-248.43200000
30
0.00000000
0
VERTEX
8
Feedline
10
389.52200000
20
-202.60100000
30
0.00000000
0
VERTEX
8
Feedline
10
382.47200000
20
-195.55100000
30
0.00000000
0
VERTEX
8
Feedline
10
312.86600000
20
-207.61100000
30
0.00000000
0
VERTEX
8
Feedline
10
312.86600000
20
-217.60700000
30
0.00000000
0
VERTEX
8
Feedline
10
312.87700000
20
-217.57000000
30
0.00000000
0
VERTEX
8
Feedline
10
366.95500000
20
-207.81100000
30
0.00000000
0
VERTEX
8
Feedline
10
366.98300000
20
-207.86500000
30
0.00000000
0
VERTEX
8
Feedline
10
335.05300000
20
-239.79500000
30
0.00000000
0
VERTEX
8
Feedline
10
312.86600000
20
-217.60700000
30
0.00000000
0
VERTEX
8
Feedline
10
312.86600000
20
-207.61100000
30
0.00000000
0
VERTEX
8
Feedline
10
304.48400000
20
-209.06400000
30
0.00000000
0
SEQEND
8
Feedline
0
POLYLINE
8
Feedline
66
1
10
0.00000000
20
0.00000000
30
0.00000000
70
1
0
VERTEX
8
Feedline
10
373.39600000
20
-2769.85500000
30
0.00000000
0
VERTEX
8
Feedline
10
383.93200000
20
-2780.39000000
30
0.00000000
0
VERTEX
8
Feedline
10
405.07400000
20
-2759.24800000
30
0.00000000
0
VERTEX
8
Feedline
10
394.53800000
20
-2748.71200000
30
0.00000000
0
SEQEND
8
Feedline
0
POLYLINE
8
Feedline
66
1
10
0.00000000
20
0.00000000
30
0.00000000
70
1
0
VERTEX
8
Feedline
10
726.95000000
20
-2769.85500000
30
0.00000000
0
VERTEX
8
Feedline
10
737.48500000
20
-2780.39000000
30
0.00000000
0
VERTEX
8
Feedline
10
758.62700000
20
-2759.24800000
30
0.00000000
0
VERTEX
8
Feedline
10
748.09200000
20
-2748.71200000
30
0.00000000
0
SEQEND
8
Feedline
0
POLYLINE
8
Feedline
66
1
10
0.00000000
20
0.00000000
30
0.00000000
70
1
0
VERTEX
8
Feedline
10
1080.50300000
20
-2769.85500000
30
0.00000000
0
VERTEX
8
Feedline
10
1091.03900000
20
-2780.39000000
30
0.00000000
0
VERTEX
8
Feedline
10
1112.18100000
20
-2759.24800000
30
0.00000000
0
VERTEX
8
Feedline
10
1101.64500000
20
-2748.71200000
30
0.00000000
0
SEQEND
8
Feedline
0
POLYLINE
8
Feedline
66
1
10
0.00000000
20
0.00000000
30
0.00000000
70
1
0
VERTEX
8
Feedline
10
1434.05600000
20
-2769.85500000
30
0.00000000
0
VERTEX
8
Feedline
10
1444.59200000
20
-2780.39000000
30
0.00000000
0
VERTEX
8
Feedline
10
1465.73400000
20
-2759.24800000
30
0.00000000
0
VERTEX
8
Feedline
10
1455.19900000
20
-2748.71200000
30
0.00000000
0
SEQEND
8
Feedline
0
POLYLINE
8
Feedline
66
1
10
0.00000000
20
0.00000000
30
0.00000000
70
1
0
VERTEX
8
Feedline
10
1787.61000000
20
-2769.85500000
30
0.00000000
0
VERTEX
8
Feedline
10
1798.14500000
20
-2780.39000000
30
0.00000000
0
VERTEX
8
Feedline
10
1819.28800000
20
-2759.24800000
30
0.00000000
0
VERTEX
8
Feedline
10
1808.75200000
20
-2748.71200000
30
0.00000000
0
SEQEND
8
Feedline
0
POLYLINE
8
Feedline
66
1
10
0.00000000
20
0.00000000
30
0.00000000
70
1
0
VERTEX
8
Feedline
10
2748.71200000
20
-1808.75200000
30
0.00000000
0
VERTEX
8
Feedline
10
2759.24800000
20
-1819.28800000
30
0.00000000
0
VERTEX
8
Feedline
10
2780.39000000
20
-1798.14500000
30
0.00000000
0
VERTEX
8
Feedline
10
2769.85500000
20
-1787.61000000
30
0.00000000
0
SEQEND
8
Feedline
0
POLYLINE
8
Feedline
66
1
10
0.00000000
20
0.00000000
30
0.00000000
70
1
0
VERTEX
8
Feedline
10
2748.71200000
20
-1455.19900000
30
0.00000000
0
VERTEX
8
Feedline
10
2759.24800000
20
-1465.73400000
30
0.00000000
0
VERTEX
8
Feedline
10
2780.39000000
20
-1444.59200000
30
0.00000000
0
VERTEX
8
Feedline
10
2769.85500000
20
-1434.05600000
30
0.00000000
0
SEQEND
8
Feedline
0
POLYLINE
8
Feedline
66
1
10
0.00000000
20
0.00000000
30
0.00000000
70
1
0
VERTEX
8
Feedline
10
2748.71200000
20
-1101.64500000
30
0.00000000
0
VERTEX
8
Feedline
10
2759.24800000
20
-1112.18100000
30
0.00000000
0
VERTEX
8
Feedline
10
2780.39000000
20
-1091.03900000
30
0.00000000
0
VERTEX
8
Feedline
10
2769.85500000
20
-1080.50300000
30
0.00000000
0
SEQEND
8
Feedline
0
POLYLINE
8
Feedline
66
1
10
0.00000000
20
0.00000000
30
0.00000000
70
1
0
VERTEX
8
Feedline
10
2748.71200000
20
-748.09200000
30
0.00000000
0
VERTEX
8
Feedline
10
2759.24800000
20
-758.62700000
30
0.00000000
0
VERTEX
8
Feedline
10
2780.39000000
20
-737.48500000
30
0.00000000
0
VERTEX
8
Feedline
10
2769.85500000
20
-726.95000000
30
0.00000000
0
SEQEND
8
Feedline
0
POLYLINE
8
Feedline
66
1
10
0.00000000
20
0.00000000
30
0.00000000
70
1
0
VERTEX
8
Feedline
10
2748.71200000
20
-394.53800000
30
0.00000000
0
VERTEX
8
Feedline
10
2759.24800000
20
-405.07400000
30
0.00000000
0
VERTEX
8
Feedline
10
2780.39000000
20
-383.93200000
30
0.00000000
0
VERTEX
8
Feedline
10
2769.85500000
20
-373.39600000
30
0.00000000
0
SEQEND
8
Feedline
0
POLYLINE
8
Feedline
66
1
10
0.00000000
20
0.00000000
30
0.00000000
70
1
0
VERTEX
8
Feedline
10
2760.05000000
20
1999.35300000
30
0.00000000
0
VERTEX
8
Feedline
10
2999.95000000
20
1999.35300000
30
0.00000000
0
VERTEX
8
Feedline
10
2999.95000000
20
2399.25300000
30
0.00000000
0
VERTEX
8
Feedline
10
2779.95000000
20
2399.25300000
30
0.00000000
0
VERTEX
8
Feedline
10
2779.95000000
20
2379.35300000
30
0.00000000
0
VERTEX
8
Feedline
10
2980.05000000
20
2379.35300000
30
0.00000000
0
VERTEX
8
Feedline
10
2980.05000000
20
2201.75300000
30
0.00000000
0
VERTEX
8
Feedline
10
2779.95000000
20
2201.75300000
30
0.00000000
0
VERTEX
8
Feedline
10
2779.95000000
20
2196.85300000
30
0.00000000
0
VERTEX
8
Feedline
10
2980.05000000
20
2196.85300000
30
0.00000000
0
VERTEX
8
Feedline
10
2980.05000000
20
2019.25300000
30
0.00000000
0
VERTEX
8
Feedline
10
2779.95000000
20
2019.25300000
30
0.00000000
0
VERTEX
8
Feedline
10
2779.95000000
20
2399.25300000
30
0.00000000
0
VERTEX
8
Feedline
10
2760.05000000
20
2399.25300000
30
0.00000000
0
SEQEND
8
Feedline
0
POLYLINE
8
Feedline
66
1
10
0.00000000
20
0.00000000
30
0.00000000
70
1
0
VERTEX
8
Feedline
10
2900.05000000
20
-2999.95000000
30
0.00000000
0
VERTEX
8
Feedline
10
2999.95000000
20
-2999.95000000
30
0.00000000
0
VERTEX
8
Feedline
10
2999.95000000
20
-2900.05000000
30
0.00000000
0
VERTEX
8
Feedline
10
2900.05000000
20
-2900.05000000
30
0.00000000
0
SEQEND
8
Feedline
0
POLYLINE
8
Feedline
66
1
10
0.00000000
20
0.00000000
30
0.00000000
70
1
0
VERTEX
8
Feedline
10
2900.05000000
20
2900.05000000
30
0.00000000
0
VERTEX
8
Feedline
10
2999.95000000
20
2900.05000000
30
0.00000000
0
VERTEX
8
Feedline
10
2999.95000000
20
2999.95000000
30
0.00000000
0
VERTEX
8
Feedline
10
2900.05000000
20
2999.95000000
30
0.00000000
0
SEQEND
8
Feedline
0
ENDBLK
8
0
0
BLOCK
8
0
2
DXF_TOP_Kantele_S7W41
70
0
10
0.00000000
20
0.00000000
30
0.00000000
3
DXF_TOP_Kantele_S7W41
1

0
POLYLINE
8
Nb_GroundP
66
1
10
0.00000000
20
0.00000000
30
0.00000000
70
1
0
VERTEX
8
Nb_GroundP
10
-3500.00000000
20
-3500.00000000
30
0.00000000
0
VERTEX
8
Nb_GroundP
10
0.00000000
20
-3500.00000000
30
0.00000000
0
VERTEX
8
Nb_GroundP
10
0.00000000
20
-3400.00000000
30
0.00000000
0
VERTEX
8
Nb_GroundP
10
-3400.00000000
20
-3400.00000000
30
0.00000000
0
VERTEX
8
Nb_GroundP
10
-3400.00000000
20
0.00000000
30
0.00000000
0
VERTEX
8
Nb_GroundP
10
-3500.00000000
20
0.00000000
30
0.00000000
0
SEQEND
8
Nb_GroundP
0
POLYLINE
8
Nb_GroundP
66
1
10
0.00000000
20
0.00000000
30
0.00000000
70
1
0
VERTEX
8
Nb_GroundP
10
-3500.00000000
20
0.00000000
30
0.00000000
0
VERTEX
8
Nb_GroundP
10
-3400.00000000
20
0.00000000
30
0.00000000
0
VERTEX
8
Nb_GroundP
10
-3400.00000000
20
3400.00000000
30
0.00000000
0
VERTEX
8
Nb_GroundP
10
0.00000000
20
3400.00000000
30
0.00000000
0
VERTEX
8
Nb_GroundP
10
0.00000000
20
3500.00000000
30
0.00000000
0
VERTEX
8
Nb_GroundP
10
-3500.00000000
20
3500.00000000
30
0.00000000
0
SEQEND
8
Nb_GroundP
0
POLYLINE
8
Nb_GroundP
66
1
10
0.00000000
20
0.00000000
30
0.00000000
70
1
0
VERTEX
8
Nb_GroundP
10
0.00000000
20
-3500.00000000
30
0.00000000
0
VERTEX
8
Nb_GroundP
10
3500.00000000
20
-3500.00000000
30
0.00000000
0
VERTEX
8
Nb_GroundP
10
3500.00000000
20
0.00000000
30
0.00000000
0
VERTEX
8
Nb_GroundP
10
3400.00000000
20
0.00000000
30
0.00000000
0
VERTEX
8
Nb_GroundP
10
3400.00000000
20
-3400.00000000
30
0.00000000
0
VERTEX
8
Nb_GroundP
10
0.00000000
20
-3400.00000000
30
0.00000000
0
SEQEND
8
Nb_GroundP
0
POLYLINE
8
Nb_GroundP
66
1
10
0.00000000
20
0.00000000
30
0.00000000
70
1
0
VERTEX
8
Nb_GroundP
10
0.00000000
20
3400.00000000
30
0.00000000
0
VERTEX
8
Nb_GroundP
10
3400.00000000
20
3400.00000000
30
0.00000000
0
VERTEX
8
Nb_GroundP
10
3400.00000000
20
0.00000000
30
0.00000000
0
VERTEX
8
Nb_GroundP
10
3500.00000000
20
0.00000000
30
0.00000000
0
VERTEX
8
Nb_GroundP
10
3500.00000000
20
3500.00000000
30
0.00000000
0
VERTEX
8
Nb_GroundP
10
0.00000000
20
3500.00000000
30
0.00000000
0
SEQEND
8
Nb_GroundP
0
ENDBLK
8
0
0
BLOCK
8
0
2
BEAMER_TopCell
70
0
10
0.00000000
20
0.00000000
30
0.00000000
3
BEAMER_TopCell
1

0
INSERT
8
0
2
DXF_TOP_Kantele_S7W4
10
0.00000000
20
0.00000000
30
0.00000000
41
1.00000000
42
1.00000000
50
0.00000000
0
INSERT
8
0
2
DXF_TOP_Kantele_S7W41
10
0.00000000
20
0.00000000
30
0.00000000
41
1.00000000
42
1.00000000
50
0.00000000
0
ENDBLK
8
0
0
ENDSEC
0
SECTION
2
ENTITIES
0
INSERT
8
0
2
BEAMER_TopCell
10
0.00000000
20
0.00000000
30
0.00000000
0
ENDSEC
0
EOF
