0
SECTION
2
HEADER
9
$ACADVER
1
AC1006
0
ENDSEC
0
SECTION
2
TABLES
0
TABLE
2
LAYER
70
2
0
LAYER
70
0
62
1
6
CONTINUOUS
2
L0D0
0
LAYER
70
0
62
2
6
CONTINUOUS
2
L1D0
0
ENDTAB
0
ENDSEC
0
SECTION
2
BLOCKS
0
ENDSEC
0
SECTION
2
ENTITIES
0
POLYLINE
8
L0D0
70
1
40
0
41
0
66
1
0
VERTEX
8
L0D0
10
-2500
20
-2500
0
VERTEX
8
L0D0
10
-2500
20
-2300
0
VERTEX
8
L0D0
10
-2300
20
-2300
0
VERTEX
8
L0D0
10
2300
20
-2300
0
VERTEX
8
L0D0
10
2300
20
2300
0
VERTEX
8
L0D0
10
-2300
20
2300
0
VERTEX
8
L0D0
10
-2300
20
-2300
0
VERTEX
8
L0D0
10
-2500
20
-2300
0
VERTEX
8
L0D0
10
-2500
20
2500
0
VERTEX
8
L0D0
10
2500
20
2500
0
VERTEX
8
L0D0
10
2500
20
-2500
0
SEQEND
0
POLYLINE
8
L0D0
70
1
40
0
41
0
66
1
0
VERTEX
8
L0D0
10
1150
20
-2107
0
VERTEX
8
L0D0
10
1146.477
20
-2106.96
0
VERTEX
8
L0D0
10
1142.956
20
-2106.842
0
VERTEX
8
L0D0
10
1139.439
20
-2106.644
0
VERTEX
8
L0D0
10
1135.927
20
-2106.368
0
VERTEX
8
L0D0
10
1132.422
20
-2106.013
0
VERTEX
8
L0D0
10
1128.925
20
-2105.579
0
VERTEX
8
L0D0
10
1125.44
20
-2105.067
0
VERTEX
8
L0D0
10
1121.967
20
-2104.477
0
VERTEX
8
L0D0
10
1118.507
20
-2103.809
0
VERTEX
8
L0D0
10
1115.064
20
-2103.064
0
VERTEX
8
L0D0
10
1111.639
20
-2102.241
0
VERTEX
8
L0D0
10
1108.232
20
-2101.342
0
VERTEX
8
L0D0
10
1104.847
20
-2100.367
0
VERTEX
8
L0D0
10
1101.484
20
-2099.316
0
VERTEX
8
L0D0
10
1098.146
20
-2098.19
0
VERTEX
8
L0D0
10
1094.834
20
-2096.989
0
VERTEX
8
L0D0
10
1091.55
20
-2095.714
0
VERTEX
8
L0D0
10
1088.295
20
-2094.366
0
VERTEX
8
L0D0
10
1085.071
20
-2092.945
0
VERTEX
8
L0D0
10
1081.88
20
-2091.452
0
VERTEX
8
L0D0
10
1078.723
20
-2089.888
0
VERTEX
8
L0D0
10
1075.603
20
-2088.253
0
VERTEX
8
L0D0
10
1072.519
20
-2086.549
0
VERTEX
8
L0D0
10
1069.475
20
-2084.776
0
VERTEX
8
L0D0
10
1066.471
20
-2082.936
0
VERTEX
8
L0D0
10
1063.509
20
-2081.028
0
VERTEX
8
L0D0
10
1060.591
20
-2079.054
0
VERTEX
8
L0D0
10
1057.718
20
-2077.016
0
VERTEX
8
L0D0
10
1054.891
20
-2074.913
0
VERTEX
8
L0D0
10
1052.112
20
-2072.748
0
VERTEX
8
L0D0
10
1049.383
20
-2070.52
0
VERTEX
8
L0D0
10
1046.704
20
-2068.232
0
VERTEX
8
L0D0
10
1044.077
20
-2065.885
0
VERTEX
8
L0D0
10
1041.503
20
-2063.479
0
VERTEX
8
L0D0
10
1038.984
20
-2061.016
0
VERTEX
8
L0D0
10
1036.521
20
-2058.497
0
VERTEX
8
L0D0
10
1034.115
20
-2055.923
0
VERTEX
8
L0D0
10
1031.768
20
-2053.296
0
VERTEX
8
L0D0
10
1029.48
20
-2050.617
0
VERTEX
8
L0D0
10
1027.252
20
-2047.888
0
VERTEX
8
L0D0
10
1025.087
20
-2045.109
0
VERTEX
8
L0D0
10
1022.984
20
-2042.282
0
VERTEX
8
L0D0
10
1020.946
20
-2039.409
0
VERTEX
8
L0D0
10
1018.972
20
-2036.491
0
VERTEX
8
L0D0
10
1017.064
20
-2033.529
0
VERTEX
8
L0D0
10
1015.224
20
-2030.525
0
VERTEX
8
L0D0
10
1013.451
20
-2027.481
0
VERTEX
8
L0D0
10
1011.747
20
-2024.397
0
VERTEX
8
L0D0
10
1010.112
20
-2021.277
0
VERTEX
8
L0D0
10
1008.548
20
-2018.12
0
VERTEX
8
L0D0
10
1007.055
20
-2014.929
0
VERTEX
8
L0D0
10
1005.634
20
-2011.705
0
VERTEX
8
L0D0
10
1004.286
20
-2008.45
0
VERTEX
8
L0D0
10
1003.011
20
-2005.166
0
VERTEX
8
L0D0
10
1001.81
20
-2001.854
0
VERTEX
8
L0D0
10
1000.684
20
-1998.516
0
VERTEX
8
L0D0
10
999.633
20
-1995.153
0
VERTEX
8
L0D0
10
998.658
20
-1991.768
0
VERTEX
8
L0D0
10
997.759
20
-1988.361
0
VERTEX
8
L0D0
10
996.936
20
-1984.936
0
VERTEX
8
L0D0
10
996.191
20
-1981.493
0
VERTEX
8
L0D0
10
995.523
20
-1978.033
0
VERTEX
8
L0D0
10
994.933
20
-1974.56
0
VERTEX
8
L0D0
10
994.421
20
-1971.075
0
VERTEX
8
L0D0
10
993.987
20
-1967.578
0
VERTEX
8
L0D0
10
993.632
20
-1964.073
0
VERTEX
8
L0D0
10
993.356
20
-1960.561
0
VERTEX
8
L0D0
10
993.158
20
-1957.044
0
VERTEX
8
L0D0
10
993.04
20
-1953.523
0
VERTEX
8
L0D0
10
993
20
-1950
0
VERTEX
8
L0D0
10
993
20
-848.1
0
VERTEX
8
L0D0
10
992.96
20
-844.697
0
VERTEX
8
L0D0
10
992.838
20
-841.296
0
VERTEX
8
L0D0
10
992.636
20
-837.898
0
VERTEX
8
L0D0
10
992.352
20
-834.507
0
VERTEX
8
L0D0
10
991.989
20
-831.123
0
VERTEX
8
L0D0
10
991.544
20
-827.749
0
VERTEX
8
L0D0
10
991.02
20
-824.386
0
VERTEX
8
L0D0
10
990.416
20
-821.037
0
VERTEX
8
L0D0
10
989.732
20
-817.703
0
VERTEX
8
L0D0
10
988.969
20
-814.386
0
VERTEX
8
L0D0
10
988.127
20
-811.089
0
VERTEX
8
L0D0
10
987.207
20
-807.812
0
VERTEX
8
L0D0
10
986.21
20
-804.558
0
VERTEX
8
L0D0
10
985.135
20
-801.329
0
VERTEX
8
L0D0
10
983.984
20
-798.127
0
VERTEX
8
L0D0
10
982.757
20
-794.952
0
VERTEX
8
L0D0
10
981.454
20
-791.808
0
VERTEX
8
L0D0
10
980.077
20
-788.696
0
VERTEX
8
L0D0
10
978.627
20
-785.617
0
VERTEX
8
L0D0
10
977.103
20
-782.574
0
VERTEX
8
L0D0
10
975.508
20
-779.567
0
VERTEX
8
L0D0
10
973.842
20
-776.6
0
VERTEX
8
L0D0
10
972.105
20
-773.673
0
VERTEX
8
L0D0
10
970.299
20
-770.788
0
VERTEX
8
L0D0
10
968.425
20
-767.947
0
VERTEX
8
L0D0
10
966.484
20
-765.152
0
VERTEX
8
L0D0
10
964.477
20
-762.403
0
VERTEX
8
L0D0
10
962.406
20
-759.703
0
VERTEX
8
L0D0
10
960.27
20
-757.053
0
VERTEX
8
L0D0
10
958.072
20
-754.455
0
VERTEX
8
L0D0
10
955.813
20
-751.91
0
VERTEX
8
L0D0
10
953.494
20
-749.419
0
VERTEX
8
L0D0
10
951.116
20
-746.984
0
VERTEX
8
L0D0
10
948.681
20
-744.606
0
VERTEX
8
L0D0
10
946.19
20
-742.287
0
VERTEX
8
L0D0
10
943.645
20
-740.028
0
VERTEX
8
L0D0
10
941.047
20
-737.83
0
VERTEX
8
L0D0
10
938.397
20
-735.694
0
VERTEX
8
L0D0
10
935.697
20
-733.623
0
VERTEX
8
L0D0
10
932.948
20
-731.616
0
VERTEX
8
L0D0
10
930.153
20
-729.675
0
VERTEX
8
L0D0
10
927.312
20
-727.801
0
VERTEX
8
L0D0
10
924.427
20
-725.995
0
VERTEX
8
L0D0
10
921.5
20
-724.258
0
VERTEX
8
L0D0
10
918.533
20
-722.592
0
VERTEX
8
L0D0
10
915.526
20
-720.997
0
VERTEX
8
L0D0
10
912.483
20
-719.473
0
VERTEX
8
L0D0
10
909.404
20
-718.023
0
VERTEX
8
L0D0
10
906.292
20
-716.646
0
VERTEX
8
L0D0
10
903.148
20
-715.343
0
VERTEX
8
L0D0
10
899.973
20
-714.116
0
VERTEX
8
L0D0
10
896.771
20
-712.965
0
VERTEX
8
L0D0
10
893.542
20
-711.89
0
VERTEX
8
L0D0
10
890.288
20
-710.893
0
VERTEX
8
L0D0
10
887.011
20
-709.973
0
VERTEX
8
L0D0
10
883.714
20
-709.131
0
VERTEX
8
L0D0
10
880.397
20
-708.368
0
VERTEX
8
L0D0
10
877.063
20
-707.684
0
VERTEX
8
L0D0
10
873.714
20
-707.08
0
VERTEX
8
L0D0
10
870.351
20
-706.556
0
VERTEX
8
L0D0
10
866.977
20
-706.111
0
VERTEX
8
L0D0
10
863.593
20
-705.748
0
VERTEX
8
L0D0
10
860.202
20
-705.464
0
VERTEX
8
L0D0
10
856.804
20
-705.262
0
VERTEX
8
L0D0
10
853.403
20
-705.14
0
VERTEX
8
L0D0
10
850
20
-705.1
0
VERTEX
8
L0D0
10
750
20
-705.1
0
VERTEX
8
L0D0
10
746.597
20
-705.14
0
VERTEX
8
L0D0
10
743.196
20
-705.262
0
VERTEX
8
L0D0
10
739.798
20
-705.464
0
VERTEX
8
L0D0
10
736.407
20
-705.748
0
VERTEX
8
L0D0
10
733.023
20
-706.111
0
VERTEX
8
L0D0
10
729.649
20
-706.556
0
VERTEX
8
L0D0
10
726.286
20
-707.08
0
VERTEX
8
L0D0
10
722.937
20
-707.684
0
VERTEX
8
L0D0
10
719.603
20
-708.368
0
VERTEX
8
L0D0
10
716.286
20
-709.131
0
VERTEX
8
L0D0
10
712.989
20
-709.973
0
VERTEX
8
L0D0
10
709.712
20
-710.893
0
VERTEX
8
L0D0
10
706.458
20
-711.89
0
VERTEX
8
L0D0
10
703.229
20
-712.965
0
VERTEX
8
L0D0
10
700.027
20
-714.116
0
VERTEX
8
L0D0
10
696.852
20
-715.343
0
VERTEX
8
L0D0
10
693.708
20
-716.646
0
VERTEX
8
L0D0
10
690.596
20
-718.023
0
VERTEX
8
L0D0
10
687.517
20
-719.473
0
VERTEX
8
L0D0
10
684.474
20
-720.997
0
VERTEX
8
L0D0
10
681.467
20
-722.592
0
VERTEX
8
L0D0
10
678.5
20
-724.258
0
VERTEX
8
L0D0
10
675.573
20
-725.995
0
VERTEX
8
L0D0
10
672.688
20
-727.801
0
VERTEX
8
L0D0
10
669.847
20
-729.675
0
VERTEX
8
L0D0
10
667.052
20
-731.616
0
VERTEX
8
L0D0
10
664.303
20
-733.623
0
VERTEX
8
L0D0
10
661.603
20
-735.694
0
VERTEX
8
L0D0
10
658.953
20
-737.83
0
VERTEX
8
L0D0
10
656.355
20
-740.028
0
VERTEX
8
L0D0
10
653.81
20
-742.287
0
VERTEX
8
L0D0
10
651.319
20
-744.606
0
VERTEX
8
L0D0
10
648.884
20
-746.984
0
VERTEX
8
L0D0
10
646.506
20
-749.419
0
VERTEX
8
L0D0
10
644.187
20
-751.91
0
VERTEX
8
L0D0
10
641.928
20
-754.455
0
VERTEX
8
L0D0
10
639.73
20
-757.053
0
VERTEX
8
L0D0
10
637.594
20
-759.703
0
VERTEX
8
L0D0
10
635.523
20
-762.403
0
VERTEX
8
L0D0
10
633.516
20
-765.152
0
VERTEX
8
L0D0
10
631.575
20
-767.947
0
VERTEX
8
L0D0
10
629.701
20
-770.788
0
VERTEX
8
L0D0
10
627.895
20
-773.673
0
VERTEX
8
L0D0
10
626.158
20
-776.6
0
VERTEX
8
L0D0
10
624.492
20
-779.567
0
VERTEX
8
L0D0
10
622.897
20
-782.574
0
VERTEX
8
L0D0
10
621.373
20
-785.617
0
VERTEX
8
L0D0
10
619.923
20
-788.696
0
VERTEX
8
L0D0
10
618.546
20
-791.808
0
VERTEX
8
L0D0
10
617.243
20
-794.952
0
VERTEX
8
L0D0
10
616.016
20
-798.127
0
VERTEX
8
L0D0
10
614.865
20
-801.329
0
VERTEX
8
L0D0
10
613.79
20
-804.558
0
VERTEX
8
L0D0
10
612.793
20
-807.812
0
VERTEX
8
L0D0
10
611.873
20
-811.089
0
VERTEX
8
L0D0
10
611.031
20
-814.386
0
VERTEX
8
L0D0
10
610.268
20
-817.703
0
VERTEX
8
L0D0
10
609.584
20
-821.037
0
VERTEX
8
L0D0
10
608.98
20
-824.386
0
VERTEX
8
L0D0
10
608.456
20
-827.749
0
VERTEX
8
L0D0
10
608.011
20
-831.123
0
VERTEX
8
L0D0
10
607.648
20
-834.507
0
VERTEX
8
L0D0
10
607.364
20
-837.898
0
VERTEX
8
L0D0
10
607.162
20
-841.296
0
VERTEX
8
L0D0
10
607.04
20
-844.697
0
VERTEX
8
L0D0
10
607
20
-848.1
0
VERTEX
8
L0D0
10
607
20
-1850
0
VERTEX
8
L0D0
10
606.96
20
-1853.523
0
VERTEX
8
L0D0
10
606.842
20
-1857.044
0
VERTEX
8
L0D0
10
606.644
20
-1860.561
0
VERTEX
8
L0D0
10
606.368
20
-1864.073
0
VERTEX
8
L0D0
10
606.013
20
-1867.578
0
VERTEX
8
L0D0
10
605.579
20
-1871.075
0
VERTEX
8
L0D0
10
605.067
20
-1874.56
0
VERTEX
8
L0D0
10
604.477
20
-1878.033
0
VERTEX
8
L0D0
10
603.809
20
-1881.493
0
VERTEX
8
L0D0
10
603.064
20
-1884.936
0
VERTEX
8
L0D0
10
602.241
20
-1888.361
0
VERTEX
8
L0D0
10
601.342
20
-1891.768
0
VERTEX
8
L0D0
10
600.367
20
-1895.153
0
VERTEX
8
L0D0
10
599.316
20
-1898.516
0
VERTEX
8
L0D0
10
598.19
20
-1901.854
0
VERTEX
8
L0D0
10
596.989
20
-1905.166
0
VERTEX
8
L0D0
10
595.714
20
-1908.45
0
VERTEX
8
L0D0
10
594.366
20
-1911.705
0
VERTEX
8
L0D0
10
592.945
20
-1914.929
0
VERTEX
8
L0D0
10
591.452
20
-1918.12
0
VERTEX
8
L0D0
10
589.888
20
-1921.277
0
VERTEX
8
L0D0
10
588.253
20
-1924.397
0
VERTEX
8
L0D0
10
586.549
20
-1927.481
0
VERTEX
8
L0D0
10
584.776
20
-1930.525
0
VERTEX
8
L0D0
10
582.936
20
-1933.529
0
VERTEX
8
L0D0
10
581.028
20
-1936.491
0
VERTEX
8
L0D0
10
579.054
20
-1939.409
0
VERTEX
8
L0D0
10
577.016
20
-1942.282
0
VERTEX
8
L0D0
10
574.913
20
-1945.109
0
VERTEX
8
L0D0
10
572.748
20
-1947.888
0
VERTEX
8
L0D0
10
570.52
20
-1950.617
0
VERTEX
8
L0D0
10
568.232
20
-1953.296
0
VERTEX
8
L0D0
10
565.885
20
-1955.923
0
VERTEX
8
L0D0
10
563.479
20
-1958.497
0
VERTEX
8
L0D0
10
561.016
20
-1961.016
0
VERTEX
8
L0D0
10
558.497
20
-1963.479
0
VERTEX
8
L0D0
10
555.923
20
-1965.885
0
VERTEX
8
L0D0
10
553.296
20
-1968.232
0
VERTEX
8
L0D0
10
550.617
20
-1970.52
0
VERTEX
8
L0D0
10
547.888
20
-1972.748
0
VERTEX
8
L0D0
10
545.109
20
-1974.913
0
VERTEX
8
L0D0
10
542.282
20
-1977.016
0
VERTEX
8
L0D0
10
539.409
20
-1979.054
0
VERTEX
8
L0D0
10
536.491
20
-1981.028
0
VERTEX
8
L0D0
10
533.529
20
-1982.936
0
VERTEX
8
L0D0
10
530.525
20
-1984.776
0
VERTEX
8
L0D0
10
527.481
20
-1986.549
0
VERTEX
8
L0D0
10
524.397
20
-1988.253
0
VERTEX
8
L0D0
10
521.277
20
-1989.888
0
VERTEX
8
L0D0
10
518.12
20
-1991.452
0
VERTEX
8
L0D0
10
514.929
20
-1992.945
0
VERTEX
8
L0D0
10
511.705
20
-1994.366
0
VERTEX
8
L0D0
10
508.45
20
-1995.714
0
VERTEX
8
L0D0
10
505.166
20
-1996.989
0
VERTEX
8
L0D0
10
501.854
20
-1998.19
0
VERTEX
8
L0D0
10
498.516
20
-1999.316
0
VERTEX
8
L0D0
10
495.153
20
-2000.367
0
VERTEX
8
L0D0
10
491.768
20
-2001.342
0
VERTEX
8
L0D0
10
488.361
20
-2002.241
0
VERTEX
8
L0D0
10
484.936
20
-2003.064
0
VERTEX
8
L0D0
10
481.493
20
-2003.809
0
VERTEX
8
L0D0
10
478.033
20
-2004.477
0
VERTEX
8
L0D0
10
474.56
20
-2005.067
0
VERTEX
8
L0D0
10
471.075
20
-2005.579
0
VERTEX
8
L0D0
10
467.578
20
-2006.013
0
VERTEX
8
L0D0
10
464.073
20
-2006.368
0
VERTEX
8
L0D0
10
460.561
20
-2006.644
0
VERTEX
8
L0D0
10
457.044
20
-2006.842
0
VERTEX
8
L0D0
10
453.523
20
-2006.96
0
VERTEX
8
L0D0
10
450
20
-2007
0
VERTEX
8
L0D0
10
350
20
-2007
0
VERTEX
8
L0D0
10
346.477
20
-2006.96
0
VERTEX
8
L0D0
10
342.956
20
-2006.842
0
VERTEX
8
L0D0
10
339.439
20
-2006.644
0
VERTEX
8
L0D0
10
335.927
20
-2006.368
0
VERTEX
8
L0D0
10
332.422
20
-2006.013
0
VERTEX
8
L0D0
10
328.925
20
-2005.579
0
VERTEX
8
L0D0
10
325.44
20
-2005.067
0
VERTEX
8
L0D0
10
321.967
20
-2004.477
0
VERTEX
8
L0D0
10
318.507
20
-2003.809
0
VERTEX
8
L0D0
10
315.064
20
-2003.064
0
VERTEX
8
L0D0
10
311.639
20
-2002.241
0
VERTEX
8
L0D0
10
308.232
20
-2001.342
0
VERTEX
8
L0D0
10
304.847
20
-2000.367
0
VERTEX
8
L0D0
10
301.484
20
-1999.316
0
VERTEX
8
L0D0
10
298.146
20
-1998.19
0
VERTEX
8
L0D0
10
294.834
20
-1996.989
0
VERTEX
8
L0D0
10
291.55
20
-1995.714
0
VERTEX
8
L0D0
10
288.295
20
-1994.366
0
VERTEX
8
L0D0
10
285.071
20
-1992.945
0
VERTEX
8
L0D0
10
281.88
20
-1991.452
0
VERTEX
8
L0D0
10
278.723
20
-1989.888
0
VERTEX
8
L0D0
10
275.603
20
-1988.253
0
VERTEX
8
L0D0
10
272.519
20
-1986.549
0
VERTEX
8
L0D0
10
269.475
20
-1984.776
0
VERTEX
8
L0D0
10
266.471
20
-1982.936
0
VERTEX
8
L0D0
10
263.509
20
-1981.028
0
VERTEX
8
L0D0
10
260.591
20
-1979.054
0
VERTEX
8
L0D0
10
257.718
20
-1977.016
0
VERTEX
8
L0D0
10
254.891
20
-1974.913
0
VERTEX
8
L0D0
10
252.112
20
-1972.748
0
VERTEX
8
L0D0
10
249.383
20
-1970.52
0
VERTEX
8
L0D0
10
246.704
20
-1968.232
0
VERTEX
8
L0D0
10
244.077
20
-1965.885
0
VERTEX
8
L0D0
10
241.503
20
-1963.479
0
VERTEX
8
L0D0
10
238.984
20
-1961.016
0
VERTEX
8
L0D0
10
236.521
20
-1958.497
0
VERTEX
8
L0D0
10
234.115
20
-1955.923
0
VERTEX
8
L0D0
10
231.768
20
-1953.296
0
VERTEX
8
L0D0
10
229.48
20
-1950.617
0
VERTEX
8
L0D0
10
227.252
20
-1947.888
0
VERTEX
8
L0D0
10
225.087
20
-1945.109
0
VERTEX
8
L0D0
10
222.984
20
-1942.282
0
VERTEX
8
L0D0
10
220.946
20
-1939.409
0
VERTEX
8
L0D0
10
218.972
20
-1936.491
0
VERTEX
8
L0D0
10
217.064
20
-1933.529
0
VERTEX
8
L0D0
10
215.224
20
-1930.525
0
VERTEX
8
L0D0
10
213.451
20
-1927.481
0
VERTEX
8
L0D0
10
211.747
20
-1924.397
0
VERTEX
8
L0D0
10
210.112
20
-1921.277
0
VERTEX
8
L0D0
10
208.548
20
-1918.12
0
VERTEX
8
L0D0
10
207.055
20
-1914.929
0
VERTEX
8
L0D0
10
205.634
20
-1911.705
0
VERTEX
8
L0D0
10
204.286
20
-1908.45
0
VERTEX
8
L0D0
10
203.011
20
-1905.166
0
VERTEX
8
L0D0
10
201.81
20
-1901.854
0
VERTEX
8
L0D0
10
200.684
20
-1898.516
0
VERTEX
8
L0D0
10
199.633
20
-1895.153
0
VERTEX
8
L0D0
10
198.658
20
-1891.768
0
VERTEX
8
L0D0
10
197.759
20
-1888.361
0
VERTEX
8
L0D0
10
196.936
20
-1884.936
0
VERTEX
8
L0D0
10
196.191
20
-1881.493
0
VERTEX
8
L0D0
10
195.523
20
-1878.033
0
VERTEX
8
L0D0
10
194.933
20
-1874.56
0
VERTEX
8
L0D0
10
194.421
20
-1871.075
0
VERTEX
8
L0D0
10
193.987
20
-1867.578
0
VERTEX
8
L0D0
10
193.632
20
-1864.073
0
VERTEX
8
L0D0
10
193.356
20
-1860.561
0
VERTEX
8
L0D0
10
193.158
20
-1857.044
0
VERTEX
8
L0D0
10
193.04
20
-1853.523
0
VERTEX
8
L0D0
10
193
20
-1850
0
VERTEX
8
L0D0
10
193
20
-333.8
0
VERTEX
8
L0D0
10
192.96
20
-330.397
0
VERTEX
8
L0D0
10
192.838
20
-326.996
0
VERTEX
8
L0D0
10
192.636
20
-323.598
0
VERTEX
8
L0D0
10
192.352
20
-320.207
0
VERTEX
8
L0D0
10
191.989
20
-316.823
0
VERTEX
8
L0D0
10
191.544
20
-313.449
0
VERTEX
8
L0D0
10
191.02
20
-310.086
0
VERTEX
8
L0D0
10
190.416
20
-306.737
0
VERTEX
8
L0D0
10
189.732
20
-303.403
0
VERTEX
8
L0D0
10
188.969
20
-300.086
0
VERTEX
8
L0D0
10
188.127
20
-296.789
0
VERTEX
8
L0D0
10
187.207
20
-293.512
0
VERTEX
8
L0D0
10
186.21
20
-290.258
0
VERTEX
8
L0D0
10
185.135
20
-287.029
0
VERTEX
8
L0D0
10
183.984
20
-283.827
0
VERTEX
8
L0D0
10
182.757
20
-280.652
0
VERTEX
8
L0D0
10
181.454
20
-277.508
0
VERTEX
8
L0D0
10
180.077
20
-274.396
0
VERTEX
8
L0D0
10
178.627
20
-271.317
0
VERTEX
8
L0D0
10
177.103
20
-268.274
0
VERTEX
8
L0D0
10
175.508
20
-265.267
0
VERTEX
8
L0D0
10
173.842
20
-262.3
0
VERTEX
8
L0D0
10
172.105
20
-259.373
0
VERTEX
8
L0D0
10
170.299
20
-256.488
0
VERTEX
8
L0D0
10
168.425
20
-253.647
0
VERTEX
8
L0D0
10
166.484
20
-250.852
0
VERTEX
8
L0D0
10
164.477
20
-248.103
0
VERTEX
8
L0D0
10
162.406
20
-245.403
0
VERTEX
8
L0D0
10
160.27
20
-242.753
0
VERTEX
8
L0D0
10
158.072
20
-240.155
0
VERTEX
8
L0D0
10
155.813
20
-237.61
0
VERTEX
8
L0D0
10
153.494
20
-235.119
0
VERTEX
8
L0D0
10
151.116
20
-232.684
0
VERTEX
8
L0D0
10
148.681
20
-230.306
0
VERTEX
8
L0D0
10
146.19
20
-227.987
0
VERTEX
8
L0D0
10
143.645
20
-225.728
0
VERTEX
8
L0D0
10
141.047
20
-223.53
0
VERTEX
8
L0D0
10
138.397
20
-221.394
0
VERTEX
8
L0D0
10
135.697
20
-219.323
0
VERTEX
8
L0D0
10
132.948
20
-217.316
0
VERTEX
8
L0D0
10
130.153
20
-215.375
0
VERTEX
8
L0D0
10
127.312
20
-213.501
0
VERTEX
8
L0D0
10
124.427
20
-211.695
0
VERTEX
8
L0D0
10
121.5
20
-209.958
0
VERTEX
8
L0D0
10
118.533
20
-208.292
0
VERTEX
8
L0D0
10
115.526
20
-206.697
0
VERTEX
8
L0D0
10
112.483
20
-205.173
0
VERTEX
8
L0D0
10
109.404
20
-203.723
0
VERTEX
8
L0D0
10
106.292
20
-202.346
0
VERTEX
8
L0D0
10
103.148
20
-201.043
0
VERTEX
8
L0D0
10
99.973
20
-199.816
0
VERTEX
8
L0D0
10
96.771
20
-198.665
0
VERTEX
8
L0D0
10
93.542
20
-197.59
0
VERTEX
8
L0D0
10
90.288
20
-196.593
0
VERTEX
8
L0D0
10
87.011
20
-195.673
0
VERTEX
8
L0D0
10
83.714
20
-194.831
0
VERTEX
8
L0D0
10
80.397
20
-194.068
0
VERTEX
8
L0D0
10
77.063
20
-193.384
0
VERTEX
8
L0D0
10
73.714
20
-192.78
0
VERTEX
8
L0D0
10
70.351
20
-192.256
0
VERTEX
8
L0D0
10
66.977
20
-191.811
0
VERTEX
8
L0D0
10
63.593
20
-191.448
0
VERTEX
8
L0D0
10
60.202
20
-191.164
0
VERTEX
8
L0D0
10
56.804
20
-190.962
0
VERTEX
8
L0D0
10
53.403
20
-190.84
0
VERTEX
8
L0D0
10
50
20
-190.8
0
VERTEX
8
L0D0
10
-50
20
-190.8
0
VERTEX
8
L0D0
10
-53.403
20
-190.84
0
VERTEX
8
L0D0
10
-56.804
20
-190.962
0
VERTEX
8
L0D0
10
-60.202
20
-191.164
0
VERTEX
8
L0D0
10
-63.593
20
-191.448
0
VERTEX
8
L0D0
10
-66.977
20
-191.811
0
VERTEX
8
L0D0
10
-70.351
20
-192.256
0
VERTEX
8
L0D0
10
-73.714
20
-192.78
0
VERTEX
8
L0D0
10
-77.063
20
-193.384
0
VERTEX
8
L0D0
10
-80.397
20
-194.068
0
VERTEX
8
L0D0
10
-83.714
20
-194.831
0
VERTEX
8
L0D0
10
-87.011
20
-195.673
0
VERTEX
8
L0D0
10
-90.288
20
-196.593
0
VERTEX
8
L0D0
10
-93.542
20
-197.59
0
VERTEX
8
L0D0
10
-96.771
20
-198.665
0
VERTEX
8
L0D0
10
-99.973
20
-199.816
0
VERTEX
8
L0D0
10
-103.148
20
-201.043
0
VERTEX
8
L0D0
10
-106.292
20
-202.346
0
VERTEX
8
L0D0
10
-109.404
20
-203.723
0
VERTEX
8
L0D0
10
-112.483
20
-205.173
0
VERTEX
8
L0D0
10
-115.526
20
-206.697
0
VERTEX
8
L0D0
10
-118.533
20
-208.292
0
VERTEX
8
L0D0
10
-121.5
20
-209.958
0
VERTEX
8
L0D0
10
-124.427
20
-211.695
0
VERTEX
8
L0D0
10
-127.312
20
-213.501
0
VERTEX
8
L0D0
10
-130.153
20
-215.375
0
VERTEX
8
L0D0
10
-132.948
20
-217.316
0
VERTEX
8
L0D0
10
-135.697
20
-219.323
0
VERTEX
8
L0D0
10
-138.397
20
-221.394
0
VERTEX
8
L0D0
10
-141.047
20
-223.53
0
VERTEX
8
L0D0
10
-143.645
20
-225.728
0
VERTEX
8
L0D0
10
-146.19
20
-227.987
0
VERTEX
8
L0D0
10
-148.681
20
-230.306
0
VERTEX
8
L0D0
10
-151.116
20
-232.684
0
VERTEX
8
L0D0
10
-153.494
20
-235.119
0
VERTEX
8
L0D0
10
-155.813
20
-237.61
0
VERTEX
8
L0D0
10
-158.072
20
-240.155
0
VERTEX
8
L0D0
10
-160.27
20
-242.753
0
VERTEX
8
L0D0
10
-162.406
20
-245.403
0
VERTEX
8
L0D0
10
-164.477
20
-248.103
0
VERTEX
8
L0D0
10
-166.484
20
-250.852
0
VERTEX
8
L0D0
10
-168.425
20
-253.647
0
VERTEX
8
L0D0
10
-170.299
20
-256.488
0
VERTEX
8
L0D0
10
-172.105
20
-259.373
0
VERTEX
8
L0D0
10
-173.842
20
-262.3
0
VERTEX
8
L0D0
10
-175.508
20
-265.267
0
VERTEX
8
L0D0
10
-177.103
20
-268.274
0
VERTEX
8
L0D0
10
-178.627
20
-271.317
0
VERTEX
8
L0D0
10
-180.077
20
-274.396
0
VERTEX
8
L0D0
10
-181.454
20
-277.508
0
VERTEX
8
L0D0
10
-182.757
20
-280.652
0
VERTEX
8
L0D0
10
-183.984
20
-283.827
0
VERTEX
8
L0D0
10
-185.135
20
-287.029
0
VERTEX
8
L0D0
10
-186.21
20
-290.258
0
VERTEX
8
L0D0
10
-187.207
20
-293.512
0
VERTEX
8
L0D0
10
-188.127
20
-296.789
0
VERTEX
8
L0D0
10
-188.969
20
-300.086
0
VERTEX
8
L0D0
10
-189.732
20
-303.403
0
VERTEX
8
L0D0
10
-190.416
20
-306.737
0
VERTEX
8
L0D0
10
-191.02
20
-310.086
0
VERTEX
8
L0D0
10
-191.544
20
-313.449
0
VERTEX
8
L0D0
10
-191.989
20
-316.823
0
VERTEX
8
L0D0
10
-192.352
20
-320.207
0
VERTEX
8
L0D0
10
-192.636
20
-323.598
0
VERTEX
8
L0D0
10
-192.838
20
-326.996
0
VERTEX
8
L0D0
10
-192.96
20
-330.397
0
VERTEX
8
L0D0
10
-193
20
-333.8
0
VERTEX
8
L0D0
10
-193
20
-1882.884
0
VERTEX
8
L0D0
10
-193.04
20
-1886.411
0
VERTEX
8
L0D0
10
-193.159
20
-1889.937
0
VERTEX
8
L0D0
10
-193.357
20
-1893.46
0
VERTEX
8
L0D0
10
-193.634
20
-1896.977
0
VERTEX
8
L0D0
10
-193.99
20
-1900.487
0
VERTEX
8
L0D0
10
-194.425
20
-1903.988
0
VERTEX
8
L0D0
10
-194.938
20
-1907.478
0
VERTEX
8
L0D0
10
-195.53
20
-1910.956
0
VERTEX
8
L0D0
10
-196.2
20
-1914.42
0
VERTEX
8
L0D0
10
-196.947
20
-1917.868
0
VERTEX
8
L0D0
10
-197.772
20
-1921.298
0
VERTEX
8
L0D0
10
-198.674
20
-1924.709
0
VERTEX
8
L0D0
10
-199.652
20
-1928.098
0
VERTEX
8
L0D0
10
-200.706
20
-1931.465
0
VERTEX
8
L0D0
10
-201.835
20
-1934.807
0
VERTEX
8
L0D0
10
-203.039
20
-1938.124
0
VERTEX
8
L0D0
10
-204.317
20
-1941.412
0
VERTEX
8
L0D0
10
-205.669
20
-1944.67
0
VERTEX
8
L0D0
10
-207.094
20
-1947.898
0
VERTEX
8
L0D0
10
-208.591
20
-1951.092
0
VERTEX
8
L0D0
10
-210.159
20
-1954.253
0
VERTEX
8
L0D0
10
-211.798
20
-1957.377
0
VERTEX
8
L0D0
10
-213.507
20
-1960.463
0
VERTEX
8
L0D0
10
-215.285
20
-1963.511
0
VERTEX
8
L0D0
10
-217.13
20
-1966.517
0
VERTEX
8
L0D0
10
-219.043
20
-1969.482
0
VERTEX
8
L0D0
10
-221.022
20
-1972.402
0
VERTEX
8
L0D0
10
-223.066
20
-1975.278
0
VERTEX
8
L0D0
10
-225.174
20
-1978.107
0
VERTEX
8
L0D0
10
-227.345
20
-1980.888
0
VERTEX
8
L0D0
10
-229.578
20
-1983.619
0
VERTEX
8
L0D0
10
-231.872
20
-1986.299
0
VERTEX
8
L0D0
10
-234.226
20
-1988.927
0
VERTEX
8
L0D0
10
-236.638
20
-1991.502
0
VERTEX
8
L0D0
10
-239.107
20
-1994.022
0
VERTEX
8
L0D0
10
-241.632
20
-1996.485
0
VERTEX
8
L0D0
10
-244.212
20
-1998.892
0
VERTEX
8
L0D0
10
-246.845
20
-2001.239
0
VERTEX
8
L0D0
10
-249.531
20
-2003.527
0
VERTEX
8
L0D0
10
-252.267
20
-2005.754
0
VERTEX
8
L0D0
10
-255.053
20
-2007.919
0
VERTEX
8
L0D0
10
-257.886
20
-2010.021
0
VERTEX
8
L0D0
10
-260.766
20
-2012.059
0
VERTEX
8
L0D0
10
-263.691
20
-2014.031
0
VERTEX
8
L0D0
10
-266.66
20
-2015.938
0
VERTEX
8
L0D0
10
-269.67
20
-2017.777
0
VERTEX
8
L0D0
10
-272.722
20
-2019.548
0
VERTEX
8
L0D0
10
-275.812
20
-2021.25
0
VERTEX
8
L0D0
10
-278.94
20
-2022.882
0
VERTEX
8
L0D0
10
-282.103
20
-2024.443
0
VERTEX
8
L0D0
10
-285.301
20
-2025.933
0
VERTEX
8
L0D0
10
-288.532
20
-2027.35
0
VERTEX
8
L0D0
10
-291.794
20
-2028.695
0
VERTEX
8
L0D0
10
-295.085
20
-2029.966
0
VERTEX
8
L0D0
10
-298.403
20
-2031.163
0
VERTEX
8
L0D0
10
-301.748
20
-2032.285
0
VERTEX
8
L0D0
10
-305.117
20
-2033.331
0
VERTEX
8
L0D0
10
-308.509
20
-2034.302
0
VERTEX
8
L0D0
10
-311.922
20
-2035.196
0
VERTEX
8
L0D0
10
-411.922
20
-2060.196
0
VERTEX
8
L0D0
10
-415.388
20
-2061.021
0
VERTEX
8
L0D0
10
-418.873
20
-2061.767
0
VERTEX
8
L0D0
10
-422.373
20
-2062.434
0
VERTEX
8
L0D0
10
-425.888
20
-2063.021
0
VERTEX
8
L0D0
10
-429.415
20
-2063.528
0
VERTEX
8
L0D0
10
-432.953
20
-2063.955
0
VERTEX
8
L0D0
10
-436.499
20
-2064.302
0
VERTEX
8
L0D0
10
-440.053
20
-2064.568
0
VERTEX
8
L0D0
10
-443.611
20
-2064.753
0
VERTEX
8
L0D0
10
-447.173
20
-2064.858
0
VERTEX
8
L0D0
10
-450.736
20
-2064.882
0
VERTEX
8
L0D0
10
-454.299
20
-2064.825
0
VERTEX
8
L0D0
10
-457.86
20
-2064.687
0
VERTEX
8
L0D0
10
-461.417
20
-2064.468
0
VERTEX
8
L0D0
10
-464.967
20
-2064.168
0
VERTEX
8
L0D0
10
-468.511
20
-2063.789
0
VERTEX
8
L0D0
10
-472.044
20
-2063.328
0
VERTEX
8
L0D0
10
-475.566
20
-2062.788
0
VERTEX
8
L0D0
10
-479.075
20
-2062.168
0
VERTEX
8
L0D0
10
-482.569
20
-2061.468
0
VERTEX
8
L0D0
10
-486.047
20
-2060.689
0
VERTEX
8
L0D0
10
-489.505
20
-2059.832
0
VERTEX
8
L0D0
10
-492.944
20
-2058.896
0
VERTEX
8
L0D0
10
-496.36
20
-2057.883
0
VERTEX
8
L0D0
10
-499.752
20
-2056.792
0
VERTEX
8
L0D0
10
-503.119
20
-2055.625
0
VERTEX
8
L0D0
10
-506.458
20
-2054.381
0
VERTEX
8
L0D0
10
-509.768
20
-2053.062
0
VERTEX
8
L0D0
10
-513.048
20
-2051.668
0
VERTEX
8
L0D0
10
-516.295
20
-2050.2
0
VERTEX
8
L0D0
10
-519.508
20
-2048.659
0
VERTEX
8
L0D0
10
-522.685
20
-2047.045
0
VERTEX
8
L0D0
10
-525.824
20
-2045.36
0
VERTEX
8
L0D0
10
-528.925
20
-2043.603
0
VERTEX
8
L0D0
10
-531.985
20
-2041.777
0
VERTEX
8
L0D0
10
-535.002
20
-2039.882
0
VERTEX
8
L0D0
10
-537.976
20
-2037.919
0
VERTEX
8
L0D0
10
-540.905
20
-2035.889
0
VERTEX
8
L0D0
10
-543.786
20
-2033.793
0
VERTEX
8
L0D0
10
-546.62
20
-2031.632
0
VERTEX
8
L0D0
10
-549.403
20
-2029.407
0
VERTEX
8
L0D0
10
-552.136
20
-2027.12
0
VERTEX
8
L0D0
10
-554.816
20
-2024.771
0
VERTEX
8
L0D0
10
-557.441
20
-2022.362
0
VERTEX
8
L0D0
10
-560.012
20
-2019.894
0
VERTEX
8
L0D0
10
-562.526
20
-2017.369
0
VERTEX
8
L0D0
10
-564.981
20
-2014.787
0
VERTEX
8
L0D0
10
-567.378
20
-2012.15
0
VERTEX
8
L0D0
10
-569.714
20
-2009.459
0
VERTEX
8
L0D0
10
-571.988
20
-2006.716
0
VERTEX
8
L0D0
10
-574.2
20
-2003.922
0
VERTEX
8
L0D0
10
-576.348
20
-2001.078
0
VERTEX
8
L0D0
10
-578.43
20
-1998.187
0
VERTEX
8
L0D0
10
-580.447
20
-1995.249
0
VERTEX
8
L0D0
10
-582.396
20
-1992.266
0
VERTEX
8
L0D0
10
-584.277
20
-1989.239
0
VERTEX
8
L0D0
10
-586.089
20
-1986.171
0
VERTEX
8
L0D0
10
-587.83
20
-1983.062
0
VERTEX
8
L0D0
10
-589.501
20
-1979.915
0
VERTEX
8
L0D0
10
-591.1
20
-1976.73
0
VERTEX
8
L0D0
10
-592.626
20
-1973.51
0
VERTEX
8
L0D0
10
-594.079
20
-1970.256
0
VERTEX
8
L0D0
10
-595.457
20
-1966.97
0
VERTEX
8
L0D0
10
-596.761
20
-1963.654
0
VERTEX
8
L0D0
10
-597.988
20
-1960.309
0
VERTEX
8
L0D0
10
-599.14
20
-1956.937
0
VERTEX
8
L0D0
10
-600.215
20
-1953.539
0
VERTEX
8
L0D0
10
-601.213
20
-1950.118
0
VERTEX
8
L0D0
10
-602.132
20
-1946.676
0
VERTEX
8
L0D0
10
-602.973
20
-1943.213
0
VERTEX
8
L0D0
10
-603.736
20
-1939.732
0
VERTEX
8
L0D0
10
-604.419
20
-1936.235
0
VERTEX
8
L0D0
10
-605.023
20
-1932.723
0
VERTEX
8
L0D0
10
-605.546
20
-1929.198
0
VERTEX
8
L0D0
10
-605.99
20
-1925.663
0
VERTEX
8
L0D0
10
-606.353
20
-1922.118
0
VERTEX
8
L0D0
10
-606.636
20
-1918.566
0
VERTEX
8
L0D0
10
-606.838
20
-1915.008
0
VERTEX
8
L0D0
10
-606.96
20
-1911.447
0
VERTEX
8
L0D0
10
-607
20
-1907.884
0
VERTEX
8
L0D0
10
-607
20
-850
0
VERTEX
8
L0D0
10
-607.04
20
-846.597
0
VERTEX
8
L0D0
10
-607.162
20
-843.196
0
VERTEX
8
L0D0
10
-607.364
20
-839.798
0
VERTEX
8
L0D0
10
-607.648
20
-836.407
0
VERTEX
8
L0D0
10
-608.011
20
-833.023
0
VERTEX
8
L0D0
10
-608.456
20
-829.649
0
VERTEX
8
L0D0
10
-608.98
20
-826.286
0
VERTEX
8
L0D0
10
-609.584
20
-822.937
0
VERTEX
8
L0D0
10
-610.268
20
-819.603
0
VERTEX
8
L0D0
10
-611.031
20
-816.286
0
VERTEX
8
L0D0
10
-611.873
20
-812.989
0
VERTEX
8
L0D0
10
-612.793
20
-809.712
0
VERTEX
8
L0D0
10
-613.79
20
-806.458
0
VERTEX
8
L0D0
10
-614.865
20
-803.229
0
VERTEX
8
L0D0
10
-616.016
20
-800.027
0
VERTEX
8
L0D0
10
-617.243
20
-796.852
0
VERTEX
8
L0D0
10
-618.546
20
-793.708
0
VERTEX
8
L0D0
10
-619.923
20
-790.596
0
VERTEX
8
L0D0
10
-621.373
20
-787.517
0
VERTEX
8
L0D0
10
-622.897
20
-784.474
0
VERTEX
8
L0D0
10
-624.492
20
-781.467
0
VERTEX
8
L0D0
10
-626.158
20
-778.5
0
VERTEX
8
L0D0
10
-627.895
20
-775.573
0
VERTEX
8
L0D0
10
-629.701
20
-772.688
0
VERTEX
8
L0D0
10
-631.575
20
-769.847
0
VERTEX
8
L0D0
10
-633.516
20
-767.052
0
VERTEX
8
L0D0
10
-635.523
20
-764.303
0
VERTEX
8
L0D0
10
-637.594
20
-761.603
0
VERTEX
8
L0D0
10
-639.73
20
-758.953
0
VERTEX
8
L0D0
10
-641.928
20
-756.355
0
VERTEX
8
L0D0
10
-644.187
20
-753.81
0
VERTEX
8
L0D0
10
-646.506
20
-751.319
0
VERTEX
8
L0D0
10
-648.884
20
-748.884
0
VERTEX
8
L0D0
10
-651.319
20
-746.506
0
VERTEX
8
L0D0
10
-653.81
20
-744.187
0
VERTEX
8
L0D0
10
-656.355
20
-741.928
0
VERTEX
8
L0D0
10
-658.953
20
-739.73
0
VERTEX
8
L0D0
10
-661.603
20
-737.594
0
VERTEX
8
L0D0
10
-664.303
20
-735.523
0
VERTEX
8
L0D0
10
-667.052
20
-733.516
0
VERTEX
8
L0D0
10
-669.847
20
-731.575
0
VERTEX
8
L0D0
10
-672.688
20
-729.701
0
VERTEX
8
L0D0
10
-675.573
20
-727.895
0
VERTEX
8
L0D0
10
-678.5
20
-726.158
0
VERTEX
8
L0D0
10
-681.467
20
-724.492
0
VERTEX
8
L0D0
10
-684.474
20
-722.897
0
VERTEX
8
L0D0
10
-687.517
20
-721.373
0
VERTEX
8
L0D0
10
-690.596
20
-719.923
0
VERTEX
8
L0D0
10
-693.708
20
-718.546
0
VERTEX
8
L0D0
10
-696.852
20
-717.243
0
VERTEX
8
L0D0
10
-700.027
20
-716.016
0
VERTEX
8
L0D0
10
-703.229
20
-714.865
0
VERTEX
8
L0D0
10
-706.458
20
-713.79
0
VERTEX
8
L0D0
10
-709.712
20
-712.793
0
VERTEX
8
L0D0
10
-712.989
20
-711.873
0
VERTEX
8
L0D0
10
-716.286
20
-711.031
0
VERTEX
8
L0D0
10
-719.603
20
-710.268
0
VERTEX
8
L0D0
10
-722.937
20
-709.584
0
VERTEX
8
L0D0
10
-726.286
20
-708.98
0
VERTEX
8
L0D0
10
-729.649
20
-708.456
0
VERTEX
8
L0D0
10
-733.023
20
-708.011
0
VERTEX
8
L0D0
10
-736.407
20
-707.648
0
VERTEX
8
L0D0
10
-739.798
20
-707.364
0
VERTEX
8
L0D0
10
-743.196
20
-707.162
0
VERTEX
8
L0D0
10
-746.597
20
-707.04
0
VERTEX
8
L0D0
10
-750
20
-707
0
VERTEX
8
L0D0
10
-850
20
-707
0
VERTEX
8
L0D0
10
-853.403
20
-707.04
0
VERTEX
8
L0D0
10
-856.804
20
-707.162
0
VERTEX
8
L0D0
10
-860.202
20
-707.364
0
VERTEX
8
L0D0
10
-863.593
20
-707.648
0
VERTEX
8
L0D0
10
-866.977
20
-708.011
0
VERTEX
8
L0D0
10
-870.351
20
-708.456
0
VERTEX
8
L0D0
10
-873.714
20
-708.98
0
VERTEX
8
L0D0
10
-877.063
20
-709.584
0
VERTEX
8
L0D0
10
-880.397
20
-710.268
0
VERTEX
8
L0D0
10
-883.714
20
-711.031
0
VERTEX
8
L0D0
10
-887.011
20
-711.873
0
VERTEX
8
L0D0
10
-890.288
20
-712.793
0
VERTEX
8
L0D0
10
-893.542
20
-713.79
0
VERTEX
8
L0D0
10
-896.771
20
-714.865
0
VERTEX
8
L0D0
10
-899.973
20
-716.016
0
VERTEX
8
L0D0
10
-903.148
20
-717.243
0
VERTEX
8
L0D0
10
-906.292
20
-718.546
0
VERTEX
8
L0D0
10
-909.404
20
-719.923
0
VERTEX
8
L0D0
10
-912.483
20
-721.373
0
VERTEX
8
L0D0
10
-915.526
20
-722.897
0
VERTEX
8
L0D0
10
-918.533
20
-724.492
0
VERTEX
8
L0D0
10
-921.5
20
-726.158
0
VERTEX
8
L0D0
10
-924.427
20
-727.895
0
VERTEX
8
L0D0
10
-927.312
20
-729.701
0
VERTEX
8
L0D0
10
-930.153
20
-731.575
0
VERTEX
8
L0D0
10
-932.948
20
-733.516
0
VERTEX
8
L0D0
10
-935.697
20
-735.523
0
VERTEX
8
L0D0
10
-938.397
20
-737.594
0
VERTEX
8
L0D0
10
-941.047
20
-739.73
0
VERTEX
8
L0D0
10
-943.645
20
-741.928
0
VERTEX
8
L0D0
10
-946.19
20
-744.187
0
VERTEX
8
L0D0
10
-948.681
20
-746.506
0
VERTEX
8
L0D0
10
-951.116
20
-748.884
0
VERTEX
8
L0D0
10
-953.494
20
-751.319
0
VERTEX
8
L0D0
10
-955.813
20
-753.81
0
VERTEX
8
L0D0
10
-958.072
20
-756.355
0
VERTEX
8
L0D0
10
-960.27
20
-758.953
0
VERTEX
8
L0D0
10
-962.406
20
-761.603
0
VERTEX
8
L0D0
10
-964.477
20
-764.303
0
VERTEX
8
L0D0
10
-966.484
20
-767.052
0
VERTEX
8
L0D0
10
-968.425
20
-769.847
0
VERTEX
8
L0D0
10
-970.299
20
-772.688
0
VERTEX
8
L0D0
10
-972.105
20
-775.573
0
VERTEX
8
L0D0
10
-973.842
20
-778.5
0
VERTEX
8
L0D0
10
-975.508
20
-781.467
0
VERTEX
8
L0D0
10
-977.103
20
-784.474
0
VERTEX
8
L0D0
10
-978.627
20
-787.517
0
VERTEX
8
L0D0
10
-980.077
20
-790.596
0
VERTEX
8
L0D0
10
-981.454
20
-793.708
0
VERTEX
8
L0D0
10
-982.757
20
-796.852
0
VERTEX
8
L0D0
10
-983.984
20
-800.027
0
VERTEX
8
L0D0
10
-985.135
20
-803.229
0
VERTEX
8
L0D0
10
-986.21
20
-806.458
0
VERTEX
8
L0D0
10
-987.207
20
-809.712
0
VERTEX
8
L0D0
10
-988.127
20
-812.989
0
VERTEX
8
L0D0
10
-988.969
20
-816.286
0
VERTEX
8
L0D0
10
-989.732
20
-819.603
0
VERTEX
8
L0D0
10
-990.416
20
-822.937
0
VERTEX
8
L0D0
10
-991.02
20
-826.286
0
VERTEX
8
L0D0
10
-991.544
20
-829.649
0
VERTEX
8
L0D0
10
-991.989
20
-833.023
0
VERTEX
8
L0D0
10
-992.352
20
-836.407
0
VERTEX
8
L0D0
10
-992.636
20
-839.798
0
VERTEX
8
L0D0
10
-992.838
20
-843.196
0
VERTEX
8
L0D0
10
-992.96
20
-846.597
0
VERTEX
8
L0D0
10
-993
20
-850
0
VERTEX
8
L0D0
10
-993
20
-1870.018
0
VERTEX
8
L0D0
10
-993.04
20
-1873.576
0
VERTEX
8
L0D0
10
-993.161
20
-1877.133
0
VERTEX
8
L0D0
10
-993.363
20
-1880.686
0
VERTEX
8
L0D0
10
-993.645
20
-1884.234
0
VERTEX
8
L0D0
10
-994.007
20
-1887.774
0
VERTEX
8
L0D0
10
-994.45
20
-1891.305
0
VERTEX
8
L0D0
10
-994.972
20
-1894.825
0
VERTEX
8
L0D0
10
-995.574
20
-1898.332
0
VERTEX
8
L0D0
10
-996.256
20
-1901.825
0
VERTEX
8
L0D0
10
-997.016
20
-1905.302
0
VERTEX
8
L0D0
10
-997.855
20
-1908.76
0
VERTEX
8
L0D0
10
-998.772
20
-1912.199
0
VERTEX
8
L0D0
10
-999.767
20
-1915.615
0
VERTEX
8
L0D0
10
-1000.839
20
-1919.009
0
VERTEX
8
L0D0
10
-1001.988
20
-1922.377
0
VERTEX
8
L0D0
10
-1003.213
20
-1925.718
0
VERTEX
8
L0D0
10
-1004.513
20
-1929.031
0
VERTEX
8
L0D0
10
-1005.888
20
-1932.313
0
VERTEX
8
L0D0
10
-1007.337
20
-1935.564
0
VERTEX
8
L0D0
10
-1008.859
20
-1938.78
0
VERTEX
8
L0D0
10
-1010.454
20
-1941.962
0
VERTEX
8
L0D0
10
-1012.12
20
-1945.106
0
VERTEX
8
L0D0
10
-1013.858
20
-1948.212
0
VERTEX
8
L0D0
10
-1015.665
20
-1951.278
0
VERTEX
8
L0D0
10
-1017.541
20
-1954.302
0
VERTEX
8
L0D0
10
-1019.486
20
-1957.282
0
VERTEX
8
L0D0
10
-1021.497
20
-1960.218
0
VERTEX
8
L0D0
10
-1023.575
20
-1963.107
0
VERTEX
8
L0D0
10
-1025.717
20
-1965.949
0
VERTEX
8
L0D0
10
-1027.923
20
-1968.741
0
VERTEX
8
L0D0
10
-1030.192
20
-1971.483
0
VERTEX
8
L0D0
10
-1032.523
20
-1974.172
0
VERTEX
8
L0D0
10
-1034.914
20
-1976.808
0
VERTEX
8
L0D0
10
-1037.364
20
-1979.389
0
VERTEX
8
L0D0
10
-1039.871
20
-1981.914
0
VERTEX
8
L0D0
10
-1042.436
20
-1984.381
0
VERTEX
8
L0D0
10
-1045.056
20
-1986.79
0
VERTEX
8
L0D0
10
-1047.729
20
-1989.138
0
VERTEX
8
L0D0
10
-1050.455
20
-1991.426
0
VERTEX
8
L0D0
10
-1053.233
20
-1993.651
0
VERTEX
8
L0D0
10
-1056.06
20
-1995.812
0
VERTEX
8
L0D0
10
-1058.935
20
-1997.909
0
VERTEX
8
L0D0
10
-1061.857
20
-1999.94
0
VERTEX
8
L0D0
10
-1064.825
20
-2001.905
0
VERTEX
8
L0D0
10
-1067.836
20
-2003.802
0
VERTEX
8
L0D0
10
-1070.889
20
-2005.629
0
VERTEX
8
L0D0
10
-1073.983
20
-2007.388
0
VERTEX
8
L0D0
10
-1077.116
20
-2009.075
0
VERTEX
8
L0D0
10
-1080.287
20
-2010.692
0
VERTEX
8
L0D0
10
-1083.493
20
-2012.236
0
VERTEX
8
L0D0
10
-1086.734
20
-2013.706
0
VERTEX
8
L0D0
10
-1090.007
20
-2015.103
0
VERTEX
8
L0D0
10
-1093.31
20
-2016.426
0
VERTEX
8
L0D0
10
-1096.643
20
-2017.673
0
VERTEX
8
L0D0
10
-1100.004
20
-2018.845
0
VERTEX
8
L0D0
10
-1103.39
20
-2019.94
0
VERTEX
8
L0D0
10
-1106.8
20
-2020.958
0
VERTEX
8
L0D0
10
-1110.232
20
-2021.898
0
VERTEX
8
L0D0
10
-1113.685
20
-2022.76
0
VERTEX
8
L0D0
10
-1117.156
20
-2023.544
0
VERTEX
8
L0D0
10
-1120.644
20
-2024.249
0
VERTEX
8
L0D0
10
-1124.147
20
-2024.875
0
VERTEX
8
L0D0
10
-1127.664
20
-2025.421
0
VERTEX
8
L0D0
10
-1523.414
20
-2082.302
0
VERTEX
8
L0D0
10
-1526.923
20
-2082.766
0
VERTEX
8
L0D0
10
-1530.442
20
-2083.151
0
VERTEX
8
L0D0
10
-1533.968
20
-2083.456
0
VERTEX
8
L0D0
10
-1537.501
20
-2083.682
0
VERTEX
8
L0D0
10
-1541.038
20
-2083.828
0
VERTEX
8
L0D0
10
-1544.577
20
-2083.895
0
VERTEX
8
L0D0
10
-1548.117
20
-2083.881
0
VERTEX
8
L0D0
10
-1551.655
20
-2083.788
0
VERTEX
8
L0D0
10
-1555.191
20
-2083.615
0
VERTEX
8
L0D0
10
-1558.721
20
-2083.362
0
VERTEX
8
L0D0
10
-1562.246
20
-2083.03
0
VERTEX
8
L0D0
10
-1565.761
20
-2082.619
0
VERTEX
8
L0D0
10
-1569.267
20
-2082.128
0
VERTEX
8
L0D0
10
-1572.76
20
-2081.558
0
VERTEX
8
L0D0
10
-1576.24
20
-2080.91
0
VERTEX
8
L0D0
10
-1579.705
20
-2080.183
0
VERTEX
8
L0D0
10
-1583.152
20
-2079.379
0
VERTEX
8
L0D0
10
-1586.58
20
-2078.497
0
VERTEX
8
L0D0
10
-1589.987
20
-2077.538
0
VERTEX
8
L0D0
10
-1593.372
20
-2076.502
0
VERTEX
8
L0D0
10
-1596.733
20
-2075.391
0
VERTEX
8
L0D0
10
-1600.068
20
-2074.203
0
VERTEX
8
L0D0
10
-1603.375
20
-2072.941
0
VERTEX
8
L0D0
10
-1606.653
20
-2071.605
0
VERTEX
8
L0D0
10
-1609.9
20
-2070.195
0
VERTEX
8
L0D0
10
-1613.114
20
-2068.713
0
VERTEX
8
L0D0
10
-1616.294
20
-2067.158
0
VERTEX
8
L0D0
10
-1619.438
20
-2065.532
0
VERTEX
8
L0D0
10
-1622.545
20
-2063.835
0
VERTEX
8
L0D0
10
-1625.612
20
-2062.069
0
VERTEX
8
L0D0
10
-1628.64
20
-2060.234
0
VERTEX
8
L0D0
10
-1631.624
20
-2058.332
0
VERTEX
8
L0D0
10
-1634.566
20
-2056.362
0
VERTEX
8
L0D0
10
-1637.462
20
-2054.327
0
VERTEX
8
L0D0
10
-1640.311
20
-2052.227
0
VERTEX
8
L0D0
10
-1643.113
20
-2050.063
0
VERTEX
8
L0D0
10
-1645.865
20
-2047.837
0
VERTEX
8
L0D0
10
-1648.566
20
-2045.549
0
VERTEX
8
L0D0
10
-1651.215
20
-2043.201
0
VERTEX
8
L0D0
10
-1653.81
20
-2040.794
0
VERTEX
8
L0D0
10
-1656.35
20
-2038.329
0
VERTEX
8
L0D0
10
-1658.834
20
-2035.807
0
VERTEX
8
L0D0
10
-1661.261
20
-2033.23
0
VERTEX
8
L0D0
10
-1663.629
20
-2030.599
0
VERTEX
8
L0D0
10
-1665.937
20
-2027.915
0
VERTEX
8
L0D0
10
-1668.183
20
-2025.18
0
VERTEX
8
L0D0
10
-1670.368
20
-2022.394
0
VERTEX
8
L0D0
10
-1672.489
20
-2019.561
0
VERTEX
8
L0D0
10
-1674.546
20
-2016.68
0
VERTEX
8
L0D0
10
-1676.537
20
-2013.753
0
VERTEX
8
L0D0
10
-1678.462
20
-2010.783
0
VERTEX
8
L0D0
10
-1680.32
20
-2007.769
0
VERTEX
8
L0D0
10
-1682.109
20
-2004.715
0
VERTEX
8
L0D0
10
-1683.828
20
-2001.621
0
VERTEX
8
L0D0
10
-1685.478
20
-1998.489
0
VERTEX
8
L0D0
10
-1687.056
20
-1995.321
0
VERTEX
8
L0D0
10
-1688.563
20
-1992.118
0
VERTEX
8
L0D0
10
-1689.997
20
-1988.881
0
VERTEX
8
L0D0
10
-1691.358
20
-1985.614
0
VERTEX
8
L0D0
10
-1692.644
20
-1982.316
0
VERTEX
8
L0D0
10
-1693.856
20
-1978.99
0
VERTEX
8
L0D0
10
-1694.993
20
-1975.638
0
VERTEX
8
L0D0
10
-1696.054
20
-1972.261
0
VERTEX
8
L0D0
10
-1697.039
20
-1968.861
0
VERTEX
8
L0D0
10
-1697.946
20
-1965.439
0
VERTEX
8
L0D0
10
-1698.776
20
-1961.998
0
VERTEX
8
L0D0
10
-1699.529
20
-1958.539
0
VERTEX
8
L0D0
10
-1700.203
20
-1955.064
0
VERTEX
8
L0D0
10
-1700.799
20
-1951.575
0
VERTEX
8
L0D0
10
-1701.316
20
-1948.073
0
VERTEX
8
L0D0
10
-1701.753
20
-1944.561
0
VERTEX
8
L0D0
10
-1702.112
20
-1941.039
0
VERTEX
8
L0D0
10
-1702.391
20
-1937.51
0
VERTEX
8
L0D0
10
-1702.59
20
-1933.976
0
VERTEX
8
L0D0
10
-1702.71
20
-1930.439
0
VERTEX
8
L0D0
10
-1702.75
20
-1926.899
0
VERTEX
8
L0D0
10
-1702.75
20
-1205.75
0
VERTEX
8
L0D0
10
-1800
20
-1205.75
0
VERTEX
8
L0D0
10
-1900
20
-1350
0
VERTEX
8
L0D0
10
-2150
20
-1350
0
VERTEX
8
L0D0
10
-2150
20
-1050
0
VERTEX
8
L0D0
10
-1900
20
-1050
0
VERTEX
8
L0D0
10
-1800
20
-1194.25
0
VERTEX
8
L0D0
10
-1702.75
20
-1194.25
0
VERTEX
8
L0D0
10
-1702.75
20
-200
0
VERTEX
8
L0D0
10
-1702.71
20
-196.477
0
VERTEX
8
L0D0
10
-1702.592
20
-192.956
0
VERTEX
8
L0D0
10
-1702.394
20
-189.439
0
VERTEX
8
L0D0
10
-1702.118
20
-185.927
0
VERTEX
8
L0D0
10
-1701.763
20
-182.422
0
VERTEX
8
L0D0
10
-1701.329
20
-178.925
0
VERTEX
8
L0D0
10
-1700.817
20
-175.44
0
VERTEX
8
L0D0
10
-1700.227
20
-171.967
0
VERTEX
8
L0D0
10
-1699.559
20
-168.507
0
VERTEX
8
L0D0
10
-1698.814
20
-165.064
0
VERTEX
8
L0D0
10
-1697.991
20
-161.639
0
VERTEX
8
L0D0
10
-1697.092
20
-158.232
0
VERTEX
8
L0D0
10
-1696.117
20
-154.847
0
VERTEX
8
L0D0
10
-1695.066
20
-151.484
0
VERTEX
8
L0D0
10
-1693.94
20
-148.146
0
VERTEX
8
L0D0
10
-1692.739
20
-144.834
0
VERTEX
8
L0D0
10
-1691.464
20
-141.55
0
VERTEX
8
L0D0
10
-1690.116
20
-138.295
0
VERTEX
8
L0D0
10
-1688.695
20
-135.071
0
VERTEX
8
L0D0
10
-1687.202
20
-131.88
0
VERTEX
8
L0D0
10
-1685.638
20
-128.723
0
VERTEX
8
L0D0
10
-1684.003
20
-125.603
0
VERTEX
8
L0D0
10
-1682.299
20
-122.519
0
VERTEX
8
L0D0
10
-1680.526
20
-119.475
0
VERTEX
8
L0D0
10
-1678.686
20
-116.471
0
VERTEX
8
L0D0
10
-1676.778
20
-113.509
0
VERTEX
8
L0D0
10
-1674.804
20
-110.591
0
VERTEX
8
L0D0
10
-1672.766
20
-107.718
0
VERTEX
8
L0D0
10
-1670.663
20
-104.891
0
VERTEX
8
L0D0
10
-1668.498
20
-102.112
0
VERTEX
8
L0D0
10
-1666.27
20
-99.383
0
VERTEX
8
L0D0
10
-1663.982
20
-96.704
0
VERTEX
8
L0D0
10
-1661.635
20
-94.077
0
VERTEX
8
L0D0
10
-1659.229
20
-91.503
0
VERTEX
8
L0D0
10
-1656.766
20
-88.984
0
VERTEX
8
L0D0
10
-1654.247
20
-86.521
0
VERTEX
8
L0D0
10
-1651.673
20
-84.115
0
VERTEX
8
L0D0
10
-1649.046
20
-81.768
0
VERTEX
8
L0D0
10
-1646.367
20
-79.48
0
VERTEX
8
L0D0
10
-1643.638
20
-77.252
0
VERTEX
8
L0D0
10
-1640.859
20
-75.087
0
VERTEX
8
L0D0
10
-1638.032
20
-72.984
0
VERTEX
8
L0D0
10
-1635.159
20
-70.946
0
VERTEX
8
L0D0
10
-1632.241
20
-68.972
0
VERTEX
8
L0D0
10
-1629.279
20
-67.064
0
VERTEX
8
L0D0
10
-1626.275
20
-65.224
0
VERTEX
8
L0D0
10
-1623.231
20
-63.451
0
VERTEX
8
L0D0
10
-1620.147
20
-61.747
0
VERTEX
8
L0D0
10
-1617.027
20
-60.112
0
VERTEX
8
L0D0
10
-1613.87
20
-58.548
0
VERTEX
8
L0D0
10
-1610.679
20
-57.055
0
VERTEX
8
L0D0
10
-1607.455
20
-55.634
0
VERTEX
8
L0D0
10
-1604.2
20
-54.286
0
VERTEX
8
L0D0
10
-1600.916
20
-53.011
0
VERTEX
8
L0D0
10
-1597.604
20
-51.81
0
VERTEX
8
L0D0
10
-1594.266
20
-50.684
0
VERTEX
8
L0D0
10
-1590.903
20
-49.633
0
VERTEX
8
L0D0
10
-1587.518
20
-48.658
0
VERTEX
8
L0D0
10
-1584.111
20
-47.759
0
VERTEX
8
L0D0
10
-1580.686
20
-46.936
0
VERTEX
8
L0D0
10
-1577.243
20
-46.191
0
VERTEX
8
L0D0
10
-1573.783
20
-45.523
0
VERTEX
8
L0D0
10
-1570.31
20
-44.933
0
VERTEX
8
L0D0
10
-1566.825
20
-44.421
0
VERTEX
8
L0D0
10
-1563.328
20
-43.987
0
VERTEX
8
L0D0
10
-1559.823
20
-43.632
0
VERTEX
8
L0D0
10
-1556.311
20
-43.356
0
VERTEX
8
L0D0
10
-1552.794
20
-43.158
0
VERTEX
8
L0D0
10
-1549.273
20
-43.04
0
VERTEX
8
L0D0
10
-1545.75
20
-43
0
VERTEX
8
L0D0
10
-1087.4
20
-43
0
VERTEX
8
L0D0
10
-1083.997
20
-42.96
0
VERTEX
8
L0D0
10
-1080.596
20
-42.838
0
VERTEX
8
L0D0
10
-1077.198
20
-42.636
0
VERTEX
8
L0D0
10
-1073.807
20
-42.352
0
VERTEX
8
L0D0
10
-1070.423
20
-41.989
0
VERTEX
8
L0D0
10
-1067.049
20
-41.544
0
VERTEX
8
L0D0
10
-1063.686
20
-41.02
0
VERTEX
8
L0D0
10
-1060.337
20
-40.416
0
VERTEX
8
L0D0
10
-1057.003
20
-39.732
0
VERTEX
8
L0D0
10
-1053.686
20
-38.969
0
VERTEX
8
L0D0
10
-1050.389
20
-38.127
0
VERTEX
8
L0D0
10
-1047.112
20
-37.207
0
VERTEX
8
L0D0
10
-1043.858
20
-36.21
0
VERTEX
8
L0D0
10
-1040.629
20
-35.135
0
VERTEX
8
L0D0
10
-1037.427
20
-33.984
0
VERTEX
8
L0D0
10
-1034.252
20
-32.757
0
VERTEX
8
L0D0
10
-1031.108
20
-31.454
0
VERTEX
8
L0D0
10
-1027.996
20
-30.077
0
VERTEX
8
L0D0
10
-1024.917
20
-28.627
0
VERTEX
8
L0D0
10
-1021.874
20
-27.103
0
VERTEX
8
L0D0
10
-1018.867
20
-25.508
0
VERTEX
8
L0D0
10
-1015.9
20
-23.842
0
VERTEX
8
L0D0
10
-1012.973
20
-22.105
0
VERTEX
8
L0D0
10
-1010.088
20
-20.299
0
VERTEX
8
L0D0
10
-1007.247
20
-18.425
0
VERTEX
8
L0D0
10
-1004.452
20
-16.484
0
VERTEX
8
L0D0
10
-1001.703
20
-14.477
0
VERTEX
8
L0D0
10
-999.003
20
-12.406
0
VERTEX
8
L0D0
10
-996.353
20
-10.27
0
VERTEX
8
L0D0
10
-993.755
20
-8.072
0
VERTEX
8
L0D0
10
-991.21
20
-5.813
0
VERTEX
8
L0D0
10
-988.719
20
-3.494
0
VERTEX
8
L0D0
10
-986.284
20
-1.116
0
VERTEX
8
L0D0
10
-983.906
20
1.319
0
VERTEX
8
L0D0
10
-981.587
20
3.81
0
VERTEX
8
L0D0
10
-979.328
20
6.355
0
VERTEX
8
L0D0
10
-977.13
20
8.953
0
VERTEX
8
L0D0
10
-974.994
20
11.603
0
VERTEX
8
L0D0
10
-972.923
20
14.303
0
VERTEX
8
L0D0
10
-970.916
20
17.052
0
VERTEX
8
L0D0
10
-968.975
20
19.847
0
VERTEX
8
L0D0
10
-967.101
20
22.688
0
VERTEX
8
L0D0
10
-965.295
20
25.573
0
VERTEX
8
L0D0
10
-963.558
20
28.5
0
VERTEX
8
L0D0
10
-961.892
20
31.467
0
VERTEX
8
L0D0
10
-960.297
20
34.474
0
VERTEX
8
L0D0
10
-958.773
20
37.517
0
VERTEX
8
L0D0
10
-957.323
20
40.596
0
VERTEX
8
L0D0
10
-955.946
20
43.708
0
VERTEX
8
L0D0
10
-954.643
20
46.852
0
VERTEX
8
L0D0
10
-953.416
20
50.027
0
VERTEX
8
L0D0
10
-952.265
20
53.229
0
VERTEX
8
L0D0
10
-951.19
20
56.458
0
VERTEX
8
L0D0
10
-950.193
20
59.712
0
VERTEX
8
L0D0
10
-949.273
20
62.989
0
VERTEX
8
L0D0
10
-948.431
20
66.286
0
VERTEX
8
L0D0
10
-947.668
20
69.603
0
VERTEX
8
L0D0
10
-946.984
20
72.937
0
VERTEX
8
L0D0
10
-946.38
20
76.286
0
VERTEX
8
L0D0
10
-945.856
20
79.649
0
VERTEX
8
L0D0
10
-945.411
20
83.023
0
VERTEX
8
L0D0
10
-945.048
20
86.407
0
VERTEX
8
L0D0
10
-944.764
20
89.798
0
VERTEX
8
L0D0
10
-944.562
20
93.196
0
VERTEX
8
L0D0
10
-944.44
20
96.597
0
VERTEX
8
L0D0
10
-944.4
20
100
0
VERTEX
8
L0D0
10
-944.4
20
200
0
VERTEX
8
L0D0
10
-944.44
20
203.403
0
VERTEX
8
L0D0
10
-944.562
20
206.804
0
VERTEX
8
L0D0
10
-944.764
20
210.202
0
VERTEX
8
L0D0
10
-945.048
20
213.593
0
VERTEX
8
L0D0
10
-945.411
20
216.977
0
VERTEX
8
L0D0
10
-945.856
20
220.351
0
VERTEX
8
L0D0
10
-946.38
20
223.714
0
VERTEX
8
L0D0
10
-946.984
20
227.063
0
VERTEX
8
L0D0
10
-947.668
20
230.397
0
VERTEX
8
L0D0
10
-948.431
20
233.714
0
VERTEX
8
L0D0
10
-949.273
20
237.011
0
VERTEX
8
L0D0
10
-950.193
20
240.288
0
VERTEX
8
L0D0
10
-951.19
20
243.542
0
VERTEX
8
L0D0
10
-952.265
20
246.771
0
VERTEX
8
L0D0
10
-953.416
20
249.973
0
VERTEX
8
L0D0
10
-954.643
20
253.148
0
VERTEX
8
L0D0
10
-955.946
20
256.292
0
VERTEX
8
L0D0
10
-957.323
20
259.404
0
VERTEX
8
L0D0
10
-958.773
20
262.483
0
VERTEX
8
L0D0
10
-960.297
20
265.526
0
VERTEX
8
L0D0
10
-961.892
20
268.533
0
VERTEX
8
L0D0
10
-963.558
20
271.5
0
VERTEX
8
L0D0
10
-965.295
20
274.427
0
VERTEX
8
L0D0
10
-967.101
20
277.312
0
VERTEX
8
L0D0
10
-968.975
20
280.153
0
VERTEX
8
L0D0
10
-970.916
20
282.948
0
VERTEX
8
L0D0
10
-972.923
20
285.697
0
VERTEX
8
L0D0
10
-974.994
20
288.397
0
VERTEX
8
L0D0
10
-977.13
20
291.047
0
VERTEX
8
L0D0
10
-979.328
20
293.645
0
VERTEX
8
L0D0
10
-981.587
20
296.19
0
VERTEX
8
L0D0
10
-983.906
20
298.681
0
VERTEX
8
L0D0
10
-986.284
20
301.116
0
VERTEX
8
L0D0
10
-988.719
20
303.494
0
VERTEX
8
L0D0
10
-991.21
20
305.813
0
VERTEX
8
L0D0
10
-993.755
20
308.072
0
VERTEX
8
L0D0
10
-996.353
20
310.27
0
VERTEX
8
L0D0
10
-999.003
20
312.406
0
VERTEX
8
L0D0
10
-1001.703
20
314.477
0
VERTEX
8
L0D0
10
-1004.452
20
316.484
0
VERTEX
8
L0D0
10
-1007.247
20
318.425
0
VERTEX
8
L0D0
10
-1010.088
20
320.299
0
VERTEX
8
L0D0
10
-1012.973
20
322.105
0
VERTEX
8
L0D0
10
-1015.9
20
323.842
0
VERTEX
8
L0D0
10
-1018.867
20
325.508
0
VERTEX
8
L0D0
10
-1021.874
20
327.103
0
VERTEX
8
L0D0
10
-1024.917
20
328.627
0
VERTEX
8
L0D0
10
-1027.996
20
330.077
0
VERTEX
8
L0D0
10
-1031.108
20
331.454
0
VERTEX
8
L0D0
10
-1034.252
20
332.757
0
VERTEX
8
L0D0
10
-1037.427
20
333.984
0
VERTEX
8
L0D0
10
-1040.629
20
335.135
0
VERTEX
8
L0D0
10
-1043.858
20
336.21
0
VERTEX
8
L0D0
10
-1047.112
20
337.207
0
VERTEX
8
L0D0
10
-1050.389
20
338.127
0
VERTEX
8
L0D0
10
-1053.686
20
338.969
0
VERTEX
8
L0D0
10
-1057.003
20
339.732
0
VERTEX
8
L0D0
10
-1060.337
20
340.416
0
VERTEX
8
L0D0
10
-1063.686
20
341.02
0
VERTEX
8
L0D0
10
-1067.049
20
341.544
0
VERTEX
8
L0D0
10
-1070.423
20
341.989
0
VERTEX
8
L0D0
10
-1073.807
20
342.352
0
VERTEX
8
L0D0
10
-1077.198
20
342.636
0
VERTEX
8
L0D0
10
-1080.596
20
342.838
0
VERTEX
8
L0D0
10
-1083.997
20
342.96
0
VERTEX
8
L0D0
10
-1087.4
20
343
0
VERTEX
8
L0D0
10
-2050
20
343
0
VERTEX
8
L0D0
10
-2053.523
20
343.04
0
VERTEX
8
L0D0
10
-2057.044
20
343.158
0
VERTEX
8
L0D0
10
-2060.561
20
343.356
0
VERTEX
8
L0D0
10
-2064.073
20
343.632
0
VERTEX
8
L0D0
10
-2067.578
20
343.987
0
VERTEX
8
L0D0
10
-2071.075
20
344.421
0
VERTEX
8
L0D0
10
-2074.56
20
344.933
0
VERTEX
8
L0D0
10
-2078.033
20
345.523
0
VERTEX
8
L0D0
10
-2081.493
20
346.191
0
VERTEX
8
L0D0
10
-2084.936
20
346.936
0
VERTEX
8
L0D0
10
-2088.361
20
347.759
0
VERTEX
8
L0D0
10
-2091.768
20
348.658
0
VERTEX
8
L0D0
10
-2095.153
20
349.633
0
VERTEX
8
L0D0
10
-2098.516
20
350.684
0
VERTEX
8
L0D0
10
-2101.854
20
351.81
0
VERTEX
8
L0D0
10
-2105.166
20
353.011
0
VERTEX
8
L0D0
10
-2108.45
20
354.286
0
VERTEX
8
L0D0
10
-2111.705
20
355.634
0
VERTEX
8
L0D0
10
-2114.929
20
357.055
0
VERTEX
8
L0D0
10
-2118.12
20
358.548
0
VERTEX
8
L0D0
10
-2121.277
20
360.112
0
VERTEX
8
L0D0
10
-2124.397
20
361.747
0
VERTEX
8
L0D0
10
-2127.481
20
363.451
0
VERTEX
8
L0D0
10
-2130.525
20
365.224
0
VERTEX
8
L0D0
10
-2133.529
20
367.064
0
VERTEX
8
L0D0
10
-2136.491
20
368.972
0
VERTEX
8
L0D0
10
-2139.409
20
370.946
0
VERTEX
8
L0D0
10
-2142.282
20
372.984
0
VERTEX
8
L0D0
10
-2145.109
20
375.087
0
VERTEX
8
L0D0
10
-2147.888
20
377.252
0
VERTEX
8
L0D0
10
-2150.617
20
379.48
0
VERTEX
8
L0D0
10
-2153.296
20
381.768
0
VERTEX
8
L0D0
10
-2155.923
20
384.115
0
VERTEX
8
L0D0
10
-2158.497
20
386.521
0
VERTEX
8
L0D0
10
-2161.016
20
388.984
0
VERTEX
8
L0D0
10
-2163.479
20
391.503
0
VERTEX
8
L0D0
10
-2165.885
20
394.077
0
VERTEX
8
L0D0
10
-2168.232
20
396.704
0
VERTEX
8
L0D0
10
-2170.52
20
399.383
0
VERTEX
8
L0D0
10
-2172.748
20
402.112
0
VERTEX
8
L0D0
10
-2174.913
20
404.891
0
VERTEX
8
L0D0
10
-2177.016
20
407.718
0
VERTEX
8
L0D0
10
-2179.054
20
410.591
0
VERTEX
8
L0D0
10
-2181.028
20
413.509
0
VERTEX
8
L0D0
10
-2182.936
20
416.471
0
VERTEX
8
L0D0
10
-2184.776
20
419.475
0
VERTEX
8
L0D0
10
-2186.549
20
422.519
0
VERTEX
8
L0D0
10
-2188.253
20
425.603
0
VERTEX
8
L0D0
10
-2189.888
20
428.723
0
VERTEX
8
L0D0
10
-2191.452
20
431.88
0
VERTEX
8
L0D0
10
-2192.945
20
435.071
0
VERTEX
8
L0D0
10
-2194.366
20
438.295
0
VERTEX
8
L0D0
10
-2195.714
20
441.55
0
VERTEX
8
L0D0
10
-2196.989
20
444.834
0
VERTEX
8
L0D0
10
-2198.19
20
448.146
0
VERTEX
8
L0D0
10
-2199.316
20
451.484
0
VERTEX
8
L0D0
10
-2200.367
20
454.847
0
VERTEX
8
L0D0
10
-2201.342
20
458.232
0
VERTEX
8
L0D0
10
-2202.241
20
461.639
0
VERTEX
8
L0D0
10
-2203.064
20
465.064
0
VERTEX
8
L0D0
10
-2203.809
20
468.507
0
VERTEX
8
L0D0
10
-2204.477
20
471.967
0
VERTEX
8
L0D0
10
-2205.067
20
475.44
0
VERTEX
8
L0D0
10
-2205.579
20
478.925
0
VERTEX
8
L0D0
10
-2206.013
20
482.422
0
VERTEX
8
L0D0
10
-2206.368
20
485.927
0
VERTEX
8
L0D0
10
-2206.644
20
489.439
0
VERTEX
8
L0D0
10
-2206.842
20
492.956
0
VERTEX
8
L0D0
10
-2206.96
20
496.477
0
VERTEX
8
L0D0
10
-2207
20
500
0
VERTEX
8
L0D0
10
-2201.5
20
500
0
VERTEX
8
L0D0
10
-2201.46
20
496.501
0
VERTEX
8
L0D0
10
-2201.338
20
493.003
0
VERTEX
8
L0D0
10
-2201.136
20
489.509
0
VERTEX
8
L0D0
10
-2200.854
20
486.021
0
VERTEX
8
L0D0
10
-2200.491
20
482.541
0
VERTEX
8
L0D0
10
-2200.047
20
479.069
0
VERTEX
8
L0D0
10
-2199.524
20
475.609
0
VERTEX
8
L0D0
10
-2198.92
20
472.162
0
VERTEX
8
L0D0
10
-2198.238
20
468.73
0
VERTEX
8
L0D0
10
-2197.476
20
465.314
0
VERTEX
8
L0D0
10
-2196.635
20
461.917
0
VERTEX
8
L0D0
10
-2195.717
20
458.54
0
VERTEX
8
L0D0
10
-2194.72
20
455.185
0
VERTEX
8
L0D0
10
-2193.646
20
451.855
0
VERTEX
8
L0D0
10
-2192.496
20
448.55
0
VERTEX
8
L0D0
10
-2191.27
20
445.272
0
VERTEX
8
L0D0
10
-2189.968
20
442.023
0
VERTEX
8
L0D0
10
-2188.591
20
438.806
0
VERTEX
8
L0D0
10
-2187.141
20
435.621
0
VERTEX
8
L0D0
10
-2185.617
20
432.471
0
VERTEX
8
L0D0
10
-2184.021
20
429.356
0
VERTEX
8
L0D0
10
-2182.354
20
426.279
0
VERTEX
8
L0D0
10
-2180.616
20
423.242
0
VERTEX
8
L0D0
10
-2178.808
20
420.246
0
VERTEX
8
L0D0
10
-2176.931
20
417.292
0
VERTEX
8
L0D0
10
-2174.987
20
414.382
0
VERTEX
8
L0D0
10
-2172.976
20
411.518
0
VERTEX
8
L0D0
10
-2170.9
20
408.701
0
VERTEX
8
L0D0
10
-2168.759
20
405.933
0
VERTEX
8
L0D0
10
-2166.554
20
403.215
0
VERTEX
8
L0D0
10
-2164.287
20
400.548
0
VERTEX
8
L0D0
10
-2161.96
20
397.935
0
VERTEX
8
L0D0
10
-2159.572
20
395.376
0
VERTEX
8
L0D0
10
-2157.127
20
392.873
0
VERTEX
8
L0D0
10
-2154.624
20
390.428
0
VERTEX
8
L0D0
10
-2152.065
20
388.04
0
VERTEX
8
L0D0
10
-2149.452
20
385.713
0
VERTEX
8
L0D0
10
-2146.785
20
383.446
0
VERTEX
8
L0D0
10
-2144.067
20
381.241
0
VERTEX
8
L0D0
10
-2141.299
20
379.1
0
VERTEX
8
L0D0
10
-2138.482
20
377.024
0
VERTEX
8
L0D0
10
-2135.618
20
375.013
0
VERTEX
8
L0D0
10
-2132.708
20
373.069
0
VERTEX
8
L0D0
10
-2129.754
20
371.192
0
VERTEX
8
L0D0
10
-2126.758
20
369.384
0
VERTEX
8
L0D0
10
-2123.721
20
367.646
0
VERTEX
8
L0D0
10
-2120.644
20
365.979
0
VERTEX
8
L0D0
10
-2117.529
20
364.383
0
VERTEX
8
L0D0
10
-2114.379
20
362.859
0
VERTEX
8
L0D0
10
-2111.194
20
361.409
0
VERTEX
8
L0D0
10
-2107.977
20
360.032
0
VERTEX
8
L0D0
10
-2104.728
20
358.73
0
VERTEX
8
L0D0
10
-2101.45
20
357.504
0
VERTEX
8
L0D0
10
-2098.145
20
356.354
0
VERTEX
8
L0D0
10
-2094.815
20
355.28
0
VERTEX
8
L0D0
10
-2091.46
20
354.283
0
VERTEX
8
L0D0
10
-2088.083
20
353.365
0
VERTEX
8
L0D0
10
-2084.686
20
352.524
0
VERTEX
8
L0D0
10
-2081.27
20
351.762
0
VERTEX
8
L0D0
10
-2077.838
20
351.08
0
VERTEX
8
L0D0
10
-2074.391
20
350.476
0
VERTEX
8
L0D0
10
-2070.931
20
349.953
0
VERTEX
8
L0D0
10
-2067.459
20
349.509
0
VERTEX
8
L0D0
10
-2063.979
20
349.146
0
VERTEX
8
L0D0
10
-2060.491
20
348.864
0
VERTEX
8
L0D0
10
-2056.997
20
348.662
0
VERTEX
8
L0D0
10
-2053.499
20
348.54
0
VERTEX
8
L0D0
10
-2050
20
348.5
0
VERTEX
8
L0D0
10
-1087.4
20
348.5
0
VERTEX
8
L0D0
10
-1083.97
20
348.46
0
VERTEX
8
L0D0
10
-1080.542
20
348.342
0
VERTEX
8
L0D0
10
-1077.117
20
348.144
0
VERTEX
8
L0D0
10
-1073.698
20
347.867
0
VERTEX
8
L0D0
10
-1070.286
20
347.511
0
VERTEX
8
L0D0
10
-1066.884
20
347.076
0
VERTEX
8
L0D0
10
-1063.492
20
346.563
0
VERTEX
8
L0D0
10
-1060.113
20
345.972
0
VERTEX
8
L0D0
10
-1056.749
20
345.302
0
VERTEX
8
L0D0
10
-1053.401
20
344.556
0
VERTEX
8
L0D0
10
-1050.071
20
343.732
0
VERTEX
8
L0D0
10
-1046.761
20
342.831
0
VERTEX
8
L0D0
10
-1043.473
20
341.854
0
VERTEX
8
L0D0
10
-1040.208
20
340.802
0
VERTEX
8
L0D0
10
-1036.968
20
339.674
0
VERTEX
8
L0D0
10
-1033.756
20
338.472
0
VERTEX
8
L0D0
10
-1030.572
20
337.196
0
VERTEX
8
L0D0
10
-1027.418
20
335.847
0
VERTEX
8
L0D0
10
-1024.296
20
334.425
0
VERTEX
8
L0D0
10
-1021.208
20
332.932
0
VERTEX
8
L0D0
10
-1018.155
20
331.367
0
VERTEX
8
L0D0
10
-1015.139
20
329.733
0
VERTEX
8
L0D0
10
-1012.162
20
328.029
0
VERTEX
8
L0D0
10
-1009.225
20
326.257
0
VERTEX
8
L0D0
10
-1006.329
20
324.418
0
VERTEX
8
L0D0
10
-1003.477
20
322.512
0
VERTEX
8
L0D0
10
-1000.67
20
320.541
0
VERTEX
8
L0D0
10
-997.909
20
318.506
0
VERTEX
8
L0D0
10
-995.195
20
316.407
0
VERTEX
8
L0D0
10
-992.531
20
314.246
0
VERTEX
8
L0D0
10
-989.918
20
312.024
0
VERTEX
8
L0D0
10
-987.356
20
309.743
0
VERTEX
8
L0D0
10
-984.848
20
307.403
0
VERTEX
8
L0D0
10
-982.395
20
305.005
0
VERTEX
8
L0D0
10
-979.997
20
302.552
0
VERTEX
8
L0D0
10
-977.657
20
300.044
0
VERTEX
8
L0D0
10
-975.376
20
297.482
0
VERTEX
8
L0D0
10
-973.154
20
294.869
0
VERTEX
8
L0D0
10
-970.993
20
292.205
0
VERTEX
8
L0D0
10
-968.894
20
289.491
0
VERTEX
8
L0D0
10
-966.859
20
286.73
0
VERTEX
8
L0D0
10
-964.888
20
283.923
0
VERTEX
8
L0D0
10
-962.982
20
281.071
0
VERTEX
8
L0D0
10
-961.143
20
278.175
0
VERTEX
8
L0D0
10
-959.371
20
275.238
0
VERTEX
8
L0D0
10
-957.667
20
272.261
0
VERTEX
8
L0D0
10
-956.033
20
269.245
0
VERTEX
8
L0D0
10
-954.468
20
266.192
0
VERTEX
8
L0D0
10
-952.975
20
263.104
0
VERTEX
8
L0D0
10
-951.553
20
259.982
0
VERTEX
8
L0D0
10
-950.204
20
256.828
0
VERTEX
8
L0D0
10
-948.928
20
253.644
0
VERTEX
8
L0D0
10
-947.726
20
250.432
0
VERTEX
8
L0D0
10
-946.598
20
247.192
0
VERTEX
8
L0D0
10
-945.546
20
243.927
0
VERTEX
8
L0D0
10
-944.569
20
240.639
0
VERTEX
8
L0D0
10
-943.668
20
237.329
0
VERTEX
8
L0D0
10
-942.844
20
233.999
0
VERTEX
8
L0D0
10
-942.098
20
230.651
0
VERTEX
8
L0D0
10
-941.428
20
227.287
0
VERTEX
8
L0D0
10
-940.837
20
223.908
0
VERTEX
8
L0D0
10
-940.324
20
220.516
0
VERTEX
8
L0D0
10
-939.889
20
217.114
0
VERTEX
8
L0D0
10
-939.533
20
213.702
0
VERTEX
8
L0D0
10
-939.256
20
210.283
0
VERTEX
8
L0D0
10
-939.058
20
206.858
0
VERTEX
8
L0D0
10
-938.94
20
203.43
0
VERTEX
8
L0D0
10
-938.9
20
200
0
VERTEX
8
L0D0
10
-938.9
20
100
0
VERTEX
8
L0D0
10
-938.94
20
96.57
0
VERTEX
8
L0D0
10
-939.058
20
93.142
0
VERTEX
8
L0D0
10
-939.256
20
89.717
0
VERTEX
8
L0D0
10
-939.533
20
86.298
0
VERTEX
8
L0D0
10
-939.889
20
82.886
0
VERTEX
8
L0D0
10
-940.324
20
79.484
0
VERTEX
8
L0D0
10
-940.837
20
76.092
0
VERTEX
8
L0D0
10
-941.428
20
72.713
0
VERTEX
8
L0D0
10
-942.098
20
69.349
0
VERTEX
8
L0D0
10
-942.844
20
66.001
0
VERTEX
8
L0D0
10
-943.668
20
62.671
0
VERTEX
8
L0D0
10
-944.569
20
59.361
0
VERTEX
8
L0D0
10
-945.546
20
56.073
0
VERTEX
8
L0D0
10
-946.598
20
52.808
0
VERTEX
8
L0D0
10
-947.726
20
49.568
0
VERTEX
8
L0D0
10
-948.928
20
46.356
0
VERTEX
8
L0D0
10
-950.204
20
43.172
0
VERTEX
8
L0D0
10
-951.553
20
40.018
0
VERTEX
8
L0D0
10
-952.975
20
36.896
0
VERTEX
8
L0D0
10
-954.468
20
33.808
0
VERTEX
8
L0D0
10
-956.033
20
30.755
0
VERTEX
8
L0D0
10
-957.667
20
27.739
0
VERTEX
8
L0D0
10
-959.371
20
24.762
0
VERTEX
8
L0D0
10
-961.143
20
21.825
0
VERTEX
8
L0D0
10
-962.982
20
18.929
0
VERTEX
8
L0D0
10
-964.888
20
16.077
0
VERTEX
8
L0D0
10
-966.859
20
13.27
0
VERTEX
8
L0D0
10
-968.894
20
10.509
0
VERTEX
8
L0D0
10
-970.993
20
7.795
0
VERTEX
8
L0D0
10
-973.154
20
5.131
0
VERTEX
8
L0D0
10
-975.376
20
2.518
0
VERTEX
8
L0D0
10
-977.657
20
-0.044
0
VERTEX
8
L0D0
10
-979.997
20
-2.552
0
VERTEX
8
L0D0
10
-982.395
20
-5.005
0
VERTEX
8
L0D0
10
-984.848
20
-7.403
0
VERTEX
8
L0D0
10
-987.356
20
-9.743
0
VERTEX
8
L0D0
10
-989.918
20
-12.024
0
VERTEX
8
L0D0
10
-992.531
20
-14.246
0
VERTEX
8
L0D0
10
-995.195
20
-16.407
0
VERTEX
8
L0D0
10
-997.909
20
-18.506
0
VERTEX
8
L0D0
10
-1000.67
20
-20.541
0
VERTEX
8
L0D0
10
-1003.477
20
-22.512
0
VERTEX
8
L0D0
10
-1006.329
20
-24.418
0
VERTEX
8
L0D0
10
-1009.225
20
-26.257
0
VERTEX
8
L0D0
10
-1012.162
20
-28.029
0
VERTEX
8
L0D0
10
-1015.139
20
-29.733
0
VERTEX
8
L0D0
10
-1018.155
20
-31.367
0
VERTEX
8
L0D0
10
-1021.208
20
-32.932
0
VERTEX
8
L0D0
10
-1024.296
20
-34.425
0
VERTEX
8
L0D0
10
-1027.418
20
-35.847
0
VERTEX
8
L0D0
10
-1030.572
20
-37.196
0
VERTEX
8
L0D0
10
-1033.756
20
-38.472
0
VERTEX
8
L0D0
10
-1036.968
20
-39.674
0
VERTEX
8
L0D0
10
-1040.208
20
-40.802
0
VERTEX
8
L0D0
10
-1043.473
20
-41.854
0
VERTEX
8
L0D0
10
-1046.761
20
-42.831
0
VERTEX
8
L0D0
10
-1050.071
20
-43.732
0
VERTEX
8
L0D0
10
-1053.401
20
-44.556
0
VERTEX
8
L0D0
10
-1056.749
20
-45.302
0
VERTEX
8
L0D0
10
-1060.113
20
-45.972
0
VERTEX
8
L0D0
10
-1063.492
20
-46.563
0
VERTEX
8
L0D0
10
-1066.884
20
-47.076
0
VERTEX
8
L0D0
10
-1070.286
20
-47.511
0
VERTEX
8
L0D0
10
-1073.698
20
-47.867
0
VERTEX
8
L0D0
10
-1077.117
20
-48.144
0
VERTEX
8
L0D0
10
-1080.542
20
-48.342
0
VERTEX
8
L0D0
10
-1083.97
20
-48.46
0
VERTEX
8
L0D0
10
-1087.4
20
-48.5
0
VERTEX
8
L0D0
10
-1545.75
20
-48.5
0
VERTEX
8
L0D0
10
-1549.249
20
-48.54
0
VERTEX
8
L0D0
10
-1552.747
20
-48.662
0
VERTEX
8
L0D0
10
-1556.241
20
-48.864
0
VERTEX
8
L0D0
10
-1559.729
20
-49.146
0
VERTEX
8
L0D0
10
-1563.209
20
-49.509
0
VERTEX
8
L0D0
10
-1566.681
20
-49.953
0
VERTEX
8
L0D0
10
-1570.141
20
-50.476
0
VERTEX
8
L0D0
10
-1573.588
20
-51.08
0
VERTEX
8
L0D0
10
-1577.02
20
-51.762
0
VERTEX
8
L0D0
10
-1580.436
20
-52.524
0
VERTEX
8
L0D0
10
-1583.833
20
-53.365
0
VERTEX
8
L0D0
10
-1587.21
20
-54.283
0
VERTEX
8
L0D0
10
-1590.565
20
-55.28
0
VERTEX
8
L0D0
10
-1593.895
20
-56.354
0
VERTEX
8
L0D0
10
-1597.2
20
-57.504
0
VERTEX
8
L0D0
10
-1600.478
20
-58.73
0
VERTEX
8
L0D0
10
-1603.727
20
-60.032
0
VERTEX
8
L0D0
10
-1606.944
20
-61.409
0
VERTEX
8
L0D0
10
-1610.129
20
-62.859
0
VERTEX
8
L0D0
10
-1613.279
20
-64.383
0
VERTEX
8
L0D0
10
-1616.394
20
-65.979
0
VERTEX
8
L0D0
10
-1619.471
20
-67.646
0
VERTEX
8
L0D0
10
-1622.508
20
-69.384
0
VERTEX
8
L0D0
10
-1625.504
20
-71.192
0
VERTEX
8
L0D0
10
-1628.458
20
-73.069
0
VERTEX
8
L0D0
10
-1631.368
20
-75.013
0
VERTEX
8
L0D0
10
-1634.232
20
-77.024
0
VERTEX
8
L0D0
10
-1637.049
20
-79.1
0
VERTEX
8
L0D0
10
-1639.817
20
-81.241
0
VERTEX
8
L0D0
10
-1642.535
20
-83.446
0
VERTEX
8
L0D0
10
-1645.202
20
-85.713
0
VERTEX
8
L0D0
10
-1647.815
20
-88.04
0
VERTEX
8
L0D0
10
-1650.374
20
-90.428
0
VERTEX
8
L0D0
10
-1652.877
20
-92.873
0
VERTEX
8
L0D0
10
-1655.322
20
-95.376
0
VERTEX
8
L0D0
10
-1657.71
20
-97.935
0
VERTEX
8
L0D0
10
-1660.037
20
-100.548
0
VERTEX
8
L0D0
10
-1662.304
20
-103.215
0
VERTEX
8
L0D0
10
-1664.509
20
-105.933
0
VERTEX
8
L0D0
10
-1666.65
20
-108.701
0
VERTEX
8
L0D0
10
-1668.726
20
-111.518
0
VERTEX
8
L0D0
10
-1670.737
20
-114.382
0
VERTEX
8
L0D0
10
-1672.681
20
-117.292
0
VERTEX
8
L0D0
10
-1674.558
20
-120.246
0
VERTEX
8
L0D0
10
-1676.366
20
-123.242
0
VERTEX
8
L0D0
10
-1678.104
20
-126.279
0
VERTEX
8
L0D0
10
-1679.771
20
-129.356
0
VERTEX
8
L0D0
10
-1681.367
20
-132.471
0
VERTEX
8
L0D0
10
-1682.891
20
-135.621
0
VERTEX
8
L0D0
10
-1684.341
20
-138.806
0
VERTEX
8
L0D0
10
-1685.718
20
-142.023
0
VERTEX
8
L0D0
10
-1687.02
20
-145.272
0
VERTEX
8
L0D0
10
-1688.246
20
-148.55
0
VERTEX
8
L0D0
10
-1689.396
20
-151.855
0
VERTEX
8
L0D0
10
-1690.47
20
-155.185
0
VERTEX
8
L0D0
10
-1691.467
20
-158.54
0
VERTEX
8
L0D0
10
-1692.385
20
-161.917
0
VERTEX
8
L0D0
10
-1693.226
20
-165.314
0
VERTEX
8
L0D0
10
-1693.988
20
-168.73
0
VERTEX
8
L0D0
10
-1694.67
20
-172.162
0
VERTEX
8
L0D0
10
-1695.274
20
-175.609
0
VERTEX
8
L0D0
10
-1695.797
20
-179.069
0
VERTEX
8
L0D0
10
-1696.241
20
-182.541
0
VERTEX
8
L0D0
10
-1696.604
20
-186.021
0
VERTEX
8
L0D0
10
-1696.886
20
-189.509
0
VERTEX
8
L0D0
10
-1697.088
20
-193.003
0
VERTEX
8
L0D0
10
-1697.21
20
-196.501
0
VERTEX
8
L0D0
10
-1697.25
20
-200
0
VERTEX
8
L0D0
10
-1697.25
20
-1197.25
0
VERTEX
8
L0D0
10
-1800
20
-1197.25
0
VERTEX
8
L0D0
10
-1900
20
-1100
0
VERTEX
8
L0D0
10
-2100
20
-1100
0
VERTEX
8
L0D0
10
-2100
20
-1300
0
VERTEX
8
L0D0
10
-1900
20
-1300
0
VERTEX
8
L0D0
10
-1800
20
-1202.75
0
VERTEX
8
L0D0
10
-1697.25
20
-1202.75
0
VERTEX
8
L0D0
10
-1697.25
20
-1926.899
0
VERTEX
8
L0D0
10
-1697.21
20
-1930.36
0
VERTEX
8
L0D0
10
-1697.092
20
-1933.819
0
VERTEX
8
L0D0
10
-1696.894
20
-1937.275
0
VERTEX
8
L0D0
10
-1696.618
20
-1940.725
0
VERTEX
8
L0D0
10
-1696.263
20
-1944.168
0
VERTEX
8
L0D0
10
-1695.829
20
-1947.602
0
VERTEX
8
L0D0
10
-1695.317
20
-1951.025
0
VERTEX
8
L0D0
10
-1694.726
20
-1954.436
0
VERTEX
8
L0D0
10
-1694.058
20
-1957.832
0
VERTEX
8
L0D0
10
-1693.313
20
-1961.212
0
VERTEX
8
L0D0
10
-1692.491
20
-1964.575
0
VERTEX
8
L0D0
10
-1691.592
20
-1967.917
0
VERTEX
8
L0D0
10
-1690.616
20
-1971.238
0
VERTEX
8
L0D0
10
-1689.566
20
-1974.536
0
VERTEX
8
L0D0
10
-1688.44
20
-1977.809
0
VERTEX
8
L0D0
10
-1687.24
20
-1981.056
0
VERTEX
8
L0D0
10
-1685.965
20
-1984.274
0
VERTEX
8
L0D0
10
-1684.618
20
-1987.462
0
VERTEX
8
L0D0
10
-1683.198
20
-1990.619
0
VERTEX
8
L0D0
10
-1681.707
20
-1993.742
0
VERTEX
8
L0D0
10
-1680.144
20
-1996.831
0
VERTEX
8
L0D0
10
-1678.511
20
-1999.883
0
VERTEX
8
L0D0
10
-1676.809
20
-2002.897
0
VERTEX
8
L0D0
10
-1675.039
20
-2005.871
0
VERTEX
8
L0D0
10
-1673.201
20
-2008.804
0
VERTEX
8
L0D0
10
-1671.297
20
-2011.694
0
VERTEX
8
L0D0
10
-1669.327
20
-2014.54
0
VERTEX
8
L0D0
10
-1667.292
20
-2017.341
0
VERTEX
8
L0D0
10
-1665.195
20
-2020.094
0
VERTEX
8
L0D0
10
-1663.034
20
-2022.798
0
VERTEX
8
L0D0
10
-1660.813
20
-2025.453
0
VERTEX
8
L0D0
10
-1658.531
20
-2028.056
0
VERTEX
8
L0D0
10
-1656.191
20
-2030.606
0
VERTEX
8
L0D0
10
-1653.793
20
-2033.102
0
VERTEX
8
L0D0
10
-1651.338
20
-2035.542
0
VERTEX
8
L0D0
10
-1648.829
20
-2037.926
0
VERTEX
8
L0D0
10
-1646.266
20
-2040.252
0
VERTEX
8
L0D0
10
-1643.65
20
-2042.519
0
VERTEX
8
L0D0
10
-1640.983
20
-2044.725
0
VERTEX
8
L0D0
10
-1638.266
20
-2046.87
0
VERTEX
8
L0D0
10
-1635.501
20
-2048.952
0
VERTEX
8
L0D0
10
-1632.69
20
-2050.971
0
VERTEX
8
L0D0
10
-1629.832
20
-2052.925
0
VERTEX
8
L0D0
10
-1626.931
20
-2054.813
0
VERTEX
8
L0D0
10
-1623.988
20
-2056.634
0
VERTEX
8
L0D0
10
-1621.004
20
-2058.387
0
VERTEX
8
L0D0
10
-1617.98
20
-2060.072
0
VERTEX
8
L0D0
10
-1614.919
20
-2061.687
0
VERTEX
8
L0D0
10
-1611.822
20
-2063.232
0
VERTEX
8
L0D0
10
-1608.69
20
-2064.706
0
VERTEX
8
L0D0
10
-1605.525
20
-2066.108
0
VERTEX
8
L0D0
10
-1602.329
20
-2067.437
0
VERTEX
8
L0D0
10
-1599.104
20
-2068.693
0
VERTEX
8
L0D0
10
-1595.851
20
-2069.875
0
VERTEX
8
L0D0
10
-1592.571
20
-2070.983
0
VERTEX
8
L0D0
10
-1589.267
20
-2072.015
0
VERTEX
8
L0D0
10
-1585.941
20
-2072.971
0
VERTEX
8
L0D0
10
-1582.593
20
-2073.851
0
VERTEX
8
L0D0
10
-1579.226
20
-2074.654
0
VERTEX
8
L0D0
10
-1575.842
20
-2075.38
0
VERTEX
8
L0D0
10
-1572.442
20
-2076.029
0
VERTEX
8
L0D0
10
-1569.028
20
-2076.6
0
VERTEX
8
L0D0
10
-1565.602
20
-2077.093
0
VERTEX
8
L0D0
10
-1562.166
20
-2077.507
0
VERTEX
8
L0D0
10
-1558.721
20
-2077.843
0
VERTEX
8
L0D0
10
-1555.269
20
-2078.1
0
VERTEX
8
L0D0
10
-1551.812
20
-2078.278
0
VERTEX
8
L0D0
10
-1548.352
20
-2078.377
0
VERTEX
8
L0D0
10
-1544.891
20
-2078.397
0
VERTEX
8
L0D0
10
-1541.43
20
-2078.337
0
VERTEX
8
L0D0
10
-1537.972
20
-2078.199
0
VERTEX
8
L0D0
10
-1534.517
20
-2077.982
0
VERTEX
8
L0D0
10
-1531.069
20
-2077.686
0
VERTEX
8
L0D0
10
-1527.628
20
-2077.311
0
VERTEX
8
L0D0
10
-1524.196
20
-2076.858
0
VERTEX
8
L0D0
10
-1128.446
20
-2019.977
0
VERTEX
8
L0D0
10
-1124.998
20
-2019.441
0
VERTEX
8
L0D0
10
-1121.564
20
-2018.825
0
VERTEX
8
L0D0
10
-1118.144
20
-2018.131
0
VERTEX
8
L0D0
10
-1114.741
20
-2017.358
0
VERTEX
8
L0D0
10
-1111.357
20
-2016.507
0
VERTEX
8
L0D0
10
-1107.994
20
-2015.578
0
VERTEX
8
L0D0
10
-1104.653
20
-2014.572
0
VERTEX
8
L0D0
10
-1101.335
20
-2013.489
0
VERTEX
8
L0D0
10
-1098.044
20
-2012.33
0
VERTEX
8
L0D0
10
-1094.78
20
-2011.096
0
VERTEX
8
L0D0
10
-1091.546
20
-2009.787
0
VERTEX
8
L0D0
10
-1088.342
20
-2008.404
0
VERTEX
8
L0D0
10
-1085.171
20
-2006.947
0
VERTEX
8
L0D0
10
-1082.035
20
-2005.417
0
VERTEX
8
L0D0
10
-1078.935
20
-2003.816
0
VERTEX
8
L0D0
10
-1075.872
20
-2002.144
0
VERTEX
8
L0D0
10
-1072.849
20
-2000.402
0
VERTEX
8
L0D0
10
-1069.866
20
-1998.59
0
VERTEX
8
L0D0
10
-1066.926
20
-1996.711
0
VERTEX
8
L0D0
10
-1064.031
20
-1994.764
0
VERTEX
8
L0D0
10
-1061.18
20
-1992.751
0
VERTEX
8
L0D0
10
-1058.377
20
-1990.673
0
VERTEX
8
L0D0
10
-1055.623
20
-1988.53
0
VERTEX
8
L0D0
10
-1052.918
20
-1986.325
0
VERTEX
8
L0D0
10
-1050.265
20
-1984.059
0
VERTEX
8
L0D0
10
-1047.665
20
-1981.731
0
VERTEX
8
L0D0
10
-1045.12
20
-1979.345
0
VERTEX
8
L0D0
10
-1042.63
20
-1976.9
0
VERTEX
8
L0D0
10
-1040.197
20
-1974.399
0
VERTEX
8
L0D0
10
-1037.822
20
-1971.843
0
VERTEX
8
L0D0
10
-1035.506
20
-1969.232
0
VERTEX
8
L0D0
10
-1033.252
20
-1966.569
0
VERTEX
8
L0D0
10
-1031.059
20
-1963.854
0
VERTEX
8
L0D0
10
-1028.929
20
-1961.09
0
VERTEX
8
L0D0
10
-1026.864
20
-1958.278
0
VERTEX
8
L0D0
10
-1024.864
20
-1955.418
0
VERTEX
8
L0D0
10
-1022.93
20
-1952.514
0
VERTEX
8
L0D0
10
-1021.064
20
-1949.565
0
VERTEX
8
L0D0
10
-1019.266
20
-1946.575
0
VERTEX
8
L0D0
10
-1017.538
20
-1943.544
0
VERTEX
8
L0D0
10
-1015.88
20
-1940.473
0
VERTEX
8
L0D0
10
-1014.292
20
-1937.366
0
VERTEX
8
L0D0
10
-1012.777
20
-1934.222
0
VERTEX
8
L0D0
10
-1011.335
20
-1931.045
0
VERTEX
8
L0D0
10
-1009.966
20
-1927.835
0
VERTEX
8
L0D0
10
-1008.672
20
-1924.595
0
VERTEX
8
L0D0
10
-1007.452
20
-1921.325
0
VERTEX
8
L0D0
10
-1006.309
20
-1918.029
0
VERTEX
8
L0D0
10
-1005.241
20
-1914.707
0
VERTEX
8
L0D0
10
-1004.25
20
-1911.361
0
VERTEX
8
L0D0
10
-1003.337
20
-1907.993
0
VERTEX
8
L0D0
10
-1002.501
20
-1904.605
0
VERTEX
8
L0D0
10
-1001.743
20
-1901.199
0
VERTEX
8
L0D0
10
-1001.065
20
-1897.776
0
VERTEX
8
L0D0
10
-1000.465
20
-1894.339
0
VERTEX
8
L0D0
10
-999.944
20
-1890.888
0
VERTEX
8
L0D0
10
-999.504
20
-1887.427
0
VERTEX
8
L0D0
10
-999.143
20
-1883.956
0
VERTEX
8
L0D0
10
-998.862
20
-1880.478
0
VERTEX
8
L0D0
10
-998.661
20
-1876.995
0
VERTEX
8
L0D0
10
-998.54
20
-1873.507
0
VERTEX
8
L0D0
10
-998.5
20
-1870.018
0
VERTEX
8
L0D0
10
-998.5
20
-850
0
VERTEX
8
L0D0
10
-998.46
20
-846.57
0
VERTEX
8
L0D0
10
-998.342
20
-843.142
0
VERTEX
8
L0D0
10
-998.144
20
-839.717
0
VERTEX
8
L0D0
10
-997.867
20
-836.298
0
VERTEX
8
L0D0
10
-997.511
20
-832.886
0
VERTEX
8
L0D0
10
-997.076
20
-829.484
0
VERTEX
8
L0D0
10
-996.563
20
-826.092
0
VERTEX
8
L0D0
10
-995.972
20
-822.713
0
VERTEX
8
L0D0
10
-995.302
20
-819.349
0
VERTEX
8
L0D0
10
-994.556
20
-816.001
0
VERTEX
8
L0D0
10
-993.732
20
-812.671
0
VERTEX
8
L0D0
10
-992.831
20
-809.361
0
VERTEX
8
L0D0
10
-991.854
20
-806.073
0
VERTEX
8
L0D0
10
-990.802
20
-802.808
0
VERTEX
8
L0D0
10
-989.674
20
-799.568
0
VERTEX
8
L0D0
10
-988.472
20
-796.356
0
VERTEX
8
L0D0
10
-987.196
20
-793.172
0
VERTEX
8
L0D0
10
-985.847
20
-790.018
0
VERTEX
8
L0D0
10
-984.425
20
-786.896
0
VERTEX
8
L0D0
10
-982.932
20
-783.808
0
VERTEX
8
L0D0
10
-981.367
20
-780.755
0
VERTEX
8
L0D0
10
-979.733
20
-777.739
0
VERTEX
8
L0D0
10
-978.029
20
-774.762
0
VERTEX
8
L0D0
10
-976.257
20
-771.825
0
VERTEX
8
L0D0
10
-974.418
20
-768.929
0
VERTEX
8
L0D0
10
-972.512
20
-766.077
0
VERTEX
8
L0D0
10
-970.541
20
-763.27
0
VERTEX
8
L0D0
10
-968.506
20
-760.509
0
VERTEX
8
L0D0
10
-966.407
20
-757.795
0
VERTEX
8
L0D0
10
-964.246
20
-755.131
0
VERTEX
8
L0D0
10
-962.024
20
-752.518
0
VERTEX
8
L0D0
10
-959.743
20
-749.956
0
VERTEX
8
L0D0
10
-957.403
20
-747.448
0
VERTEX
8
L0D0
10
-955.005
20
-744.995
0
VERTEX
8
L0D0
10
-952.552
20
-742.597
0
VERTEX
8
L0D0
10
-950.044
20
-740.257
0
VERTEX
8
L0D0
10
-947.482
20
-737.976
0
VERTEX
8
L0D0
10
-944.869
20
-735.754
0
VERTEX
8
L0D0
10
-942.205
20
-733.593
0
VERTEX
8
L0D0
10
-939.491
20
-731.494
0
VERTEX
8
L0D0
10
-936.73
20
-729.459
0
VERTEX
8
L0D0
10
-933.923
20
-727.488
0
VERTEX
8
L0D0
10
-931.071
20
-725.582
0
VERTEX
8
L0D0
10
-928.175
20
-723.743
0
VERTEX
8
L0D0
10
-925.238
20
-721.971
0
VERTEX
8
L0D0
10
-922.261
20
-720.267
0
VERTEX
8
L0D0
10
-919.245
20
-718.633
0
VERTEX
8
L0D0
10
-916.192
20
-717.068
0
VERTEX
8
L0D0
10
-913.104
20
-715.575
0
VERTEX
8
L0D0
10
-909.982
20
-714.153
0
VERTEX
8
L0D0
10
-906.828
20
-712.804
0
VERTEX
8
L0D0
10
-903.644
20
-711.528
0
VERTEX
8
L0D0
10
-900.432
20
-710.326
0
VERTEX
8
L0D0
10
-897.192
20
-709.198
0
VERTEX
8
L0D0
10
-893.927
20
-708.146
0
VERTEX
8
L0D0
10
-890.639
20
-707.169
0
VERTEX
8
L0D0
10
-887.329
20
-706.268
0
VERTEX
8
L0D0
10
-883.999
20
-705.444
0
VERTEX
8
L0D0
10
-880.651
20
-704.698
0
VERTEX
8
L0D0
10
-877.287
20
-704.028
0
VERTEX
8
L0D0
10
-873.908
20
-703.437
0
VERTEX
8
L0D0
10
-870.516
20
-702.924
0
VERTEX
8
L0D0
10
-867.114
20
-702.489
0
VERTEX
8
L0D0
10
-863.702
20
-702.133
0
VERTEX
8
L0D0
10
-860.283
20
-701.856
0
VERTEX
8
L0D0
10
-856.858
20
-701.658
0
VERTEX
8
L0D0
10
-853.43
20
-701.54
0
VERTEX
8
L0D0
10
-850
20
-701.5
0
VERTEX
8
L0D0
10
-750
20
-701.5
0
VERTEX
8
L0D0
10
-746.57
20
-701.54
0
VERTEX
8
L0D0
10
-743.142
20
-701.658
0
VERTEX
8
L0D0
10
-739.717
20
-701.856
0
VERTEX
8
L0D0
10
-736.298
20
-702.133
0
VERTEX
8
L0D0
10
-732.886
20
-702.489
0
VERTEX
8
L0D0
10
-729.484
20
-702.924
0
VERTEX
8
L0D0
10
-726.092
20
-703.437
0
VERTEX
8
L0D0
10
-722.713
20
-704.028
0
VERTEX
8
L0D0
10
-719.349
20
-704.698
0
VERTEX
8
L0D0
10
-716.001
20
-705.444
0
VERTEX
8
L0D0
10
-712.671
20
-706.268
0
VERTEX
8
L0D0
10
-709.361
20
-707.169
0
VERTEX
8
L0D0
10
-706.073
20
-708.146
0
VERTEX
8
L0D0
10
-702.808
20
-709.198
0
VERTEX
8
L0D0
10
-699.568
20
-710.326
0
VERTEX
8
L0D0
10
-696.356
20
-711.528
0
VERTEX
8
L0D0
10
-693.172
20
-712.804
0
VERTEX
8
L0D0
10
-690.018
20
-714.153
0
VERTEX
8
L0D0
10
-686.896
20
-715.575
0
VERTEX
8
L0D0
10
-683.808
20
-717.068
0
VERTEX
8
L0D0
10
-680.755
20
-718.633
0
VERTEX
8
L0D0
10
-677.739
20
-720.267
0
VERTEX
8
L0D0
10
-674.762
20
-721.971
0
VERTEX
8
L0D0
10
-671.825
20
-723.743
0
VERTEX
8
L0D0
10
-668.929
20
-725.582
0
VERTEX
8
L0D0
10
-666.077
20
-727.488
0
VERTEX
8
L0D0
10
-663.27
20
-729.459
0
VERTEX
8
L0D0
10
-660.509
20
-731.494
0
VERTEX
8
L0D0
10
-657.795
20
-733.593
0
VERTEX
8
L0D0
10
-655.131
20
-735.754
0
VERTEX
8
L0D0
10
-652.518
20
-737.976
0
VERTEX
8
L0D0
10
-649.956
20
-740.257
0
VERTEX
8
L0D0
10
-647.448
20
-742.597
0
VERTEX
8
L0D0
10
-644.995
20
-744.995
0
VERTEX
8
L0D0
10
-642.597
20
-747.448
0
VERTEX
8
L0D0
10
-640.257
20
-749.956
0
VERTEX
8
L0D0
10
-637.976
20
-752.518
0
VERTEX
8
L0D0
10
-635.754
20
-755.131
0
VERTEX
8
L0D0
10
-633.593
20
-757.795
0
VERTEX
8
L0D0
10
-631.494
20
-760.509
0
VERTEX
8
L0D0
10
-629.459
20
-763.27
0
VERTEX
8
L0D0
10
-627.488
20
-766.077
0
VERTEX
8
L0D0
10
-625.582
20
-768.929
0
VERTEX
8
L0D0
10
-623.743
20
-771.825
0
VERTEX
8
L0D0
10
-621.971
20
-774.762
0
VERTEX
8
L0D0
10
-620.267
20
-777.739
0
VERTEX
8
L0D0
10
-618.633
20
-780.755
0
VERTEX
8
L0D0
10
-617.068
20
-783.808
0
VERTEX
8
L0D0
10
-615.575
20
-786.896
0
VERTEX
8
L0D0
10
-614.153
20
-790.018
0
VERTEX
8
L0D0
10
-612.804
20
-793.172
0
VERTEX
8
L0D0
10
-611.528
20
-796.356
0
VERTEX
8
L0D0
10
-610.326
20
-799.568
0
VERTEX
8
L0D0
10
-609.198
20
-802.808
0
VERTEX
8
L0D0
10
-608.146
20
-806.073
0
VERTEX
8
L0D0
10
-607.169
20
-809.361
0
VERTEX
8
L0D0
10
-606.268
20
-812.671
0
VERTEX
8
L0D0
10
-605.444
20
-816.001
0
VERTEX
8
L0D0
10
-604.698
20
-819.349
0
VERTEX
8
L0D0
10
-604.028
20
-822.713
0
VERTEX
8
L0D0
10
-603.437
20
-826.092
0
VERTEX
8
L0D0
10
-602.924
20
-829.484
0
VERTEX
8
L0D0
10
-602.489
20
-832.886
0
VERTEX
8
L0D0
10
-602.133
20
-836.298
0
VERTEX
8
L0D0
10
-601.856
20
-839.717
0
VERTEX
8
L0D0
10
-601.658
20
-843.142
0
VERTEX
8
L0D0
10
-601.54
20
-846.57
0
VERTEX
8
L0D0
10
-601.5
20
-850
0
VERTEX
8
L0D0
10
-601.5
20
-1907.884
0
VERTEX
8
L0D0
10
-601.46
20
-1911.365
0
VERTEX
8
L0D0
10
-601.34
20
-1914.845
0
VERTEX
8
L0D0
10
-601.14
20
-1918.322
0
VERTEX
8
L0D0
10
-600.86
20
-1921.793
0
VERTEX
8
L0D0
10
-600.501
20
-1925.256
0
VERTEX
8
L0D0
10
-600.062
20
-1928.71
0
VERTEX
8
L0D0
10
-599.543
20
-1932.154
0
VERTEX
8
L0D0
10
-598.946
20
-1935.584
0
VERTEX
8
L0D0
10
-598.27
20
-1939
0
VERTEX
8
L0D0
10
-597.516
20
-1942.399
0
VERTEX
8
L0D0
10
-596.684
20
-1945.78
0
VERTEX
8
L0D0
10
-595.774
20
-1949.142
0
VERTEX
8
L0D0
10
-594.787
20
-1952.481
0
VERTEX
8
L0D0
10
-593.724
20
-1955.797
0
VERTEX
8
L0D0
10
-592.585
20
-1959.087
0
VERTEX
8
L0D0
10
-591.37
20
-1962.351
0
VERTEX
8
L0D0
10
-590.081
20
-1965.585
0
VERTEX
8
L0D0
10
-588.718
20
-1968.789
0
VERTEX
8
L0D0
10
-587.282
20
-1971.961
0
VERTEX
8
L0D0
10
-585.773
20
-1975.1
0
VERTEX
8
L0D0
10
-584.192
20
-1978.202
0
VERTEX
8
L0D0
10
-582.541
20
-1981.268
0
VERTEX
8
L0D0
10
-580.819
20
-1984.294
0
VERTEX
8
L0D0
10
-579.028
20
-1987.281
0
VERTEX
8
L0D0
10
-577.17
20
-1990.225
0
VERTEX
8
L0D0
10
-575.244
20
-1993.126
0
VERTEX
8
L0D0
10
-573.251
20
-1995.982
0
VERTEX
8
L0D0
10
-571.194
20
-1998.791
0
VERTEX
8
L0D0
10
-569.073
20
-2001.553
0
VERTEX
8
L0D0
10
-566.889
20
-2004.265
0
VERTEX
8
L0D0
10
-564.643
20
-2006.925
0
VERTEX
8
L0D0
10
-562.336
20
-2009.534
0
VERTEX
8
L0D0
10
-559.97
20
-2012.089
0
VERTEX
8
L0D0
10
-557.546
20
-2014.589
0
VERTEX
8
L0D0
10
-555.066
20
-2017.032
0
VERTEX
8
L0D0
10
-552.529
20
-2019.418
0
VERTEX
8
L0D0
10
-549.939
20
-2021.745
0
VERTEX
8
L0D0
10
-547.296
20
-2024.012
0
VERTEX
8
L0D0
10
-544.601
20
-2026.217
0
VERTEX
8
L0D0
10
-541.856
20
-2028.36
0
VERTEX
8
L0D0
10
-539.063
20
-2030.44
0
VERTEX
8
L0D0
10
-536.223
20
-2032.454
0
VERTEX
8
L0D0
10
-533.338
20
-2034.403
0
VERTEX
8
L0D0
10
-530.408
20
-2036.285
0
VERTEX
8
L0D0
10
-527.436
20
-2038.099
0
VERTEX
8
L0D0
10
-524.422
20
-2039.844
0
VERTEX
8
L0D0
10
-521.37
20
-2041.52
0
VERTEX
8
L0D0
10
-518.28
20
-2043.124
0
VERTEX
8
L0D0
10
-515.154
20
-2044.658
0
VERTEX
8
L0D0
10
-511.993
20
-2046.119
0
VERTEX
8
L0D0
10
-508.8
20
-2047.507
0
VERTEX
8
L0D0
10
-505.575
20
-2048.822
0
VERTEX
8
L0D0
10
-502.321
20
-2050.062
0
VERTEX
8
L0D0
10
-499.04
20
-2051.227
0
VERTEX
8
L0D0
10
-495.733
20
-2052.316
0
VERTEX
8
L0D0
10
-492.401
20
-2053.329
0
VERTEX
8
L0D0
10
-489.047
20
-2054.265
0
VERTEX
8
L0D0
10
-485.673
20
-2055.124
0
VERTEX
8
L0D0
10
-482.279
20
-2055.905
0
VERTEX
8
L0D0
10
-478.869
20
-2056.608
0
VERTEX
8
L0D0
10
-475.443
20
-2057.232
0
VERTEX
8
L0D0
10
-472.004
20
-2057.777
0
VERTEX
8
L0D0
10
-468.553
20
-2058.243
0
VERTEX
8
L0D0
10
-465.093
20
-2058.63
0
VERTEX
8
L0D0
10
-461.624
20
-2058.937
0
VERTEX
8
L0D0
10
-458.15
20
-2059.164
0
VERTEX
8
L0D0
10
-454.671
20
-2059.312
0
VERTEX
8
L0D0
10
-451.189
20
-2059.379
0
VERTEX
8
L0D0
10
-447.707
20
-2059.366
0
VERTEX
8
L0D0
10
-444.226
20
-2059.273
0
VERTEX
8
L0D0
10
-440.749
20
-2059.101
0
VERTEX
8
L0D0
10
-437.276
20
-2058.848
0
VERTEX
8
L0D0
10
-433.81
20
-2058.516
0
VERTEX
8
L0D0
10
-430.352
20
-2058.104
0
VERTEX
8
L0D0
10
-426.905
20
-2057.613
0
VERTEX
8
L0D0
10
-423.47
20
-2057.042
0
VERTEX
8
L0D0
10
-420.049
20
-2056.393
0
VERTEX
8
L0D0
10
-416.643
20
-2055.666
0
VERTEX
8
L0D0
10
-413.256
20
-2054.86
0
VERTEX
8
L0D0
10
-313.256
20
-2029.86
0
VERTEX
8
L0D0
10
-309.906
20
-2028.982
0
VERTEX
8
L0D0
10
-306.577
20
-2028.027
0
VERTEX
8
L0D0
10
-303.271
20
-2026.997
0
VERTEX
8
L0D0
10
-299.989
20
-2025.891
0
VERTEX
8
L0D0
10
-296.734
20
-2024.711
0
VERTEX
8
L0D0
10
-293.506
20
-2023.456
0
VERTEX
8
L0D0
10
-290.307
20
-2022.128
0
VERTEX
8
L0D0
10
-287.14
20
-2020.727
0
VERTEX
8
L0D0
10
-284.006
20
-2019.255
0
VERTEX
8
L0D0
10
-280.906
20
-2017.71
0
VERTEX
8
L0D0
10
-277.843
20
-2016.096
0
VERTEX
8
L0D0
10
-274.817
20
-2014.412
0
VERTEX
8
L0D0
10
-271.83
20
-2012.659
0
VERTEX
8
L0D0
10
-268.884
20
-2010.838
0
VERTEX
8
L0D0
10
-265.981
20
-2008.951
0
VERTEX
8
L0D0
10
-263.121
20
-2006.998
0
VERTEX
8
L0D0
10
-260.307
20
-2004.979
0
VERTEX
8
L0D0
10
-257.54
20
-2002.897
0
VERTEX
8
L0D0
10
-254.821
20
-2000.753
0
VERTEX
8
L0D0
10
-252.151
20
-1998.546
0
VERTEX
8
L0D0
10
-249.533
20
-1996.28
0
VERTEX
8
L0D0
10
-246.968
20
-1993.954
0
VERTEX
8
L0D0
10
-244.456
20
-1991.57
0
VERTEX
8
L0D0
10
-241.999
20
-1989.129
0
VERTEX
8
L0D0
10
-239.599
20
-1986.632
0
VERTEX
8
L0D0
10
-237.256
20
-1984.082
0
VERTEX
8
L0D0
10
-234.973
20
-1981.478
0
VERTEX
8
L0D0
10
-232.749
20
-1978.824
0
VERTEX
8
L0D0
10
-230.587
20
-1976.118
0
VERTEX
8
L0D0
10
-228.487
20
-1973.365
0
VERTEX
8
L0D0
10
-226.451
20
-1970.564
0
VERTEX
8
L0D0
10
-224.479
20
-1967.717
0
VERTEX
8
L0D0
10
-222.573
20
-1964.826
0
VERTEX
8
L0D0
10
-220.733
20
-1961.892
0
VERTEX
8
L0D0
10
-218.961
20
-1958.916
0
VERTEX
8
L0D0
10
-217.257
20
-1955.901
0
VERTEX
8
L0D0
10
-215.623
20
-1952.848
0
VERTEX
8
L0D0
10
-214.059
20
-1949.758
0
VERTEX
8
L0D0
10
-212.566
20
-1946.634
0
VERTEX
8
L0D0
10
-211.145
20
-1943.476
0
VERTEX
8
L0D0
10
-209.796
20
-1940.286
0
VERTEX
8
L0D0
10
-208.52
20
-1937.066
0
VERTEX
8
L0D0
10
-207.319
20
-1933.819
0
VERTEX
8
L0D0
10
-206.192
20
-1930.544
0
VERTEX
8
L0D0
10
-205.14
20
-1927.245
0
VERTEX
8
L0D0
10
-204.164
20
-1923.922
0
VERTEX
8
L0D0
10
-203.264
20
-1920.578
0
VERTEX
8
L0D0
10
-202.441
20
-1917.214
0
VERTEX
8
L0D0
10
-201.695
20
-1913.832
0
VERTEX
8
L0D0
10
-201.026
20
-1910.434
0
VERTEX
8
L0D0
10
-200.435
20
-1907.022
0
VERTEX
8
L0D0
10
-199.923
20
-1903.597
0
VERTEX
8
L0D0
10
-199.488
20
-1900.161
0
VERTEX
8
L0D0
10
-199.133
20
-1896.717
0
VERTEX
8
L0D0
10
-198.856
20
-1893.265
0
VERTEX
8
L0D0
10
-198.658
20
-1889.807
0
VERTEX
8
L0D0
10
-198.54
20
-1886.346
0
VERTEX
8
L0D0
10
-198.5
20
-1882.884
0
VERTEX
8
L0D0
10
-198.5
20
-333.8
0
VERTEX
8
L0D0
10
-198.46
20
-330.37
0
VERTEX
8
L0D0
10
-198.342
20
-326.942
0
VERTEX
8
L0D0
10
-198.144
20
-323.517
0
VERTEX
8
L0D0
10
-197.867
20
-320.098
0
VERTEX
8
L0D0
10
-197.511
20
-316.686
0
VERTEX
8
L0D0
10
-197.076
20
-313.284
0
VERTEX
8
L0D0
10
-196.563
20
-309.892
0
VERTEX
8
L0D0
10
-195.972
20
-306.513
0
VERTEX
8
L0D0
10
-195.302
20
-303.149
0
VERTEX
8
L0D0
10
-194.556
20
-299.801
0
VERTEX
8
L0D0
10
-193.732
20
-296.471
0
VERTEX
8
L0D0
10
-192.831
20
-293.161
0
VERTEX
8
L0D0
10
-191.854
20
-289.873
0
VERTEX
8
L0D0
10
-190.802
20
-286.608
0
VERTEX
8
L0D0
10
-189.674
20
-283.368
0
VERTEX
8
L0D0
10
-188.472
20
-280.156
0
VERTEX
8
L0D0
10
-187.196
20
-276.972
0
VERTEX
8
L0D0
10
-185.847
20
-273.818
0
VERTEX
8
L0D0
10
-184.425
20
-270.696
0
VERTEX
8
L0D0
10
-182.932
20
-267.608
0
VERTEX
8
L0D0
10
-181.367
20
-264.555
0
VERTEX
8
L0D0
10
-179.733
20
-261.539
0
VERTEX
8
L0D0
10
-178.029
20
-258.562
0
VERTEX
8
L0D0
10
-176.257
20
-255.625
0
VERTEX
8
L0D0
10
-174.418
20
-252.729
0
VERTEX
8
L0D0
10
-172.512
20
-249.877
0
VERTEX
8
L0D0
10
-170.541
20
-247.07
0
VERTEX
8
L0D0
10
-168.506
20
-244.309
0
VERTEX
8
L0D0
10
-166.407
20
-241.595
0
VERTEX
8
L0D0
10
-164.246
20
-238.931
0
VERTEX
8
L0D0
10
-162.024
20
-236.318
0
VERTEX
8
L0D0
10
-159.743
20
-233.756
0
VERTEX
8
L0D0
10
-157.403
20
-231.248
0
VERTEX
8
L0D0
10
-155.005
20
-228.795
0
VERTEX
8
L0D0
10
-152.552
20
-226.397
0
VERTEX
8
L0D0
10
-150.044
20
-224.057
0
VERTEX
8
L0D0
10
-147.482
20
-221.776
0
VERTEX
8
L0D0
10
-144.869
20
-219.554
0
VERTEX
8
L0D0
10
-142.205
20
-217.393
0
VERTEX
8
L0D0
10
-139.491
20
-215.294
0
VERTEX
8
L0D0
10
-136.73
20
-213.259
0
VERTEX
8
L0D0
10
-133.923
20
-211.288
0
VERTEX
8
L0D0
10
-131.071
20
-209.382
0
VERTEX
8
L0D0
10
-128.175
20
-207.543
0
VERTEX
8
L0D0
10
-125.238
20
-205.771
0
VERTEX
8
L0D0
10
-122.261
20
-204.067
0
VERTEX
8
L0D0
10
-119.245
20
-202.433
0
VERTEX
8
L0D0
10
-116.192
20
-200.868
0
VERTEX
8
L0D0
10
-113.104
20
-199.375
0
VERTEX
8
L0D0
10
-109.982
20
-197.953
0
VERTEX
8
L0D0
10
-106.828
20
-196.604
0
VERTEX
8
L0D0
10
-103.644
20
-195.328
0
VERTEX
8
L0D0
10
-100.432
20
-194.126
0
VERTEX
8
L0D0
10
-97.192
20
-192.998
0
VERTEX
8
L0D0
10
-93.927
20
-191.946
0
VERTEX
8
L0D0
10
-90.639
20
-190.969
0
VERTEX
8
L0D0
10
-87.329
20
-190.068
0
VERTEX
8
L0D0
10
-83.999
20
-189.244
0
VERTEX
8
L0D0
10
-80.651
20
-188.498
0
VERTEX
8
L0D0
10
-77.287
20
-187.828
0
VERTEX
8
L0D0
10
-73.908
20
-187.237
0
VERTEX
8
L0D0
10
-70.516
20
-186.724
0
VERTEX
8
L0D0
10
-67.114
20
-186.289
0
VERTEX
8
L0D0
10
-63.702
20
-185.933
0
VERTEX
8
L0D0
10
-60.283
20
-185.656
0
VERTEX
8
L0D0
10
-56.858
20
-185.458
0
VERTEX
8
L0D0
10
-53.43
20
-185.34
0
VERTEX
8
L0D0
10
-50
20
-185.3
0
VERTEX
8
L0D0
10
50
20
-185.3
0
VERTEX
8
L0D0
10
53.43
20
-185.34
0
VERTEX
8
L0D0
10
56.858
20
-185.458
0
VERTEX
8
L0D0
10
60.283
20
-185.656
0
VERTEX
8
L0D0
10
63.702
20
-185.933
0
VERTEX
8
L0D0
10
67.114
20
-186.289
0
VERTEX
8
L0D0
10
70.516
20
-186.724
0
VERTEX
8
L0D0
10
73.908
20
-187.237
0
VERTEX
8
L0D0
10
77.287
20
-187.828
0
VERTEX
8
L0D0
10
80.651
20
-188.498
0
VERTEX
8
L0D0
10
83.999
20
-189.244
0
VERTEX
8
L0D0
10
87.329
20
-190.068
0
VERTEX
8
L0D0
10
90.639
20
-190.969
0
VERTEX
8
L0D0
10
93.927
20
-191.946
0
VERTEX
8
L0D0
10
97.192
20
-192.998
0
VERTEX
8
L0D0
10
100.432
20
-194.126
0
VERTEX
8
L0D0
10
103.644
20
-195.328
0
VERTEX
8
L0D0
10
106.828
20
-196.604
0
VERTEX
8
L0D0
10
109.982
20
-197.953
0
VERTEX
8
L0D0
10
113.104
20
-199.375
0
VERTEX
8
L0D0
10
116.192
20
-200.868
0
VERTEX
8
L0D0
10
119.245
20
-202.433
0
VERTEX
8
L0D0
10
122.261
20
-204.067
0
VERTEX
8
L0D0
10
125.238
20
-205.771
0
VERTEX
8
L0D0
10
128.175
20
-207.543
0
VERTEX
8
L0D0
10
131.071
20
-209.382
0
VERTEX
8
L0D0
10
133.923
20
-211.288
0
VERTEX
8
L0D0
10
136.73
20
-213.259
0
VERTEX
8
L0D0
10
139.491
20
-215.294
0
VERTEX
8
L0D0
10
142.205
20
-217.393
0
VERTEX
8
L0D0
10
144.869
20
-219.554
0
VERTEX
8
L0D0
10
147.482
20
-221.776
0
VERTEX
8
L0D0
10
150.044
20
-224.057
0
VERTEX
8
L0D0
10
152.552
20
-226.397
0
VERTEX
8
L0D0
10
155.005
20
-228.795
0
VERTEX
8
L0D0
10
157.403
20
-231.248
0
VERTEX
8
L0D0
10
159.743
20
-233.756
0
VERTEX
8
L0D0
10
162.024
20
-236.318
0
VERTEX
8
L0D0
10
164.246
20
-238.931
0
VERTEX
8
L0D0
10
166.407
20
-241.595
0
VERTEX
8
L0D0
10
168.506
20
-244.309
0
VERTEX
8
L0D0
10
170.541
20
-247.07
0
VERTEX
8
L0D0
10
172.512
20
-249.877
0
VERTEX
8
L0D0
10
174.418
20
-252.729
0
VERTEX
8
L0D0
10
176.257
20
-255.625
0
VERTEX
8
L0D0
10
178.029
20
-258.562
0
VERTEX
8
L0D0
10
179.733
20
-261.539
0
VERTEX
8
L0D0
10
181.367
20
-264.555
0
VERTEX
8
L0D0
10
182.932
20
-267.608
0
VERTEX
8
L0D0
10
184.425
20
-270.696
0
VERTEX
8
L0D0
10
185.847
20
-273.818
0
VERTEX
8
L0D0
10
187.196
20
-276.972
0
VERTEX
8
L0D0
10
188.472
20
-280.156
0
VERTEX
8
L0D0
10
189.674
20
-283.368
0
VERTEX
8
L0D0
10
190.802
20
-286.608
0
VERTEX
8
L0D0
10
191.854
20
-289.873
0
VERTEX
8
L0D0
10
192.831
20
-293.161
0
VERTEX
8
L0D0
10
193.732
20
-296.471
0
VERTEX
8
L0D0
10
194.556
20
-299.801
0
VERTEX
8
L0D0
10
195.302
20
-303.149
0
VERTEX
8
L0D0
10
195.972
20
-306.513
0
VERTEX
8
L0D0
10
196.563
20
-309.892
0
VERTEX
8
L0D0
10
197.076
20
-313.284
0
VERTEX
8
L0D0
10
197.511
20
-316.686
0
VERTEX
8
L0D0
10
197.867
20
-320.098
0
VERTEX
8
L0D0
10
198.144
20
-323.517
0
VERTEX
8
L0D0
10
198.342
20
-326.942
0
VERTEX
8
L0D0
10
198.46
20
-330.37
0
VERTEX
8
L0D0
10
198.5
20
-333.8
0
VERTEX
8
L0D0
10
198.5
20
-1850
0
VERTEX
8
L0D0
10
198.54
20
-1853.499
0
VERTEX
8
L0D0
10
198.662
20
-1856.997
0
VERTEX
8
L0D0
10
198.864
20
-1860.491
0
VERTEX
8
L0D0
10
199.146
20
-1863.979
0
VERTEX
8
L0D0
10
199.509
20
-1867.459
0
VERTEX
8
L0D0
10
199.953
20
-1870.931
0
VERTEX
8
L0D0
10
200.476
20
-1874.391
0
VERTEX
8
L0D0
10
201.08
20
-1877.838
0
VERTEX
8
L0D0
10
201.762
20
-1881.27
0
VERTEX
8
L0D0
10
202.524
20
-1884.686
0
VERTEX
8
L0D0
10
203.365
20
-1888.083
0
VERTEX
8
L0D0
10
204.283
20
-1891.46
0
VERTEX
8
L0D0
10
205.28
20
-1894.815
0
VERTEX
8
L0D0
10
206.354
20
-1898.145
0
VERTEX
8
L0D0
10
207.504
20
-1901.45
0
VERTEX
8
L0D0
10
208.73
20
-1904.728
0
VERTEX
8
L0D0
10
210.032
20
-1907.977
0
VERTEX
8
L0D0
10
211.409
20
-1911.194
0
VERTEX
8
L0D0
10
212.859
20
-1914.379
0
VERTEX
8
L0D0
10
214.383
20
-1917.529
0
VERTEX
8
L0D0
10
215.979
20
-1920.644
0
VERTEX
8
L0D0
10
217.646
20
-1923.721
0
VERTEX
8
L0D0
10
219.384
20
-1926.758
0
VERTEX
8
L0D0
10
221.192
20
-1929.754
0
VERTEX
8
L0D0
10
223.069
20
-1932.708
0
VERTEX
8
L0D0
10
225.013
20
-1935.618
0
VERTEX
8
L0D0
10
227.024
20
-1938.482
0
VERTEX
8
L0D0
10
229.1
20
-1941.299
0
VERTEX
8
L0D0
10
231.241
20
-1944.067
0
VERTEX
8
L0D0
10
233.446
20
-1946.785
0
VERTEX
8
L0D0
10
235.713
20
-1949.452
0
VERTEX
8
L0D0
10
238.04
20
-1952.065
0
VERTEX
8
L0D0
10
240.428
20
-1954.624
0
VERTEX
8
L0D0
10
242.873
20
-1957.127
0
VERTEX
8
L0D0
10
245.376
20
-1959.572
0
VERTEX
8
L0D0
10
247.935
20
-1961.96
0
VERTEX
8
L0D0
10
250.548
20
-1964.287
0
VERTEX
8
L0D0
10
253.215
20
-1966.554
0
VERTEX
8
L0D0
10
255.933
20
-1968.759
0
VERTEX
8
L0D0
10
258.701
20
-1970.9
0
VERTEX
8
L0D0
10
261.518
20
-1972.976
0
VERTEX
8
L0D0
10
264.382
20
-1974.987
0
VERTEX
8
L0D0
10
267.292
20
-1976.931
0
VERTEX
8
L0D0
10
270.246
20
-1978.808
0
VERTEX
8
L0D0
10
273.242
20
-1980.616
0
VERTEX
8
L0D0
10
276.279
20
-1982.354
0
VERTEX
8
L0D0
10
279.356
20
-1984.021
0
VERTEX
8
L0D0
10
282.471
20
-1985.617
0
VERTEX
8
L0D0
10
285.621
20
-1987.141
0
VERTEX
8
L0D0
10
288.806
20
-1988.591
0
VERTEX
8
L0D0
10
292.023
20
-1989.968
0
VERTEX
8
L0D0
10
295.272
20
-1991.27
0
VERTEX
8
L0D0
10
298.55
20
-1992.496
0
VERTEX
8
L0D0
10
301.855
20
-1993.646
0
VERTEX
8
L0D0
10
305.185
20
-1994.72
0
VERTEX
8
L0D0
10
308.54
20
-1995.717
0
VERTEX
8
L0D0
10
311.917
20
-1996.635
0
VERTEX
8
L0D0
10
315.314
20
-1997.476
0
VERTEX
8
L0D0
10
318.73
20
-1998.238
0
VERTEX
8
L0D0
10
322.162
20
-1998.92
0
VERTEX
8
L0D0
10
325.609
20
-1999.524
0
VERTEX
8
L0D0
10
329.069
20
-2000.047
0
VERTEX
8
L0D0
10
332.541
20
-2000.491
0
VERTEX
8
L0D0
10
336.021
20
-2000.854
0
VERTEX
8
L0D0
10
339.509
20
-2001.136
0
VERTEX
8
L0D0
10
343.003
20
-2001.338
0
VERTEX
8
L0D0
10
346.501
20
-2001.46
0
VERTEX
8
L0D0
10
350
20
-2001.5
0
VERTEX
8
L0D0
10
450
20
-2001.5
0
VERTEX
8
L0D0
10
453.499
20
-2001.46
0
VERTEX
8
L0D0
10
456.997
20
-2001.338
0
VERTEX
8
L0D0
10
460.491
20
-2001.136
0
VERTEX
8
L0D0
10
463.979
20
-2000.854
0
VERTEX
8
L0D0
10
467.459
20
-2000.491
0
VERTEX
8
L0D0
10
470.931
20
-2000.047
0
VERTEX
8
L0D0
10
474.391
20
-1999.524
0
VERTEX
8
L0D0
10
477.838
20
-1998.92
0
VERTEX
8
L0D0
10
481.27
20
-1998.238
0
VERTEX
8
L0D0
10
484.686
20
-1997.476
0
VERTEX
8
L0D0
10
488.083
20
-1996.635
0
VERTEX
8
L0D0
10
491.46
20
-1995.717
0
VERTEX
8
L0D0
10
494.815
20
-1994.72
0
VERTEX
8
L0D0
10
498.145
20
-1993.646
0
VERTEX
8
L0D0
10
501.45
20
-1992.496
0
VERTEX
8
L0D0
10
504.728
20
-1991.27
0
VERTEX
8
L0D0
10
507.977
20
-1989.968
0
VERTEX
8
L0D0
10
511.194
20
-1988.591
0
VERTEX
8
L0D0
10
514.379
20
-1987.141
0
VERTEX
8
L0D0
10
517.529
20
-1985.617
0
VERTEX
8
L0D0
10
520.644
20
-1984.021
0
VERTEX
8
L0D0
10
523.721
20
-1982.354
0
VERTEX
8
L0D0
10
526.758
20
-1980.616
0
VERTEX
8
L0D0
10
529.754
20
-1978.808
0
VERTEX
8
L0D0
10
532.708
20
-1976.931
0
VERTEX
8
L0D0
10
535.618
20
-1974.987
0
VERTEX
8
L0D0
10
538.482
20
-1972.976
0
VERTEX
8
L0D0
10
541.299
20
-1970.9
0
VERTEX
8
L0D0
10
544.067
20
-1968.759
0
VERTEX
8
L0D0
10
546.785
20
-1966.554
0
VERTEX
8
L0D0
10
549.452
20
-1964.287
0
VERTEX
8
L0D0
10
552.065
20
-1961.96
0
VERTEX
8
L0D0
10
554.624
20
-1959.572
0
VERTEX
8
L0D0
10
557.127
20
-1957.127
0
VERTEX
8
L0D0
10
559.572
20
-1954.624
0
VERTEX
8
L0D0
10
561.96
20
-1952.065
0
VERTEX
8
L0D0
10
564.287
20
-1949.452
0
VERTEX
8
L0D0
10
566.554
20
-1946.785
0
VERTEX
8
L0D0
10
568.759
20
-1944.067
0
VERTEX
8
L0D0
10
570.9
20
-1941.299
0
VERTEX
8
L0D0
10
572.976
20
-1938.482
0
VERTEX
8
L0D0
10
574.987
20
-1935.618
0
VERTEX
8
L0D0
10
576.931
20
-1932.708
0
VERTEX
8
L0D0
10
578.808
20
-1929.754
0
VERTEX
8
L0D0
10
580.616
20
-1926.758
0
VERTEX
8
L0D0
10
582.354
20
-1923.721
0
VERTEX
8
L0D0
10
584.021
20
-1920.644
0
VERTEX
8
L0D0
10
585.617
20
-1917.529
0
VERTEX
8
L0D0
10
587.141
20
-1914.379
0
VERTEX
8
L0D0
10
588.591
20
-1911.194
0
VERTEX
8
L0D0
10
589.968
20
-1907.977
0
VERTEX
8
L0D0
10
591.27
20
-1904.728
0
VERTEX
8
L0D0
10
592.496
20
-1901.45
0
VERTEX
8
L0D0
10
593.646
20
-1898.145
0
VERTEX
8
L0D0
10
594.72
20
-1894.815
0
VERTEX
8
L0D0
10
595.717
20
-1891.46
0
VERTEX
8
L0D0
10
596.635
20
-1888.083
0
VERTEX
8
L0D0
10
597.476
20
-1884.686
0
VERTEX
8
L0D0
10
598.238
20
-1881.27
0
VERTEX
8
L0D0
10
598.92
20
-1877.838
0
VERTEX
8
L0D0
10
599.524
20
-1874.391
0
VERTEX
8
L0D0
10
600.047
20
-1870.931
0
VERTEX
8
L0D0
10
600.491
20
-1867.459
0
VERTEX
8
L0D0
10
600.854
20
-1863.979
0
VERTEX
8
L0D0
10
601.136
20
-1860.491
0
VERTEX
8
L0D0
10
601.338
20
-1856.997
0
VERTEX
8
L0D0
10
601.46
20
-1853.499
0
VERTEX
8
L0D0
10
601.5
20
-1850
0
VERTEX
8
L0D0
10
601.5
20
-848.1
0
VERTEX
8
L0D0
10
601.54
20
-844.67
0
VERTEX
8
L0D0
10
601.658
20
-841.242
0
VERTEX
8
L0D0
10
601.856
20
-837.817
0
VERTEX
8
L0D0
10
602.133
20
-834.398
0
VERTEX
8
L0D0
10
602.489
20
-830.986
0
VERTEX
8
L0D0
10
602.924
20
-827.584
0
VERTEX
8
L0D0
10
603.437
20
-824.192
0
VERTEX
8
L0D0
10
604.028
20
-820.813
0
VERTEX
8
L0D0
10
604.698
20
-817.449
0
VERTEX
8
L0D0
10
605.444
20
-814.101
0
VERTEX
8
L0D0
10
606.268
20
-810.771
0
VERTEX
8
L0D0
10
607.169
20
-807.461
0
VERTEX
8
L0D0
10
608.146
20
-804.173
0
VERTEX
8
L0D0
10
609.198
20
-800.908
0
VERTEX
8
L0D0
10
610.326
20
-797.668
0
VERTEX
8
L0D0
10
611.528
20
-794.456
0
VERTEX
8
L0D0
10
612.804
20
-791.272
0
VERTEX
8
L0D0
10
614.153
20
-788.118
0
VERTEX
8
L0D0
10
615.575
20
-784.996
0
VERTEX
8
L0D0
10
617.068
20
-781.908
0
VERTEX
8
L0D0
10
618.633
20
-778.855
0
VERTEX
8
L0D0
10
620.267
20
-775.839
0
VERTEX
8
L0D0
10
621.971
20
-772.862
0
VERTEX
8
L0D0
10
623.743
20
-769.925
0
VERTEX
8
L0D0
10
625.582
20
-767.029
0
VERTEX
8
L0D0
10
627.488
20
-764.177
0
VERTEX
8
L0D0
10
629.459
20
-761.37
0
VERTEX
8
L0D0
10
631.494
20
-758.609
0
VERTEX
8
L0D0
10
633.593
20
-755.895
0
VERTEX
8
L0D0
10
635.754
20
-753.231
0
VERTEX
8
L0D0
10
637.976
20
-750.618
0
VERTEX
8
L0D0
10
640.257
20
-748.056
0
VERTEX
8
L0D0
10
642.597
20
-745.548
0
VERTEX
8
L0D0
10
644.995
20
-743.095
0
VERTEX
8
L0D0
10
647.448
20
-740.697
0
VERTEX
8
L0D0
10
649.956
20
-738.357
0
VERTEX
8
L0D0
10
652.518
20
-736.076
0
VERTEX
8
L0D0
10
655.131
20
-733.854
0
VERTEX
8
L0D0
10
657.795
20
-731.693
0
VERTEX
8
L0D0
10
660.509
20
-729.594
0
VERTEX
8
L0D0
10
663.27
20
-727.559
0
VERTEX
8
L0D0
10
666.077
20
-725.588
0
VERTEX
8
L0D0
10
668.929
20
-723.682
0
VERTEX
8
L0D0
10
671.825
20
-721.843
0
VERTEX
8
L0D0
10
674.762
20
-720.071
0
VERTEX
8
L0D0
10
677.739
20
-718.367
0
VERTEX
8
L0D0
10
680.755
20
-716.733
0
VERTEX
8
L0D0
10
683.808
20
-715.168
0
VERTEX
8
L0D0
10
686.896
20
-713.675
0
VERTEX
8
L0D0
10
690.018
20
-712.253
0
VERTEX
8
L0D0
10
693.172
20
-710.904
0
VERTEX
8
L0D0
10
696.356
20
-709.628
0
VERTEX
8
L0D0
10
699.568
20
-708.426
0
VERTEX
8
L0D0
10
702.808
20
-707.298
0
VERTEX
8
L0D0
10
706.073
20
-706.246
0
VERTEX
8
L0D0
10
709.361
20
-705.269
0
VERTEX
8
L0D0
10
712.671
20
-704.368
0
VERTEX
8
L0D0
10
716.001
20
-703.544
0
VERTEX
8
L0D0
10
719.349
20
-702.798
0
VERTEX
8
L0D0
10
722.713
20
-702.128
0
VERTEX
8
L0D0
10
726.092
20
-701.537
0
VERTEX
8
L0D0
10
729.484
20
-701.024
0
VERTEX
8
L0D0
10
732.886
20
-700.589
0
VERTEX
8
L0D0
10
736.298
20
-700.233
0
VERTEX
8
L0D0
10
739.717
20
-699.956
0
VERTEX
8
L0D0
10
743.142
20
-699.758
0
VERTEX
8
L0D0
10
746.57
20
-699.64
0
VERTEX
8
L0D0
10
750
20
-699.6
0
VERTEX
8
L0D0
10
850
20
-699.6
0
VERTEX
8
L0D0
10
853.43
20
-699.64
0
VERTEX
8
L0D0
10
856.858
20
-699.758
0
VERTEX
8
L0D0
10
860.283
20
-699.956
0
VERTEX
8
L0D0
10
863.702
20
-700.233
0
VERTEX
8
L0D0
10
867.114
20
-700.589
0
VERTEX
8
L0D0
10
870.516
20
-701.024
0
VERTEX
8
L0D0
10
873.908
20
-701.537
0
VERTEX
8
L0D0
10
877.287
20
-702.128
0
VERTEX
8
L0D0
10
880.651
20
-702.798
0
VERTEX
8
L0D0
10
883.999
20
-703.544
0
VERTEX
8
L0D0
10
887.329
20
-704.368
0
VERTEX
8
L0D0
10
890.639
20
-705.269
0
VERTEX
8
L0D0
10
893.927
20
-706.246
0
VERTEX
8
L0D0
10
897.192
20
-707.298
0
VERTEX
8
L0D0
10
900.432
20
-708.426
0
VERTEX
8
L0D0
10
903.644
20
-709.628
0
VERTEX
8
L0D0
10
906.828
20
-710.904
0
VERTEX
8
L0D0
10
909.982
20
-712.253
0
VERTEX
8
L0D0
10
913.104
20
-713.675
0
VERTEX
8
L0D0
10
916.192
20
-715.168
0
VERTEX
8
L0D0
10
919.245
20
-716.733
0
VERTEX
8
L0D0
10
922.261
20
-718.367
0
VERTEX
8
L0D0
10
925.238
20
-720.071
0
VERTEX
8
L0D0
10
928.175
20
-721.843
0
VERTEX
8
L0D0
10
931.071
20
-723.682
0
VERTEX
8
L0D0
10
933.923
20
-725.588
0
VERTEX
8
L0D0
10
936.73
20
-727.559
0
VERTEX
8
L0D0
10
939.491
20
-729.594
0
VERTEX
8
L0D0
10
942.205
20
-731.693
0
VERTEX
8
L0D0
10
944.869
20
-733.854
0
VERTEX
8
L0D0
10
947.482
20
-736.076
0
VERTEX
8
L0D0
10
950.044
20
-738.357
0
VERTEX
8
L0D0
10
952.552
20
-740.697
0
VERTEX
8
L0D0
10
955.005
20
-743.095
0
VERTEX
8
L0D0
10
957.403
20
-745.548
0
VERTEX
8
L0D0
10
959.743
20
-748.056
0
VERTEX
8
L0D0
10
962.024
20
-750.618
0
VERTEX
8
L0D0
10
964.246
20
-753.231
0
VERTEX
8
L0D0
10
966.407
20
-755.895
0
VERTEX
8
L0D0
10
968.506
20
-758.609
0
VERTEX
8
L0D0
10
970.541
20
-761.37
0
VERTEX
8
L0D0
10
972.512
20
-764.177
0
VERTEX
8
L0D0
10
974.418
20
-767.029
0
VERTEX
8
L0D0
10
976.257
20
-769.925
0
VERTEX
8
L0D0
10
978.029
20
-772.862
0
VERTEX
8
L0D0
10
979.733
20
-775.839
0
VERTEX
8
L0D0
10
981.367
20
-778.855
0
VERTEX
8
L0D0
10
982.932
20
-781.908
0
VERTEX
8
L0D0
10
984.425
20
-784.996
0
VERTEX
8
L0D0
10
985.847
20
-788.118
0
VERTEX
8
L0D0
10
987.196
20
-791.272
0
VERTEX
8
L0D0
10
988.472
20
-794.456
0
VERTEX
8
L0D0
10
989.674
20
-797.668
0
VERTEX
8
L0D0
10
990.802
20
-800.908
0
VERTEX
8
L0D0
10
991.854
20
-804.173
0
VERTEX
8
L0D0
10
992.831
20
-807.461
0
VERTEX
8
L0D0
10
993.732
20
-810.771
0
VERTEX
8
L0D0
10
994.556
20
-814.101
0
VERTEX
8
L0D0
10
995.302
20
-817.449
0
VERTEX
8
L0D0
10
995.972
20
-820.813
0
VERTEX
8
L0D0
10
996.563
20
-824.192
0
VERTEX
8
L0D0
10
997.076
20
-827.584
0
VERTEX
8
L0D0
10
997.511
20
-830.986
0
VERTEX
8
L0D0
10
997.867
20
-834.398
0
VERTEX
8
L0D0
10
998.144
20
-837.817
0
VERTEX
8
L0D0
10
998.342
20
-841.242
0
VERTEX
8
L0D0
10
998.46
20
-844.67
0
VERTEX
8
L0D0
10
998.5
20
-848.1
0
VERTEX
8
L0D0
10
998.5
20
-1950
0
VERTEX
8
L0D0
10
998.54
20
-1953.499
0
VERTEX
8
L0D0
10
998.662
20
-1956.997
0
VERTEX
8
L0D0
10
998.864
20
-1960.491
0
VERTEX
8
L0D0
10
999.146
20
-1963.979
0
VERTEX
8
L0D0
10
999.509
20
-1967.459
0
VERTEX
8
L0D0
10
999.953
20
-1970.931
0
VERTEX
8
L0D0
10
1000.476
20
-1974.391
0
VERTEX
8
L0D0
10
1001.08
20
-1977.838
0
VERTEX
8
L0D0
10
1001.762
20
-1981.27
0
VERTEX
8
L0D0
10
1002.524
20
-1984.686
0
VERTEX
8
L0D0
10
1003.365
20
-1988.083
0
VERTEX
8
L0D0
10
1004.283
20
-1991.46
0
VERTEX
8
L0D0
10
1005.28
20
-1994.815
0
VERTEX
8
L0D0
10
1006.354
20
-1998.145
0
VERTEX
8
L0D0
10
1007.504
20
-2001.45
0
VERTEX
8
L0D0
10
1008.73
20
-2004.728
0
VERTEX
8
L0D0
10
1010.032
20
-2007.977
0
VERTEX
8
L0D0
10
1011.409
20
-2011.194
0
VERTEX
8
L0D0
10
1012.859
20
-2014.379
0
VERTEX
8
L0D0
10
1014.383
20
-2017.529
0
VERTEX
8
L0D0
10
1015.979
20
-2020.644
0
VERTEX
8
L0D0
10
1017.646
20
-2023.721
0
VERTEX
8
L0D0
10
1019.384
20
-2026.758
0
VERTEX
8
L0D0
10
1021.192
20
-2029.754
0
VERTEX
8
L0D0
10
1023.069
20
-2032.708
0
VERTEX
8
L0D0
10
1025.013
20
-2035.618
0
VERTEX
8
L0D0
10
1027.024
20
-2038.482
0
VERTEX
8
L0D0
10
1029.1
20
-2041.299
0
VERTEX
8
L0D0
10
1031.241
20
-2044.067
0
VERTEX
8
L0D0
10
1033.446
20
-2046.785
0
VERTEX
8
L0D0
10
1035.713
20
-2049.452
0
VERTEX
8
L0D0
10
1038.04
20
-2052.065
0
VERTEX
8
L0D0
10
1040.428
20
-2054.624
0
VERTEX
8
L0D0
10
1042.873
20
-2057.127
0
VERTEX
8
L0D0
10
1045.376
20
-2059.572
0
VERTEX
8
L0D0
10
1047.935
20
-2061.96
0
VERTEX
8
L0D0
10
1050.548
20
-2064.287
0
VERTEX
8
L0D0
10
1053.215
20
-2066.554
0
VERTEX
8
L0D0
10
1055.933
20
-2068.759
0
VERTEX
8
L0D0
10
1058.701
20
-2070.9
0
VERTEX
8
L0D0
10
1061.518
20
-2072.976
0
VERTEX
8
L0D0
10
1064.382
20
-2074.987
0
VERTEX
8
L0D0
10
1067.292
20
-2076.931
0
VERTEX
8
L0D0
10
1070.246
20
-2078.808
0
VERTEX
8
L0D0
10
1073.242
20
-2080.616
0
VERTEX
8
L0D0
10
1076.279
20
-2082.354
0
VERTEX
8
L0D0
10
1079.356
20
-2084.021
0
VERTEX
8
L0D0
10
1082.471
20
-2085.617
0
VERTEX
8
L0D0
10
1085.621
20
-2087.141
0
VERTEX
8
L0D0
10
1088.806
20
-2088.591
0
VERTEX
8
L0D0
10
1092.023
20
-2089.968
0
VERTEX
8
L0D0
10
1095.272
20
-2091.27
0
VERTEX
8
L0D0
10
1098.55
20
-2092.496
0
VERTEX
8
L0D0
10
1101.855
20
-2093.646
0
VERTEX
8
L0D0
10
1105.185
20
-2094.72
0
VERTEX
8
L0D0
10
1108.54
20
-2095.717
0
VERTEX
8
L0D0
10
1111.917
20
-2096.635
0
VERTEX
8
L0D0
10
1115.314
20
-2097.476
0
VERTEX
8
L0D0
10
1118.73
20
-2098.238
0
VERTEX
8
L0D0
10
1122.162
20
-2098.92
0
VERTEX
8
L0D0
10
1125.609
20
-2099.524
0
VERTEX
8
L0D0
10
1129.069
20
-2100.047
0
VERTEX
8
L0D0
10
1132.541
20
-2100.491
0
VERTEX
8
L0D0
10
1136.021
20
-2100.854
0
VERTEX
8
L0D0
10
1139.509
20
-2101.136
0
VERTEX
8
L0D0
10
1143.003
20
-2101.338
0
VERTEX
8
L0D0
10
1146.501
20
-2101.46
0
VERTEX
8
L0D0
10
1150
20
-2101.5
0
VERTEX
8
L0D0
10
1545.75
20
-2101.5
0
VERTEX
8
L0D0
10
1549.249
20
-2101.46
0
VERTEX
8
L0D0
10
1552.747
20
-2101.338
0
VERTEX
8
L0D0
10
1556.241
20
-2101.136
0
VERTEX
8
L0D0
10
1559.729
20
-2100.854
0
VERTEX
8
L0D0
10
1563.209
20
-2100.491
0
VERTEX
8
L0D0
10
1566.681
20
-2100.047
0
VERTEX
8
L0D0
10
1570.141
20
-2099.524
0
VERTEX
8
L0D0
10
1573.588
20
-2098.92
0
VERTEX
8
L0D0
10
1577.02
20
-2098.238
0
VERTEX
8
L0D0
10
1580.436
20
-2097.476
0
VERTEX
8
L0D0
10
1583.833
20
-2096.635
0
VERTEX
8
L0D0
10
1587.21
20
-2095.717
0
VERTEX
8
L0D0
10
1590.565
20
-2094.72
0
VERTEX
8
L0D0
10
1593.895
20
-2093.646
0
VERTEX
8
L0D0
10
1597.2
20
-2092.496
0
VERTEX
8
L0D0
10
1600.478
20
-2091.27
0
VERTEX
8
L0D0
10
1603.727
20
-2089.968
0
VERTEX
8
L0D0
10
1606.944
20
-2088.591
0
VERTEX
8
L0D0
10
1610.129
20
-2087.141
0
VERTEX
8
L0D0
10
1613.279
20
-2085.617
0
VERTEX
8
L0D0
10
1616.394
20
-2084.021
0
VERTEX
8
L0D0
10
1619.471
20
-2082.354
0
VERTEX
8
L0D0
10
1622.508
20
-2080.616
0
VERTEX
8
L0D0
10
1625.504
20
-2078.808
0
VERTEX
8
L0D0
10
1628.458
20
-2076.931
0
VERTEX
8
L0D0
10
1631.368
20
-2074.987
0
VERTEX
8
L0D0
10
1634.232
20
-2072.976
0
VERTEX
8
L0D0
10
1637.049
20
-2070.9
0
VERTEX
8
L0D0
10
1639.817
20
-2068.759
0
VERTEX
8
L0D0
10
1642.535
20
-2066.554
0
VERTEX
8
L0D0
10
1645.202
20
-2064.287
0
VERTEX
8
L0D0
10
1647.815
20
-2061.96
0
VERTEX
8
L0D0
10
1650.374
20
-2059.572
0
VERTEX
8
L0D0
10
1652.877
20
-2057.127
0
VERTEX
8
L0D0
10
1655.322
20
-2054.624
0
VERTEX
8
L0D0
10
1657.71
20
-2052.065
0
VERTEX
8
L0D0
10
1660.037
20
-2049.452
0
VERTEX
8
L0D0
10
1662.304
20
-2046.785
0
VERTEX
8
L0D0
10
1664.509
20
-2044.067
0
VERTEX
8
L0D0
10
1666.65
20
-2041.299
0
VERTEX
8
L0D0
10
1668.726
20
-2038.482
0
VERTEX
8
L0D0
10
1670.737
20
-2035.618
0
VERTEX
8
L0D0
10
1672.681
20
-2032.708
0
VERTEX
8
L0D0
10
1674.558
20
-2029.754
0
VERTEX
8
L0D0
10
1676.366
20
-2026.758
0
VERTEX
8
L0D0
10
1678.104
20
-2023.721
0
VERTEX
8
L0D0
10
1679.771
20
-2020.644
0
VERTEX
8
L0D0
10
1681.367
20
-2017.529
0
VERTEX
8
L0D0
10
1682.891
20
-2014.379
0
VERTEX
8
L0D0
10
1684.341
20
-2011.194
0
VERTEX
8
L0D0
10
1685.718
20
-2007.977
0
VERTEX
8
L0D0
10
1687.02
20
-2004.728
0
VERTEX
8
L0D0
10
1688.246
20
-2001.45
0
VERTEX
8
L0D0
10
1689.396
20
-1998.145
0
VERTEX
8
L0D0
10
1690.47
20
-1994.815
0
VERTEX
8
L0D0
10
1691.467
20
-1991.46
0
VERTEX
8
L0D0
10
1692.385
20
-1988.083
0
VERTEX
8
L0D0
10
1693.226
20
-1984.686
0
VERTEX
8
L0D0
10
1693.988
20
-1981.27
0
VERTEX
8
L0D0
10
1694.67
20
-1977.838
0
VERTEX
8
L0D0
10
1695.274
20
-1974.391
0
VERTEX
8
L0D0
10
1695.797
20
-1970.931
0
VERTEX
8
L0D0
10
1696.241
20
-1967.459
0
VERTEX
8
L0D0
10
1696.604
20
-1963.979
0
VERTEX
8
L0D0
10
1696.886
20
-1960.491
0
VERTEX
8
L0D0
10
1697.088
20
-1956.997
0
VERTEX
8
L0D0
10
1697.21
20
-1953.499
0
VERTEX
8
L0D0
10
1697.25
20
-1950
0
VERTEX
8
L0D0
10
1697.25
20
-1202.75
0
VERTEX
8
L0D0
10
1800
20
-1202.75
0
VERTEX
8
L0D0
10
1900
20
-1300
0
VERTEX
8
L0D0
10
2100
20
-1300
0
VERTEX
8
L0D0
10
2100
20
-1100
0
VERTEX
8
L0D0
10
1900
20
-1100
0
VERTEX
8
L0D0
10
1800
20
-1197.25
0
VERTEX
8
L0D0
10
1697.25
20
-1197.25
0
VERTEX
8
L0D0
10
1697.25
20
-200
0
VERTEX
8
L0D0
10
1697.21
20
-196.501
0
VERTEX
8
L0D0
10
1697.088
20
-193.003
0
VERTEX
8
L0D0
10
1696.886
20
-189.509
0
VERTEX
8
L0D0
10
1696.604
20
-186.021
0
VERTEX
8
L0D0
10
1696.241
20
-182.541
0
VERTEX
8
L0D0
10
1695.797
20
-179.069
0
VERTEX
8
L0D0
10
1695.274
20
-175.609
0
VERTEX
8
L0D0
10
1694.67
20
-172.162
0
VERTEX
8
L0D0
10
1693.988
20
-168.73
0
VERTEX
8
L0D0
10
1693.226
20
-165.314
0
VERTEX
8
L0D0
10
1692.385
20
-161.917
0
VERTEX
8
L0D0
10
1691.467
20
-158.54
0
VERTEX
8
L0D0
10
1690.47
20
-155.185
0
VERTEX
8
L0D0
10
1689.396
20
-151.855
0
VERTEX
8
L0D0
10
1688.246
20
-148.55
0
VERTEX
8
L0D0
10
1687.02
20
-145.272
0
VERTEX
8
L0D0
10
1685.718
20
-142.023
0
VERTEX
8
L0D0
10
1684.341
20
-138.806
0
VERTEX
8
L0D0
10
1682.891
20
-135.621
0
VERTEX
8
L0D0
10
1681.367
20
-132.471
0
VERTEX
8
L0D0
10
1679.771
20
-129.356
0
VERTEX
8
L0D0
10
1678.104
20
-126.279
0
VERTEX
8
L0D0
10
1676.366
20
-123.242
0
VERTEX
8
L0D0
10
1674.558
20
-120.246
0
VERTEX
8
L0D0
10
1672.681
20
-117.292
0
VERTEX
8
L0D0
10
1670.737
20
-114.382
0
VERTEX
8
L0D0
10
1668.726
20
-111.518
0
VERTEX
8
L0D0
10
1666.65
20
-108.701
0
VERTEX
8
L0D0
10
1664.509
20
-105.933
0
VERTEX
8
L0D0
10
1662.304
20
-103.215
0
VERTEX
8
L0D0
10
1660.037
20
-100.548
0
VERTEX
8
L0D0
10
1657.71
20
-97.935
0
VERTEX
8
L0D0
10
1655.322
20
-95.376
0
VERTEX
8
L0D0
10
1652.877
20
-92.873
0
VERTEX
8
L0D0
10
1650.374
20
-90.428
0
VERTEX
8
L0D0
10
1647.815
20
-88.04
0
VERTEX
8
L0D0
10
1645.202
20
-85.713
0
VERTEX
8
L0D0
10
1642.535
20
-83.446
0
VERTEX
8
L0D0
10
1639.817
20
-81.241
0
VERTEX
8
L0D0
10
1637.049
20
-79.1
0
VERTEX
8
L0D0
10
1634.232
20
-77.024
0
VERTEX
8
L0D0
10
1631.368
20
-75.013
0
VERTEX
8
L0D0
10
1628.458
20
-73.069
0
VERTEX
8
L0D0
10
1625.504
20
-71.192
0
VERTEX
8
L0D0
10
1622.508
20
-69.384
0
VERTEX
8
L0D0
10
1619.471
20
-67.646
0
VERTEX
8
L0D0
10
1616.394
20
-65.979
0
VERTEX
8
L0D0
10
1613.279
20
-64.383
0
VERTEX
8
L0D0
10
1610.129
20
-62.859
0
VERTEX
8
L0D0
10
1606.944
20
-61.409
0
VERTEX
8
L0D0
10
1603.727
20
-60.032
0
VERTEX
8
L0D0
10
1600.478
20
-58.73
0
VERTEX
8
L0D0
10
1597.2
20
-57.504
0
VERTEX
8
L0D0
10
1593.895
20
-56.354
0
VERTEX
8
L0D0
10
1590.565
20
-55.28
0
VERTEX
8
L0D0
10
1587.21
20
-54.283
0
VERTEX
8
L0D0
10
1583.833
20
-53.365
0
VERTEX
8
L0D0
10
1580.436
20
-52.524
0
VERTEX
8
L0D0
10
1577.02
20
-51.762
0
VERTEX
8
L0D0
10
1573.588
20
-51.08
0
VERTEX
8
L0D0
10
1570.141
20
-50.476
0
VERTEX
8
L0D0
10
1566.681
20
-49.953
0
VERTEX
8
L0D0
10
1563.209
20
-49.509
0
VERTEX
8
L0D0
10
1559.729
20
-49.146
0
VERTEX
8
L0D0
10
1556.241
20
-48.864
0
VERTEX
8
L0D0
10
1552.747
20
-48.662
0
VERTEX
8
L0D0
10
1549.249
20
-48.54
0
VERTEX
8
L0D0
10
1545.75
20
-48.5
0
VERTEX
8
L0D0
10
1087.4
20
-48.5
0
VERTEX
8
L0D0
10
1083.97
20
-48.46
0
VERTEX
8
L0D0
10
1080.542
20
-48.342
0
VERTEX
8
L0D0
10
1077.117
20
-48.144
0
VERTEX
8
L0D0
10
1073.698
20
-47.867
0
VERTEX
8
L0D0
10
1070.286
20
-47.511
0
VERTEX
8
L0D0
10
1066.884
20
-47.076
0
VERTEX
8
L0D0
10
1063.492
20
-46.563
0
VERTEX
8
L0D0
10
1060.113
20
-45.972
0
VERTEX
8
L0D0
10
1056.749
20
-45.302
0
VERTEX
8
L0D0
10
1053.401
20
-44.556
0
VERTEX
8
L0D0
10
1050.071
20
-43.732
0
VERTEX
8
L0D0
10
1046.761
20
-42.831
0
VERTEX
8
L0D0
10
1043.473
20
-41.854
0
VERTEX
8
L0D0
10
1040.208
20
-40.802
0
VERTEX
8
L0D0
10
1036.968
20
-39.674
0
VERTEX
8
L0D0
10
1033.756
20
-38.472
0
VERTEX
8
L0D0
10
1030.572
20
-37.196
0
VERTEX
8
L0D0
10
1027.418
20
-35.847
0
VERTEX
8
L0D0
10
1024.296
20
-34.425
0
VERTEX
8
L0D0
10
1021.208
20
-32.932
0
VERTEX
8
L0D0
10
1018.155
20
-31.367
0
VERTEX
8
L0D0
10
1015.139
20
-29.733
0
VERTEX
8
L0D0
10
1012.162
20
-28.029
0
VERTEX
8
L0D0
10
1009.225
20
-26.257
0
VERTEX
8
L0D0
10
1006.329
20
-24.418
0
VERTEX
8
L0D0
10
1003.477
20
-22.512
0
VERTEX
8
L0D0
10
1000.67
20
-20.541
0
VERTEX
8
L0D0
10
997.909
20
-18.506
0
VERTEX
8
L0D0
10
995.195
20
-16.407
0
VERTEX
8
L0D0
10
992.531
20
-14.246
0
VERTEX
8
L0D0
10
989.918
20
-12.024
0
VERTEX
8
L0D0
10
987.356
20
-9.743
0
VERTEX
8
L0D0
10
984.848
20
-7.403
0
VERTEX
8
L0D0
10
982.395
20
-5.005
0
VERTEX
8
L0D0
10
979.997
20
-2.552
0
VERTEX
8
L0D0
10
977.657
20
-0.044
0
VERTEX
8
L0D0
10
975.376
20
2.518
0
VERTEX
8
L0D0
10
973.154
20
5.131
0
VERTEX
8
L0D0
10
970.993
20
7.795
0
VERTEX
8
L0D0
10
968.894
20
10.509
0
VERTEX
8
L0D0
10
966.859
20
13.27
0
VERTEX
8
L0D0
10
964.888
20
16.077
0
VERTEX
8
L0D0
10
962.982
20
18.929
0
VERTEX
8
L0D0
10
961.143
20
21.825
0
VERTEX
8
L0D0
10
959.371
20
24.762
0
VERTEX
8
L0D0
10
957.667
20
27.739
0
VERTEX
8
L0D0
10
956.033
20
30.755
0
VERTEX
8
L0D0
10
954.468
20
33.808
0
VERTEX
8
L0D0
10
952.975
20
36.896
0
VERTEX
8
L0D0
10
951.553
20
40.018
0
VERTEX
8
L0D0
10
950.204
20
43.172
0
VERTEX
8
L0D0
10
948.928
20
46.356
0
VERTEX
8
L0D0
10
947.726
20
49.568
0
VERTEX
8
L0D0
10
946.598
20
52.808
0
VERTEX
8
L0D0
10
945.546
20
56.073
0
VERTEX
8
L0D0
10
944.569
20
59.361
0
VERTEX
8
L0D0
10
943.668
20
62.671
0
VERTEX
8
L0D0
10
942.844
20
66.001
0
VERTEX
8
L0D0
10
942.098
20
69.349
0
VERTEX
8
L0D0
10
941.428
20
72.713
0
VERTEX
8
L0D0
10
940.837
20
76.092
0
VERTEX
8
L0D0
10
940.324
20
79.484
0
VERTEX
8
L0D0
10
939.889
20
82.886
0
VERTEX
8
L0D0
10
939.533
20
86.298
0
VERTEX
8
L0D0
10
939.256
20
89.717
0
VERTEX
8
L0D0
10
939.058
20
93.142
0
VERTEX
8
L0D0
10
938.94
20
96.57
0
VERTEX
8
L0D0
10
938.9
20
100
0
VERTEX
8
L0D0
10
938.9
20
200
0
VERTEX
8
L0D0
10
938.94
20
203.43
0
VERTEX
8
L0D0
10
939.058
20
206.858
0
VERTEX
8
L0D0
10
939.256
20
210.283
0
VERTEX
8
L0D0
10
939.533
20
213.702
0
VERTEX
8
L0D0
10
939.889
20
217.114
0
VERTEX
8
L0D0
10
940.324
20
220.516
0
VERTEX
8
L0D0
10
940.837
20
223.908
0
VERTEX
8
L0D0
10
941.428
20
227.287
0
VERTEX
8
L0D0
10
942.098
20
230.651
0
VERTEX
8
L0D0
10
942.844
20
233.999
0
VERTEX
8
L0D0
10
943.668
20
237.329
0
VERTEX
8
L0D0
10
944.569
20
240.639
0
VERTEX
8
L0D0
10
945.546
20
243.927
0
VERTEX
8
L0D0
10
946.598
20
247.192
0
VERTEX
8
L0D0
10
947.726
20
250.432
0
VERTEX
8
L0D0
10
948.928
20
253.644
0
VERTEX
8
L0D0
10
950.204
20
256.828
0
VERTEX
8
L0D0
10
951.553
20
259.982
0
VERTEX
8
L0D0
10
952.975
20
263.104
0
VERTEX
8
L0D0
10
954.468
20
266.192
0
VERTEX
8
L0D0
10
956.033
20
269.245
0
VERTEX
8
L0D0
10
957.667
20
272.261
0
VERTEX
8
L0D0
10
959.371
20
275.238
0
VERTEX
8
L0D0
10
961.143
20
278.175
0
VERTEX
8
L0D0
10
962.982
20
281.071
0
VERTEX
8
L0D0
10
964.888
20
283.923
0
VERTEX
8
L0D0
10
966.859
20
286.73
0
VERTEX
8
L0D0
10
968.894
20
289.491
0
VERTEX
8
L0D0
10
970.993
20
292.205
0
VERTEX
8
L0D0
10
973.154
20
294.869
0
VERTEX
8
L0D0
10
975.376
20
297.482
0
VERTEX
8
L0D0
10
977.657
20
300.044
0
VERTEX
8
L0D0
10
979.997
20
302.552
0
VERTEX
8
L0D0
10
982.395
20
305.005
0
VERTEX
8
L0D0
10
984.848
20
307.403
0
VERTEX
8
L0D0
10
987.356
20
309.743
0
VERTEX
8
L0D0
10
989.918
20
312.024
0
VERTEX
8
L0D0
10
992.531
20
314.246
0
VERTEX
8
L0D0
10
995.195
20
316.407
0
VERTEX
8
L0D0
10
997.909
20
318.506
0
VERTEX
8
L0D0
10
1000.67
20
320.541
0
VERTEX
8
L0D0
10
1003.477
20
322.512
0
VERTEX
8
L0D0
10
1006.329
20
324.418
0
VERTEX
8
L0D0
10
1009.225
20
326.257
0
VERTEX
8
L0D0
10
1012.162
20
328.029
0
VERTEX
8
L0D0
10
1015.139
20
329.733
0
VERTEX
8
L0D0
10
1018.155
20
331.367
0
VERTEX
8
L0D0
10
1021.208
20
332.932
0
VERTEX
8
L0D0
10
1024.296
20
334.425
0
VERTEX
8
L0D0
10
1027.418
20
335.847
0
VERTEX
8
L0D0
10
1030.572
20
337.196
0
VERTEX
8
L0D0
10
1033.756
20
338.472
0
VERTEX
8
L0D0
10
1036.968
20
339.674
0
VERTEX
8
L0D0
10
1040.208
20
340.802
0
VERTEX
8
L0D0
10
1043.473
20
341.854
0
VERTEX
8
L0D0
10
1046.761
20
342.831
0
VERTEX
8
L0D0
10
1050.071
20
343.732
0
VERTEX
8
L0D0
10
1053.401
20
344.556
0
VERTEX
8
L0D0
10
1056.749
20
345.302
0
VERTEX
8
L0D0
10
1060.113
20
345.972
0
VERTEX
8
L0D0
10
1063.492
20
346.563
0
VERTEX
8
L0D0
10
1066.884
20
347.076
0
VERTEX
8
L0D0
10
1070.286
20
347.511
0
VERTEX
8
L0D0
10
1073.698
20
347.867
0
VERTEX
8
L0D0
10
1077.117
20
348.144
0
VERTEX
8
L0D0
10
1080.542
20
348.342
0
VERTEX
8
L0D0
10
1083.97
20
348.46
0
VERTEX
8
L0D0
10
1087.4
20
348.5
0
VERTEX
8
L0D0
10
2050
20
348.5
0
VERTEX
8
L0D0
10
2053.499
20
348.54
0
VERTEX
8
L0D0
10
2056.997
20
348.662
0
VERTEX
8
L0D0
10
2060.491
20
348.864
0
VERTEX
8
L0D0
10
2063.979
20
349.146
0
VERTEX
8
L0D0
10
2067.459
20
349.509
0
VERTEX
8
L0D0
10
2070.931
20
349.953
0
VERTEX
8
L0D0
10
2074.391
20
350.476
0
VERTEX
8
L0D0
10
2077.838
20
351.08
0
VERTEX
8
L0D0
10
2081.27
20
351.762
0
VERTEX
8
L0D0
10
2084.686
20
352.524
0
VERTEX
8
L0D0
10
2088.083
20
353.365
0
VERTEX
8
L0D0
10
2091.46
20
354.283
0
VERTEX
8
L0D0
10
2094.815
20
355.28
0
VERTEX
8
L0D0
10
2098.145
20
356.354
0
VERTEX
8
L0D0
10
2101.45
20
357.504
0
VERTEX
8
L0D0
10
2104.728
20
358.73
0
VERTEX
8
L0D0
10
2107.977
20
360.032
0
VERTEX
8
L0D0
10
2111.194
20
361.409
0
VERTEX
8
L0D0
10
2114.379
20
362.859
0
VERTEX
8
L0D0
10
2117.529
20
364.383
0
VERTEX
8
L0D0
10
2120.644
20
365.979
0
VERTEX
8
L0D0
10
2123.721
20
367.646
0
VERTEX
8
L0D0
10
2126.758
20
369.384
0
VERTEX
8
L0D0
10
2129.754
20
371.192
0
VERTEX
8
L0D0
10
2132.708
20
373.069
0
VERTEX
8
L0D0
10
2135.618
20
375.013
0
VERTEX
8
L0D0
10
2138.482
20
377.024
0
VERTEX
8
L0D0
10
2141.299
20
379.1
0
VERTEX
8
L0D0
10
2144.067
20
381.241
0
VERTEX
8
L0D0
10
2146.785
20
383.446
0
VERTEX
8
L0D0
10
2149.452
20
385.713
0
VERTEX
8
L0D0
10
2152.065
20
388.04
0
VERTEX
8
L0D0
10
2154.624
20
390.428
0
VERTEX
8
L0D0
10
2157.127
20
392.873
0
VERTEX
8
L0D0
10
2159.572
20
395.376
0
VERTEX
8
L0D0
10
2161.96
20
397.935
0
VERTEX
8
L0D0
10
2164.287
20
400.548
0
VERTEX
8
L0D0
10
2166.554
20
403.215
0
VERTEX
8
L0D0
10
2168.759
20
405.933
0
VERTEX
8
L0D0
10
2170.9
20
408.701
0
VERTEX
8
L0D0
10
2172.976
20
411.518
0
VERTEX
8
L0D0
10
2174.987
20
414.382
0
VERTEX
8
L0D0
10
2176.931
20
417.292
0
VERTEX
8
L0D0
10
2178.808
20
420.246
0
VERTEX
8
L0D0
10
2180.616
20
423.242
0
VERTEX
8
L0D0
10
2182.354
20
426.279
0
VERTEX
8
L0D0
10
2184.021
20
429.356
0
VERTEX
8
L0D0
10
2185.617
20
432.471
0
VERTEX
8
L0D0
10
2187.141
20
435.621
0
VERTEX
8
L0D0
10
2188.591
20
438.806
0
VERTEX
8
L0D0
10
2189.968
20
442.023
0
VERTEX
8
L0D0
10
2191.27
20
445.272
0
VERTEX
8
L0D0
10
2192.496
20
448.55
0
VERTEX
8
L0D0
10
2193.646
20
451.855
0
VERTEX
8
L0D0
10
2194.72
20
455.185
0
VERTEX
8
L0D0
10
2195.717
20
458.54
0
VERTEX
8
L0D0
10
2196.635
20
461.917
0
VERTEX
8
L0D0
10
2197.476
20
465.314
0
VERTEX
8
L0D0
10
2198.238
20
468.73
0
VERTEX
8
L0D0
10
2198.92
20
472.162
0
VERTEX
8
L0D0
10
2199.524
20
475.609
0
VERTEX
8
L0D0
10
2200.047
20
479.069
0
VERTEX
8
L0D0
10
2200.491
20
482.541
0
VERTEX
8
L0D0
10
2200.854
20
486.021
0
VERTEX
8
L0D0
10
2201.136
20
489.509
0
VERTEX
8
L0D0
10
2201.338
20
493.003
0
VERTEX
8
L0D0
10
2201.46
20
496.501
0
VERTEX
8
L0D0
10
2201.5
20
500
0
VERTEX
8
L0D0
10
2201.5
20
600
0
VERTEX
8
L0D0
10
2201.46
20
603.499
0
VERTEX
8
L0D0
10
2201.338
20
606.997
0
VERTEX
8
L0D0
10
2201.136
20
610.491
0
VERTEX
8
L0D0
10
2200.854
20
613.979
0
VERTEX
8
L0D0
10
2200.491
20
617.459
0
VERTEX
8
L0D0
10
2200.047
20
620.931
0
VERTEX
8
L0D0
10
2199.524
20
624.391
0
VERTEX
8
L0D0
10
2198.92
20
627.838
0
VERTEX
8
L0D0
10
2198.238
20
631.27
0
VERTEX
8
L0D0
10
2197.476
20
634.686
0
VERTEX
8
L0D0
10
2196.635
20
638.083
0
VERTEX
8
L0D0
10
2195.717
20
641.46
0
VERTEX
8
L0D0
10
2194.72
20
644.815
0
VERTEX
8
L0D0
10
2193.646
20
648.145
0
VERTEX
8
L0D0
10
2192.496
20
651.45
0
VERTEX
8
L0D0
10
2191.27
20
654.728
0
VERTEX
8
L0D0
10
2189.968
20
657.977
0
VERTEX
8
L0D0
10
2188.591
20
661.194
0
VERTEX
8
L0D0
10
2187.141
20
664.379
0
VERTEX
8
L0D0
10
2185.617
20
667.529
0
VERTEX
8
L0D0
10
2184.021
20
670.644
0
VERTEX
8
L0D0
10
2182.354
20
673.721
0
VERTEX
8
L0D0
10
2180.616
20
676.758
0
VERTEX
8
L0D0
10
2178.808
20
679.754
0
VERTEX
8
L0D0
10
2176.931
20
682.708
0
VERTEX
8
L0D0
10
2174.987
20
685.618
0
VERTEX
8
L0D0
10
2172.976
20
688.482
0
VERTEX
8
L0D0
10
2170.9
20
691.299
0
VERTEX
8
L0D0
10
2168.759
20
694.067
0
VERTEX
8
L0D0
10
2166.554
20
696.785
0
VERTEX
8
L0D0
10
2164.287
20
699.452
0
VERTEX
8
L0D0
10
2161.96
20
702.065
0
VERTEX
8
L0D0
10
2159.572
20
704.624
0
VERTEX
8
L0D0
10
2157.127
20
707.127
0
VERTEX
8
L0D0
10
2154.624
20
709.572
0
VERTEX
8
L0D0
10
2152.065
20
711.96
0
VERTEX
8
L0D0
10
2149.452
20
714.287
0
VERTEX
8
L0D0
10
2146.785
20
716.554
0
VERTEX
8
L0D0
10
2144.067
20
718.759
0
VERTEX
8
L0D0
10
2141.299
20
720.9
0
VERTEX
8
L0D0
10
2138.482
20
722.976
0
VERTEX
8
L0D0
10
2135.618
20
724.987
0
VERTEX
8
L0D0
10
2132.708
20
726.931
0
VERTEX
8
L0D0
10
2129.754
20
728.808
0
VERTEX
8
L0D0
10
2126.758
20
730.616
0
VERTEX
8
L0D0
10
2123.721
20
732.354
0
VERTEX
8
L0D0
10
2120.644
20
734.021
0
VERTEX
8
L0D0
10
2117.529
20
735.617
0
VERTEX
8
L0D0
10
2114.379
20
737.141
0
VERTEX
8
L0D0
10
2111.194
20
738.591
0
VERTEX
8
L0D0
10
2107.977
20
739.968
0
VERTEX
8
L0D0
10
2104.728
20
741.27
0
VERTEX
8
L0D0
10
2101.45
20
742.496
0
VERTEX
8
L0D0
10
2098.145
20
743.646
0
VERTEX
8
L0D0
10
2094.815
20
744.72
0
VERTEX
8
L0D0
10
2091.46
20
745.717
0
VERTEX
8
L0D0
10
2088.083
20
746.635
0
VERTEX
8
L0D0
10
2084.686
20
747.476
0
VERTEX
8
L0D0
10
2081.27
20
748.238
0
VERTEX
8
L0D0
10
2077.838
20
748.92
0
VERTEX
8
L0D0
10
2074.391
20
749.524
0
VERTEX
8
L0D0
10
2070.931
20
750.047
0
VERTEX
8
L0D0
10
2067.459
20
750.491
0
VERTEX
8
L0D0
10
2063.979
20
750.854
0
VERTEX
8
L0D0
10
2060.491
20
751.136
0
VERTEX
8
L0D0
10
2056.997
20
751.338
0
VERTEX
8
L0D0
10
2053.499
20
751.46
0
VERTEX
8
L0D0
10
2050
20
751.5
0
VERTEX
8
L0D0
10
1845.75
20
751.5
0
VERTEX
8
L0D0
10
1842.32
20
751.54
0
VERTEX
8
L0D0
10
1838.892
20
751.658
0
VERTEX
8
L0D0
10
1835.467
20
751.856
0
VERTEX
8
L0D0
10
1832.048
20
752.133
0
VERTEX
8
L0D0
10
1828.636
20
752.489
0
VERTEX
8
L0D0
10
1825.234
20
752.924
0
VERTEX
8
L0D0
10
1821.842
20
753.437
0
VERTEX
8
L0D0
10
1818.463
20
754.028
0
VERTEX
8
L0D0
10
1815.099
20
754.698
0
VERTEX
8
L0D0
10
1811.751
20
755.444
0
VERTEX
8
L0D0
10
1808.421
20
756.268
0
VERTEX
8
L0D0
10
1805.111
20
757.169
0
VERTEX
8
L0D0
10
1801.823
20
758.146
0
VERTEX
8
L0D0
10
1798.558
20
759.198
0
VERTEX
8
L0D0
10
1795.318
20
760.326
0
VERTEX
8
L0D0
10
1792.106
20
761.528
0
VERTEX
8
L0D0
10
1788.922
20
762.804
0
VERTEX
8
L0D0
10
1785.768
20
764.153
0
VERTEX
8
L0D0
10
1782.646
20
765.575
0
VERTEX
8
L0D0
10
1779.558
20
767.068
0
VERTEX
8
L0D0
10
1776.505
20
768.633
0
VERTEX
8
L0D0
10
1773.489
20
770.267
0
VERTEX
8
L0D0
10
1770.512
20
771.971
0
VERTEX
8
L0D0
10
1767.575
20
773.743
0
VERTEX
8
L0D0
10
1764.679
20
775.582
0
VERTEX
8
L0D0
10
1761.827
20
777.488
0
VERTEX
8
L0D0
10
1759.02
20
779.459
0
VERTEX
8
L0D0
10
1756.259
20
781.494
0
VERTEX
8
L0D0
10
1753.545
20
783.593
0
VERTEX
8
L0D0
10
1750.881
20
785.754
0
VERTEX
8
L0D0
10
1748.268
20
787.976
0
VERTEX
8
L0D0
10
1745.706
20
790.257
0
VERTEX
8
L0D0
10
1743.198
20
792.597
0
VERTEX
8
L0D0
10
1740.745
20
794.995
0
VERTEX
8
L0D0
10
1738.347
20
797.448
0
VERTEX
8
L0D0
10
1736.007
20
799.956
0
VERTEX
8
L0D0
10
1733.726
20
802.518
0
VERTEX
8
L0D0
10
1731.504
20
805.131
0
VERTEX
8
L0D0
10
1729.343
20
807.795
0
VERTEX
8
L0D0
10
1727.244
20
810.509
0
VERTEX
8
L0D0
10
1725.209
20
813.27
0
VERTEX
8
L0D0
10
1723.238
20
816.077
0
VERTEX
8
L0D0
10
1721.332
20
818.929
0
VERTEX
8
L0D0
10
1719.493
20
821.825
0
VERTEX
8
L0D0
10
1717.721
20
824.762
0
VERTEX
8
L0D0
10
1716.017
20
827.739
0
VERTEX
8
L0D0
10
1714.383
20
830.755
0
VERTEX
8
L0D0
10
1712.818
20
833.808
0
VERTEX
8
L0D0
10
1711.325
20
836.896
0
VERTEX
8
L0D0
10
1709.903
20
840.018
0
VERTEX
8
L0D0
10
1708.554
20
843.172
0
VERTEX
8
L0D0
10
1707.278
20
846.356
0
VERTEX
8
L0D0
10
1706.076
20
849.568
0
VERTEX
8
L0D0
10
1704.948
20
852.808
0
VERTEX
8
L0D0
10
1703.896
20
856.073
0
VERTEX
8
L0D0
10
1702.919
20
859.361
0
VERTEX
8
L0D0
10
1702.018
20
862.671
0
VERTEX
8
L0D0
10
1701.194
20
866.001
0
VERTEX
8
L0D0
10
1700.448
20
869.349
0
VERTEX
8
L0D0
10
1699.778
20
872.713
0
VERTEX
8
L0D0
10
1699.187
20
876.092
0
VERTEX
8
L0D0
10
1698.674
20
879.484
0
VERTEX
8
L0D0
10
1698.239
20
882.886
0
VERTEX
8
L0D0
10
1697.883
20
886.298
0
VERTEX
8
L0D0
10
1697.606
20
889.717
0
VERTEX
8
L0D0
10
1697.408
20
893.142
0
VERTEX
8
L0D0
10
1697.29
20
896.57
0
VERTEX
8
L0D0
10
1697.25
20
900
0
VERTEX
8
L0D0
10
1697.25
20
1197.25
0
VERTEX
8
L0D0
10
1800
20
1197.25
0
VERTEX
8
L0D0
10
1900
20
1100
0
VERTEX
8
L0D0
10
2100
20
1100
0
VERTEX
8
L0D0
10
2100
20
1300
0
VERTEX
8
L0D0
10
1900
20
1300
0
VERTEX
8
L0D0
10
1800
20
1202.75
0
VERTEX
8
L0D0
10
1697.25
20
1202.75
0
VERTEX
8
L0D0
10
1697.25
20
1659.5
0
VERTEX
8
L0D0
10
1697.21
20
1663.506
0
VERTEX
8
L0D0
10
1697.091
20
1667.511
0
VERTEX
8
L0D0
10
1696.892
20
1671.512
0
VERTEX
8
L0D0
10
1696.613
20
1675.509
0
VERTEX
8
L0D0
10
1696.255
20
1679.5
0
VERTEX
8
L0D0
10
1695.818
20
1683.482
0
VERTEX
8
L0D0
10
1695.301
20
1687.455
0
VERTEX
8
L0D0
10
1694.706
20
1691.417
0
VERTEX
8
L0D0
10
1694.032
20
1695.367
0
VERTEX
8
L0D0
10
1693.28
20
1699.302
0
VERTEX
8
L0D0
10
1692.45
20
1703.221
0
VERTEX
8
L0D0
10
1691.541
20
1707.123
0
VERTEX
8
L0D0
10
1690.556
20
1711.007
0
VERTEX
8
L0D0
10
1689.493
20
1714.87
0
VERTEX
8
L0D0
10
1688.354
20
1718.711
0
VERTEX
8
L0D0
10
1687.139
20
1722.529
0
VERTEX
8
L0D0
10
1685.848
20
1726.321
0
VERTEX
8
L0D0
10
1684.482
20
1730.088
0
VERTEX
8
L0D0
10
1683.041
20
1733.826
0
VERTEX
8
L0D0
10
1681.526
20
1737.535
0
VERTEX
8
L0D0
10
1679.938
20
1741.213
0
VERTEX
8
L0D0
10
1678.277
20
1744.859
0
VERTEX
8
L0D0
10
1676.544
20
1748.471
0
VERTEX
8
L0D0
10
1674.739
20
1752.048
0
VERTEX
8
L0D0
10
1672.864
20
1755.589
0
VERTEX
8
L0D0
10
1670.918
20
1759.091
0
VERTEX
8
L0D0
10
1668.903
20
1762.554
0
VERTEX
8
L0D0
10
1666.82
20
1765.977
0
VERTEX
8
L0D0
10
1664.669
20
1769.357
0
VERTEX
8
L0D0
10
1662.452
20
1772.694
0
VERTEX
8
L0D0
10
1660.168
20
1775.986
0
VERTEX
8
L0D0
10
1657.82
20
1779.232
0
VERTEX
8
L0D0
10
1655.407
20
1782.43
0
VERTEX
8
L0D0
10
1652.932
20
1785.58
0
VERTEX
8
L0D0
10
1650.394
20
1788.68
0
VERTEX
8
L0D0
10
1647.795
20
1791.729
0
VERTEX
8
L0D0
10
1645.136
20
1794.726
0
VERTEX
8
L0D0
10
1642.418
20
1797.67
0
VERTEX
8
L0D0
10
1639.641
20
1800.558
0
VERTEX
8
L0D0
10
1636.808
20
1803.391
0
VERTEX
8
L0D0
10
1633.92
20
1806.168
0
VERTEX
8
L0D0
10
1630.976
20
1808.886
0
VERTEX
8
L0D0
10
1627.979
20
1811.545
0
VERTEX
8
L0D0
10
1624.93
20
1814.144
0
VERTEX
8
L0D0
10
1621.83
20
1816.682
0
VERTEX
8
L0D0
10
1618.68
20
1819.157
0
VERTEX
8
L0D0
10
1615.482
20
1821.57
0
VERTEX
8
L0D0
10
1612.236
20
1823.918
0
VERTEX
8
L0D0
10
1608.944
20
1826.202
0
VERTEX
8
L0D0
10
1605.607
20
1828.419
0
VERTEX
8
L0D0
10
1602.227
20
1830.57
0
VERTEX
8
L0D0
10
1598.804
20
1832.653
0
VERTEX
8
L0D0
10
1595.341
20
1834.668
0
VERTEX
8
L0D0
10
1591.839
20
1836.614
0
VERTEX
8
L0D0
10
1588.298
20
1838.489
0
VERTEX
8
L0D0
10
1584.721
20
1840.294
0
VERTEX
8
L0D0
10
1581.109
20
1842.027
0
VERTEX
8
L0D0
10
1577.463
20
1843.688
0
VERTEX
8
L0D0
10
1573.785
20
1845.276
0
VERTEX
8
L0D0
10
1570.076
20
1846.791
0
VERTEX
8
L0D0
10
1566.338
20
1848.232
0
VERTEX
8
L0D0
10
1562.571
20
1849.598
0
VERTEX
8
L0D0
10
1558.779
20
1850.889
0
VERTEX
8
L0D0
10
1554.961
20
1852.104
0
VERTEX
8
L0D0
10
1551.12
20
1853.243
0
VERTEX
8
L0D0
10
1547.257
20
1854.306
0
VERTEX
8
L0D0
10
1543.373
20
1855.291
0
VERTEX
8
L0D0
10
1539.471
20
1856.2
0
VERTEX
8
L0D0
10
1535.552
20
1857.03
0
VERTEX
8
L0D0
10
1531.617
20
1857.782
0
VERTEX
8
L0D0
10
1527.667
20
1858.456
0
VERTEX
8
L0D0
10
1523.705
20
1859.051
0
VERTEX
8
L0D0
10
1519.732
20
1859.568
0
VERTEX
8
L0D0
10
1515.75
20
1860.005
0
VERTEX
8
L0D0
10
1511.759
20
1860.363
0
VERTEX
8
L0D0
10
1507.762
20
1860.642
0
VERTEX
8
L0D0
10
1503.761
20
1860.841
0
VERTEX
8
L0D0
10
1499.756
20
1860.96
0
VERTEX
8
L0D0
10
1495.75
20
1861
0
VERTEX
8
L0D0
10
-1495.75
20
1861
0
VERTEX
8
L0D0
10
-1499.756
20
1860.96
0
VERTEX
8
L0D0
10
-1503.761
20
1860.841
0
VERTEX
8
L0D0
10
-1507.762
20
1860.642
0
VERTEX
8
L0D0
10
-1511.759
20
1860.363
0
VERTEX
8
L0D0
10
-1515.75
20
1860.005
0
VERTEX
8
L0D0
10
-1519.732
20
1859.568
0
VERTEX
8
L0D0
10
-1523.705
20
1859.051
0
VERTEX
8
L0D0
10
-1527.667
20
1858.456
0
VERTEX
8
L0D0
10
-1531.617
20
1857.782
0
VERTEX
8
L0D0
10
-1535.552
20
1857.03
0
VERTEX
8
L0D0
10
-1539.471
20
1856.2
0
VERTEX
8
L0D0
10
-1543.373
20
1855.291
0
VERTEX
8
L0D0
10
-1547.257
20
1854.306
0
VERTEX
8
L0D0
10
-1551.12
20
1853.243
0
VERTEX
8
L0D0
10
-1554.961
20
1852.104
0
VERTEX
8
L0D0
10
-1558.779
20
1850.889
0
VERTEX
8
L0D0
10
-1562.571
20
1849.598
0
VERTEX
8
L0D0
10
-1566.338
20
1848.232
0
VERTEX
8
L0D0
10
-1570.076
20
1846.791
0
VERTEX
8
L0D0
10
-1573.785
20
1845.276
0
VERTEX
8
L0D0
10
-1577.463
20
1843.688
0
VERTEX
8
L0D0
10
-1581.109
20
1842.027
0
VERTEX
8
L0D0
10
-1584.721
20
1840.294
0
VERTEX
8
L0D0
10
-1588.298
20
1838.489
0
VERTEX
8
L0D0
10
-1591.839
20
1836.614
0
VERTEX
8
L0D0
10
-1595.341
20
1834.668
0
VERTEX
8
L0D0
10
-1598.804
20
1832.653
0
VERTEX
8
L0D0
10
-1602.227
20
1830.57
0
VERTEX
8
L0D0
10
-1605.607
20
1828.419
0
VERTEX
8
L0D0
10
-1608.944
20
1826.202
0
VERTEX
8
L0D0
10
-1612.236
20
1823.918
0
VERTEX
8
L0D0
10
-1615.482
20
1821.57
0
VERTEX
8
L0D0
10
-1618.68
20
1819.157
0
VERTEX
8
L0D0
10
-1621.83
20
1816.682
0
VERTEX
8
L0D0
10
-1624.93
20
1814.144
0
VERTEX
8
L0D0
10
-1627.979
20
1811.545
0
VERTEX
8
L0D0
10
-1630.976
20
1808.886
0
VERTEX
8
L0D0
10
-1633.92
20
1806.168
0
VERTEX
8
L0D0
10
-1636.808
20
1803.391
0
VERTEX
8
L0D0
10
-1639.641
20
1800.558
0
VERTEX
8
L0D0
10
-1642.418
20
1797.67
0
VERTEX
8
L0D0
10
-1645.136
20
1794.726
0
VERTEX
8
L0D0
10
-1647.795
20
1791.729
0
VERTEX
8
L0D0
10
-1650.394
20
1788.68
0
VERTEX
8
L0D0
10
-1652.932
20
1785.58
0
VERTEX
8
L0D0
10
-1655.407
20
1782.43
0
VERTEX
8
L0D0
10
-1657.82
20
1779.232
0
VERTEX
8
L0D0
10
-1660.168
20
1775.986
0
VERTEX
8
L0D0
10
-1662.452
20
1772.694
0
VERTEX
8
L0D0
10
-1664.669
20
1769.357
0
VERTEX
8
L0D0
10
-1666.82
20
1765.977
0
VERTEX
8
L0D0
10
-1668.903
20
1762.554
0
VERTEX
8
L0D0
10
-1670.918
20
1759.091
0
VERTEX
8
L0D0
10
-1672.864
20
1755.589
0
VERTEX
8
L0D0
10
-1674.739
20
1752.048
0
VERTEX
8
L0D0
10
-1676.544
20
1748.471
0
VERTEX
8
L0D0
10
-1678.277
20
1744.859
0
VERTEX
8
L0D0
10
-1679.938
20
1741.213
0
VERTEX
8
L0D0
10
-1681.526
20
1737.535
0
VERTEX
8
L0D0
10
-1683.041
20
1733.826
0
VERTEX
8
L0D0
10
-1684.482
20
1730.088
0
VERTEX
8
L0D0
10
-1685.848
20
1726.321
0
VERTEX
8
L0D0
10
-1687.139
20
1722.529
0
VERTEX
8
L0D0
10
-1688.354
20
1718.711
0
VERTEX
8
L0D0
10
-1689.493
20
1714.87
0
VERTEX
8
L0D0
10
-1690.556
20
1711.007
0
VERTEX
8
L0D0
10
-1691.541
20
1707.123
0
VERTEX
8
L0D0
10
-1692.45
20
1703.221
0
VERTEX
8
L0D0
10
-1693.28
20
1699.302
0
VERTEX
8
L0D0
10
-1694.032
20
1695.367
0
VERTEX
8
L0D0
10
-1694.706
20
1691.417
0
VERTEX
8
L0D0
10
-1695.301
20
1687.455
0
VERTEX
8
L0D0
10
-1695.818
20
1683.482
0
VERTEX
8
L0D0
10
-1696.255
20
1679.5
0
VERTEX
8
L0D0
10
-1696.613
20
1675.509
0
VERTEX
8
L0D0
10
-1696.892
20
1671.512
0
VERTEX
8
L0D0
10
-1697.091
20
1667.511
0
VERTEX
8
L0D0
10
-1697.21
20
1663.506
0
VERTEX
8
L0D0
10
-1697.25
20
1659.5
0
VERTEX
8
L0D0
10
-1697.25
20
1202.75
0
VERTEX
8
L0D0
10
-1800
20
1202.75
0
VERTEX
8
L0D0
10
-1900
20
1300
0
VERTEX
8
L0D0
10
-2100
20
1300
0
VERTEX
8
L0D0
10
-2100
20
1100
0
VERTEX
8
L0D0
10
-1900
20
1100
0
VERTEX
8
L0D0
10
-1800
20
1197.25
0
VERTEX
8
L0D0
10
-1697.25
20
1197.25
0
VERTEX
8
L0D0
10
-1697.25
20
900
0
VERTEX
8
L0D0
10
-1697.29
20
896.57
0
VERTEX
8
L0D0
10
-1697.408
20
893.142
0
VERTEX
8
L0D0
10
-1697.606
20
889.717
0
VERTEX
8
L0D0
10
-1697.883
20
886.298
0
VERTEX
8
L0D0
10
-1698.239
20
882.886
0
VERTEX
8
L0D0
10
-1698.674
20
879.484
0
VERTEX
8
L0D0
10
-1699.187
20
876.092
0
VERTEX
8
L0D0
10
-1699.778
20
872.713
0
VERTEX
8
L0D0
10
-1700.448
20
869.349
0
VERTEX
8
L0D0
10
-1701.194
20
866.001
0
VERTEX
8
L0D0
10
-1702.018
20
862.671
0
VERTEX
8
L0D0
10
-1702.919
20
859.361
0
VERTEX
8
L0D0
10
-1703.896
20
856.073
0
VERTEX
8
L0D0
10
-1704.948
20
852.808
0
VERTEX
8
L0D0
10
-1706.076
20
849.568
0
VERTEX
8
L0D0
10
-1707.278
20
846.356
0
VERTEX
8
L0D0
10
-1708.554
20
843.172
0
VERTEX
8
L0D0
10
-1709.903
20
840.018
0
VERTEX
8
L0D0
10
-1711.325
20
836.896
0
VERTEX
8
L0D0
10
-1712.818
20
833.808
0
VERTEX
8
L0D0
10
-1714.383
20
830.755
0
VERTEX
8
L0D0
10
-1716.017
20
827.739
0
VERTEX
8
L0D0
10
-1717.721
20
824.762
0
VERTEX
8
L0D0
10
-1719.493
20
821.825
0
VERTEX
8
L0D0
10
-1721.332
20
818.929
0
VERTEX
8
L0D0
10
-1723.238
20
816.077
0
VERTEX
8
L0D0
10
-1725.209
20
813.27
0
VERTEX
8
L0D0
10
-1727.244
20
810.509
0
VERTEX
8
L0D0
10
-1729.343
20
807.795
0
VERTEX
8
L0D0
10
-1731.504
20
805.131
0
VERTEX
8
L0D0
10
-1733.726
20
802.518
0
VERTEX
8
L0D0
10
-1736.007
20
799.956
0
VERTEX
8
L0D0
10
-1738.347
20
797.448
0
VERTEX
8
L0D0
10
-1740.745
20
794.995
0
VERTEX
8
L0D0
10
-1743.198
20
792.597
0
VERTEX
8
L0D0
10
-1745.706
20
790.257
0
VERTEX
8
L0D0
10
-1748.268
20
787.976
0
VERTEX
8
L0D0
10
-1750.881
20
785.754
0
VERTEX
8
L0D0
10
-1753.545
20
783.593
0
VERTEX
8
L0D0
10
-1756.259
20
781.494
0
VERTEX
8
L0D0
10
-1759.02
20
779.459
0
VERTEX
8
L0D0
10
-1761.827
20
777.488
0
VERTEX
8
L0D0
10
-1764.679
20
775.582
0
VERTEX
8
L0D0
10
-1767.575
20
773.743
0
VERTEX
8
L0D0
10
-1770.512
20
771.971
0
VERTEX
8
L0D0
10
-1773.489
20
770.267
0
VERTEX
8
L0D0
10
-1776.505
20
768.633
0
VERTEX
8
L0D0
10
-1779.558
20
767.068
0
VERTEX
8
L0D0
10
-1782.646
20
765.575
0
VERTEX
8
L0D0
10
-1785.768
20
764.153
0
VERTEX
8
L0D0
10
-1788.922
20
762.804
0
VERTEX
8
L0D0
10
-1792.106
20
761.528
0
VERTEX
8
L0D0
10
-1795.318
20
760.326
0
VERTEX
8
L0D0
10
-1798.558
20
759.198
0
VERTEX
8
L0D0
10
-1801.823
20
758.146
0
VERTEX
8
L0D0
10
-1805.111
20
757.169
0
VERTEX
8
L0D0
10
-1808.421
20
756.268
0
VERTEX
8
L0D0
10
-1811.751
20
755.444
0
VERTEX
8
L0D0
10
-1815.099
20
754.698
0
VERTEX
8
L0D0
10
-1818.463
20
754.028
0
VERTEX
8
L0D0
10
-1821.842
20
753.437
0
VERTEX
8
L0D0
10
-1825.234
20
752.924
0
VERTEX
8
L0D0
10
-1828.636
20
752.489
0
VERTEX
8
L0D0
10
-1832.048
20
752.133
0
VERTEX
8
L0D0
10
-1835.467
20
751.856
0
VERTEX
8
L0D0
10
-1838.892
20
751.658
0
VERTEX
8
L0D0
10
-1842.32
20
751.54
0
VERTEX
8
L0D0
10
-1845.75
20
751.5
0
VERTEX
8
L0D0
10
-2050
20
751.5
0
VERTEX
8
L0D0
10
-2053.499
20
751.46
0
VERTEX
8
L0D0
10
-2056.997
20
751.338
0
VERTEX
8
L0D0
10
-2060.491
20
751.136
0
VERTEX
8
L0D0
10
-2063.979
20
750.854
0
VERTEX
8
L0D0
10
-2067.459
20
750.491
0
VERTEX
8
L0D0
10
-2070.931
20
750.047
0
VERTEX
8
L0D0
10
-2074.391
20
749.524
0
VERTEX
8
L0D0
10
-2077.838
20
748.92
0
VERTEX
8
L0D0
10
-2081.27
20
748.238
0
VERTEX
8
L0D0
10
-2084.686
20
747.476
0
VERTEX
8
L0D0
10
-2088.083
20
746.635
0
VERTEX
8
L0D0
10
-2091.46
20
745.717
0
VERTEX
8
L0D0
10
-2094.815
20
744.72
0
VERTEX
8
L0D0
10
-2098.145
20
743.646
0
VERTEX
8
L0D0
10
-2101.45
20
742.496
0
VERTEX
8
L0D0
10
-2104.728
20
741.27
0
VERTEX
8
L0D0
10
-2107.977
20
739.968
0
VERTEX
8
L0D0
10
-2111.194
20
738.591
0
VERTEX
8
L0D0
10
-2114.379
20
737.141
0
VERTEX
8
L0D0
10
-2117.529
20
735.617
0
VERTEX
8
L0D0
10
-2120.644
20
734.021
0
VERTEX
8
L0D0
10
-2123.721
20
732.354
0
VERTEX
8
L0D0
10
-2126.758
20
730.616
0
VERTEX
8
L0D0
10
-2129.754
20
728.808
0
VERTEX
8
L0D0
10
-2132.708
20
726.931
0
VERTEX
8
L0D0
10
-2135.618
20
724.987
0
VERTEX
8
L0D0
10
-2138.482
20
722.976
0
VERTEX
8
L0D0
10
-2141.299
20
720.9
0
VERTEX
8
L0D0
10
-2144.067
20
718.759
0
VERTEX
8
L0D0
10
-2146.785
20
716.554
0
VERTEX
8
L0D0
10
-2149.452
20
714.287
0
VERTEX
8
L0D0
10
-2152.065
20
711.96
0
VERTEX
8
L0D0
10
-2154.624
20
709.572
0
VERTEX
8
L0D0
10
-2157.127
20
707.127
0
VERTEX
8
L0D0
10
-2159.572
20
704.624
0
VERTEX
8
L0D0
10
-2161.96
20
702.065
0
VERTEX
8
L0D0
10
-2164.287
20
699.452
0
VERTEX
8
L0D0
10
-2166.554
20
696.785
0
VERTEX
8
L0D0
10
-2168.759
20
694.067
0
VERTEX
8
L0D0
10
-2170.9
20
691.299
0
VERTEX
8
L0D0
10
-2172.976
20
688.482
0
VERTEX
8
L0D0
10
-2174.987
20
685.618
0
VERTEX
8
L0D0
10
-2176.931
20
682.708
0
VERTEX
8
L0D0
10
-2178.808
20
679.754
0
VERTEX
8
L0D0
10
-2180.616
20
676.758
0
VERTEX
8
L0D0
10
-2182.354
20
673.721
0
VERTEX
8
L0D0
10
-2184.021
20
670.644
0
VERTEX
8
L0D0
10
-2185.617
20
667.529
0
VERTEX
8
L0D0
10
-2187.141
20
664.379
0
VERTEX
8
L0D0
10
-2188.591
20
661.194
0
VERTEX
8
L0D0
10
-2189.968
20
657.977
0
VERTEX
8
L0D0
10
-2191.27
20
654.728
0
VERTEX
8
L0D0
10
-2192.496
20
651.45
0
VERTEX
8
L0D0
10
-2193.646
20
648.145
0
VERTEX
8
L0D0
10
-2194.72
20
644.815
0
VERTEX
8
L0D0
10
-2195.717
20
641.46
0
VERTEX
8
L0D0
10
-2196.635
20
638.083
0
VERTEX
8
L0D0
10
-2197.476
20
634.686
0
VERTEX
8
L0D0
10
-2198.238
20
631.27
0
VERTEX
8
L0D0
10
-2198.92
20
627.838
0
VERTEX
8
L0D0
10
-2199.524
20
624.391
0
VERTEX
8
L0D0
10
-2200.047
20
620.931
0
VERTEX
8
L0D0
10
-2200.491
20
617.459
0
VERTEX
8
L0D0
10
-2200.854
20
613.979
0
VERTEX
8
L0D0
10
-2201.136
20
610.491
0
VERTEX
8
L0D0
10
-2201.338
20
606.997
0
VERTEX
8
L0D0
10
-2201.46
20
603.499
0
VERTEX
8
L0D0
10
-2201.5
20
600
0
VERTEX
8
L0D0
10
-2201.5
20
500
0
VERTEX
8
L0D0
10
-2207
20
500
0
VERTEX
8
L0D0
10
-2207
20
600
0
VERTEX
8
L0D0
10
-2206.96
20
603.523
0
VERTEX
8
L0D0
10
-2206.842
20
607.044
0
VERTEX
8
L0D0
10
-2206.644
20
610.561
0
VERTEX
8
L0D0
10
-2206.368
20
614.073
0
VERTEX
8
L0D0
10
-2206.013
20
617.578
0
VERTEX
8
L0D0
10
-2205.579
20
621.075
0
VERTEX
8
L0D0
10
-2205.067
20
624.56
0
VERTEX
8
L0D0
10
-2204.477
20
628.033
0
VERTEX
8
L0D0
10
-2203.809
20
631.493
0
VERTEX
8
L0D0
10
-2203.064
20
634.936
0
VERTEX
8
L0D0
10
-2202.241
20
638.361
0
VERTEX
8
L0D0
10
-2201.342
20
641.768
0
VERTEX
8
L0D0
10
-2200.367
20
645.153
0
VERTEX
8
L0D0
10
-2199.316
20
648.516
0
VERTEX
8
L0D0
10
-2198.19
20
651.854
0
VERTEX
8
L0D0
10
-2196.989
20
655.166
0
VERTEX
8
L0D0
10
-2195.714
20
658.45
0
VERTEX
8
L0D0
10
-2194.366
20
661.705
0
VERTEX
8
L0D0
10
-2192.945
20
664.929
0
VERTEX
8
L0D0
10
-2191.452
20
668.12
0
VERTEX
8
L0D0
10
-2189.888
20
671.277
0
VERTEX
8
L0D0
10
-2188.253
20
674.397
0
VERTEX
8
L0D0
10
-2186.549
20
677.481
0
VERTEX
8
L0D0
10
-2184.776
20
680.525
0
VERTEX
8
L0D0
10
-2182.936
20
683.529
0
VERTEX
8
L0D0
10
-2181.028
20
686.491
0
VERTEX
8
L0D0
10
-2179.054
20
689.409
0
VERTEX
8
L0D0
10
-2177.016
20
692.282
0
VERTEX
8
L0D0
10
-2174.913
20
695.109
0
VERTEX
8
L0D0
10
-2172.748
20
697.888
0
VERTEX
8
L0D0
10
-2170.52
20
700.617
0
VERTEX
8
L0D0
10
-2168.232
20
703.296
0
VERTEX
8
L0D0
10
-2165.885
20
705.923
0
VERTEX
8
L0D0
10
-2163.479
20
708.497
0
VERTEX
8
L0D0
10
-2161.016
20
711.016
0
VERTEX
8
L0D0
10
-2158.497
20
713.479
0
VERTEX
8
L0D0
10
-2155.923
20
715.885
0
VERTEX
8
L0D0
10
-2153.296
20
718.232
0
VERTEX
8
L0D0
10
-2150.617
20
720.52
0
VERTEX
8
L0D0
10
-2147.888
20
722.748
0
VERTEX
8
L0D0
10
-2145.109
20
724.913
0
VERTEX
8
L0D0
10
-2142.282
20
727.016
0
VERTEX
8
L0D0
10
-2139.409
20
729.054
0
VERTEX
8
L0D0
10
-2136.491
20
731.028
0
VERTEX
8
L0D0
10
-2133.529
20
732.936
0
VERTEX
8
L0D0
10
-2130.525
20
734.776
0
VERTEX
8
L0D0
10
-2127.481
20
736.549
0
VERTEX
8
L0D0
10
-2124.397
20
738.253
0
VERTEX
8
L0D0
10
-2121.277
20
739.888
0
VERTEX
8
L0D0
10
-2118.12
20
741.452
0
VERTEX
8
L0D0
10
-2114.929
20
742.945
0
VERTEX
8
L0D0
10
-2111.705
20
744.366
0
VERTEX
8
L0D0
10
-2108.45
20
745.714
0
VERTEX
8
L0D0
10
-2105.166
20
746.989
0
VERTEX
8
L0D0
10
-2101.854
20
748.19
0
VERTEX
8
L0D0
10
-2098.516
20
749.316
0
VERTEX
8
L0D0
10
-2095.153
20
750.367
0
VERTEX
8
L0D0
10
-2091.768
20
751.342
0
VERTEX
8
L0D0
10
-2088.361
20
752.241
0
VERTEX
8
L0D0
10
-2084.936
20
753.064
0
VERTEX
8
L0D0
10
-2081.493
20
753.809
0
VERTEX
8
L0D0
10
-2078.033
20
754.477
0
VERTEX
8
L0D0
10
-2074.56
20
755.067
0
VERTEX
8
L0D0
10
-2071.075
20
755.579
0
VERTEX
8
L0D0
10
-2067.578
20
756.013
0
VERTEX
8
L0D0
10
-2064.073
20
756.368
0
VERTEX
8
L0D0
10
-2060.561
20
756.644
0
VERTEX
8
L0D0
10
-2057.044
20
756.842
0
VERTEX
8
L0D0
10
-2053.523
20
756.96
0
VERTEX
8
L0D0
10
-2050
20
757
0
VERTEX
8
L0D0
10
-1845.75
20
757
0
VERTEX
8
L0D0
10
-1842.347
20
757.04
0
VERTEX
8
L0D0
10
-1838.946
20
757.162
0
VERTEX
8
L0D0
10
-1835.548
20
757.364
0
VERTEX
8
L0D0
10
-1832.157
20
757.648
0
VERTEX
8
L0D0
10
-1828.773
20
758.011
0
VERTEX
8
L0D0
10
-1825.399
20
758.456
0
VERTEX
8
L0D0
10
-1822.036
20
758.98
0
VERTEX
8
L0D0
10
-1818.687
20
759.584
0
VERTEX
8
L0D0
10
-1815.353
20
760.268
0
VERTEX
8
L0D0
10
-1812.036
20
761.031
0
VERTEX
8
L0D0
10
-1808.739
20
761.873
0
VERTEX
8
L0D0
10
-1805.462
20
762.793
0
VERTEX
8
L0D0
10
-1802.208
20
763.79
0
VERTEX
8
L0D0
10
-1798.979
20
764.865
0
VERTEX
8
L0D0
10
-1795.777
20
766.016
0
VERTEX
8
L0D0
10
-1792.602
20
767.243
0
VERTEX
8
L0D0
10
-1789.458
20
768.546
0
VERTEX
8
L0D0
10
-1786.346
20
769.923
0
VERTEX
8
L0D0
10
-1783.267
20
771.373
0
VERTEX
8
L0D0
10
-1780.224
20
772.897
0
VERTEX
8
L0D0
10
-1777.217
20
774.492
0
VERTEX
8
L0D0
10
-1774.25
20
776.158
0
VERTEX
8
L0D0
10
-1771.323
20
777.895
0
VERTEX
8
L0D0
10
-1768.438
20
779.701
0
VERTEX
8
L0D0
10
-1765.597
20
781.575
0
VERTEX
8
L0D0
10
-1762.802
20
783.516
0
VERTEX
8
L0D0
10
-1760.053
20
785.523
0
VERTEX
8
L0D0
10
-1757.353
20
787.594
0
VERTEX
8
L0D0
10
-1754.703
20
789.73
0
VERTEX
8
L0D0
10
-1752.105
20
791.928
0
VERTEX
8
L0D0
10
-1749.56
20
794.187
0
VERTEX
8
L0D0
10
-1747.069
20
796.506
0
VERTEX
8
L0D0
10
-1744.634
20
798.884
0
VERTEX
8
L0D0
10
-1742.256
20
801.319
0
VERTEX
8
L0D0
10
-1739.937
20
803.81
0
VERTEX
8
L0D0
10
-1737.678
20
806.355
0
VERTEX
8
L0D0
10
-1735.48
20
808.953
0
VERTEX
8
L0D0
10
-1733.344
20
811.603
0
VERTEX
8
L0D0
10
-1731.273
20
814.303
0
VERTEX
8
L0D0
10
-1729.266
20
817.052
0
VERTEX
8
L0D0
10
-1727.325
20
819.847
0
VERTEX
8
L0D0
10
-1725.451
20
822.688
0
VERTEX
8
L0D0
10
-1723.645
20
825.573
0
VERTEX
8
L0D0
10
-1721.908
20
828.5
0
VERTEX
8
L0D0
10
-1720.242
20
831.467
0
VERTEX
8
L0D0
10
-1718.647
20
834.474
0
VERTEX
8
L0D0
10
-1717.123
20
837.517
0
VERTEX
8
L0D0
10
-1715.673
20
840.596
0
VERTEX
8
L0D0
10
-1714.296
20
843.708
0
VERTEX
8
L0D0
10
-1712.993
20
846.852
0
VERTEX
8
L0D0
10
-1711.766
20
850.027
0
VERTEX
8
L0D0
10
-1710.615
20
853.229
0
VERTEX
8
L0D0
10
-1709.54
20
856.458
0
VERTEX
8
L0D0
10
-1708.543
20
859.712
0
VERTEX
8
L0D0
10
-1707.623
20
862.989
0
VERTEX
8
L0D0
10
-1706.781
20
866.286
0
VERTEX
8
L0D0
10
-1706.018
20
869.603
0
VERTEX
8
L0D0
10
-1705.334
20
872.937
0
VERTEX
8
L0D0
10
-1704.73
20
876.286
0
VERTEX
8
L0D0
10
-1704.206
20
879.649
0
VERTEX
8
L0D0
10
-1703.761
20
883.023
0
VERTEX
8
L0D0
10
-1703.398
20
886.407
0
VERTEX
8
L0D0
10
-1703.114
20
889.798
0
VERTEX
8
L0D0
10
-1702.912
20
893.196
0
VERTEX
8
L0D0
10
-1702.79
20
896.597
0
VERTEX
8
L0D0
10
-1702.75
20
900
0
VERTEX
8
L0D0
10
-1702.75
20
1194.25
0
VERTEX
8
L0D0
10
-1800
20
1194.25
0
VERTEX
8
L0D0
10
-1900
20
1050
0
VERTEX
8
L0D0
10
-2150
20
1050
0
VERTEX
8
L0D0
10
-2150
20
1350
0
VERTEX
8
L0D0
10
-1900
20
1350
0
VERTEX
8
L0D0
10
-1800
20
1205.75
0
VERTEX
8
L0D0
10
-1702.75
20
1205.75
0
VERTEX
8
L0D0
10
-1702.75
20
1659.5
0
VERTEX
8
L0D0
10
-1702.71
20
1663.564
0
VERTEX
8
L0D0
10
-1702.59
20
1667.627
0
VERTEX
8
L0D0
10
-1702.391
20
1671.686
0
VERTEX
8
L0D0
10
-1702.112
20
1675.741
0
VERTEX
8
L0D0
10
-1701.753
20
1679.79
0
VERTEX
8
L0D0
10
-1701.315
20
1683.83
0
VERTEX
8
L0D0
10
-1700.798
20
1687.862
0
VERTEX
8
L0D0
10
-1700.201
20
1691.882
0
VERTEX
8
L0D0
10
-1699.526
20
1695.89
0
VERTEX
8
L0D0
10
-1698.773
20
1699.884
0
VERTEX
8
L0D0
10
-1697.941
20
1703.862
0
VERTEX
8
L0D0
10
-1697.031
20
1707.823
0
VERTEX
8
L0D0
10
-1696.043
20
1711.766
0
VERTEX
8
L0D0
10
-1694.978
20
1715.688
0
VERTEX
8
L0D0
10
-1693.837
20
1719.589
0
VERTEX
8
L0D0
10
-1692.619
20
1723.467
0
VERTEX
8
L0D0
10
-1691.325
20
1727.319
0
VERTEX
8
L0D0
10
-1689.956
20
1731.146
0
VERTEX
8
L0D0
10
-1688.511
20
1734.945
0
VERTEX
8
L0D0
10
-1686.993
20
1738.715
0
VERTEX
8
L0D0
10
-1685.401
20
1742.455
0
VERTEX
8
L0D0
10
-1683.736
20
1746.163
0
VERTEX
8
L0D0
10
-1681.998
20
1749.837
0
VERTEX
8
L0D0
10
-1680.188
20
1753.476
0
VERTEX
8
L0D0
10
-1678.308
20
1757.079
0
VERTEX
8
L0D0
10
-1676.357
20
1760.645
0
VERTEX
8
L0D0
10
-1674.336
20
1764.171
0
VERTEX
8
L0D0
10
-1672.247
20
1767.657
0
VERTEX
8
L0D0
10
-1670.089
20
1771.102
0
VERTEX
8
L0D0
10
-1667.864
20
1774.503
0
VERTEX
8
L0D0
10
-1665.573
20
1777.86
0
VERTEX
8
L0D0
10
-1663.217
20
1781.172
0
VERTEX
8
L0D0
10
-1660.795
20
1784.436
0
VERTEX
8
L0D0
10
-1658.311
20
1787.652
0
VERTEX
8
L0D0
10
-1655.763
20
1790.819
0
VERTEX
8
L0D0
10
-1653.154
20
1793.936
0
VERTEX
8
L0D0
10
-1650.484
20
1797
0
VERTEX
8
L0D0
10
-1647.755
20
1800.012
0
VERTEX
8
L0D0
10
-1644.967
20
1802.969
0
VERTEX
8
L0D0
10
-1642.121
20
1805.871
0
VERTEX
8
L0D0
10
-1639.219
20
1808.717
0
VERTEX
8
L0D0
10
-1636.262
20
1811.505
0
VERTEX
8
L0D0
10
-1633.25
20
1814.234
0
VERTEX
8
L0D0
10
-1630.186
20
1816.904
0
VERTEX
8
L0D0
10
-1627.069
20
1819.513
0
VERTEX
8
L0D0
10
-1623.902
20
1822.061
0
VERTEX
8
L0D0
10
-1620.686
20
1824.545
0
VERTEX
8
L0D0
10
-1617.422
20
1826.967
0
VERTEX
8
L0D0
10
-1614.11
20
1829.323
0
VERTEX
8
L0D0
10
-1610.753
20
1831.614
0
VERTEX
8
L0D0
10
-1607.352
20
1833.839
0
VERTEX
8
L0D0
10
-1603.907
20
1835.997
0
VERTEX
8
L0D0
10
-1600.421
20
1838.086
0
VERTEX
8
L0D0
10
-1596.895
20
1840.107
0
VERTEX
8
L0D0
10
-1593.329
20
1842.058
0
VERTEX
8
L0D0
10
-1589.726
20
1843.938
0
VERTEX
8
L0D0
10
-1586.087
20
1845.748
0
VERTEX
8
L0D0
10
-1582.413
20
1847.486
0
VERTEX
8
L0D0
10
-1578.705
20
1849.151
0
VERTEX
8
L0D0
10
-1574.965
20
1850.743
0
VERTEX
8
L0D0
10
-1571.195
20
1852.261
0
VERTEX
8
L0D0
10
-1567.396
20
1853.706
0
VERTEX
8
L0D0
10
-1563.569
20
1855.075
0
VERTEX
8
L0D0
10
-1559.717
20
1856.369
0
VERTEX
8
L0D0
10
-1555.839
20
1857.587
0
VERTEX
8
L0D0
10
-1551.938
20
1858.728
0
VERTEX
8
L0D0
10
-1548.016
20
1859.793
0
VERTEX
8
L0D0
10
-1544.073
20
1860.781
0
VERTEX
8
L0D0
10
-1540.112
20
1861.691
0
VERTEX
8
L0D0
10
-1536.134
20
1862.523
0
VERTEX
8
L0D0
10
-1532.14
20
1863.276
0
VERTEX
8
L0D0
10
-1528.132
20
1863.951
0
VERTEX
8
L0D0
10
-1524.112
20
1864.548
0
VERTEX
8
L0D0
10
-1520.08
20
1865.065
0
VERTEX
8
L0D0
10
-1516.04
20
1865.503
0
VERTEX
8
L0D0
10
-1511.991
20
1865.862
0
VERTEX
8
L0D0
10
-1507.936
20
1866.141
0
VERTEX
8
L0D0
10
-1503.877
20
1866.34
0
VERTEX
8
L0D0
10
-1499.814
20
1866.46
0
VERTEX
8
L0D0
10
-1495.75
20
1866.5
0
VERTEX
8
L0D0
10
1495.75
20
1866.5
0
VERTEX
8
L0D0
10
1499.814
20
1866.46
0
VERTEX
8
L0D0
10
1503.877
20
1866.34
0
VERTEX
8
L0D0
10
1507.936
20
1866.141
0
VERTEX
8
L0D0
10
1511.991
20
1865.862
0
VERTEX
8
L0D0
10
1516.04
20
1865.503
0
VERTEX
8
L0D0
10
1520.08
20
1865.065
0
VERTEX
8
L0D0
10
1524.112
20
1864.548
0
VERTEX
8
L0D0
10
1528.132
20
1863.951
0
VERTEX
8
L0D0
10
1532.14
20
1863.276
0
VERTEX
8
L0D0
10
1536.134
20
1862.523
0
VERTEX
8
L0D0
10
1540.112
20
1861.691
0
VERTEX
8
L0D0
10
1544.073
20
1860.781
0
VERTEX
8
L0D0
10
1548.016
20
1859.793
0
VERTEX
8
L0D0
10
1551.938
20
1858.728
0
VERTEX
8
L0D0
10
1555.839
20
1857.587
0
VERTEX
8
L0D0
10
1559.717
20
1856.369
0
VERTEX
8
L0D0
10
1563.569
20
1855.075
0
VERTEX
8
L0D0
10
1567.396
20
1853.706
0
VERTEX
8
L0D0
10
1571.195
20
1852.261
0
VERTEX
8
L0D0
10
1574.965
20
1850.743
0
VERTEX
8
L0D0
10
1578.705
20
1849.151
0
VERTEX
8
L0D0
10
1582.413
20
1847.486
0
VERTEX
8
L0D0
10
1586.087
20
1845.748
0
VERTEX
8
L0D0
10
1589.726
20
1843.938
0
VERTEX
8
L0D0
10
1593.329
20
1842.058
0
VERTEX
8
L0D0
10
1596.895
20
1840.107
0
VERTEX
8
L0D0
10
1600.421
20
1838.086
0
VERTEX
8
L0D0
10
1603.907
20
1835.997
0
VERTEX
8
L0D0
10
1607.352
20
1833.839
0
VERTEX
8
L0D0
10
1610.753
20
1831.614
0
VERTEX
8
L0D0
10
1614.11
20
1829.323
0
VERTEX
8
L0D0
10
1617.422
20
1826.967
0
VERTEX
8
L0D0
10
1620.686
20
1824.545
0
VERTEX
8
L0D0
10
1623.902
20
1822.061
0
VERTEX
8
L0D0
10
1627.069
20
1819.513
0
VERTEX
8
L0D0
10
1630.186
20
1816.904
0
VERTEX
8
L0D0
10
1633.25
20
1814.234
0
VERTEX
8
L0D0
10
1636.262
20
1811.505
0
VERTEX
8
L0D0
10
1639.219
20
1808.717
0
VERTEX
8
L0D0
10
1642.121
20
1805.871
0
VERTEX
8
L0D0
10
1644.967
20
1802.969
0
VERTEX
8
L0D0
10
1647.755
20
1800.012
0
VERTEX
8
L0D0
10
1650.484
20
1797
0
VERTEX
8
L0D0
10
1653.154
20
1793.936
0
VERTEX
8
L0D0
10
1655.763
20
1790.819
0
VERTEX
8
L0D0
10
1658.311
20
1787.652
0
VERTEX
8
L0D0
10
1660.795
20
1784.436
0
VERTEX
8
L0D0
10
1663.217
20
1781.172
0
VERTEX
8
L0D0
10
1665.573
20
1777.86
0
VERTEX
8
L0D0
10
1667.864
20
1774.503
0
VERTEX
8
L0D0
10
1670.089
20
1771.102
0
VERTEX
8
L0D0
10
1672.247
20
1767.657
0
VERTEX
8
L0D0
10
1674.336
20
1764.171
0
VERTEX
8
L0D0
10
1676.357
20
1760.645
0
VERTEX
8
L0D0
10
1678.308
20
1757.079
0
VERTEX
8
L0D0
10
1680.188
20
1753.476
0
VERTEX
8
L0D0
10
1681.998
20
1749.837
0
VERTEX
8
L0D0
10
1683.736
20
1746.163
0
VERTEX
8
L0D0
10
1685.401
20
1742.455
0
VERTEX
8
L0D0
10
1686.993
20
1738.715
0
VERTEX
8
L0D0
10
1688.511
20
1734.945
0
VERTEX
8
L0D0
10
1689.956
20
1731.146
0
VERTEX
8
L0D0
10
1691.325
20
1727.319
0
VERTEX
8
L0D0
10
1692.619
20
1723.467
0
VERTEX
8
L0D0
10
1693.837
20
1719.589
0
VERTEX
8
L0D0
10
1694.978
20
1715.688
0
VERTEX
8
L0D0
10
1696.043
20
1711.766
0
VERTEX
8
L0D0
10
1697.031
20
1707.823
0
VERTEX
8
L0D0
10
1697.941
20
1703.862
0
VERTEX
8
L0D0
10
1698.773
20
1699.884
0
VERTEX
8
L0D0
10
1699.526
20
1695.89
0
VERTEX
8
L0D0
10
1700.201
20
1691.882
0
VERTEX
8
L0D0
10
1700.798
20
1687.862
0
VERTEX
8
L0D0
10
1701.315
20
1683.83
0
VERTEX
8
L0D0
10
1701.753
20
1679.79
0
VERTEX
8
L0D0
10
1702.112
20
1675.741
0
VERTEX
8
L0D0
10
1702.391
20
1671.686
0
VERTEX
8
L0D0
10
1702.59
20
1667.627
0
VERTEX
8
L0D0
10
1702.71
20
1663.564
0
VERTEX
8
L0D0
10
1702.75
20
1659.5
0
VERTEX
8
L0D0
10
1702.75
20
1205.75
0
VERTEX
8
L0D0
10
1800
20
1205.75
0
VERTEX
8
L0D0
10
1900
20
1350
0
VERTEX
8
L0D0
10
2150
20
1350
0
VERTEX
8
L0D0
10
2150
20
1050
0
VERTEX
8
L0D0
10
1900
20
1050
0
VERTEX
8
L0D0
10
1800
20
1194.25
0
VERTEX
8
L0D0
10
1702.75
20
1194.25
0
VERTEX
8
L0D0
10
1702.75
20
900
0
VERTEX
8
L0D0
10
1702.79
20
896.597
0
VERTEX
8
L0D0
10
1702.912
20
893.196
0
VERTEX
8
L0D0
10
1703.114
20
889.798
0
VERTEX
8
L0D0
10
1703.398
20
886.407
0
VERTEX
8
L0D0
10
1703.761
20
883.023
0
VERTEX
8
L0D0
10
1704.206
20
879.649
0
VERTEX
8
L0D0
10
1704.73
20
876.286
0
VERTEX
8
L0D0
10
1705.334
20
872.937
0
VERTEX
8
L0D0
10
1706.018
20
869.603
0
VERTEX
8
L0D0
10
1706.781
20
866.286
0
VERTEX
8
L0D0
10
1707.623
20
862.989
0
VERTEX
8
L0D0
10
1708.543
20
859.712
0
VERTEX
8
L0D0
10
1709.54
20
856.458
0
VERTEX
8
L0D0
10
1710.615
20
853.229
0
VERTEX
8
L0D0
10
1711.766
20
850.027
0
VERTEX
8
L0D0
10
1712.993
20
846.852
0
VERTEX
8
L0D0
10
1714.296
20
843.708
0
VERTEX
8
L0D0
10
1715.673
20
840.596
0
VERTEX
8
L0D0
10
1717.123
20
837.517
0
VERTEX
8
L0D0
10
1718.647
20
834.474
0
VERTEX
8
L0D0
10
1720.242
20
831.467
0
VERTEX
8
L0D0
10
1721.908
20
828.5
0
VERTEX
8
L0D0
10
1723.645
20
825.573
0
VERTEX
8
L0D0
10
1725.451
20
822.688
0
VERTEX
8
L0D0
10
1727.325
20
819.847
0
VERTEX
8
L0D0
10
1729.266
20
817.052
0
VERTEX
8
L0D0
10
1731.273
20
814.303
0
VERTEX
8
L0D0
10
1733.344
20
811.603
0
VERTEX
8
L0D0
10
1735.48
20
808.953
0
VERTEX
8
L0D0
10
1737.678
20
806.355
0
VERTEX
8
L0D0
10
1739.937
20
803.81
0
VERTEX
8
L0D0
10
1742.256
20
801.319
0
VERTEX
8
L0D0
10
1744.634
20
798.884
0
VERTEX
8
L0D0
10
1747.069
20
796.506
0
VERTEX
8
L0D0
10
1749.56
20
794.187
0
VERTEX
8
L0D0
10
1752.105
20
791.928
0
VERTEX
8
L0D0
10
1754.703
20
789.73
0
VERTEX
8
L0D0
10
1757.353
20
787.594
0
VERTEX
8
L0D0
10
1760.053
20
785.523
0
VERTEX
8
L0D0
10
1762.802
20
783.516
0
VERTEX
8
L0D0
10
1765.597
20
781.575
0
VERTEX
8
L0D0
10
1768.438
20
779.701
0
VERTEX
8
L0D0
10
1771.323
20
777.895
0
VERTEX
8
L0D0
10
1774.25
20
776.158
0
VERTEX
8
L0D0
10
1777.217
20
774.492
0
VERTEX
8
L0D0
10
1780.224
20
772.897
0
VERTEX
8
L0D0
10
1783.267
20
771.373
0
VERTEX
8
L0D0
10
1786.346
20
769.923
0
VERTEX
8
L0D0
10
1789.458
20
768.546
0
VERTEX
8
L0D0
10
1792.602
20
767.243
0
VERTEX
8
L0D0
10
1795.777
20
766.016
0
VERTEX
8
L0D0
10
1798.979
20
764.865
0
VERTEX
8
L0D0
10
1802.208
20
763.79
0
VERTEX
8
L0D0
10
1805.462
20
762.793
0
VERTEX
8
L0D0
10
1808.739
20
761.873
0
VERTEX
8
L0D0
10
1812.036
20
761.031
0
VERTEX
8
L0D0
10
1815.353
20
760.268
0
VERTEX
8
L0D0
10
1818.687
20
759.584
0
VERTEX
8
L0D0
10
1822.036
20
758.98
0
VERTEX
8
L0D0
10
1825.399
20
758.456
0
VERTEX
8
L0D0
10
1828.773
20
758.011
0
VERTEX
8
L0D0
10
1832.157
20
757.648
0
VERTEX
8
L0D0
10
1835.548
20
757.364
0
VERTEX
8
L0D0
10
1838.946
20
757.162
0
VERTEX
8
L0D0
10
1842.347
20
757.04
0
VERTEX
8
L0D0
10
1845.75
20
757
0
VERTEX
8
L0D0
10
2050
20
757
0
VERTEX
8
L0D0
10
2053.523
20
756.96
0
VERTEX
8
L0D0
10
2057.044
20
756.842
0
VERTEX
8
L0D0
10
2060.561
20
756.644
0
VERTEX
8
L0D0
10
2064.073
20
756.368
0
VERTEX
8
L0D0
10
2067.578
20
756.013
0
VERTEX
8
L0D0
10
2071.075
20
755.579
0
VERTEX
8
L0D0
10
2074.56
20
755.067
0
VERTEX
8
L0D0
10
2078.033
20
754.477
0
VERTEX
8
L0D0
10
2081.493
20
753.809
0
VERTEX
8
L0D0
10
2084.936
20
753.064
0
VERTEX
8
L0D0
10
2088.361
20
752.241
0
VERTEX
8
L0D0
10
2091.768
20
751.342
0
VERTEX
8
L0D0
10
2095.153
20
750.367
0
VERTEX
8
L0D0
10
2098.516
20
749.316
0
VERTEX
8
L0D0
10
2101.854
20
748.19
0
VERTEX
8
L0D0
10
2105.166
20
746.989
0
VERTEX
8
L0D0
10
2108.45
20
745.714
0
VERTEX
8
L0D0
10
2111.705
20
744.366
0
VERTEX
8
L0D0
10
2114.929
20
742.945
0
VERTEX
8
L0D0
10
2118.12
20
741.452
0
VERTEX
8
L0D0
10
2121.277
20
739.888
0
VERTEX
8
L0D0
10
2124.397
20
738.253
0
VERTEX
8
L0D0
10
2127.481
20
736.549
0
VERTEX
8
L0D0
10
2130.525
20
734.776
0
VERTEX
8
L0D0
10
2133.529
20
732.936
0
VERTEX
8
L0D0
10
2136.491
20
731.028
0
VERTEX
8
L0D0
10
2139.409
20
729.054
0
VERTEX
8
L0D0
10
2142.282
20
727.016
0
VERTEX
8
L0D0
10
2145.109
20
724.913
0
VERTEX
8
L0D0
10
2147.888
20
722.748
0
VERTEX
8
L0D0
10
2150.617
20
720.52
0
VERTEX
8
L0D0
10
2153.296
20
718.232
0
VERTEX
8
L0D0
10
2155.923
20
715.885
0
VERTEX
8
L0D0
10
2158.497
20
713.479
0
VERTEX
8
L0D0
10
2161.016
20
711.016
0
VERTEX
8
L0D0
10
2163.479
20
708.497
0
VERTEX
8
L0D0
10
2165.885
20
705.923
0
VERTEX
8
L0D0
10
2168.232
20
703.296
0
VERTEX
8
L0D0
10
2170.52
20
700.617
0
VERTEX
8
L0D0
10
2172.748
20
697.888
0
VERTEX
8
L0D0
10
2174.913
20
695.109
0
VERTEX
8
L0D0
10
2177.016
20
692.282
0
VERTEX
8
L0D0
10
2179.054
20
689.409
0
VERTEX
8
L0D0
10
2181.028
20
686.491
0
VERTEX
8
L0D0
10
2182.936
20
683.529
0
VERTEX
8
L0D0
10
2184.776
20
680.525
0
VERTEX
8
L0D0
10
2186.549
20
677.481
0
VERTEX
8
L0D0
10
2188.253
20
674.397
0
VERTEX
8
L0D0
10
2189.888
20
671.277
0
VERTEX
8
L0D0
10
2191.452
20
668.12
0
VERTEX
8
L0D0
10
2192.945
20
664.929
0
VERTEX
8
L0D0
10
2194.366
20
661.705
0
VERTEX
8
L0D0
10
2195.714
20
658.45
0
VERTEX
8
L0D0
10
2196.989
20
655.166
0
VERTEX
8
L0D0
10
2198.19
20
651.854
0
VERTEX
8
L0D0
10
2199.316
20
648.516
0
VERTEX
8
L0D0
10
2200.367
20
645.153
0
VERTEX
8
L0D0
10
2201.342
20
641.768
0
VERTEX
8
L0D0
10
2202.241
20
638.361
0
VERTEX
8
L0D0
10
2203.064
20
634.936
0
VERTEX
8
L0D0
10
2203.809
20
631.493
0
VERTEX
8
L0D0
10
2204.477
20
628.033
0
VERTEX
8
L0D0
10
2205.067
20
624.56
0
VERTEX
8
L0D0
10
2205.579
20
621.075
0
VERTEX
8
L0D0
10
2206.013
20
617.578
0
VERTEX
8
L0D0
10
2206.368
20
614.073
0
VERTEX
8
L0D0
10
2206.644
20
610.561
0
VERTEX
8
L0D0
10
2206.842
20
607.044
0
VERTEX
8
L0D0
10
2206.96
20
603.523
0
VERTEX
8
L0D0
10
2207
20
600
0
VERTEX
8
L0D0
10
2207
20
500
0
VERTEX
8
L0D0
10
2206.96
20
496.477
0
VERTEX
8
L0D0
10
2206.842
20
492.956
0
VERTEX
8
L0D0
10
2206.644
20
489.439
0
VERTEX
8
L0D0
10
2206.368
20
485.927
0
VERTEX
8
L0D0
10
2206.013
20
482.422
0
VERTEX
8
L0D0
10
2205.579
20
478.925
0
VERTEX
8
L0D0
10
2205.067
20
475.44
0
VERTEX
8
L0D0
10
2204.477
20
471.967
0
VERTEX
8
L0D0
10
2203.809
20
468.507
0
VERTEX
8
L0D0
10
2203.064
20
465.064
0
VERTEX
8
L0D0
10
2202.241
20
461.639
0
VERTEX
8
L0D0
10
2201.342
20
458.232
0
VERTEX
8
L0D0
10
2200.367
20
454.847
0
VERTEX
8
L0D0
10
2199.316
20
451.484
0
VERTEX
8
L0D0
10
2198.19
20
448.146
0
VERTEX
8
L0D0
10
2196.989
20
444.834
0
VERTEX
8
L0D0
10
2195.714
20
441.55
0
VERTEX
8
L0D0
10
2194.366
20
438.295
0
VERTEX
8
L0D0
10
2192.945
20
435.071
0
VERTEX
8
L0D0
10
2191.452
20
431.88
0
VERTEX
8
L0D0
10
2189.888
20
428.723
0
VERTEX
8
L0D0
10
2188.253
20
425.603
0
VERTEX
8
L0D0
10
2186.549
20
422.519
0
VERTEX
8
L0D0
10
2184.776
20
419.475
0
VERTEX
8
L0D0
10
2182.936
20
416.471
0
VERTEX
8
L0D0
10
2181.028
20
413.509
0
VERTEX
8
L0D0
10
2179.054
20
410.591
0
VERTEX
8
L0D0
10
2177.016
20
407.718
0
VERTEX
8
L0D0
10
2174.913
20
404.891
0
VERTEX
8
L0D0
10
2172.748
20
402.112
0
VERTEX
8
L0D0
10
2170.52
20
399.383
0
VERTEX
8
L0D0
10
2168.232
20
396.704
0
VERTEX
8
L0D0
10
2165.885
20
394.077
0
VERTEX
8
L0D0
10
2163.479
20
391.503
0
VERTEX
8
L0D0
10
2161.016
20
388.984
0
VERTEX
8
L0D0
10
2158.497
20
386.521
0
VERTEX
8
L0D0
10
2155.923
20
384.115
0
VERTEX
8
L0D0
10
2153.296
20
381.768
0
VERTEX
8
L0D0
10
2150.617
20
379.48
0
VERTEX
8
L0D0
10
2147.888
20
377.252
0
VERTEX
8
L0D0
10
2145.109
20
375.087
0
VERTEX
8
L0D0
10
2142.282
20
372.984
0
VERTEX
8
L0D0
10
2139.409
20
370.946
0
VERTEX
8
L0D0
10
2136.491
20
368.972
0
VERTEX
8
L0D0
10
2133.529
20
367.064
0
VERTEX
8
L0D0
10
2130.525
20
365.224
0
VERTEX
8
L0D0
10
2127.481
20
363.451
0
VERTEX
8
L0D0
10
2124.397
20
361.747
0
VERTEX
8
L0D0
10
2121.277
20
360.112
0
VERTEX
8
L0D0
10
2118.12
20
358.548
0
VERTEX
8
L0D0
10
2114.929
20
357.055
0
VERTEX
8
L0D0
10
2111.705
20
355.634
0
VERTEX
8
L0D0
10
2108.45
20
354.286
0
VERTEX
8
L0D0
10
2105.166
20
353.011
0
VERTEX
8
L0D0
10
2101.854
20
351.81
0
VERTEX
8
L0D0
10
2098.516
20
350.684
0
VERTEX
8
L0D0
10
2095.153
20
349.633
0
VERTEX
8
L0D0
10
2091.768
20
348.658
0
VERTEX
8
L0D0
10
2088.361
20
347.759
0
VERTEX
8
L0D0
10
2084.936
20
346.936
0
VERTEX
8
L0D0
10
2081.493
20
346.191
0
VERTEX
8
L0D0
10
2078.033
20
345.523
0
VERTEX
8
L0D0
10
2074.56
20
344.933
0
VERTEX
8
L0D0
10
2071.075
20
344.421
0
VERTEX
8
L0D0
10
2067.578
20
343.987
0
VERTEX
8
L0D0
10
2064.073
20
343.632
0
VERTEX
8
L0D0
10
2060.561
20
343.356
0
VERTEX
8
L0D0
10
2057.044
20
343.158
0
VERTEX
8
L0D0
10
2053.523
20
343.04
0
VERTEX
8
L0D0
10
2050
20
343
0
VERTEX
8
L0D0
10
1087.4
20
343
0
VERTEX
8
L0D0
10
1083.997
20
342.96
0
VERTEX
8
L0D0
10
1080.596
20
342.838
0
VERTEX
8
L0D0
10
1077.198
20
342.636
0
VERTEX
8
L0D0
10
1073.807
20
342.352
0
VERTEX
8
L0D0
10
1070.423
20
341.989
0
VERTEX
8
L0D0
10
1067.049
20
341.544
0
VERTEX
8
L0D0
10
1063.686
20
341.02
0
VERTEX
8
L0D0
10
1060.337
20
340.416
0
VERTEX
8
L0D0
10
1057.003
20
339.732
0
VERTEX
8
L0D0
10
1053.686
20
338.969
0
VERTEX
8
L0D0
10
1050.389
20
338.127
0
VERTEX
8
L0D0
10
1047.112
20
337.207
0
VERTEX
8
L0D0
10
1043.858
20
336.21
0
VERTEX
8
L0D0
10
1040.629
20
335.135
0
VERTEX
8
L0D0
10
1037.427
20
333.984
0
VERTEX
8
L0D0
10
1034.252
20
332.757
0
VERTEX
8
L0D0
10
1031.108
20
331.454
0
VERTEX
8
L0D0
10
1027.996
20
330.077
0
VERTEX
8
L0D0
10
1024.917
20
328.627
0
VERTEX
8
L0D0
10
1021.874
20
327.103
0
VERTEX
8
L0D0
10
1018.867
20
325.508
0
VERTEX
8
L0D0
10
1015.9
20
323.842
0
VERTEX
8
L0D0
10
1012.973
20
322.105
0
VERTEX
8
L0D0
10
1010.088
20
320.299
0
VERTEX
8
L0D0
10
1007.247
20
318.425
0
VERTEX
8
L0D0
10
1004.452
20
316.484
0
VERTEX
8
L0D0
10
1001.703
20
314.477
0
VERTEX
8
L0D0
10
999.003
20
312.406
0
VERTEX
8
L0D0
10
996.353
20
310.27
0
VERTEX
8
L0D0
10
993.755
20
308.072
0
VERTEX
8
L0D0
10
991.21
20
305.813
0
VERTEX
8
L0D0
10
988.719
20
303.494
0
VERTEX
8
L0D0
10
986.284
20
301.116
0
VERTEX
8
L0D0
10
983.906
20
298.681
0
VERTEX
8
L0D0
10
981.587
20
296.19
0
VERTEX
8
L0D0
10
979.328
20
293.645
0
VERTEX
8
L0D0
10
977.13
20
291.047
0
VERTEX
8
L0D0
10
974.994
20
288.397
0
VERTEX
8
L0D0
10
972.923
20
285.697
0
VERTEX
8
L0D0
10
970.916
20
282.948
0
VERTEX
8
L0D0
10
968.975
20
280.153
0
VERTEX
8
L0D0
10
967.101
20
277.312
0
VERTEX
8
L0D0
10
965.295
20
274.427
0
VERTEX
8
L0D0
10
963.558
20
271.5
0
VERTEX
8
L0D0
10
961.892
20
268.533
0
VERTEX
8
L0D0
10
960.297
20
265.526
0
VERTEX
8
L0D0
10
958.773
20
262.483
0
VERTEX
8
L0D0
10
957.323
20
259.404
0
VERTEX
8
L0D0
10
955.946
20
256.292
0
VERTEX
8
L0D0
10
954.643
20
253.148
0
VERTEX
8
L0D0
10
953.416
20
249.973
0
VERTEX
8
L0D0
10
952.265
20
246.771
0
VERTEX
8
L0D0
10
951.19
20
243.542
0
VERTEX
8
L0D0
10
950.193
20
240.288
0
VERTEX
8
L0D0
10
949.273
20
237.011
0
VERTEX
8
L0D0
10
948.431
20
233.714
0
VERTEX
8
L0D0
10
947.668
20
230.397
0
VERTEX
8
L0D0
10
946.984
20
227.063
0
VERTEX
8
L0D0
10
946.38
20
223.714
0
VERTEX
8
L0D0
10
945.856
20
220.351
0
VERTEX
8
L0D0
10
945.411
20
216.977
0
VERTEX
8
L0D0
10
945.048
20
213.593
0
VERTEX
8
L0D0
10
944.764
20
210.202
0
VERTEX
8
L0D0
10
944.562
20
206.804
0
VERTEX
8
L0D0
10
944.44
20
203.403
0
VERTEX
8
L0D0
10
944.4
20
200
0
VERTEX
8
L0D0
10
944.4
20
100
0
VERTEX
8
L0D0
10
944.44
20
96.597
0
VERTEX
8
L0D0
10
944.562
20
93.196
0
VERTEX
8
L0D0
10
944.764
20
89.798
0
VERTEX
8
L0D0
10
945.048
20
86.407
0
VERTEX
8
L0D0
10
945.411
20
83.023
0
VERTEX
8
L0D0
10
945.856
20
79.649
0
VERTEX
8
L0D0
10
946.38
20
76.286
0
VERTEX
8
L0D0
10
946.984
20
72.937
0
VERTEX
8
L0D0
10
947.668
20
69.603
0
VERTEX
8
L0D0
10
948.431
20
66.286
0
VERTEX
8
L0D0
10
949.273
20
62.989
0
VERTEX
8
L0D0
10
950.193
20
59.712
0
VERTEX
8
L0D0
10
951.19
20
56.458
0
VERTEX
8
L0D0
10
952.265
20
53.229
0
VERTEX
8
L0D0
10
953.416
20
50.027
0
VERTEX
8
L0D0
10
954.643
20
46.852
0
VERTEX
8
L0D0
10
955.946
20
43.708
0
VERTEX
8
L0D0
10
957.323
20
40.596
0
VERTEX
8
L0D0
10
958.773
20
37.517
0
VERTEX
8
L0D0
10
960.297
20
34.474
0
VERTEX
8
L0D0
10
961.892
20
31.467
0
VERTEX
8
L0D0
10
963.558
20
28.5
0
VERTEX
8
L0D0
10
965.295
20
25.573
0
VERTEX
8
L0D0
10
967.101
20
22.688
0
VERTEX
8
L0D0
10
968.975
20
19.847
0
VERTEX
8
L0D0
10
970.916
20
17.052
0
VERTEX
8
L0D0
10
972.923
20
14.303
0
VERTEX
8
L0D0
10
974.994
20
11.603
0
VERTEX
8
L0D0
10
977.13
20
8.953
0
VERTEX
8
L0D0
10
979.328
20
6.355
0
VERTEX
8
L0D0
10
981.587
20
3.81
0
VERTEX
8
L0D0
10
983.906
20
1.319
0
VERTEX
8
L0D0
10
986.284
20
-1.116
0
VERTEX
8
L0D0
10
988.719
20
-3.494
0
VERTEX
8
L0D0
10
991.21
20
-5.813
0
VERTEX
8
L0D0
10
993.755
20
-8.072
0
VERTEX
8
L0D0
10
996.353
20
-10.27
0
VERTEX
8
L0D0
10
999.003
20
-12.406
0
VERTEX
8
L0D0
10
1001.703
20
-14.477
0
VERTEX
8
L0D0
10
1004.452
20
-16.484
0
VERTEX
8
L0D0
10
1007.247
20
-18.425
0
VERTEX
8
L0D0
10
1010.088
20
-20.299
0
VERTEX
8
L0D0
10
1012.973
20
-22.105
0
VERTEX
8
L0D0
10
1015.9
20
-23.842
0
VERTEX
8
L0D0
10
1018.867
20
-25.508
0
VERTEX
8
L0D0
10
1021.874
20
-27.103
0
VERTEX
8
L0D0
10
1024.917
20
-28.627
0
VERTEX
8
L0D0
10
1027.996
20
-30.077
0
VERTEX
8
L0D0
10
1031.108
20
-31.454
0
VERTEX
8
L0D0
10
1034.252
20
-32.757
0
VERTEX
8
L0D0
10
1037.427
20
-33.984
0
VERTEX
8
L0D0
10
1040.629
20
-35.135
0
VERTEX
8
L0D0
10
1043.858
20
-36.21
0
VERTEX
8
L0D0
10
1047.112
20
-37.207
0
VERTEX
8
L0D0
10
1050.389
20
-38.127
0
VERTEX
8
L0D0
10
1053.686
20
-38.969
0
VERTEX
8
L0D0
10
1057.003
20
-39.732
0
VERTEX
8
L0D0
10
1060.337
20
-40.416
0
VERTEX
8
L0D0
10
1063.686
20
-41.02
0
VERTEX
8
L0D0
10
1067.049
20
-41.544
0
VERTEX
8
L0D0
10
1070.423
20
-41.989
0
VERTEX
8
L0D0
10
1073.807
20
-42.352
0
VERTEX
8
L0D0
10
1077.198
20
-42.636
0
VERTEX
8
L0D0
10
1080.596
20
-42.838
0
VERTEX
8
L0D0
10
1083.997
20
-42.96
0
VERTEX
8
L0D0
10
1087.4
20
-43
0
VERTEX
8
L0D0
10
1545.75
20
-43
0
VERTEX
8
L0D0
10
1549.273
20
-43.04
0
VERTEX
8
L0D0
10
1552.794
20
-43.158
0
VERTEX
8
L0D0
10
1556.311
20
-43.356
0
VERTEX
8
L0D0
10
1559.823
20
-43.632
0
VERTEX
8
L0D0
10
1563.328
20
-43.987
0
VERTEX
8
L0D0
10
1566.825
20
-44.421
0
VERTEX
8
L0D0
10
1570.31
20
-44.933
0
VERTEX
8
L0D0
10
1573.783
20
-45.523
0
VERTEX
8
L0D0
10
1577.243
20
-46.191
0
VERTEX
8
L0D0
10
1580.686
20
-46.936
0
VERTEX
8
L0D0
10
1584.111
20
-47.759
0
VERTEX
8
L0D0
10
1587.518
20
-48.658
0
VERTEX
8
L0D0
10
1590.903
20
-49.633
0
VERTEX
8
L0D0
10
1594.266
20
-50.684
0
VERTEX
8
L0D0
10
1597.604
20
-51.81
0
VERTEX
8
L0D0
10
1600.916
20
-53.011
0
VERTEX
8
L0D0
10
1604.2
20
-54.286
0
VERTEX
8
L0D0
10
1607.455
20
-55.634
0
VERTEX
8
L0D0
10
1610.679
20
-57.055
0
VERTEX
8
L0D0
10
1613.87
20
-58.548
0
VERTEX
8
L0D0
10
1617.027
20
-60.112
0
VERTEX
8
L0D0
10
1620.147
20
-61.747
0
VERTEX
8
L0D0
10
1623.231
20
-63.451
0
VERTEX
8
L0D0
10
1626.275
20
-65.224
0
VERTEX
8
L0D0
10
1629.279
20
-67.064
0
VERTEX
8
L0D0
10
1632.241
20
-68.972
0
VERTEX
8
L0D0
10
1635.159
20
-70.946
0
VERTEX
8
L0D0
10
1638.032
20
-72.984
0
VERTEX
8
L0D0
10
1640.859
20
-75.087
0
VERTEX
8
L0D0
10
1643.638
20
-77.252
0
VERTEX
8
L0D0
10
1646.367
20
-79.48
0
VERTEX
8
L0D0
10
1649.046
20
-81.768
0
VERTEX
8
L0D0
10
1651.673
20
-84.115
0
VERTEX
8
L0D0
10
1654.247
20
-86.521
0
VERTEX
8
L0D0
10
1656.766
20
-88.984
0
VERTEX
8
L0D0
10
1659.229
20
-91.503
0
VERTEX
8
L0D0
10
1661.635
20
-94.077
0
VERTEX
8
L0D0
10
1663.982
20
-96.704
0
VERTEX
8
L0D0
10
1666.27
20
-99.383
0
VERTEX
8
L0D0
10
1668.498
20
-102.112
0
VERTEX
8
L0D0
10
1670.663
20
-104.891
0
VERTEX
8
L0D0
10
1672.766
20
-107.718
0
VERTEX
8
L0D0
10
1674.804
20
-110.591
0
VERTEX
8
L0D0
10
1676.778
20
-113.509
0
VERTEX
8
L0D0
10
1678.686
20
-116.471
0
VERTEX
8
L0D0
10
1680.526
20
-119.475
0
VERTEX
8
L0D0
10
1682.299
20
-122.519
0
VERTEX
8
L0D0
10
1684.003
20
-125.603
0
VERTEX
8
L0D0
10
1685.638
20
-128.723
0
VERTEX
8
L0D0
10
1687.202
20
-131.88
0
VERTEX
8
L0D0
10
1688.695
20
-135.071
0
VERTEX
8
L0D0
10
1690.116
20
-138.295
0
VERTEX
8
L0D0
10
1691.464
20
-141.55
0
VERTEX
8
L0D0
10
1692.739
20
-144.834
0
VERTEX
8
L0D0
10
1693.94
20
-148.146
0
VERTEX
8
L0D0
10
1695.066
20
-151.484
0
VERTEX
8
L0D0
10
1696.117
20
-154.847
0
VERTEX
8
L0D0
10
1697.092
20
-158.232
0
VERTEX
8
L0D0
10
1697.991
20
-161.639
0
VERTEX
8
L0D0
10
1698.814
20
-165.064
0
VERTEX
8
L0D0
10
1699.559
20
-168.507
0
VERTEX
8
L0D0
10
1700.227
20
-171.967
0
VERTEX
8
L0D0
10
1700.817
20
-175.44
0
VERTEX
8
L0D0
10
1701.329
20
-178.925
0
VERTEX
8
L0D0
10
1701.763
20
-182.422
0
VERTEX
8
L0D0
10
1702.118
20
-185.927
0
VERTEX
8
L0D0
10
1702.394
20
-189.439
0
VERTEX
8
L0D0
10
1702.592
20
-192.956
0
VERTEX
8
L0D0
10
1702.71
20
-196.477
0
VERTEX
8
L0D0
10
1702.75
20
-200
0
VERTEX
8
L0D0
10
1702.75
20
-1194.25
0
VERTEX
8
L0D0
10
1800
20
-1194.25
0
VERTEX
8
L0D0
10
1900
20
-1050
0
VERTEX
8
L0D0
10
2150
20
-1050
0
VERTEX
8
L0D0
10
2150
20
-1350
0
VERTEX
8
L0D0
10
1900
20
-1350
0
VERTEX
8
L0D0
10
1800
20
-1205.75
0
VERTEX
8
L0D0
10
1702.75
20
-1205.75
0
VERTEX
8
L0D0
10
1702.75
20
-1950
0
VERTEX
8
L0D0
10
1702.71
20
-1953.523
0
VERTEX
8
L0D0
10
1702.592
20
-1957.044
0
VERTEX
8
L0D0
10
1702.394
20
-1960.561
0
VERTEX
8
L0D0
10
1702.118
20
-1964.073
0
VERTEX
8
L0D0
10
1701.763
20
-1967.578
0
VERTEX
8
L0D0
10
1701.329
20
-1971.075
0
VERTEX
8
L0D0
10
1700.817
20
-1974.56
0
VERTEX
8
L0D0
10
1700.227
20
-1978.033
0
VERTEX
8
L0D0
10
1699.559
20
-1981.493
0
VERTEX
8
L0D0
10
1698.814
20
-1984.936
0
VERTEX
8
L0D0
10
1697.991
20
-1988.361
0
VERTEX
8
L0D0
10
1697.092
20
-1991.768
0
VERTEX
8
L0D0
10
1696.117
20
-1995.153
0
VERTEX
8
L0D0
10
1695.066
20
-1998.516
0
VERTEX
8
L0D0
10
1693.94
20
-2001.854
0
VERTEX
8
L0D0
10
1692.739
20
-2005.166
0
VERTEX
8
L0D0
10
1691.464
20
-2008.45
0
VERTEX
8
L0D0
10
1690.116
20
-2011.705
0
VERTEX
8
L0D0
10
1688.695
20
-2014.929
0
VERTEX
8
L0D0
10
1687.202
20
-2018.12
0
VERTEX
8
L0D0
10
1685.638
20
-2021.277
0
VERTEX
8
L0D0
10
1684.003
20
-2024.397
0
VERTEX
8
L0D0
10
1682.299
20
-2027.481
0
VERTEX
8
L0D0
10
1680.526
20
-2030.525
0
VERTEX
8
L0D0
10
1678.686
20
-2033.529
0
VERTEX
8
L0D0
10
1676.778
20
-2036.491
0
VERTEX
8
L0D0
10
1674.804
20
-2039.409
0
VERTEX
8
L0D0
10
1672.766
20
-2042.282
0
VERTEX
8
L0D0
10
1670.663
20
-2045.109
0
VERTEX
8
L0D0
10
1668.498
20
-2047.888
0
VERTEX
8
L0D0
10
1666.27
20
-2050.617
0
VERTEX
8
L0D0
10
1663.982
20
-2053.296
0
VERTEX
8
L0D0
10
1661.635
20
-2055.923
0
VERTEX
8
L0D0
10
1659.229
20
-2058.497
0
VERTEX
8
L0D0
10
1656.766
20
-2061.016
0
VERTEX
8
L0D0
10
1654.247
20
-2063.479
0
VERTEX
8
L0D0
10
1651.673
20
-2065.885
0
VERTEX
8
L0D0
10
1649.046
20
-2068.232
0
VERTEX
8
L0D0
10
1646.367
20
-2070.52
0
VERTEX
8
L0D0
10
1643.638
20
-2072.748
0
VERTEX
8
L0D0
10
1640.859
20
-2074.913
0
VERTEX
8
L0D0
10
1638.032
20
-2077.016
0
VERTEX
8
L0D0
10
1635.159
20
-2079.054
0
VERTEX
8
L0D0
10
1632.241
20
-2081.028
0
VERTEX
8
L0D0
10
1629.279
20
-2082.936
0
VERTEX
8
L0D0
10
1626.275
20
-2084.776
0
VERTEX
8
L0D0
10
1623.231
20
-2086.549
0
VERTEX
8
L0D0
10
1620.147
20
-2088.253
0
VERTEX
8
L0D0
10
1617.027
20
-2089.888
0
VERTEX
8
L0D0
10
1613.87
20
-2091.452
0
VERTEX
8
L0D0
10
1610.679
20
-2092.945
0
VERTEX
8
L0D0
10
1607.455
20
-2094.366
0
VERTEX
8
L0D0
10
1604.2
20
-2095.714
0
VERTEX
8
L0D0
10
1600.916
20
-2096.989
0
VERTEX
8
L0D0
10
1597.604
20
-2098.19
0
VERTEX
8
L0D0
10
1594.266
20
-2099.316
0
VERTEX
8
L0D0
10
1590.903
20
-2100.367
0
VERTEX
8
L0D0
10
1587.518
20
-2101.342
0
VERTEX
8
L0D0
10
1584.111
20
-2102.241
0
VERTEX
8
L0D0
10
1580.686
20
-2103.064
0
VERTEX
8
L0D0
10
1577.243
20
-2103.809
0
VERTEX
8
L0D0
10
1573.783
20
-2104.477
0
VERTEX
8
L0D0
10
1570.31
20
-2105.067
0
VERTEX
8
L0D0
10
1566.825
20
-2105.579
0
VERTEX
8
L0D0
10
1563.328
20
-2106.013
0
VERTEX
8
L0D0
10
1559.823
20
-2106.368
0
VERTEX
8
L0D0
10
1556.311
20
-2106.644
0
VERTEX
8
L0D0
10
1552.794
20
-2106.842
0
VERTEX
8
L0D0
10
1549.273
20
-2106.96
0
VERTEX
8
L0D0
10
1545.75
20
-2107
0
SEQEND
0
POLYLINE
8
L0D0
70
1
40
0
41
0
66
1
0
VERTEX
8
L0D0
10
1150
20
-2098.5
0
VERTEX
8
L0D0
10
1146.57
20
-2098.46
0
VERTEX
8
L0D0
10
1143.142
20
-2098.342
0
VERTEX
8
L0D0
10
1139.717
20
-2098.144
0
VERTEX
8
L0D0
10
1136.298
20
-2097.867
0
VERTEX
8
L0D0
10
1132.886
20
-2097.511
0
VERTEX
8
L0D0
10
1129.484
20
-2097.076
0
VERTEX
8
L0D0
10
1126.092
20
-2096.563
0
VERTEX
8
L0D0
10
1122.713
20
-2095.972
0
VERTEX
8
L0D0
10
1119.349
20
-2095.302
0
VERTEX
8
L0D0
10
1116.001
20
-2094.556
0
VERTEX
8
L0D0
10
1112.671
20
-2093.732
0
VERTEX
8
L0D0
10
1109.361
20
-2092.831
0
VERTEX
8
L0D0
10
1106.073
20
-2091.854
0
VERTEX
8
L0D0
10
1102.808
20
-2090.802
0
VERTEX
8
L0D0
10
1099.568
20
-2089.674
0
VERTEX
8
L0D0
10
1096.356
20
-2088.472
0
VERTEX
8
L0D0
10
1093.172
20
-2087.196
0
VERTEX
8
L0D0
10
1090.018
20
-2085.847
0
VERTEX
8
L0D0
10
1086.896
20
-2084.425
0
VERTEX
8
L0D0
10
1083.808
20
-2082.932
0
VERTEX
8
L0D0
10
1080.755
20
-2081.367
0
VERTEX
8
L0D0
10
1077.739
20
-2079.733
0
VERTEX
8
L0D0
10
1074.762
20
-2078.029
0
VERTEX
8
L0D0
10
1071.825
20
-2076.257
0
VERTEX
8
L0D0
10
1068.929
20
-2074.418
0
VERTEX
8
L0D0
10
1066.077
20
-2072.512
0
VERTEX
8
L0D0
10
1063.27
20
-2070.541
0
VERTEX
8
L0D0
10
1060.509
20
-2068.506
0
VERTEX
8
L0D0
10
1057.795
20
-2066.407
0
VERTEX
8
L0D0
10
1055.131
20
-2064.246
0
VERTEX
8
L0D0
10
1052.518
20
-2062.024
0
VERTEX
8
L0D0
10
1049.956
20
-2059.743
0
VERTEX
8
L0D0
10
1047.448
20
-2057.403
0
VERTEX
8
L0D0
10
1044.995
20
-2055.005
0
VERTEX
8
L0D0
10
1042.597
20
-2052.552
0
VERTEX
8
L0D0
10
1040.257
20
-2050.044
0
VERTEX
8
L0D0
10
1037.976
20
-2047.482
0
VERTEX
8
L0D0
10
1035.754
20
-2044.869
0
VERTEX
8
L0D0
10
1033.593
20
-2042.205
0
VERTEX
8
L0D0
10
1031.494
20
-2039.491
0
VERTEX
8
L0D0
10
1029.459
20
-2036.73
0
VERTEX
8
L0D0
10
1027.488
20
-2033.923
0
VERTEX
8
L0D0
10
1025.582
20
-2031.071
0
VERTEX
8
L0D0
10
1023.743
20
-2028.175
0
VERTEX
8
L0D0
10
1021.971
20
-2025.238
0
VERTEX
8
L0D0
10
1020.267
20
-2022.261
0
VERTEX
8
L0D0
10
1018.633
20
-2019.245
0
VERTEX
8
L0D0
10
1017.068
20
-2016.192
0
VERTEX
8
L0D0
10
1015.575
20
-2013.104
0
VERTEX
8
L0D0
10
1014.153
20
-2009.982
0
VERTEX
8
L0D0
10
1012.804
20
-2006.828
0
VERTEX
8
L0D0
10
1011.528
20
-2003.644
0
VERTEX
8
L0D0
10
1010.326
20
-2000.432
0
VERTEX
8
L0D0
10
1009.198
20
-1997.192
0
VERTEX
8
L0D0
10
1008.146
20
-1993.927
0
VERTEX
8
L0D0
10
1007.169
20
-1990.639
0
VERTEX
8
L0D0
10
1006.268
20
-1987.329
0
VERTEX
8
L0D0
10
1005.444
20
-1983.999
0
VERTEX
8
L0D0
10
1004.698
20
-1980.651
0
VERTEX
8
L0D0
10
1004.028
20
-1977.287
0
VERTEX
8
L0D0
10
1003.437
20
-1973.908
0
VERTEX
8
L0D0
10
1002.924
20
-1970.516
0
VERTEX
8
L0D0
10
1002.489
20
-1967.114
0
VERTEX
8
L0D0
10
1002.133
20
-1963.702
0
VERTEX
8
L0D0
10
1001.856
20
-1960.283
0
VERTEX
8
L0D0
10
1001.658
20
-1956.858
0
VERTEX
8
L0D0
10
1001.54
20
-1953.43
0
VERTEX
8
L0D0
10
1001.5
20
-1950
0
VERTEX
8
L0D0
10
1001.5
20
-848.1
0
VERTEX
8
L0D0
10
1001.46
20
-844.601
0
VERTEX
8
L0D0
10
1001.338
20
-841.103
0
VERTEX
8
L0D0
10
1001.136
20
-837.609
0
VERTEX
8
L0D0
10
1000.854
20
-834.121
0
VERTEX
8
L0D0
10
1000.491
20
-830.641
0
VERTEX
8
L0D0
10
1000.047
20
-827.169
0
VERTEX
8
L0D0
10
999.524
20
-823.709
0
VERTEX
8
L0D0
10
998.92
20
-820.262
0
VERTEX
8
L0D0
10
998.238
20
-816.83
0
VERTEX
8
L0D0
10
997.476
20
-813.414
0
VERTEX
8
L0D0
10
996.635
20
-810.017
0
VERTEX
8
L0D0
10
995.717
20
-806.64
0
VERTEX
8
L0D0
10
994.72
20
-803.285
0
VERTEX
8
L0D0
10
993.646
20
-799.955
0
VERTEX
8
L0D0
10
992.496
20
-796.65
0
VERTEX
8
L0D0
10
991.27
20
-793.372
0
VERTEX
8
L0D0
10
989.968
20
-790.123
0
VERTEX
8
L0D0
10
988.591
20
-786.906
0
VERTEX
8
L0D0
10
987.141
20
-783.721
0
VERTEX
8
L0D0
10
985.617
20
-780.571
0
VERTEX
8
L0D0
10
984.021
20
-777.456
0
VERTEX
8
L0D0
10
982.354
20
-774.379
0
VERTEX
8
L0D0
10
980.616
20
-771.342
0
VERTEX
8
L0D0
10
978.808
20
-768.346
0
VERTEX
8
L0D0
10
976.931
20
-765.392
0
VERTEX
8
L0D0
10
974.987
20
-762.482
0
VERTEX
8
L0D0
10
972.976
20
-759.618
0
VERTEX
8
L0D0
10
970.9
20
-756.801
0
VERTEX
8
L0D0
10
968.759
20
-754.033
0
VERTEX
8
L0D0
10
966.554
20
-751.315
0
VERTEX
8
L0D0
10
964.287
20
-748.648
0
VERTEX
8
L0D0
10
961.96
20
-746.035
0
VERTEX
8
L0D0
10
959.572
20
-743.476
0
VERTEX
8
L0D0
10
957.127
20
-740.973
0
VERTEX
8
L0D0
10
954.624
20
-738.528
0
VERTEX
8
L0D0
10
952.065
20
-736.14
0
VERTEX
8
L0D0
10
949.452
20
-733.813
0
VERTEX
8
L0D0
10
946.785
20
-731.546
0
VERTEX
8
L0D0
10
944.067
20
-729.341
0
VERTEX
8
L0D0
10
941.299
20
-727.2
0
VERTEX
8
L0D0
10
938.482
20
-725.124
0
VERTEX
8
L0D0
10
935.618
20
-723.113
0
VERTEX
8
L0D0
10
932.708
20
-721.169
0
VERTEX
8
L0D0
10
929.754
20
-719.292
0
VERTEX
8
L0D0
10
926.758
20
-717.484
0
VERTEX
8
L0D0
10
923.721
20
-715.746
0
VERTEX
8
L0D0
10
920.644
20
-714.079
0
VERTEX
8
L0D0
10
917.529
20
-712.483
0
VERTEX
8
L0D0
10
914.379
20
-710.959
0
VERTEX
8
L0D0
10
911.194
20
-709.509
0
VERTEX
8
L0D0
10
907.977
20
-708.132
0
VERTEX
8
L0D0
10
904.728
20
-706.83
0
VERTEX
8
L0D0
10
901.45
20
-705.604
0
VERTEX
8
L0D0
10
898.145
20
-704.454
0
VERTEX
8
L0D0
10
894.815
20
-703.38
0
VERTEX
8
L0D0
10
891.46
20
-702.383
0
VERTEX
8
L0D0
10
888.083
20
-701.465
0
VERTEX
8
L0D0
10
884.686
20
-700.624
0
VERTEX
8
L0D0
10
881.27
20
-699.862
0
VERTEX
8
L0D0
10
877.838
20
-699.18
0
VERTEX
8
L0D0
10
874.391
20
-698.576
0
VERTEX
8
L0D0
10
870.931
20
-698.053
0
VERTEX
8
L0D0
10
867.459
20
-697.609
0
VERTEX
8
L0D0
10
863.979
20
-697.246
0
VERTEX
8
L0D0
10
860.491
20
-696.964
0
VERTEX
8
L0D0
10
856.997
20
-696.762
0
VERTEX
8
L0D0
10
853.499
20
-696.64
0
VERTEX
8
L0D0
10
850
20
-696.6
0
VERTEX
8
L0D0
10
750
20
-696.6
0
VERTEX
8
L0D0
10
746.501
20
-696.64
0
VERTEX
8
L0D0
10
743.003
20
-696.762
0
VERTEX
8
L0D0
10
739.509
20
-696.964
0
VERTEX
8
L0D0
10
736.021
20
-697.246
0
VERTEX
8
L0D0
10
732.541
20
-697.609
0
VERTEX
8
L0D0
10
729.069
20
-698.053
0
VERTEX
8
L0D0
10
725.609
20
-698.576
0
VERTEX
8
L0D0
10
722.162
20
-699.18
0
VERTEX
8
L0D0
10
718.73
20
-699.862
0
VERTEX
8
L0D0
10
715.314
20
-700.624
0
VERTEX
8
L0D0
10
711.917
20
-701.465
0
VERTEX
8
L0D0
10
708.54
20
-702.383
0
VERTEX
8
L0D0
10
705.185
20
-703.38
0
VERTEX
8
L0D0
10
701.855
20
-704.454
0
VERTEX
8
L0D0
10
698.55
20
-705.604
0
VERTEX
8
L0D0
10
695.272
20
-706.83
0
VERTEX
8
L0D0
10
692.023
20
-708.132
0
VERTEX
8
L0D0
10
688.806
20
-709.509
0
VERTEX
8
L0D0
10
685.621
20
-710.959
0
VERTEX
8
L0D0
10
682.471
20
-712.483
0
VERTEX
8
L0D0
10
679.356
20
-714.079
0
VERTEX
8
L0D0
10
676.279
20
-715.746
0
VERTEX
8
L0D0
10
673.242
20
-717.484
0
VERTEX
8
L0D0
10
670.246
20
-719.292
0
VERTEX
8
L0D0
10
667.292
20
-721.169
0
VERTEX
8
L0D0
10
664.382
20
-723.113
0
VERTEX
8
L0D0
10
661.518
20
-725.124
0
VERTEX
8
L0D0
10
658.701
20
-727.2
0
VERTEX
8
L0D0
10
655.933
20
-729.341
0
VERTEX
8
L0D0
10
653.215
20
-731.546
0
VERTEX
8
L0D0
10
650.548
20
-733.813
0
VERTEX
8
L0D0
10
647.935
20
-736.14
0
VERTEX
8
L0D0
10
645.376
20
-738.528
0
VERTEX
8
L0D0
10
642.873
20
-740.973
0
VERTEX
8
L0D0
10
640.428
20
-743.476
0
VERTEX
8
L0D0
10
638.04
20
-746.035
0
VERTEX
8
L0D0
10
635.713
20
-748.648
0
VERTEX
8
L0D0
10
633.446
20
-751.315
0
VERTEX
8
L0D0
10
631.241
20
-754.033
0
VERTEX
8
L0D0
10
629.1
20
-756.801
0
VERTEX
8
L0D0
10
627.024
20
-759.618
0
VERTEX
8
L0D0
10
625.013
20
-762.482
0
VERTEX
8
L0D0
10
623.069
20
-765.392
0
VERTEX
8
L0D0
10
621.192
20
-768.346
0
VERTEX
8
L0D0
10
619.384
20
-771.342
0
VERTEX
8
L0D0
10
617.646
20
-774.379
0
VERTEX
8
L0D0
10
615.979
20
-777.456
0
VERTEX
8
L0D0
10
614.383
20
-780.571
0
VERTEX
8
L0D0
10
612.859
20
-783.721
0
VERTEX
8
L0D0
10
611.409
20
-786.906
0
VERTEX
8
L0D0
10
610.032
20
-790.123
0
VERTEX
8
L0D0
10
608.73
20
-793.372
0
VERTEX
8
L0D0
10
607.504
20
-796.65
0
VERTEX
8
L0D0
10
606.354
20
-799.955
0
VERTEX
8
L0D0
10
605.28
20
-803.285
0
VERTEX
8
L0D0
10
604.283
20
-806.64
0
VERTEX
8
L0D0
10
603.365
20
-810.017
0
VERTEX
8
L0D0
10
602.524
20
-813.414
0
VERTEX
8
L0D0
10
601.762
20
-816.83
0
VERTEX
8
L0D0
10
601.08
20
-820.262
0
VERTEX
8
L0D0
10
600.476
20
-823.709
0
VERTEX
8
L0D0
10
599.953
20
-827.169
0
VERTEX
8
L0D0
10
599.509
20
-830.641
0
VERTEX
8
L0D0
10
599.146
20
-834.121
0
VERTEX
8
L0D0
10
598.864
20
-837.609
0
VERTEX
8
L0D0
10
598.662
20
-841.103
0
VERTEX
8
L0D0
10
598.54
20
-844.601
0
VERTEX
8
L0D0
10
598.5
20
-848.1
0
VERTEX
8
L0D0
10
598.5
20
-1850
0
VERTEX
8
L0D0
10
598.46
20
-1853.43
0
VERTEX
8
L0D0
10
598.342
20
-1856.858
0
VERTEX
8
L0D0
10
598.144
20
-1860.283
0
VERTEX
8
L0D0
10
597.867
20
-1863.702
0
VERTEX
8
L0D0
10
597.511
20
-1867.114
0
VERTEX
8
L0D0
10
597.076
20
-1870.516
0
VERTEX
8
L0D0
10
596.563
20
-1873.908
0
VERTEX
8
L0D0
10
595.972
20
-1877.287
0
VERTEX
8
L0D0
10
595.302
20
-1880.651
0
VERTEX
8
L0D0
10
594.556
20
-1883.999
0
VERTEX
8
L0D0
10
593.732
20
-1887.329
0
VERTEX
8
L0D0
10
592.831
20
-1890.639
0
VERTEX
8
L0D0
10
591.854
20
-1893.927
0
VERTEX
8
L0D0
10
590.802
20
-1897.192
0
VERTEX
8
L0D0
10
589.674
20
-1900.432
0
VERTEX
8
L0D0
10
588.472
20
-1903.644
0
VERTEX
8
L0D0
10
587.196
20
-1906.828
0
VERTEX
8
L0D0
10
585.847
20
-1909.982
0
VERTEX
8
L0D0
10
584.425
20
-1913.104
0
VERTEX
8
L0D0
10
582.932
20
-1916.192
0
VERTEX
8
L0D0
10
581.367
20
-1919.245
0
VERTEX
8
L0D0
10
579.733
20
-1922.261
0
VERTEX
8
L0D0
10
578.029
20
-1925.238
0
VERTEX
8
L0D0
10
576.257
20
-1928.175
0
VERTEX
8
L0D0
10
574.418
20
-1931.071
0
VERTEX
8
L0D0
10
572.512
20
-1933.923
0
VERTEX
8
L0D0
10
570.541
20
-1936.73
0
VERTEX
8
L0D0
10
568.506
20
-1939.491
0
VERTEX
8
L0D0
10
566.407
20
-1942.205
0
VERTEX
8
L0D0
10
564.246
20
-1944.869
0
VERTEX
8
L0D0
10
562.024
20
-1947.482
0
VERTEX
8
L0D0
10
559.743
20
-1950.044
0
VERTEX
8
L0D0
10
557.403
20
-1952.552
0
VERTEX
8
L0D0
10
555.005
20
-1955.005
0
VERTEX
8
L0D0
10
552.552
20
-1957.403
0
VERTEX
8
L0D0
10
550.044
20
-1959.743
0
VERTEX
8
L0D0
10
547.482
20
-1962.024
0
VERTEX
8
L0D0
10
544.869
20
-1964.246
0
VERTEX
8
L0D0
10
542.205
20
-1966.407
0
VERTEX
8
L0D0
10
539.491
20
-1968.506
0
VERTEX
8
L0D0
10
536.73
20
-1970.541
0
VERTEX
8
L0D0
10
533.923
20
-1972.512
0
VERTEX
8
L0D0
10
531.071
20
-1974.418
0
VERTEX
8
L0D0
10
528.175
20
-1976.257
0
VERTEX
8
L0D0
10
525.238
20
-1978.029
0
VERTEX
8
L0D0
10
522.261
20
-1979.733
0
VERTEX
8
L0D0
10
519.245
20
-1981.367
0
VERTEX
8
L0D0
10
516.192
20
-1982.932
0
VERTEX
8
L0D0
10
513.104
20
-1984.425
0
VERTEX
8
L0D0
10
509.982
20
-1985.847
0
VERTEX
8
L0D0
10
506.828
20
-1987.196
0
VERTEX
8
L0D0
10
503.644
20
-1988.472
0
VERTEX
8
L0D0
10
500.432
20
-1989.674
0
VERTEX
8
L0D0
10
497.192
20
-1990.802
0
VERTEX
8
L0D0
10
493.927
20
-1991.854
0
VERTEX
8
L0D0
10
490.639
20
-1992.831
0
VERTEX
8
L0D0
10
487.329
20
-1993.732
0
VERTEX
8
L0D0
10
483.999
20
-1994.556
0
VERTEX
8
L0D0
10
480.651
20
-1995.302
0
VERTEX
8
L0D0
10
477.287
20
-1995.972
0
VERTEX
8
L0D0
10
473.908
20
-1996.563
0
VERTEX
8
L0D0
10
470.516
20
-1997.076
0
VERTEX
8
L0D0
10
467.114
20
-1997.511
0
VERTEX
8
L0D0
10
463.702
20
-1997.867
0
VERTEX
8
L0D0
10
460.283
20
-1998.144
0
VERTEX
8
L0D0
10
456.858
20
-1998.342
0
VERTEX
8
L0D0
10
453.43
20
-1998.46
0
VERTEX
8
L0D0
10
450
20
-1998.5
0
VERTEX
8
L0D0
10
350
20
-1998.5
0
VERTEX
8
L0D0
10
346.57
20
-1998.46
0
VERTEX
8
L0D0
10
343.142
20
-1998.342
0
VERTEX
8
L0D0
10
339.717
20
-1998.144
0
VERTEX
8
L0D0
10
336.298
20
-1997.867
0
VERTEX
8
L0D0
10
332.886
20
-1997.511
0
VERTEX
8
L0D0
10
329.484
20
-1997.076
0
VERTEX
8
L0D0
10
326.092
20
-1996.563
0
VERTEX
8
L0D0
10
322.713
20
-1995.972
0
VERTEX
8
L0D0
10
319.349
20
-1995.302
0
VERTEX
8
L0D0
10
316.001
20
-1994.556
0
VERTEX
8
L0D0
10
312.671
20
-1993.732
0
VERTEX
8
L0D0
10
309.361
20
-1992.831
0
VERTEX
8
L0D0
10
306.073
20
-1991.854
0
VERTEX
8
L0D0
10
302.808
20
-1990.802
0
VERTEX
8
L0D0
10
299.568
20
-1989.674
0
VERTEX
8
L0D0
10
296.356
20
-1988.472
0
VERTEX
8
L0D0
10
293.172
20
-1987.196
0
VERTEX
8
L0D0
10
290.018
20
-1985.847
0
VERTEX
8
L0D0
10
286.896
20
-1984.425
0
VERTEX
8
L0D0
10
283.808
20
-1982.932
0
VERTEX
8
L0D0
10
280.755
20
-1981.367
0
VERTEX
8
L0D0
10
277.739
20
-1979.733
0
VERTEX
8
L0D0
10
274.762
20
-1978.029
0
VERTEX
8
L0D0
10
271.825
20
-1976.257
0
VERTEX
8
L0D0
10
268.929
20
-1974.418
0
VERTEX
8
L0D0
10
266.077
20
-1972.512
0
VERTEX
8
L0D0
10
263.27
20
-1970.541
0
VERTEX
8
L0D0
10
260.509
20
-1968.506
0
VERTEX
8
L0D0
10
257.795
20
-1966.407
0
VERTEX
8
L0D0
10
255.131
20
-1964.246
0
VERTEX
8
L0D0
10
252.518
20
-1962.024
0
VERTEX
8
L0D0
10
249.956
20
-1959.743
0
VERTEX
8
L0D0
10
247.448
20
-1957.403
0
VERTEX
8
L0D0
10
244.995
20
-1955.005
0
VERTEX
8
L0D0
10
242.597
20
-1952.552
0
VERTEX
8
L0D0
10
240.257
20
-1950.044
0
VERTEX
8
L0D0
10
237.976
20
-1947.482
0
VERTEX
8
L0D0
10
235.754
20
-1944.869
0
VERTEX
8
L0D0
10
233.593
20
-1942.205
0
VERTEX
8
L0D0
10
231.494
20
-1939.491
0
VERTEX
8
L0D0
10
229.459
20
-1936.73
0
VERTEX
8
L0D0
10
227.488
20
-1933.923
0
VERTEX
8
L0D0
10
225.582
20
-1931.071
0
VERTEX
8
L0D0
10
223.743
20
-1928.175
0
VERTEX
8
L0D0
10
221.971
20
-1925.238
0
VERTEX
8
L0D0
10
220.267
20
-1922.261
0
VERTEX
8
L0D0
10
218.633
20
-1919.245
0
VERTEX
8
L0D0
10
217.068
20
-1916.192
0
VERTEX
8
L0D0
10
215.575
20
-1913.104
0
VERTEX
8
L0D0
10
214.153
20
-1909.982
0
VERTEX
8
L0D0
10
212.804
20
-1906.828
0
VERTEX
8
L0D0
10
211.528
20
-1903.644
0
VERTEX
8
L0D0
10
210.326
20
-1900.432
0
VERTEX
8
L0D0
10
209.198
20
-1897.192
0
VERTEX
8
L0D0
10
208.146
20
-1893.927
0
VERTEX
8
L0D0
10
207.169
20
-1890.639
0
VERTEX
8
L0D0
10
206.268
20
-1887.329
0
VERTEX
8
L0D0
10
205.444
20
-1883.999
0
VERTEX
8
L0D0
10
204.698
20
-1880.651
0
VERTEX
8
L0D0
10
204.028
20
-1877.287
0
VERTEX
8
L0D0
10
203.437
20
-1873.908
0
VERTEX
8
L0D0
10
202.924
20
-1870.516
0
VERTEX
8
L0D0
10
202.489
20
-1867.114
0
VERTEX
8
L0D0
10
202.133
20
-1863.702
0
VERTEX
8
L0D0
10
201.856
20
-1860.283
0
VERTEX
8
L0D0
10
201.658
20
-1856.858
0
VERTEX
8
L0D0
10
201.54
20
-1853.43
0
VERTEX
8
L0D0
10
201.5
20
-1850
0
VERTEX
8
L0D0
10
201.5
20
-333.8
0
VERTEX
8
L0D0
10
201.46
20
-330.301
0
VERTEX
8
L0D0
10
201.338
20
-326.803
0
VERTEX
8
L0D0
10
201.136
20
-323.309
0
VERTEX
8
L0D0
10
200.854
20
-319.821
0
VERTEX
8
L0D0
10
200.491
20
-316.341
0
VERTEX
8
L0D0
10
200.047
20
-312.869
0
VERTEX
8
L0D0
10
199.524
20
-309.409
0
VERTEX
8
L0D0
10
198.92
20
-305.962
0
VERTEX
8
L0D0
10
198.238
20
-302.53
0
VERTEX
8
L0D0
10
197.476
20
-299.114
0
VERTEX
8
L0D0
10
196.635
20
-295.717
0
VERTEX
8
L0D0
10
195.717
20
-292.34
0
VERTEX
8
L0D0
10
194.72
20
-288.985
0
VERTEX
8
L0D0
10
193.646
20
-285.655
0
VERTEX
8
L0D0
10
192.496
20
-282.35
0
VERTEX
8
L0D0
10
191.27
20
-279.072
0
VERTEX
8
L0D0
10
189.968
20
-275.823
0
VERTEX
8
L0D0
10
188.591
20
-272.606
0
VERTEX
8
L0D0
10
187.141
20
-269.421
0
VERTEX
8
L0D0
10
185.617
20
-266.271
0
VERTEX
8
L0D0
10
184.021
20
-263.156
0
VERTEX
8
L0D0
10
182.354
20
-260.079
0
VERTEX
8
L0D0
10
180.616
20
-257.042
0
VERTEX
8
L0D0
10
178.808
20
-254.046
0
VERTEX
8
L0D0
10
176.931
20
-251.092
0
VERTEX
8
L0D0
10
174.987
20
-248.182
0
VERTEX
8
L0D0
10
172.976
20
-245.318
0
VERTEX
8
L0D0
10
170.9
20
-242.501
0
VERTEX
8
L0D0
10
168.759
20
-239.733
0
VERTEX
8
L0D0
10
166.554
20
-237.015
0
VERTEX
8
L0D0
10
164.287
20
-234.348
0
VERTEX
8
L0D0
10
161.96
20
-231.735
0
VERTEX
8
L0D0
10
159.572
20
-229.176
0
VERTEX
8
L0D0
10
157.127
20
-226.673
0
VERTEX
8
L0D0
10
154.624
20
-224.228
0
VERTEX
8
L0D0
10
152.065
20
-221.84
0
VERTEX
8
L0D0
10
149.452
20
-219.513
0
VERTEX
8
L0D0
10
146.785
20
-217.246
0
VERTEX
8
L0D0
10
144.067
20
-215.041
0
VERTEX
8
L0D0
10
141.299
20
-212.9
0
VERTEX
8
L0D0
10
138.482
20
-210.824
0
VERTEX
8
L0D0
10
135.618
20
-208.813
0
VERTEX
8
L0D0
10
132.708
20
-206.869
0
VERTEX
8
L0D0
10
129.754
20
-204.992
0
VERTEX
8
L0D0
10
126.758
20
-203.184
0
VERTEX
8
L0D0
10
123.721
20
-201.446
0
VERTEX
8
L0D0
10
120.644
20
-199.779
0
VERTEX
8
L0D0
10
117.529
20
-198.183
0
VERTEX
8
L0D0
10
114.379
20
-196.659
0
VERTEX
8
L0D0
10
111.194
20
-195.209
0
VERTEX
8
L0D0
10
107.977
20
-193.832
0
VERTEX
8
L0D0
10
104.728
20
-192.53
0
VERTEX
8
L0D0
10
101.45
20
-191.304
0
VERTEX
8
L0D0
10
98.145
20
-190.154
0
VERTEX
8
L0D0
10
94.815
20
-189.08
0
VERTEX
8
L0D0
10
91.46
20
-188.083
0
VERTEX
8
L0D0
10
88.083
20
-187.165
0
VERTEX
8
L0D0
10
84.686
20
-186.324
0
VERTEX
8
L0D0
10
81.27
20
-185.562
0
VERTEX
8
L0D0
10
77.838
20
-184.88
0
VERTEX
8
L0D0
10
74.391
20
-184.276
0
VERTEX
8
L0D0
10
70.931
20
-183.753
0
VERTEX
8
L0D0
10
67.459
20
-183.309
0
VERTEX
8
L0D0
10
63.979
20
-182.946
0
VERTEX
8
L0D0
10
60.491
20
-182.664
0
VERTEX
8
L0D0
10
56.997
20
-182.462
0
VERTEX
8
L0D0
10
53.499
20
-182.34
0
VERTEX
8
L0D0
10
50
20
-182.3
0
VERTEX
8
L0D0
10
-50
20
-182.3
0
VERTEX
8
L0D0
10
-53.499
20
-182.34
0
VERTEX
8
L0D0
10
-56.997
20
-182.462
0
VERTEX
8
L0D0
10
-60.491
20
-182.664
0
VERTEX
8
L0D0
10
-63.979
20
-182.946
0
VERTEX
8
L0D0
10
-67.459
20
-183.309
0
VERTEX
8
L0D0
10
-70.931
20
-183.753
0
VERTEX
8
L0D0
10
-74.391
20
-184.276
0
VERTEX
8
L0D0
10
-77.838
20
-184.88
0
VERTEX
8
L0D0
10
-81.27
20
-185.562
0
VERTEX
8
L0D0
10
-84.686
20
-186.324
0
VERTEX
8
L0D0
10
-88.083
20
-187.165
0
VERTEX
8
L0D0
10
-91.46
20
-188.083
0
VERTEX
8
L0D0
10
-94.815
20
-189.08
0
VERTEX
8
L0D0
10
-98.145
20
-190.154
0
VERTEX
8
L0D0
10
-101.45
20
-191.304
0
VERTEX
8
L0D0
10
-104.728
20
-192.53
0
VERTEX
8
L0D0
10
-107.977
20
-193.832
0
VERTEX
8
L0D0
10
-111.194
20
-195.209
0
VERTEX
8
L0D0
10
-114.379
20
-196.659
0
VERTEX
8
L0D0
10
-117.529
20
-198.183
0
VERTEX
8
L0D0
10
-120.644
20
-199.779
0
VERTEX
8
L0D0
10
-123.721
20
-201.446
0
VERTEX
8
L0D0
10
-126.758
20
-203.184
0
VERTEX
8
L0D0
10
-129.754
20
-204.992
0
VERTEX
8
L0D0
10
-132.708
20
-206.869
0
VERTEX
8
L0D0
10
-135.618
20
-208.813
0
VERTEX
8
L0D0
10
-138.482
20
-210.824
0
VERTEX
8
L0D0
10
-141.299
20
-212.9
0
VERTEX
8
L0D0
10
-144.067
20
-215.041
0
VERTEX
8
L0D0
10
-146.785
20
-217.246
0
VERTEX
8
L0D0
10
-149.452
20
-219.513
0
VERTEX
8
L0D0
10
-152.065
20
-221.84
0
VERTEX
8
L0D0
10
-154.624
20
-224.228
0
VERTEX
8
L0D0
10
-157.127
20
-226.673
0
VERTEX
8
L0D0
10
-159.572
20
-229.176
0
VERTEX
8
L0D0
10
-161.96
20
-231.735
0
VERTEX
8
L0D0
10
-164.287
20
-234.348
0
VERTEX
8
L0D0
10
-166.554
20
-237.015
0
VERTEX
8
L0D0
10
-168.759
20
-239.733
0
VERTEX
8
L0D0
10
-170.9
20
-242.501
0
VERTEX
8
L0D0
10
-172.976
20
-245.318
0
VERTEX
8
L0D0
10
-174.987
20
-248.182
0
VERTEX
8
L0D0
10
-176.931
20
-251.092
0
VERTEX
8
L0D0
10
-178.808
20
-254.046
0
VERTEX
8
L0D0
10
-180.616
20
-257.042
0
VERTEX
8
L0D0
10
-182.354
20
-260.079
0
VERTEX
8
L0D0
10
-184.021
20
-263.156
0
VERTEX
8
L0D0
10
-185.617
20
-266.271
0
VERTEX
8
L0D0
10
-187.141
20
-269.421
0
VERTEX
8
L0D0
10
-188.591
20
-272.606
0
VERTEX
8
L0D0
10
-189.968
20
-275.823
0
VERTEX
8
L0D0
10
-191.27
20
-279.072
0
VERTEX
8
L0D0
10
-192.496
20
-282.35
0
VERTEX
8
L0D0
10
-193.646
20
-285.655
0
VERTEX
8
L0D0
10
-194.72
20
-288.985
0
VERTEX
8
L0D0
10
-195.717
20
-292.34
0
VERTEX
8
L0D0
10
-196.635
20
-295.717
0
VERTEX
8
L0D0
10
-197.476
20
-299.114
0
VERTEX
8
L0D0
10
-198.238
20
-302.53
0
VERTEX
8
L0D0
10
-198.92
20
-305.962
0
VERTEX
8
L0D0
10
-199.524
20
-309.409
0
VERTEX
8
L0D0
10
-200.047
20
-312.869
0
VERTEX
8
L0D0
10
-200.491
20
-316.341
0
VERTEX
8
L0D0
10
-200.854
20
-319.821
0
VERTEX
8
L0D0
10
-201.136
20
-323.309
0
VERTEX
8
L0D0
10
-201.338
20
-326.803
0
VERTEX
8
L0D0
10
-201.46
20
-330.301
0
VERTEX
8
L0D0
10
-201.5
20
-333.8
0
VERTEX
8
L0D0
10
-201.5
20
-1882.884
0
VERTEX
8
L0D0
10
-201.54
20
-1886.337
0
VERTEX
8
L0D0
10
-201.661
20
-1889.789
0
VERTEX
8
L0D0
10
-201.861
20
-1893.237
0
VERTEX
8
L0D0
10
-202.142
20
-1896.68
0
VERTEX
8
L0D0
10
-202.503
20
-1900.115
0
VERTEX
8
L0D0
10
-202.944
20
-1903.541
0
VERTEX
8
L0D0
10
-203.464
20
-1906.956
0
VERTEX
8
L0D0
10
-204.064
20
-1910.357
0
VERTEX
8
L0D0
10
-204.742
20
-1913.744
0
VERTEX
8
L0D0
10
-205.499
20
-1917.114
0
VERTEX
8
L0D0
10
-206.334
20
-1920.465
0
VERTEX
8
L0D0
10
-207.247
20
-1923.797
0
VERTEX
8
L0D0
10
-208.237
20
-1927.106
0
VERTEX
8
L0D0
10
-209.304
20
-1930.391
0
VERTEX
8
L0D0
10
-210.447
20
-1933.65
0
VERTEX
8
L0D0
10
-211.666
20
-1936.882
0
VERTEX
8
L0D0
10
-212.959
20
-1940.085
0
VERTEX
8
L0D0
10
-214.326
20
-1943.257
0
VERTEX
8
L0D0
10
-215.767
20
-1946.396
0
VERTEX
8
L0D0
10
-217.281
20
-1949.501
0
VERTEX
8
L0D0
10
-218.866
20
-1952.57
0
VERTEX
8
L0D0
10
-220.522
20
-1955.601
0
VERTEX
8
L0D0
10
-222.249
20
-1958.592
0
VERTEX
8
L0D0
10
-224.044
20
-1961.543
0
VERTEX
8
L0D0
10
-225.907
20
-1964.451
0
VERTEX
8
L0D0
10
-227.838
20
-1967.315
0
VERTEX
8
L0D0
10
-229.835
20
-1970.134
0
VERTEX
8
L0D0
10
-231.897
20
-1972.905
0
VERTEX
8
L0D0
10
-234.022
20
-1975.627
0
VERTEX
8
L0D0
10
-236.211
20
-1978.3
0
VERTEX
8
L0D0
10
-238.461
20
-1980.92
0
VERTEX
8
L0D0
10
-240.771
20
-1983.488
0
VERTEX
8
L0D0
10
-243.14
20
-1986.001
0
VERTEX
8
L0D0
10
-245.567
20
-1988.459
0
VERTEX
8
L0D0
10
-248.051
20
-1990.859
0
VERTEX
8
L0D0
10
-250.59
20
-1993.201
0
VERTEX
8
L0D0
10
-253.183
20
-1995.483
0
VERTEX
8
L0D0
10
-255.828
20
-1997.704
0
VERTEX
8
L0D0
10
-258.524
20
-1999.864
0
VERTEX
8
L0D0
10
-261.269
20
-2001.959
0
VERTEX
8
L0D0
10
-264.063
20
-2003.991
0
VERTEX
8
L0D0
10
-266.902
20
-2005.957
0
VERTEX
8
L0D0
10
-269.787
20
-2007.856
0
VERTEX
8
L0D0
10
-272.716
20
-2009.688
0
VERTEX
8
L0D0
10
-275.686
20
-2011.451
0
VERTEX
8
L0D0
10
-278.696
20
-2013.145
0
VERTEX
8
L0D0
10
-281.745
20
-2014.768
0
VERTEX
8
L0D0
10
-284.831
20
-2016.32
0
VERTEX
8
L0D0
10
-287.952
20
-2017.799
0
VERTEX
8
L0D0
10
-291.107
20
-2019.206
0
VERTEX
8
L0D0
10
-294.293
20
-2020.539
0
VERTEX
8
L0D0
10
-297.51
20
-2021.797
0
VERTEX
8
L0D0
10
-300.755
20
-2022.98
0
VERTEX
8
L0D0
10
-304.026
20
-2024.088
0
VERTEX
8
L0D0
10
-307.323
20
-2025.119
0
VERTEX
8
L0D0
10
-310.643
20
-2026.073
0
VERTEX
8
L0D0
10
-313.983
20
-2026.95
0
VERTEX
8
L0D0
10
-413.983
20
-2051.95
0
VERTEX
8
L0D0
10
-417.347
20
-2052.749
0
VERTEX
8
L0D0
10
-420.728
20
-2053.47
0
VERTEX
8
L0D0
10
-424.124
20
-2054.112
0
VERTEX
8
L0D0
10
-427.535
20
-2054.674
0
VERTEX
8
L0D0
10
-430.958
20
-2055.158
0
VERTEX
8
L0D0
10
-434.391
20
-2055.561
0
VERTEX
8
L0D0
10
-437.833
20
-2055.884
0
VERTEX
8
L0D0
10
-441.281
20
-2056.127
0
VERTEX
8
L0D0
10
-444.734
20
-2056.29
0
VERTEX
8
L0D0
10
-448.19
20
-2056.373
0
VERTEX
8
L0D0
10
-451.647
20
-2056.374
0
VERTEX
8
L0D0
10
-455.103
20
-2056.296
0
VERTEX
8
L0D0
10
-458.556
20
-2056.137
0
VERTEX
8
L0D0
10
-462.005
20
-2055.897
0
VERTEX
8
L0D0
10
-465.447
20
-2055.578
0
VERTEX
8
L0D0
10
-468.881
20
-2055.178
0
VERTEX
8
L0D0
10
-472.304
20
-2054.699
0
VERTEX
8
L0D0
10
-475.716
20
-2054.14
0
VERTEX
8
L0D0
10
-479.113
20
-2053.502
0
VERTEX
8
L0D0
10
-482.495
20
-2052.785
0
VERTEX
8
L0D0
10
-485.859
20
-2051.989
0
VERTEX
8
L0D0
10
-489.203
20
-2051.115
0
VERTEX
8
L0D0
10
-492.527
20
-2050.164
0
VERTEX
8
L0D0
10
-495.827
20
-2049.136
0
VERTEX
8
L0D0
10
-499.103
20
-2048.031
0
VERTEX
8
L0D0
10
-502.352
20
-2046.85
0
VERTEX
8
L0D0
10
-505.572
20
-2045.593
0
VERTEX
8
L0D0
10
-508.763
20
-2044.262
0
VERTEX
8
L0D0
10
-511.921
20
-2042.858
0
VERTEX
8
L0D0
10
-515.046
20
-2041.38
0
VERTEX
8
L0D0
10
-518.136
20
-2039.83
0
VERTEX
8
L0D0
10
-521.189
20
-2038.208
0
VERTEX
8
L0D0
10
-524.203
20
-2036.515
0
VERTEX
8
L0D0
10
-527.177
20
-2034.753
0
VERTEX
8
L0D0
10
-530.109
20
-2032.922
0
VERTEX
8
L0D0
10
-532.998
20
-2031.024
0
VERTEX
8
L0D0
10
-535.842
20
-2029.059
0
VERTEX
8
L0D0
10
-538.639
20
-2027.028
0
VERTEX
8
L0D0
10
-541.389
20
-2024.932
0
VERTEX
8
L0D0
10
-544.088
20
-2022.773
0
VERTEX
8
L0D0
10
-546.737
20
-2020.552
0
VERTEX
8
L0D0
10
-549.334
20
-2018.27
0
VERTEX
8
L0D0
10
-551.876
20
-2015.927
0
VERTEX
8
L0D0
10
-554.364
20
-2013.527
0
VERTEX
8
L0D0
10
-556.794
20
-2011.069
0
VERTEX
8
L0D0
10
-559.167
20
-2008.555
0
VERTEX
8
L0D0
10
-561.481
20
-2005.987
0
VERTEX
8
L0D0
10
-563.734
20
-2003.365
0
VERTEX
8
L0D0
10
-565.926
20
-2000.692
0
VERTEX
8
L0D0
10
-568.055
20
-1997.968
0
VERTEX
8
L0D0
10
-570.12
20
-1995.196
0
VERTEX
8
L0D0
10
-572.12
20
-1992.376
0
VERTEX
8
L0D0
10
-574.053
20
-1989.511
0
VERTEX
8
L0D0
10
-575.92
20
-1986.601
0
VERTEX
8
L0D0
10
-577.718
20
-1983.649
0
VERTEX
8
L0D0
10
-579.447
20
-1980.655
0
VERTEX
8
L0D0
10
-581.106
20
-1977.622
0
VERTEX
8
L0D0
10
-582.694
20
-1974.552
0
VERTEX
8
L0D0
10
-584.21
20
-1971.445
0
VERTEX
8
L0D0
10
-585.653
20
-1968.304
0
VERTEX
8
L0D0
10
-587.022
20
-1965.13
0
VERTEX
8
L0D0
10
-588.318
20
-1961.925
0
VERTEX
8
L0D0
10
-589.538
20
-1958.691
0
VERTEX
8
L0D0
10
-590.683
20
-1955.429
0
VERTEX
8
L0D0
10
-591.752
20
-1952.141
0
VERTEX
8
L0D0
10
-592.743
20
-1948.83
0
VERTEX
8
L0D0
10
-593.658
20
-1945.496
0
VERTEX
8
L0D0
10
-594.494
20
-1942.142
0
VERTEX
8
L0D0
10
-595.253
20
-1938.769
0
VERTEX
8
L0D0
10
-595.932
20
-1935.38
0
VERTEX
8
L0D0
10
-596.533
20
-1931.975
0
VERTEX
8
L0D0
10
-597.054
20
-1928.558
0
VERTEX
8
L0D0
10
-597.495
20
-1925.129
0
VERTEX
8
L0D0
10
-597.857
20
-1921.691
0
VERTEX
8
L0D0
10
-598.138
20
-1918.246
0
VERTEX
8
L0D0
10
-598.339
20
-1914.795
0
VERTEX
8
L0D0
10
-598.46
20
-1911.34
0
VERTEX
8
L0D0
10
-598.5
20
-1907.884
0
VERTEX
8
L0D0
10
-598.5
20
-850
0
VERTEX
8
L0D0
10
-598.54
20
-846.501
0
VERTEX
8
L0D0
10
-598.662
20
-843.003
0
VERTEX
8
L0D0
10
-598.864
20
-839.509
0
VERTEX
8
L0D0
10
-599.146
20
-836.021
0
VERTEX
8
L0D0
10
-599.509
20
-832.541
0
VERTEX
8
L0D0
10
-599.953
20
-829.069
0
VERTEX
8
L0D0
10
-600.476
20
-825.609
0
VERTEX
8
L0D0
10
-601.08
20
-822.162
0
VERTEX
8
L0D0
10
-601.762
20
-818.73
0
VERTEX
8
L0D0
10
-602.524
20
-815.314
0
VERTEX
8
L0D0
10
-603.365
20
-811.917
0
VERTEX
8
L0D0
10
-604.283
20
-808.54
0
VERTEX
8
L0D0
10
-605.28
20
-805.185
0
VERTEX
8
L0D0
10
-606.354
20
-801.855
0
VERTEX
8
L0D0
10
-607.504
20
-798.55
0
VERTEX
8
L0D0
10
-608.73
20
-795.272
0
VERTEX
8
L0D0
10
-610.032
20
-792.023
0
VERTEX
8
L0D0
10
-611.409
20
-788.806
0
VERTEX
8
L0D0
10
-612.859
20
-785.621
0
VERTEX
8
L0D0
10
-614.383
20
-782.471
0
VERTEX
8
L0D0
10
-615.979
20
-779.356
0
VERTEX
8
L0D0
10
-617.646
20
-776.279
0
VERTEX
8
L0D0
10
-619.384
20
-773.242
0
VERTEX
8
L0D0
10
-621.192
20
-770.246
0
VERTEX
8
L0D0
10
-623.069
20
-767.292
0
VERTEX
8
L0D0
10
-625.013
20
-764.382
0
VERTEX
8
L0D0
10
-627.024
20
-761.518
0
VERTEX
8
L0D0
10
-629.1
20
-758.701
0
VERTEX
8
L0D0
10
-631.241
20
-755.933
0
VERTEX
8
L0D0
10
-633.446
20
-753.215
0
VERTEX
8
L0D0
10
-635.713
20
-750.548
0
VERTEX
8
L0D0
10
-638.04
20
-747.935
0
VERTEX
8
L0D0
10
-640.428
20
-745.376
0
VERTEX
8
L0D0
10
-642.873
20
-742.873
0
VERTEX
8
L0D0
10
-645.376
20
-740.428
0
VERTEX
8
L0D0
10
-647.935
20
-738.04
0
VERTEX
8
L0D0
10
-650.548
20
-735.713
0
VERTEX
8
L0D0
10
-653.215
20
-733.446
0
VERTEX
8
L0D0
10
-655.933
20
-731.241
0
VERTEX
8
L0D0
10
-658.701
20
-729.1
0
VERTEX
8
L0D0
10
-661.518
20
-727.024
0
VERTEX
8
L0D0
10
-664.382
20
-725.013
0
VERTEX
8
L0D0
10
-667.292
20
-723.069
0
VERTEX
8
L0D0
10
-670.246
20
-721.192
0
VERTEX
8
L0D0
10
-673.242
20
-719.384
0
VERTEX
8
L0D0
10
-676.279
20
-717.646
0
VERTEX
8
L0D0
10
-679.356
20
-715.979
0
VERTEX
8
L0D0
10
-682.471
20
-714.383
0
VERTEX
8
L0D0
10
-685.621
20
-712.859
0
VERTEX
8
L0D0
10
-688.806
20
-711.409
0
VERTEX
8
L0D0
10
-692.023
20
-710.032
0
VERTEX
8
L0D0
10
-695.272
20
-708.73
0
VERTEX
8
L0D0
10
-698.55
20
-707.504
0
VERTEX
8
L0D0
10
-701.855
20
-706.354
0
VERTEX
8
L0D0
10
-705.185
20
-705.28
0
VERTEX
8
L0D0
10
-708.54
20
-704.283
0
VERTEX
8
L0D0
10
-711.917
20
-703.365
0
VERTEX
8
L0D0
10
-715.314
20
-702.524
0
VERTEX
8
L0D0
10
-718.73
20
-701.762
0
VERTEX
8
L0D0
10
-722.162
20
-701.08
0
VERTEX
8
L0D0
10
-725.609
20
-700.476
0
VERTEX
8
L0D0
10
-729.069
20
-699.953
0
VERTEX
8
L0D0
10
-732.541
20
-699.509
0
VERTEX
8
L0D0
10
-736.021
20
-699.146
0
VERTEX
8
L0D0
10
-739.509
20
-698.864
0
VERTEX
8
L0D0
10
-743.003
20
-698.662
0
VERTEX
8
L0D0
10
-746.501
20
-698.54
0
VERTEX
8
L0D0
10
-750
20
-698.5
0
VERTEX
8
L0D0
10
-850
20
-698.5
0
VERTEX
8
L0D0
10
-853.499
20
-698.54
0
VERTEX
8
L0D0
10
-856.997
20
-698.662
0
VERTEX
8
L0D0
10
-860.491
20
-698.864
0
VERTEX
8
L0D0
10
-863.979
20
-699.146
0
VERTEX
8
L0D0
10
-867.459
20
-699.509
0
VERTEX
8
L0D0
10
-870.931
20
-699.953
0
VERTEX
8
L0D0
10
-874.391
20
-700.476
0
VERTEX
8
L0D0
10
-877.838
20
-701.08
0
VERTEX
8
L0D0
10
-881.27
20
-701.762
0
VERTEX
8
L0D0
10
-884.686
20
-702.524
0
VERTEX
8
L0D0
10
-888.083
20
-703.365
0
VERTEX
8
L0D0
10
-891.46
20
-704.283
0
VERTEX
8
L0D0
10
-894.815
20
-705.28
0
VERTEX
8
L0D0
10
-898.145
20
-706.354
0
VERTEX
8
L0D0
10
-901.45
20
-707.504
0
VERTEX
8
L0D0
10
-904.728
20
-708.73
0
VERTEX
8
L0D0
10
-907.977
20
-710.032
0
VERTEX
8
L0D0
10
-911.194
20
-711.409
0
VERTEX
8
L0D0
10
-914.379
20
-712.859
0
VERTEX
8
L0D0
10
-917.529
20
-714.383
0
VERTEX
8
L0D0
10
-920.644
20
-715.979
0
VERTEX
8
L0D0
10
-923.721
20
-717.646
0
VERTEX
8
L0D0
10
-926.758
20
-719.384
0
VERTEX
8
L0D0
10
-929.754
20
-721.192
0
VERTEX
8
L0D0
10
-932.708
20
-723.069
0
VERTEX
8
L0D0
10
-935.618
20
-725.013
0
VERTEX
8
L0D0
10
-938.482
20
-727.024
0
VERTEX
8
L0D0
10
-941.299
20
-729.1
0
VERTEX
8
L0D0
10
-944.067
20
-731.241
0
VERTEX
8
L0D0
10
-946.785
20
-733.446
0
VERTEX
8
L0D0
10
-949.452
20
-735.713
0
VERTEX
8
L0D0
10
-952.065
20
-738.04
0
VERTEX
8
L0D0
10
-954.624
20
-740.428
0
VERTEX
8
L0D0
10
-957.127
20
-742.873
0
VERTEX
8
L0D0
10
-959.572
20
-745.376
0
VERTEX
8
L0D0
10
-961.96
20
-747.935
0
VERTEX
8
L0D0
10
-964.287
20
-750.548
0
VERTEX
8
L0D0
10
-966.554
20
-753.215
0
VERTEX
8
L0D0
10
-968.759
20
-755.933
0
VERTEX
8
L0D0
10
-970.9
20
-758.701
0
VERTEX
8
L0D0
10
-972.976
20
-761.518
0
VERTEX
8
L0D0
10
-974.987
20
-764.382
0
VERTEX
8
L0D0
10
-976.931
20
-767.292
0
VERTEX
8
L0D0
10
-978.808
20
-770.246
0
VERTEX
8
L0D0
10
-980.616
20
-773.242
0
VERTEX
8
L0D0
10
-982.354
20
-776.279
0
VERTEX
8
L0D0
10
-984.021
20
-779.356
0
VERTEX
8
L0D0
10
-985.617
20
-782.471
0
VERTEX
8
L0D0
10
-987.141
20
-785.621
0
VERTEX
8
L0D0
10
-988.591
20
-788.806
0
VERTEX
8
L0D0
10
-989.968
20
-792.023
0
VERTEX
8
L0D0
10
-991.27
20
-795.272
0
VERTEX
8
L0D0
10
-992.496
20
-798.55
0
VERTEX
8
L0D0
10
-993.646
20
-801.855
0
VERTEX
8
L0D0
10
-994.72
20
-805.185
0
VERTEX
8
L0D0
10
-995.717
20
-808.54
0
VERTEX
8
L0D0
10
-996.635
20
-811.917
0
VERTEX
8
L0D0
10
-997.476
20
-815.314
0
VERTEX
8
L0D0
10
-998.238
20
-818.73
0
VERTEX
8
L0D0
10
-998.92
20
-822.162
0
VERTEX
8
L0D0
10
-999.524
20
-825.609
0
VERTEX
8
L0D0
10
-1000.047
20
-829.069
0
VERTEX
8
L0D0
10
-1000.491
20
-832.541
0
VERTEX
8
L0D0
10
-1000.854
20
-836.021
0
VERTEX
8
L0D0
10
-1001.136
20
-839.509
0
VERTEX
8
L0D0
10
-1001.338
20
-843.003
0
VERTEX
8
L0D0
10
-1001.46
20
-846.501
0
VERTEX
8
L0D0
10
-1001.5
20
-850
0
VERTEX
8
L0D0
10
-1001.5
20
-1870.018
0
VERTEX
8
L0D0
10
-1001.539
20
-1873.438
0
VERTEX
8
L0D0
10
-1001.658
20
-1876.856
0
VERTEX
8
L0D0
10
-1001.854
20
-1880.271
0
VERTEX
8
L0D0
10
-1002.13
20
-1883.68
0
VERTEX
8
L0D0
10
-1002.484
20
-1887.082
0
VERTEX
8
L0D0
10
-1002.916
20
-1890.475
0
VERTEX
8
L0D0
10
-1003.426
20
-1893.857
0
VERTEX
8
L0D0
10
-1004.014
20
-1897.227
0
VERTEX
8
L0D0
10
-1004.679
20
-1900.582
0
VERTEX
8
L0D0
10
-1005.422
20
-1903.92
0
VERTEX
8
L0D0
10
-1006.241
20
-1907.241
0
VERTEX
8
L0D0
10
-1007.136
20
-1910.542
0
VERTEX
8
L0D0
10
-1008.107
20
-1913.822
0
VERTEX
8
L0D0
10
-1009.154
20
-1917.078
0
VERTEX
8
L0D0
10
-1010.275
20
-1920.309
0
VERTEX
8
L0D0
10
-1011.47
20
-1923.514
0
VERTEX
8
L0D0
10
-1012.739
20
-1926.69
0
VERTEX
8
L0D0
10
-1014.081
20
-1929.836
0
VERTEX
8
L0D0
10
-1015.495
20
-1932.951
0
VERTEX
8
L0D0
10
-1016.98
20
-1936.032
0
VERTEX
8
L0D0
10
-1018.535
20
-1939.078
0
VERTEX
8
L0D0
10
-1020.161
20
-1942.088
0
VERTEX
8
L0D0
10
-1021.855
20
-1945.059
0
VERTEX
8
L0D0
10
-1023.617
20
-1947.99
0
VERTEX
8
L0D0
10
-1025.447
20
-1950.88
0
VERTEX
8
L0D0
10
-1027.342
20
-1953.727
0
VERTEX
8
L0D0
10
-1029.302
20
-1956.53
0
VERTEX
8
L0D0
10
-1031.327
20
-1959.287
0
VERTEX
8
L0D0
10
-1033.414
20
-1961.996
0
VERTEX
8
L0D0
10
-1035.564
20
-1964.657
0
VERTEX
8
L0D0
10
-1037.773
20
-1967.268
0
VERTEX
8
L0D0
10
-1040.043
20
-1969.826
0
VERTEX
8
L0D0
10
-1042.371
20
-1972.332
0
VERTEX
8
L0D0
10
-1044.756
20
-1974.784
0
VERTEX
8
L0D0
10
-1047.197
20
-1977.18
0
VERTEX
8
L0D0
10
-1049.692
20
-1979.519
0
VERTEX
8
L0D0
10
-1052.24
20
-1981.8
0
VERTEX
8
L0D0
10
-1054.841
20
-1984.022
0
VERTEX
8
L0D0
10
-1057.492
20
-1986.184
0
VERTEX
8
L0D0
10
-1060.192
20
-1988.283
0
VERTEX
8
L0D0
10
-1062.939
20
-1990.32
0
VERTEX
8
L0D0
10
-1065.733
20
-1992.294
0
VERTEX
8
L0D0
10
-1068.571
20
-1994.202
0
VERTEX
8
L0D0
10
-1071.453
20
-1996.044
0
VERTEX
8
L0D0
10
-1074.376
20
-1997.82
0
VERTEX
8
L0D0
10
-1077.34
20
-1999.528
0
VERTEX
8
L0D0
10
-1080.342
20
-2001.167
0
VERTEX
8
L0D0
10
-1083.381
20
-2002.736
0
VERTEX
8
L0D0
10
-1086.455
20
-2004.235
0
VERTEX
8
L0D0
10
-1089.563
20
-2005.663
0
VERTEX
8
L0D0
10
-1092.703
20
-2007.019
0
VERTEX
8
L0D0
10
-1095.874
20
-2008.302
0
VERTEX
8
L0D0
10
-1099.073
20
-2009.512
0
VERTEX
8
L0D0
10
-1102.299
20
-2010.648
0
VERTEX
8
L0D0
10
-1105.551
20
-2011.71
0
VERTEX
8
L0D0
10
-1108.826
20
-2012.696
0
VERTEX
8
L0D0
10
-1112.123
20
-2013.606
0
VERTEX
8
L0D0
10
-1115.44
20
-2014.44
0
VERTEX
8
L0D0
10
-1118.775
20
-2015.198
0
VERTEX
8
L0D0
10
-1122.127
20
-2015.879
0
VERTEX
8
L0D0
10
-1125.494
20
-2016.482
0
VERTEX
8
L0D0
10
-1128.873
20
-2017.008
0
VERTEX
8
L0D0
10
-1524.623
20
-2073.889
0
VERTEX
8
L0D0
10
-1528.032
20
-2074.338
0
VERTEX
8
L0D0
10
-1531.451
20
-2074.709
0
VERTEX
8
L0D0
10
-1534.877
20
-2075
0
VERTEX
8
L0D0
10
-1538.309
20
-2075.213
0
VERTEX
8
L0D0
10
-1541.745
20
-2075.345
0
VERTEX
8
L0D0
10
-1545.183
20
-2075.398
0
VERTEX
8
L0D0
10
-1548.622
20
-2075.371
0
VERTEX
8
L0D0
10
-1552.059
20
-2075.265
0
VERTEX
8
L0D0
10
-1555.492
20
-2075.079
0
VERTEX
8
L0D0
10
-1558.921
20
-2074.814
0
VERTEX
8
L0D0
10
-1562.342
20
-2074.469
0
VERTEX
8
L0D0
10
-1565.754
20
-2074.046
0
VERTEX
8
L0D0
10
-1569.156
20
-2073.543
0
VERTEX
8
L0D0
10
-1572.545
20
-2072.962
0
VERTEX
8
L0D0
10
-1575.92
20
-2072.302
0
VERTEX
8
L0D0
10
-1579.279
20
-2071.565
0
VERTEX
8
L0D0
10
-1582.619
20
-2070.749
0
VERTEX
8
L0D0
10
-1585.94
20
-2069.857
0
VERTEX
8
L0D0
10
-1589.239
20
-2068.888
0
VERTEX
8
L0D0
10
-1592.515
20
-2067.843
0
VERTEX
8
L0D0
10
-1595.766
20
-2066.723
0
VERTEX
8
L0D0
10
-1598.99
20
-2065.527
0
VERTEX
8
L0D0
10
-1602.186
20
-2064.257
0
VERTEX
8
L0D0
10
-1605.351
20
-2062.914
0
VERTEX
8
L0D0
10
-1608.484
20
-2061.497
0
VERTEX
8
L0D0
10
-1611.584
20
-2060.009
0
VERTEX
8
L0D0
10
-1614.648
20
-2058.449
0
VERTEX
8
L0D0
10
-1617.676
20
-2056.818
0
VERTEX
8
L0D0
10
-1620.665
20
-2055.118
0
VERTEX
8
L0D0
10
-1623.613
20
-2053.349
0
VERTEX
8
L0D0
10
-1626.52
20
-2051.512
0
VERTEX
8
L0D0
10
-1629.384
20
-2049.609
0
VERTEX
8
L0D0
10
-1632.203
20
-2047.639
0
VERTEX
8
L0D0
10
-1634.975
20
-2045.605
0
VERTEX
8
L0D0
10
-1637.7
20
-2043.507
0
VERTEX
8
L0D0
10
-1640.375
20
-2041.347
0
VERTEX
8
L0D0
10
-1642.999
20
-2039.126
0
VERTEX
8
L0D0
10
-1645.572
20
-2036.844
0
VERTEX
8
L0D0
10
-1648.091
20
-2034.503
0
VERTEX
8
L0D0
10
-1650.555
20
-2032.105
0
VERTEX
8
L0D0
10
-1652.963
20
-2029.65
0
VERTEX
8
L0D0
10
-1655.313
20
-2027.14
0
VERTEX
8
L0D0
10
-1657.605
20
-2024.576
0
VERTEX
8
L0D0
10
-1659.836
20
-2021.96
0
VERTEX
8
L0D0
10
-1662.007
20
-2019.293
0
VERTEX
8
L0D0
10
-1664.115
20
-2016.576
0
VERTEX
8
L0D0
10
-1666.159
20
-2013.812
0
VERTEX
8
L0D0
10
-1668.14
20
-2011
0
VERTEX
8
L0D0
10
-1670.054
20
-2008.144
0
VERTEX
8
L0D0
10
-1671.902
20
-2005.244
0
VERTEX
8
L0D0
10
-1673.682
20
-2002.302
0
VERTEX
8
L0D0
10
-1675.394
20
-1999.32
0
VERTEX
8
L0D0
10
-1677.036
20
-1996.299
0
VERTEX
8
L0D0
10
-1678.607
20
-1993.24
0
VERTEX
8
L0D0
10
-1680.108
20
-1990.146
0
VERTEX
8
L0D0
10
-1681.536
20
-1987.019
0
VERTEX
8
L0D0
10
-1682.892
20
-1983.858
0
VERTEX
8
L0D0
10
-1684.174
20
-1980.668
0
VERTEX
8
L0D0
10
-1685.382
20
-1977.448
0
VERTEX
8
L0D0
10
-1686.515
20
-1974.202
0
VERTEX
8
L0D0
10
-1687.572
20
-1970.93
0
VERTEX
8
L0D0
10
-1688.554
20
-1967.634
0
VERTEX
8
L0D0
10
-1689.459
20
-1964.317
0
VERTEX
8
L0D0
10
-1690.286
20
-1960.979
0
VERTEX
8
L0D0
10
-1691.037
20
-1957.624
0
VERTEX
8
L0D0
10
-1691.709
20
-1954.251
0
VERTEX
8
L0D0
10
-1692.303
20
-1950.865
0
VERTEX
8
L0D0
10
-1692.819
20
-1947.465
0
VERTEX
8
L0D0
10
-1693.256
20
-1944.054
0
VERTEX
8
L0D0
10
-1693.613
20
-1940.634
0
VERTEX
8
L0D0
10
-1693.892
20
-1937.207
0
VERTEX
8
L0D0
10
-1694.091
20
-1933.774
0
VERTEX
8
L0D0
10
-1694.21
20
-1930.337
0
VERTEX
8
L0D0
10
-1694.25
20
-1926.899
0
VERTEX
8
L0D0
10
-1694.25
20
-200
0
VERTEX
8
L0D0
10
-1694.21
20
-196.57
0
VERTEX
8
L0D0
10
-1694.092
20
-193.142
0
VERTEX
8
L0D0
10
-1693.894
20
-189.717
0
VERTEX
8
L0D0
10
-1693.617
20
-186.298
0
VERTEX
8
L0D0
10
-1693.261
20
-182.886
0
VERTEX
8
L0D0
10
-1692.826
20
-179.484
0
VERTEX
8
L0D0
10
-1692.313
20
-176.092
0
VERTEX
8
L0D0
10
-1691.722
20
-172.713
0
VERTEX
8
L0D0
10
-1691.052
20
-169.349
0
VERTEX
8
L0D0
10
-1690.306
20
-166.001
0
VERTEX
8
L0D0
10
-1689.482
20
-162.671
0
VERTEX
8
L0D0
10
-1688.581
20
-159.361
0
VERTEX
8
L0D0
10
-1687.604
20
-156.073
0
VERTEX
8
L0D0
10
-1686.552
20
-152.808
0
VERTEX
8
L0D0
10
-1685.424
20
-149.568
0
VERTEX
8
L0D0
10
-1684.222
20
-146.356
0
VERTEX
8
L0D0
10
-1682.946
20
-143.172
0
VERTEX
8
L0D0
10
-1681.597
20
-140.018
0
VERTEX
8
L0D0
10
-1680.175
20
-136.896
0
VERTEX
8
L0D0
10
-1678.682
20
-133.808
0
VERTEX
8
L0D0
10
-1677.117
20
-130.755
0
VERTEX
8
L0D0
10
-1675.483
20
-127.739
0
VERTEX
8
L0D0
10
-1673.779
20
-124.762
0
VERTEX
8
L0D0
10
-1672.007
20
-121.825
0
VERTEX
8
L0D0
10
-1670.168
20
-118.929
0
VERTEX
8
L0D0
10
-1668.262
20
-116.077
0
VERTEX
8
L0D0
10
-1666.291
20
-113.27
0
VERTEX
8
L0D0
10
-1664.256
20
-110.509
0
VERTEX
8
L0D0
10
-1662.157
20
-107.795
0
VERTEX
8
L0D0
10
-1659.996
20
-105.131
0
VERTEX
8
L0D0
10
-1657.774
20
-102.518
0
VERTEX
8
L0D0
10
-1655.493
20
-99.956
0
VERTEX
8
L0D0
10
-1653.153
20
-97.448
0
VERTEX
8
L0D0
10
-1650.755
20
-94.995
0
VERTEX
8
L0D0
10
-1648.302
20
-92.597
0
VERTEX
8
L0D0
10
-1645.794
20
-90.257
0
VERTEX
8
L0D0
10
-1643.232
20
-87.976
0
VERTEX
8
L0D0
10
-1640.619
20
-85.754
0
VERTEX
8
L0D0
10
-1637.955
20
-83.593
0
VERTEX
8
L0D0
10
-1635.241
20
-81.494
0
VERTEX
8
L0D0
10
-1632.48
20
-79.459
0
VERTEX
8
L0D0
10
-1629.673
20
-77.488
0
VERTEX
8
L0D0
10
-1626.821
20
-75.582
0
VERTEX
8
L0D0
10
-1623.925
20
-73.743
0
VERTEX
8
L0D0
10
-1620.988
20
-71.971
0
VERTEX
8
L0D0
10
-1618.011
20
-70.267
0
VERTEX
8
L0D0
10
-1614.995
20
-68.633
0
VERTEX
8
L0D0
10
-1611.942
20
-67.068
0
VERTEX
8
L0D0
10
-1608.854
20
-65.575
0
VERTEX
8
L0D0
10
-1605.732
20
-64.153
0
VERTEX
8
L0D0
10
-1602.578
20
-62.804
0
VERTEX
8
L0D0
10
-1599.394
20
-61.528
0
VERTEX
8
L0D0
10
-1596.182
20
-60.326
0
VERTEX
8
L0D0
10
-1592.942
20
-59.198
0
VERTEX
8
L0D0
10
-1589.677
20
-58.146
0
VERTEX
8
L0D0
10
-1586.389
20
-57.169
0
VERTEX
8
L0D0
10
-1583.079
20
-56.268
0
VERTEX
8
L0D0
10
-1579.749
20
-55.444
0
VERTEX
8
L0D0
10
-1576.401
20
-54.698
0
VERTEX
8
L0D0
10
-1573.037
20
-54.028
0
VERTEX
8
L0D0
10
-1569.658
20
-53.437
0
VERTEX
8
L0D0
10
-1566.266
20
-52.924
0
VERTEX
8
L0D0
10
-1562.864
20
-52.489
0
VERTEX
8
L0D0
10
-1559.452
20
-52.133
0
VERTEX
8
L0D0
10
-1556.033
20
-51.856
0
VERTEX
8
L0D0
10
-1552.608
20
-51.658
0
VERTEX
8
L0D0
10
-1549.18
20
-51.54
0
VERTEX
8
L0D0
10
-1545.75
20
-51.5
0
VERTEX
8
L0D0
10
-1087.4
20
-51.5
0
VERTEX
8
L0D0
10
-1083.901
20
-51.46
0
VERTEX
8
L0D0
10
-1080.403
20
-51.338
0
VERTEX
8
L0D0
10
-1076.909
20
-51.136
0
VERTEX
8
L0D0
10
-1073.421
20
-50.854
0
VERTEX
8
L0D0
10
-1069.941
20
-50.491
0
VERTEX
8
L0D0
10
-1066.469
20
-50.047
0
VERTEX
8
L0D0
10
-1063.009
20
-49.524
0
VERTEX
8
L0D0
10
-1059.562
20
-48.92
0
VERTEX
8
L0D0
10
-1056.13
20
-48.238
0
VERTEX
8
L0D0
10
-1052.714
20
-47.476
0
VERTEX
8
L0D0
10
-1049.317
20
-46.635
0
VERTEX
8
L0D0
10
-1045.94
20
-45.717
0
VERTEX
8
L0D0
10
-1042.585
20
-44.72
0
VERTEX
8
L0D0
10
-1039.255
20
-43.646
0
VERTEX
8
L0D0
10
-1035.95
20
-42.496
0
VERTEX
8
L0D0
10
-1032.672
20
-41.27
0
VERTEX
8
L0D0
10
-1029.423
20
-39.968
0
VERTEX
8
L0D0
10
-1026.206
20
-38.591
0
VERTEX
8
L0D0
10
-1023.021
20
-37.141
0
VERTEX
8
L0D0
10
-1019.871
20
-35.617
0
VERTEX
8
L0D0
10
-1016.756
20
-34.021
0
VERTEX
8
L0D0
10
-1013.679
20
-32.354
0
VERTEX
8
L0D0
10
-1010.642
20
-30.616
0
VERTEX
8
L0D0
10
-1007.646
20
-28.808
0
VERTEX
8
L0D0
10
-1004.692
20
-26.931
0
VERTEX
8
L0D0
10
-1001.782
20
-24.987
0
VERTEX
8
L0D0
10
-998.918
20
-22.976
0
VERTEX
8
L0D0
10
-996.101
20
-20.9
0
VERTEX
8
L0D0
10
-993.333
20
-18.759
0
VERTEX
8
L0D0
10
-990.615
20
-16.554
0
VERTEX
8
L0D0
10
-987.948
20
-14.287
0
VERTEX
8
L0D0
10
-985.335
20
-11.96
0
VERTEX
8
L0D0
10
-982.776
20
-9.572
0
VERTEX
8
L0D0
10
-980.273
20
-7.127
0
VERTEX
8
L0D0
10
-977.828
20
-4.624
0
VERTEX
8
L0D0
10
-975.44
20
-2.065
0
VERTEX
8
L0D0
10
-973.113
20
0.548
0
VERTEX
8
L0D0
10
-970.846
20
3.215
0
VERTEX
8
L0D0
10
-968.641
20
5.933
0
VERTEX
8
L0D0
10
-966.5
20
8.701
0
VERTEX
8
L0D0
10
-964.424
20
11.518
0
VERTEX
8
L0D0
10
-962.413
20
14.382
0
VERTEX
8
L0D0
10
-960.469
20
17.292
0
VERTEX
8
L0D0
10
-958.592
20
20.246
0
VERTEX
8
L0D0
10
-956.784
20
23.242
0
VERTEX
8
L0D0
10
-955.046
20
26.279
0
VERTEX
8
L0D0
10
-953.379
20
29.356
0
VERTEX
8
L0D0
10
-951.783
20
32.471
0
VERTEX
8
L0D0
10
-950.259
20
35.621
0
VERTEX
8
L0D0
10
-948.809
20
38.806
0
VERTEX
8
L0D0
10
-947.432
20
42.023
0
VERTEX
8
L0D0
10
-946.13
20
45.272
0
VERTEX
8
L0D0
10
-944.904
20
48.55
0
VERTEX
8
L0D0
10
-943.754
20
51.855
0
VERTEX
8
L0D0
10
-942.68
20
55.185
0
VERTEX
8
L0D0
10
-941.683
20
58.54
0
VERTEX
8
L0D0
10
-940.765
20
61.917
0
VERTEX
8
L0D0
10
-939.924
20
65.314
0
VERTEX
8
L0D0
10
-939.162
20
68.73
0
VERTEX
8
L0D0
10
-938.48
20
72.162
0
VERTEX
8
L0D0
10
-937.876
20
75.609
0
VERTEX
8
L0D0
10
-937.353
20
79.069
0
VERTEX
8
L0D0
10
-936.909
20
82.541
0
VERTEX
8
L0D0
10
-936.546
20
86.021
0
VERTEX
8
L0D0
10
-936.264
20
89.509
0
VERTEX
8
L0D0
10
-936.062
20
93.003
0
VERTEX
8
L0D0
10
-935.94
20
96.501
0
VERTEX
8
L0D0
10
-935.9
20
100
0
VERTEX
8
L0D0
10
-935.9
20
200
0
VERTEX
8
L0D0
10
-935.94
20
203.499
0
VERTEX
8
L0D0
10
-936.062
20
206.997
0
VERTEX
8
L0D0
10
-936.264
20
210.491
0
VERTEX
8
L0D0
10
-936.546
20
213.979
0
VERTEX
8
L0D0
10
-936.909
20
217.459
0
VERTEX
8
L0D0
10
-937.353
20
220.931
0
VERTEX
8
L0D0
10
-937.876
20
224.391
0
VERTEX
8
L0D0
10
-938.48
20
227.838
0
VERTEX
8
L0D0
10
-939.162
20
231.27
0
VERTEX
8
L0D0
10
-939.924
20
234.686
0
VERTEX
8
L0D0
10
-940.765
20
238.083
0
VERTEX
8
L0D0
10
-941.683
20
241.46
0
VERTEX
8
L0D0
10
-942.68
20
244.815
0
VERTEX
8
L0D0
10
-943.754
20
248.145
0
VERTEX
8
L0D0
10
-944.904
20
251.45
0
VERTEX
8
L0D0
10
-946.13
20
254.728
0
VERTEX
8
L0D0
10
-947.432
20
257.977
0
VERTEX
8
L0D0
10
-948.809
20
261.194
0
VERTEX
8
L0D0
10
-950.259
20
264.379
0
VERTEX
8
L0D0
10
-951.783
20
267.529
0
VERTEX
8
L0D0
10
-953.379
20
270.644
0
VERTEX
8
L0D0
10
-955.046
20
273.721
0
VERTEX
8
L0D0
10
-956.784
20
276.758
0
VERTEX
8
L0D0
10
-958.592
20
279.754
0
VERTEX
8
L0D0
10
-960.469
20
282.708
0
VERTEX
8
L0D0
10
-962.413
20
285.618
0
VERTEX
8
L0D0
10
-964.424
20
288.482
0
VERTEX
8
L0D0
10
-966.5
20
291.299
0
VERTEX
8
L0D0
10
-968.641
20
294.067
0
VERTEX
8
L0D0
10
-970.846
20
296.785
0
VERTEX
8
L0D0
10
-973.113
20
299.452
0
VERTEX
8
L0D0
10
-975.44
20
302.065
0
VERTEX
8
L0D0
10
-977.828
20
304.624
0
VERTEX
8
L0D0
10
-980.273
20
307.127
0
VERTEX
8
L0D0
10
-982.776
20
309.572
0
VERTEX
8
L0D0
10
-985.335
20
311.96
0
VERTEX
8
L0D0
10
-987.948
20
314.287
0
VERTEX
8
L0D0
10
-990.615
20
316.554
0
VERTEX
8
L0D0
10
-993.333
20
318.759
0
VERTEX
8
L0D0
10
-996.101
20
320.9
0
VERTEX
8
L0D0
10
-998.918
20
322.976
0
VERTEX
8
L0D0
10
-1001.782
20
324.987
0
VERTEX
8
L0D0
10
-1004.692
20
326.931
0
VERTEX
8
L0D0
10
-1007.646
20
328.808
0
VERTEX
8
L0D0
10
-1010.642
20
330.616
0
VERTEX
8
L0D0
10
-1013.679
20
332.354
0
VERTEX
8
L0D0
10
-1016.756
20
334.021
0
VERTEX
8
L0D0
10
-1019.871
20
335.617
0
VERTEX
8
L0D0
10
-1023.021
20
337.141
0
VERTEX
8
L0D0
10
-1026.206
20
338.591
0
VERTEX
8
L0D0
10
-1029.423
20
339.968
0
VERTEX
8
L0D0
10
-1032.672
20
341.27
0
VERTEX
8
L0D0
10
-1035.95
20
342.496
0
VERTEX
8
L0D0
10
-1039.255
20
343.646
0
VERTEX
8
L0D0
10
-1042.585
20
344.72
0
VERTEX
8
L0D0
10
-1045.94
20
345.717
0
VERTEX
8
L0D0
10
-1049.317
20
346.635
0
VERTEX
8
L0D0
10
-1052.714
20
347.476
0
VERTEX
8
L0D0
10
-1056.13
20
348.238
0
VERTEX
8
L0D0
10
-1059.562
20
348.92
0
VERTEX
8
L0D0
10
-1063.009
20
349.524
0
VERTEX
8
L0D0
10
-1066.469
20
350.047
0
VERTEX
8
L0D0
10
-1069.941
20
350.491
0
VERTEX
8
L0D0
10
-1073.421
20
350.854
0
VERTEX
8
L0D0
10
-1076.909
20
351.136
0
VERTEX
8
L0D0
10
-1080.403
20
351.338
0
VERTEX
8
L0D0
10
-1083.901
20
351.46
0
VERTEX
8
L0D0
10
-1087.4
20
351.5
0
VERTEX
8
L0D0
10
-2050
20
351.5
0
VERTEX
8
L0D0
10
-2053.43
20
351.54
0
VERTEX
8
L0D0
10
-2056.858
20
351.658
0
VERTEX
8
L0D0
10
-2060.283
20
351.856
0
VERTEX
8
L0D0
10
-2063.702
20
352.133
0
VERTEX
8
L0D0
10
-2067.114
20
352.489
0
VERTEX
8
L0D0
10
-2070.516
20
352.924
0
VERTEX
8
L0D0
10
-2073.908
20
353.437
0
VERTEX
8
L0D0
10
-2077.287
20
354.028
0
VERTEX
8
L0D0
10
-2080.651
20
354.698
0
VERTEX
8
L0D0
10
-2083.999
20
355.444
0
VERTEX
8
L0D0
10
-2087.329
20
356.268
0
VERTEX
8
L0D0
10
-2090.639
20
357.169
0
VERTEX
8
L0D0
10
-2093.927
20
358.146
0
VERTEX
8
L0D0
10
-2097.192
20
359.198
0
VERTEX
8
L0D0
10
-2100.432
20
360.326
0
VERTEX
8
L0D0
10
-2103.644
20
361.528
0
VERTEX
8
L0D0
10
-2106.828
20
362.804
0
VERTEX
8
L0D0
10
-2109.982
20
364.153
0
VERTEX
8
L0D0
10
-2113.104
20
365.575
0
VERTEX
8
L0D0
10
-2116.192
20
367.068
0
VERTEX
8
L0D0
10
-2119.245
20
368.633
0
VERTEX
8
L0D0
10
-2122.261
20
370.267
0
VERTEX
8
L0D0
10
-2125.238
20
371.971
0
VERTEX
8
L0D0
10
-2128.175
20
373.743
0
VERTEX
8
L0D0
10
-2131.071
20
375.582
0
VERTEX
8
L0D0
10
-2133.923
20
377.488
0
VERTEX
8
L0D0
10
-2136.73
20
379.459
0
VERTEX
8
L0D0
10
-2139.491
20
381.494
0
VERTEX
8
L0D0
10
-2142.205
20
383.593
0
VERTEX
8
L0D0
10
-2144.869
20
385.754
0
VERTEX
8
L0D0
10
-2147.482
20
387.976
0
VERTEX
8
L0D0
10
-2150.044
20
390.257
0
VERTEX
8
L0D0
10
-2152.552
20
392.597
0
VERTEX
8
L0D0
10
-2155.005
20
394.995
0
VERTEX
8
L0D0
10
-2157.403
20
397.448
0
VERTEX
8
L0D0
10
-2159.743
20
399.956
0
VERTEX
8
L0D0
10
-2162.024
20
402.518
0
VERTEX
8
L0D0
10
-2164.246
20
405.131
0
VERTEX
8
L0D0
10
-2166.407
20
407.795
0
VERTEX
8
L0D0
10
-2168.506
20
410.509
0
VERTEX
8
L0D0
10
-2170.541
20
413.27
0
VERTEX
8
L0D0
10
-2172.512
20
416.077
0
VERTEX
8
L0D0
10
-2174.418
20
418.929
0
VERTEX
8
L0D0
10
-2176.257
20
421.825
0
VERTEX
8
L0D0
10
-2178.029
20
424.762
0
VERTEX
8
L0D0
10
-2179.733
20
427.739
0
VERTEX
8
L0D0
10
-2181.367
20
430.755
0
VERTEX
8
L0D0
10
-2182.932
20
433.808
0
VERTEX
8
L0D0
10
-2184.425
20
436.896
0
VERTEX
8
L0D0
10
-2185.847
20
440.018
0
VERTEX
8
L0D0
10
-2187.196
20
443.172
0
VERTEX
8
L0D0
10
-2188.472
20
446.356
0
VERTEX
8
L0D0
10
-2189.674
20
449.568
0
VERTEX
8
L0D0
10
-2190.802
20
452.808
0
VERTEX
8
L0D0
10
-2191.854
20
456.073
0
VERTEX
8
L0D0
10
-2192.831
20
459.361
0
VERTEX
8
L0D0
10
-2193.732
20
462.671
0
VERTEX
8
L0D0
10
-2194.556
20
466.001
0
VERTEX
8
L0D0
10
-2195.302
20
469.349
0
VERTEX
8
L0D0
10
-2195.972
20
472.713
0
VERTEX
8
L0D0
10
-2196.563
20
476.092
0
VERTEX
8
L0D0
10
-2197.076
20
479.484
0
VERTEX
8
L0D0
10
-2197.511
20
482.886
0
VERTEX
8
L0D0
10
-2197.867
20
486.298
0
VERTEX
8
L0D0
10
-2198.144
20
489.717
0
VERTEX
8
L0D0
10
-2198.342
20
493.142
0
VERTEX
8
L0D0
10
-2198.46
20
496.57
0
VERTEX
8
L0D0
10
-2198.5
20
500
0
VERTEX
8
L0D0
10
-2193
20
500
0
VERTEX
8
L0D0
10
-2192.96
20
496.597
0
VERTEX
8
L0D0
10
-2192.838
20
493.196
0
VERTEX
8
L0D0
10
-2192.636
20
489.798
0
VERTEX
8
L0D0
10
-2192.352
20
486.407
0
VERTEX
8
L0D0
10
-2191.989
20
483.023
0
VERTEX
8
L0D0
10
-2191.544
20
479.649
0
VERTEX
8
L0D0
10
-2191.02
20
476.286
0
VERTEX
8
L0D0
10
-2190.416
20
472.937
0
VERTEX
8
L0D0
10
-2189.732
20
469.603
0
VERTEX
8
L0D0
10
-2188.969
20
466.286
0
VERTEX
8
L0D0
10
-2188.127
20
462.989
0
VERTEX
8
L0D0
10
-2187.207
20
459.712
0
VERTEX
8
L0D0
10
-2186.21
20
456.458
0
VERTEX
8
L0D0
10
-2185.135
20
453.229
0
VERTEX
8
L0D0
10
-2183.984
20
450.027
0
VERTEX
8
L0D0
10
-2182.757
20
446.852
0
VERTEX
8
L0D0
10
-2181.454
20
443.708
0
VERTEX
8
L0D0
10
-2180.077
20
440.596
0
VERTEX
8
L0D0
10
-2178.627
20
437.517
0
VERTEX
8
L0D0
10
-2177.103
20
434.474
0
VERTEX
8
L0D0
10
-2175.508
20
431.467
0
VERTEX
8
L0D0
10
-2173.842
20
428.5
0
VERTEX
8
L0D0
10
-2172.105
20
425.573
0
VERTEX
8
L0D0
10
-2170.299
20
422.688
0
VERTEX
8
L0D0
10
-2168.425
20
419.847
0
VERTEX
8
L0D0
10
-2166.484
20
417.052
0
VERTEX
8
L0D0
10
-2164.477
20
414.303
0
VERTEX
8
L0D0
10
-2162.406
20
411.603
0
VERTEX
8
L0D0
10
-2160.27
20
408.953
0
VERTEX
8
L0D0
10
-2158.072
20
406.355
0
VERTEX
8
L0D0
10
-2155.813
20
403.81
0
VERTEX
8
L0D0
10
-2153.494
20
401.319
0
VERTEX
8
L0D0
10
-2151.116
20
398.884
0
VERTEX
8
L0D0
10
-2148.681
20
396.506
0
VERTEX
8
L0D0
10
-2146.19
20
394.187
0
VERTEX
8
L0D0
10
-2143.645
20
391.928
0
VERTEX
8
L0D0
10
-2141.047
20
389.73
0
VERTEX
8
L0D0
10
-2138.397
20
387.594
0
VERTEX
8
L0D0
10
-2135.697
20
385.523
0
VERTEX
8
L0D0
10
-2132.948
20
383.516
0
VERTEX
8
L0D0
10
-2130.153
20
381.575
0
VERTEX
8
L0D0
10
-2127.312
20
379.701
0
VERTEX
8
L0D0
10
-2124.427
20
377.895
0
VERTEX
8
L0D0
10
-2121.5
20
376.158
0
VERTEX
8
L0D0
10
-2118.533
20
374.492
0
VERTEX
8
L0D0
10
-2115.526
20
372.897
0
VERTEX
8
L0D0
10
-2112.483
20
371.373
0
VERTEX
8
L0D0
10
-2109.404
20
369.923
0
VERTEX
8
L0D0
10
-2106.292
20
368.546
0
VERTEX
8
L0D0
10
-2103.148
20
367.243
0
VERTEX
8
L0D0
10
-2099.973
20
366.016
0
VERTEX
8
L0D0
10
-2096.771
20
364.865
0
VERTEX
8
L0D0
10
-2093.542
20
363.79
0
VERTEX
8
L0D0
10
-2090.288
20
362.793
0
VERTEX
8
L0D0
10
-2087.011
20
361.873
0
VERTEX
8
L0D0
10
-2083.714
20
361.031
0
VERTEX
8
L0D0
10
-2080.397
20
360.268
0
VERTEX
8
L0D0
10
-2077.063
20
359.584
0
VERTEX
8
L0D0
10
-2073.714
20
358.98
0
VERTEX
8
L0D0
10
-2070.351
20
358.456
0
VERTEX
8
L0D0
10
-2066.977
20
358.011
0
VERTEX
8
L0D0
10
-2063.593
20
357.648
0
VERTEX
8
L0D0
10
-2060.202
20
357.364
0
VERTEX
8
L0D0
10
-2056.804
20
357.162
0
VERTEX
8
L0D0
10
-2053.403
20
357.04
0
VERTEX
8
L0D0
10
-2050
20
357
0
VERTEX
8
L0D0
10
-1087.4
20
357
0
VERTEX
8
L0D0
10
-1083.877
20
356.96
0
VERTEX
8
L0D0
10
-1080.356
20
356.842
0
VERTEX
8
L0D0
10
-1076.839
20
356.644
0
VERTEX
8
L0D0
10
-1073.327
20
356.368
0
VERTEX
8
L0D0
10
-1069.822
20
356.013
0
VERTEX
8
L0D0
10
-1066.325
20
355.579
0
VERTEX
8
L0D0
10
-1062.84
20
355.067
0
VERTEX
8
L0D0
10
-1059.367
20
354.477
0
VERTEX
8
L0D0
10
-1055.907
20
353.809
0
VERTEX
8
L0D0
10
-1052.464
20
353.064
0
VERTEX
8
L0D0
10
-1049.039
20
352.241
0
VERTEX
8
L0D0
10
-1045.632
20
351.342
0
VERTEX
8
L0D0
10
-1042.247
20
350.367
0
VERTEX
8
L0D0
10
-1038.884
20
349.316
0
VERTEX
8
L0D0
10
-1035.546
20
348.19
0
VERTEX
8
L0D0
10
-1032.234
20
346.989
0
VERTEX
8
L0D0
10
-1028.95
20
345.714
0
VERTEX
8
L0D0
10
-1025.695
20
344.366
0
VERTEX
8
L0D0
10
-1022.471
20
342.945
0
VERTEX
8
L0D0
10
-1019.28
20
341.452
0
VERTEX
8
L0D0
10
-1016.123
20
339.888
0
VERTEX
8
L0D0
10
-1013.003
20
338.253
0
VERTEX
8
L0D0
10
-1009.919
20
336.549
0
VERTEX
8
L0D0
10
-1006.875
20
334.776
0
VERTEX
8
L0D0
10
-1003.871
20
332.936
0
VERTEX
8
L0D0
10
-1000.909
20
331.028
0
VERTEX
8
L0D0
10
-997.991
20
329.054
0
VERTEX
8
L0D0
10
-995.118
20
327.016
0
VERTEX
8
L0D0
10
-992.291
20
324.913
0
VERTEX
8
L0D0
10
-989.512
20
322.748
0
VERTEX
8
L0D0
10
-986.783
20
320.52
0
VERTEX
8
L0D0
10
-984.104
20
318.232
0
VERTEX
8
L0D0
10
-981.477
20
315.885
0
VERTEX
8
L0D0
10
-978.903
20
313.479
0
VERTEX
8
L0D0
10
-976.384
20
311.016
0
VERTEX
8
L0D0
10
-973.921
20
308.497
0
VERTEX
8
L0D0
10
-971.515
20
305.923
0
VERTEX
8
L0D0
10
-969.168
20
303.296
0
VERTEX
8
L0D0
10
-966.88
20
300.617
0
VERTEX
8
L0D0
10
-964.652
20
297.888
0
VERTEX
8
L0D0
10
-962.487
20
295.109
0
VERTEX
8
L0D0
10
-960.384
20
292.282
0
VERTEX
8
L0D0
10
-958.346
20
289.409
0
VERTEX
8
L0D0
10
-956.372
20
286.491
0
VERTEX
8
L0D0
10
-954.464
20
283.529
0
VERTEX
8
L0D0
10
-952.624
20
280.525
0
VERTEX
8
L0D0
10
-950.851
20
277.481
0
VERTEX
8
L0D0
10
-949.147
20
274.397
0
VERTEX
8
L0D0
10
-947.512
20
271.277
0
VERTEX
8
L0D0
10
-945.948
20
268.12
0
VERTEX
8
L0D0
10
-944.455
20
264.929
0
VERTEX
8
L0D0
10
-943.034
20
261.705
0
VERTEX
8
L0D0
10
-941.686
20
258.45
0
VERTEX
8
L0D0
10
-940.411
20
255.166
0
VERTEX
8
L0D0
10
-939.21
20
251.854
0
VERTEX
8
L0D0
10
-938.084
20
248.516
0
VERTEX
8
L0D0
10
-937.033
20
245.153
0
VERTEX
8
L0D0
10
-936.058
20
241.768
0
VERTEX
8
L0D0
10
-935.159
20
238.361
0
VERTEX
8
L0D0
10
-934.336
20
234.936
0
VERTEX
8
L0D0
10
-933.591
20
231.493
0
VERTEX
8
L0D0
10
-932.923
20
228.033
0
VERTEX
8
L0D0
10
-932.333
20
224.56
0
VERTEX
8
L0D0
10
-931.821
20
221.075
0
VERTEX
8
L0D0
10
-931.387
20
217.578
0
VERTEX
8
L0D0
10
-931.032
20
214.073
0
VERTEX
8
L0D0
10
-930.756
20
210.561
0
VERTEX
8
L0D0
10
-930.558
20
207.044
0
VERTEX
8
L0D0
10
-930.44
20
203.523
0
VERTEX
8
L0D0
10
-930.4
20
200
0
VERTEX
8
L0D0
10
-930.4
20
100
0
VERTEX
8
L0D0
10
-930.44
20
96.477
0
VERTEX
8
L0D0
10
-930.558
20
92.956
0
VERTEX
8
L0D0
10
-930.756
20
89.439
0
VERTEX
8
L0D0
10
-931.032
20
85.927
0
VERTEX
8
L0D0
10
-931.387
20
82.422
0
VERTEX
8
L0D0
10
-931.821
20
78.925
0
VERTEX
8
L0D0
10
-932.333
20
75.44
0
VERTEX
8
L0D0
10
-932.923
20
71.967
0
VERTEX
8
L0D0
10
-933.591
20
68.507
0
VERTEX
8
L0D0
10
-934.336
20
65.064
0
VERTEX
8
L0D0
10
-935.159
20
61.639
0
VERTEX
8
L0D0
10
-936.058
20
58.232
0
VERTEX
8
L0D0
10
-937.033
20
54.847
0
VERTEX
8
L0D0
10
-938.084
20
51.484
0
VERTEX
8
L0D0
10
-939.21
20
48.146
0
VERTEX
8
L0D0
10
-940.411
20
44.834
0
VERTEX
8
L0D0
10
-941.686
20
41.55
0
VERTEX
8
L0D0
10
-943.034
20
38.295
0
VERTEX
8
L0D0
10
-944.455
20
35.071
0
VERTEX
8
L0D0
10
-945.948
20
31.88
0
VERTEX
8
L0D0
10
-947.512
20
28.723
0
VERTEX
8
L0D0
10
-949.147
20
25.603
0
VERTEX
8
L0D0
10
-950.851
20
22.519
0
VERTEX
8
L0D0
10
-952.624
20
19.475
0
VERTEX
8
L0D0
10
-954.464
20
16.471
0
VERTEX
8
L0D0
10
-956.372
20
13.509
0
VERTEX
8
L0D0
10
-958.346
20
10.591
0
VERTEX
8
L0D0
10
-960.384
20
7.718
0
VERTEX
8
L0D0
10
-962.487
20
4.891
0
VERTEX
8
L0D0
10
-964.652
20
2.112
0
VERTEX
8
L0D0
10
-966.88
20
-0.617
0
VERTEX
8
L0D0
10
-969.168
20
-3.296
0
VERTEX
8
L0D0
10
-971.515
20
-5.923
0
VERTEX
8
L0D0
10
-973.921
20
-8.497
0
VERTEX
8
L0D0
10
-976.384
20
-11.016
0
VERTEX
8
L0D0
10
-978.903
20
-13.479
0
VERTEX
8
L0D0
10
-981.477
20
-15.885
0
VERTEX
8
L0D0
10
-984.104
20
-18.232
0
VERTEX
8
L0D0
10
-986.783
20
-20.52
0
VERTEX
8
L0D0
10
-989.512
20
-22.748
0
VERTEX
8
L0D0
10
-992.291
20
-24.913
0
VERTEX
8
L0D0
10
-995.118
20
-27.016
0
VERTEX
8
L0D0
10
-997.991
20
-29.054
0
VERTEX
8
L0D0
10
-1000.909
20
-31.028
0
VERTEX
8
L0D0
10
-1003.871
20
-32.936
0
VERTEX
8
L0D0
10
-1006.875
20
-34.776
0
VERTEX
8
L0D0
10
-1009.919
20
-36.549
0
VERTEX
8
L0D0
10
-1013.003
20
-38.253
0
VERTEX
8
L0D0
10
-1016.123
20
-39.888
0
VERTEX
8
L0D0
10
-1019.28
20
-41.452
0
VERTEX
8
L0D0
10
-1022.471
20
-42.945
0
VERTEX
8
L0D0
10
-1025.695
20
-44.366
0
VERTEX
8
L0D0
10
-1028.95
20
-45.714
0
VERTEX
8
L0D0
10
-1032.234
20
-46.989
0
VERTEX
8
L0D0
10
-1035.546
20
-48.19
0
VERTEX
8
L0D0
10
-1038.884
20
-49.316
0
VERTEX
8
L0D0
10
-1042.247
20
-50.367
0
VERTEX
8
L0D0
10
-1045.632
20
-51.342
0
VERTEX
8
L0D0
10
-1049.039
20
-52.241
0
VERTEX
8
L0D0
10
-1052.464
20
-53.064
0
VERTEX
8
L0D0
10
-1055.907
20
-53.809
0
VERTEX
8
L0D0
10
-1059.367
20
-54.477
0
VERTEX
8
L0D0
10
-1062.84
20
-55.067
0
VERTEX
8
L0D0
10
-1066.325
20
-55.579
0
VERTEX
8
L0D0
10
-1069.822
20
-56.013
0
VERTEX
8
L0D0
10
-1073.327
20
-56.368
0
VERTEX
8
L0D0
10
-1076.839
20
-56.644
0
VERTEX
8
L0D0
10
-1080.356
20
-56.842
0
VERTEX
8
L0D0
10
-1083.877
20
-56.96
0
VERTEX
8
L0D0
10
-1087.4
20
-57
0
VERTEX
8
L0D0
10
-1545.75
20
-57
0
VERTEX
8
L0D0
10
-1549.153
20
-57.04
0
VERTEX
8
L0D0
10
-1552.554
20
-57.162
0
VERTEX
8
L0D0
10
-1555.952
20
-57.364
0
VERTEX
8
L0D0
10
-1559.343
20
-57.648
0
VERTEX
8
L0D0
10
-1562.727
20
-58.011
0
VERTEX
8
L0D0
10
-1566.101
20
-58.456
0
VERTEX
8
L0D0
10
-1569.464
20
-58.98
0
VERTEX
8
L0D0
10
-1572.813
20
-59.584
0
VERTEX
8
L0D0
10
-1576.147
20
-60.268
0
VERTEX
8
L0D0
10
-1579.464
20
-61.031
0
VERTEX
8
L0D0
10
-1582.761
20
-61.873
0
VERTEX
8
L0D0
10
-1586.038
20
-62.793
0
VERTEX
8
L0D0
10
-1589.292
20
-63.79
0
VERTEX
8
L0D0
10
-1592.521
20
-64.865
0
VERTEX
8
L0D0
10
-1595.723
20
-66.016
0
VERTEX
8
L0D0
10
-1598.898
20
-67.243
0
VERTEX
8
L0D0
10
-1602.042
20
-68.546
0
VERTEX
8
L0D0
10
-1605.154
20
-69.923
0
VERTEX
8
L0D0
10
-1608.233
20
-71.373
0
VERTEX
8
L0D0
10
-1611.276
20
-72.897
0
VERTEX
8
L0D0
10
-1614.283
20
-74.492
0
VERTEX
8
L0D0
10
-1617.25
20
-76.158
0
VERTEX
8
L0D0
10
-1620.177
20
-77.895
0
VERTEX
8
L0D0
10
-1623.062
20
-79.701
0
VERTEX
8
L0D0
10
-1625.903
20
-81.575
0
VERTEX
8
L0D0
10
-1628.698
20
-83.516
0
VERTEX
8
L0D0
10
-1631.447
20
-85.523
0
VERTEX
8
L0D0
10
-1634.147
20
-87.594
0
VERTEX
8
L0D0
10
-1636.797
20
-89.73
0
VERTEX
8
L0D0
10
-1639.395
20
-91.928
0
VERTEX
8
L0D0
10
-1641.94
20
-94.187
0
VERTEX
8
L0D0
10
-1644.431
20
-96.506
0
VERTEX
8
L0D0
10
-1646.866
20
-98.884
0
VERTEX
8
L0D0
10
-1649.244
20
-101.319
0
VERTEX
8
L0D0
10
-1651.563
20
-103.81
0
VERTEX
8
L0D0
10
-1653.822
20
-106.355
0
VERTEX
8
L0D0
10
-1656.02
20
-108.953
0
VERTEX
8
L0D0
10
-1658.156
20
-111.603
0
VERTEX
8
L0D0
10
-1660.227
20
-114.303
0
VERTEX
8
L0D0
10
-1662.234
20
-117.052
0
VERTEX
8
L0D0
10
-1664.175
20
-119.847
0
VERTEX
8
L0D0
10
-1666.049
20
-122.688
0
VERTEX
8
L0D0
10
-1667.855
20
-125.573
0
VERTEX
8
L0D0
10
-1669.592
20
-128.5
0
VERTEX
8
L0D0
10
-1671.258
20
-131.467
0
VERTEX
8
L0D0
10
-1672.853
20
-134.474
0
VERTEX
8
L0D0
10
-1674.377
20
-137.517
0
VERTEX
8
L0D0
10
-1675.827
20
-140.596
0
VERTEX
8
L0D0
10
-1677.204
20
-143.708
0
VERTEX
8
L0D0
10
-1678.507
20
-146.852
0
VERTEX
8
L0D0
10
-1679.734
20
-150.027
0
VERTEX
8
L0D0
10
-1680.885
20
-153.229
0
VERTEX
8
L0D0
10
-1681.96
20
-156.458
0
VERTEX
8
L0D0
10
-1682.957
20
-159.712
0
VERTEX
8
L0D0
10
-1683.877
20
-162.989
0
VERTEX
8
L0D0
10
-1684.719
20
-166.286
0
VERTEX
8
L0D0
10
-1685.482
20
-169.603
0
VERTEX
8
L0D0
10
-1686.166
20
-172.937
0
VERTEX
8
L0D0
10
-1686.77
20
-176.286
0
VERTEX
8
L0D0
10
-1687.294
20
-179.649
0
VERTEX
8
L0D0
10
-1687.739
20
-183.023
0
VERTEX
8
L0D0
10
-1688.102
20
-186.407
0
VERTEX
8
L0D0
10
-1688.386
20
-189.798
0
VERTEX
8
L0D0
10
-1688.588
20
-193.196
0
VERTEX
8
L0D0
10
-1688.71
20
-196.597
0
VERTEX
8
L0D0
10
-1688.75
20
-200
0
VERTEX
8
L0D0
10
-1688.75
20
-1926.899
0
VERTEX
8
L0D0
10
-1688.71
20
-1930.302
0
VERTEX
8
L0D0
10
-1688.588
20
-1933.703
0
VERTEX
8
L0D0
10
-1688.386
20
-1937.1
0
VERTEX
8
L0D0
10
-1688.103
20
-1940.492
0
VERTEX
8
L0D0
10
-1687.739
20
-1943.875
0
VERTEX
8
L0D0
10
-1687.295
20
-1947.25
0
VERTEX
8
L0D0
10
-1686.77
20
-1950.612
0
VERTEX
8
L0D0
10
-1686.166
20
-1953.961
0
VERTEX
8
L0D0
10
-1685.482
20
-1957.295
0
VERTEX
8
L0D0
10
-1684.719
20
-1960.612
0
VERTEX
8
L0D0
10
-1683.878
20
-1963.909
0
VERTEX
8
L0D0
10
-1682.958
20
-1967.186
0
VERTEX
8
L0D0
10
-1681.96
20
-1970.439
0
VERTEX
8
L0D0
10
-1680.886
20
-1973.669
0
VERTEX
8
L0D0
10
-1679.734
20
-1976.871
0
VERTEX
8
L0D0
10
-1678.507
20
-1980.045
0
VERTEX
8
L0D0
10
-1677.205
20
-1983.19
0
VERTEX
8
L0D0
10
-1675.828
20
-1986.302
0
VERTEX
8
L0D0
10
-1674.378
20
-1989.381
0
VERTEX
8
L0D0
10
-1672.854
20
-1992.424
0
VERTEX
8
L0D0
10
-1671.259
20
-1995.43
0
VERTEX
8
L0D0
10
-1669.593
20
-1998.397
0
VERTEX
8
L0D0
10
-1667.856
20
-2001.324
0
VERTEX
8
L0D0
10
-1666.05
20
-2004.209
0
VERTEX
8
L0D0
10
-1664.177
20
-2007.05
0
VERTEX
8
L0D0
10
-1662.236
20
-2009.845
0
VERTEX
8
L0D0
10
-1660.229
20
-2012.594
0
VERTEX
8
L0D0
10
-1658.157
20
-2015.294
0
VERTEX
8
L0D0
10
-1656.022
20
-2017.944
0
VERTEX
8
L0D0
10
-1653.824
20
-2020.542
0
VERTEX
8
L0D0
10
-1651.565
20
-2023.087
0
VERTEX
8
L0D0
10
-1649.246
20
-2025.578
0
VERTEX
8
L0D0
10
-1646.868
20
-2028.013
0
VERTEX
8
L0D0
10
-1644.434
20
-2030.391
0
VERTEX
8
L0D0
10
-1641.943
20
-2032.71
0
VERTEX
8
L0D0
10
-1639.398
20
-2034.969
0
VERTEX
8
L0D0
10
-1636.799
20
-2037.167
0
VERTEX
8
L0D0
10
-1634.15
20
-2039.302
0
VERTEX
8
L0D0
10
-1631.45
20
-2041.374
0
VERTEX
8
L0D0
10
-1628.701
20
-2043.381
0
VERTEX
8
L0D0
10
-1625.906
20
-2045.322
0
VERTEX
8
L0D0
10
-1623.065
20
-2047.196
0
VERTEX
8
L0D0
10
-1620.18
20
-2049.002
0
VERTEX
8
L0D0
10
-1617.254
20
-2050.739
0
VERTEX
8
L0D0
10
-1614.286
20
-2052.405
0
VERTEX
8
L0D0
10
-1611.28
20
-2054.001
0
VERTEX
8
L0D0
10
-1608.237
20
-2055.524
0
VERTEX
8
L0D0
10
-1605.158
20
-2056.975
0
VERTEX
8
L0D0
10
-1602.046
20
-2058.351
0
VERTEX
8
L0D0
10
-1598.902
20
-2059.654
0
VERTEX
8
L0D0
10
-1595.728
20
-2060.881
0
VERTEX
8
L0D0
10
-1592.525
20
-2062.033
0
VERTEX
8
L0D0
10
-1589.296
20
-2063.107
0
VERTEX
8
L0D0
10
-1586.043
20
-2064.105
0
VERTEX
8
L0D0
10
-1582.766
20
-2065.025
0
VERTEX
8
L0D0
10
-1579.469
20
-2065.867
0
VERTEX
8
L0D0
10
-1576.152
20
-2066.63
0
VERTEX
8
L0D0
10
-1572.818
20
-2067.314
0
VERTEX
8
L0D0
10
-1569.469
20
-2067.918
0
VERTEX
8
L0D0
10
-1566.107
20
-2068.443
0
VERTEX
8
L0D0
10
-1562.733
20
-2068.887
0
VERTEX
8
L0D0
10
-1559.349
20
-2069.251
0
VERTEX
8
L0D0
10
-1555.957
20
-2069.534
0
VERTEX
8
L0D0
10
-1552.56
20
-2069.737
0
VERTEX
8
L0D0
10
-1549.159
20
-2069.858
0
VERTEX
8
L0D0
10
-1545.756
20
-2069.899
0
VERTEX
8
L0D0
10
-1542.353
20
-2069.859
0
VERTEX
8
L0D0
10
-1538.952
20
-2069.737
0
VERTEX
8
L0D0
10
-1535.555
20
-2069.535
0
VERTEX
8
L0D0
10
-1532.164
20
-2069.252
0
VERTEX
8
L0D0
10
-1528.78
20
-2068.889
0
VERTEX
8
L0D0
10
-1525.406
20
-2068.445
0
VERTEX
8
L0D0
10
-1129.656
20
-2011.563
0
VERTEX
8
L0D0
10
-1126.293
20
-2011.039
0
VERTEX
8
L0D0
10
-1122.944
20
-2010.435
0
VERTEX
8
L0D0
10
-1119.609
20
-2009.751
0
VERTEX
8
L0D0
10
-1116.293
20
-2008.989
0
VERTEX
8
L0D0
10
-1112.995
20
-2008.147
0
VERTEX
8
L0D0
10
-1109.718
20
-2007.227
0
VERTEX
8
L0D0
10
-1106.464
20
-2006.23
0
VERTEX
8
L0D0
10
-1103.235
20
-2005.155
0
VERTEX
8
L0D0
10
-1100.032
20
-2004.004
0
VERTEX
8
L0D0
10
-1096.858
20
-2002.777
0
VERTEX
8
L0D0
10
-1093.713
20
-2001.474
0
VERTEX
8
L0D0
10
-1090.601
20
-2000.098
0
VERTEX
8
L0D0
10
-1087.522
20
-1998.647
0
VERTEX
8
L0D0
10
-1084.478
20
-1997.124
0
VERTEX
8
L0D0
10
-1081.472
20
-1995.529
0
VERTEX
8
L0D0
10
-1078.504
20
-1993.862
0
VERTEX
8
L0D0
10
-1075.577
20
-1992.126
0
VERTEX
8
L0D0
10
-1072.692
20
-1990.32
0
VERTEX
8
L0D0
10
-1069.851
20
-1988.446
0
VERTEX
8
L0D0
10
-1067.056
20
-1986.505
0
VERTEX
8
L0D0
10
-1064.307
20
-1984.498
0
VERTEX
8
L0D0
10
-1061.607
20
-1982.426
0
VERTEX
8
L0D0
10
-1058.957
20
-1980.291
0
VERTEX
8
L0D0
10
-1056.358
20
-1978.093
0
VERTEX
8
L0D0
10
-1053.812
20
-1975.834
0
VERTEX
8
L0D0
10
-1051.321
20
-1973.515
0
VERTEX
8
L0D0
10
-1048.886
20
-1971.137
0
VERTEX
8
L0D0
10
-1046.509
20
-1968.702
0
VERTEX
8
L0D0
10
-1044.189
20
-1966.211
0
VERTEX
8
L0D0
10
-1041.93
20
-1963.666
0
VERTEX
8
L0D0
10
-1039.732
20
-1961.067
0
VERTEX
8
L0D0
10
-1037.596
20
-1958.417
0
VERTEX
8
L0D0
10
-1035.524
20
-1955.717
0
VERTEX
8
L0D0
10
-1033.517
20
-1952.969
0
VERTEX
8
L0D0
10
-1031.576
20
-1950.173
0
VERTEX
8
L0D0
10
-1029.702
20
-1947.332
0
VERTEX
8
L0D0
10
-1027.896
20
-1944.447
0
VERTEX
8
L0D0
10
-1026.16
20
-1941.52
0
VERTEX
8
L0D0
10
-1024.493
20
-1938.553
0
VERTEX
8
L0D0
10
-1022.898
20
-1935.546
0
VERTEX
8
L0D0
10
-1021.374
20
-1932.503
0
VERTEX
8
L0D0
10
-1019.923
20
-1929.424
0
VERTEX
8
L0D0
10
-1018.547
20
-1926.312
0
VERTEX
8
L0D0
10
-1017.244
20
-1923.167
0
VERTEX
8
L0D0
10
-1016.017
20
-1919.993
0
VERTEX
8
L0D0
10
-1014.865
20
-1916.79
0
VERTEX
8
L0D0
10
-1013.791
20
-1913.561
0
VERTEX
8
L0D0
10
-1012.793
20
-1910.307
0
VERTEX
8
L0D0
10
-1011.873
20
-1907.03
0
VERTEX
8
L0D0
10
-1011.031
20
-1903.733
0
VERTEX
8
L0D0
10
-1010.268
20
-1900.416
0
VERTEX
8
L0D0
10
-1009.584
20
-1897.082
0
VERTEX
8
L0D0
10
-1008.98
20
-1893.732
0
VERTEX
8
L0D0
10
-1008.456
20
-1890.37
0
VERTEX
8
L0D0
10
-1008.011
20
-1886.995
0
VERTEX
8
L0D0
10
-1007.648
20
-1883.611
0
VERTEX
8
L0D0
10
-1007.364
20
-1880.22
0
VERTEX
8
L0D0
10
-1007.162
20
-1876.822
0
VERTEX
8
L0D0
10
-1007.041
20
-1873.421
0
VERTEX
8
L0D0
10
-1007
20
-1870.018
0
VERTEX
8
L0D0
10
-1007
20
-850
0
VERTEX
8
L0D0
10
-1006.96
20
-846.477
0
VERTEX
8
L0D0
10
-1006.842
20
-842.956
0
VERTEX
8
L0D0
10
-1006.644
20
-839.439
0
VERTEX
8
L0D0
10
-1006.368
20
-835.927
0
VERTEX
8
L0D0
10
-1006.013
20
-832.422
0
VERTEX
8
L0D0
10
-1005.579
20
-828.925
0
VERTEX
8
L0D0
10
-1005.067
20
-825.44
0
VERTEX
8
L0D0
10
-1004.477
20
-821.967
0
VERTEX
8
L0D0
10
-1003.809
20
-818.507
0
VERTEX
8
L0D0
10
-1003.064
20
-815.064
0
VERTEX
8
L0D0
10
-1002.241
20
-811.639
0
VERTEX
8
L0D0
10
-1001.342
20
-808.232
0
VERTEX
8
L0D0
10
-1000.367
20
-804.847
0
VERTEX
8
L0D0
10
-999.316
20
-801.484
0
VERTEX
8
L0D0
10
-998.19
20
-798.146
0
VERTEX
8
L0D0
10
-996.989
20
-794.834
0
VERTEX
8
L0D0
10
-995.714
20
-791.55
0
VERTEX
8
L0D0
10
-994.366
20
-788.295
0
VERTEX
8
L0D0
10
-992.945
20
-785.071
0
VERTEX
8
L0D0
10
-991.452
20
-781.88
0
VERTEX
8
L0D0
10
-989.888
20
-778.723
0
VERTEX
8
L0D0
10
-988.253
20
-775.603
0
VERTEX
8
L0D0
10
-986.549
20
-772.519
0
VERTEX
8
L0D0
10
-984.776
20
-769.475
0
VERTEX
8
L0D0
10
-982.936
20
-766.471
0
VERTEX
8
L0D0
10
-981.028
20
-763.509
0
VERTEX
8
L0D0
10
-979.054
20
-760.591
0
VERTEX
8
L0D0
10
-977.016
20
-757.718
0
VERTEX
8
L0D0
10
-974.913
20
-754.891
0
VERTEX
8
L0D0
10
-972.748
20
-752.112
0
VERTEX
8
L0D0
10
-970.52
20
-749.383
0
VERTEX
8
L0D0
10
-968.232
20
-746.704
0
VERTEX
8
L0D0
10
-965.885
20
-744.077
0
VERTEX
8
L0D0
10
-963.479
20
-741.503
0
VERTEX
8
L0D0
10
-961.016
20
-738.984
0
VERTEX
8
L0D0
10
-958.497
20
-736.521
0
VERTEX
8
L0D0
10
-955.923
20
-734.115
0
VERTEX
8
L0D0
10
-953.296
20
-731.768
0
VERTEX
8
L0D0
10
-950.617
20
-729.48
0
VERTEX
8
L0D0
10
-947.888
20
-727.252
0
VERTEX
8
L0D0
10
-945.109
20
-725.087
0
VERTEX
8
L0D0
10
-942.282
20
-722.984
0
VERTEX
8
L0D0
10
-939.409
20
-720.946
0
VERTEX
8
L0D0
10
-936.491
20
-718.972
0
VERTEX
8
L0D0
10
-933.529
20
-717.064
0
VERTEX
8
L0D0
10
-930.525
20
-715.224
0
VERTEX
8
L0D0
10
-927.481
20
-713.451
0
VERTEX
8
L0D0
10
-924.397
20
-711.747
0
VERTEX
8
L0D0
10
-921.277
20
-710.112
0
VERTEX
8
L0D0
10
-918.12
20
-708.548
0
VERTEX
8
L0D0
10
-914.929
20
-707.055
0
VERTEX
8
L0D0
10
-911.705
20
-705.634
0
VERTEX
8
L0D0
10
-908.45
20
-704.286
0
VERTEX
8
L0D0
10
-905.166
20
-703.011
0
VERTEX
8
L0D0
10
-901.854
20
-701.81
0
VERTEX
8
L0D0
10
-898.516
20
-700.684
0
VERTEX
8
L0D0
10
-895.153
20
-699.633
0
VERTEX
8
L0D0
10
-891.768
20
-698.658
0
VERTEX
8
L0D0
10
-888.361
20
-697.759
0
VERTEX
8
L0D0
10
-884.936
20
-696.936
0
VERTEX
8
L0D0
10
-881.493
20
-696.191
0
VERTEX
8
L0D0
10
-878.033
20
-695.523
0
VERTEX
8
L0D0
10
-874.56
20
-694.933
0
VERTEX
8
L0D0
10
-871.075
20
-694.421
0
VERTEX
8
L0D0
10
-867.578
20
-693.987
0
VERTEX
8
L0D0
10
-864.073
20
-693.632
0
VERTEX
8
L0D0
10
-860.561
20
-693.356
0
VERTEX
8
L0D0
10
-857.044
20
-693.158
0
VERTEX
8
L0D0
10
-853.523
20
-693.04
0
VERTEX
8
L0D0
10
-850
20
-693
0
VERTEX
8
L0D0
10
-750
20
-693
0
VERTEX
8
L0D0
10
-746.477
20
-693.04
0
VERTEX
8
L0D0
10
-742.956
20
-693.158
0
VERTEX
8
L0D0
10
-739.439
20
-693.356
0
VERTEX
8
L0D0
10
-735.927
20
-693.632
0
VERTEX
8
L0D0
10
-732.422
20
-693.987
0
VERTEX
8
L0D0
10
-728.925
20
-694.421
0
VERTEX
8
L0D0
10
-725.44
20
-694.933
0
VERTEX
8
L0D0
10
-721.967
20
-695.523
0
VERTEX
8
L0D0
10
-718.507
20
-696.191
0
VERTEX
8
L0D0
10
-715.064
20
-696.936
0
VERTEX
8
L0D0
10
-711.639
20
-697.759
0
VERTEX
8
L0D0
10
-708.232
20
-698.658
0
VERTEX
8
L0D0
10
-704.847
20
-699.633
0
VERTEX
8
L0D0
10
-701.484
20
-700.684
0
VERTEX
8
L0D0
10
-698.146
20
-701.81
0
VERTEX
8
L0D0
10
-694.834
20
-703.011
0
VERTEX
8
L0D0
10
-691.55
20
-704.286
0
VERTEX
8
L0D0
10
-688.295
20
-705.634
0
VERTEX
8
L0D0
10
-685.071
20
-707.055
0
VERTEX
8
L0D0
10
-681.88
20
-708.548
0
VERTEX
8
L0D0
10
-678.723
20
-710.112
0
VERTEX
8
L0D0
10
-675.603
20
-711.747
0
VERTEX
8
L0D0
10
-672.519
20
-713.451
0
VERTEX
8
L0D0
10
-669.475
20
-715.224
0
VERTEX
8
L0D0
10
-666.471
20
-717.064
0
VERTEX
8
L0D0
10
-663.509
20
-718.972
0
VERTEX
8
L0D0
10
-660.591
20
-720.946
0
VERTEX
8
L0D0
10
-657.718
20
-722.984
0
VERTEX
8
L0D0
10
-654.891
20
-725.087
0
VERTEX
8
L0D0
10
-652.112
20
-727.252
0
VERTEX
8
L0D0
10
-649.383
20
-729.48
0
VERTEX
8
L0D0
10
-646.704
20
-731.768
0
VERTEX
8
L0D0
10
-644.077
20
-734.115
0
VERTEX
8
L0D0
10
-641.503
20
-736.521
0
VERTEX
8
L0D0
10
-638.984
20
-738.984
0
VERTEX
8
L0D0
10
-636.521
20
-741.503
0
VERTEX
8
L0D0
10
-634.115
20
-744.077
0
VERTEX
8
L0D0
10
-631.768
20
-746.704
0
VERTEX
8
L0D0
10
-629.48
20
-749.383
0
VERTEX
8
L0D0
10
-627.252
20
-752.112
0
VERTEX
8
L0D0
10
-625.087
20
-754.891
0
VERTEX
8
L0D0
10
-622.984
20
-757.718
0
VERTEX
8
L0D0
10
-620.946
20
-760.591
0
VERTEX
8
L0D0
10
-618.972
20
-763.509
0
VERTEX
8
L0D0
10
-617.064
20
-766.471
0
VERTEX
8
L0D0
10
-615.224
20
-769.475
0
VERTEX
8
L0D0
10
-613.451
20
-772.519
0
VERTEX
8
L0D0
10
-611.747
20
-775.603
0
VERTEX
8
L0D0
10
-610.112
20
-778.723
0
VERTEX
8
L0D0
10
-608.548
20
-781.88
0
VERTEX
8
L0D0
10
-607.055
20
-785.071
0
VERTEX
8
L0D0
10
-605.634
20
-788.295
0
VERTEX
8
L0D0
10
-604.286
20
-791.55
0
VERTEX
8
L0D0
10
-603.011
20
-794.834
0
VERTEX
8
L0D0
10
-601.81
20
-798.146
0
VERTEX
8
L0D0
10
-600.684
20
-801.484
0
VERTEX
8
L0D0
10
-599.633
20
-804.847
0
VERTEX
8
L0D0
10
-598.658
20
-808.232
0
VERTEX
8
L0D0
10
-597.759
20
-811.639
0
VERTEX
8
L0D0
10
-596.936
20
-815.064
0
VERTEX
8
L0D0
10
-596.191
20
-818.507
0
VERTEX
8
L0D0
10
-595.523
20
-821.967
0
VERTEX
8
L0D0
10
-594.933
20
-825.44
0
VERTEX
8
L0D0
10
-594.421
20
-828.925
0
VERTEX
8
L0D0
10
-593.987
20
-832.422
0
VERTEX
8
L0D0
10
-593.632
20
-835.927
0
VERTEX
8
L0D0
10
-593.356
20
-839.439
0
VERTEX
8
L0D0
10
-593.158
20
-842.956
0
VERTEX
8
L0D0
10
-593.04
20
-846.477
0
VERTEX
8
L0D0
10
-593
20
-850
0
VERTEX
8
L0D0
10
-593
20
-1907.884
0
VERTEX
8
L0D0
10
-592.96
20
-1911.255
0
VERTEX
8
L0D0
10
-592.841
20
-1914.625
0
VERTEX
8
L0D0
10
-592.642
20
-1917.992
0
VERTEX
8
L0D0
10
-592.364
20
-1921.352
0
VERTEX
8
L0D0
10
-592.007
20
-1924.705
0
VERTEX
8
L0D0
10
-591.571
20
-1928.049
0
VERTEX
8
L0D0
10
-591.056
20
-1931.382
0
VERTEX
8
L0D0
10
-590.463
20
-1934.701
0
VERTEX
8
L0D0
10
-589.791
20
-1938.006
0
VERTEX
8
L0D0
10
-589.042
20
-1941.293
0
VERTEX
8
L0D0
10
-588.216
20
-1944.563
0
VERTEX
8
L0D0
10
-587.313
20
-1947.811
0
VERTEX
8
L0D0
10
-586.333
20
-1951.038
0
VERTEX
8
L0D0
10
-585.278
20
-1954.241
0
VERTEX
8
L0D0
10
-584.147
20
-1957.418
0
VERTEX
8
L0D0
10
-582.942
20
-1960.567
0
VERTEX
8
L0D0
10
-581.662
20
-1963.687
0
VERTEX
8
L0D0
10
-580.31
20
-1966.776
0
VERTEX
8
L0D0
10
-578.885
20
-1969.832
0
VERTEX
8
L0D0
10
-577.389
20
-1972.854
0
VERTEX
8
L0D0
10
-575.821
20
-1975.84
0
VERTEX
8
L0D0
10
-574.184
20
-1978.788
0
VERTEX
8
L0D0
10
-572.477
20
-1981.696
0
VERTEX
8
L0D0
10
-570.703
20
-1984.563
0
VERTEX
8
L0D0
10
-568.861
20
-1987.388
0
VERTEX
8
L0D0
10
-566.954
20
-1990.169
0
VERTEX
8
L0D0
10
-564.981
20
-1992.904
0
VERTEX
8
L0D0
10
-562.944
20
-1995.591
0
VERTEX
8
L0D0
10
-560.845
20
-1998.23
0
VERTEX
8
L0D0
10
-558.684
20
-2000.818
0
VERTEX
8
L0D0
10
-556.462
20
-2003.355
0
VERTEX
8
L0D0
10
-554.181
20
-2005.839
0
VERTEX
8
L0D0
10
-551.843
20
-2008.268
0
VERTEX
8
L0D0
10
-549.447
20
-2010.642
0
VERTEX
8
L0D0
10
-546.997
20
-2012.958
0
VERTEX
8
L0D0
10
-544.492
20
-2015.216
0
VERTEX
8
L0D0
10
-541.935
20
-2017.414
0
VERTEX
8
L0D0
10
-539.327
20
-2019.551
0
VERTEX
8
L0D0
10
-536.669
20
-2021.627
0
VERTEX
8
L0D0
10
-533.963
20
-2023.639
0
VERTEX
8
L0D0
10
-531.21
20
-2025.586
0
VERTEX
8
L0D0
10
-528.412
20
-2027.468
0
VERTEX
8
L0D0
10
-525.571
20
-2029.284
0
VERTEX
8
L0D0
10
-522.687
20
-2031.032
0
VERTEX
8
L0D0
10
-519.763
20
-2032.712
0
VERTEX
8
L0D0
10
-516.8
20
-2034.322
0
VERTEX
8
L0D0
10
-513.8
20
-2035.862
0
VERTEX
8
L0D0
10
-510.765
20
-2037.331
0
VERTEX
8
L0D0
10
-507.696
20
-2038.728
0
VERTEX
8
L0D0
10
-504.595
20
-2040.052
0
VERTEX
8
L0D0
10
-501.463
20
-2041.302
0
VERTEX
8
L0D0
10
-498.303
20
-2042.479
0
VERTEX
8
L0D0
10
-495.116
20
-2043.58
0
VERTEX
8
L0D0
10
-491.903
20
-2044.606
0
VERTEX
8
L0D0
10
-488.668
20
-2045.556
0
VERTEX
8
L0D0
10
-485.411
20
-2046.43
0
VERTEX
8
L0D0
10
-482.134
20
-2047.226
0
VERTEX
8
L0D0
10
-478.84
20
-2047.945
0
VERTEX
8
L0D0
10
-475.529
20
-2048.586
0
VERTEX
8
L0D0
10
-472.204
20
-2049.149
0
VERTEX
8
L0D0
10
-468.867
20
-2049.633
0
VERTEX
8
L0D0
10
-465.52
20
-2050.039
0
VERTEX
8
L0D0
10
-462.163
20
-2050.365
0
VERTEX
8
L0D0
10
-458.8
20
-2050.612
0
VERTEX
8
L0D0
10
-455.433
20
-2050.78
0
VERTEX
8
L0D0
10
-452.062
20
-2050.869
0
VERTEX
8
L0D0
10
-448.69
20
-2050.878
0
VERTEX
8
L0D0
10
-445.318
20
-2050.807
0
VERTEX
8
L0D0
10
-441.95
20
-2050.657
0
VERTEX
8
L0D0
10
-438.585
20
-2050.427
0
VERTEX
8
L0D0
10
-435.227
20
-2050.118
0
VERTEX
8
L0D0
10
-431.878
20
-2049.731
0
VERTEX
8
L0D0
10
-428.538
20
-2049.264
0
VERTEX
8
L0D0
10
-425.21
20
-2048.718
0
VERTEX
8
L0D0
10
-421.896
20
-2048.095
0
VERTEX
8
L0D0
10
-418.598
20
-2047.393
0
VERTEX
8
L0D0
10
-415.317
20
-2046.614
0
VERTEX
8
L0D0
10
-315.317
20
-2021.614
0
VERTEX
8
L0D0
10
-312.043
20
-2020.754
0
VERTEX
8
L0D0
10
-308.79
20
-2019.817
0
VERTEX
8
L0D0
10
-305.56
20
-2018.803
0
VERTEX
8
L0D0
10
-302.354
20
-2017.713
0
VERTEX
8
L0D0
10
-299.176
20
-2016.547
0
VERTEX
8
L0D0
10
-296.026
20
-2015.306
0
VERTEX
8
L0D0
10
-292.906
20
-2013.992
0
VERTEX
8
L0D0
10
-289.819
20
-2012.603
0
VERTEX
8
L0D0
10
-286.765
20
-2011.142
0
VERTEX
8
L0D0
10
-283.746
20
-2009.609
0
VERTEX
8
L0D0
10
-280.765
20
-2008.005
0
VERTEX
8
L0D0
10
-277.822
20
-2006.331
0
VERTEX
8
L0D0
10
-274.92
20
-2004.588
0
VERTEX
8
L0D0
10
-272.06
20
-2002.776
0
VERTEX
8
L0D0
10
-269.243
20
-2000.898
0
VERTEX
8
L0D0
10
-266.472
20
-1998.953
0
VERTEX
8
L0D0
10
-263.748
20
-1996.943
0
VERTEX
8
L0D0
10
-261.072
20
-1994.869
0
VERTEX
8
L0D0
10
-258.446
20
-1992.733
0
VERTEX
8
L0D0
10
-255.871
20
-1990.534
0
VERTEX
8
L0D0
10
-253.349
20
-1988.276
0
VERTEX
8
L0D0
10
-250.881
20
-1985.958
0
VERTEX
8
L0D0
10
-248.469
20
-1983.583
0
VERTEX
8
L0D0
10
-246.113
20
-1981.151
0
VERTEX
8
L0D0
10
-243.816
20
-1978.664
0
VERTEX
8
L0D0
10
-241.578
20
-1976.124
0
VERTEX
8
L0D0
10
-239.402
20
-1973.531
0
VERTEX
8
L0D0
10
-237.287
20
-1970.887
0
VERTEX
8
L0D0
10
-235.235
20
-1968.195
0
VERTEX
8
L0D0
10
-233.247
20
-1965.454
0
VERTEX
8
L0D0
10
-231.325
20
-1962.667
0
VERTEX
8
L0D0
10
-229.47
20
-1959.835
0
VERTEX
8
L0D0
10
-227.682
20
-1956.96
0
VERTEX
8
L0D0
10
-225.963
20
-1954.044
0
VERTEX
8
L0D0
10
-224.313
20
-1951.087
0
VERTEX
8
L0D0
10
-222.734
20
-1948.093
0
VERTEX
8
L0D0
10
-221.226
20
-1945.062
0
VERTEX
8
L0D0
10
-219.79
20
-1941.996
0
VERTEX
8
L0D0
10
-218.427
20
-1938.897
0
VERTEX
8
L0D0
10
-217.138
20
-1935.766
0
VERTEX
8
L0D0
10
-215.923
20
-1932.606
0
VERTEX
8
L0D0
10
-214.783
20
-1929.418
0
VERTEX
8
L0D0
10
-213.72
20
-1926.204
0
VERTEX
8
L0D0
10
-212.732
20
-1922.966
0
VERTEX
8
L0D0
10
-211.822
20
-1919.705
0
VERTEX
8
L0D0
10
-210.989
20
-1916.424
0
VERTEX
8
L0D0
10
-210.234
20
-1913.124
0
VERTEX
8
L0D0
10
-209.557
20
-1909.806
0
VERTEX
8
L0D0
10
-208.959
20
-1906.474
0
VERTEX
8
L0D0
10
-208.44
20
-1903.129
0
VERTEX
8
L0D0
10
-208.001
20
-1899.772
0
VERTEX
8
L0D0
10
-207.641
20
-1896.406
0
VERTEX
8
L0D0
10
-207.361
20
-1893.032
0
VERTEX
8
L0D0
10
-207.16
20
-1889.652
0
VERTEX
8
L0D0
10
-207.04
20
-1886.269
0
VERTEX
8
L0D0
10
-207
20
-1882.884
0
VERTEX
8
L0D0
10
-207
20
-333.8
0
VERTEX
8
L0D0
10
-206.96
20
-330.277
0
VERTEX
8
L0D0
10
-206.842
20
-326.756
0
VERTEX
8
L0D0
10
-206.644
20
-323.239
0
VERTEX
8
L0D0
10
-206.368
20
-319.727
0
VERTEX
8
L0D0
10
-206.013
20
-316.222
0
VERTEX
8
L0D0
10
-205.579
20
-312.725
0
VERTEX
8
L0D0
10
-205.067
20
-309.24
0
VERTEX
8
L0D0
10
-204.477
20
-305.767
0
VERTEX
8
L0D0
10
-203.809
20
-302.307
0
VERTEX
8
L0D0
10
-203.064
20
-298.864
0
VERTEX
8
L0D0
10
-202.241
20
-295.439
0
VERTEX
8
L0D0
10
-201.342
20
-292.032
0
VERTEX
8
L0D0
10
-200.367
20
-288.647
0
VERTEX
8
L0D0
10
-199.316
20
-285.284
0
VERTEX
8
L0D0
10
-198.19
20
-281.946
0
VERTEX
8
L0D0
10
-196.989
20
-278.634
0
VERTEX
8
L0D0
10
-195.714
20
-275.35
0
VERTEX
8
L0D0
10
-194.366
20
-272.095
0
VERTEX
8
L0D0
10
-192.945
20
-268.871
0
VERTEX
8
L0D0
10
-191.452
20
-265.68
0
VERTEX
8
L0D0
10
-189.888
20
-262.523
0
VERTEX
8
L0D0
10
-188.253
20
-259.403
0
VERTEX
8
L0D0
10
-186.549
20
-256.319
0
VERTEX
8
L0D0
10
-184.776
20
-253.275
0
VERTEX
8
L0D0
10
-182.936
20
-250.271
0
VERTEX
8
L0D0
10
-181.028
20
-247.309
0
VERTEX
8
L0D0
10
-179.054
20
-244.391
0
VERTEX
8
L0D0
10
-177.016
20
-241.518
0
VERTEX
8
L0D0
10
-174.913
20
-238.691
0
VERTEX
8
L0D0
10
-172.748
20
-235.912
0
VERTEX
8
L0D0
10
-170.52
20
-233.183
0
VERTEX
8
L0D0
10
-168.232
20
-230.504
0
VERTEX
8
L0D0
10
-165.885
20
-227.877
0
VERTEX
8
L0D0
10
-163.479
20
-225.303
0
VERTEX
8
L0D0
10
-161.016
20
-222.784
0
VERTEX
8
L0D0
10
-158.497
20
-220.321
0
VERTEX
8
L0D0
10
-155.923
20
-217.915
0
VERTEX
8
L0D0
10
-153.296
20
-215.568
0
VERTEX
8
L0D0
10
-150.617
20
-213.28
0
VERTEX
8
L0D0
10
-147.888
20
-211.052
0
VERTEX
8
L0D0
10
-145.109
20
-208.887
0
VERTEX
8
L0D0
10
-142.282
20
-206.784
0
VERTEX
8
L0D0
10
-139.409
20
-204.746
0
VERTEX
8
L0D0
10
-136.491
20
-202.772
0
VERTEX
8
L0D0
10
-133.529
20
-200.864
0
VERTEX
8
L0D0
10
-130.525
20
-199.024
0
VERTEX
8
L0D0
10
-127.481
20
-197.251
0
VERTEX
8
L0D0
10
-124.397
20
-195.547
0
VERTEX
8
L0D0
10
-121.277
20
-193.912
0
VERTEX
8
L0D0
10
-118.12
20
-192.348
0
VERTEX
8
L0D0
10
-114.929
20
-190.855
0
VERTEX
8
L0D0
10
-111.705
20
-189.434
0
VERTEX
8
L0D0
10
-108.45
20
-188.086
0
VERTEX
8
L0D0
10
-105.166
20
-186.811
0
VERTEX
8
L0D0
10
-101.854
20
-185.61
0
VERTEX
8
L0D0
10
-98.516
20
-184.484
0
VERTEX
8
L0D0
10
-95.153
20
-183.433
0
VERTEX
8
L0D0
10
-91.768
20
-182.458
0
VERTEX
8
L0D0
10
-88.361
20
-181.559
0
VERTEX
8
L0D0
10
-84.936
20
-180.736
0
VERTEX
8
L0D0
10
-81.493
20
-179.991
0
VERTEX
8
L0D0
10
-78.033
20
-179.323
0
VERTEX
8
L0D0
10
-74.56
20
-178.733
0
VERTEX
8
L0D0
10
-71.075
20
-178.221
0
VERTEX
8
L0D0
10
-67.578
20
-177.787
0
VERTEX
8
L0D0
10
-64.073
20
-177.432
0
VERTEX
8
L0D0
10
-60.561
20
-177.156
0
VERTEX
8
L0D0
10
-57.044
20
-176.958
0
VERTEX
8
L0D0
10
-53.523
20
-176.84
0
VERTEX
8
L0D0
10
-50
20
-176.8
0
VERTEX
8
L0D0
10
50
20
-176.8
0
VERTEX
8
L0D0
10
53.523
20
-176.84
0
VERTEX
8
L0D0
10
57.044
20
-176.958
0
VERTEX
8
L0D0
10
60.561
20
-177.156
0
VERTEX
8
L0D0
10
64.073
20
-177.432
0
VERTEX
8
L0D0
10
67.578
20
-177.787
0
VERTEX
8
L0D0
10
71.075
20
-178.221
0
VERTEX
8
L0D0
10
74.56
20
-178.733
0
VERTEX
8
L0D0
10
78.033
20
-179.323
0
VERTEX
8
L0D0
10
81.493
20
-179.991
0
VERTEX
8
L0D0
10
84.936
20
-180.736
0
VERTEX
8
L0D0
10
88.361
20
-181.559
0
VERTEX
8
L0D0
10
91.768
20
-182.458
0
VERTEX
8
L0D0
10
95.153
20
-183.433
0
VERTEX
8
L0D0
10
98.516
20
-184.484
0
VERTEX
8
L0D0
10
101.854
20
-185.61
0
VERTEX
8
L0D0
10
105.166
20
-186.811
0
VERTEX
8
L0D0
10
108.45
20
-188.086
0
VERTEX
8
L0D0
10
111.705
20
-189.434
0
VERTEX
8
L0D0
10
114.929
20
-190.855
0
VERTEX
8
L0D0
10
118.12
20
-192.348
0
VERTEX
8
L0D0
10
121.277
20
-193.912
0
VERTEX
8
L0D0
10
124.397
20
-195.547
0
VERTEX
8
L0D0
10
127.481
20
-197.251
0
VERTEX
8
L0D0
10
130.525
20
-199.024
0
VERTEX
8
L0D0
10
133.529
20
-200.864
0
VERTEX
8
L0D0
10
136.491
20
-202.772
0
VERTEX
8
L0D0
10
139.409
20
-204.746
0
VERTEX
8
L0D0
10
142.282
20
-206.784
0
VERTEX
8
L0D0
10
145.109
20
-208.887
0
VERTEX
8
L0D0
10
147.888
20
-211.052
0
VERTEX
8
L0D0
10
150.617
20
-213.28
0
VERTEX
8
L0D0
10
153.296
20
-215.568
0
VERTEX
8
L0D0
10
155.923
20
-217.915
0
VERTEX
8
L0D0
10
158.497
20
-220.321
0
VERTEX
8
L0D0
10
161.016
20
-222.784
0
VERTEX
8
L0D0
10
163.479
20
-225.303
0
VERTEX
8
L0D0
10
165.885
20
-227.877
0
VERTEX
8
L0D0
10
168.232
20
-230.504
0
VERTEX
8
L0D0
10
170.52
20
-233.183
0
VERTEX
8
L0D0
10
172.748
20
-235.912
0
VERTEX
8
L0D0
10
174.913
20
-238.691
0
VERTEX
8
L0D0
10
177.016
20
-241.518
0
VERTEX
8
L0D0
10
179.054
20
-244.391
0
VERTEX
8
L0D0
10
181.028
20
-247.309
0
VERTEX
8
L0D0
10
182.936
20
-250.271
0
VERTEX
8
L0D0
10
184.776
20
-253.275
0
VERTEX
8
L0D0
10
186.549
20
-256.319
0
VERTEX
8
L0D0
10
188.253
20
-259.403
0
VERTEX
8
L0D0
10
189.888
20
-262.523
0
VERTEX
8
L0D0
10
191.452
20
-265.68
0
VERTEX
8
L0D0
10
192.945
20
-268.871
0
VERTEX
8
L0D0
10
194.366
20
-272.095
0
VERTEX
8
L0D0
10
195.714
20
-275.35
0
VERTEX
8
L0D0
10
196.989
20
-278.634
0
VERTEX
8
L0D0
10
198.19
20
-281.946
0
VERTEX
8
L0D0
10
199.316
20
-285.284
0
VERTEX
8
L0D0
10
200.367
20
-288.647
0
VERTEX
8
L0D0
10
201.342
20
-292.032
0
VERTEX
8
L0D0
10
202.241
20
-295.439
0
VERTEX
8
L0D0
10
203.064
20
-298.864
0
VERTEX
8
L0D0
10
203.809
20
-302.307
0
VERTEX
8
L0D0
10
204.477
20
-305.767
0
VERTEX
8
L0D0
10
205.067
20
-309.24
0
VERTEX
8
L0D0
10
205.579
20
-312.725
0
VERTEX
8
L0D0
10
206.013
20
-316.222
0
VERTEX
8
L0D0
10
206.368
20
-319.727
0
VERTEX
8
L0D0
10
206.644
20
-323.239
0
VERTEX
8
L0D0
10
206.842
20
-326.756
0
VERTEX
8
L0D0
10
206.96
20
-330.277
0
VERTEX
8
L0D0
10
207
20
-333.8
0
VERTEX
8
L0D0
10
207
20
-1850
0
VERTEX
8
L0D0
10
207.04
20
-1853.403
0
VERTEX
8
L0D0
10
207.162
20
-1856.804
0
VERTEX
8
L0D0
10
207.364
20
-1860.202
0
VERTEX
8
L0D0
10
207.648
20
-1863.593
0
VERTEX
8
L0D0
10
208.011
20
-1866.977
0
VERTEX
8
L0D0
10
208.456
20
-1870.351
0
VERTEX
8
L0D0
10
208.98
20
-1873.714
0
VERTEX
8
L0D0
10
209.584
20
-1877.063
0
VERTEX
8
L0D0
10
210.268
20
-1880.397
0
VERTEX
8
L0D0
10
211.031
20
-1883.714
0
VERTEX
8
L0D0
10
211.873
20
-1887.011
0
VERTEX
8
L0D0
10
212.793
20
-1890.288
0
VERTEX
8
L0D0
10
213.79
20
-1893.542
0
VERTEX
8
L0D0
10
214.865
20
-1896.771
0
VERTEX
8
L0D0
10
216.016
20
-1899.973
0
VERTEX
8
L0D0
10
217.243
20
-1903.148
0
VERTEX
8
L0D0
10
218.546
20
-1906.292
0
VERTEX
8
L0D0
10
219.923
20
-1909.404
0
VERTEX
8
L0D0
10
221.373
20
-1912.483
0
VERTEX
8
L0D0
10
222.897
20
-1915.526
0
VERTEX
8
L0D0
10
224.492
20
-1918.533
0
VERTEX
8
L0D0
10
226.158
20
-1921.5
0
VERTEX
8
L0D0
10
227.895
20
-1924.427
0
VERTEX
8
L0D0
10
229.701
20
-1927.312
0
VERTEX
8
L0D0
10
231.575
20
-1930.153
0
VERTEX
8
L0D0
10
233.516
20
-1932.948
0
VERTEX
8
L0D0
10
235.523
20
-1935.697
0
VERTEX
8
L0D0
10
237.594
20
-1938.397
0
VERTEX
8
L0D0
10
239.73
20
-1941.047
0
VERTEX
8
L0D0
10
241.928
20
-1943.645
0
VERTEX
8
L0D0
10
244.187
20
-1946.19
0
VERTEX
8
L0D0
10
246.506
20
-1948.681
0
VERTEX
8
L0D0
10
248.884
20
-1951.116
0
VERTEX
8
L0D0
10
251.319
20
-1953.494
0
VERTEX
8
L0D0
10
253.81
20
-1955.813
0
VERTEX
8
L0D0
10
256.355
20
-1958.072
0
VERTEX
8
L0D0
10
258.953
20
-1960.27
0
VERTEX
8
L0D0
10
261.603
20
-1962.406
0
VERTEX
8
L0D0
10
264.303
20
-1964.477
0
VERTEX
8
L0D0
10
267.052
20
-1966.484
0
VERTEX
8
L0D0
10
269.847
20
-1968.425
0
VERTEX
8
L0D0
10
272.688
20
-1970.299
0
VERTEX
8
L0D0
10
275.573
20
-1972.105
0
VERTEX
8
L0D0
10
278.5
20
-1973.842
0
VERTEX
8
L0D0
10
281.467
20
-1975.508
0
VERTEX
8
L0D0
10
284.474
20
-1977.103
0
VERTEX
8
L0D0
10
287.517
20
-1978.627
0
VERTEX
8
L0D0
10
290.596
20
-1980.077
0
VERTEX
8
L0D0
10
293.708
20
-1981.454
0
VERTEX
8
L0D0
10
296.852
20
-1982.757
0
VERTEX
8
L0D0
10
300.027
20
-1983.984
0
VERTEX
8
L0D0
10
303.229
20
-1985.135
0
VERTEX
8
L0D0
10
306.458
20
-1986.21
0
VERTEX
8
L0D0
10
309.712
20
-1987.207
0
VERTEX
8
L0D0
10
312.989
20
-1988.127
0
VERTEX
8
L0D0
10
316.286
20
-1988.969
0
VERTEX
8
L0D0
10
319.603
20
-1989.732
0
VERTEX
8
L0D0
10
322.937
20
-1990.416
0
VERTEX
8
L0D0
10
326.286
20
-1991.02
0
VERTEX
8
L0D0
10
329.649
20
-1991.544
0
VERTEX
8
L0D0
10
333.023
20
-1991.989
0
VERTEX
8
L0D0
10
336.407
20
-1992.352
0
VERTEX
8
L0D0
10
339.798
20
-1992.636
0
VERTEX
8
L0D0
10
343.196
20
-1992.838
0
VERTEX
8
L0D0
10
346.597
20
-1992.96
0
VERTEX
8
L0D0
10
350
20
-1993
0
VERTEX
8
L0D0
10
450
20
-1993
0
VERTEX
8
L0D0
10
453.403
20
-1992.96
0
VERTEX
8
L0D0
10
456.804
20
-1992.838
0
VERTEX
8
L0D0
10
460.202
20
-1992.636
0
VERTEX
8
L0D0
10
463.593
20
-1992.352
0
VERTEX
8
L0D0
10
466.977
20
-1991.989
0
VERTEX
8
L0D0
10
470.351
20
-1991.544
0
VERTEX
8
L0D0
10
473.714
20
-1991.02
0
VERTEX
8
L0D0
10
477.063
20
-1990.416
0
VERTEX
8
L0D0
10
480.397
20
-1989.732
0
VERTEX
8
L0D0
10
483.714
20
-1988.969
0
VERTEX
8
L0D0
10
487.011
20
-1988.127
0
VERTEX
8
L0D0
10
490.288
20
-1987.207
0
VERTEX
8
L0D0
10
493.542
20
-1986.21
0
VERTEX
8
L0D0
10
496.771
20
-1985.135
0
VERTEX
8
L0D0
10
499.973
20
-1983.984
0
VERTEX
8
L0D0
10
503.148
20
-1982.757
0
VERTEX
8
L0D0
10
506.292
20
-1981.454
0
VERTEX
8
L0D0
10
509.404
20
-1980.077
0
VERTEX
8
L0D0
10
512.483
20
-1978.627
0
VERTEX
8
L0D0
10
515.526
20
-1977.103
0
VERTEX
8
L0D0
10
518.533
20
-1975.508
0
VERTEX
8
L0D0
10
521.5
20
-1973.842
0
VERTEX
8
L0D0
10
524.427
20
-1972.105
0
VERTEX
8
L0D0
10
527.312
20
-1970.299
0
VERTEX
8
L0D0
10
530.153
20
-1968.425
0
VERTEX
8
L0D0
10
532.948
20
-1966.484
0
VERTEX
8
L0D0
10
535.697
20
-1964.477
0
VERTEX
8
L0D0
10
538.397
20
-1962.406
0
VERTEX
8
L0D0
10
541.047
20
-1960.27
0
VERTEX
8
L0D0
10
543.645
20
-1958.072
0
VERTEX
8
L0D0
10
546.19
20
-1955.813
0
VERTEX
8
L0D0
10
548.681
20
-1953.494
0
VERTEX
8
L0D0
10
551.116
20
-1951.116
0
VERTEX
8
L0D0
10
553.494
20
-1948.681
0
VERTEX
8
L0D0
10
555.813
20
-1946.19
0
VERTEX
8
L0D0
10
558.072
20
-1943.645
0
VERTEX
8
L0D0
10
560.27
20
-1941.047
0
VERTEX
8
L0D0
10
562.406
20
-1938.397
0
VERTEX
8
L0D0
10
564.477
20
-1935.697
0
VERTEX
8
L0D0
10
566.484
20
-1932.948
0
VERTEX
8
L0D0
10
568.425
20
-1930.153
0
VERTEX
8
L0D0
10
570.299
20
-1927.312
0
VERTEX
8
L0D0
10
572.105
20
-1924.427
0
VERTEX
8
L0D0
10
573.842
20
-1921.5
0
VERTEX
8
L0D0
10
575.508
20
-1918.533
0
VERTEX
8
L0D0
10
577.103
20
-1915.526
0
VERTEX
8
L0D0
10
578.627
20
-1912.483
0
VERTEX
8
L0D0
10
580.077
20
-1909.404
0
VERTEX
8
L0D0
10
581.454
20
-1906.292
0
VERTEX
8
L0D0
10
582.757
20
-1903.148
0
VERTEX
8
L0D0
10
583.984
20
-1899.973
0
VERTEX
8
L0D0
10
585.135
20
-1896.771
0
VERTEX
8
L0D0
10
586.21
20
-1893.542
0
VERTEX
8
L0D0
10
587.207
20
-1890.288
0
VERTEX
8
L0D0
10
588.127
20
-1887.011
0
VERTEX
8
L0D0
10
588.969
20
-1883.714
0
VERTEX
8
L0D0
10
589.732
20
-1880.397
0
VERTEX
8
L0D0
10
590.416
20
-1877.063
0
VERTEX
8
L0D0
10
591.02
20
-1873.714
0
VERTEX
8
L0D0
10
591.544
20
-1870.351
0
VERTEX
8
L0D0
10
591.989
20
-1866.977
0
VERTEX
8
L0D0
10
592.352
20
-1863.593
0
VERTEX
8
L0D0
10
592.636
20
-1860.202
0
VERTEX
8
L0D0
10
592.838
20
-1856.804
0
VERTEX
8
L0D0
10
592.96
20
-1853.403
0
VERTEX
8
L0D0
10
593
20
-1850
0
VERTEX
8
L0D0
10
593
20
-848.1
0
VERTEX
8
L0D0
10
593.04
20
-844.577
0
VERTEX
8
L0D0
10
593.158
20
-841.056
0
VERTEX
8
L0D0
10
593.356
20
-837.539
0
VERTEX
8
L0D0
10
593.632
20
-834.027
0
VERTEX
8
L0D0
10
593.987
20
-830.522
0
VERTEX
8
L0D0
10
594.421
20
-827.025
0
VERTEX
8
L0D0
10
594.933
20
-823.54
0
VERTEX
8
L0D0
10
595.523
20
-820.067
0
VERTEX
8
L0D0
10
596.191
20
-816.607
0
VERTEX
8
L0D0
10
596.936
20
-813.164
0
VERTEX
8
L0D0
10
597.759
20
-809.739
0
VERTEX
8
L0D0
10
598.658
20
-806.332
0
VERTEX
8
L0D0
10
599.633
20
-802.947
0
VERTEX
8
L0D0
10
600.684
20
-799.584
0
VERTEX
8
L0D0
10
601.81
20
-796.246
0
VERTEX
8
L0D0
10
603.011
20
-792.934
0
VERTEX
8
L0D0
10
604.286
20
-789.65
0
VERTEX
8
L0D0
10
605.634
20
-786.395
0
VERTEX
8
L0D0
10
607.055
20
-783.171
0
VERTEX
8
L0D0
10
608.548
20
-779.98
0
VERTEX
8
L0D0
10
610.112
20
-776.823
0
VERTEX
8
L0D0
10
611.747
20
-773.703
0
VERTEX
8
L0D0
10
613.451
20
-770.619
0
VERTEX
8
L0D0
10
615.224
20
-767.575
0
VERTEX
8
L0D0
10
617.064
20
-764.571
0
VERTEX
8
L0D0
10
618.972
20
-761.609
0
VERTEX
8
L0D0
10
620.946
20
-758.691
0
VERTEX
8
L0D0
10
622.984
20
-755.818
0
VERTEX
8
L0D0
10
625.087
20
-752.991
0
VERTEX
8
L0D0
10
627.252
20
-750.212
0
VERTEX
8
L0D0
10
629.48
20
-747.483
0
VERTEX
8
L0D0
10
631.768
20
-744.804
0
VERTEX
8
L0D0
10
634.115
20
-742.177
0
VERTEX
8
L0D0
10
636.521
20
-739.603
0
VERTEX
8
L0D0
10
638.984
20
-737.084
0
VERTEX
8
L0D0
10
641.503
20
-734.621
0
VERTEX
8
L0D0
10
644.077
20
-732.215
0
VERTEX
8
L0D0
10
646.704
20
-729.868
0
VERTEX
8
L0D0
10
649.383
20
-727.58
0
VERTEX
8
L0D0
10
652.112
20
-725.352
0
VERTEX
8
L0D0
10
654.891
20
-723.187
0
VERTEX
8
L0D0
10
657.718
20
-721.084
0
VERTEX
8
L0D0
10
660.591
20
-719.046
0
VERTEX
8
L0D0
10
663.509
20
-717.072
0
VERTEX
8
L0D0
10
666.471
20
-715.164
0
VERTEX
8
L0D0
10
669.475
20
-713.324
0
VERTEX
8
L0D0
10
672.519
20
-711.551
0
VERTEX
8
L0D0
10
675.603
20
-709.847
0
VERTEX
8
L0D0
10
678.723
20
-708.212
0
VERTEX
8
L0D0
10
681.88
20
-706.648
0
VERTEX
8
L0D0
10
685.071
20
-705.155
0
VERTEX
8
L0D0
10
688.295
20
-703.734
0
VERTEX
8
L0D0
10
691.55
20
-702.386
0
VERTEX
8
L0D0
10
694.834
20
-701.111
0
VERTEX
8
L0D0
10
698.146
20
-699.91
0
VERTEX
8
L0D0
10
701.484
20
-698.784
0
VERTEX
8
L0D0
10
704.847
20
-697.733
0
VERTEX
8
L0D0
10
708.232
20
-696.758
0
VERTEX
8
L0D0
10
711.639
20
-695.859
0
VERTEX
8
L0D0
10
715.064
20
-695.036
0
VERTEX
8
L0D0
10
718.507
20
-694.291
0
VERTEX
8
L0D0
10
721.967
20
-693.623
0
VERTEX
8
L0D0
10
725.44
20
-693.033
0
VERTEX
8
L0D0
10
728.925
20
-692.521
0
VERTEX
8
L0D0
10
732.422
20
-692.087
0
VERTEX
8
L0D0
10
735.927
20
-691.732
0
VERTEX
8
L0D0
10
739.439
20
-691.456
0
VERTEX
8
L0D0
10
742.956
20
-691.258
0
VERTEX
8
L0D0
10
746.477
20
-691.14
0
VERTEX
8
L0D0
10
750
20
-691.1
0
VERTEX
8
L0D0
10
850
20
-691.1
0
VERTEX
8
L0D0
10
853.523
20
-691.14
0
VERTEX
8
L0D0
10
857.044
20
-691.258
0
VERTEX
8
L0D0
10
860.561
20
-691.456
0
VERTEX
8
L0D0
10
864.073
20
-691.732
0
VERTEX
8
L0D0
10
867.578
20
-692.087
0
VERTEX
8
L0D0
10
871.075
20
-692.521
0
VERTEX
8
L0D0
10
874.56
20
-693.033
0
VERTEX
8
L0D0
10
878.033
20
-693.623
0
VERTEX
8
L0D0
10
881.493
20
-694.291
0
VERTEX
8
L0D0
10
884.936
20
-695.036
0
VERTEX
8
L0D0
10
888.361
20
-695.859
0
VERTEX
8
L0D0
10
891.768
20
-696.758
0
VERTEX
8
L0D0
10
895.153
20
-697.733
0
VERTEX
8
L0D0
10
898.516
20
-698.784
0
VERTEX
8
L0D0
10
901.854
20
-699.91
0
VERTEX
8
L0D0
10
905.166
20
-701.111
0
VERTEX
8
L0D0
10
908.45
20
-702.386
0
VERTEX
8
L0D0
10
911.705
20
-703.734
0
VERTEX
8
L0D0
10
914.929
20
-705.155
0
VERTEX
8
L0D0
10
918.12
20
-706.648
0
VERTEX
8
L0D0
10
921.277
20
-708.212
0
VERTEX
8
L0D0
10
924.397
20
-709.847
0
VERTEX
8
L0D0
10
927.481
20
-711.551
0
VERTEX
8
L0D0
10
930.525
20
-713.324
0
VERTEX
8
L0D0
10
933.529
20
-715.164
0
VERTEX
8
L0D0
10
936.491
20
-717.072
0
VERTEX
8
L0D0
10
939.409
20
-719.046
0
VERTEX
8
L0D0
10
942.282
20
-721.084
0
VERTEX
8
L0D0
10
945.109
20
-723.187
0
VERTEX
8
L0D0
10
947.888
20
-725.352
0
VERTEX
8
L0D0
10
950.617
20
-727.58
0
VERTEX
8
L0D0
10
953.296
20
-729.868
0
VERTEX
8
L0D0
10
955.923
20
-732.215
0
VERTEX
8
L0D0
10
958.497
20
-734.621
0
VERTEX
8
L0D0
10
961.016
20
-737.084
0
VERTEX
8
L0D0
10
963.479
20
-739.603
0
VERTEX
8
L0D0
10
965.885
20
-742.177
0
VERTEX
8
L0D0
10
968.232
20
-744.804
0
VERTEX
8
L0D0
10
970.52
20
-747.483
0
VERTEX
8
L0D0
10
972.748
20
-750.212
0
VERTEX
8
L0D0
10
974.913
20
-752.991
0
VERTEX
8
L0D0
10
977.016
20
-755.818
0
VERTEX
8
L0D0
10
979.054
20
-758.691
0
VERTEX
8
L0D0
10
981.028
20
-761.609
0
VERTEX
8
L0D0
10
982.936
20
-764.571
0
VERTEX
8
L0D0
10
984.776
20
-767.575
0
VERTEX
8
L0D0
10
986.549
20
-770.619
0
VERTEX
8
L0D0
10
988.253
20
-773.703
0
VERTEX
8
L0D0
10
989.888
20
-776.823
0
VERTEX
8
L0D0
10
991.452
20
-779.98
0
VERTEX
8
L0D0
10
992.945
20
-783.171
0
VERTEX
8
L0D0
10
994.366
20
-786.395
0
VERTEX
8
L0D0
10
995.714
20
-789.65
0
VERTEX
8
L0D0
10
996.989
20
-792.934
0
VERTEX
8
L0D0
10
998.19
20
-796.246
0
VERTEX
8
L0D0
10
999.316
20
-799.584
0
VERTEX
8
L0D0
10
1000.367
20
-802.947
0
VERTEX
8
L0D0
10
1001.342
20
-806.332
0
VERTEX
8
L0D0
10
1002.241
20
-809.739
0
VERTEX
8
L0D0
10
1003.064
20
-813.164
0
VERTEX
8
L0D0
10
1003.809
20
-816.607
0
VERTEX
8
L0D0
10
1004.477
20
-820.067
0
VERTEX
8
L0D0
10
1005.067
20
-823.54
0
VERTEX
8
L0D0
10
1005.579
20
-827.025
0
VERTEX
8
L0D0
10
1006.013
20
-830.522
0
VERTEX
8
L0D0
10
1006.368
20
-834.027
0
VERTEX
8
L0D0
10
1006.644
20
-837.539
0
VERTEX
8
L0D0
10
1006.842
20
-841.056
0
VERTEX
8
L0D0
10
1006.96
20
-844.577
0
VERTEX
8
L0D0
10
1007
20
-848.1
0
VERTEX
8
L0D0
10
1007
20
-1950
0
VERTEX
8
L0D0
10
1007.04
20
-1953.403
0
VERTEX
8
L0D0
10
1007.162
20
-1956.804
0
VERTEX
8
L0D0
10
1007.364
20
-1960.202
0
VERTEX
8
L0D0
10
1007.648
20
-1963.593
0
VERTEX
8
L0D0
10
1008.011
20
-1966.977
0
VERTEX
8
L0D0
10
1008.456
20
-1970.351
0
VERTEX
8
L0D0
10
1008.98
20
-1973.714
0
VERTEX
8
L0D0
10
1009.584
20
-1977.063
0
VERTEX
8
L0D0
10
1010.268
20
-1980.397
0
VERTEX
8
L0D0
10
1011.031
20
-1983.714
0
VERTEX
8
L0D0
10
1011.873
20
-1987.011
0
VERTEX
8
L0D0
10
1012.793
20
-1990.288
0
VERTEX
8
L0D0
10
1013.79
20
-1993.542
0
VERTEX
8
L0D0
10
1014.865
20
-1996.771
0
VERTEX
8
L0D0
10
1016.016
20
-1999.973
0
VERTEX
8
L0D0
10
1017.243
20
-2003.148
0
VERTEX
8
L0D0
10
1018.546
20
-2006.292
0
VERTEX
8
L0D0
10
1019.923
20
-2009.404
0
VERTEX
8
L0D0
10
1021.373
20
-2012.483
0
VERTEX
8
L0D0
10
1022.897
20
-2015.526
0
VERTEX
8
L0D0
10
1024.492
20
-2018.533
0
VERTEX
8
L0D0
10
1026.158
20
-2021.5
0
VERTEX
8
L0D0
10
1027.895
20
-2024.427
0
VERTEX
8
L0D0
10
1029.701
20
-2027.312
0
VERTEX
8
L0D0
10
1031.575
20
-2030.153
0
VERTEX
8
L0D0
10
1033.516
20
-2032.948
0
VERTEX
8
L0D0
10
1035.523
20
-2035.697
0
VERTEX
8
L0D0
10
1037.594
20
-2038.397
0
VERTEX
8
L0D0
10
1039.73
20
-2041.047
0
VERTEX
8
L0D0
10
1041.928
20
-2043.645
0
VERTEX
8
L0D0
10
1044.187
20
-2046.19
0
VERTEX
8
L0D0
10
1046.506
20
-2048.681
0
VERTEX
8
L0D0
10
1048.884
20
-2051.116
0
VERTEX
8
L0D0
10
1051.319
20
-2053.494
0
VERTEX
8
L0D0
10
1053.81
20
-2055.813
0
VERTEX
8
L0D0
10
1056.355
20
-2058.072
0
VERTEX
8
L0D0
10
1058.953
20
-2060.27
0
VERTEX
8
L0D0
10
1061.603
20
-2062.406
0
VERTEX
8
L0D0
10
1064.303
20
-2064.477
0
VERTEX
8
L0D0
10
1067.052
20
-2066.484
0
VERTEX
8
L0D0
10
1069.847
20
-2068.425
0
VERTEX
8
L0D0
10
1072.688
20
-2070.299
0
VERTEX
8
L0D0
10
1075.573
20
-2072.105
0
VERTEX
8
L0D0
10
1078.5
20
-2073.842
0
VERTEX
8
L0D0
10
1081.467
20
-2075.508
0
VERTEX
8
L0D0
10
1084.474
20
-2077.103
0
VERTEX
8
L0D0
10
1087.517
20
-2078.627
0
VERTEX
8
L0D0
10
1090.596
20
-2080.077
0
VERTEX
8
L0D0
10
1093.708
20
-2081.454
0
VERTEX
8
L0D0
10
1096.852
20
-2082.757
0
VERTEX
8
L0D0
10
1100.027
20
-2083.984
0
VERTEX
8
L0D0
10
1103.229
20
-2085.135
0
VERTEX
8
L0D0
10
1106.458
20
-2086.21
0
VERTEX
8
L0D0
10
1109.712
20
-2087.207
0
VERTEX
8
L0D0
10
1112.989
20
-2088.127
0
VERTEX
8
L0D0
10
1116.286
20
-2088.969
0
VERTEX
8
L0D0
10
1119.603
20
-2089.732
0
VERTEX
8
L0D0
10
1122.937
20
-2090.416
0
VERTEX
8
L0D0
10
1126.286
20
-2091.02
0
VERTEX
8
L0D0
10
1129.649
20
-2091.544
0
VERTEX
8
L0D0
10
1133.023
20
-2091.989
0
VERTEX
8
L0D0
10
1136.407
20
-2092.352
0
VERTEX
8
L0D0
10
1139.798
20
-2092.636
0
VERTEX
8
L0D0
10
1143.196
20
-2092.838
0
VERTEX
8
L0D0
10
1146.597
20
-2092.96
0
VERTEX
8
L0D0
10
1150
20
-2093
0
VERTEX
8
L0D0
10
1545.75
20
-2093
0
VERTEX
8
L0D0
10
1549.153
20
-2092.96
0
VERTEX
8
L0D0
10
1552.554
20
-2092.838
0
VERTEX
8
L0D0
10
1555.952
20
-2092.636
0
VERTEX
8
L0D0
10
1559.343
20
-2092.352
0
VERTEX
8
L0D0
10
1562.727
20
-2091.989
0
VERTEX
8
L0D0
10
1566.101
20
-2091.544
0
VERTEX
8
L0D0
10
1569.464
20
-2091.02
0
VERTEX
8
L0D0
10
1572.813
20
-2090.416
0
VERTEX
8
L0D0
10
1576.147
20
-2089.732
0
VERTEX
8
L0D0
10
1579.464
20
-2088.969
0
VERTEX
8
L0D0
10
1582.761
20
-2088.127
0
VERTEX
8
L0D0
10
1586.038
20
-2087.207
0
VERTEX
8
L0D0
10
1589.292
20
-2086.21
0
VERTEX
8
L0D0
10
1592.521
20
-2085.135
0
VERTEX
8
L0D0
10
1595.723
20
-2083.984
0
VERTEX
8
L0D0
10
1598.898
20
-2082.757
0
VERTEX
8
L0D0
10
1602.042
20
-2081.454
0
VERTEX
8
L0D0
10
1605.154
20
-2080.077
0
VERTEX
8
L0D0
10
1608.233
20
-2078.627
0
VERTEX
8
L0D0
10
1611.276
20
-2077.103
0
VERTEX
8
L0D0
10
1614.283
20
-2075.508
0
VERTEX
8
L0D0
10
1617.25
20
-2073.842
0
VERTEX
8
L0D0
10
1620.177
20
-2072.105
0
VERTEX
8
L0D0
10
1623.062
20
-2070.299
0
VERTEX
8
L0D0
10
1625.903
20
-2068.425
0
VERTEX
8
L0D0
10
1628.698
20
-2066.484
0
VERTEX
8
L0D0
10
1631.447
20
-2064.477
0
VERTEX
8
L0D0
10
1634.147
20
-2062.406
0
VERTEX
8
L0D0
10
1636.797
20
-2060.27
0
VERTEX
8
L0D0
10
1639.395
20
-2058.072
0
VERTEX
8
L0D0
10
1641.94
20
-2055.813
0
VERTEX
8
L0D0
10
1644.431
20
-2053.494
0
VERTEX
8
L0D0
10
1646.866
20
-2051.116
0
VERTEX
8
L0D0
10
1649.244
20
-2048.681
0
VERTEX
8
L0D0
10
1651.563
20
-2046.19
0
VERTEX
8
L0D0
10
1653.822
20
-2043.645
0
VERTEX
8
L0D0
10
1656.02
20
-2041.047
0
VERTEX
8
L0D0
10
1658.156
20
-2038.397
0
VERTEX
8
L0D0
10
1660.227
20
-2035.697
0
VERTEX
8
L0D0
10
1662.234
20
-2032.948
0
VERTEX
8
L0D0
10
1664.175
20
-2030.153
0
VERTEX
8
L0D0
10
1666.049
20
-2027.312
0
VERTEX
8
L0D0
10
1667.855
20
-2024.427
0
VERTEX
8
L0D0
10
1669.592
20
-2021.5
0
VERTEX
8
L0D0
10
1671.258
20
-2018.533
0
VERTEX
8
L0D0
10
1672.853
20
-2015.526
0
VERTEX
8
L0D0
10
1674.377
20
-2012.483
0
VERTEX
8
L0D0
10
1675.827
20
-2009.404
0
VERTEX
8
L0D0
10
1677.204
20
-2006.292
0
VERTEX
8
L0D0
10
1678.507
20
-2003.148
0
VERTEX
8
L0D0
10
1679.734
20
-1999.973
0
VERTEX
8
L0D0
10
1680.885
20
-1996.771
0
VERTEX
8
L0D0
10
1681.96
20
-1993.542
0
VERTEX
8
L0D0
10
1682.957
20
-1990.288
0
VERTEX
8
L0D0
10
1683.877
20
-1987.011
0
VERTEX
8
L0D0
10
1684.719
20
-1983.714
0
VERTEX
8
L0D0
10
1685.482
20
-1980.397
0
VERTEX
8
L0D0
10
1686.166
20
-1977.063
0
VERTEX
8
L0D0
10
1686.77
20
-1973.714
0
VERTEX
8
L0D0
10
1687.294
20
-1970.351
0
VERTEX
8
L0D0
10
1687.739
20
-1966.977
0
VERTEX
8
L0D0
10
1688.102
20
-1963.593
0
VERTEX
8
L0D0
10
1688.386
20
-1960.202
0
VERTEX
8
L0D0
10
1688.588
20
-1956.804
0
VERTEX
8
L0D0
10
1688.71
20
-1953.403
0
VERTEX
8
L0D0
10
1688.75
20
-1950
0
VERTEX
8
L0D0
10
1688.75
20
-200
0
VERTEX
8
L0D0
10
1688.71
20
-196.597
0
VERTEX
8
L0D0
10
1688.588
20
-193.196
0
VERTEX
8
L0D0
10
1688.386
20
-189.798
0
VERTEX
8
L0D0
10
1688.102
20
-186.407
0
VERTEX
8
L0D0
10
1687.739
20
-183.023
0
VERTEX
8
L0D0
10
1687.294
20
-179.649
0
VERTEX
8
L0D0
10
1686.77
20
-176.286
0
VERTEX
8
L0D0
10
1686.166
20
-172.937
0
VERTEX
8
L0D0
10
1685.482
20
-169.603
0
VERTEX
8
L0D0
10
1684.719
20
-166.286
0
VERTEX
8
L0D0
10
1683.877
20
-162.989
0
VERTEX
8
L0D0
10
1682.957
20
-159.712
0
VERTEX
8
L0D0
10
1681.96
20
-156.458
0
VERTEX
8
L0D0
10
1680.885
20
-153.229
0
VERTEX
8
L0D0
10
1679.734
20
-150.027
0
VERTEX
8
L0D0
10
1678.507
20
-146.852
0
VERTEX
8
L0D0
10
1677.204
20
-143.708
0
VERTEX
8
L0D0
10
1675.827
20
-140.596
0
VERTEX
8
L0D0
10
1674.377
20
-137.517
0
VERTEX
8
L0D0
10
1672.853
20
-134.474
0
VERTEX
8
L0D0
10
1671.258
20
-131.467
0
VERTEX
8
L0D0
10
1669.592
20
-128.5
0
VERTEX
8
L0D0
10
1667.855
20
-125.573
0
VERTEX
8
L0D0
10
1666.049
20
-122.688
0
VERTEX
8
L0D0
10
1664.175
20
-119.847
0
VERTEX
8
L0D0
10
1662.234
20
-117.052
0
VERTEX
8
L0D0
10
1660.227
20
-114.303
0
VERTEX
8
L0D0
10
1658.156
20
-111.603
0
VERTEX
8
L0D0
10
1656.02
20
-108.953
0
VERTEX
8
L0D0
10
1653.822
20
-106.355
0
VERTEX
8
L0D0
10
1651.563
20
-103.81
0
VERTEX
8
L0D0
10
1649.244
20
-101.319
0
VERTEX
8
L0D0
10
1646.866
20
-98.884
0
VERTEX
8
L0D0
10
1644.431
20
-96.506
0
VERTEX
8
L0D0
10
1641.94
20
-94.187
0
VERTEX
8
L0D0
10
1639.395
20
-91.928
0
VERTEX
8
L0D0
10
1636.797
20
-89.73
0
VERTEX
8
L0D0
10
1634.147
20
-87.594
0
VERTEX
8
L0D0
10
1631.447
20
-85.523
0
VERTEX
8
L0D0
10
1628.698
20
-83.516
0
VERTEX
8
L0D0
10
1625.903
20
-81.575
0
VERTEX
8
L0D0
10
1623.062
20
-79.701
0
VERTEX
8
L0D0
10
1620.177
20
-77.895
0
VERTEX
8
L0D0
10
1617.25
20
-76.158
0
VERTEX
8
L0D0
10
1614.283
20
-74.492
0
VERTEX
8
L0D0
10
1611.276
20
-72.897
0
VERTEX
8
L0D0
10
1608.233
20
-71.373
0
VERTEX
8
L0D0
10
1605.154
20
-69.923
0
VERTEX
8
L0D0
10
1602.042
20
-68.546
0
VERTEX
8
L0D0
10
1598.898
20
-67.243
0
VERTEX
8
L0D0
10
1595.723
20
-66.016
0
VERTEX
8
L0D0
10
1592.521
20
-64.865
0
VERTEX
8
L0D0
10
1589.292
20
-63.79
0
VERTEX
8
L0D0
10
1586.038
20
-62.793
0
VERTEX
8
L0D0
10
1582.761
20
-61.873
0
VERTEX
8
L0D0
10
1579.464
20
-61.031
0
VERTEX
8
L0D0
10
1576.147
20
-60.268
0
VERTEX
8
L0D0
10
1572.813
20
-59.584
0
VERTEX
8
L0D0
10
1569.464
20
-58.98
0
VERTEX
8
L0D0
10
1566.101
20
-58.456
0
VERTEX
8
L0D0
10
1562.727
20
-58.011
0
VERTEX
8
L0D0
10
1559.343
20
-57.648
0
VERTEX
8
L0D0
10
1555.952
20
-57.364
0
VERTEX
8
L0D0
10
1552.554
20
-57.162
0
VERTEX
8
L0D0
10
1549.153
20
-57.04
0
VERTEX
8
L0D0
10
1545.75
20
-57
0
VERTEX
8
L0D0
10
1087.4
20
-57
0
VERTEX
8
L0D0
10
1083.877
20
-56.96
0
VERTEX
8
L0D0
10
1080.356
20
-56.842
0
VERTEX
8
L0D0
10
1076.839
20
-56.644
0
VERTEX
8
L0D0
10
1073.327
20
-56.368
0
VERTEX
8
L0D0
10
1069.822
20
-56.013
0
VERTEX
8
L0D0
10
1066.325
20
-55.579
0
VERTEX
8
L0D0
10
1062.84
20
-55.067
0
VERTEX
8
L0D0
10
1059.367
20
-54.477
0
VERTEX
8
L0D0
10
1055.907
20
-53.809
0
VERTEX
8
L0D0
10
1052.464
20
-53.064
0
VERTEX
8
L0D0
10
1049.039
20
-52.241
0
VERTEX
8
L0D0
10
1045.632
20
-51.342
0
VERTEX
8
L0D0
10
1042.247
20
-50.367
0
VERTEX
8
L0D0
10
1038.884
20
-49.316
0
VERTEX
8
L0D0
10
1035.546
20
-48.19
0
VERTEX
8
L0D0
10
1032.234
20
-46.989
0
VERTEX
8
L0D0
10
1028.95
20
-45.714
0
VERTEX
8
L0D0
10
1025.695
20
-44.366
0
VERTEX
8
L0D0
10
1022.471
20
-42.945
0
VERTEX
8
L0D0
10
1019.28
20
-41.452
0
VERTEX
8
L0D0
10
1016.123
20
-39.888
0
VERTEX
8
L0D0
10
1013.003
20
-38.253
0
VERTEX
8
L0D0
10
1009.919
20
-36.549
0
VERTEX
8
L0D0
10
1006.875
20
-34.776
0
VERTEX
8
L0D0
10
1003.871
20
-32.936
0
VERTEX
8
L0D0
10
1000.909
20
-31.028
0
VERTEX
8
L0D0
10
997.991
20
-29.054
0
VERTEX
8
L0D0
10
995.118
20
-27.016
0
VERTEX
8
L0D0
10
992.291
20
-24.913
0
VERTEX
8
L0D0
10
989.512
20
-22.748
0
VERTEX
8
L0D0
10
986.783
20
-20.52
0
VERTEX
8
L0D0
10
984.104
20
-18.232
0
VERTEX
8
L0D0
10
981.477
20
-15.885
0
VERTEX
8
L0D0
10
978.903
20
-13.479
0
VERTEX
8
L0D0
10
976.384
20
-11.016
0
VERTEX
8
L0D0
10
973.921
20
-8.497
0
VERTEX
8
L0D0
10
971.515
20
-5.923
0
VERTEX
8
L0D0
10
969.168
20
-3.296
0
VERTEX
8
L0D0
10
966.88
20
-0.617
0
VERTEX
8
L0D0
10
964.652
20
2.112
0
VERTEX
8
L0D0
10
962.487
20
4.891
0
VERTEX
8
L0D0
10
960.384
20
7.718
0
VERTEX
8
L0D0
10
958.346
20
10.591
0
VERTEX
8
L0D0
10
956.372
20
13.509
0
VERTEX
8
L0D0
10
954.464
20
16.471
0
VERTEX
8
L0D0
10
952.624
20
19.475
0
VERTEX
8
L0D0
10
950.851
20
22.519
0
VERTEX
8
L0D0
10
949.147
20
25.603
0
VERTEX
8
L0D0
10
947.512
20
28.723
0
VERTEX
8
L0D0
10
945.948
20
31.88
0
VERTEX
8
L0D0
10
944.455
20
35.071
0
VERTEX
8
L0D0
10
943.034
20
38.295
0
VERTEX
8
L0D0
10
941.686
20
41.55
0
VERTEX
8
L0D0
10
940.411
20
44.834
0
VERTEX
8
L0D0
10
939.21
20
48.146
0
VERTEX
8
L0D0
10
938.084
20
51.484
0
VERTEX
8
L0D0
10
937.033
20
54.847
0
VERTEX
8
L0D0
10
936.058
20
58.232
0
VERTEX
8
L0D0
10
935.159
20
61.639
0
VERTEX
8
L0D0
10
934.336
20
65.064
0
VERTEX
8
L0D0
10
933.591
20
68.507
0
VERTEX
8
L0D0
10
932.923
20
71.967
0
VERTEX
8
L0D0
10
932.333
20
75.44
0
VERTEX
8
L0D0
10
931.821
20
78.925
0
VERTEX
8
L0D0
10
931.387
20
82.422
0
VERTEX
8
L0D0
10
931.032
20
85.927
0
VERTEX
8
L0D0
10
930.756
20
89.439
0
VERTEX
8
L0D0
10
930.558
20
92.956
0
VERTEX
8
L0D0
10
930.44
20
96.477
0
VERTEX
8
L0D0
10
930.4
20
100
0
VERTEX
8
L0D0
10
930.4
20
200
0
VERTEX
8
L0D0
10
930.44
20
203.523
0
VERTEX
8
L0D0
10
930.558
20
207.044
0
VERTEX
8
L0D0
10
930.756
20
210.561
0
VERTEX
8
L0D0
10
931.032
20
214.073
0
VERTEX
8
L0D0
10
931.387
20
217.578
0
VERTEX
8
L0D0
10
931.821
20
221.075
0
VERTEX
8
L0D0
10
932.333
20
224.56
0
VERTEX
8
L0D0
10
932.923
20
228.033
0
VERTEX
8
L0D0
10
933.591
20
231.493
0
VERTEX
8
L0D0
10
934.336
20
234.936
0
VERTEX
8
L0D0
10
935.159
20
238.361
0
VERTEX
8
L0D0
10
936.058
20
241.768
0
VERTEX
8
L0D0
10
937.033
20
245.153
0
VERTEX
8
L0D0
10
938.084
20
248.516
0
VERTEX
8
L0D0
10
939.21
20
251.854
0
VERTEX
8
L0D0
10
940.411
20
255.166
0
VERTEX
8
L0D0
10
941.686
20
258.45
0
VERTEX
8
L0D0
10
943.034
20
261.705
0
VERTEX
8
L0D0
10
944.455
20
264.929
0
VERTEX
8
L0D0
10
945.948
20
268.12
0
VERTEX
8
L0D0
10
947.512
20
271.277
0
VERTEX
8
L0D0
10
949.147
20
274.397
0
VERTEX
8
L0D0
10
950.851
20
277.481
0
VERTEX
8
L0D0
10
952.624
20
280.525
0
VERTEX
8
L0D0
10
954.464
20
283.529
0
VERTEX
8
L0D0
10
956.372
20
286.491
0
VERTEX
8
L0D0
10
958.346
20
289.409
0
VERTEX
8
L0D0
10
960.384
20
292.282
0
VERTEX
8
L0D0
10
962.487
20
295.109
0
VERTEX
8
L0D0
10
964.652
20
297.888
0
VERTEX
8
L0D0
10
966.88
20
300.617
0
VERTEX
8
L0D0
10
969.168
20
303.296
0
VERTEX
8
L0D0
10
971.515
20
305.923
0
VERTEX
8
L0D0
10
973.921
20
308.497
0
VERTEX
8
L0D0
10
976.384
20
311.016
0
VERTEX
8
L0D0
10
978.903
20
313.479
0
VERTEX
8
L0D0
10
981.477
20
315.885
0
VERTEX
8
L0D0
10
984.104
20
318.232
0
VERTEX
8
L0D0
10
986.783
20
320.52
0
VERTEX
8
L0D0
10
989.512
20
322.748
0
VERTEX
8
L0D0
10
992.291
20
324.913
0
VERTEX
8
L0D0
10
995.118
20
327.016
0
VERTEX
8
L0D0
10
997.991
20
329.054
0
VERTEX
8
L0D0
10
1000.909
20
331.028
0
VERTEX
8
L0D0
10
1003.871
20
332.936
0
VERTEX
8
L0D0
10
1006.875
20
334.776
0
VERTEX
8
L0D0
10
1009.919
20
336.549
0
VERTEX
8
L0D0
10
1013.003
20
338.253
0
VERTEX
8
L0D0
10
1016.123
20
339.888
0
VERTEX
8
L0D0
10
1019.28
20
341.452
0
VERTEX
8
L0D0
10
1022.471
20
342.945
0
VERTEX
8
L0D0
10
1025.695
20
344.366
0
VERTEX
8
L0D0
10
1028.95
20
345.714
0
VERTEX
8
L0D0
10
1032.234
20
346.989
0
VERTEX
8
L0D0
10
1035.546
20
348.19
0
VERTEX
8
L0D0
10
1038.884
20
349.316
0
VERTEX
8
L0D0
10
1042.247
20
350.367
0
VERTEX
8
L0D0
10
1045.632
20
351.342
0
VERTEX
8
L0D0
10
1049.039
20
352.241
0
VERTEX
8
L0D0
10
1052.464
20
353.064
0
VERTEX
8
L0D0
10
1055.907
20
353.809
0
VERTEX
8
L0D0
10
1059.367
20
354.477
0
VERTEX
8
L0D0
10
1062.84
20
355.067
0
VERTEX
8
L0D0
10
1066.325
20
355.579
0
VERTEX
8
L0D0
10
1069.822
20
356.013
0
VERTEX
8
L0D0
10
1073.327
20
356.368
0
VERTEX
8
L0D0
10
1076.839
20
356.644
0
VERTEX
8
L0D0
10
1080.356
20
356.842
0
VERTEX
8
L0D0
10
1083.877
20
356.96
0
VERTEX
8
L0D0
10
1087.4
20
357
0
VERTEX
8
L0D0
10
2050
20
357
0
VERTEX
8
L0D0
10
2053.403
20
357.04
0
VERTEX
8
L0D0
10
2056.804
20
357.162
0
VERTEX
8
L0D0
10
2060.202
20
357.364
0
VERTEX
8
L0D0
10
2063.593
20
357.648
0
VERTEX
8
L0D0
10
2066.977
20
358.011
0
VERTEX
8
L0D0
10
2070.351
20
358.456
0
VERTEX
8
L0D0
10
2073.714
20
358.98
0
VERTEX
8
L0D0
10
2077.063
20
359.584
0
VERTEX
8
L0D0
10
2080.397
20
360.268
0
VERTEX
8
L0D0
10
2083.714
20
361.031
0
VERTEX
8
L0D0
10
2087.011
20
361.873
0
VERTEX
8
L0D0
10
2090.288
20
362.793
0
VERTEX
8
L0D0
10
2093.542
20
363.79
0
VERTEX
8
L0D0
10
2096.771
20
364.865
0
VERTEX
8
L0D0
10
2099.973
20
366.016
0
VERTEX
8
L0D0
10
2103.148
20
367.243
0
VERTEX
8
L0D0
10
2106.292
20
368.546
0
VERTEX
8
L0D0
10
2109.404
20
369.923
0
VERTEX
8
L0D0
10
2112.483
20
371.373
0
VERTEX
8
L0D0
10
2115.526
20
372.897
0
VERTEX
8
L0D0
10
2118.533
20
374.492
0
VERTEX
8
L0D0
10
2121.5
20
376.158
0
VERTEX
8
L0D0
10
2124.427
20
377.895
0
VERTEX
8
L0D0
10
2127.312
20
379.701
0
VERTEX
8
L0D0
10
2130.153
20
381.575
0
VERTEX
8
L0D0
10
2132.948
20
383.516
0
VERTEX
8
L0D0
10
2135.697
20
385.523
0
VERTEX
8
L0D0
10
2138.397
20
387.594
0
VERTEX
8
L0D0
10
2141.047
20
389.73
0
VERTEX
8
L0D0
10
2143.645
20
391.928
0
VERTEX
8
L0D0
10
2146.19
20
394.187
0
VERTEX
8
L0D0
10
2148.681
20
396.506
0
VERTEX
8
L0D0
10
2151.116
20
398.884
0
VERTEX
8
L0D0
10
2153.494
20
401.319
0
VERTEX
8
L0D0
10
2155.813
20
403.81
0
VERTEX
8
L0D0
10
2158.072
20
406.355
0
VERTEX
8
L0D0
10
2160.27
20
408.953
0
VERTEX
8
L0D0
10
2162.406
20
411.603
0
VERTEX
8
L0D0
10
2164.477
20
414.303
0
VERTEX
8
L0D0
10
2166.484
20
417.052
0
VERTEX
8
L0D0
10
2168.425
20
419.847
0
VERTEX
8
L0D0
10
2170.299
20
422.688
0
VERTEX
8
L0D0
10
2172.105
20
425.573
0
VERTEX
8
L0D0
10
2173.842
20
428.5
0
VERTEX
8
L0D0
10
2175.508
20
431.467
0
VERTEX
8
L0D0
10
2177.103
20
434.474
0
VERTEX
8
L0D0
10
2178.627
20
437.517
0
VERTEX
8
L0D0
10
2180.077
20
440.596
0
VERTEX
8
L0D0
10
2181.454
20
443.708
0
VERTEX
8
L0D0
10
2182.757
20
446.852
0
VERTEX
8
L0D0
10
2183.984
20
450.027
0
VERTEX
8
L0D0
10
2185.135
20
453.229
0
VERTEX
8
L0D0
10
2186.21
20
456.458
0
VERTEX
8
L0D0
10
2187.207
20
459.712
0
VERTEX
8
L0D0
10
2188.127
20
462.989
0
VERTEX
8
L0D0
10
2188.969
20
466.286
0
VERTEX
8
L0D0
10
2189.732
20
469.603
0
VERTEX
8
L0D0
10
2190.416
20
472.937
0
VERTEX
8
L0D0
10
2191.02
20
476.286
0
VERTEX
8
L0D0
10
2191.544
20
479.649
0
VERTEX
8
L0D0
10
2191.989
20
483.023
0
VERTEX
8
L0D0
10
2192.352
20
486.407
0
VERTEX
8
L0D0
10
2192.636
20
489.798
0
VERTEX
8
L0D0
10
2192.838
20
493.196
0
VERTEX
8
L0D0
10
2192.96
20
496.597
0
VERTEX
8
L0D0
10
2193
20
500
0
VERTEX
8
L0D0
10
2193
20
600
0
VERTEX
8
L0D0
10
2192.96
20
603.403
0
VERTEX
8
L0D0
10
2192.838
20
606.804
0
VERTEX
8
L0D0
10
2192.636
20
610.202
0
VERTEX
8
L0D0
10
2192.352
20
613.593
0
VERTEX
8
L0D0
10
2191.989
20
616.977
0
VERTEX
8
L0D0
10
2191.544
20
620.351
0
VERTEX
8
L0D0
10
2191.02
20
623.714
0
VERTEX
8
L0D0
10
2190.416
20
627.063
0
VERTEX
8
L0D0
10
2189.732
20
630.397
0
VERTEX
8
L0D0
10
2188.969
20
633.714
0
VERTEX
8
L0D0
10
2188.127
20
637.011
0
VERTEX
8
L0D0
10
2187.207
20
640.288
0
VERTEX
8
L0D0
10
2186.21
20
643.542
0
VERTEX
8
L0D0
10
2185.135
20
646.771
0
VERTEX
8
L0D0
10
2183.984
20
649.973
0
VERTEX
8
L0D0
10
2182.757
20
653.148
0
VERTEX
8
L0D0
10
2181.454
20
656.292
0
VERTEX
8
L0D0
10
2180.077
20
659.404
0
VERTEX
8
L0D0
10
2178.627
20
662.483
0
VERTEX
8
L0D0
10
2177.103
20
665.526
0
VERTEX
8
L0D0
10
2175.508
20
668.533
0
VERTEX
8
L0D0
10
2173.842
20
671.5
0
VERTEX
8
L0D0
10
2172.105
20
674.427
0
VERTEX
8
L0D0
10
2170.299
20
677.312
0
VERTEX
8
L0D0
10
2168.425
20
680.153
0
VERTEX
8
L0D0
10
2166.484
20
682.948
0
VERTEX
8
L0D0
10
2164.477
20
685.697
0
VERTEX
8
L0D0
10
2162.406
20
688.397
0
VERTEX
8
L0D0
10
2160.27
20
691.047
0
VERTEX
8
L0D0
10
2158.072
20
693.645
0
VERTEX
8
L0D0
10
2155.813
20
696.19
0
VERTEX
8
L0D0
10
2153.494
20
698.681
0
VERTEX
8
L0D0
10
2151.116
20
701.116
0
VERTEX
8
L0D0
10
2148.681
20
703.494
0
VERTEX
8
L0D0
10
2146.19
20
705.813
0
VERTEX
8
L0D0
10
2143.645
20
708.072
0
VERTEX
8
L0D0
10
2141.047
20
710.27
0
VERTEX
8
L0D0
10
2138.397
20
712.406
0
VERTEX
8
L0D0
10
2135.697
20
714.477
0
VERTEX
8
L0D0
10
2132.948
20
716.484
0
VERTEX
8
L0D0
10
2130.153
20
718.425
0
VERTEX
8
L0D0
10
2127.312
20
720.299
0
VERTEX
8
L0D0
10
2124.427
20
722.105
0
VERTEX
8
L0D0
10
2121.5
20
723.842
0
VERTEX
8
L0D0
10
2118.533
20
725.508
0
VERTEX
8
L0D0
10
2115.526
20
727.103
0
VERTEX
8
L0D0
10
2112.483
20
728.627
0
VERTEX
8
L0D0
10
2109.404
20
730.077
0
VERTEX
8
L0D0
10
2106.292
20
731.454
0
VERTEX
8
L0D0
10
2103.148
20
732.757
0
VERTEX
8
L0D0
10
2099.973
20
733.984
0
VERTEX
8
L0D0
10
2096.771
20
735.135
0
VERTEX
8
L0D0
10
2093.542
20
736.21
0
VERTEX
8
L0D0
10
2090.288
20
737.207
0
VERTEX
8
L0D0
10
2087.011
20
738.127
0
VERTEX
8
L0D0
10
2083.714
20
738.969
0
VERTEX
8
L0D0
10
2080.397
20
739.732
0
VERTEX
8
L0D0
10
2077.063
20
740.416
0
VERTEX
8
L0D0
10
2073.714
20
741.02
0
VERTEX
8
L0D0
10
2070.351
20
741.544
0
VERTEX
8
L0D0
10
2066.977
20
741.989
0
VERTEX
8
L0D0
10
2063.593
20
742.352
0
VERTEX
8
L0D0
10
2060.202
20
742.636
0
VERTEX
8
L0D0
10
2056.804
20
742.838
0
VERTEX
8
L0D0
10
2053.403
20
742.96
0
VERTEX
8
L0D0
10
2050
20
743
0
VERTEX
8
L0D0
10
1845.75
20
743
0
VERTEX
8
L0D0
10
1842.227
20
743.04
0
VERTEX
8
L0D0
10
1838.706
20
743.158
0
VERTEX
8
L0D0
10
1835.189
20
743.356
0
VERTEX
8
L0D0
10
1831.677
20
743.632
0
VERTEX
8
L0D0
10
1828.172
20
743.987
0
VERTEX
8
L0D0
10
1824.675
20
744.421
0
VERTEX
8
L0D0
10
1821.19
20
744.933
0
VERTEX
8
L0D0
10
1817.717
20
745.523
0
VERTEX
8
L0D0
10
1814.257
20
746.191
0
VERTEX
8
L0D0
10
1810.814
20
746.936
0
VERTEX
8
L0D0
10
1807.389
20
747.759
0
VERTEX
8
L0D0
10
1803.982
20
748.658
0
VERTEX
8
L0D0
10
1800.597
20
749.633
0
VERTEX
8
L0D0
10
1797.234
20
750.684
0
VERTEX
8
L0D0
10
1793.896
20
751.81
0
VERTEX
8
L0D0
10
1790.584
20
753.011
0
VERTEX
8
L0D0
10
1787.3
20
754.286
0
VERTEX
8
L0D0
10
1784.045
20
755.634
0
VERTEX
8
L0D0
10
1780.821
20
757.055
0
VERTEX
8
L0D0
10
1777.63
20
758.548
0
VERTEX
8
L0D0
10
1774.473
20
760.112
0
VERTEX
8
L0D0
10
1771.353
20
761.747
0
VERTEX
8
L0D0
10
1768.269
20
763.451
0
VERTEX
8
L0D0
10
1765.225
20
765.224
0
VERTEX
8
L0D0
10
1762.221
20
767.064
0
VERTEX
8
L0D0
10
1759.259
20
768.972
0
VERTEX
8
L0D0
10
1756.341
20
770.946
0
VERTEX
8
L0D0
10
1753.468
20
772.984
0
VERTEX
8
L0D0
10
1750.641
20
775.087
0
VERTEX
8
L0D0
10
1747.862
20
777.252
0
VERTEX
8
L0D0
10
1745.133
20
779.48
0
VERTEX
8
L0D0
10
1742.454
20
781.768
0
VERTEX
8
L0D0
10
1739.827
20
784.115
0
VERTEX
8
L0D0
10
1737.253
20
786.521
0
VERTEX
8
L0D0
10
1734.734
20
788.984
0
VERTEX
8
L0D0
10
1732.271
20
791.503
0
VERTEX
8
L0D0
10
1729.865
20
794.077
0
VERTEX
8
L0D0
10
1727.518
20
796.704
0
VERTEX
8
L0D0
10
1725.23
20
799.383
0
VERTEX
8
L0D0
10
1723.002
20
802.112
0
VERTEX
8
L0D0
10
1720.837
20
804.891
0
VERTEX
8
L0D0
10
1718.734
20
807.718
0
VERTEX
8
L0D0
10
1716.696
20
810.591
0
VERTEX
8
L0D0
10
1714.722
20
813.509
0
VERTEX
8
L0D0
10
1712.814
20
816.471
0
VERTEX
8
L0D0
10
1710.974
20
819.475
0
VERTEX
8
L0D0
10
1709.201
20
822.519
0
VERTEX
8
L0D0
10
1707.497
20
825.603
0
VERTEX
8
L0D0
10
1705.862
20
828.723
0
VERTEX
8
L0D0
10
1704.298
20
831.88
0
VERTEX
8
L0D0
10
1702.805
20
835.071
0
VERTEX
8
L0D0
10
1701.384
20
838.295
0
VERTEX
8
L0D0
10
1700.036
20
841.55
0
VERTEX
8
L0D0
10
1698.761
20
844.834
0
VERTEX
8
L0D0
10
1697.56
20
848.146
0
VERTEX
8
L0D0
10
1696.434
20
851.484
0
VERTEX
8
L0D0
10
1695.383
20
854.847
0
VERTEX
8
L0D0
10
1694.408
20
858.232
0
VERTEX
8
L0D0
10
1693.509
20
861.639
0
VERTEX
8
L0D0
10
1692.686
20
865.064
0
VERTEX
8
L0D0
10
1691.941
20
868.507
0
VERTEX
8
L0D0
10
1691.273
20
871.967
0
VERTEX
8
L0D0
10
1690.683
20
875.44
0
VERTEX
8
L0D0
10
1690.171
20
878.925
0
VERTEX
8
L0D0
10
1689.737
20
882.422
0
VERTEX
8
L0D0
10
1689.382
20
885.927
0
VERTEX
8
L0D0
10
1689.106
20
889.439
0
VERTEX
8
L0D0
10
1688.908
20
892.956
0
VERTEX
8
L0D0
10
1688.79
20
896.477
0
VERTEX
8
L0D0
10
1688.75
20
900
0
VERTEX
8
L0D0
10
1688.75
20
1659.5
0
VERTEX
8
L0D0
10
1688.71
20
1663.437
0
VERTEX
8
L0D0
10
1688.589
20
1667.372
0
VERTEX
8
L0D0
10
1688.389
20
1671.304
0
VERTEX
8
L0D0
10
1688.108
20
1675.231
0
VERTEX
8
L0D0
10
1687.747
20
1679.152
0
VERTEX
8
L0D0
10
1687.306
20
1683.064
0
VERTEX
8
L0D0
10
1686.786
20
1686.967
0
VERTEX
8
L0D0
10
1686.186
20
1690.858
0
VERTEX
8
L0D0
10
1685.506
20
1694.736
0
VERTEX
8
L0D0
10
1684.748
20
1698.599
0
VERTEX
8
L0D0
10
1683.911
20
1702.447
0
VERTEX
8
L0D0
10
1682.996
20
1706.276
0
VERTEX
8
L0D0
10
1682.003
20
1710.086
0
VERTEX
8
L0D0
10
1680.932
20
1713.874
0
VERTEX
8
L0D0
10
1679.784
20
1717.641
0
VERTEX
8
L0D0
10
1678.56
20
1721.382
0
VERTEX
8
L0D0
10
1677.26
20
1725.099
0
VERTEX
8
L0D0
10
1675.884
20
1728.788
0
VERTEX
8
L0D0
10
1674.433
20
1732.448
0
VERTEX
8
L0D0
10
1672.908
20
1736.077
0
VERTEX
8
L0D0
10
1671.309
20
1739.675
0
VERTEX
8
L0D0
10
1669.637
20
1743.24
0
VERTEX
8
L0D0
10
1667.893
20
1746.769
0
VERTEX
8
L0D0
10
1666.077
20
1750.262
0
VERTEX
8
L0D0
10
1664.19
20
1753.718
0
VERTEX
8
L0D0
10
1662.233
20
1757.134
0
VERTEX
8
L0D0
10
1660.207
20
1760.51
0
VERTEX
8
L0D0
10
1658.112
20
1763.844
0
VERTEX
8
L0D0
10
1655.95
20
1767.134
0
VERTEX
8
L0D0
10
1653.721
20
1770.379
0
VERTEX
8
L0D0
10
1651.426
20
1773.579
0
VERTEX
8
L0D0
10
1649.067
20
1776.73
0
VERTEX
8
L0D0
10
1646.643
20
1779.834
0
VERTEX
8
L0D0
10
1644.157
20
1782.886
0
VERTEX
8
L0D0
10
1641.61
20
1785.888
0
VERTEX
8
L0D0
10
1639.001
20
1788.837
0
VERTEX
8
L0D0
10
1636.333
20
1791.732
0
VERTEX
8
L0D0
10
1633.606
20
1794.573
0
VERTEX
8
L0D0
10
1630.823
20
1797.356
0
VERTEX
8
L0D0
10
1627.982
20
1800.083
0
VERTEX
8
L0D0
10
1625.087
20
1802.751
0
VERTEX
8
L0D0
10
1622.138
20
1805.36
0
VERTEX
8
L0D0
10
1619.136
20
1807.907
0
VERTEX
8
L0D0
10
1616.084
20
1810.393
0
VERTEX
8
L0D0
10
1612.98
20
1812.817
0
VERTEX
8
L0D0
10
1609.829
20
1815.176
0
VERTEX
8
L0D0
10
1606.629
20
1817.471
0
VERTEX
8
L0D0
10
1603.384
20
1819.7
0
VERTEX
8
L0D0
10
1600.094
20
1821.862
0
VERTEX
8
L0D0
10
1596.76
20
1823.957
0
VERTEX
8
L0D0
10
1593.384
20
1825.983
0
VERTEX
8
L0D0
10
1589.968
20
1827.94
0
VERTEX
8
L0D0
10
1586.512
20
1829.827
0
VERTEX
8
L0D0
10
1583.019
20
1831.643
0
VERTEX
8
L0D0
10
1579.49
20
1833.387
0
VERTEX
8
L0D0
10
1575.925
20
1835.059
0
VERTEX
8
L0D0
10
1572.327
20
1836.658
0
VERTEX
8
L0D0
10
1568.698
20
1838.183
0
VERTEX
8
L0D0
10
1565.038
20
1839.634
0
VERTEX
8
L0D0
10
1561.349
20
1841.01
0
VERTEX
8
L0D0
10
1557.632
20
1842.31
0
VERTEX
8
L0D0
10
1553.891
20
1843.534
0
VERTEX
8
L0D0
10
1550.124
20
1844.682
0
VERTEX
8
L0D0
10
1546.336
20
1845.753
0
VERTEX
8
L0D0
10
1542.526
20
1846.746
0
VERTEX
8
L0D0
10
1538.697
20
1847.661
0
VERTEX
8
L0D0
10
1534.849
20
1848.498
0
VERTEX
8
L0D0
10
1530.986
20
1849.256
0
VERTEX
8
L0D0
10
1527.108
20
1849.936
0
VERTEX
8
L0D0
10
1523.217
20
1850.536
0
VERTEX
8
L0D0
10
1519.314
20
1851.056
0
VERTEX
8
L0D0
10
1515.402
20
1851.497
0
VERTEX
8
L0D0
10
1511.481
20
1851.858
0
VERTEX
8
L0D0
10
1507.554
20
1852.139
0
VERTEX
8
L0D0
10
1503.622
20
1852.339
0
VERTEX
8
L0D0
10
1499.687
20
1852.46
0
VERTEX
8
L0D0
10
1495.75
20
1852.5
0
VERTEX
8
L0D0
10
-1495.75
20
1852.5
0
VERTEX
8
L0D0
10
-1499.687
20
1852.46
0
VERTEX
8
L0D0
10
-1503.622
20
1852.339
0
VERTEX
8
L0D0
10
-1507.554
20
1852.139
0
VERTEX
8
L0D0
10
-1511.481
20
1851.858
0
VERTEX
8
L0D0
10
-1515.402
20
1851.497
0
VERTEX
8
L0D0
10
-1519.314
20
1851.056
0
VERTEX
8
L0D0
10
-1523.217
20
1850.536
0
VERTEX
8
L0D0
10
-1527.108
20
1849.936
0
VERTEX
8
L0D0
10
-1530.986
20
1849.256
0
VERTEX
8
L0D0
10
-1534.849
20
1848.498
0
VERTEX
8
L0D0
10
-1538.697
20
1847.661
0
VERTEX
8
L0D0
10
-1542.526
20
1846.746
0
VERTEX
8
L0D0
10
-1546.336
20
1845.753
0
VERTEX
8
L0D0
10
-1550.124
20
1844.682
0
VERTEX
8
L0D0
10
-1553.891
20
1843.534
0
VERTEX
8
L0D0
10
-1557.632
20
1842.31
0
VERTEX
8
L0D0
10
-1561.349
20
1841.01
0
VERTEX
8
L0D0
10
-1565.038
20
1839.634
0
VERTEX
8
L0D0
10
-1568.698
20
1838.183
0
VERTEX
8
L0D0
10
-1572.327
20
1836.658
0
VERTEX
8
L0D0
10
-1575.925
20
1835.059
0
VERTEX
8
L0D0
10
-1579.49
20
1833.387
0
VERTEX
8
L0D0
10
-1583.019
20
1831.643
0
VERTEX
8
L0D0
10
-1586.512
20
1829.827
0
VERTEX
8
L0D0
10
-1589.968
20
1827.94
0
VERTEX
8
L0D0
10
-1593.384
20
1825.983
0
VERTEX
8
L0D0
10
-1596.76
20
1823.957
0
VERTEX
8
L0D0
10
-1600.094
20
1821.862
0
VERTEX
8
L0D0
10
-1603.384
20
1819.7
0
VERTEX
8
L0D0
10
-1606.629
20
1817.471
0
VERTEX
8
L0D0
10
-1609.829
20
1815.176
0
VERTEX
8
L0D0
10
-1612.98
20
1812.817
0
VERTEX
8
L0D0
10
-1616.084
20
1810.393
0
VERTEX
8
L0D0
10
-1619.136
20
1807.907
0
VERTEX
8
L0D0
10
-1622.138
20
1805.36
0
VERTEX
8
L0D0
10
-1625.087
20
1802.751
0
VERTEX
8
L0D0
10
-1627.982
20
1800.083
0
VERTEX
8
L0D0
10
-1630.823
20
1797.356
0
VERTEX
8
L0D0
10
-1633.606
20
1794.573
0
VERTEX
8
L0D0
10
-1636.333
20
1791.732
0
VERTEX
8
L0D0
10
-1639.001
20
1788.837
0
VERTEX
8
L0D0
10
-1641.61
20
1785.888
0
VERTEX
8
L0D0
10
-1644.157
20
1782.886
0
VERTEX
8
L0D0
10
-1646.643
20
1779.834
0
VERTEX
8
L0D0
10
-1649.067
20
1776.73
0
VERTEX
8
L0D0
10
-1651.426
20
1773.579
0
VERTEX
8
L0D0
10
-1653.721
20
1770.379
0
VERTEX
8
L0D0
10
-1655.95
20
1767.134
0
VERTEX
8
L0D0
10
-1658.112
20
1763.844
0
VERTEX
8
L0D0
10
-1660.207
20
1760.51
0
VERTEX
8
L0D0
10
-1662.233
20
1757.134
0
VERTEX
8
L0D0
10
-1664.19
20
1753.718
0
VERTEX
8
L0D0
10
-1666.077
20
1750.262
0
VERTEX
8
L0D0
10
-1667.893
20
1746.769
0
VERTEX
8
L0D0
10
-1669.637
20
1743.24
0
VERTEX
8
L0D0
10
-1671.309
20
1739.675
0
VERTEX
8
L0D0
10
-1672.908
20
1736.077
0
VERTEX
8
L0D0
10
-1674.433
20
1732.448
0
VERTEX
8
L0D0
10
-1675.884
20
1728.788
0
VERTEX
8
L0D0
10
-1677.26
20
1725.099
0
VERTEX
8
L0D0
10
-1678.56
20
1721.382
0
VERTEX
8
L0D0
10
-1679.784
20
1717.641
0
VERTEX
8
L0D0
10
-1680.932
20
1713.874
0
VERTEX
8
L0D0
10
-1682.003
20
1710.086
0
VERTEX
8
L0D0
10
-1682.996
20
1706.276
0
VERTEX
8
L0D0
10
-1683.911
20
1702.447
0
VERTEX
8
L0D0
10
-1684.748
20
1698.599
0
VERTEX
8
L0D0
10
-1685.506
20
1694.736
0
VERTEX
8
L0D0
10
-1686.186
20
1690.858
0
VERTEX
8
L0D0
10
-1686.786
20
1686.967
0
VERTEX
8
L0D0
10
-1687.306
20
1683.064
0
VERTEX
8
L0D0
10
-1687.747
20
1679.152
0
VERTEX
8
L0D0
10
-1688.108
20
1675.231
0
VERTEX
8
L0D0
10
-1688.389
20
1671.304
0
VERTEX
8
L0D0
10
-1688.589
20
1667.372
0
VERTEX
8
L0D0
10
-1688.71
20
1663.437
0
VERTEX
8
L0D0
10
-1688.75
20
1659.5
0
VERTEX
8
L0D0
10
-1688.75
20
900
0
VERTEX
8
L0D0
10
-1688.79
20
896.477
0
VERTEX
8
L0D0
10
-1688.908
20
892.956
0
VERTEX
8
L0D0
10
-1689.106
20
889.439
0
VERTEX
8
L0D0
10
-1689.382
20
885.927
0
VERTEX
8
L0D0
10
-1689.737
20
882.422
0
VERTEX
8
L0D0
10
-1690.171
20
878.925
0
VERTEX
8
L0D0
10
-1690.683
20
875.44
0
VERTEX
8
L0D0
10
-1691.273
20
871.967
0
VERTEX
8
L0D0
10
-1691.941
20
868.507
0
VERTEX
8
L0D0
10
-1692.686
20
865.064
0
VERTEX
8
L0D0
10
-1693.509
20
861.639
0
VERTEX
8
L0D0
10
-1694.408
20
858.232
0
VERTEX
8
L0D0
10
-1695.383
20
854.847
0
VERTEX
8
L0D0
10
-1696.434
20
851.484
0
VERTEX
8
L0D0
10
-1697.56
20
848.146
0
VERTEX
8
L0D0
10
-1698.761
20
844.834
0
VERTEX
8
L0D0
10
-1700.036
20
841.55
0
VERTEX
8
L0D0
10
-1701.384
20
838.295
0
VERTEX
8
L0D0
10
-1702.805
20
835.071
0
VERTEX
8
L0D0
10
-1704.298
20
831.88
0
VERTEX
8
L0D0
10
-1705.862
20
828.723
0
VERTEX
8
L0D0
10
-1707.497
20
825.603
0
VERTEX
8
L0D0
10
-1709.201
20
822.519
0
VERTEX
8
L0D0
10
-1710.974
20
819.475
0
VERTEX
8
L0D0
10
-1712.814
20
816.471
0
VERTEX
8
L0D0
10
-1714.722
20
813.509
0
VERTEX
8
L0D0
10
-1716.696
20
810.591
0
VERTEX
8
L0D0
10
-1718.734
20
807.718
0
VERTEX
8
L0D0
10
-1720.837
20
804.891
0
VERTEX
8
L0D0
10
-1723.002
20
802.112
0
VERTEX
8
L0D0
10
-1725.23
20
799.383
0
VERTEX
8
L0D0
10
-1727.518
20
796.704
0
VERTEX
8
L0D0
10
-1729.865
20
794.077
0
VERTEX
8
L0D0
10
-1732.271
20
791.503
0
VERTEX
8
L0D0
10
-1734.734
20
788.984
0
VERTEX
8
L0D0
10
-1737.253
20
786.521
0
VERTEX
8
L0D0
10
-1739.827
20
784.115
0
VERTEX
8
L0D0
10
-1742.454
20
781.768
0
VERTEX
8
L0D0
10
-1745.133
20
779.48
0
VERTEX
8
L0D0
10
-1747.862
20
777.252
0
VERTEX
8
L0D0
10
-1750.641
20
775.087
0
VERTEX
8
L0D0
10
-1753.468
20
772.984
0
VERTEX
8
L0D0
10
-1756.341
20
770.946
0
VERTEX
8
L0D0
10
-1759.259
20
768.972
0
VERTEX
8
L0D0
10
-1762.221
20
767.064
0
VERTEX
8
L0D0
10
-1765.225
20
765.224
0
VERTEX
8
L0D0
10
-1768.269
20
763.451
0
VERTEX
8
L0D0
10
-1771.353
20
761.747
0
VERTEX
8
L0D0
10
-1774.473
20
760.112
0
VERTEX
8
L0D0
10
-1777.63
20
758.548
0
VERTEX
8
L0D0
10
-1780.821
20
757.055
0
VERTEX
8
L0D0
10
-1784.045
20
755.634
0
VERTEX
8
L0D0
10
-1787.3
20
754.286
0
VERTEX
8
L0D0
10
-1790.584
20
753.011
0
VERTEX
8
L0D0
10
-1793.896
20
751.81
0
VERTEX
8
L0D0
10
-1797.234
20
750.684
0
VERTEX
8
L0D0
10
-1800.597
20
749.633
0
VERTEX
8
L0D0
10
-1803.982
20
748.658
0
VERTEX
8
L0D0
10
-1807.389
20
747.759
0
VERTEX
8
L0D0
10
-1810.814
20
746.936
0
VERTEX
8
L0D0
10
-1814.257
20
746.191
0
VERTEX
8
L0D0
10
-1817.717
20
745.523
0
VERTEX
8
L0D0
10
-1821.19
20
744.933
0
VERTEX
8
L0D0
10
-1824.675
20
744.421
0
VERTEX
8
L0D0
10
-1828.172
20
743.987
0
VERTEX
8
L0D0
10
-1831.677
20
743.632
0
VERTEX
8
L0D0
10
-1835.189
20
743.356
0
VERTEX
8
L0D0
10
-1838.706
20
743.158
0
VERTEX
8
L0D0
10
-1842.227
20
743.04
0
VERTEX
8
L0D0
10
-1845.75
20
743
0
VERTEX
8
L0D0
10
-2050
20
743
0
VERTEX
8
L0D0
10
-2053.403
20
742.96
0
VERTEX
8
L0D0
10
-2056.804
20
742.838
0
VERTEX
8
L0D0
10
-2060.202
20
742.636
0
VERTEX
8
L0D0
10
-2063.593
20
742.352
0
VERTEX
8
L0D0
10
-2066.977
20
741.989
0
VERTEX
8
L0D0
10
-2070.351
20
741.544
0
VERTEX
8
L0D0
10
-2073.714
20
741.02
0
VERTEX
8
L0D0
10
-2077.063
20
740.416
0
VERTEX
8
L0D0
10
-2080.397
20
739.732
0
VERTEX
8
L0D0
10
-2083.714
20
738.969
0
VERTEX
8
L0D0
10
-2087.011
20
738.127
0
VERTEX
8
L0D0
10
-2090.288
20
737.207
0
VERTEX
8
L0D0
10
-2093.542
20
736.21
0
VERTEX
8
L0D0
10
-2096.771
20
735.135
0
VERTEX
8
L0D0
10
-2099.973
20
733.984
0
VERTEX
8
L0D0
10
-2103.148
20
732.757
0
VERTEX
8
L0D0
10
-2106.292
20
731.454
0
VERTEX
8
L0D0
10
-2109.404
20
730.077
0
VERTEX
8
L0D0
10
-2112.483
20
728.627
0
VERTEX
8
L0D0
10
-2115.526
20
727.103
0
VERTEX
8
L0D0
10
-2118.533
20
725.508
0
VERTEX
8
L0D0
10
-2121.5
20
723.842
0
VERTEX
8
L0D0
10
-2124.427
20
722.105
0
VERTEX
8
L0D0
10
-2127.312
20
720.299
0
VERTEX
8
L0D0
10
-2130.153
20
718.425
0
VERTEX
8
L0D0
10
-2132.948
20
716.484
0
VERTEX
8
L0D0
10
-2135.697
20
714.477
0
VERTEX
8
L0D0
10
-2138.397
20
712.406
0
VERTEX
8
L0D0
10
-2141.047
20
710.27
0
VERTEX
8
L0D0
10
-2143.645
20
708.072
0
VERTEX
8
L0D0
10
-2146.19
20
705.813
0
VERTEX
8
L0D0
10
-2148.681
20
703.494
0
VERTEX
8
L0D0
10
-2151.116
20
701.116
0
VERTEX
8
L0D0
10
-2153.494
20
698.681
0
VERTEX
8
L0D0
10
-2155.813
20
696.19
0
VERTEX
8
L0D0
10
-2158.072
20
693.645
0
VERTEX
8
L0D0
10
-2160.27
20
691.047
0
VERTEX
8
L0D0
10
-2162.406
20
688.397
0
VERTEX
8
L0D0
10
-2164.477
20
685.697
0
VERTEX
8
L0D0
10
-2166.484
20
682.948
0
VERTEX
8
L0D0
10
-2168.425
20
680.153
0
VERTEX
8
L0D0
10
-2170.299
20
677.312
0
VERTEX
8
L0D0
10
-2172.105
20
674.427
0
VERTEX
8
L0D0
10
-2173.842
20
671.5
0
VERTEX
8
L0D0
10
-2175.508
20
668.533
0
VERTEX
8
L0D0
10
-2177.103
20
665.526
0
VERTEX
8
L0D0
10
-2178.627
20
662.483
0
VERTEX
8
L0D0
10
-2180.077
20
659.404
0
VERTEX
8
L0D0
10
-2181.454
20
656.292
0
VERTEX
8
L0D0
10
-2182.757
20
653.148
0
VERTEX
8
L0D0
10
-2183.984
20
649.973
0
VERTEX
8
L0D0
10
-2185.135
20
646.771
0
VERTEX
8
L0D0
10
-2186.21
20
643.542
0
VERTEX
8
L0D0
10
-2187.207
20
640.288
0
VERTEX
8
L0D0
10
-2188.127
20
637.011
0
VERTEX
8
L0D0
10
-2188.969
20
633.714
0
VERTEX
8
L0D0
10
-2189.732
20
630.397
0
VERTEX
8
L0D0
10
-2190.416
20
627.063
0
VERTEX
8
L0D0
10
-2191.02
20
623.714
0
VERTEX
8
L0D0
10
-2191.544
20
620.351
0
VERTEX
8
L0D0
10
-2191.989
20
616.977
0
VERTEX
8
L0D0
10
-2192.352
20
613.593
0
VERTEX
8
L0D0
10
-2192.636
20
610.202
0
VERTEX
8
L0D0
10
-2192.838
20
606.804
0
VERTEX
8
L0D0
10
-2192.96
20
603.403
0
VERTEX
8
L0D0
10
-2193
20
600
0
VERTEX
8
L0D0
10
-2193
20
500
0
VERTEX
8
L0D0
10
-2198.5
20
500
0
VERTEX
8
L0D0
10
-2198.5
20
600
0
VERTEX
8
L0D0
10
-2198.46
20
603.43
0
VERTEX
8
L0D0
10
-2198.342
20
606.858
0
VERTEX
8
L0D0
10
-2198.144
20
610.283
0
VERTEX
8
L0D0
10
-2197.867
20
613.702
0
VERTEX
8
L0D0
10
-2197.511
20
617.114
0
VERTEX
8
L0D0
10
-2197.076
20
620.516
0
VERTEX
8
L0D0
10
-2196.563
20
623.908
0
VERTEX
8
L0D0
10
-2195.972
20
627.287
0
VERTEX
8
L0D0
10
-2195.302
20
630.651
0
VERTEX
8
L0D0
10
-2194.556
20
633.999
0
VERTEX
8
L0D0
10
-2193.732
20
637.329
0
VERTEX
8
L0D0
10
-2192.831
20
640.639
0
VERTEX
8
L0D0
10
-2191.854
20
643.927
0
VERTEX
8
L0D0
10
-2190.802
20
647.192
0
VERTEX
8
L0D0
10
-2189.674
20
650.432
0
VERTEX
8
L0D0
10
-2188.472
20
653.644
0
VERTEX
8
L0D0
10
-2187.196
20
656.828
0
VERTEX
8
L0D0
10
-2185.847
20
659.982
0
VERTEX
8
L0D0
10
-2184.425
20
663.104
0
VERTEX
8
L0D0
10
-2182.932
20
666.192
0
VERTEX
8
L0D0
10
-2181.367
20
669.245
0
VERTEX
8
L0D0
10
-2179.733
20
672.261
0
VERTEX
8
L0D0
10
-2178.029
20
675.238
0
VERTEX
8
L0D0
10
-2176.257
20
678.175
0
VERTEX
8
L0D0
10
-2174.418
20
681.071
0
VERTEX
8
L0D0
10
-2172.512
20
683.923
0
VERTEX
8
L0D0
10
-2170.541
20
686.73
0
VERTEX
8
L0D0
10
-2168.506
20
689.491
0
VERTEX
8
L0D0
10
-2166.407
20
692.205
0
VERTEX
8
L0D0
10
-2164.246
20
694.869
0
VERTEX
8
L0D0
10
-2162.024
20
697.482
0
VERTEX
8
L0D0
10
-2159.743
20
700.044
0
VERTEX
8
L0D0
10
-2157.403
20
702.552
0
VERTEX
8
L0D0
10
-2155.005
20
705.005
0
VERTEX
8
L0D0
10
-2152.552
20
707.403
0
VERTEX
8
L0D0
10
-2150.044
20
709.743
0
VERTEX
8
L0D0
10
-2147.482
20
712.024
0
VERTEX
8
L0D0
10
-2144.869
20
714.246
0
VERTEX
8
L0D0
10
-2142.205
20
716.407
0
VERTEX
8
L0D0
10
-2139.491
20
718.506
0
VERTEX
8
L0D0
10
-2136.73
20
720.541
0
VERTEX
8
L0D0
10
-2133.923
20
722.512
0
VERTEX
8
L0D0
10
-2131.071
20
724.418
0
VERTEX
8
L0D0
10
-2128.175
20
726.257
0
VERTEX
8
L0D0
10
-2125.238
20
728.029
0
VERTEX
8
L0D0
10
-2122.261
20
729.733
0
VERTEX
8
L0D0
10
-2119.245
20
731.367
0
VERTEX
8
L0D0
10
-2116.192
20
732.932
0
VERTEX
8
L0D0
10
-2113.104
20
734.425
0
VERTEX
8
L0D0
10
-2109.982
20
735.847
0
VERTEX
8
L0D0
10
-2106.828
20
737.196
0
VERTEX
8
L0D0
10
-2103.644
20
738.472
0
VERTEX
8
L0D0
10
-2100.432
20
739.674
0
VERTEX
8
L0D0
10
-2097.192
20
740.802
0
VERTEX
8
L0D0
10
-2093.927
20
741.854
0
VERTEX
8
L0D0
10
-2090.639
20
742.831
0
VERTEX
8
L0D0
10
-2087.329
20
743.732
0
VERTEX
8
L0D0
10
-2083.999
20
744.556
0
VERTEX
8
L0D0
10
-2080.651
20
745.302
0
VERTEX
8
L0D0
10
-2077.287
20
745.972
0
VERTEX
8
L0D0
10
-2073.908
20
746.563
0
VERTEX
8
L0D0
10
-2070.516
20
747.076
0
VERTEX
8
L0D0
10
-2067.114
20
747.511
0
VERTEX
8
L0D0
10
-2063.702
20
747.867
0
VERTEX
8
L0D0
10
-2060.283
20
748.144
0
VERTEX
8
L0D0
10
-2056.858
20
748.342
0
VERTEX
8
L0D0
10
-2053.43
20
748.46
0
VERTEX
8
L0D0
10
-2050
20
748.5
0
VERTEX
8
L0D0
10
-1845.75
20
748.5
0
VERTEX
8
L0D0
10
-1842.251
20
748.54
0
VERTEX
8
L0D0
10
-1838.753
20
748.662
0
VERTEX
8
L0D0
10
-1835.259
20
748.864
0
VERTEX
8
L0D0
10
-1831.771
20
749.146
0
VERTEX
8
L0D0
10
-1828.291
20
749.509
0
VERTEX
8
L0D0
10
-1824.819
20
749.953
0
VERTEX
8
L0D0
10
-1821.359
20
750.476
0
VERTEX
8
L0D0
10
-1817.912
20
751.08
0
VERTEX
8
L0D0
10
-1814.48
20
751.762
0
VERTEX
8
L0D0
10
-1811.064
20
752.524
0
VERTEX
8
L0D0
10
-1807.667
20
753.365
0
VERTEX
8
L0D0
10
-1804.29
20
754.283
0
VERTEX
8
L0D0
10
-1800.935
20
755.28
0
VERTEX
8
L0D0
10
-1797.605
20
756.354
0
VERTEX
8
L0D0
10
-1794.3
20
757.504
0
VERTEX
8
L0D0
10
-1791.022
20
758.73
0
VERTEX
8
L0D0
10
-1787.773
20
760.032
0
VERTEX
8
L0D0
10
-1784.556
20
761.409
0
VERTEX
8
L0D0
10
-1781.371
20
762.859
0
VERTEX
8
L0D0
10
-1778.221
20
764.383
0
VERTEX
8
L0D0
10
-1775.106
20
765.979
0
VERTEX
8
L0D0
10
-1772.029
20
767.646
0
VERTEX
8
L0D0
10
-1768.992
20
769.384
0
VERTEX
8
L0D0
10
-1765.996
20
771.192
0
VERTEX
8
L0D0
10
-1763.042
20
773.069
0
VERTEX
8
L0D0
10
-1760.132
20
775.013
0
VERTEX
8
L0D0
10
-1757.268
20
777.024
0
VERTEX
8
L0D0
10
-1754.451
20
779.1
0
VERTEX
8
L0D0
10
-1751.683
20
781.241
0
VERTEX
8
L0D0
10
-1748.965
20
783.446
0
VERTEX
8
L0D0
10
-1746.298
20
785.713
0
VERTEX
8
L0D0
10
-1743.685
20
788.04
0
VERTEX
8
L0D0
10
-1741.126
20
790.428
0
VERTEX
8
L0D0
10
-1738.623
20
792.873
0
VERTEX
8
L0D0
10
-1736.178
20
795.376
0
VERTEX
8
L0D0
10
-1733.79
20
797.935
0
VERTEX
8
L0D0
10
-1731.463
20
800.548
0
VERTEX
8
L0D0
10
-1729.196
20
803.215
0
VERTEX
8
L0D0
10
-1726.991
20
805.933
0
VERTEX
8
L0D0
10
-1724.85
20
808.701
0
VERTEX
8
L0D0
10
-1722.774
20
811.518
0
VERTEX
8
L0D0
10
-1720.763
20
814.382
0
VERTEX
8
L0D0
10
-1718.819
20
817.292
0
VERTEX
8
L0D0
10
-1716.942
20
820.246
0
VERTEX
8
L0D0
10
-1715.134
20
823.242
0
VERTEX
8
L0D0
10
-1713.396
20
826.279
0
VERTEX
8
L0D0
10
-1711.729
20
829.356
0
VERTEX
8
L0D0
10
-1710.133
20
832.471
0
VERTEX
8
L0D0
10
-1708.609
20
835.621
0
VERTEX
8
L0D0
10
-1707.159
20
838.806
0
VERTEX
8
L0D0
10
-1705.782
20
842.023
0
VERTEX
8
L0D0
10
-1704.48
20
845.272
0
VERTEX
8
L0D0
10
-1703.254
20
848.55
0
VERTEX
8
L0D0
10
-1702.104
20
851.855
0
VERTEX
8
L0D0
10
-1701.03
20
855.185
0
VERTEX
8
L0D0
10
-1700.033
20
858.54
0
VERTEX
8
L0D0
10
-1699.115
20
861.917
0
VERTEX
8
L0D0
10
-1698.274
20
865.314
0
VERTEX
8
L0D0
10
-1697.512
20
868.73
0
VERTEX
8
L0D0
10
-1696.83
20
872.162
0
VERTEX
8
L0D0
10
-1696.226
20
875.609
0
VERTEX
8
L0D0
10
-1695.703
20
879.069
0
VERTEX
8
L0D0
10
-1695.259
20
882.541
0
VERTEX
8
L0D0
10
-1694.896
20
886.021
0
VERTEX
8
L0D0
10
-1694.614
20
889.509
0
VERTEX
8
L0D0
10
-1694.412
20
893.003
0
VERTEX
8
L0D0
10
-1694.29
20
896.501
0
VERTEX
8
L0D0
10
-1694.25
20
900
0
VERTEX
8
L0D0
10
-1694.25
20
1659.5
0
VERTEX
8
L0D0
10
-1694.21
20
1663.497
0
VERTEX
8
L0D0
10
-1694.089
20
1667.493
0
VERTEX
8
L0D0
10
-1693.888
20
1671.485
0
VERTEX
8
L0D0
10
-1693.606
20
1675.473
0
VERTEX
8
L0D0
10
-1693.245
20
1679.454
0
VERTEX
8
L0D0
10
-1692.803
20
1683.427
0
VERTEX
8
L0D0
10
-1692.281
20
1687.39
0
VERTEX
8
L0D0
10
-1691.679
20
1691.342
0
VERTEX
8
L0D0
10
-1690.999
20
1695.281
0
VERTEX
8
L0D0
10
-1690.238
20
1699.205
0
VERTEX
8
L0D0
10
-1689.399
20
1703.113
0
VERTEX
8
L0D0
10
-1688.482
20
1707.004
0
VERTEX
8
L0D0
10
-1687.486
20
1710.876
0
VERTEX
8
L0D0
10
-1686.413
20
1714.726
0
VERTEX
8
L0D0
10
-1685.262
20
1718.554
0
VERTEX
8
L0D0
10
-1684.034
20
1722.359
0
VERTEX
8
L0D0
10
-1682.731
20
1726.137
0
VERTEX
8
L0D0
10
-1681.351
20
1729.889
0
VERTEX
8
L0D0
10
-1679.896
20
1733.612
0
VERTEX
8
L0D0
10
-1678.366
20
1737.305
0
VERTEX
8
L0D0
10
-1676.762
20
1740.967
0
VERTEX
8
L0D0
10
-1675.085
20
1744.595
0
VERTEX
8
L0D0
10
-1673.335
20
1748.189
0
VERTEX
8
L0D0
10
-1671.513
20
1751.748
0
VERTEX
8
L0D0
10
-1669.62
20
1755.268
0
VERTEX
8
L0D0
10
-1667.656
20
1758.75
0
VERTEX
8
L0D0
10
-1665.623
20
1762.192
0
VERTEX
8
L0D0
10
-1663.52
20
1765.591
0
VERTEX
8
L0D0
10
-1661.35
20
1768.948
0
VERTEX
8
L0D0
10
-1659.112
20
1772.261
0
VERTEX
8
L0D0
10
-1656.809
20
1775.528
0
VERTEX
8
L0D0
10
-1654.439
20
1778.747
0
VERTEX
8
L0D0
10
-1652.006
20
1781.919
0
VERTEX
8
L0D0
10
-1649.509
20
1785.04
0
VERTEX
8
L0D0
10
-1646.95
20
1788.111
0
VERTEX
8
L0D0
10
-1644.329
20
1791.13
0
VERTEX
8
L0D0
10
-1641.649
20
1794.095
0
VERTEX
8
L0D0
10
-1638.909
20
1797.006
0
VERTEX
8
L0D0
10
-1636.111
20
1799.861
0
VERTEX
8
L0D0
10
-1633.256
20
1802.659
0
VERTEX
8
L0D0
10
-1630.345
20
1805.399
0
VERTEX
8
L0D0
10
-1627.38
20
1808.079
0
VERTEX
8
L0D0
10
-1624.361
20
1810.7
0
VERTEX
8
L0D0
10
-1621.29
20
1813.259
0
VERTEX
8
L0D0
10
-1618.169
20
1815.756
0
VERTEX
8
L0D0
10
-1614.997
20
1818.189
0
VERTEX
8
L0D0
10
-1611.778
20
1820.559
0
VERTEX
8
L0D0
10
-1608.511
20
1822.862
0
VERTEX
8
L0D0
10
-1605.198
20
1825.1
0
VERTEX
8
L0D0
10
-1601.841
20
1827.27
0
VERTEX
8
L0D0
10
-1598.442
20
1829.373
0
VERTEX
8
L0D0
10
-1595
20
1831.406
0
VERTEX
8
L0D0
10
-1591.518
20
1833.37
0
VERTEX
8
L0D0
10
-1587.998
20
1835.263
0
VERTEX
8
L0D0
10
-1584.439
20
1837.085
0
VERTEX
8
L0D0
10
-1580.845
20
1838.835
0
VERTEX
8
L0D0
10
-1577.217
20
1840.512
0
VERTEX
8
L0D0
10
-1573.555
20
1842.116
0
VERTEX
8
L0D0
10
-1569.862
20
1843.646
0
VERTEX
8
L0D0
10
-1566.139
20
1845.101
0
VERTEX
8
L0D0
10
-1562.387
20
1846.481
0
VERTEX
8
L0D0
10
-1558.609
20
1847.784
0
VERTEX
8
L0D0
10
-1554.804
20
1849.012
0
VERTEX
8
L0D0
10
-1550.976
20
1850.163
0
VERTEX
8
L0D0
10
-1547.126
20
1851.236
0
VERTEX
8
L0D0
10
-1543.254
20
1852.232
0
VERTEX
8
L0D0
10
-1539.363
20
1853.149
0
VERTEX
8
L0D0
10
-1535.455
20
1853.988
0
VERTEX
8
L0D0
10
-1531.531
20
1854.749
0
VERTEX
8
L0D0
10
-1527.592
20
1855.429
0
VERTEX
8
L0D0
10
-1523.64
20
1856.031
0
VERTEX
8
L0D0
10
-1519.677
20
1856.553
0
VERTEX
8
L0D0
10
-1515.704
20
1856.995
0
VERTEX
8
L0D0
10
-1511.723
20
1857.356
0
VERTEX
8
L0D0
10
-1507.735
20
1857.638
0
VERTEX
8
L0D0
10
-1503.743
20
1857.839
0
VERTEX
8
L0D0
10
-1499.747
20
1857.96
0
VERTEX
8
L0D0
10
-1495.75
20
1858
0
VERTEX
8
L0D0
10
1495.75
20
1858
0
VERTEX
8
L0D0
10
1499.747
20
1857.96
0
VERTEX
8
L0D0
10
1503.743
20
1857.839
0
VERTEX
8
L0D0
10
1507.735
20
1857.638
0
VERTEX
8
L0D0
10
1511.723
20
1857.356
0
VERTEX
8
L0D0
10
1515.704
20
1856.995
0
VERTEX
8
L0D0
10
1519.677
20
1856.553
0
VERTEX
8
L0D0
10
1523.64
20
1856.031
0
VERTEX
8
L0D0
10
1527.592
20
1855.429
0
VERTEX
8
L0D0
10
1531.531
20
1854.749
0
VERTEX
8
L0D0
10
1535.455
20
1853.988
0
VERTEX
8
L0D0
10
1539.363
20
1853.149
0
VERTEX
8
L0D0
10
1543.254
20
1852.232
0
VERTEX
8
L0D0
10
1547.126
20
1851.236
0
VERTEX
8
L0D0
10
1550.976
20
1850.163
0
VERTEX
8
L0D0
10
1554.804
20
1849.012
0
VERTEX
8
L0D0
10
1558.609
20
1847.784
0
VERTEX
8
L0D0
10
1562.387
20
1846.481
0
VERTEX
8
L0D0
10
1566.139
20
1845.101
0
VERTEX
8
L0D0
10
1569.862
20
1843.646
0
VERTEX
8
L0D0
10
1573.555
20
1842.116
0
VERTEX
8
L0D0
10
1577.217
20
1840.512
0
VERTEX
8
L0D0
10
1580.845
20
1838.835
0
VERTEX
8
L0D0
10
1584.439
20
1837.085
0
VERTEX
8
L0D0
10
1587.998
20
1835.263
0
VERTEX
8
L0D0
10
1591.518
20
1833.37
0
VERTEX
8
L0D0
10
1595
20
1831.406
0
VERTEX
8
L0D0
10
1598.442
20
1829.373
0
VERTEX
8
L0D0
10
1601.841
20
1827.27
0
VERTEX
8
L0D0
10
1605.198
20
1825.1
0
VERTEX
8
L0D0
10
1608.511
20
1822.862
0
VERTEX
8
L0D0
10
1611.778
20
1820.559
0
VERTEX
8
L0D0
10
1614.997
20
1818.189
0
VERTEX
8
L0D0
10
1618.169
20
1815.756
0
VERTEX
8
L0D0
10
1621.29
20
1813.259
0
VERTEX
8
L0D0
10
1624.361
20
1810.7
0
VERTEX
8
L0D0
10
1627.38
20
1808.079
0
VERTEX
8
L0D0
10
1630.345
20
1805.399
0
VERTEX
8
L0D0
10
1633.256
20
1802.659
0
VERTEX
8
L0D0
10
1636.111
20
1799.861
0
VERTEX
8
L0D0
10
1638.909
20
1797.006
0
VERTEX
8
L0D0
10
1641.649
20
1794.095
0
VERTEX
8
L0D0
10
1644.329
20
1791.13
0
VERTEX
8
L0D0
10
1646.95
20
1788.111
0
VERTEX
8
L0D0
10
1649.509
20
1785.04
0
VERTEX
8
L0D0
10
1652.006
20
1781.919
0
VERTEX
8
L0D0
10
1654.439
20
1778.747
0
VERTEX
8
L0D0
10
1656.809
20
1775.528
0
VERTEX
8
L0D0
10
1659.112
20
1772.261
0
VERTEX
8
L0D0
10
1661.35
20
1768.948
0
VERTEX
8
L0D0
10
1663.52
20
1765.591
0
VERTEX
8
L0D0
10
1665.623
20
1762.192
0
VERTEX
8
L0D0
10
1667.656
20
1758.75
0
VERTEX
8
L0D0
10
1669.62
20
1755.268
0
VERTEX
8
L0D0
10
1671.513
20
1751.748
0
VERTEX
8
L0D0
10
1673.335
20
1748.189
0
VERTEX
8
L0D0
10
1675.085
20
1744.595
0
VERTEX
8
L0D0
10
1676.762
20
1740.967
0
VERTEX
8
L0D0
10
1678.366
20
1737.305
0
VERTEX
8
L0D0
10
1679.896
20
1733.612
0
VERTEX
8
L0D0
10
1681.351
20
1729.889
0
VERTEX
8
L0D0
10
1682.731
20
1726.137
0
VERTEX
8
L0D0
10
1684.034
20
1722.359
0
VERTEX
8
L0D0
10
1685.262
20
1718.554
0
VERTEX
8
L0D0
10
1686.413
20
1714.726
0
VERTEX
8
L0D0
10
1687.486
20
1710.876
0
VERTEX
8
L0D0
10
1688.482
20
1707.004
0
VERTEX
8
L0D0
10
1689.399
20
1703.113
0
VERTEX
8
L0D0
10
1690.238
20
1699.205
0
VERTEX
8
L0D0
10
1690.999
20
1695.281
0
VERTEX
8
L0D0
10
1691.679
20
1691.342
0
VERTEX
8
L0D0
10
1692.281
20
1687.39
0
VERTEX
8
L0D0
10
1692.803
20
1683.427
0
VERTEX
8
L0D0
10
1693.245
20
1679.454
0
VERTEX
8
L0D0
10
1693.606
20
1675.473
0
VERTEX
8
L0D0
10
1693.888
20
1671.485
0
VERTEX
8
L0D0
10
1694.089
20
1667.493
0
VERTEX
8
L0D0
10
1694.21
20
1663.497
0
VERTEX
8
L0D0
10
1694.25
20
1659.5
0
VERTEX
8
L0D0
10
1694.25
20
900
0
VERTEX
8
L0D0
10
1694.29
20
896.501
0
VERTEX
8
L0D0
10
1694.412
20
893.003
0
VERTEX
8
L0D0
10
1694.614
20
889.509
0
VERTEX
8
L0D0
10
1694.896
20
886.021
0
VERTEX
8
L0D0
10
1695.259
20
882.541
0
VERTEX
8
L0D0
10
1695.703
20
879.069
0
VERTEX
8
L0D0
10
1696.226
20
875.609
0
VERTEX
8
L0D0
10
1696.83
20
872.162
0
VERTEX
8
L0D0
10
1697.512
20
868.73
0
VERTEX
8
L0D0
10
1698.274
20
865.314
0
VERTEX
8
L0D0
10
1699.115
20
861.917
0
VERTEX
8
L0D0
10
1700.033
20
858.54
0
VERTEX
8
L0D0
10
1701.03
20
855.185
0
VERTEX
8
L0D0
10
1702.104
20
851.855
0
VERTEX
8
L0D0
10
1703.254
20
848.55
0
VERTEX
8
L0D0
10
1704.48
20
845.272
0
VERTEX
8
L0D0
10
1705.782
20
842.023
0
VERTEX
8
L0D0
10
1707.159
20
838.806
0
VERTEX
8
L0D0
10
1708.609
20
835.621
0
VERTEX
8
L0D0
10
1710.133
20
832.471
0
VERTEX
8
L0D0
10
1711.729
20
829.356
0
VERTEX
8
L0D0
10
1713.396
20
826.279
0
VERTEX
8
L0D0
10
1715.134
20
823.242
0
VERTEX
8
L0D0
10
1716.942
20
820.246
0
VERTEX
8
L0D0
10
1718.819
20
817.292
0
VERTEX
8
L0D0
10
1720.763
20
814.382
0
VERTEX
8
L0D0
10
1722.774
20
811.518
0
VERTEX
8
L0D0
10
1724.85
20
808.701
0
VERTEX
8
L0D0
10
1726.991
20
805.933
0
VERTEX
8
L0D0
10
1729.196
20
803.215
0
VERTEX
8
L0D0
10
1731.463
20
800.548
0
VERTEX
8
L0D0
10
1733.79
20
797.935
0
VERTEX
8
L0D0
10
1736.178
20
795.376
0
VERTEX
8
L0D0
10
1738.623
20
792.873
0
VERTEX
8
L0D0
10
1741.126
20
790.428
0
VERTEX
8
L0D0
10
1743.685
20
788.04
0
VERTEX
8
L0D0
10
1746.298
20
785.713
0
VERTEX
8
L0D0
10
1748.965
20
783.446
0
VERTEX
8
L0D0
10
1751.683
20
781.241
0
VERTEX
8
L0D0
10
1754.451
20
779.1
0
VERTEX
8
L0D0
10
1757.268
20
777.024
0
VERTEX
8
L0D0
10
1760.132
20
775.013
0
VERTEX
8
L0D0
10
1763.042
20
773.069
0
VERTEX
8
L0D0
10
1765.996
20
771.192
0
VERTEX
8
L0D0
10
1768.992
20
769.384
0
VERTEX
8
L0D0
10
1772.029
20
767.646
0
VERTEX
8
L0D0
10
1775.106
20
765.979
0
VERTEX
8
L0D0
10
1778.221
20
764.383
0
VERTEX
8
L0D0
10
1781.371
20
762.859
0
VERTEX
8
L0D0
10
1784.556
20
761.409
0
VERTEX
8
L0D0
10
1787.773
20
760.032
0
VERTEX
8
L0D0
10
1791.022
20
758.73
0
VERTEX
8
L0D0
10
1794.3
20
757.504
0
VERTEX
8
L0D0
10
1797.605
20
756.354
0
VERTEX
8
L0D0
10
1800.935
20
755.28
0
VERTEX
8
L0D0
10
1804.29
20
754.283
0
VERTEX
8
L0D0
10
1807.667
20
753.365
0
VERTEX
8
L0D0
10
1811.064
20
752.524
0
VERTEX
8
L0D0
10
1814.48
20
751.762
0
VERTEX
8
L0D0
10
1817.912
20
751.08
0
VERTEX
8
L0D0
10
1821.359
20
750.476
0
VERTEX
8
L0D0
10
1824.819
20
749.953
0
VERTEX
8
L0D0
10
1828.291
20
749.509
0
VERTEX
8
L0D0
10
1831.771
20
749.146
0
VERTEX
8
L0D0
10
1835.259
20
748.864
0
VERTEX
8
L0D0
10
1838.753
20
748.662
0
VERTEX
8
L0D0
10
1842.251
20
748.54
0
VERTEX
8
L0D0
10
1845.75
20
748.5
0
VERTEX
8
L0D0
10
2050
20
748.5
0
VERTEX
8
L0D0
10
2053.43
20
748.46
0
VERTEX
8
L0D0
10
2056.858
20
748.342
0
VERTEX
8
L0D0
10
2060.283
20
748.144
0
VERTEX
8
L0D0
10
2063.702
20
747.867
0
VERTEX
8
L0D0
10
2067.114
20
747.511
0
VERTEX
8
L0D0
10
2070.516
20
747.076
0
VERTEX
8
L0D0
10
2073.908
20
746.563
0
VERTEX
8
L0D0
10
2077.287
20
745.972
0
VERTEX
8
L0D0
10
2080.651
20
745.302
0
VERTEX
8
L0D0
10
2083.999
20
744.556
0
VERTEX
8
L0D0
10
2087.329
20
743.732
0
VERTEX
8
L0D0
10
2090.639
20
742.831
0
VERTEX
8
L0D0
10
2093.927
20
741.854
0
VERTEX
8
L0D0
10
2097.192
20
740.802
0
VERTEX
8
L0D0
10
2100.432
20
739.674
0
VERTEX
8
L0D0
10
2103.644
20
738.472
0
VERTEX
8
L0D0
10
2106.828
20
737.196
0
VERTEX
8
L0D0
10
2109.982
20
735.847
0
VERTEX
8
L0D0
10
2113.104
20
734.425
0
VERTEX
8
L0D0
10
2116.192
20
732.932
0
VERTEX
8
L0D0
10
2119.245
20
731.367
0
VERTEX
8
L0D0
10
2122.261
20
729.733
0
VERTEX
8
L0D0
10
2125.238
20
728.029
0
VERTEX
8
L0D0
10
2128.175
20
726.257
0
VERTEX
8
L0D0
10
2131.071
20
724.418
0
VERTEX
8
L0D0
10
2133.923
20
722.512
0
VERTEX
8
L0D0
10
2136.73
20
720.541
0
VERTEX
8
L0D0
10
2139.491
20
718.506
0
VERTEX
8
L0D0
10
2142.205
20
716.407
0
VERTEX
8
L0D0
10
2144.869
20
714.246
0
VERTEX
8
L0D0
10
2147.482
20
712.024
0
VERTEX
8
L0D0
10
2150.044
20
709.743
0
VERTEX
8
L0D0
10
2152.552
20
707.403
0
VERTEX
8
L0D0
10
2155.005
20
705.005
0
VERTEX
8
L0D0
10
2157.403
20
702.552
0
VERTEX
8
L0D0
10
2159.743
20
700.044
0
VERTEX
8
L0D0
10
2162.024
20
697.482
0
VERTEX
8
L0D0
10
2164.246
20
694.869
0
VERTEX
8
L0D0
10
2166.407
20
692.205
0
VERTEX
8
L0D0
10
2168.506
20
689.491
0
VERTEX
8
L0D0
10
2170.541
20
686.73
0
VERTEX
8
L0D0
10
2172.512
20
683.923
0
VERTEX
8
L0D0
10
2174.418
20
681.071
0
VERTEX
8
L0D0
10
2176.257
20
678.175
0
VERTEX
8
L0D0
10
2178.029
20
675.238
0
VERTEX
8
L0D0
10
2179.733
20
672.261
0
VERTEX
8
L0D0
10
2181.367
20
669.245
0
VERTEX
8
L0D0
10
2182.932
20
666.192
0
VERTEX
8
L0D0
10
2184.425
20
663.104
0
VERTEX
8
L0D0
10
2185.847
20
659.982
0
VERTEX
8
L0D0
10
2187.196
20
656.828
0
VERTEX
8
L0D0
10
2188.472
20
653.644
0
VERTEX
8
L0D0
10
2189.674
20
650.432
0
VERTEX
8
L0D0
10
2190.802
20
647.192
0
VERTEX
8
L0D0
10
2191.854
20
643.927
0
VERTEX
8
L0D0
10
2192.831
20
640.639
0
VERTEX
8
L0D0
10
2193.732
20
637.329
0
VERTEX
8
L0D0
10
2194.556
20
633.999
0
VERTEX
8
L0D0
10
2195.302
20
630.651
0
VERTEX
8
L0D0
10
2195.972
20
627.287
0
VERTEX
8
L0D0
10
2196.563
20
623.908
0
VERTEX
8
L0D0
10
2197.076
20
620.516
0
VERTEX
8
L0D0
10
2197.511
20
617.114
0
VERTEX
8
L0D0
10
2197.867
20
613.702
0
VERTEX
8
L0D0
10
2198.144
20
610.283
0
VERTEX
8
L0D0
10
2198.342
20
606.858
0
VERTEX
8
L0D0
10
2198.46
20
603.43
0
VERTEX
8
L0D0
10
2198.5
20
600
0
VERTEX
8
L0D0
10
2198.5
20
500
0
VERTEX
8
L0D0
10
2198.46
20
496.57
0
VERTEX
8
L0D0
10
2198.342
20
493.142
0
VERTEX
8
L0D0
10
2198.144
20
489.717
0
VERTEX
8
L0D0
10
2197.867
20
486.298
0
VERTEX
8
L0D0
10
2197.511
20
482.886
0
VERTEX
8
L0D0
10
2197.076
20
479.484
0
VERTEX
8
L0D0
10
2196.563
20
476.092
0
VERTEX
8
L0D0
10
2195.972
20
472.713
0
VERTEX
8
L0D0
10
2195.302
20
469.349
0
VERTEX
8
L0D0
10
2194.556
20
466.001
0
VERTEX
8
L0D0
10
2193.732
20
462.671
0
VERTEX
8
L0D0
10
2192.831
20
459.361
0
VERTEX
8
L0D0
10
2191.854
20
456.073
0
VERTEX
8
L0D0
10
2190.802
20
452.808
0
VERTEX
8
L0D0
10
2189.674
20
449.568
0
VERTEX
8
L0D0
10
2188.472
20
446.356
0
VERTEX
8
L0D0
10
2187.196
20
443.172
0
VERTEX
8
L0D0
10
2185.847
20
440.018
0
VERTEX
8
L0D0
10
2184.425
20
436.896
0
VERTEX
8
L0D0
10
2182.932
20
433.808
0
VERTEX
8
L0D0
10
2181.367
20
430.755
0
VERTEX
8
L0D0
10
2179.733
20
427.739
0
VERTEX
8
L0D0
10
2178.029
20
424.762
0
VERTEX
8
L0D0
10
2176.257
20
421.825
0
VERTEX
8
L0D0
10
2174.418
20
418.929
0
VERTEX
8
L0D0
10
2172.512
20
416.077
0
VERTEX
8
L0D0
10
2170.541
20
413.27
0
VERTEX
8
L0D0
10
2168.506
20
410.509
0
VERTEX
8
L0D0
10
2166.407
20
407.795
0
VERTEX
8
L0D0
10
2164.246
20
405.131
0
VERTEX
8
L0D0
10
2162.024
20
402.518
0
VERTEX
8
L0D0
10
2159.743
20
399.956
0
VERTEX
8
L0D0
10
2157.403
20
397.448
0
VERTEX
8
L0D0
10
2155.005
20
394.995
0
VERTEX
8
L0D0
10
2152.552
20
392.597
0
VERTEX
8
L0D0
10
2150.044
20
390.257
0
VERTEX
8
L0D0
10
2147.482
20
387.976
0
VERTEX
8
L0D0
10
2144.869
20
385.754
0
VERTEX
8
L0D0
10
2142.205
20
383.593
0
VERTEX
8
L0D0
10
2139.491
20
381.494
0
VERTEX
8
L0D0
10
2136.73
20
379.459
0
VERTEX
8
L0D0
10
2133.923
20
377.488
0
VERTEX
8
L0D0
10
2131.071
20
375.582
0
VERTEX
8
L0D0
10
2128.175
20
373.743
0
VERTEX
8
L0D0
10
2125.238
20
371.971
0
VERTEX
8
L0D0
10
2122.261
20
370.267
0
VERTEX
8
L0D0
10
2119.245
20
368.633
0
VERTEX
8
L0D0
10
2116.192
20
367.068
0
VERTEX
8
L0D0
10
2113.104
20
365.575
0
VERTEX
8
L0D0
10
2109.982
20
364.153
0
VERTEX
8
L0D0
10
2106.828
20
362.804
0
VERTEX
8
L0D0
10
2103.644
20
361.528
0
VERTEX
8
L0D0
10
2100.432
20
360.326
0
VERTEX
8
L0D0
10
2097.192
20
359.198
0
VERTEX
8
L0D0
10
2093.927
20
358.146
0
VERTEX
8
L0D0
10
2090.639
20
357.169
0
VERTEX
8
L0D0
10
2087.329
20
356.268
0
VERTEX
8
L0D0
10
2083.999
20
355.444
0
VERTEX
8
L0D0
10
2080.651
20
354.698
0
VERTEX
8
L0D0
10
2077.287
20
354.028
0
VERTEX
8
L0D0
10
2073.908
20
353.437
0
VERTEX
8
L0D0
10
2070.516
20
352.924
0
VERTEX
8
L0D0
10
2067.114
20
352.489
0
VERTEX
8
L0D0
10
2063.702
20
352.133
0
VERTEX
8
L0D0
10
2060.283
20
351.856
0
VERTEX
8
L0D0
10
2056.858
20
351.658
0
VERTEX
8
L0D0
10
2053.43
20
351.54
0
VERTEX
8
L0D0
10
2050
20
351.5
0
VERTEX
8
L0D0
10
1087.4
20
351.5
0
VERTEX
8
L0D0
10
1083.901
20
351.46
0
VERTEX
8
L0D0
10
1080.403
20
351.338
0
VERTEX
8
L0D0
10
1076.909
20
351.136
0
VERTEX
8
L0D0
10
1073.421
20
350.854
0
VERTEX
8
L0D0
10
1069.941
20
350.491
0
VERTEX
8
L0D0
10
1066.469
20
350.047
0
VERTEX
8
L0D0
10
1063.009
20
349.524
0
VERTEX
8
L0D0
10
1059.562
20
348.92
0
VERTEX
8
L0D0
10
1056.13
20
348.238
0
VERTEX
8
L0D0
10
1052.714
20
347.476
0
VERTEX
8
L0D0
10
1049.317
20
346.635
0
VERTEX
8
L0D0
10
1045.94
20
345.717
0
VERTEX
8
L0D0
10
1042.585
20
344.72
0
VERTEX
8
L0D0
10
1039.255
20
343.646
0
VERTEX
8
L0D0
10
1035.95
20
342.496
0
VERTEX
8
L0D0
10
1032.672
20
341.27
0
VERTEX
8
L0D0
10
1029.423
20
339.968
0
VERTEX
8
L0D0
10
1026.206
20
338.591
0
VERTEX
8
L0D0
10
1023.021
20
337.141
0
VERTEX
8
L0D0
10
1019.871
20
335.617
0
VERTEX
8
L0D0
10
1016.756
20
334.021
0
VERTEX
8
L0D0
10
1013.679
20
332.354
0
VERTEX
8
L0D0
10
1010.642
20
330.616
0
VERTEX
8
L0D0
10
1007.646
20
328.808
0
VERTEX
8
L0D0
10
1004.692
20
326.931
0
VERTEX
8
L0D0
10
1001.782
20
324.987
0
VERTEX
8
L0D0
10
998.918
20
322.976
0
VERTEX
8
L0D0
10
996.101
20
320.9
0
VERTEX
8
L0D0
10
993.333
20
318.759
0
VERTEX
8
L0D0
10
990.615
20
316.554
0
VERTEX
8
L0D0
10
987.948
20
314.287
0
VERTEX
8
L0D0
10
985.335
20
311.96
0
VERTEX
8
L0D0
10
982.776
20
309.572
0
VERTEX
8
L0D0
10
980.273
20
307.127
0
VERTEX
8
L0D0
10
977.828
20
304.624
0
VERTEX
8
L0D0
10
975.44
20
302.065
0
VERTEX
8
L0D0
10
973.113
20
299.452
0
VERTEX
8
L0D0
10
970.846
20
296.785
0
VERTEX
8
L0D0
10
968.641
20
294.067
0
VERTEX
8
L0D0
10
966.5
20
291.299
0
VERTEX
8
L0D0
10
964.424
20
288.482
0
VERTEX
8
L0D0
10
962.413
20
285.618
0
VERTEX
8
L0D0
10
960.469
20
282.708
0
VERTEX
8
L0D0
10
958.592
20
279.754
0
VERTEX
8
L0D0
10
956.784
20
276.758
0
VERTEX
8
L0D0
10
955.046
20
273.721
0
VERTEX
8
L0D0
10
953.379
20
270.644
0
VERTEX
8
L0D0
10
951.783
20
267.529
0
VERTEX
8
L0D0
10
950.259
20
264.379
0
VERTEX
8
L0D0
10
948.809
20
261.194
0
VERTEX
8
L0D0
10
947.432
20
257.977
0
VERTEX
8
L0D0
10
946.13
20
254.728
0
VERTEX
8
L0D0
10
944.904
20
251.45
0
VERTEX
8
L0D0
10
943.754
20
248.145
0
VERTEX
8
L0D0
10
942.68
20
244.815
0
VERTEX
8
L0D0
10
941.683
20
241.46
0
VERTEX
8
L0D0
10
940.765
20
238.083
0
VERTEX
8
L0D0
10
939.924
20
234.686
0
VERTEX
8
L0D0
10
939.162
20
231.27
0
VERTEX
8
L0D0
10
938.48
20
227.838
0
VERTEX
8
L0D0
10
937.876
20
224.391
0
VERTEX
8
L0D0
10
937.353
20
220.931
0
VERTEX
8
L0D0
10
936.909
20
217.459
0
VERTEX
8
L0D0
10
936.546
20
213.979
0
VERTEX
8
L0D0
10
936.264
20
210.491
0
VERTEX
8
L0D0
10
936.062
20
206.997
0
VERTEX
8
L0D0
10
935.94
20
203.499
0
VERTEX
8
L0D0
10
935.9
20
200
0
VERTEX
8
L0D0
10
935.9
20
100
0
VERTEX
8
L0D0
10
935.94
20
96.501
0
VERTEX
8
L0D0
10
936.062
20
93.003
0
VERTEX
8
L0D0
10
936.264
20
89.509
0
VERTEX
8
L0D0
10
936.546
20
86.021
0
VERTEX
8
L0D0
10
936.909
20
82.541
0
VERTEX
8
L0D0
10
937.353
20
79.069
0
VERTEX
8
L0D0
10
937.876
20
75.609
0
VERTEX
8
L0D0
10
938.48
20
72.162
0
VERTEX
8
L0D0
10
939.162
20
68.73
0
VERTEX
8
L0D0
10
939.924
20
65.314
0
VERTEX
8
L0D0
10
940.765
20
61.917
0
VERTEX
8
L0D0
10
941.683
20
58.54
0
VERTEX
8
L0D0
10
942.68
20
55.185
0
VERTEX
8
L0D0
10
943.754
20
51.855
0
VERTEX
8
L0D0
10
944.904
20
48.55
0
VERTEX
8
L0D0
10
946.13
20
45.272
0
VERTEX
8
L0D0
10
947.432
20
42.023
0
VERTEX
8
L0D0
10
948.809
20
38.806
0
VERTEX
8
L0D0
10
950.259
20
35.621
0
VERTEX
8
L0D0
10
951.783
20
32.471
0
VERTEX
8
L0D0
10
953.379
20
29.356
0
VERTEX
8
L0D0
10
955.046
20
26.279
0
VERTEX
8
L0D0
10
956.784
20
23.242
0
VERTEX
8
L0D0
10
958.592
20
20.246
0
VERTEX
8
L0D0
10
960.469
20
17.292
0
VERTEX
8
L0D0
10
962.413
20
14.382
0
VERTEX
8
L0D0
10
964.424
20
11.518
0
VERTEX
8
L0D0
10
966.5
20
8.701
0
VERTEX
8
L0D0
10
968.641
20
5.933
0
VERTEX
8
L0D0
10
970.846
20
3.215
0
VERTEX
8
L0D0
10
973.113
20
0.548
0
VERTEX
8
L0D0
10
975.44
20
-2.065
0
VERTEX
8
L0D0
10
977.828
20
-4.624
0
VERTEX
8
L0D0
10
980.273
20
-7.127
0
VERTEX
8
L0D0
10
982.776
20
-9.572
0
VERTEX
8
L0D0
10
985.335
20
-11.96
0
VERTEX
8
L0D0
10
987.948
20
-14.287
0
VERTEX
8
L0D0
10
990.615
20
-16.554
0
VERTEX
8
L0D0
10
993.333
20
-18.759
0
VERTEX
8
L0D0
10
996.101
20
-20.9
0
VERTEX
8
L0D0
10
998.918
20
-22.976
0
VERTEX
8
L0D0
10
1001.782
20
-24.987
0
VERTEX
8
L0D0
10
1004.692
20
-26.931
0
VERTEX
8
L0D0
10
1007.646
20
-28.808
0
VERTEX
8
L0D0
10
1010.642
20
-30.616
0
VERTEX
8
L0D0
10
1013.679
20
-32.354
0
VERTEX
8
L0D0
10
1016.756
20
-34.021
0
VERTEX
8
L0D0
10
1019.871
20
-35.617
0
VERTEX
8
L0D0
10
1023.021
20
-37.141
0
VERTEX
8
L0D0
10
1026.206
20
-38.591
0
VERTEX
8
L0D0
10
1029.423
20
-39.968
0
VERTEX
8
L0D0
10
1032.672
20
-41.27
0
VERTEX
8
L0D0
10
1035.95
20
-42.496
0
VERTEX
8
L0D0
10
1039.255
20
-43.646
0
VERTEX
8
L0D0
10
1042.585
20
-44.72
0
VERTEX
8
L0D0
10
1045.94
20
-45.717
0
VERTEX
8
L0D0
10
1049.317
20
-46.635
0
VERTEX
8
L0D0
10
1052.714
20
-47.476
0
VERTEX
8
L0D0
10
1056.13
20
-48.238
0
VERTEX
8
L0D0
10
1059.562
20
-48.92
0
VERTEX
8
L0D0
10
1063.009
20
-49.524
0
VERTEX
8
L0D0
10
1066.469
20
-50.047
0
VERTEX
8
L0D0
10
1069.941
20
-50.491
0
VERTEX
8
L0D0
10
1073.421
20
-50.854
0
VERTEX
8
L0D0
10
1076.909
20
-51.136
0
VERTEX
8
L0D0
10
1080.403
20
-51.338
0
VERTEX
8
L0D0
10
1083.901
20
-51.46
0
VERTEX
8
L0D0
10
1087.4
20
-51.5
0
VERTEX
8
L0D0
10
1545.75
20
-51.5
0
VERTEX
8
L0D0
10
1549.18
20
-51.54
0
VERTEX
8
L0D0
10
1552.608
20
-51.658
0
VERTEX
8
L0D0
10
1556.033
20
-51.856
0
VERTEX
8
L0D0
10
1559.452
20
-52.133
0
VERTEX
8
L0D0
10
1562.864
20
-52.489
0
VERTEX
8
L0D0
10
1566.266
20
-52.924
0
VERTEX
8
L0D0
10
1569.658
20
-53.437
0
VERTEX
8
L0D0
10
1573.037
20
-54.028
0
VERTEX
8
L0D0
10
1576.401
20
-54.698
0
VERTEX
8
L0D0
10
1579.749
20
-55.444
0
VERTEX
8
L0D0
10
1583.079
20
-56.268
0
VERTEX
8
L0D0
10
1586.389
20
-57.169
0
VERTEX
8
L0D0
10
1589.677
20
-58.146
0
VERTEX
8
L0D0
10
1592.942
20
-59.198
0
VERTEX
8
L0D0
10
1596.182
20
-60.326
0
VERTEX
8
L0D0
10
1599.394
20
-61.528
0
VERTEX
8
L0D0
10
1602.578
20
-62.804
0
VERTEX
8
L0D0
10
1605.732
20
-64.153
0
VERTEX
8
L0D0
10
1608.854
20
-65.575
0
VERTEX
8
L0D0
10
1611.942
20
-67.068
0
VERTEX
8
L0D0
10
1614.995
20
-68.633
0
VERTEX
8
L0D0
10
1618.011
20
-70.267
0
VERTEX
8
L0D0
10
1620.988
20
-71.971
0
VERTEX
8
L0D0
10
1623.925
20
-73.743
0
VERTEX
8
L0D0
10
1626.821
20
-75.582
0
VERTEX
8
L0D0
10
1629.673
20
-77.488
0
VERTEX
8
L0D0
10
1632.48
20
-79.459
0
VERTEX
8
L0D0
10
1635.241
20
-81.494
0
VERTEX
8
L0D0
10
1637.955
20
-83.593
0
VERTEX
8
L0D0
10
1640.619
20
-85.754
0
VERTEX
8
L0D0
10
1643.232
20
-87.976
0
VERTEX
8
L0D0
10
1645.794
20
-90.257
0
VERTEX
8
L0D0
10
1648.302
20
-92.597
0
VERTEX
8
L0D0
10
1650.755
20
-94.995
0
VERTEX
8
L0D0
10
1653.153
20
-97.448
0
VERTEX
8
L0D0
10
1655.493
20
-99.956
0
VERTEX
8
L0D0
10
1657.774
20
-102.518
0
VERTEX
8
L0D0
10
1659.996
20
-105.131
0
VERTEX
8
L0D0
10
1662.157
20
-107.795
0
VERTEX
8
L0D0
10
1664.256
20
-110.509
0
VERTEX
8
L0D0
10
1666.291
20
-113.27
0
VERTEX
8
L0D0
10
1668.262
20
-116.077
0
VERTEX
8
L0D0
10
1670.168
20
-118.929
0
VERTEX
8
L0D0
10
1672.007
20
-121.825
0
VERTEX
8
L0D0
10
1673.779
20
-124.762
0
VERTEX
8
L0D0
10
1675.483
20
-127.739
0
VERTEX
8
L0D0
10
1677.117
20
-130.755
0
VERTEX
8
L0D0
10
1678.682
20
-133.808
0
VERTEX
8
L0D0
10
1680.175
20
-136.896
0
VERTEX
8
L0D0
10
1681.597
20
-140.018
0
VERTEX
8
L0D0
10
1682.946
20
-143.172
0
VERTEX
8
L0D0
10
1684.222
20
-146.356
0
VERTEX
8
L0D0
10
1685.424
20
-149.568
0
VERTEX
8
L0D0
10
1686.552
20
-152.808
0
VERTEX
8
L0D0
10
1687.604
20
-156.073
0
VERTEX
8
L0D0
10
1688.581
20
-159.361
0
VERTEX
8
L0D0
10
1689.482
20
-162.671
0
VERTEX
8
L0D0
10
1690.306
20
-166.001
0
VERTEX
8
L0D0
10
1691.052
20
-169.349
0
VERTEX
8
L0D0
10
1691.722
20
-172.713
0
VERTEX
8
L0D0
10
1692.313
20
-176.092
0
VERTEX
8
L0D0
10
1692.826
20
-179.484
0
VERTEX
8
L0D0
10
1693.261
20
-182.886
0
VERTEX
8
L0D0
10
1693.617
20
-186.298
0
VERTEX
8
L0D0
10
1693.894
20
-189.717
0
VERTEX
8
L0D0
10
1694.092
20
-193.142
0
VERTEX
8
L0D0
10
1694.21
20
-196.57
0
VERTEX
8
L0D0
10
1694.25
20
-200
0
VERTEX
8
L0D0
10
1694.25
20
-1950
0
VERTEX
8
L0D0
10
1694.21
20
-1953.43
0
VERTEX
8
L0D0
10
1694.092
20
-1956.858
0
VERTEX
8
L0D0
10
1693.894
20
-1960.283
0
VERTEX
8
L0D0
10
1693.617
20
-1963.702
0
VERTEX
8
L0D0
10
1693.261
20
-1967.114
0
VERTEX
8
L0D0
10
1692.826
20
-1970.516
0
VERTEX
8
L0D0
10
1692.313
20
-1973.908
0
VERTEX
8
L0D0
10
1691.722
20
-1977.287
0
VERTEX
8
L0D0
10
1691.052
20
-1980.651
0
VERTEX
8
L0D0
10
1690.306
20
-1983.999
0
VERTEX
8
L0D0
10
1689.482
20
-1987.329
0
VERTEX
8
L0D0
10
1688.581
20
-1990.639
0
VERTEX
8
L0D0
10
1687.604
20
-1993.927
0
VERTEX
8
L0D0
10
1686.552
20
-1997.192
0
VERTEX
8
L0D0
10
1685.424
20
-2000.432
0
VERTEX
8
L0D0
10
1684.222
20
-2003.644
0
VERTEX
8
L0D0
10
1682.946
20
-2006.828
0
VERTEX
8
L0D0
10
1681.597
20
-2009.982
0
VERTEX
8
L0D0
10
1680.175
20
-2013.104
0
VERTEX
8
L0D0
10
1678.682
20
-2016.192
0
VERTEX
8
L0D0
10
1677.117
20
-2019.245
0
VERTEX
8
L0D0
10
1675.483
20
-2022.261
0
VERTEX
8
L0D0
10
1673.779
20
-2025.238
0
VERTEX
8
L0D0
10
1672.007
20
-2028.175
0
VERTEX
8
L0D0
10
1670.168
20
-2031.071
0
VERTEX
8
L0D0
10
1668.262
20
-2033.923
0
VERTEX
8
L0D0
10
1666.291
20
-2036.73
0
VERTEX
8
L0D0
10
1664.256
20
-2039.491
0
VERTEX
8
L0D0
10
1662.157
20
-2042.205
0
VERTEX
8
L0D0
10
1659.996
20
-2044.869
0
VERTEX
8
L0D0
10
1657.774
20
-2047.482
0
VERTEX
8
L0D0
10
1655.493
20
-2050.044
0
VERTEX
8
L0D0
10
1653.153
20
-2052.552
0
VERTEX
8
L0D0
10
1650.755
20
-2055.005
0
VERTEX
8
L0D0
10
1648.302
20
-2057.403
0
VERTEX
8
L0D0
10
1645.794
20
-2059.743
0
VERTEX
8
L0D0
10
1643.232
20
-2062.024
0
VERTEX
8
L0D0
10
1640.619
20
-2064.246
0
VERTEX
8
L0D0
10
1637.955
20
-2066.407
0
VERTEX
8
L0D0
10
1635.241
20
-2068.506
0
VERTEX
8
L0D0
10
1632.48
20
-2070.541
0
VERTEX
8
L0D0
10
1629.673
20
-2072.512
0
VERTEX
8
L0D0
10
1626.821
20
-2074.418
0
VERTEX
8
L0D0
10
1623.925
20
-2076.257
0
VERTEX
8
L0D0
10
1620.988
20
-2078.029
0
VERTEX
8
L0D0
10
1618.011
20
-2079.733
0
VERTEX
8
L0D0
10
1614.995
20
-2081.367
0
VERTEX
8
L0D0
10
1611.942
20
-2082.932
0
VERTEX
8
L0D0
10
1608.854
20
-2084.425
0
VERTEX
8
L0D0
10
1605.732
20
-2085.847
0
VERTEX
8
L0D0
10
1602.578
20
-2087.196
0
VERTEX
8
L0D0
10
1599.394
20
-2088.472
0
VERTEX
8
L0D0
10
1596.182
20
-2089.674
0
VERTEX
8
L0D0
10
1592.942
20
-2090.802
0
VERTEX
8
L0D0
10
1589.677
20
-2091.854
0
VERTEX
8
L0D0
10
1586.389
20
-2092.831
0
VERTEX
8
L0D0
10
1583.079
20
-2093.732
0
VERTEX
8
L0D0
10
1579.749
20
-2094.556
0
VERTEX
8
L0D0
10
1576.401
20
-2095.302
0
VERTEX
8
L0D0
10
1573.037
20
-2095.972
0
VERTEX
8
L0D0
10
1569.658
20
-2096.563
0
VERTEX
8
L0D0
10
1566.266
20
-2097.076
0
VERTEX
8
L0D0
10
1562.864
20
-2097.511
0
VERTEX
8
L0D0
10
1559.452
20
-2097.867
0
VERTEX
8
L0D0
10
1556.033
20
-2098.144
0
VERTEX
8
L0D0
10
1552.608
20
-2098.342
0
VERTEX
8
L0D0
10
1549.18
20
-2098.46
0
VERTEX
8
L0D0
10
1545.75
20
-2098.5
0
SEQEND
0
POLYLINE
8
L0D0
70
1
40
0
41
0
66
1
0
VERTEX
8
L0D0
10
-2160
20
2040
0
VERTEX
8
L0D0
10
-2160
20
2090
0
VERTEX
8
L0D0
10
-2150
20
2090
0
VERTEX
8
L0D0
10
-2110
20
2090
0
VERTEX
8
L0D0
10
-2110
20
2050
0
VERTEX
8
L0D0
10
-2090
20
2050
0
VERTEX
8
L0D0
10
-2090
20
2090
0
VERTEX
8
L0D0
10
-2050
20
2090
0
VERTEX
8
L0D0
10
-2050
20
2110
0
VERTEX
8
L0D0
10
-2090
20
2110
0
VERTEX
8
L0D0
10
-2090
20
2150
0
VERTEX
8
L0D0
10
-2110
20
2150
0
VERTEX
8
L0D0
10
-2110
20
2110
0
VERTEX
8
L0D0
10
-2150
20
2110
0
VERTEX
8
L0D0
10
-2150
20
2090
0
VERTEX
8
L0D0
10
-2160
20
2090
0
VERTEX
8
L0D0
10
-2160
20
2160
0
VERTEX
8
L0D0
10
-2040
20
2160
0
VERTEX
8
L0D0
10
-2040
20
2040
0
SEQEND
0
POLYLINE
8
L0D0
70
1
40
0
41
0
66
1
0
VERTEX
8
L0D0
10
2040
20
2040
0
VERTEX
8
L0D0
10
2040
20
2090
0
VERTEX
8
L0D0
10
2050
20
2090
0
VERTEX
8
L0D0
10
2090
20
2090
0
VERTEX
8
L0D0
10
2090
20
2050
0
VERTEX
8
L0D0
10
2110
20
2050
0
VERTEX
8
L0D0
10
2110
20
2090
0
VERTEX
8
L0D0
10
2150
20
2090
0
VERTEX
8
L0D0
10
2150
20
2110
0
VERTEX
8
L0D0
10
2110
20
2110
0
VERTEX
8
L0D0
10
2110
20
2150
0
VERTEX
8
L0D0
10
2090
20
2150
0
VERTEX
8
L0D0
10
2090
20
2110
0
VERTEX
8
L0D0
10
2050
20
2110
0
VERTEX
8
L0D0
10
2050
20
2090
0
VERTEX
8
L0D0
10
2040
20
2090
0
VERTEX
8
L0D0
10
2040
20
2160
0
VERTEX
8
L0D0
10
2160
20
2160
0
VERTEX
8
L0D0
10
2160
20
2040
0
SEQEND
0
POLYLINE
8
L0D0
70
1
40
0
41
0
66
1
0
VERTEX
8
L0D0
10
2040
20
-2160
0
VERTEX
8
L0D0
10
2040
20
-2110
0
VERTEX
8
L0D0
10
2050
20
-2110
0
VERTEX
8
L0D0
10
2090
20
-2110
0
VERTEX
8
L0D0
10
2090
20
-2150
0
VERTEX
8
L0D0
10
2110
20
-2150
0
VERTEX
8
L0D0
10
2110
20
-2110
0
VERTEX
8
L0D0
10
2150
20
-2110
0
VERTEX
8
L0D0
10
2150
20
-2090
0
VERTEX
8
L0D0
10
2110
20
-2090
0
VERTEX
8
L0D0
10
2110
20
-2050
0
VERTEX
8
L0D0
10
2090
20
-2050
0
VERTEX
8
L0D0
10
2090
20
-2090
0
VERTEX
8
L0D0
10
2050
20
-2090
0
VERTEX
8
L0D0
10
2050
20
-2110
0
VERTEX
8
L0D0
10
2040
20
-2110
0
VERTEX
8
L0D0
10
2040
20
-2040
0
VERTEX
8
L0D0
10
2160
20
-2040
0
VERTEX
8
L0D0
10
2160
20
-2160
0
SEQEND
0
POLYLINE
8
L0D0
70
1
40
0
41
0
66
1
0
VERTEX
8
L0D0
10
-2160
20
-2160
0
VERTEX
8
L0D0
10
-2160
20
-2110
0
VERTEX
8
L0D0
10
-2150
20
-2110
0
VERTEX
8
L0D0
10
-2110
20
-2110
0
VERTEX
8
L0D0
10
-2110
20
-2150
0
VERTEX
8
L0D0
10
-2090
20
-2150
0
VERTEX
8
L0D0
10
-2090
20
-2110
0
VERTEX
8
L0D0
10
-2050
20
-2110
0
VERTEX
8
L0D0
10
-2050
20
-2090
0
VERTEX
8
L0D0
10
-2090
20
-2090
0
VERTEX
8
L0D0
10
-2090
20
-2050
0
VERTEX
8
L0D0
10
-2110
20
-2050
0
VERTEX
8
L0D0
10
-2110
20
-2090
0
VERTEX
8
L0D0
10
-2150
20
-2090
0
VERTEX
8
L0D0
10
-2150
20
-2110
0
VERTEX
8
L0D0
10
-2160
20
-2110
0
VERTEX
8
L0D0
10
-2160
20
-2040
0
VERTEX
8
L0D0
10
-2040
20
-2040
0
VERTEX
8
L0D0
10
-2040
20
-2160
0
SEQEND
0
POLYLINE
8
L1D0
70
1
40
0
41
0
66
1
0
VERTEX
8
L1D0
10
-106.329
20
666.538
0
VERTEX
8
L1D0
10
-112.797
20
666.601
0
VERTEX
8
L1D0
10
-116.934
20
666.727
0
VERTEX
8
L1D0
10
-123.318
20
666.979
0
VERTEX
8
L1D0
10
-130.108
20
667.567
0
VERTEX
8
L1D0
10
-136.702
20
668.533
0
VERTEX
8
L1D0
10
-143.359
20
670.213
0
VERTEX
8
L1D0
10
-149.19
20
672.152
0
VERTEX
8
L1D0
10
-155.007
20
674.735
0
VERTEX
8
L1D0
10
-160.824
20
677.906
0
VERTEX
8
L1D0
10
-163.603
20
679.978
0
VERTEX
8
L1D0
10
-166.228
20
681.791
0
VERTEX
8
L1D0
10
-170.239
20
685.739
0
VERTEX
8
L1D0
10
-173.865
20
690.142
0
VERTEX
8
L1D0
10
-177.162
20
695.63
0
VERTEX
8
L1D0
10
-178.387
20
699.893
0
VERTEX
8
L1D0
10
-179.094
20
703.645
0
VERTEX
8
L1D0
10
-179.164
20
706.102
0
VERTEX
8
L1D0
10
-179.164
20
709.126
0
VERTEX
8
L1D0
10
-178.779
20
712.948
0
VERTEX
8
L1D0
10
-178.191
20
717.148
0
VERTEX
8
L1D0
10
-177.225
20
722.573
0
VERTEX
8
L1D0
10
-176.119
20
728.068
0
VERTEX
8
L1D0
10
-173.662
20
738.155
0
VERTEX
8
L1D0
10
-172.822
20
741.515
0
VERTEX
8
L1D0
10
-170.869
20
748.739
0
VERTEX
8
L1D0
10
-169.315
20
753.646
0
VERTEX
8
L1D0
10
-167.775
20
759.337
0
VERTEX
8
L1D0
10
-166.41
20
764.125
0
VERTEX
8
L1D0
10
-164.541
20
770.194
0
VERTEX
8
L1D0
10
-162.322
20
778.069
0
VERTEX
8
L1D0
10
-160.516
20
782.654
0
VERTEX
8
L1D0
10
-159.088
20
787.442
0
VERTEX
8
L1D0
10
-157.863
20
791.383
0
VERTEX
8
L1D0
10
-154.237
20
801.722
0
VERTEX
8
L1D0
10
-152.823
20
806.062
0
VERTEX
8
L1D0
10
-150.667
20
811.466
0
VERTEX
8
L1D0
10
-148.21
20
817.997
0
VERTEX
8
L1D0
10
-146.271
20
823.688
0
VERTEX
8
L1D0
10
-144.136
20
829.246
0
VERTEX
8
L1D0
10
-141.868
20
834.874
0
VERTEX
8
L1D0
10
-138.109
20
844.618
0
VERTEX
8
L1D0
10
-135.456
20
850.946
0
VERTEX
8
L1D0
10
-134.035
20
854.761
0
VERTEX
8
L1D0
10
-129.835
20
865.429
0
VERTEX
8
L1D0
10
-127.896
20
870.14
0
VERTEX
8
L1D0
10
-125.677
20
875.761
0
VERTEX
8
L1D0
10
-123.612
20
880.15
0
VERTEX
8
L1D0
10
-121.344
20
885.449
0
VERTEX
8
L1D0
10
-118.761
20
891.595
0
VERTEX
8
L1D0
10
-116.304
20
896.957
0
VERTEX
8
L1D0
10
-113.847
20
902.515
0
VERTEX
8
L1D0
10
-111.432
20
907.471
0
VERTEX
8
L1D0
10
-109.815
20
911.293
0
VERTEX
8
L1D0
10
-108.009
20
914.45
0
VERTEX
8
L1D0
10
-106
20
918.79
0
VERTEX
8
L1D0
10
-103.669
20
923.704
0
VERTEX
8
L1D0
10
-100.764
20
928.87
0
VERTEX
8
L1D0
10
-98.16
20
933.623
0
VERTEX
8
L1D0
10
-93.771
20
941.197
0
VERTEX
8
L1D0
10
-90.271
20
947.399
0
VERTEX
8
L1D0
10
-87.429
20
952.376
0
VERTEX
8
L1D0
10
-85.098
20
956.191
0
VERTEX
8
L1D0
10
-82.249
20
960.65
0
VERTEX
8
L1D0
10
-79.197
20
965.809
0
VERTEX
8
L1D0
10
-75.963
20
970.849
0
VERTEX
8
L1D0
10
-73.24
20
975.308
0
VERTEX
8
L1D0
10
-70.846
20
979.06
0
VERTEX
8
L1D0
10
-67.878
20
984.625
0
VERTEX
8
L1D0
10
-64.833
20
989.728
0
VERTEX
8
L1D0
10
-61.599
20
995.279
0
VERTEX
8
L1D0
10
-58.54
20
1000.76
0
VERTEX
8
L1D0
10
-55.509
20
1007.417
0
VERTEX
8
L1D0
10
-52.597
20
1013.234
0
VERTEX
8
L1D0
10
-49.552
20
1019.632
0
VERTEX
8
L1D0
10
-45.142
20
1029.691
0
VERTEX
8
L1D0
10
-43.014
20
1034.731
0
VERTEX
8
L1D0
10
-38.877
20
1046.113
0
VERTEX
8
L1D0
10
-36.609
20
1052.504
0
VERTEX
8
L1D0
10
-30.253
20
1071.628
0
VERTEX
8
L1D0
10
-28.188
20
1076.339
0
VERTEX
8
L1D0
10
-25.731
20
1081.582
0
VERTEX
8
L1D0
10
-25.297
20
1083.185
0
VERTEX
8
L1D0
10
-21.013
20
1089.905
0
VERTEX
8
L1D0
10
-18.486
20
1092.922
0
VERTEX
8
L1D0
10
-15.945
20
1095.743
0
VERTEX
8
L1D0
10
-13.18
20
1098.046
0
VERTEX
8
L1D0
10
-10.653
20
1100.671
0
VERTEX
8
L1D0
10
-7.048
20
1103.198
0
VERTEX
8
L1D0
10
-4.906
20
1104.661
0
VERTEX
8
L1D0
10
-2.757
20
1106.026
0
VERTEX
8
L1D0
10
0.75
20
1107.776
0
VERTEX
8
L1D0
10
3.669
20
1109.141
0
VERTEX
8
L1D0
10
7.281
20
1110.604
0
VERTEX
8
L1D0
10
11.18
20
1112.06
0
VERTEX
8
L1D0
10
12.468
20
1112.48
0
VERTEX
8
L1D0
10
12.468
20
1090.591
0
VERTEX
8
L1D0
10
10.718
20
1089.919
0
VERTEX
8
L1D0
10
8.282
20
1088.428
0
VERTEX
8
L1D0
10
5.643
20
1086.265
0
VERTEX
8
L1D0
10
4.397
20
1084.97
0
VERTEX
8
L1D0
10
3.41
20
1083.962
0
VERTEX
8
L1D0
10
1.653
20
1082.345
0
VERTEX
8
L1D0
10
-0.58
20
1079.377
0
VERTEX
8
L1D0
10
-3.303
20
1075.079
0
VERTEX
8
L1D0
10
-8.098
20
1066.763
0
VERTEX
8
L1D0
10
-10.401
20
1061.492
0
VERTEX
8
L1D0
10
-12.76
20
1054.604
0
VERTEX
8
L1D0
10
-14.587
20
1048.927
0
VERTEX
8
L1D0
10
-16.687
20
1041.437
0
VERTEX
8
L1D0
10
-17.373
20
1038.196
0
VERTEX
8
L1D0
10
-18.85
20
1032.589
0
VERTEX
8
L1D0
10
-20.481
20
1026.233
0
VERTEX
8
L1D0
10
-21.832
20
1020.22
0
VERTEX
8
L1D0
10
-23.253
20
1014.41
0
VERTEX
8
L1D0
10
-26.515
20
1003
0
VERTEX
8
L1D0
10
-27.327
20
1000.438
0
VERTEX
8
L1D0
10
-28.741
20
996.854
0
VERTEX
8
L1D0
10
-30.022
20
993.137
0
VERTEX
8
L1D0
10
-31.24
20
989.959
0
VERTEX
8
L1D0
10
-31.576
20
987.32
0
VERTEX
8
L1D0
10
-31.576
20
985.633
0
VERTEX
8
L1D0
10
-30.981
20
984.485
0
VERTEX
8
L1D0
10
-29.763
20
983.603
0
VERTEX
8
L1D0
10
-27.46
20
982.994
0
VERTEX
8
L1D0
10
-24.891
20
982.595
0
VERTEX
8
L1D0
10
-15.126
20
982.714
0
VERTEX
8
L1D0
10
-8.847
20
982.574
0
VERTEX
8
L1D0
10
-4.171
20
982.441
0
VERTEX
8
L1D0
10
-1.063
20
981.832
0
VERTEX
8
L1D0
10
0.827
20
981.23
0
VERTEX
8
L1D0
10
2.99
20
979.193
0
VERTEX
8
L1D0
10
4.278
20
977.17
0
VERTEX
8
L1D0
10
6.231
20
973.922
0
VERTEX
8
L1D0
10
6.98
20
971.36
0
VERTEX
8
L1D0
10
7.323
20
968.686
0
VERTEX
8
L1D0
10
7.323
20
965.648
0
VERTEX
8
L1D0
10
6.924
20
962.939
0
VERTEX
8
L1D0
10
6.042
20
960.104
0
VERTEX
8
L1D0
10
4.761
20
957.269
0
VERTEX
8
L1D0
10
2.864
20
954.287
0
VERTEX
8
L1D0
10
-1.392
20
946.79
0
VERTEX
8
L1D0
10
-6.684
20
937.69
0
VERTEX
8
L1D0
10
-10.674
20
931.075
0
VERTEX
8
L1D0
10
-14.937
20
923.9
0
VERTEX
8
L1D0
10
-18.717
20
917.761
0
VERTEX
8
L1D0
10
-21.426
20
913.099
0
VERTEX
8
L1D0
10
-28.881
20
900.142
0
VERTEX
8
L1D0
10
-32.731
20
893.38
0
VERTEX
8
L1D0
10
-37.057
20
885.344
0
VERTEX
8
L1D0
10
-39.906
20
879.8
0
VERTEX
8
L1D0
10
-41.32
20
877.091
0
VERTEX
8
L1D0
10
-43.777
20
871.834
0
VERTEX
8
L1D0
10
-44.925
20
869.468
0
VERTEX
8
L1D0
10
-47.088
20
864.61
0
VERTEX
8
L1D0
10
-51.547
20
853.396
0
VERTEX
8
L1D0
10
-53.913
20
845.885
0
VERTEX
8
L1D0
10
-55.6
20
839.06
0
VERTEX
8
L1D0
10
-57.042
20
832.669
0
VERTEX
8
L1D0
10
-58.386
20
825.781
0
VERTEX
8
L1D0
10
-59.541
20
818.48
0
VERTEX
8
L1D0
10
-60.703
20
807.616
0
VERTEX
8
L1D0
10
-61.522
20
802.345
0
VERTEX
8
L1D0
10
-62.397
20
797.207
0
VERTEX
8
L1D0
10
-63.475
20
793.217
0
VERTEX
8
L1D0
10
-64.693
20
788.492
0
VERTEX
8
L1D0
10
-66.247
20
783.697
0
VERTEX
8
L1D0
10
-67.815
20
779.903
0
VERTEX
8
L1D0
10
-69.565
20
776.599
0
VERTEX
8
L1D0
10
-72.337
20
773.218
0
VERTEX
8
L1D0
10
-75.039
20
771.328
0
VERTEX
8
L1D0
10
-77.811
20
770.173
0
VERTEX
8
L1D0
10
-81.129
20
769.697
0
VERTEX
8
L1D0
10
-83.964
20
770.173
0
VERTEX
8
L1D0
10
-87.142
20
770.992
0
VERTEX
8
L1D0
10
-90.327
20
772.679
0
VERTEX
8
L1D0
10
-92.014
20
773.764
0
VERTEX
8
L1D0
10
-94.443
20
775.241
0
VERTEX
8
L1D0
10
-97.558
20
778.622
0
VERTEX
8
L1D0
10
-100.197
20
782.752
0
VERTEX
8
L1D0
10
-102.024
20
786.868
0
VERTEX
8
L1D0
10
-103.305
20
791.131
0
VERTEX
8
L1D0
10
-104.215
20
796.031
0
VERTEX
8
L1D0
10
-105.027
20
802.45
0
VERTEX
8
L1D0
10
-105.706
20
808.19
0
VERTEX
8
L1D0
10
-106.651
20
820.972
0
VERTEX
8
L1D0
10
-107.19
20
824.689
0
VERTEX
8
L1D0
10
-107.932
20
830.296
0
VERTEX
8
L1D0
10
-108.954
20
833.201
0
VERTEX
8
L1D0
10
-110.172
20
834.958
0
VERTEX
8
L1D0
10
-111.789
20
835.7
0
VERTEX
8
L1D0
10
-113.476
20
835.903
0
VERTEX
8
L1D0
10
-115.366
20
835.427
0
VERTEX
8
L1D0
10
-116.584
20
834.685
0
VERTEX
8
L1D0
10
-117.739
20
832.795
0
VERTEX
8
L1D0
10
-119.083
20
831.164
0
VERTEX
8
L1D0
10
-120.777
20
827.72
0
VERTEX
8
L1D0
10
-123.759
20
821.371
0
VERTEX
8
L1D0
10
-126.804
20
813.734
0
VERTEX
8
L1D0
10
-129.03
20
808.33
0
VERTEX
8
L1D0
10
-131.2
20
802.135
0
VERTEX
8
L1D0
10
-132.831
20
797.396
0
VERTEX
8
L1D0
10
-134.994
20
790.781
0
VERTEX
8
L1D0
10
-137.017
20
783.956
0
VERTEX
8
L1D0
10
-138.438
20
778.748
0
VERTEX
8
L1D0
10
-140.881
20
769.312
0
VERTEX
8
L1D0
10
-143.184
20
758.63
0
VERTEX
8
L1D0
10
-144.801
20
751.399
0
VERTEX
8
L1D0
10
-146.362
20
741.83
0
VERTEX
8
L1D0
10
-148.665
20
726.29
0
VERTEX
8
L1D0
10
-149.673
20
717.169
0
VERTEX
8
L1D0
10
-150.156
20
710.701
0
VERTEX
8
L1D0
10
-150.625
20
706.984
0
VERTEX
8
L1D0
10
-151.374
20
697.583
0
VERTEX
8
L1D0
10
-148.525
20
696.169
0
VERTEX
8
L1D0
10
-143.94
20
694.006
0
VERTEX
8
L1D0
10
-139.131
20
691.78
0
VERTEX
8
L1D0
10
-134.602
20
690.086
0
VERTEX
8
L1D0
10
-128.386
20
689.008
0
VERTEX
8
L1D0
10
-124.41
20
689.141
0
VERTEX
8
L1D0
10
-120.826
20
688.735
0
VERTEX
8
L1D0
10
-108.66
20
689.204
0
VERTEX
8
L1D0
10
-106.56
20
689.414
0
VERTEX
8
L1D0
10
-104.803
20
690.149
0
VERTEX
8
L1D0
10
-104.131
20
691.171
0
VERTEX
8
L1D0
10
-103.921
20
692.788
0
VERTEX
8
L1D0
10
-104.53
20
693.67
0
VERTEX
8
L1D0
10
-106.833
20
696.778
0
VERTEX
8
L1D0
10
-109.675
20
699.746
0
VERTEX
8
L1D0
10
-112.447
20
702.119
0
VERTEX
8
L1D0
10
-115.303
20
704.87
0
VERTEX
8
L1D0
10
-119.965
20
708.517
0
VERTEX
8
L1D0
10
-124.494
20
712.367
0
VERTEX
8
L1D0
10
-127.203
20
715.552
0
VERTEX
8
L1D0
10
-128.554
20
718.387
0
VERTEX
8
L1D0
10
-129.03
20
722.3
0
VERTEX
8
L1D0
10
-129.03
20
727.172
0
VERTEX
8
L1D0
10
-128.89
20
730.21
0
VERTEX
8
L1D0
10
-127.203
20
730.147
0
VERTEX
8
L1D0
10
-122.604
20
730.483
0
VERTEX
8
L1D0
10
-119.559
20
730.679
0
VERTEX
8
L1D0
10
-113.812
20
730.42
0
VERTEX
8
L1D0
10
-105.223
20
729.601
0
VERTEX
8
L1D0
10
-98.223
20
728.852
0
VERTEX
8
L1D0
10
-92.007
20
727.907
0
VERTEX
8
L1D0
10
-83.691
20
726.556
0
VERTEX
8
L1D0
10
-76.18
20
725.408
0
VERTEX
8
L1D0
10
-66.177
20
724.526
0
VERTEX
8
L1D0
10
-58.561
20
724.127
0
VERTEX
8
L1D0
10
-54.571
20
724.127
0
VERTEX
8
L1D0
10
-49.3
20
724.19
0
VERTEX
8
L1D0
10
-43.483
20
724.862
0
VERTEX
8
L1D0
10
-36.784
20
725.408
0
VERTEX
8
L1D0
10
-31.044
20
726.157
0
VERTEX
8
L1D0
10
-18.234
20
728.257
0
VERTEX
8
L1D0
10
-9.232
20
730.007
0
VERTEX
8
L1D0
10
-1.266
20
731.162
0
VERTEX
8
L1D0
10
5.223
20
732.506
0
VERTEX
8
L1D0
10
9.017
20
733.724
0
VERTEX
8
L1D0
10
16.976
20
736.384
0
VERTEX
8
L1D0
10
24.473
20
739.079
0
VERTEX
8
L1D0
10
40.629
20
744.553
0
VERTEX
8
L1D0
10
46.25
20
746.786
0
VERTEX
8
L1D0
10
54.671
20
749.215
0
VERTEX
8
L1D0
10
58.248
20
750.16
0
VERTEX
8
L1D0
10
62.91
20
750.496
0
VERTEX
8
L1D0
10
68.531
20
749.957
0
VERTEX
8
L1D0
10
72.99
20
748.676
0
VERTEX
8
L1D0
10
78.065
20
746.576
0
VERTEX
8
L1D0
10
82.517
20
743.741
0
VERTEX
8
L1D0
10
86.381
20
740.563
0
VERTEX
8
L1D0
10
89.447
20
736.622
0
VERTEX
8
L1D0
10
91.869
20
733.108
0
VERTEX
8
L1D0
10
94.305
20
728.978
0
VERTEX
8
L1D0
10
95.859
20
725.807
0
VERTEX
8
L1D0
10
99.38
20
721.075
0
VERTEX
8
L1D0
10
102.152
20
719.122
0
VERTEX
8
L1D0
10
103.706
20
718.576
0
VERTEX
8
L1D0
10
104.924
20
718.373
0
VERTEX
8
L1D0
10
107.283
20
720.263
0
VERTEX
8
L1D0
10
110.412
20
724.771
0
VERTEX
8
L1D0
10
117.783
20
737.399
0
VERTEX
8
L1D0
10
122.858
20
747.472
0
VERTEX
8
L1D0
10
125.973
20
754.073
0
VERTEX
8
L1D0
10
127.121
20
756.712
0
VERTEX
8
L1D0
10
129.144
20
761.234
0
VERTEX
8
L1D0
10
130.698
20
764.482
0
VERTEX
8
L1D0
10
132.056
20
767.926
0
VERTEX
8
L1D0
10
134.492
20
775.36
0
VERTEX
8
L1D0
10
135.024
20
778.069
0
VERTEX
8
L1D0
10
134.828
20
779.413
0
VERTEX
8
L1D0
10
133.82
20
779.882
0
VERTEX
8
L1D0
10
131.244
20
779.413
0
VERTEX
8
L1D0
10
127.667
20
777.992
0
VERTEX
8
L1D0
10
124.419
20
776.578
0
VERTEX
8
L1D0
10
118.833
20
774.205
0
VERTEX
8
L1D0
10
112.274
20
770.761
0
VERTEX
8
L1D0
10
105.309
20
767.849
0
VERTEX
8
L1D0
10
100.514
20
765.763
0
VERTEX
8
L1D0
10
93.213
20
763.936
0
VERTEX
8
L1D0
10
87.935
20
763.39
0
VERTEX
8
L1D0
10
84.428
20
763.936
0
VERTEX
8
L1D0
10
81.992
20
765.553
0
VERTEX
8
L1D0
10
79.892
20
768.059
0
VERTEX
8
L1D0
10
79.22
20
770.824
0
VERTEX
8
L1D0
10
79.829
20
776.774
0
VERTEX
8
L1D0
10
83.357
20
789.808
0
VERTEX
8
L1D0
10
85.107
20
795.884
0
VERTEX
8
L1D0
10
88.089
20
809.744
0
VERTEX
8
L1D0
10
89.846
20
820.825
0
VERTEX
8
L1D0
10
90.329
20
825.809
0
VERTEX
8
L1D0
10
90.728
20
830.674
0
VERTEX
8
L1D0
10
91.001
20
837.569
0
VERTEX
8
L1D0
10
91.197
20
844.534
0
VERTEX
8
L1D0
10
91.134
20
849.595
0
VERTEX
8
L1D0
10
90.861
20
855.335
0
VERTEX
8
L1D0
10
90.798
20
858.835
0
VERTEX
8
L1D0
10
89.979
20
870.119
0
VERTEX
8
L1D0
10
88.698
20
881.27
0
VERTEX
8
L1D0
10
87.956
20
887.017
0
VERTEX
8
L1D0
10
87.27
20
890.923
0
VERTEX
8
L1D0
10
86.535
20
894.164
0
VERTEX
8
L1D0
10
85.247
20
900.919
0
VERTEX
8
L1D0
10
83.763
20
907.877
0
VERTEX
8
L1D0
10
82.545
20
913.421
0
VERTEX
8
L1D0
10
80.781
20
921.191
0
VERTEX
8
L1D0
10
69.14
20
962.456
0
VERTEX
8
L1D0
10
67.649
20
967.867
0
VERTEX
8
L1D0
10
64.401
20
979.417
0
VERTEX
8
L1D0
10
62.238
20
985.766
0
VERTEX
8
L1D0
10
60.684
20
991.786
0
VERTEX
8
L1D0
10
59.249
20
996.973
0
VERTEX
8
L1D0
10
57.695
20
1003.385
0
VERTEX
8
L1D0
10
56.414
20
1010.56
0
VERTEX
8
L1D0
10
56.001
20
1017.245
0
VERTEX
8
L1D0
10
55.868
20
1022.047
0
VERTEX
8
L1D0
10
55.868
20
1027.85
0
VERTEX
8
L1D0
10
56.477
20
1033.394
0
VERTEX
8
L1D0
10
57.38
20
1036.964
0
VERTEX
8
L1D0
10
59.067
20
1040.821
0
VERTEX
8
L1D0
10
61.503
20
1044.125
0
VERTEX
8
L1D0
10
63.869
20
1046.701
0
VERTEX
8
L1D0
10
67.383
20
1049.669
0
VERTEX
8
L1D0
10
70.155
20
1051.895
0
VERTEX
8
L1D0
10
73.739
20
1054.394
0
VERTEX
8
L1D0
10
77.253
20
1056.088
0
VERTEX
8
L1D0
10
80.837
20
1057.502
0
VERTEX
8
L1D0
10
86.045
20
1058.993
0
VERTEX
8
L1D0
10
89.958
20
1060.078
0
VERTEX
8
L1D0
10
98.372
20
1061.926
0
VERTEX
8
L1D0
10
102.362
20
1062.598
0
VERTEX
8
L1D0
10
106.079
20
1063.417
0
VERTEX
8
L1D0
10
112.365
20
1064.635
0
VERTEX
8
L1D0
10
117.972
20
1065.979
0
VERTEX
8
L1D0
10
122.844
20
1066.994
0
VERTEX
8
L1D0
10
126.225
20
1068.415
0
VERTEX
8
L1D0
10
128.724
20
1069.493
0
VERTEX
8
L1D0
10
129.879
20
1070.641
0
VERTEX
8
L1D0
10
129.809
20
1071.796
0
VERTEX
8
L1D0
10
129.06
20
1072.538
0
VERTEX
8
L1D0
10
127.38
20
1073.077
0
VERTEX
8
L1D0
10
124.608
20
1073.483
0
VERTEX
8
L1D0
10
120.485
20
1073.686
0
VERTEX
8
L1D0
10
116.355
20
1074.022
0
VERTEX
8
L1D0
10
111.56
20
1074.155
0
VERTEX
8
L1D0
10
107.493
20
1074.358
0
VERTEX
8
L1D0
10
101.375
20
1074.232
0
VERTEX
8
L1D0
10
92.996
20
1074.365
0
VERTEX
8
L1D0
10
88.929
20
1074.302
0
VERTEX
8
L1D0
10
84.197
20
1074.169
0
VERTEX
8
L1D0
10
75.482
20
1073.756
0
VERTEX
8
L1D0
10
70.946
20
1073.287
0
VERTEX
8
L1D0
10
69.525
20
1072.888
0
VERTEX
8
L1D0
10
66.62
20
1072.552
0
VERTEX
8
L1D0
10
64.457
20
1073.147
0
VERTEX
8
L1D0
10
62.154
20
1074.365
0
VERTEX
8
L1D0
10
59.522
20
1076.668
0
VERTEX
8
L1D0
10
56.078
20
1079.573
0
VERTEX
8
L1D0
10
52.83
20
1082.135
0
VERTEX
8
L1D0
10
51.206
20
1083.08
0
VERTEX
8
L1D0
10
50.828
20
1082.821
0
VERTEX
8
L1D0
10
50.219
20
1082.555
0
VERTEX
8
L1D0
10
49.484
20
1081.267
0
VERTEX
8
L1D0
10
48.798
20
1078.901
0
VERTEX
8
L1D0
10
47.93
20
1073.161
0
VERTEX
8
L1D0
10
47.181
20
1070.459
0
VERTEX
8
L1D0
10
46.299
20
1068.359
0
VERTEX
8
L1D0
10
44.885
20
1066.196
0
VERTEX
8
L1D0
10
43.436
20
1064.509
0
VERTEX
8
L1D0
10
40.461
20
1062.283
0
VERTEX
8
L1D0
10
37.143
20
1060.652
0
VERTEX
8
L1D0
10
33.566
20
1059.77
0
VERTEX
8
L1D0
10
29.709
20
1059.644
0
VERTEX
8
L1D0
10
25.719
20
1060.519
0
VERTEX
8
L1D0
10
23.024
20
1062.01
0
VERTEX
8
L1D0
10
20.924
20
1063.564
0
VERTEX
8
L1D0
10
19.097
20
1065.251
0
VERTEX
8
L1D0
10
17.739
20
1066.945
0
VERTEX
8
L1D0
10
16.185
20
1069.64
0
VERTEX
8
L1D0
10
14.631
20
1073.294
0
VERTEX
8
L1D0
10
13.889
20
1076.402
0
VERTEX
8
L1D0
10
13.35
20
1080.245
0
VERTEX
8
L1D0
10
13.749
20
1082.954
0
VERTEX
8
L1D0
10
14.162
20
1084.648
0
VERTEX
8
L1D0
10
14.603
20
1085.593
0
VERTEX
8
L1D0
10
14.967
20
1086.398
0
VERTEX
8
L1D0
10
15.513
20
1088.365
0
VERTEX
8
L1D0
10
15.38
20
1089.17
0
VERTEX
8
L1D0
10
14.708
20
1089.779
0
VERTEX
8
L1D0
10
13.553
20
1090.388
0
VERTEX
8
L1D0
10
12.468
20
1090.591
0
VERTEX
8
L1D0
10
12.468
20
1112.48
0
VERTEX
8
L1D0
10
15.464
20
1113.425
0
VERTEX
8
L1D0
10
18.285
20
1114.013
0
VERTEX
8
L1D0
10
21.407
20
1114.307
0
VERTEX
8
L1D0
10
25.607
20
1114.405
0
VERTEX
8
L1D0
10
31.382
20
1114.265
0
VERTEX
8
L1D0
10
31.382
20
1093.384
0
VERTEX
8
L1D0
10
28.757
20
1092.964
0
VERTEX
8
L1D0
10
26.72
20
1092.215
0
VERTEX
8
L1D0
10
25.103
20
1091.221
0
VERTEX
8
L1D0
10
23.36
20
1089.926
0
VERTEX
8
L1D0
10
21.897
20
1088.435
0
VERTEX
8
L1D0
10
20.735
20
1086.65
0
VERTEX
8
L1D0
10
19.818
20
1084.865
0
VERTEX
8
L1D0
10
18.992
20
1082.786
0
VERTEX
8
L1D0
10
18.488
20
1081.127
0
VERTEX
8
L1D0
10
18.327
20
1079.671
0
VERTEX
8
L1D0
10
18.285
20
1077.634
0
VERTEX
8
L1D0
10
18.53
20
1076.269
0
VERTEX
8
L1D0
10
19.118
20
1075.933
0
VERTEX
8
L1D0
10
19.524
20
1076.311
0
VERTEX
8
L1D0
10
20.483
20
1077.137
0
VERTEX
8
L1D0
10
21.435
20
1078.754
0
VERTEX
8
L1D0
10
22.233
20
1080.413
0
VERTEX
8
L1D0
10
23.024
20
1081.834
0
VERTEX
8
L1D0
10
23.85
20
1083.122
0
VERTEX
8
L1D0
10
25.103
20
1084.613
0
VERTEX
8
L1D0
10
26.433
20
1085.74
0
VERTEX
8
L1D0
10
27.966
20
1086.65
0
VERTEX
8
L1D0
10
30.003
20
1087.525
0
VERTEX
8
L1D0
10
31.62
20
1087.735
0
VERTEX
8
L1D0
10
33.615
20
1087.735
0
VERTEX
8
L1D0
10
35.414
20
1087.357
0
VERTEX
8
L1D0
10
36.233
20
1086.895
0
VERTEX
8
L1D0
10
37.073
20
1086.398
0
VERTEX
8
L1D0
10
38.319
20
1085.488
0
VERTEX
8
L1D0
10
39.236
20
1084.529
0
VERTEX
8
L1D0
10
40.23
20
1083.241
0
VERTEX
8
L1D0
10
40.895
20
1081.75
0
VERTEX
8
L1D0
10
41.483
20
1080.091
0
VERTEX
8
L1D0
10
42.519
20
1077.466
0
VERTEX
8
L1D0
10
42.932
20
1076.185
0
VERTEX
8
L1D0
10
43.058
20
1081.204
0
VERTEX
8
L1D0
10
42.974
20
1082.996
0
VERTEX
8
L1D0
10
42.435
20
1085.11
0
VERTEX
8
L1D0
10
41.679
20
1087.105
0
VERTEX
8
L1D0
10
41.63
20
1087.21
0
VERTEX
8
L1D0
10
40.608
20
1089.226
0
VERTEX
8
L1D0
10
39.32
20
1090.64
0
VERTEX
8
L1D0
10
37.577
20
1091.921
0
VERTEX
8
L1D0
10
35.736
20
1092.838
0
VERTEX
8
L1D0
10
34.077
20
1093.174
0
VERTEX
8
L1D0
10
31.382
20
1093.384
0
VERTEX
8
L1D0
10
31.382
20
1114.265
0
VERTEX
8
L1D0
10
33.209
20
1114.216
0
VERTEX
8
L1D0
10
35.442
20
1114.013
0
VERTEX
8
L1D0
10
37.584
20
1113.719
0
VERTEX
8
L1D0
10
39.929
20
1113.53
0
VERTEX
8
L1D0
10
42.659
20
1113.131
0
VERTEX
8
L1D0
10
44.997
20
1112.557
0
VERTEX
8
L1D0
10
47.622
20
1111.78
0
VERTEX
8
L1D0
10
50.646
20
1110.604
0
VERTEX
8
L1D0
10
52.788
20
1109.533
0
VERTEX
8
L1D0
10
55.91
20
1107.776
0
VERTEX
8
L1D0
10
59.585
20
1105.018
0
VERTEX
8
L1D0
10
62.112
20
1102.778
0
VERTEX
8
L1D0
10
64.254
20
1100.93
0
VERTEX
8
L1D0
10
66.102
20
1099.18
0
VERTEX
8
L1D0
10
68.349
20
1096.835
0
VERTEX
8
L1D0
10
70.491
20
1094.497
0
VERTEX
8
L1D0
10
72.339
20
1092.551
0
VERTEX
8
L1D0
10
75.363
20
1089.233
0
VERTEX
8
L1D0
10
79.206
20
1089.464
0
VERTEX
8
L1D0
10
81.236
20
1089.667
0
VERTEX
8
L1D0
10
84.687
20
1090.052
0
VERTEX
8
L1D0
10
87.179
20
1090.255
0
VERTEX
8
L1D0
10
90.042
20
1090.556
0
VERTEX
8
L1D0
10
92.198
20
1090.661
0
VERTEX
8
L1D0
10
96.993
20
1090.787
0
VERTEX
8
L1D0
10
101.585
20
1090.822
0
VERTEX
8
L1D0
10
106.646
20
1090.535
0
VERTEX
8
L1D0
10
116.292
20
1089.632
0
VERTEX
8
L1D0
10
120.38
20
1089.023
0
VERTEX
8
L1D0
10
123.768
20
1088.33
0
VERTEX
8
L1D0
10
126.477
20
1087.931
0
VERTEX
8
L1D0
10
133.218
20
1086.286
0
VERTEX
8
L1D0
10
136.368
20
1085.278
0
VERTEX
8
L1D0
10
139.518
20
1084.193
0
VERTEX
8
L1D0
10
141.891
20
1083.241
0
VERTEX
8
L1D0
10
145.097
20
1081.799
0
VERTEX
8
L1D0
10
146.994
20
1080.728
0
VERTEX
8
L1D0
10
148.415
20
1079.846
0
VERTEX
8
L1D0
10
149.927
20
1078.726
0
VERTEX
8
L1D0
10
151.971
20
1076.815
0
VERTEX
8
L1D0
10
153.672
20
1074.092
0
VERTEX
8
L1D0
10
154.484
20
1071.845
0
VERTEX
8
L1D0
10
154.862
20
1069.885
0
VERTEX
8
L1D0
10
154.974
20
1068.422
0
VERTEX
8
L1D0
10
154.974
20
1067.05
0
VERTEX
8
L1D0
10
154.701
20
1065.923
0
VERTEX
8
L1D0
10
153.896
20
1064.579
0
VERTEX
8
L1D0
10
152.874
20
1063.235
0
VERTEX
8
L1D0
10
151.964
20
1062.409
0
VERTEX
8
L1D0
10
150.935
20
1061.513
0
VERTEX
8
L1D0
10
149.57
20
1060.582
0
VERTEX
8
L1D0
10
148.023
20
1059.616
0
VERTEX
8
L1D0
10
146.609
20
1058.818
0
VERTEX
8
L1D0
10
144.747
20
1057.894
0
VERTEX
8
L1D0
10
143.235
20
1057.18
0
VERTEX
8
L1D0
10
141.093
20
1056.277
0
VERTEX
8
L1D0
10
138.608
20
1055.332
0
VERTEX
8
L1D0
10
137.124
20
1054.828
0
VERTEX
8
L1D0
10
128.948
20
1052.357
0
VERTEX
8
L1D0
10
124.076
20
1051.013
0
VERTEX
8
L1D0
10
118.203
20
1049.767
0
VERTEX
8
L1D0
10
113.772
20
1048.78
0
VERTEX
8
L1D0
10
109.425
20
1047.709
0
VERTEX
8
L1D0
10
106.653
20
1046.939
0
VERTEX
8
L1D0
10
104.007
20
1046.183
0
VERTEX
8
L1D0
10
100.556
20
1045.28
0
VERTEX
8
L1D0
10
97.434
20
1044.146
0
VERTEX
8
L1D0
10
93.675
20
1042.655
0
VERTEX
8
L1D0
10
91.064
20
1041.346
0
VERTEX
8
L1D0
10
88.383
20
1040.086
0
VERTEX
8
L1D0
10
85.856
20
1038.455
0
VERTEX
8
L1D0
10
83.42
20
1036.6
0
VERTEX
8
L1D0
10
82.328
20
1035.599
0
VERTEX
8
L1D0
10
80.928
20
1034.248
0
VERTEX
8
L1D0
10
79.976
20
1033.121
0
VERTEX
8
L1D0
10
77.876
20
1030.307
0
VERTEX
8
L1D0
10
76.728
20
1028.291
0
VERTEX
8
L1D0
10
75.545
20
1025.645
0
VERTEX
8
L1D0
10
74.586
20
1023.097
0
VERTEX
8
L1D0
10
74.033
20
1021.039
0
VERTEX
8
L1D0
10
73.893
20
1019.534
0
VERTEX
8
L1D0
10
73.76
20
1017.203
0
VERTEX
8
L1D0
10
73.781
20
1015.075
0
VERTEX
8
L1D0
10
74.103
20
1011.596
0
VERTEX
8
L1D0
10
74.565
20
1009.034
0
VERTEX
8
L1D0
10
75.216
20
1006.157
0
VERTEX
8
L1D0
10
75.867
20
1003.7
0
VERTEX
8
L1D0
10
76.616
20
1001.138
0
VERTEX
8
L1D0
10
77.435
20
998.45
0
VERTEX
8
L1D0
10
78.555
20
994.894
0
VERTEX
8
L1D0
10
81.285
20
986.872
0
VERTEX
8
L1D0
10
82.734
20
983.029
0
VERTEX
8
L1D0
10
83.861
20
979.648
0
VERTEX
8
L1D0
10
84.806
20
977.114
0
VERTEX
8
L1D0
10
92.394
20
956.401
0
VERTEX
8
L1D0
10
96.839
20
953.258
0
VERTEX
8
L1D0
10
100.724
20
950.668
0
VERTEX
8
L1D0
10
108.48
20
945.418
0
VERTEX
8
L1D0
10
113.366
20
942.226
0
VERTEX
8
L1D0
10
121.815
20
936.304
0
VERTEX
8
L1D0
10
130.481
20
929.864
0
VERTEX
8
L1D0
10
139.532
20
922.43
0
VERTEX
8
L1D0
10
143.907
20
918.44
0
VERTEX
8
L1D0
10
146.28
20
916.144
0
VERTEX
8
L1D0
10
150.032
20
912.245
0
VERTEX
8
L1D0
10
155.03
20
906.778
0
VERTEX
8
L1D0
10
157.956
20
903.299
0
VERTEX
8
L1D0
10
161.043
20
899.015
0
VERTEX
8
L1D0
10
163.731
20
895.382
0
VERTEX
8
L1D0
10
165.635
20
892.127
0
VERTEX
8
L1D0
10
167.672
20
888.347
0
VERTEX
8
L1D0
10
168.519
20
886.667
0
VERTEX
8
L1D0
10
169.212
20
884.903
0
VERTEX
8
L1D0
10
169.73
20
883.223
0
VERTEX
8
L1D0
10
170.045
20
881.459
0
VERTEX
8
L1D0
10
170.073
20
880.003
0
VERTEX
8
L1D0
10
169.856
20
878.701
0
VERTEX
8
L1D0
10
169.541
20
877.903
0
VERTEX
8
L1D0
10
168.96
20
876.881
0
VERTEX
8
L1D0
10
167.945
20
875.803
0
VERTEX
8
L1D0
10
166.769
20
874.942
0
VERTEX
8
L1D0
10
165.656
20
874.34
0
VERTEX
8
L1D0
10
164.214
20
873.857
0
VERTEX
8
L1D0
10
162.534
20
873.206
0
VERTEX
8
L1D0
10
161.001
20
872.863
0
VERTEX
8
L1D0
10
159.72
20
872.597
0
VERTEX
8
L1D0
10
158.187
20
872.345
0
VERTEX
8
L1D0
10
156.192
20
872.219
0
VERTEX
8
L1D0
10
153.672
20
872.254
0
VERTEX
8
L1D0
10
151.425
20
872.317
0
VERTEX
8
L1D0
10
146.882
20
873.185
0
VERTEX
8
L1D0
10
141.198
20
874.669
0
VERTEX
8
L1D0
10
134.849
20
876.727
0
VERTEX
8
L1D0
10
129.249
20
878.869
0
VERTEX
8
L1D0
10
122.739
20
881.501
0
VERTEX
8
L1D0
10
116.964
20
883.811
0
VERTEX
8
L1D0
10
111.945
20
885.869
0
VERTEX
8
L1D0
10
111.777
20
880.85
0
VERTEX
8
L1D0
10
111.441
20
866.297
0
VERTEX
8
L1D0
10
110.909
20
852.304
0
VERTEX
8
L1D0
10
110.51
20
839.242
0
VERTEX
8
L1D0
10
110.027
20
828.7
0
VERTEX
8
L1D0
10
109.859
20
824.57
0
VERTEX
8
L1D0
10
108.872
20
814.049
0
VERTEX
8
L1D0
10
108.452
20
811.564
0
VERTEX
8
L1D0
10
107.64
20
807.133
0
VERTEX
8
L1D0
10
106.688
20
803.465
0
VERTEX
8
L1D0
10
105.47
20
798.586
0
VERTEX
8
L1D0
10
103.979
20
790.186
0
VERTEX
8
L1D0
10
104.007
20
784.6
0
VERTEX
8
L1D0
10
107.661
20
786.322
0
VERTEX
8
L1D0
10
110.349
20
787.666
0
VERTEX
8
L1D0
10
115.998
20
790.403
0
VERTEX
8
L1D0
10
121.367
20
793.042
0
VERTEX
8
L1D0
10
126.533
20
795.184
0
VERTEX
8
L1D0
10
132.119
20
797.284
0
VERTEX
8
L1D0
10
136.214
20
798.404
0
VERTEX
8
L1D0
10
138.062
20
798.817
0
VERTEX
8
L1D0
10
140.897
20
799.391
0
VERTEX
8
L1D0
10
142.059
20
799.531
0
VERTEX
8
L1D0
10
145.923
20
799.909
0
VERTEX
8
L1D0
10
147.26
20
799.909
0
VERTEX
8
L1D0
10
149.822
20
799.846
0
VERTEX
8
L1D0
10
151.355
20
799.748
0
VERTEX
8
L1D0
10
154.323
20
799.223
0
VERTEX
8
L1D0
10
156.773
20
798.586
0
VERTEX
8
L1D0
10
159.153
20
797.711
0
VERTEX
8
L1D0
10
160.973
20
796.724
0
VERTEX
8
L1D0
10
162.422
20
795.268
0
VERTEX
8
L1D0
10
163.059
20
793.462
0
VERTEX
8
L1D0
10
163.416
20
791.719
0
VERTEX
8
L1D0
10
163.353
20
789.157
0
VERTEX
8
L1D0
10
163.059
20
786.763
0
VERTEX
8
L1D0
10
162.891
20
784.495
0
VERTEX
8
L1D0
10
162.422
20
782.444
0
VERTEX
8
L1D0
10
161.778
20
780.176
0
VERTEX
8
L1D0
10
160.847
20
777.908
0
VERTEX
8
L1D0
10
159.51
20
774.527
0
VERTEX
8
L1D0
10
152.013
20
757.454
0
VERTEX
8
L1D0
10
147.876
20
749.054
0
VERTEX
8
L1D0
10
146
20
744.854
0
VERTEX
8
L1D0
10
143.214
20
739.751
0
VERTEX
8
L1D0
10
140.568
20
734.711
0
VERTEX
8
L1D0
10
138.951
20
731.414
0
VERTEX
8
L1D0
10
134.786
20
723.994
0
VERTEX
8
L1D0
10
132.077
20
719.395
0
VERTEX
8
L1D0
10
128.717
20
714.103
0
VERTEX
8
L1D0
10
124.251
20
707.446
0
VERTEX
8
L1D0
10
121.409
20
704.212
0
VERTEX
8
L1D0
10
118.56
20
701.041
0
VERTEX
8
L1D0
10
115.781
20
698.521
0
VERTEX
8
L1D0
10
112.61
20
696.652
0
VERTEX
8
L1D0
10
110.517
20
695.588
0
VERTEX
8
L1D0
10
107.22
20
694.874
0
VERTEX
8
L1D0
10
103.86
20
695.266
0
VERTEX
8
L1D0
10
101.018
20
696.554
0
VERTEX
8
L1D0
10
99.527
20
697.457
0
VERTEX
8
L1D0
10
98.169
20
698.563
0
VERTEX
8
L1D0
10
96.356
20
700.495
0
VERTEX
8
L1D0
10
91.967
20
705.542
0
VERTEX
8
L1D0
10
89.51
20
709.294
0
VERTEX
8
L1D0
10
84.911
20
716.077
0
VERTEX
8
L1D0
10
83
20
718.94
0
VERTEX
8
L1D0
10
81.131
20
720.886
0
VERTEX
8
L1D0
10
79.311
20
723.469
0
VERTEX
8
L1D0
10
77.694
20
724.883
0
VERTEX
8
L1D0
10
75.377
20
727.018
0
VERTEX
8
L1D0
10
72.983
20
728.831
0
VERTEX
8
L1D0
10
70.463
20
730.637
0
VERTEX
8
L1D0
10
65.675
20
729.02
0
VERTEX
8
L1D0
10
61.601
20
727.606
0
VERTEX
8
L1D0
10
56.547
20
725.786
0
VERTEX
8
L1D0
10
52.928
20
724.631
0
VERTEX
8
L1D0
10
48.854
20
723.203
0
VERTEX
8
L1D0
10
45.753
20
722.174
0
VERTEX
8
L1D0
10
37.815
20
719.584
0
VERTEX
8
L1D0
10
30.311
20
717.512
0
VERTEX
8
L1D0
10
14.463
20
713.578
0
VERTEX
8
L1D0
10
8.912
20
712.535
0
VERTEX
8
L1D0
10
2.444
20
711.506
0
VERTEX
8
L1D0
10
-1.567
20
710.918
0
VERTEX
8
L1D0
10
-10.086
20
709.882
0
VERTEX
8
L1D0
10
-16.687
20
709.364
0
VERTEX
8
L1D0
10
-26.13
20
708.853
0
VERTEX
8
L1D0
10
-30.918
20
708.65
0
VERTEX
8
L1D0
10
-39.129
20
708.202
0
VERTEX
8
L1D0
10
-45.849
20
708.265
0
VERTEX
8
L1D0
10
-56.244
20
708.265
0
VERTEX
8
L1D0
10
-66.912
20
708.328
0
VERTEX
8
L1D0
10
-75.774
20
708.853
0
VERTEX
8
L1D0
10
-81.01
20
709.042
0
VERTEX
8
L1D0
10
-87.282
20
709.756
0
VERTEX
8
L1D0
10
-92.476
20
710.141
0
VERTEX
8
L1D0
10
-94.87
20
710.071
0
VERTEX
8
L1D0
10
-96.424
20
710.071
0
VERTEX
8
L1D0
10
-96.676
20
709.553
0
VERTEX
8
L1D0
10
-95.836
20
707.747
0
VERTEX
8
L1D0
10
-92.217
20
704.387
0
VERTEX
8
L1D0
10
-88.668
20
700.957
0
VERTEX
8
L1D0
10
-86.337
20
698.311
0
VERTEX
8
L1D0
10
-83.817
20
694.888
0
VERTEX
8
L1D0
10
-81.486
20
691.325
0
VERTEX
8
L1D0
10
-79.029
20
686.026
0
VERTEX
8
L1D0
10
-78.637
20
684.346
0
VERTEX
8
L1D0
10
-78.511
20
682.183
0
VERTEX
8
L1D0
10
-79.099
20
678.809
0
VERTEX
8
L1D0
10
-80.205
20
675.26
0
VERTEX
8
L1D0
10
-81.822
20
672.292
0
VERTEX
8
L1D0
10
-83.95
20
670.22
0
VERTEX
8
L1D0
10
-85.959
20
669.058
0
VERTEX
8
L1D0
10
-88.927
20
668.092
0
VERTEX
8
L1D0
10
-92.161
20
667.315
0
VERTEX
8
L1D0
10
-96.109
20
666.923
0
VERTEX
8
L1D0
10
-101.541
20
666.664
0
SEQEND
0
ENDSEC
0
EOF
